source,recipient,issueDomain,amount,flowType,traceability,largeDonorShare,sourceRecordId,sourceUrl,committeeType,spendingPurpose,supportOppose,disclosureLag
BERGER ACTION FUND INC,Opaque issue-advocacy capacity,democracy,2.4781,DARK_MONEY,0.1200,0.7400,208948868,https://www.irs.gov/pub/irs-soi/eo_dc.csv,501(c)(4) capacity proxy,opaque nonprofit advocacy capacity proxy,,0.5500
AMERICAN PETROLEUM INSTITUTE,Opaque issue-advocacy capacity,democracy,1.5140,DARK_MONEY,0.2400,0.6400,130433430,https://www.irs.gov/pub/irs-soi/eo_dc.csv,501(c)(6) capacity proxy,opaque nonprofit advocacy capacity proxy,,0.5500
AMERICAN BANKERS ASSOCIATION,Opaque issue-advocacy capacity,finance,1.0525,DARK_MONEY,0.2400,0.6400,521001304,https://www.irs.gov/pub/irs-soi/eo_dc.csv,501(c)(6) capacity proxy,opaque nonprofit advocacy capacity proxy,,0.5500
AB FOUNDATION,Opaque issue-advocacy capacity,democracy,0.8949,DARK_MONEY,0.1200,0.7400,275278038,https://www.irs.gov/pub/irs-soi/eo_dc.csv,501(c)(4) capacity proxy,opaque nonprofit advocacy capacity proxy,,0.5500
NATIONAL RESTAURANT ASSOCIATION,Opaque issue-advocacy capacity,democracy,0.6990,DARK_MONEY,0.2400,0.6400,361525480,https://www.irs.gov/pub/irs-soi/eo_dc.csv,501(c)(6) capacity proxy,opaque nonprofit advocacy capacity proxy,,0.5500
AMERICAN ACTION NETWORK INC,Opaque issue-advocacy capacity,democracy,0.6841,DARK_MONEY,0.1200,0.7400,270730508,https://www.irs.gov/pub/irs-soi/eo_dc.csv,501(c)(4) capacity proxy,opaque nonprofit advocacy capacity proxy,,0.5500
CTIA-THE WIRELESS ASSOCIATION,Opaque issue-advocacy capacity,democracy,0.6259,DARK_MONEY,0.2400,0.6400,521347628,https://www.irs.gov/pub/irs-soi/eo_dc.csv,501(c)(6) capacity proxy,opaque nonprofit advocacy capacity proxy,,0.5500
CREDIT UNION NATIONAL ASSOCIATION INC,Opaque issue-advocacy capacity,finance,0.6235,DARK_MONEY,0.2400,0.6400,237065623,https://www.irs.gov/pub/irs-soi/eo_dc.csv,501(c)(6) capacity proxy,opaque nonprofit advocacy capacity proxy,,0.5500
EDISON ELECTRIC INSTITUTE,Opaque issue-advocacy capacity,energy,0.6109,DARK_MONEY,0.2400,0.6400,130659550,https://www.irs.gov/pub/irs-soi/eo_dc.csv,501(c)(6) capacity proxy,opaque nonprofit advocacy capacity proxy,,0.5500
INVESTMENT COMPANY INSTITUTE,Opaque issue-advocacy capacity,democracy,0.4990,DARK_MONEY,0.2400,0.6400,135266605,https://www.irs.gov/pub/irs-soi/eo_dc.csv,501(c)(6) capacity proxy,opaque nonprofit advocacy capacity proxy,,0.5500
AMERICAN COUNCIL OF LIFE INSURERS INC,Opaque issue-advocacy capacity,democracy,0.4637,DARK_MONEY,0.2400,0.6400,521044350,https://www.irs.gov/pub/irs-soi/eo_dc.csv,501(c)(6) capacity proxy,opaque nonprofit advocacy capacity proxy,,0.5500
CENTER FOR VOTER INFORMATION,Opaque issue-advocacy capacity,democracy,0.4493,DARK_MONEY,0.1200,0.7400,030554750,https://www.irs.gov/pub/irs-soi/eo_dc.csv,501(c)(4) capacity proxy,opaque nonprofit advocacy capacity proxy,,0.5500
ELECTRONIC PAYMENTS COALITION INC,Opaque issue-advocacy capacity,democracy,0.4366,DARK_MONEY,0.2400,0.6400,474908678,https://www.irs.gov/pub/irs-soi/eo_dc.csv,501(c)(6) capacity proxy,opaque nonprofit advocacy capacity proxy,,0.5500
THE FAIRNESS PROJECT,Opaque issue-advocacy capacity,democracy,0.3998,DARK_MONEY,0.1200,0.7400,371779557,https://www.irs.gov/pub/irs-soi/eo_dc.csv,501(c)(4) capacity proxy,opaque nonprofit advocacy capacity proxy,,0.5500
NATIONAL ASSOCIATION OF MANUFACTURERS OF THE USA,Opaque issue-advocacy capacity,democracy,0.3703,DARK_MONEY,0.2400,0.6400,131084330,https://www.irs.gov/pub/irs-soi/eo_dc.csv,501(c)(6) capacity proxy,opaque nonprofit advocacy capacity proxy,,0.5500
MORTGAGE BANKERS ASSOCIATION OF AMERICA,Opaque issue-advocacy capacity,finance,0.3579,DARK_MONEY,0.2400,0.6400,361505650,https://www.irs.gov/pub/irs-soi/eo_dc.csv,501(c)(6) capacity proxy,opaque nonprofit advocacy capacity proxy,,0.5500
NUCLEAR ENERGY INSTITUTE INC,Opaque issue-advocacy capacity,energy,0.3562,DARK_MONEY,0.2400,0.6400,521209124,https://www.irs.gov/pub/irs-soi/eo_dc.csv,501(c)(6) capacity proxy,opaque nonprofit advocacy capacity proxy,,0.5500
PLASTICS INDUSTRY ASSOCIATION INC,Opaque issue-advocacy capacity,democracy,0.3515,DARK_MONEY,0.2400,0.6400,131325282,https://www.irs.gov/pub/irs-soi/eo_dc.csv,501(c)(6) capacity proxy,opaque nonprofit advocacy capacity proxy,,0.5500
ADVANCED MEDICAL TECHNOLOGY ASSOCIATION,Opaque issue-advocacy capacity,technology,0.3287,DARK_MONEY,0.2400,0.6400,521006053,https://www.irs.gov/pub/irs-soi/eo_dc.csv,501(c)(6) capacity proxy,opaque nonprofit advocacy capacity proxy,,0.5500
PHARMACEUTICAL CARE MANAGEMENT ASSOCIATION,Opaque issue-advocacy capacity,democracy,0.3251,DARK_MONEY,0.2400,0.6400,383676760,https://www.irs.gov/pub/irs-soi/eo_dc.csv,501(c)(6) capacity proxy,opaque nonprofit advocacy capacity proxy,,0.5500
CENTER FOR AMERICAN PROGRESS ACTION FUND,Opaque issue-advocacy capacity,democracy,0.2686,DARK_MONEY,0.1200,0.7400,300192708,https://www.irs.gov/pub/irs-soi/eo_dc.csv,501(c)(4) capacity proxy,opaque nonprofit advocacy capacity proxy,,0.5500
AMERICAN GAS ASSOCIATION,Opaque issue-advocacy capacity,energy,0.2539,DARK_MONEY,0.2400,0.6400,130431590,https://www.irs.gov/pub/irs-soi/eo_dc.csv,501(c)(6) capacity proxy,opaque nonprofit advocacy capacity proxy,,0.5500
ENTERTAINMENT SOFTWARE ASSOCIATION,Opaque issue-advocacy capacity,technology,0.2444,DARK_MONEY,0.2400,0.6400,133768378,https://www.irs.gov/pub/irs-soi/eo_dc.csv,501(c)(6) capacity proxy,opaque nonprofit advocacy capacity proxy,,0.5500
NATIONAL ASSOCIATION OF SOCIAL WORKERS INC,Opaque issue-advocacy capacity,democracy,0.2289,DARK_MONEY,0.2400,0.6400,135643515,https://www.irs.gov/pub/irs-soi/eo_dc.csv,501(c)(6) capacity proxy,opaque nonprofit advocacy capacity proxy,,0.5500
SOLAR ENERGY INDUSTRIES ASSOCIATION INC,Opaque issue-advocacy capacity,energy,0.2257,DARK_MONEY,0.2400,0.6400,521072179,https://www.irs.gov/pub/irs-soi/eo_dc.csv,501(c)(6) capacity proxy,opaque nonprofit advocacy capacity proxy,,0.5500
CRUISE LINES INTERNATIONAL ASSOCIATION INC,Opaque issue-advocacy capacity,democracy,0.2230,DARK_MONEY,0.2400,0.6400,132600946,https://www.irs.gov/pub/irs-soi/eo_dc.csv,501(c)(6) capacity proxy,opaque nonprofit advocacy capacity proxy,,0.5500
RECORD INDUSTRY ASSOCIATION OF AMERICA INC,Opaque issue-advocacy capacity,democracy,0.2228,DARK_MONEY,0.2400,0.6400,131669037,https://www.irs.gov/pub/irs-soi/eo_dc.csv,501(c)(6) capacity proxy,opaque nonprofit advocacy capacity proxy,,0.5500
ALLIANCE FOR REGENERATIVE MEDICINE,Opaque issue-advocacy capacity,democracy,0.2213,DARK_MONEY,0.1200,0.7400,270486705,https://www.irs.gov/pub/irs-soi/eo_dc.csv,501(c)(4) capacity proxy,opaque nonprofit advocacy capacity proxy,,0.5500
NATIONAL ASSOCIATION OF REAL ESTATE INVESTMENT TRUST INC,Opaque issue-advocacy capacity,democracy,0.2185,DARK_MONEY,0.2400,0.6400,273586050,https://www.irs.gov/pub/irs-soi/eo_dc.csv,501(c)(6) capacity proxy,opaque nonprofit advocacy capacity proxy,,0.5500
FUTURES INDUSTRY ASSOCIATION,Opaque issue-advocacy capacity,democracy,0.2165,DARK_MONEY,0.2400,0.6400,135642275,https://www.irs.gov/pub/irs-soi/eo_dc.csv,501(c)(6) capacity proxy,opaque nonprofit advocacy capacity proxy,,0.5500
BANK POLICY INSTITUTE,Opaque issue-advocacy capacity,finance,0.2119,DARK_MONEY,0.2400,0.6400,360753125,https://www.irs.gov/pub/irs-soi/eo_dc.csv,501(c)(6) capacity proxy,opaque nonprofit advocacy capacity proxy,,0.5500
AMERICAN ASSOCIATION FOR JUSTICE,Opaque issue-advocacy capacity,democracy,0.2074,DARK_MONEY,0.2400,0.6400,042114561,https://www.irs.gov/pub/irs-soi/eo_dc.csv,501(c)(6) capacity proxy,opaque nonprofit advocacy capacity proxy,,0.5500
BETTER MEDICARE ALLIANCE INC,Opaque issue-advocacy capacity,democracy,0.2061,DARK_MONEY,0.1200,0.7400,474633356,https://www.irs.gov/pub/irs-soi/eo_dc.csv,501(c)(4) capacity proxy,opaque nonprofit advocacy capacity proxy,,0.5500
INSTITUTE OF INTERNATIONAL FINANCE INC,Opaque issue-advocacy capacity,finance,0.2050,DARK_MONEY,0.2400,0.6400,521289843,https://www.irs.gov/pub/irs-soi/eo_dc.csv,501(c)(6) capacity proxy,opaque nonprofit advocacy capacity proxy,,0.5500
AMERICAN PUBLIC TRANSIT ASSOCIATION,Opaque issue-advocacy capacity,democracy,0.2013,DARK_MONEY,0.2400,0.6400,521007647,https://www.irs.gov/pub/irs-soi/eo_dc.csv,501(c)(6) capacity proxy,opaque nonprofit advocacy capacity proxy,,0.5500
NATIONAL CONFECTIONERS ASSOCIATION,Opaque issue-advocacy capacity,democracy,0.1950,DARK_MONEY,0.2400,0.6400,361521980,https://www.irs.gov/pub/irs-soi/eo_dc.csv,501(c)(6) capacity proxy,opaque nonprofit advocacy capacity proxy,,0.5500
INTERNATIONAL BAR ASSOCIATION,Opaque issue-advocacy capacity,democracy,0.1893,DARK_MONEY,0.2400,0.6400,131660722,https://www.irs.gov/pub/irs-soi/eo_dc.csv,501(c)(6) capacity proxy,opaque nonprofit advocacy capacity proxy,,0.5500
HERITAGE ACTION FOR AMERICA,Opaque issue-advocacy capacity,democracy,0.1861,DARK_MONEY,0.1200,0.7400,272244700,https://www.irs.gov/pub/irs-soi/eo_dc.csv,501(c)(4) capacity proxy,opaque nonprofit advocacy capacity proxy,,0.5500
NATIONAL MULTIFAMILY HOUSING COUNCIL,Opaque issue-advocacy capacity,democracy,0.1775,DARK_MONEY,0.2400,0.6400,521127504,https://www.irs.gov/pub/irs-soi/eo_dc.csv,501(c)(6) capacity proxy,opaque nonprofit advocacy capacity proxy,,0.5500
COUNCIL OF INSURANCE AGENTS & BROKERS,Opaque issue-advocacy capacity,finance,0.1763,DARK_MONEY,0.2400,0.6400,131952497,https://www.irs.gov/pub/irs-soi/eo_dc.csv,501(c)(6) capacity proxy,opaque nonprofit advocacy capacity proxy,,0.5500
B S A BUSINESS SOFTWARE ALLIANCE,Opaque issue-advocacy capacity,technology,0.1758,DARK_MONEY,0.2400,0.6400,061242574,https://www.irs.gov/pub/irs-soi/eo_dc.csv,501(c)(6) capacity proxy,opaque nonprofit advocacy capacity proxy,,0.5500
HEALTHCARE DISTRIBUTION ALLIANCE HDA,Opaque issue-advocacy capacity,democracy,0.1704,DARK_MONEY,0.2400,0.6400,131088150,https://www.irs.gov/pub/irs-soi/eo_dc.csv,501(c)(6) capacity proxy,opaque nonprofit advocacy capacity proxy,,0.5500
AMERICAN HOTEL & LODGING ASSOCIATION DIRECTORY CORPORATION,Opaque issue-advocacy capacity,democracy,0.1649,DARK_MONEY,0.2400,0.6400,130432130,https://www.irs.gov/pub/irs-soi/eo_dc.csv,501(c)(6) capacity proxy,opaque nonprofit advocacy capacity proxy,,0.5500
U S RUSSIA FOUNDATION FOR ECNOMIC ADVANCEMENT AND THE RULE OF LAW,Opaque issue-advocacy capacity,democracy,0.1618,DARK_MONEY,0.1200,0.7400,010732928,https://www.irs.gov/pub/irs-soi/eo_dc.csv,501(c)(4) capacity proxy,opaque nonprofit advocacy capacity proxy,,0.5500
REPUBLICAN JEWISH COALITION,Opaque issue-advocacy capacity,democracy,0.1605,DARK_MONEY,0.1200,0.7400,521386172,https://www.irs.gov/pub/irs-soi/eo_dc.csv,501(c)(4) capacity proxy,opaque nonprofit advocacy capacity proxy,,0.5500
INTERNATIONAL FRANCHISE ASSOCIATION INC,Opaque issue-advocacy capacity,democracy,0.1548,DARK_MONEY,0.2400,0.6400,366108621,https://www.irs.gov/pub/irs-soi/eo_dc.csv,501(c)(6) capacity proxy,opaque nonprofit advocacy capacity proxy,,0.5500
PERSONAL CARE PRODUCTS COUNCIL,Opaque issue-advocacy capacity,democracy,0.1510,DARK_MONEY,0.2400,0.6400,131390920,https://www.irs.gov/pub/irs-soi/eo_dc.csv,501(c)(6) capacity proxy,opaque nonprofit advocacy capacity proxy,,0.5500
ASSOCIATION OF CORPORATE COUNSEL,Opaque issue-advocacy capacity,democracy,0.1493,DARK_MONEY,0.2400,0.6400,521267965,https://www.irs.gov/pub/irs-soi/eo_dc.csv,501(c)(6) capacity proxy,opaque nonprofit advocacy capacity proxy,,0.5500
INSTITUTE OF SCRAP RECYCLING INDUSTRIES INC,Opaque issue-advocacy capacity,democracy,0.1418,DARK_MONEY,0.2400,0.6400,311205596,https://www.irs.gov/pub/irs-soi/eo_dc.csv,501(c)(6) capacity proxy,opaque nonprofit advocacy capacity proxy,,0.5500
CERTIFIED AUTOMOTIVE PARTS ASSOCIATION,Opaque issue-advocacy capacity,democracy,0.1399,DARK_MONEY,0.2400,0.6400,521555372,https://www.irs.gov/pub/irs-soi/eo_dc.csv,501(c)(6) capacity proxy,opaque nonprofit advocacy capacity proxy,,0.5500
AMERICAN COUNCIL OF ENGINEERING COMPANIES INC,Opaque issue-advocacy capacity,democracy,0.1372,DARK_MONEY,0.2400,0.6400,520745115,https://www.irs.gov/pub/irs-soi/eo_dc.csv,501(c)(6) capacity proxy,opaque nonprofit advocacy capacity proxy,,0.5500
AMERICAN IMMIGRATION LAWYERS ASSOCIATION,Opaque issue-advocacy capacity,democracy,0.1361,DARK_MONEY,0.2400,0.6400,237085097,https://www.irs.gov/pub/irs-soi/eo_dc.csv,501(c)(6) capacity proxy,opaque nonprofit advocacy capacity proxy,,0.5500
RETAIL INDUSTRY LEADERS ASSOCIATION INC,Opaque issue-advocacy capacity,democracy,0.1343,DARK_MONEY,0.2400,0.6400,042395151,https://www.irs.gov/pub/irs-soi/eo_dc.csv,501(c)(6) capacity proxy,opaque nonprofit advocacy capacity proxy,,0.5500
INFORMATION TECHNOLOGY INDUSTRY COUNCIL LTD,Opaque issue-advocacy capacity,technology,0.1333,DARK_MONEY,0.2400,0.6400,131954338,https://www.irs.gov/pub/irs-soi/eo_dc.csv,501(c)(6) capacity proxy,opaque nonprofit advocacy capacity proxy,,0.5500
FOUNDATION FOR ADVANCING ALCOHOL RESPONSIBILITY,Opaque issue-advocacy capacity,democracy,0.1242,DARK_MONEY,0.1200,0.7400,363704297,https://www.irs.gov/pub/irs-soi/eo_dc.csv,501(c)(4) capacity proxy,opaque nonprofit advocacy capacity proxy,,0.5500
ASSOCIATION OF AMERICAN PUBLISHERS INC,Opaque issue-advocacy capacity,democracy,0.1136,DARK_MONEY,0.2400,0.6400,132660200,https://www.irs.gov/pub/irs-soi/eo_dc.csv,501(c)(6) capacity proxy,opaque nonprofit advocacy capacity proxy,,0.5500
NATIONAL COMMITTEE TO PRESERVE SOCIAL SECURITY AND MEDICARE,Opaque issue-advocacy capacity,democracy,0.1023,DARK_MONEY,0.1200,0.7400,521312579,https://www.irs.gov/pub/irs-soi/eo_dc.csv,501(c)(4) capacity proxy,opaque nonprofit advocacy capacity proxy,,0.5500
ALLIANCE FOR YOUTH ACTION,Opaque issue-advocacy capacity,democracy,0.0969,DARK_MONEY,0.1200,0.7400,462914731,https://www.irs.gov/pub/irs-soi/eo_dc.csv,501(c)(4) capacity proxy,opaque nonprofit advocacy capacity proxy,,0.5500
AMERICAN CLEANING INSTITUTE,Opaque issue-advocacy capacity,democracy,0.0966,DARK_MONEY,0.2400,0.6400,130452400,https://www.irs.gov/pub/irs-soi/eo_dc.csv,501(c)(6) capacity proxy,opaque nonprofit advocacy capacity proxy,,0.5500
DISTILLED SPIRITS COUNCIL OF THE UNITED STATES INC,Opaque issue-advocacy capacity,democracy,0.0958,DARK_MONEY,0.2400,0.6400,520971454,https://www.irs.gov/pub/irs-soi/eo_dc.csv,501(c)(6) capacity proxy,opaque nonprofit advocacy capacity proxy,,0.5500
PUBLIC AFFAIRS COUNCIL INC,Opaque issue-advocacy capacity,democracy,0.0922,DARK_MONEY,0.1200,0.7400,131790733,https://www.irs.gov/pub/irs-soi/eo_dc.csv,501(c)(4) capacity proxy,opaque nonprofit advocacy capacity proxy,,0.5500
AMERICAN PROPERTY OWNERS ALLIANCE,Opaque issue-advocacy capacity,democracy,0.0826,DARK_MONEY,0.1200,0.7400,364956297,https://www.irs.gov/pub/irs-soi/eo_dc.csv,501(c)(4) capacity proxy,opaque nonprofit advocacy capacity proxy,,0.5500
CENTER FOR COMMUNITY CHANGE ACTION,Opaque issue-advocacy capacity,democracy,0.0814,DARK_MONEY,0.1200,0.7400,270061100,https://www.irs.gov/pub/irs-soi/eo_dc.csv,501(c)(4) capacity proxy,opaque nonprofit advocacy capacity proxy,,0.5500
DESTINATION MARKETING ASSOCIATION INTERNATIONAL,Opaque issue-advocacy capacity,democracy,0.0813,DARK_MONEY,0.2400,0.6400,310507334,https://www.irs.gov/pub/irs-soi/eo_dc.csv,501(c)(6) capacity proxy,opaque nonprofit advocacy capacity proxy,,0.5500
FARM CREDIT COUNCIL,Opaque issue-advocacy capacity,finance,0.0795,DARK_MONEY,0.2400,0.6400,521275264,https://www.irs.gov/pub/irs-soi/eo_dc.csv,501(c)(6) capacity proxy,opaque nonprofit advocacy capacity proxy,,0.5500
FINANCIAL SERVICES INSTITUTE INC,Opaque issue-advocacy capacity,democracy,0.0725,DARK_MONEY,0.2400,0.6400,200587793,https://www.irs.gov/pub/irs-soi/eo_dc.csv,501(c)(6) capacity proxy,opaque nonprofit advocacy capacity proxy,,0.5500
ASSOCIATION OF UNIVERSITY TECHNOLOGY MANAGERS,Opaque issue-advocacy capacity,technology,0.0722,DARK_MONEY,0.2400,0.6400,363011951,https://www.irs.gov/pub/irs-soi/eo_dc.csv,501(c)(6) capacity proxy,opaque nonprofit advocacy capacity proxy,,0.5500
TAX EXECUTIVES INSTITUTE INC,Opaque issue-advocacy capacity,finance,0.0706,DARK_MONEY,0.2400,0.6400,520239291,https://www.irs.gov/pub/irs-soi/eo_dc.csv,501(c)(6) capacity proxy,opaque nonprofit advocacy capacity proxy,,0.5500
REINSURANCE ASSOCIATION OF AMERICA,Opaque issue-advocacy capacity,finance,0.0678,DARK_MONEY,0.2400,0.6400,520882723,https://www.irs.gov/pub/irs-soi/eo_dc.csv,501(c)(6) capacity proxy,opaque nonprofit advocacy capacity proxy,,0.5500
ALLIANCE FOR TELECOMMUNICATIONS INDUSTRY SOLUTIONS,Opaque issue-advocacy capacity,technology,0.0675,DARK_MONEY,0.2400,0.6400,133182027,https://www.irs.gov/pub/irs-soi/eo_dc.csv,501(c)(6) capacity proxy,opaque nonprofit advocacy capacity proxy,,0.5500
NATIONAL ASSOCIATION OF STATE WORKFORCE AGENCIES,Opaque issue-advocacy capacity,democracy,0.0674,DARK_MONEY,0.1200,0.7400,520978073,https://www.irs.gov/pub/irs-soi/eo_dc.csv,501(c)(4) capacity proxy,opaque nonprofit advocacy capacity proxy,,0.5500
SOFTWARE PUBLISHERS ASSOCIATION,Opaque issue-advocacy capacity,technology,0.0671,DARK_MONEY,0.2400,0.6400,521329859,https://www.irs.gov/pub/irs-soi/eo_dc.csv,501(c)(6) capacity proxy,opaque nonprofit advocacy capacity proxy,,0.5500
BUILDING OWNERS & MANAGERS ASSOCIATION INTERNATIONAL,Opaque issue-advocacy capacity,democracy,0.0665,DARK_MONEY,0.2400,0.6400,361520580,https://www.irs.gov/pub/irs-soi/eo_dc.csv,501(c)(6) capacity proxy,opaque nonprofit advocacy capacity proxy,,0.5500
NATIONAL PHARMACEUTICAL COUNCIL INC,Opaque issue-advocacy capacity,democracy,0.0656,DARK_MONEY,0.2400,0.6400,131772100,https://www.irs.gov/pub/irs-soi/eo_dc.csv,501(c)(6) capacity proxy,opaque nonprofit advocacy capacity proxy,,0.5500
ASSOCIATION OF HOME APPLIANCE MANUFACTURERS,Opaque issue-advocacy capacity,democracy,0.0649,DARK_MONEY,0.2400,0.6400,362615812,https://www.irs.gov/pub/irs-soi/eo_dc.csv,501(c)(6) capacity proxy,opaque nonprofit advocacy capacity proxy,,0.5500
NATIONAL GAY & LESBIAN CHAMBER OF COMMERCE,Opaque issue-advocacy capacity,democracy,0.0646,DARK_MONEY,0.2400,0.6400,134219714,https://www.irs.gov/pub/irs-soi/eo_dc.csv,501(c)(6) capacity proxy,opaque nonprofit advocacy capacity proxy,,0.5500
NATIONAL ASSOCIATION OF THEATRE OWNERS,Opaque issue-advocacy capacity,democracy,0.0643,DARK_MONEY,0.2400,0.6400,131580907,https://www.irs.gov/pub/irs-soi/eo_dc.csv,501(c)(6) capacity proxy,opaque nonprofit advocacy capacity proxy,,0.5500
NATIONAL ASSOCIATION OF CLEAN WATER AGENCIES,Opaque issue-advocacy capacity,democracy,0.0643,DARK_MONEY,0.2400,0.6400,237088488,https://www.irs.gov/pub/irs-soi/eo_dc.csv,501(c)(6) capacity proxy,opaque nonprofit advocacy capacity proxy,,0.5500
VINYL INSTITUTE INC,Opaque issue-advocacy capacity,democracy,0.0610,DARK_MONEY,0.2400,0.6400,510391748,https://www.irs.gov/pub/irs-soi/eo_dc.csv,501(c)(6) capacity proxy,opaque nonprofit advocacy capacity proxy,,0.5500
BIPARTISAN POLICY CENTER ACTION INC,Opaque issue-advocacy capacity,democracy,0.0591,DARK_MONEY,0.1200,0.7400,261299114,https://www.irs.gov/pub/irs-soi/eo_dc.csv,501(c)(4) capacity proxy,opaque nonprofit advocacy capacity proxy,,0.5500
NATIONAL PROPANE GAS ASSOCIATION INC,Opaque issue-advocacy capacity,energy,0.0585,DARK_MONEY,0.2400,0.6400,362087363,https://www.irs.gov/pub/irs-soi/eo_dc.csv,501(c)(6) capacity proxy,opaque nonprofit advocacy capacity proxy,,0.5500
COIN CENTER INC,Opaque issue-advocacy capacity,democracy,0.0584,DARK_MONEY,0.1200,0.7400,471315917,https://www.irs.gov/pub/irs-soi/eo_dc.csv,501(c)(4) capacity proxy,opaque nonprofit advocacy capacity proxy,,0.5500
FOOD & WATER ACTION FUND,Opaque issue-advocacy capacity,democracy,0.0565,DARK_MONEY,0.1200,0.7400,320160436,https://www.irs.gov/pub/irs-soi/eo_dc.csv,501(c)(4) capacity proxy,opaque nonprofit advocacy capacity proxy,,0.5500
NATIONAL VENTURE CAPITAL ASSOCIATION,Opaque issue-advocacy capacity,finance,0.0565,DARK_MONEY,0.2400,0.6400,521296842,https://www.irs.gov/pub/irs-soi/eo_dc.csv,501(c)(6) capacity proxy,opaque nonprofit advocacy capacity proxy,,0.5500
INSURED RETIREMENT INSTITUTE INC,Opaque issue-advocacy capacity,democracy,0.0557,DARK_MONEY,0.2400,0.6400,061328907,https://www.irs.gov/pub/irs-soi/eo_dc.csv,501(c)(6) capacity proxy,opaque nonprofit advocacy capacity proxy,,0.5500
ASSOCIATION OF DENTAL SUPPORT ORGANIZATIONS,Opaque issue-advocacy capacity,democracy,0.0554,DARK_MONEY,0.2400,0.6400,260170284,https://www.irs.gov/pub/irs-soi/eo_dc.csv,501(c)(6) capacity proxy,opaque nonprofit advocacy capacity proxy,,0.5500
GENERAL AVIATION MANUFACTURERS ASSOCIATION INC,Opaque issue-advocacy capacity,democracy,0.0553,DARK_MONEY,0.2400,0.6400,520897278,https://www.irs.gov/pub/irs-soi/eo_dc.csv,501(c)(6) capacity proxy,opaque nonprofit advocacy capacity proxy,,0.5500
AMERICAN CLINICAL LABORATORY ASSOCIATION,Opaque issue-advocacy capacity,democracy,0.0547,DARK_MONEY,0.2400,0.6400,237173945,https://www.irs.gov/pub/irs-soi/eo_dc.csv,501(c)(6) capacity proxy,opaque nonprofit advocacy capacity proxy,,0.5500
AMERICAN EXPLORATION & PRODUCTION COUNCIL INC,Opaque issue-advocacy capacity,democracy,0.0541,DARK_MONEY,0.2400,0.6400,521042125,https://www.irs.gov/pub/irs-soi/eo_dc.csv,501(c)(6) capacity proxy,opaque nonprofit advocacy capacity proxy,,0.5500
RENEWABLE FUELS ASSOCIATION,Opaque issue-advocacy capacity,democracy,0.0528,DARK_MONEY,0.2400,0.6400,521203707,https://www.irs.gov/pub/irs-soi/eo_dc.csv,501(c)(6) capacity proxy,opaque nonprofit advocacy capacity proxy,,0.5500
ALLIANCE FOR PATIENT ACCESS,Opaque issue-advocacy capacity,democracy,0.0526,DARK_MONEY,0.1200,0.7400,205130312,https://www.irs.gov/pub/irs-soi/eo_dc.csv,501(c)(4) capacity proxy,opaque nonprofit advocacy capacity proxy,,0.5500
OUT-OF-HOME ADVERTISING ASSOCIATION OF AMERICA,Opaque issue-advocacy capacity,democracy,0.0511,DARK_MONEY,0.2400,0.6400,361589720,https://www.irs.gov/pub/irs-soi/eo_dc.csv,501(c)(6) capacity proxy,opaque nonprofit advocacy capacity proxy,,0.5500
CORN REFINERS ASSOCIATION INC,Opaque issue-advocacy capacity,democracy,0.0484,DARK_MONEY,0.2400,0.6400,520230814,https://www.irs.gov/pub/irs-soi/eo_dc.csv,501(c)(6) capacity proxy,opaque nonprofit advocacy capacity proxy,,0.5500
AMERICAN IRON AND STEEL INSTITUTE,Opaque issue-advocacy capacity,democracy,0.0483,DARK_MONEY,0.2400,0.6400,131832448,https://www.irs.gov/pub/irs-soi/eo_dc.csv,501(c)(6) capacity proxy,opaque nonprofit advocacy capacity proxy,,0.5500
ASSOCIATION FOR HEALTH CENTER AFFILIATED HEALTH PLANS,Opaque issue-advocacy capacity,democracy,0.0481,DARK_MONEY,0.2400,0.6400,050509791,https://www.irs.gov/pub/irs-soi/eo_dc.csv,501(c)(6) capacity proxy,opaque nonprofit advocacy capacity proxy,,0.5500
NATIONAL HYDROPOWER ASSOCIATION INC,Opaque issue-advocacy capacity,democracy,0.0460,DARK_MONEY,0.2400,0.6400,521339888,https://www.irs.gov/pub/irs-soi/eo_dc.csv,501(c)(6) capacity proxy,opaque nonprofit advocacy capacity proxy,,0.5500
CENTER FOR INNOVATIVE POLICY,Opaque issue-advocacy capacity,democracy,0.0456,DARK_MONEY,0.1200,0.7400,020747896,https://www.irs.gov/pub/irs-soi/eo_dc.csv,501(c)(4) capacity proxy,opaque nonprofit advocacy capacity proxy,,0.5500
US CHINA BUSINESS COUNCIL,Opaque issue-advocacy capacity,democracy,0.0454,DARK_MONEY,0.2400,0.6400,237275160,https://www.irs.gov/pub/irs-soi/eo_dc.csv,501(c)(6) capacity proxy,opaque nonprofit advocacy capacity proxy,,0.5500
ASSOCIATION OF FISH AND WILDLIFE AGENCIES,Opaque issue-advocacy capacity,democracy,0.0449,DARK_MONEY,0.2400,0.6400,416029770,https://www.irs.gov/pub/irs-soi/eo_dc.csv,501(c)(6) capacity proxy,opaque nonprofit advocacy capacity proxy,,0.5500
HOUSEHOLD & COMMERICAL PRODUCTS ASSOCIATION INC,Opaque issue-advocacy capacity,democracy,0.0448,DARK_MONEY,0.2400,0.6400,131084295,https://www.irs.gov/pub/irs-soi/eo_dc.csv,501(c)(6) capacity proxy,opaque nonprofit advocacy capacity proxy,,0.5500
CCDC COMMON AREA ASSOCIATION,Opaque issue-advocacy capacity,democracy,0.0446,DARK_MONEY,0.2400,0.6400,455506410,https://www.irs.gov/pub/irs-soi/eo_dc.csv,501(c)(6) capacity proxy,opaque nonprofit advocacy capacity proxy,,0.5500
CONSUMER DATA INDUSTRY ASSOCIATION INC,Opaque issue-advocacy capacity,technology,0.0435,DARK_MONEY,0.2400,0.6400,430164315,https://www.irs.gov/pub/irs-soi/eo_dc.csv,501(c)(6) capacity proxy,opaque nonprofit advocacy capacity proxy,,0.5500
DISTRICT OF COLUMBIA HOSPITAL ASSOCIATION,Opaque issue-advocacy capacity,democracy,0.0435,DARK_MONEY,0.2400,0.6400,521135713,https://www.irs.gov/pub/irs-soi/eo_dc.csv,501(c)(6) capacity proxy,opaque nonprofit advocacy capacity proxy,,0.5500
GLOBAL BUSINESS ALLIANCE INC,Opaque issue-advocacy capacity,democracy,0.0433,DARK_MONEY,0.2400,0.6400,133218529,https://www.irs.gov/pub/irs-soi/eo_dc.csv,501(c)(6) capacity proxy,opaque nonprofit advocacy capacity proxy,,0.5500
INVESTMENT ADVISER ASSOCIATION,Opaque issue-advocacy capacity,democracy,0.0432,DARK_MONEY,0.2400,0.6400,136130873,https://www.irs.gov/pub/irs-soi/eo_dc.csv,501(c)(6) capacity proxy,opaque nonprofit advocacy capacity proxy,,0.5500
STATE GOVERNMENT LEADERSHIP FOUNDATION,Opaque issue-advocacy capacity,democracy,0.0423,DARK_MONEY,0.1200,0.7400,200505849,https://www.irs.gov/pub/irs-soi/eo_dc.csv,501(c)(4) capacity proxy,opaque nonprofit advocacy capacity proxy,,0.5500
COUNCIL OF LARGE PUBLIC HOUSING AUTHORITIES INC,Opaque issue-advocacy capacity,democracy,0.0418,DARK_MONEY,0.1200,0.7400,042752972,https://www.irs.gov/pub/irs-soi/eo_dc.csv,501(c)(4) capacity proxy,opaque nonprofit advocacy capacity proxy,,0.5500
ARDA RESORT OWNERS COALITION,Opaque issue-advocacy capacity,democracy,0.0415,DARK_MONEY,0.1200,0.7400,461457252,https://www.irs.gov/pub/irs-soi/eo_dc.csv,501(c)(4) capacity proxy,opaque nonprofit advocacy capacity proxy,,0.5500
ONE ACTION,Opaque issue-advocacy capacity,democracy,0.0404,DARK_MONEY,0.1200,0.7400,020544768,https://www.irs.gov/pub/irs-soi/eo_dc.csv,501(c)(4) capacity proxy,opaque nonprofit advocacy capacity proxy,,0.5500
AMERICAN MEDICAL REHABILITATION PROVIDERS ASSOCIATION,Opaque issue-advocacy capacity,democracy,0.0402,DARK_MONEY,0.2400,0.6400,364184771,https://www.irs.gov/pub/irs-soi/eo_dc.csv,501(c)(6) capacity proxy,opaque nonprofit advocacy capacity proxy,,0.5500
ORGANIC TRADE ASSOCIATION,Opaque issue-advocacy capacity,democracy,0.0401,DARK_MONEY,0.2400,0.6400,232341522,https://www.irs.gov/pub/irs-soi/eo_dc.csv,501(c)(6) capacity proxy,opaque nonprofit advocacy capacity proxy,,0.5500
COUNCIL FOR RESPONSIBLE NUTRITION,Opaque issue-advocacy capacity,democracy,0.0395,DARK_MONEY,0.2400,0.6400,520975324,https://www.irs.gov/pub/irs-soi/eo_dc.csv,501(c)(6) capacity proxy,opaque nonprofit advocacy capacity proxy,,0.5500
NATIONAL COORDINATING COMMITTEE FOR MULTIEMPLOYER PLANS,Opaque issue-advocacy capacity,democracy,0.0395,DARK_MONEY,0.1200,0.7400,521041104,https://www.irs.gov/pub/irs-soi/eo_dc.csv,501(c)(4) capacity proxy,opaque nonprofit advocacy capacity proxy,,0.5500
ASSOCIATION FOR CONSUMER DEBT RELIEF,Opaque issue-advocacy capacity,democracy,0.0392,DARK_MONEY,0.2400,0.6400,203796648,https://www.irs.gov/pub/irs-soi/eo_dc.csv,501(c)(6) capacity proxy,opaque nonprofit advocacy capacity proxy,,0.5500
FLAVOR & EXTRACT MANUFACTURERS ASSOCIATION OF THE UNITED STATES,Opaque issue-advocacy capacity,democracy,0.0389,DARK_MONEY,0.2400,0.6400,237104346,https://www.irs.gov/pub/irs-soi/eo_dc.csv,501(c)(6) capacity proxy,opaque nonprofit advocacy capacity proxy,,0.5500
NATIONAL ASSOCIATION OF BENEFITS AND INSURANCE PROFESSIONALS,Opaque issue-advocacy capacity,finance,0.0388,DARK_MONEY,0.2400,0.6400,362144394,https://www.irs.gov/pub/irs-soi/eo_dc.csv,501(c)(6) capacity proxy,opaque nonprofit advocacy capacity proxy,,0.5500
BEER INSTITUTE INC,Opaque issue-advocacy capacity,democracy,0.0388,DARK_MONEY,0.2400,0.6400,521439662,https://www.irs.gov/pub/irs-soi/eo_dc.csv,501(c)(6) capacity proxy,opaque nonprofit advocacy capacity proxy,,0.5500
COUNCIL FOR CITIZENS AGAINST GOVERNMENT WASTE,Opaque issue-advocacy capacity,democracy,0.0386,DARK_MONEY,0.1200,0.7400,521369152,https://www.irs.gov/pub/irs-soi/eo_dc.csv,501(c)(4) capacity proxy,opaque nonprofit advocacy capacity proxy,,0.5500
A PHILIP RANDOLPH INSTITUTE INC,Opaque issue-advocacy capacity,democracy,0.0369,DARK_MONEY,0.1200,0.7400,132548181,https://www.irs.gov/pub/irs-soi/eo_dc.csv,501(c)(4) capacity proxy,opaque nonprofit advocacy capacity proxy,,0.5500
NATIONAL ASSOCIATION OF ACOS,Opaque issue-advocacy capacity,democracy,0.0365,DARK_MONEY,0.2400,0.6400,461581524,https://www.irs.gov/pub/irs-soi/eo_dc.csv,501(c)(6) capacity proxy,opaque nonprofit advocacy capacity proxy,,0.5500
REPUBLICAN GOVERNORS PUBLIC POLICY COMMITTEE,Opaque issue-advocacy capacity,democracy,0.0358,DARK_MONEY,0.1200,0.7400,200309803,https://www.irs.gov/pub/irs-soi/eo_dc.csv,501(c)(4) capacity proxy,opaque nonprofit advocacy capacity proxy,,0.5500
SURETY & FIDELITY ASSOCIATION OF AMERICA,Opaque issue-advocacy capacity,democracy,0.0358,DARK_MONEY,0.2400,0.6400,260003391,https://www.irs.gov/pub/irs-soi/eo_dc.csv,501(c)(6) capacity proxy,opaque nonprofit advocacy capacity proxy,,0.5500
NATIONAL ASSOCIATION OF INVESTMENT COS,Opaque issue-advocacy capacity,democracy,0.0355,DARK_MONEY,0.2400,0.6400,222072345,https://www.irs.gov/pub/irs-soi/eo_dc.csv,501(c)(6) capacity proxy,opaque nonprofit advocacy capacity proxy,,0.5500
AMERICAN BIOGAS COUNCIL,Opaque issue-advocacy capacity,energy,0.0352,DARK_MONEY,0.2400,0.6400,272221142,https://www.irs.gov/pub/irs-soi/eo_dc.csv,501(c)(6) capacity proxy,opaque nonprofit advocacy capacity proxy,,0.5500
NATIONAL ALLIANCE OF FOREST OWNERS,Opaque issue-advocacy capacity,democracy,0.0351,DARK_MONEY,0.2400,0.6400,262095012,https://www.irs.gov/pub/irs-soi/eo_dc.csv,501(c)(6) capacity proxy,opaque nonprofit advocacy capacity proxy,,0.5500
NATIONAL WOMENS LAW CENTER ACTION FUND,Opaque issue-advocacy capacity,democracy,0.0350,DARK_MONEY,0.1200,0.7400,460639645,https://www.irs.gov/pub/irs-soi/eo_dc.csv,501(c)(4) capacity proxy,opaque nonprofit advocacy capacity proxy,,0.5500
INTELLECTUAL PROPERTY OWNERS ASSOCIATION,Opaque issue-advocacy capacity,democracy,0.0350,DARK_MONEY,0.2400,0.6400,520948513,https://www.irs.gov/pub/irs-soi/eo_dc.csv,501(c)(6) capacity proxy,opaque nonprofit advocacy capacity proxy,,0.5500
NATIONAL ASSOCIATION OF SPECIALTY PHARMACY INC,Opaque issue-advocacy capacity,democracy,0.0344,DARK_MONEY,0.2400,0.6400,460917764,https://www.irs.gov/pub/irs-soi/eo_dc.csv,501(c)(6) capacity proxy,opaque nonprofit advocacy capacity proxy,,0.5500
ANIMAL HEALTH INSTITUTE,Opaque issue-advocacy capacity,democracy,0.0340,DARK_MONEY,0.2400,0.6400,420707629,https://www.irs.gov/pub/irs-soi/eo_dc.csv,501(c)(6) capacity proxy,opaque nonprofit advocacy capacity proxy,,0.5500
AMERICAN BENEFITS COUNCIL,Opaque issue-advocacy capacity,democracy,0.0336,DARK_MONEY,0.2400,0.6400,066100040,https://www.irs.gov/pub/irs-soi/eo_dc.csv,501(c)(6) capacity proxy,opaque nonprofit advocacy capacity proxy,,0.5500
UNITED STATES HISPANIC CHAMBER OF COMMERCE,Opaque issue-advocacy capacity,democracy,0.0336,DARK_MONEY,0.2400,0.6400,431249249,https://www.irs.gov/pub/irs-soi/eo_dc.csv,501(c)(6) capacity proxy,opaque nonprofit advocacy capacity proxy,,0.5500
ERISA INDUSTRY COMMITTEE,Opaque issue-advocacy capacity,democracy,0.0336,DARK_MONEY,0.2400,0.6400,521077961,https://www.irs.gov/pub/irs-soi/eo_dc.csv,501(c)(6) capacity proxy,opaque nonprofit advocacy capacity proxy,,0.5500
PET FOOD INSTITUTE,Opaque issue-advocacy capacity,democracy,0.0335,DARK_MONEY,0.2400,0.6400,200055176,https://www.irs.gov/pub/irs-soi/eo_dc.csv,501(c)(6) capacity proxy,opaque nonprofit advocacy capacity proxy,,0.5500
INSTITUTE FOR PORTFOLIO ALTERNATIVES INC,Opaque issue-advocacy capacity,democracy,0.0335,DARK_MONEY,0.2400,0.6400,222597521,https://www.irs.gov/pub/irs-soi/eo_dc.csv,501(c)(6) capacity proxy,opaque nonprofit advocacy capacity proxy,,0.5500
CENTER FOR POPULAR DEMOCRACY ACTION FUND,Opaque issue-advocacy capacity,democracy,0.0333,DARK_MONEY,0.1200,0.7400,453860271,https://www.irs.gov/pub/irs-soi/eo_dc.csv,501(c)(4) capacity proxy,opaque nonprofit advocacy capacity proxy,,0.5500
AMERICAN TORT REFORM ASSOCIATION,Opaque issue-advocacy capacity,democracy,0.0333,DARK_MONEY,0.2400,0.6400,521464785,https://www.irs.gov/pub/irs-soi/eo_dc.csv,501(c)(6) capacity proxy,opaque nonprofit advocacy capacity proxy,,0.5500
NATURAL GAS SUPPLY ASSOCIATION,Opaque issue-advocacy capacity,energy,0.0326,DARK_MONEY,0.2400,0.6400,520823671,https://www.irs.gov/pub/irs-soi/eo_dc.csv,501(c)(6) capacity proxy,opaque nonprofit advocacy capacity proxy,,0.5500
DIRECT SELLING ASSOCIATION,Opaque issue-advocacy capacity,democracy,0.0321,DARK_MONEY,0.2400,0.6400,410659918,https://www.irs.gov/pub/irs-soi/eo_dc.csv,501(c)(6) capacity proxy,opaque nonprofit advocacy capacity proxy,,0.5500
HEALTHCARE LEADERSHIP COUNCIL,Opaque issue-advocacy capacity,democracy,0.0317,DARK_MONEY,0.2400,0.6400,363668803,https://www.irs.gov/pub/irs-soi/eo_dc.csv,501(c)(6) capacity proxy,opaque nonprofit advocacy capacity proxy,,0.5500
50CAN ACTION FUND INC,Opaque issue-advocacy capacity,democracy,0.0314,DARK_MONEY,0.1200,0.7400,454698768,https://www.irs.gov/pub/irs-soi/eo_dc.csv,501(c)(4) capacity proxy,opaque nonprofit advocacy capacity proxy,,0.5500
ELECTRIC POWER SUPPLY ASSOCIATION,Opaque issue-advocacy capacity,energy,0.0311,DARK_MONEY,0.2400,0.6400,521497342,https://www.irs.gov/pub/irs-soi/eo_dc.csv,501(c)(6) capacity proxy,opaque nonprofit advocacy capacity proxy,,0.5500
BALLOT INITIATIVE STRATEGY CENTER INC,Opaque issue-advocacy capacity,democracy,0.0307,DARK_MONEY,0.1200,0.7400,043411708,https://www.irs.gov/pub/irs-soi/eo_dc.csv,501(c)(4) capacity proxy,opaque nonprofit advocacy capacity proxy,,0.5500
INSIGHTS ASSOCIATION INC,Opaque issue-advocacy capacity,democracy,0.0303,DARK_MONEY,0.2400,0.6400,132942996,https://www.irs.gov/pub/irs-soi/eo_dc.csv,501(c)(6) capacity proxy,opaque nonprofit advocacy capacity proxy,,0.5500
INTERNATIONAL DOOR ASSOCIATION INC,Opaque issue-advocacy capacity,democracy,0.0303,DARK_MONEY,0.2400,0.6400,311411356,https://www.irs.gov/pub/irs-soi/eo_dc.csv,501(c)(6) capacity proxy,opaque nonprofit advocacy capacity proxy,,0.5500
NATIONAL BAR ASSOCIATION INC,Opaque issue-advocacy capacity,democracy,0.0296,DARK_MONEY,0.2400,0.6400,480793589,https://www.irs.gov/pub/irs-soi/eo_dc.csv,501(c)(6) capacity proxy,opaque nonprofit advocacy capacity proxy,,0.5500
WIRELESS INTERNET SERVICE PROVIDERS ASSOCIATION,Opaque issue-advocacy capacity,technology,0.0292,DARK_MONEY,0.2400,0.6400,202181498,https://www.irs.gov/pub/irs-soi/eo_dc.csv,501(c)(6) capacity proxy,opaque nonprofit advocacy capacity proxy,,0.5500
PUBLIC POLICY FUND INC,Opaque issue-advocacy capacity,democracy,0.0292,DARK_MONEY,0.2400,0.6400,205734264,https://www.irs.gov/pub/irs-soi/eo_dc.csv,501(c)(6) capacity proxy,opaque nonprofit advocacy capacity proxy,,0.5500
SUGAR ASSOCIATION INC,Opaque issue-advocacy capacity,democracy,0.0286,DARK_MONEY,0.2400,0.6400,132614920,https://www.irs.gov/pub/irs-soi/eo_dc.csv,501(c)(6) capacity proxy,opaque nonprofit advocacy capacity proxy,,0.5500
COUNCIL OF INSTITUTIONAL INVESTORS,Opaque issue-advocacy capacity,democracy,0.0285,DARK_MONEY,0.2400,0.6400,521380217,https://www.irs.gov/pub/irs-soi/eo_dc.csv,501(c)(6) capacity proxy,opaque nonprofit advocacy capacity proxy,,0.5500
AMERICAN ENERGY ALLIANCE,Opaque issue-advocacy capacity,energy,0.0283,DARK_MONEY,0.1200,0.7400,262731617,https://www.irs.gov/pub/irs-soi/eo_dc.csv,501(c)(4) capacity proxy,opaque nonprofit advocacy capacity proxy,,0.5500
LARGE PUBLIC POWER COUNCIL,Opaque issue-advocacy capacity,democracy,0.0281,DARK_MONEY,0.2400,0.6400,061242756,https://www.irs.gov/pub/irs-soi/eo_dc.csv,501(c)(6) capacity proxy,opaque nonprofit advocacy capacity proxy,,0.5500
INTERNATIONAL LIQUID TERMINALS ASSOCIATION,Opaque issue-advocacy capacity,democracy,0.0281,DARK_MONEY,0.2400,0.6400,521038765,https://www.irs.gov/pub/irs-soi/eo_dc.csv,501(c)(6) capacity proxy,opaque nonprofit advocacy capacity proxy,,0.5500
FOUNDATION FOR AMERICAN SECURITY AND FREEDOM INC,Opaque issue-advocacy capacity,democracy,0.0279,DARK_MONEY,0.1200,0.7400,472671140,https://www.irs.gov/pub/irs-soi/eo_dc.csv,501(c)(4) capacity proxy,opaque nonprofit advocacy capacity proxy,,0.5500
INSTITUTE OF SCRAP RECYCLING INDUSTRIES INC,Opaque issue-advocacy capacity,democracy,0.0276,DARK_MONEY,0.2400,0.6400,521572944,https://www.irs.gov/pub/irs-soi/eo_dc.csv,501(c)(6) capacity proxy,opaque nonprofit advocacy capacity proxy,,0.5500
AMERICAN AMBULANCE ASSOCIATION,Opaque issue-advocacy capacity,democracy,0.0270,DARK_MONEY,0.2400,0.6400,060924858,https://www.irs.gov/pub/irs-soi/eo_dc.csv,501(c)(6) capacity proxy,opaque nonprofit advocacy capacity proxy,,0.5500
CHAMBER OF DIGITAL COMMERCE,Opaque issue-advocacy capacity,democracy,0.0270,DARK_MONEY,0.2400,0.6400,471183361,https://www.irs.gov/pub/irs-soi/eo_dc.csv,501(c)(6) capacity proxy,opaque nonprofit advocacy capacity proxy,,0.5500
COMMITTEE ON PIPE & TUBE IMPORTS,Opaque issue-advocacy capacity,democracy,0.0264,DARK_MONEY,0.2400,0.6400,521390829,https://www.irs.gov/pub/irs-soi/eo_dc.csv,501(c)(6) capacity proxy,opaque nonprofit advocacy capacity proxy,,0.5500
AMERICAN PUBLIC GAS ASSOCIATION,Opaque issue-advocacy capacity,energy,0.0250,DARK_MONEY,0.2400,0.6400,520805605,https://www.irs.gov/pub/irs-soi/eo_dc.csv,501(c)(6) capacity proxy,opaque nonprofit advocacy capacity proxy,,0.5500
NATIONAL FOREIGN TRADE COUNCIL INC,Opaque issue-advocacy capacity,democracy,0.0249,DARK_MONEY,0.2400,0.6400,135266965,https://www.irs.gov/pub/irs-soi/eo_dc.csv,501(c)(6) capacity proxy,opaque nonprofit advocacy capacity proxy,,0.5500
NATIONAL NEWSPAPERS PUBLISHERS ASSOCIATION,Opaque issue-advocacy capacity,democracy,0.0249,DARK_MONEY,0.2400,0.6400,520982972,https://www.irs.gov/pub/irs-soi/eo_dc.csv,501(c)(6) capacity proxy,opaque nonprofit advocacy capacity proxy,,0.5500
NATIONAL ASSOCIATION FOR BEHAVIORAL HEALTHCARE,Opaque issue-advocacy capacity,democracy,0.0243,DARK_MONEY,0.2400,0.6400,221661978,https://www.irs.gov/pub/irs-soi/eo_dc.csv,501(c)(6) capacity proxy,opaque nonprofit advocacy capacity proxy,,0.5500
EMPLOYEE BENEFIT RESEARCH INSTITUTE,Opaque issue-advocacy capacity,democracy,0.0243,DARK_MONEY,0.2400,0.6400,521134631,https://www.irs.gov/pub/irs-soi/eo_dc.csv,501(c)(6) capacity proxy,opaque nonprofit advocacy capacity proxy,,0.5500
TAXPAYERS PROTECTION ALLIANCE,Opaque issue-advocacy capacity,finance,0.0241,DARK_MONEY,0.1200,0.7400,450702828,https://www.irs.gov/pub/irs-soi/eo_dc.csv,501(c)(4) capacity proxy,opaque nonprofit advocacy capacity proxy,,0.5500
RAILWAY SUPPLY INSTITUTE INC,Opaque issue-advocacy capacity,democracy,0.0237,DARK_MONEY,0.2400,0.6400,362483079,https://www.irs.gov/pub/irs-soi/eo_dc.csv,501(c)(6) capacity proxy,opaque nonprofit advocacy capacity proxy,,0.5500
EMILYS LIST ACTION,Opaque issue-advocacy capacity,democracy,0.0234,DARK_MONEY,0.1200,0.7400,461067490,https://www.irs.gov/pub/irs-soi/eo_dc.csv,501(c)(4) capacity proxy,opaque nonprofit advocacy capacity proxy,,0.5500
FIX THE DEBT COALITION INC,Opaque issue-advocacy capacity,democracy,0.0231,DARK_MONEY,0.1200,0.7400,461321030,https://www.irs.gov/pub/irs-soi/eo_dc.csv,501(c)(4) capacity proxy,opaque nonprofit advocacy capacity proxy,,0.5500
THE NETWORK,Opaque issue-advocacy capacity,democracy,0.0231,DARK_MONEY,0.1200,0.7400,520984255,https://www.irs.gov/pub/irs-soi/eo_dc.csv,501(c)(4) capacity proxy,opaque nonprofit advocacy capacity proxy,,0.5500
COALITION FOR COMMON SENSE IN GOVT PROCUREMENT,Opaque issue-advocacy capacity,procurement,0.0226,DARK_MONEY,0.2400,0.6400,521173228,https://www.irs.gov/pub/irs-soi/eo_dc.csv,501(c)(6) capacity proxy,opaque nonprofit advocacy capacity proxy,,0.5500
GLOBAL ALLIANCE FOR PATIENT ACCESS,Opaque issue-advocacy capacity,democracy,0.0223,DARK_MONEY,0.1200,0.7400,464320131,https://www.irs.gov/pub/irs-soi/eo_dc.csv,501(c)(4) capacity proxy,opaque nonprofit advocacy capacity proxy,,0.5500
CORNET ASSOCIATION OF AMERICA,Opaque issue-advocacy capacity,democracy,0.0222,DARK_MONEY,0.1200,0.7400,272521668,https://www.irs.gov/pub/irs-soi/eo_dc.csv,501(c)(4) capacity proxy,opaque nonprofit advocacy capacity proxy,,0.5500
PUBLIC HOUSING AUTHORITIES DIRECTORS ASSOCIATION,Opaque issue-advocacy capacity,democracy,0.0214,DARK_MONEY,0.2400,0.6400,222763123,https://www.irs.gov/pub/irs-soi/eo_dc.csv,501(c)(6) capacity proxy,opaque nonprofit advocacy capacity proxy,,0.5500
NATIONAL ASSOCIATION OF LONG TERM CARE ADMINISTRATOR BOARDS INC,Opaque issue-advocacy capacity,democracy,0.0209,DARK_MONEY,0.2400,0.6400,237155858,https://www.irs.gov/pub/irs-soi/eo_dc.csv,501(c)(6) capacity proxy,opaque nonprofit advocacy capacity proxy,,0.5500
NATIONAL ASSOCIATION OF DEVELOPMENT ORGANIZATIONS,Opaque issue-advocacy capacity,democracy,0.0207,DARK_MONEY,0.1200,0.7400,411261188,https://www.irs.gov/pub/irs-soi/eo_dc.csv,501(c)(4) capacity proxy,opaque nonprofit advocacy capacity proxy,,0.5500
NATIONAL ASSOCIATION OF CONSUMER ADVOCATES INC,Opaque issue-advocacy capacity,democracy,0.0206,DARK_MONEY,0.2400,0.6400,043239354,https://www.irs.gov/pub/irs-soi/eo_dc.csv,501(c)(6) capacity proxy,opaque nonprofit advocacy capacity proxy,,0.5500
NATIONAL ASSOCIATION OF ENROLLED AGENTS,Opaque issue-advocacy capacity,democracy,0.0205,DARK_MONEY,0.2400,0.6400,237183380,https://www.irs.gov/pub/irs-soi/eo_dc.csv,501(c)(6) capacity proxy,opaque nonprofit advocacy capacity proxy,,0.5500
ASSOCIATION OF METROPOLITAN WATER AGENCIES,Opaque issue-advocacy capacity,democracy,0.0203,DARK_MONEY,0.2400,0.6400,521263300,https://www.irs.gov/pub/irs-soi/eo_dc.csv,501(c)(6) capacity proxy,opaque nonprofit advocacy capacity proxy,,0.5500
NATIONAL DEMOLITION ASSOCIATION,Opaque issue-advocacy capacity,democracy,0.0198,DARK_MONEY,0.2400,0.6400,237193442,https://www.irs.gov/pub/irs-soi/eo_dc.csv,501(c)(6) capacity proxy,opaque nonprofit advocacy capacity proxy,,0.5500
NATIONAL ASSOCIATION OF FEDERALLY IMPACTED SCHOOLS,Opaque issue-advocacy capacity,democracy,0.0198,DARK_MONEY,0.1200,0.7400,237257037,https://www.irs.gov/pub/irs-soi/eo_dc.csv,501(c)(4) capacity proxy,opaque nonprofit advocacy capacity proxy,,0.5500
POPULATION CONNECTION ACTION FUND,Opaque issue-advocacy capacity,democracy,0.0195,DARK_MONEY,0.1200,0.7400,463083014,https://www.irs.gov/pub/irs-soi/eo_dc.csv,501(c)(4) capacity proxy,opaque nonprofit advocacy capacity proxy,,0.5500
NATIONAL COMMUNITY ACTION FOUNDATION INC,Opaque issue-advocacy capacity,democracy,0.0190,DARK_MONEY,0.1200,0.7400,521219782,https://www.irs.gov/pub/irs-soi/eo_dc.csv,501(c)(4) capacity proxy,opaque nonprofit advocacy capacity proxy,,0.5500
REGIONAL AIRLINE ASSOCIATION,Opaque issue-advocacy capacity,democracy,0.0189,DARK_MONEY,0.2400,0.6400,521039526,https://www.irs.gov/pub/irs-soi/eo_dc.csv,501(c)(6) capacity proxy,opaque nonprofit advocacy capacity proxy,,0.5500
AMERICAN AUTOMOTIVE POLICY COUNCIL INC,Opaque issue-advocacy capacity,democracy,0.0188,DARK_MONEY,0.2400,0.6400,271157879,https://www.irs.gov/pub/irs-soi/eo_dc.csv,501(c)(6) capacity proxy,opaque nonprofit advocacy capacity proxy,,0.5500
WINDOW & DOOR MANUFACTURERS ASSOCIATION,Opaque issue-advocacy capacity,democracy,0.0187,DARK_MONEY,0.2400,0.6400,361522410,https://www.irs.gov/pub/irs-soi/eo_dc.csv,501(c)(6) capacity proxy,opaque nonprofit advocacy capacity proxy,,0.5500
INDUSTRIAL TRUCK ASSOCIATION,Opaque issue-advocacy capacity,democracy,0.0185,DARK_MONEY,0.2400,0.6400,251124211,https://www.irs.gov/pub/irs-soi/eo_dc.csv,501(c)(6) capacity proxy,opaque nonprofit advocacy capacity proxy,,0.5500
DEFENSE CREDIT UNION COUNCIL INC,Opaque issue-advocacy capacity,finance,0.0182,DARK_MONEY,0.2400,0.6400,391405036,https://www.irs.gov/pub/irs-soi/eo_dc.csv,501(c)(6) capacity proxy,opaque nonprofit advocacy capacity proxy,,0.5500
NEW MARKETS TAX CREDIT COALITION,Opaque issue-advocacy capacity,finance,0.0179,DARK_MONEY,0.1200,0.7400,331028007,https://www.irs.gov/pub/irs-soi/eo_dc.csv,501(c)(4) capacity proxy,opaque nonprofit advocacy capacity proxy,,0.5500
LATINO CORPORATE DIRECTORS ASSOCIATION,Opaque issue-advocacy capacity,democracy,0.0178,DARK_MONEY,0.2400,0.6400,461866372,https://www.irs.gov/pub/irs-soi/eo_dc.csv,501(c)(6) capacity proxy,opaque nonprofit advocacy capacity proxy,,0.5500
KOREA ECONOMIC INSTITUTE OF AMERICA,Opaque issue-advocacy capacity,democracy,0.0177,DARK_MONEY,0.2400,0.6400,521238765,https://www.irs.gov/pub/irs-soi/eo_dc.csv,501(c)(6) capacity proxy,opaque nonprofit advocacy capacity proxy,,0.5500
NATIONAL ASSOCIATION OF ENERGY SERVICE COMPANIES,Opaque issue-advocacy capacity,energy,0.0177,DARK_MONEY,0.2400,0.6400,521318222,https://www.irs.gov/pub/irs-soi/eo_dc.csv,501(c)(6) capacity proxy,opaque nonprofit advocacy capacity proxy,,0.5500
WATERWAYS COUNCIL INC,Opaque issue-advocacy capacity,democracy,0.0175,DARK_MONEY,0.2400,0.6400,260080090,https://www.irs.gov/pub/irs-soi/eo_dc.csv,501(c)(6) capacity proxy,opaque nonprofit advocacy capacity proxy,,0.5500
NATIONAL COUNCIL OF TEXTILE ORGANIZATIONS,Opaque issue-advocacy capacity,democracy,0.0172,DARK_MONEY,0.2400,0.6400,200767664,https://www.irs.gov/pub/irs-soi/eo_dc.csv,501(c)(6) capacity proxy,opaque nonprofit advocacy capacity proxy,,0.5500
NATIONAL HEALTH CARE ANTI-FRAUD ASSOCIATION,Opaque issue-advocacy capacity,democracy,0.0167,DARK_MONEY,0.2400,0.6400,521473117,https://www.irs.gov/pub/irs-soi/eo_dc.csv,501(c)(6) capacity proxy,opaque nonprofit advocacy capacity proxy,,0.5500
ASSOCIATION OF STATE & TERRITORIAL SOLID WASTE MANAGEMENT OFFICIALS,Opaque issue-advocacy capacity,democracy,0.0166,DARK_MONEY,0.2400,0.6400,237446280,https://www.irs.gov/pub/irs-soi/eo_dc.csv,501(c)(6) capacity proxy,opaque nonprofit advocacy capacity proxy,,0.5500
US - UAE BUSINESS COUNCIL,Opaque issue-advocacy capacity,democracy,0.0164,DARK_MONEY,0.2400,0.6400,271382753,https://www.irs.gov/pub/irs-soi/eo_dc.csv,501(c)(6) capacity proxy,opaque nonprofit advocacy capacity proxy,,0.5500
ENVIRONMENTAL COUNCIL OF STATES INC,Opaque issue-advocacy capacity,energy,0.0164,DARK_MONEY,0.2400,0.6400,363962169,https://www.irs.gov/pub/irs-soi/eo_dc.csv,501(c)(6) capacity proxy,opaque nonprofit advocacy capacity proxy,,0.5500
ADVANCED WOODY BIOMASS ALLIANCE,Opaque issue-advocacy capacity,democracy,0.0162,DARK_MONEY,0.2400,0.6400,275484284,https://www.irs.gov/pub/irs-soi/eo_dc.csv,501(c)(6) capacity proxy,opaque nonprofit advocacy capacity proxy,,0.5500
AMERICAN ASSOCIATION OF COSMETOLOGY SCHOOLS INC,Opaque issue-advocacy capacity,democracy,0.0159,DARK_MONEY,0.2400,0.6400,136163824,https://www.irs.gov/pub/irs-soi/eo_dc.csv,501(c)(6) capacity proxy,opaque nonprofit advocacy capacity proxy,,0.5500
NATIONAL ASIAN & PACIFIC ISLANDER AMERICAN CHAMBER OF COMMERCE & ENT,Opaque issue-advocacy capacity,democracy,0.0159,DARK_MONEY,0.2400,0.6400,462071116,https://www.irs.gov/pub/irs-soi/eo_dc.csv,501(c)(6) capacity proxy,opaque nonprofit advocacy capacity proxy,,0.5500
NATIONAL ASSOCIATION FOR SURFACE FINISHING INC,Opaque issue-advocacy capacity,democracy,0.0158,DARK_MONEY,0.2400,0.6400,352013643,https://www.irs.gov/pub/irs-soi/eo_dc.csv,501(c)(6) capacity proxy,opaque nonprofit advocacy capacity proxy,,0.5500
AMERICAN SPICE TRADE ASSOCIATION INC,Opaque issue-advocacy capacity,democracy,0.0157,DARK_MONEY,0.2400,0.6400,134924480,https://www.irs.gov/pub/irs-soi/eo_dc.csv,501(c)(6) capacity proxy,opaque nonprofit advocacy capacity proxy,,0.5500
INFIN A FINANCIAL SERVICES ALLIANCE INC,Opaque issue-advocacy capacity,democracy,0.0155,DARK_MONEY,0.2400,0.6400,222838938,https://www.irs.gov/pub/irs-soi/eo_dc.csv,501(c)(6) capacity proxy,opaque nonprofit advocacy capacity proxy,,0.5500
ASSOCIATION OF TEST PUBLISHERS,Opaque issue-advocacy capacity,democracy,0.0153,DARK_MONEY,0.2400,0.6400,363918100,https://www.irs.gov/pub/irs-soi/eo_dc.csv,501(c)(6) capacity proxy,opaque nonprofit advocacy capacity proxy,,0.5500
THE AFFORDABLE HOUSING TAX CREDIT COALITION,Opaque issue-advocacy capacity,finance,0.0153,DARK_MONEY,0.2400,0.6400,521564149,https://www.irs.gov/pub/irs-soi/eo_dc.csv,501(c)(6) capacity proxy,opaque nonprofit advocacy capacity proxy,,0.5500
ASSOCIATION OF EDISON ILLUMINATING COMPANIES,Opaque issue-advocacy capacity,democracy,0.0152,DARK_MONEY,0.2400,0.6400,130453115,https://www.irs.gov/pub/irs-soi/eo_dc.csv,501(c)(6) capacity proxy,opaque nonprofit advocacy capacity proxy,,0.5500
FRIENDS OF THE EARTH-ACTION-INC,Opaque issue-advocacy capacity,democracy,0.0152,DARK_MONEY,0.1200,0.7400,132644641,https://www.irs.gov/pub/irs-soi/eo_dc.csv,501(c)(4) capacity proxy,opaque nonprofit advocacy capacity proxy,,0.5500
IMMIGRANT INVESTORS ASSOCIATION INC,Opaque issue-advocacy capacity,democracy,0.0152,DARK_MONEY,0.2400,0.6400,202897226,https://www.irs.gov/pub/irs-soi/eo_dc.csv,501(c)(6) capacity proxy,opaque nonprofit advocacy capacity proxy,,0.5500
INSTITUTE OF MAKERS OF EXPLOSIVES,Opaque issue-advocacy capacity,democracy,0.0151,DARK_MONEY,0.2400,0.6400,130870910,https://www.irs.gov/pub/irs-soi/eo_dc.csv,501(c)(6) capacity proxy,opaque nonprofit advocacy capacity proxy,,0.5500
NATIONAL RAILROAD CONSTRUCTION & MAINTENANCE ASSOCIATION,Opaque issue-advocacy capacity,democracy,0.0149,DARK_MONEY,0.2400,0.6400,370990937,https://www.irs.gov/pub/irs-soi/eo_dc.csv,501(c)(6) capacity proxy,opaque nonprofit advocacy capacity proxy,,0.5500
ARMENIAN NATIONAL COMMITTEE OF AMERICA,Opaque issue-advocacy capacity,democracy,0.0148,DARK_MONEY,0.1200,0.7400,521492274,https://www.irs.gov/pub/irs-soi/eo_dc.csv,501(c)(4) capacity proxy,opaque nonprofit advocacy capacity proxy,,0.5500
FOREST RESOURCES ASSOCIATION INC,Opaque issue-advocacy capacity,democracy,0.0147,DARK_MONEY,0.2400,0.6400,521331738,https://www.irs.gov/pub/irs-soi/eo_dc.csv,501(c)(6) capacity proxy,opaque nonprofit advocacy capacity proxy,,0.5500
NATIONAL ASSOCIATION OF BOND LAWYERS,Opaque issue-advocacy capacity,democracy,0.0146,DARK_MONEY,0.2400,0.6400,363016503,https://www.irs.gov/pub/irs-soi/eo_dc.csv,501(c)(6) capacity proxy,opaque nonprofit advocacy capacity proxy,,0.5500
CENTER FOR WORKPLACE COMPLIANCE,Opaque issue-advocacy capacity,democracy,0.0144,DARK_MONEY,0.2400,0.6400,521067287,https://www.irs.gov/pub/irs-soi/eo_dc.csv,501(c)(6) capacity proxy,opaque nonprofit advocacy capacity proxy,,0.5500
PET INDUSTRY JOINT ADVISORY COUNCIL,Opaque issue-advocacy capacity,democracy,0.0142,DARK_MONEY,0.2400,0.6400,237400898,https://www.irs.gov/pub/irs-soi/eo_dc.csv,501(c)(6) capacity proxy,opaque nonprofit advocacy capacity proxy,,0.5500
NATIONAL BANKERS ASSOCIATION INC,Opaque issue-advocacy capacity,finance,0.0141,DARK_MONEY,0.2400,0.6400,520884907,https://www.irs.gov/pub/irs-soi/eo_dc.csv,501(c)(6) capacity proxy,opaque nonprofit advocacy capacity proxy,,0.5500
GRAIN FOODS FOUNDATION,Opaque issue-advocacy capacity,democracy,0.0140,DARK_MONEY,0.2400,0.6400,201329442,https://www.irs.gov/pub/irs-soi/eo_dc.csv,501(c)(6) capacity proxy,opaque nonprofit advocacy capacity proxy,,0.5500
ASSOCIATION OF CLINICAL RESEARCH ORGANIZATIONS,Opaque issue-advocacy capacity,democracy,0.0139,DARK_MONEY,0.2400,0.6400,020542064,https://www.irs.gov/pub/irs-soi/eo_dc.csv,501(c)(6) capacity proxy,opaque nonprofit advocacy capacity proxy,,0.5500
NATIONAL ASSOCIATION FOR BUSINESS ECONOMICS,Opaque issue-advocacy capacity,democracy,0.0139,DARK_MONEY,0.2400,0.6400,136133105,https://www.irs.gov/pub/irs-soi/eo_dc.csv,501(c)(6) capacity proxy,opaque nonprofit advocacy capacity proxy,,0.5500
SPORTS AND FITNESS INDUSTRY ASSOCIATION,Opaque issue-advocacy capacity,democracy,0.0137,DARK_MONEY,0.2400,0.6400,360753520,https://www.irs.gov/pub/irs-soi/eo_dc.csv,501(c)(6) capacity proxy,opaque nonprofit advocacy capacity proxy,,0.5500
ALLIANCE FOR SAFE ONLINE PHARMACIES,Opaque issue-advocacy capacity,democracy,0.0136,DARK_MONEY,0.1200,0.7400,463155025,https://www.irs.gov/pub/irs-soi/eo_dc.csv,501(c)(4) capacity proxy,opaque nonprofit advocacy capacity proxy,,0.5500
NATIONAL CREDITORS BAR ASSOCIATION,Opaque issue-advocacy capacity,finance,0.0135,DARK_MONEY,0.2400,0.6400,431654633,https://www.irs.gov/pub/irs-soi/eo_dc.csv,501(c)(6) capacity proxy,opaque nonprofit advocacy capacity proxy,,0.5500
NATIONAL IMMIGRATION FORUM ACTION FUND,Opaque issue-advocacy capacity,democracy,0.0133,DARK_MONEY,0.1200,0.7400,264718617,https://www.irs.gov/pub/irs-soi/eo_dc.csv,501(c)(4) capacity proxy,opaque nonprofit advocacy capacity proxy,,0.5500
NATIONAL AFRICAN-AMERICAN INSURANCE ASSOCIATION,Opaque issue-advocacy capacity,finance,0.0130,DARK_MONEY,0.2400,0.6400,311471178,https://www.irs.gov/pub/irs-soi/eo_dc.csv,501(c)(6) capacity proxy,opaque nonprofit advocacy capacity proxy,,0.5500
THE ASSOCIATION FOR HOSE & ACCESSORIES DISTRIBUTION,Opaque issue-advocacy capacity,democracy,0.0127,DARK_MONEY,0.2400,0.6400,232324931,https://www.irs.gov/pub/irs-soi/eo_dc.csv,501(c)(6) capacity proxy,opaque nonprofit advocacy capacity proxy,,0.5500
PUERTO RICO STATEHOOD COUNCIL,Opaque issue-advocacy capacity,democracy,0.0126,DARK_MONEY,0.1200,0.7400,461462011,https://www.irs.gov/pub/irs-soi/eo_dc.csv,501(c)(4) capacity proxy,opaque nonprofit advocacy capacity proxy,,0.5500
NATIONAL ASSOCIATION FOR BIOMEDICAL RESEARCH,Opaque issue-advocacy capacity,democracy,0.0125,DARK_MONEY,0.2400,0.6400,042688181,https://www.irs.gov/pub/irs-soi/eo_dc.csv,501(c)(6) capacity proxy,opaque nonprofit advocacy capacity proxy,,0.5500
FAMILY ENTERPRISE USA ACTION INC,Opaque issue-advocacy capacity,democracy,0.0125,DARK_MONEY,0.1200,0.7400,463253100,https://www.irs.gov/pub/irs-soi/eo_dc.csv,501(c)(4) capacity proxy,opaque nonprofit advocacy capacity proxy,,0.5500
SECURING AMERICAS FUTURE ENERGY ALLIANCE INC,Opaque issue-advocacy capacity,energy,0.0123,DARK_MONEY,0.1200,0.7400,201728102,https://www.irs.gov/pub/irs-soi/eo_dc.csv,501(c)(4) capacity proxy,opaque nonprofit advocacy capacity proxy,,0.5500
NATIONAL HOUSING REHABILITATION ASSOCIATION,Opaque issue-advocacy capacity,democracy,0.0121,DARK_MONEY,0.2400,0.6400,237248114,https://www.irs.gov/pub/irs-soi/eo_dc.csv,501(c)(6) capacity proxy,opaque nonprofit advocacy capacity proxy,,0.5500
HEARING INDUSTRIES ASSOCIATION INC,Opaque issue-advocacy capacity,democracy,0.0121,DARK_MONEY,0.2400,0.6400,426100157,https://www.irs.gov/pub/irs-soi/eo_dc.csv,501(c)(6) capacity proxy,opaque nonprofit advocacy capacity proxy,,0.5500
DISTRICT OF COLUMBIA CHAMBER OF COMMERCE,Opaque issue-advocacy capacity,democracy,0.0120,DARK_MONEY,0.2400,0.6400,237158230,https://www.irs.gov/pub/irs-soi/eo_dc.csv,501(c)(6) capacity proxy,opaque nonprofit advocacy capacity proxy,,0.5500
UNITED STATES ADVANCED TELEVISION SYSTEMS COMMITTEE,Opaque issue-advocacy capacity,democracy,0.0118,DARK_MONEY,0.2400,0.6400,521324090,https://www.irs.gov/pub/irs-soi/eo_dc.csv,501(c)(6) capacity proxy,opaque nonprofit advocacy capacity proxy,,0.5500
BUILDERS HARDWARE MANUFACTURERS ASSOCIATION,Opaque issue-advocacy capacity,democracy,0.0115,DARK_MONEY,0.2400,0.6400,060602255,https://www.irs.gov/pub/irs-soi/eo_dc.csv,501(c)(6) capacity proxy,opaque nonprofit advocacy capacity proxy,,0.5500
NATIONAL NATIVE AMERICAN HUMAN RESOURCES ASSOCIATION,Opaque issue-advocacy capacity,democracy,0.0114,DARK_MONEY,0.2400,0.6400,450477831,https://www.irs.gov/pub/irs-soi/eo_dc.csv,501(c)(6) capacity proxy,opaque nonprofit advocacy capacity proxy,,0.5500
INTERNATIONAL CYANIDE MANAGEMENT INSTITUTE,Opaque issue-advocacy capacity,democracy,0.0112,DARK_MONEY,0.2400,0.6400,030492609,https://www.irs.gov/pub/irs-soi/eo_dc.csv,501(c)(6) capacity proxy,opaque nonprofit advocacy capacity proxy,,0.5500
ASSOCIATION OF AFRICAN AMERICAN FINANCIAL ADVISORS,Opaque issue-advocacy capacity,democracy,0.0112,DARK_MONEY,0.2400,0.6400,384034837,https://www.irs.gov/pub/irs-soi/eo_dc.csv,501(c)(6) capacity proxy,opaque nonprofit advocacy capacity proxy,,0.5500
NATIONAL ASSOCIATION OF WOMEN BUSINESS OWNERS,Opaque issue-advocacy capacity,democracy,0.0108,DARK_MONEY,0.2400,0.6400,237425967,https://www.irs.gov/pub/irs-soi/eo_dc.csv,501(c)(6) capacity proxy,opaque nonprofit advocacy capacity proxy,,0.5500
CANADIAN-AMERICAN BUSINESS COUNCIL INC,Opaque issue-advocacy capacity,democracy,0.0108,DARK_MONEY,0.2400,0.6400,521542724,https://www.irs.gov/pub/irs-soi/eo_dc.csv,501(c)(6) capacity proxy,opaque nonprofit advocacy capacity proxy,,0.5500
FREE PRESS ACTION FUND,Opaque issue-advocacy capacity,democracy,0.0107,DARK_MONEY,0.1200,0.7400,043771598,https://www.irs.gov/pub/irs-soi/eo_dc.csv,501(c)(4) capacity proxy,opaque nonprofit advocacy capacity proxy,,0.5500
ENERGY INFRASTRUCTURE COUNCIL,Opaque issue-advocacy capacity,energy,0.0107,DARK_MONEY,0.2400,0.6400,521527852,https://www.irs.gov/pub/irs-soi/eo_dc.csv,501(c)(6) capacity proxy,opaque nonprofit advocacy capacity proxy,,0.5500
NATIONAL ASSOCIATION OF TOBACCO OUTLETS INC,Opaque issue-advocacy capacity,democracy,0.0105,DARK_MONEY,0.2400,0.6400,412000075,https://www.irs.gov/pub/irs-soi/eo_dc.csv,501(c)(6) capacity proxy,opaque nonprofit advocacy capacity proxy,,0.5500
ALLIANCE OF HEALTH CARE SHARING MINISTRIES INC,Opaque issue-advocacy capacity,democracy,0.0104,DARK_MONEY,0.2400,0.6400,260886401,https://www.irs.gov/pub/irs-soi/eo_dc.csv,501(c)(6) capacity proxy,opaque nonprofit advocacy capacity proxy,,0.5500
SILVER INSTITUTE INC,Opaque issue-advocacy capacity,democracy,0.0103,DARK_MONEY,0.2400,0.6400,237108453,https://www.irs.gov/pub/irs-soi/eo_dc.csv,501(c)(6) capacity proxy,opaque nonprofit advocacy capacity proxy,,0.5500
NATIONAL HUMANITIES ALLIANCE,Opaque issue-advocacy capacity,democracy,0.0103,DARK_MONEY,0.1200,0.7400,521395619,https://www.irs.gov/pub/irs-soi/eo_dc.csv,501(c)(4) capacity proxy,opaque nonprofit advocacy capacity proxy,,0.5500
COMMODITY MARKET COUNCIL,Opaque issue-advocacy capacity,democracy,0.0101,DARK_MONEY,0.2400,0.6400,521420879,https://www.irs.gov/pub/irs-soi/eo_dc.csv,501(c)(6) capacity proxy,opaque nonprofit advocacy capacity proxy,,0.5500
FAA MANAGERS ASSOCIATION INC,Opaque issue-advocacy capacity,democracy,0.0100,DARK_MONEY,0.2400,0.6400,371426448,https://www.irs.gov/pub/irs-soi/eo_dc.csv,501(c)(6) capacity proxy,opaque nonprofit advocacy capacity proxy,,0.5500
ASSOCIATION FOR DRESSINGS & SAUCES,Opaque issue-advocacy capacity,democracy,0.0100,DARK_MONEY,0.2400,0.6400,510245131,https://www.irs.gov/pub/irs-soi/eo_dc.csv,501(c)(6) capacity proxy,opaque nonprofit advocacy capacity proxy,,0.5500
NATIONAL ASSOCIATION OF WATERFRONT EMPLOYERS,Opaque issue-advocacy capacity,democracy,0.0099,DARK_MONEY,0.2400,0.6400,237333287,https://www.irs.gov/pub/irs-soi/eo_dc.csv,501(c)(6) capacity proxy,opaque nonprofit advocacy capacity proxy,,0.5500
NATIONAL PUBLIC PENSION COALITION,Opaque issue-advocacy capacity,democracy,0.0098,DARK_MONEY,0.1200,0.7400,205939282,https://www.irs.gov/pub/irs-soi/eo_dc.csv,501(c)(4) capacity proxy,opaque nonprofit advocacy capacity proxy,,0.5500
ADULT VACCINE ACCESS COALITION,Opaque issue-advocacy capacity,democracy,0.0098,DARK_MONEY,0.1200,0.7400,472933563,https://www.irs.gov/pub/irs-soi/eo_dc.csv,501(c)(4) capacity proxy,opaque nonprofit advocacy capacity proxy,,0.5500
INSTITUTE OF INTERNATIONAL CONTAINER LESSORS LTD,Opaque issue-advocacy capacity,democracy,0.0097,DARK_MONEY,0.2400,0.6400,237309986,https://www.irs.gov/pub/irs-soi/eo_dc.csv,501(c)(6) capacity proxy,opaque nonprofit advocacy capacity proxy,,0.5500
ALLIANCE FOR FLEXIBLE POLYURETHANE FOAM INC,Opaque issue-advocacy capacity,democracy,0.0097,DARK_MONEY,0.2400,0.6400,331218219,https://www.irs.gov/pub/irs-soi/eo_dc.csv,501(c)(6) capacity proxy,opaque nonprofit advocacy capacity proxy,,0.5500
ENGINE ADVOCACY,Opaque issue-advocacy capacity,democracy,0.0097,DARK_MONEY,0.1200,0.7400,461064620,https://www.irs.gov/pub/irs-soi/eo_dc.csv,501(c)(4) capacity proxy,opaque nonprofit advocacy capacity proxy,,0.5500
NATIONAL ASSOCIATION OF WHEAT GROWERS,Opaque issue-advocacy capacity,democracy,0.0097,DARK_MONEY,0.2400,0.6400,480668648,https://www.irs.gov/pub/irs-soi/eo_dc.csv,501(c)(6) capacity proxy,opaque nonprofit advocacy capacity proxy,,0.5500
NATIONAL ASSOCIATION OF FOREIGN,Opaque issue-advocacy capacity,democracy,0.0096,DARK_MONEY,0.2400,0.6400,237417702,https://www.irs.gov/pub/irs-soi/eo_dc.csv,501(c)(6) capacity proxy,opaque nonprofit advocacy capacity proxy,,0.5500
ASSOCIATION OF INTERNATIONAL EDUCATION ADMINISTRATORS,Opaque issue-advocacy capacity,democracy,0.0092,DARK_MONEY,0.2400,0.6400,431427422,https://www.irs.gov/pub/irs-soi/eo_dc.csv,501(c)(6) capacity proxy,opaque nonprofit advocacy capacity proxy,,0.5500
PIPER M-CLASS OWNERS AND PILOTS ASSOCIATION INC,Opaque issue-advocacy capacity,democracy,0.0091,DARK_MONEY,0.1200,0.7400,223352499,https://www.irs.gov/pub/irs-soi/eo_dc.csv,501(c)(4) capacity proxy,opaque nonprofit advocacy capacity proxy,,0.5500
AMERICAN INSTITUTE FOR CONSERVATION,Opaque issue-advocacy capacity,democracy,0.0090,DARK_MONEY,0.2400,0.6400,237291856,https://www.irs.gov/pub/irs-soi/eo_dc.csv,501(c)(6) capacity proxy,opaque nonprofit advocacy capacity proxy,,0.5500
AMERICAN LEGAL FINANCE ASSOCIATION INC,Opaque issue-advocacy capacity,finance,0.0089,DARK_MONEY,0.2400,0.6400,201402214,https://www.irs.gov/pub/irs-soi/eo_dc.csv,501(c)(6) capacity proxy,opaque nonprofit advocacy capacity proxy,,0.5500
WOMENS WHITE COLLAR DEFENSE ASSOCIATION,Opaque issue-advocacy capacity,procurement,0.0089,DARK_MONEY,0.2400,0.6400,320538094,https://www.irs.gov/pub/irs-soi/eo_dc.csv,501(c)(6) capacity proxy,opaque nonprofit advocacy capacity proxy,,0.5500
CARGO AIRLINE ASSOCIATION,Opaque issue-advocacy capacity,democracy,0.0089,DARK_MONEY,0.2400,0.6400,521245222,https://www.irs.gov/pub/irs-soi/eo_dc.csv,501(c)(6) capacity proxy,opaque nonprofit advocacy capacity proxy,,0.5500
ADVANCED BIOFUELS ASSOCIATION,Opaque issue-advocacy capacity,democracy,0.0087,DARK_MONEY,0.2400,0.6400,264484456,https://www.irs.gov/pub/irs-soi/eo_dc.csv,501(c)(6) capacity proxy,opaque nonprofit advocacy capacity proxy,,0.5500
NATIONAL ASSOCIATION OF HEALTHCARE ACCESS MANAGEMENT,Opaque issue-advocacy capacity,democracy,0.0086,DARK_MONEY,0.2400,0.6400,341272668,https://www.irs.gov/pub/irs-soi/eo_dc.csv,501(c)(6) capacity proxy,opaque nonprofit advocacy capacity proxy,,0.5500
INDEX INDUSTRY ASSOCIATION,Opaque issue-advocacy capacity,democracy,0.0086,DARK_MONEY,0.2400,0.6400,455007478,https://www.irs.gov/pub/irs-soi/eo_dc.csv,501(c)(6) capacity proxy,opaque nonprofit advocacy capacity proxy,,0.5500
RADIO TELEVISION NEWS DIRECTORS ASSOCIATION,Opaque issue-advocacy capacity,democracy,0.0086,DARK_MONEY,0.2400,0.6400,521452178,https://www.irs.gov/pub/irs-soi/eo_dc.csv,501(c)(6) capacity proxy,opaque nonprofit advocacy capacity proxy,,0.5500
TAX COUNCIL,Opaque issue-advocacy capacity,finance,0.0085,DARK_MONEY,0.2400,0.6400,520845970,https://www.irs.gov/pub/irs-soi/eo_dc.csv,501(c)(6) capacity proxy,opaque nonprofit advocacy capacity proxy,,0.5500
SMALL AND SEASONAL BUSINESS LEGAL CENTER,Opaque issue-advocacy capacity,democracy,0.0084,DARK_MONEY,0.2400,0.6400,473408517,https://www.irs.gov/pub/irs-soi/eo_dc.csv,501(c)(6) capacity proxy,opaque nonprofit advocacy capacity proxy,,0.5500
CALORIE CONTROL COUNCIL,Opaque issue-advocacy capacity,democracy,0.0083,DARK_MONEY,0.2400,0.6400,366191936,https://www.irs.gov/pub/irs-soi/eo_dc.csv,501(c)(6) capacity proxy,opaque nonprofit advocacy capacity proxy,,0.5500
INTERNATIONAL FLIGHT SERVICES ASSOCIATION INC,Opaque issue-advocacy capacity,democracy,0.0083,DARK_MONEY,0.2400,0.6400,510160065,https://www.irs.gov/pub/irs-soi/eo_dc.csv,501(c)(6) capacity proxy,opaque nonprofit advocacy capacity proxy,,0.5500
DISTRICT OF COLUMBIA BUILDING INDUSTRY ASSOCIATION,Opaque issue-advocacy capacity,democracy,0.0083,DARK_MONEY,0.2400,0.6400,521088411,https://www.irs.gov/pub/irs-soi/eo_dc.csv,501(c)(6) capacity proxy,opaque nonprofit advocacy capacity proxy,,0.5500
AMERICAN-ARAB ANTI-DISCRIMINATION COMMITTEE,Opaque issue-advocacy capacity,democracy,0.0081,DARK_MONEY,0.1200,0.7400,521180441,https://www.irs.gov/pub/irs-soi/eo_dc.csv,501(c)(4) capacity proxy,opaque nonprofit advocacy capacity proxy,,0.5500
EATING DISORDERS COALITION FOR RESEARCH POLICY AND ACTION INC,Opaque issue-advocacy capacity,democracy,0.0080,DARK_MONEY,0.1200,0.7400,208067474,https://www.irs.gov/pub/irs-soi/eo_dc.csv,501(c)(4) capacity proxy,opaque nonprofit advocacy capacity proxy,,0.5500
CARDIOVASCULAR COALITION INC,Opaque issue-advocacy capacity,democracy,0.0080,DARK_MONEY,0.1200,0.7400,475564846,https://www.irs.gov/pub/irs-soi/eo_dc.csv,501(c)(4) capacity proxy,opaque nonprofit advocacy capacity proxy,,0.5500
COMMITTEE FOR EDUCATION FUNDING,Opaque issue-advocacy capacity,democracy,0.0080,DARK_MONEY,0.1200,0.7400,520891509,https://www.irs.gov/pub/irs-soi/eo_dc.csv,501(c)(4) capacity proxy,opaque nonprofit advocacy capacity proxy,,0.5500
POINT OF CARE COMMUNICATION COUNCIL,Opaque issue-advocacy capacity,democracy,0.0078,DARK_MONEY,0.2400,0.6400,462945494,https://www.irs.gov/pub/irs-soi/eo_dc.csv,501(c)(6) capacity proxy,opaque nonprofit advocacy capacity proxy,,0.5500
CARE ACTION NOW INCORPORATED,Opaque issue-advocacy capacity,democracy,0.0077,DARK_MONEY,0.1200,0.7400,261728410,https://www.irs.gov/pub/irs-soi/eo_dc.csv,501(c)(4) capacity proxy,opaque nonprofit advocacy capacity proxy,,0.5500
RETAIL LITIGATION CENTER INC,Opaque issue-advocacy capacity,democracy,0.0077,DARK_MONEY,0.2400,0.6400,272188600,https://www.irs.gov/pub/irs-soi/eo_dc.csv,501(c)(6) capacity proxy,opaque nonprofit advocacy capacity proxy,,0.5500
AMERICAN ASSOCIATION OF EXPORTERS & IMPORTERS,Opaque issue-advocacy capacity,democracy,0.0076,DARK_MONEY,0.2400,0.6400,135266640,https://www.irs.gov/pub/irs-soi/eo_dc.csv,501(c)(6) capacity proxy,opaque nonprofit advocacy capacity proxy,,0.5500
AMERICAN ASSOCIATION OF PATHOLOGISTS ASSISTANTS,Opaque issue-advocacy capacity,democracy,0.0074,DARK_MONEY,0.2400,0.6400,310921680,https://www.irs.gov/pub/irs-soi/eo_dc.csv,501(c)(6) capacity proxy,opaque nonprofit advocacy capacity proxy,,0.5500
GREATER WASHINGTON HISPANIC CHAMBER OF COMMERCE INC,Opaque issue-advocacy capacity,democracy,0.0073,DARK_MONEY,0.2400,0.6400,223860377,https://www.irs.gov/pub/irs-soi/eo_dc.csv,501(c)(6) capacity proxy,opaque nonprofit advocacy capacity proxy,,0.5500
AMERICAN TELEVISION ALLIANCE,Opaque issue-advocacy capacity,democracy,0.0073,DARK_MONEY,0.1200,0.7400,273085241,https://www.irs.gov/pub/irs-soi/eo_dc.csv,501(c)(4) capacity proxy,opaque nonprofit advocacy capacity proxy,,0.5500
US SIF-THE FORUM FOR SUSTAINABLE AND RESPONSIBLE INVESTMENT INC,Opaque issue-advocacy capacity,democracy,0.0072,DARK_MONEY,0.2400,0.6400,222701978,https://www.irs.gov/pub/irs-soi/eo_dc.csv,501(c)(6) capacity proxy,opaque nonprofit advocacy capacity proxy,,0.5500
RAILWAY ENGINEERING-MAINTENANCE SUPPLIERS ASSOCIATION,Opaque issue-advocacy capacity,democracy,0.0070,DARK_MONEY,0.2400,0.6400,362269390,https://www.irs.gov/pub/irs-soi/eo_dc.csv,501(c)(6) capacity proxy,opaque nonprofit advocacy capacity proxy,,0.5500
NORWEGIAN-AMERICAN DEFENSE HOMELAND SECURITY INDUSTRY COUNCIL,Opaque issue-advocacy capacity,procurement,0.0070,DARK_MONEY,0.2400,0.6400,461045605,https://www.irs.gov/pub/irs-soi/eo_dc.csv,501(c)(6) capacity proxy,opaque nonprofit advocacy capacity proxy,,0.5500
NATIONAL CANDLE ASSOCIATION,Opaque issue-advocacy capacity,democracy,0.0070,DARK_MONEY,0.2400,0.6400,510187148,https://www.irs.gov/pub/irs-soi/eo_dc.csv,501(c)(6) capacity proxy,opaque nonprofit advocacy capacity proxy,,0.5500
NATIONAL ASSOCIATION OF SECURITIES PROFESSIONALS,Opaque issue-advocacy capacity,finance,0.0068,DARK_MONEY,0.2400,0.6400,133314582,https://www.irs.gov/pub/irs-soi/eo_dc.csv,501(c)(6) capacity proxy,opaque nonprofit advocacy capacity proxy,,0.5500
SPORTS FANS COALITION INC,Opaque issue-advocacy capacity,democracy,0.0068,DARK_MONEY,0.1200,0.7400,270757185,https://www.irs.gov/pub/irs-soi/eo_dc.csv,501(c)(4) capacity proxy,opaque nonprofit advocacy capacity proxy,,0.5500
NATIONAL COMMITTEE FOR A HUMAN LIFE AMENDMENT INC,Opaque issue-advocacy capacity,democracy,0.0068,DARK_MONEY,0.1200,0.7400,520991848,https://www.irs.gov/pub/irs-soi/eo_dc.csv,501(c)(4) capacity proxy,opaque nonprofit advocacy capacity proxy,,0.5500
COMMITTEE FOR JUSTICE,Opaque issue-advocacy capacity,democracy,0.0067,DARK_MONEY,0.1200,0.7400,043693799,https://www.irs.gov/pub/irs-soi/eo_dc.csv,501(c)(4) capacity proxy,opaque nonprofit advocacy capacity proxy,,0.5500
AMERICAN-CENTRAL EUROPEAN BUSINESS ASSOCIATION,Opaque issue-advocacy capacity,democracy,0.0067,DARK_MONEY,0.2400,0.6400,474968121,https://www.irs.gov/pub/irs-soi/eo_dc.csv,501(c)(6) capacity proxy,opaque nonprofit advocacy capacity proxy,,0.5500
NATIONAL ASSOCIATION OF COUNTY VETERANS SERVICE OFFICERS,Opaque issue-advocacy capacity,democracy,0.0066,DARK_MONEY,0.2400,0.6400,382942975,https://www.irs.gov/pub/irs-soi/eo_dc.csv,501(c)(6) capacity proxy,opaque nonprofit advocacy capacity proxy,,0.5500
WATER SYSTEMS COUNCIL,Opaque issue-advocacy capacity,democracy,0.0066,DARK_MONEY,0.2400,0.6400,520730143,https://www.irs.gov/pub/irs-soi/eo_dc.csv,501(c)(6) capacity proxy,opaque nonprofit advocacy capacity proxy,,0.5500
COALITION OF SERVICE INDUSTRIES INC,Opaque issue-advocacy capacity,democracy,0.0066,DARK_MONEY,0.2400,0.6400,521279682,https://www.irs.gov/pub/irs-soi/eo_dc.csv,501(c)(6) capacity proxy,opaque nonprofit advocacy capacity proxy,,0.5500
CHEESE IMPORTERS ASSOCIATION OF AMERICA INC,Opaque issue-advocacy capacity,democracy,0.0065,DARK_MONEY,0.2400,0.6400,136162023,https://www.irs.gov/pub/irs-soi/eo_dc.csv,501(c)(6) capacity proxy,opaque nonprofit advocacy capacity proxy,,0.5500
CHAMBER OF SHIPPING OF AMERICA,Opaque issue-advocacy capacity,democracy,0.0065,DARK_MONEY,0.2400,0.6400,520886646,https://www.irs.gov/pub/irs-soi/eo_dc.csv,501(c)(6) capacity proxy,opaque nonprofit advocacy capacity proxy,,0.5500
FEDERAL CIRCUIT BAR ASSOCIATION,Opaque issue-advocacy capacity,democracy,0.0065,DARK_MONEY,0.2400,0.6400,521491377,https://www.irs.gov/pub/irs-soi/eo_dc.csv,501(c)(6) capacity proxy,opaque nonprofit advocacy capacity proxy,,0.5500
US FOUNDATION FOR LIBERTY INCORPORATED,Opaque issue-advocacy capacity,democracy,0.0063,DARK_MONEY,0.1200,0.7400,461147062,https://www.irs.gov/pub/irs-soi/eo_dc.csv,501(c)(4) capacity proxy,opaque nonprofit advocacy capacity proxy,,0.5500
INTERNATIONAL ASSOCIATION OF AIRPORT DUTY FREE STORES INC,Opaque issue-advocacy capacity,democracy,0.0062,DARK_MONEY,0.2400,0.6400,521283024,https://www.irs.gov/pub/irs-soi/eo_dc.csv,501(c)(6) capacity proxy,opaque nonprofit advocacy capacity proxy,,0.5500
EMPLOYERS COUNCIL ON FLEXIBLE COMPENSATION,Opaque issue-advocacy capacity,democracy,0.0061,DARK_MONEY,0.2400,0.6400,521243095,https://www.irs.gov/pub/irs-soi/eo_dc.csv,501(c)(6) capacity proxy,opaque nonprofit advocacy capacity proxy,,0.5500
INTERNATIONAL CLAIM ASSOCIATION,Opaque issue-advocacy capacity,democracy,0.0058,DARK_MONEY,0.2400,0.6400,116062801,https://www.irs.gov/pub/irs-soi/eo_dc.csv,501(c)(6) capacity proxy,opaque nonprofit advocacy capacity proxy,,0.5500
THE CLINICAL RESEARCH FORUM INC,Opaque issue-advocacy capacity,democracy,0.0057,DARK_MONEY,0.1200,0.7400,043809491,https://www.irs.gov/pub/irs-soi/eo_dc.csv,501(c)(4) capacity proxy,opaque nonprofit advocacy capacity proxy,,0.5500
ALLIANCE OF US STARTUPS AND INVENTORS FOR JOBS,Opaque issue-advocacy capacity,democracy,0.0057,DARK_MONEY,0.1200,0.7400,464394329,https://www.irs.gov/pub/irs-soi/eo_dc.csv,501(c)(4) capacity proxy,opaque nonprofit advocacy capacity proxy,,0.5500
INSTITUTE FOR TRUTH IN MARKETING INC,Opaque issue-advocacy capacity,democracy,0.0057,DARK_MONEY,0.1200,0.7400,473475721,https://www.irs.gov/pub/irs-soi/eo_dc.csv,501(c)(4) capacity proxy,opaque nonprofit advocacy capacity proxy,,0.5500
MARITIME INSTITUTE FOR RESEARCH AND INDUSTRIAL DEVELOPMENT,Opaque issue-advocacy capacity,democracy,0.0057,DARK_MONEY,0.2400,0.6400,521171303,https://www.irs.gov/pub/irs-soi/eo_dc.csv,501(c)(6) capacity proxy,opaque nonprofit advocacy capacity proxy,,0.5500
MEAT IMPORT COUNCIL OF AMERICA INC,Opaque issue-advocacy capacity,democracy,0.0056,DARK_MONEY,0.2400,0.6400,136174442,https://www.irs.gov/pub/irs-soi/eo_dc.csv,501(c)(6) capacity proxy,opaque nonprofit advocacy capacity proxy,,0.5500
NATIONAL ASSOCIATION OF PRIVATE SPECIAL EDUCATION CENTERS,Opaque issue-advocacy capacity,democracy,0.0056,DARK_MONEY,0.1200,0.7400,237277189,https://www.irs.gov/pub/irs-soi/eo_dc.csv,501(c)(4) capacity proxy,opaque nonprofit advocacy capacity proxy,,0.5500
INTERNATIONAL CHEWING GUM ASSOCIATION,Opaque issue-advocacy capacity,democracy,0.0056,DARK_MONEY,0.2400,0.6400,300630080,https://www.irs.gov/pub/irs-soi/eo_dc.csv,501(c)(6) capacity proxy,opaque nonprofit advocacy capacity proxy,,0.5500
WORLD FEDERATION OF DIRECT SELLING ASSOCIATIONS,Opaque issue-advocacy capacity,democracy,0.0056,DARK_MONEY,0.2400,0.6400,521160707,https://www.irs.gov/pub/irs-soi/eo_dc.csv,501(c)(6) capacity proxy,opaque nonprofit advocacy capacity proxy,,0.5500
MODIFICATION AND REPLACEMENT PARTS ASSOCIATION INC,Opaque issue-advocacy capacity,democracy,0.0055,DARK_MONEY,0.2400,0.6400,260499742,https://www.irs.gov/pub/irs-soi/eo_dc.csv,501(c)(6) capacity proxy,opaque nonprofit advocacy capacity proxy,,0.5500
DIGITAL CITIZENS ACTION ALLIANCE,Opaque issue-advocacy capacity,democracy,0.0055,DARK_MONEY,0.2400,0.6400,460820996,https://www.irs.gov/pub/irs-soi/eo_dc.csv,501(c)(6) capacity proxy,opaque nonprofit advocacy capacity proxy,,0.5500
AMERICAN COALITION FOR TAXPAYER RIGHTS INC,Opaque issue-advocacy capacity,finance,0.0054,DARK_MONEY,0.2400,0.6400,452940662,https://www.irs.gov/pub/irs-soi/eo_dc.csv,501(c)(6) capacity proxy,opaque nonprofit advocacy capacity proxy,,0.5500
COMMITTEE ON INVESTMENT OF EMPLOYEE BENEFIT ASSETS INC,Opaque issue-advocacy capacity,democracy,0.0054,DARK_MONEY,0.2400,0.6400,475104757,https://www.irs.gov/pub/irs-soi/eo_dc.csv,501(c)(6) capacity proxy,opaque nonprofit advocacy capacity proxy,,0.5500
SWEETENER USERS ASSOCIATION,Opaque issue-advocacy capacity,democracy,0.0054,DARK_MONEY,0.2400,0.6400,521493563,https://www.irs.gov/pub/irs-soi/eo_dc.csv,501(c)(6) capacity proxy,opaque nonprofit advocacy capacity proxy,,0.5500
NATIONAL CERTIFICATION COUNCIL FOR ACTIVITY PROFESSIONALS,Opaque issue-advocacy capacity,democracy,0.0053,DARK_MONEY,0.2400,0.6400,363479935,https://www.irs.gov/pub/irs-soi/eo_dc.csv,501(c)(6) capacity proxy,opaque nonprofit advocacy capacity proxy,,0.5500
WOMEN IMPACTING PUBLIC POLICY INC,Opaque issue-advocacy capacity,democracy,0.0053,DARK_MONEY,0.2400,0.6400,383610205,https://www.irs.gov/pub/irs-soi/eo_dc.csv,501(c)(6) capacity proxy,opaque nonprofit advocacy capacity proxy,,0.5500
NATIONAL ASSOCIATION OF LOCAL HOUSING FINANCE AGENCIES,Opaque issue-advocacy capacity,finance,0.0052,DARK_MONEY,0.2400,0.6400,521293119,https://www.irs.gov/pub/irs-soi/eo_dc.csv,501(c)(6) capacity proxy,opaque nonprofit advocacy capacity proxy,,0.5500
ELECTRIFICATION COALITION ALLIANCE INC,Opaque issue-advocacy capacity,democracy,0.0051,DARK_MONEY,0.1200,0.7400,010927325,https://www.irs.gov/pub/irs-soi/eo_dc.csv,501(c)(4) capacity proxy,opaque nonprofit advocacy capacity proxy,,0.5500
USAGAINSTALZHEIMERS ACTION,Opaque issue-advocacy capacity,democracy,0.0051,DARK_MONEY,0.1200,0.7400,271538205,https://www.irs.gov/pub/irs-soi/eo_dc.csv,501(c)(4) capacity proxy,opaque nonprofit advocacy capacity proxy,,0.5500
INTERNATIONAL FORUM,Opaque issue-advocacy capacity,democracy,0.0051,DARK_MONEY,0.2400,0.6400,510174950,https://www.irs.gov/pub/irs-soi/eo_dc.csv,501(c)(6) capacity proxy,opaque nonprofit advocacy capacity proxy,,0.5500
NATIVE AMERICAN CONTRACTORS ASSOCIATION,Opaque issue-advocacy capacity,procurement,0.0050,DARK_MONEY,0.2400,0.6400,200438232,https://www.irs.gov/pub/irs-soi/eo_dc.csv,501(c)(6) capacity proxy,opaque nonprofit advocacy capacity proxy,,0.5500
AMERICANS FOR THE ARTS ACTION FUND,Opaque issue-advocacy capacity,democracy,0.0050,DARK_MONEY,0.1200,0.7400,201427963,https://www.irs.gov/pub/irs-soi/eo_dc.csv,501(c)(4) capacity proxy,opaque nonprofit advocacy capacity proxy,,0.5500
AMERICAN ASSOCIATION OF CHILD AND ADOLESCENT PSYCHIATRY,Opaque issue-advocacy capacity,democracy,0.0050,DARK_MONEY,0.2400,0.6400,463269663,https://www.irs.gov/pub/irs-soi/eo_dc.csv,501(c)(6) capacity proxy,opaque nonprofit advocacy capacity proxy,,0.5500
WASHINGTON INTERNATIONAL TRADE ASSOCIATION,Opaque issue-advocacy capacity,democracy,0.0049,DARK_MONEY,0.2400,0.6400,521462468,https://www.irs.gov/pub/irs-soi/eo_dc.csv,501(c)(6) capacity proxy,opaque nonprofit advocacy capacity proxy,,0.5500
COUNCIL FOR QUALITY RESPIRATORY CARE,Opaque issue-advocacy capacity,democracy,0.0048,DARK_MONEY,0.1200,0.7400,205120363,https://www.irs.gov/pub/irs-soi/eo_dc.csv,501(c)(4) capacity proxy,opaque nonprofit advocacy capacity proxy,,0.5500
WINDOW COVERINGS MANUFACTURERS ASSOCIATION INC,Opaque issue-advocacy capacity,democracy,0.0048,DARK_MONEY,0.2400,0.6400,222293809,https://www.irs.gov/pub/irs-soi/eo_dc.csv,501(c)(6) capacity proxy,opaque nonprofit advocacy capacity proxy,,0.5500
NATIONAL LEASED HOUSING ASSOCIATION,Opaque issue-advocacy capacity,democracy,0.0048,DARK_MONEY,0.2400,0.6400,237304915,https://www.irs.gov/pub/irs-soi/eo_dc.csv,501(c)(6) capacity proxy,opaque nonprofit advocacy capacity proxy,,0.5500
AMERICAN ASSOCIATION OF CROP INSURERS,Opaque issue-advocacy capacity,democracy,0.0048,DARK_MONEY,0.2400,0.6400,363223956,https://www.irs.gov/pub/irs-soi/eo_dc.csv,501(c)(6) capacity proxy,opaque nonprofit advocacy capacity proxy,,0.5500
FINANCIAL SERVICES INNOVATION COALITION FSIC,Opaque issue-advocacy capacity,democracy,0.0048,DARK_MONEY,0.1200,0.7400,454436072,https://www.irs.gov/pub/irs-soi/eo_dc.csv,501(c)(4) capacity proxy,opaque nonprofit advocacy capacity proxy,,0.5500
GPS INNOVATION ALLIANCE,Opaque issue-advocacy capacity,democracy,0.0047,DARK_MONEY,0.2400,0.6400,464171871,https://www.irs.gov/pub/irs-soi/eo_dc.csv,501(c)(6) capacity proxy,opaque nonprofit advocacy capacity proxy,,0.5500
ENVIRONMENTAL TECHNOLOGY COUNCIL,Opaque issue-advocacy capacity,energy,0.0046,DARK_MONEY,0.2400,0.6400,521253715,https://www.irs.gov/pub/irs-soi/eo_dc.csv,501(c)(6) capacity proxy,opaque nonprofit advocacy capacity proxy,,0.5500
MDV SOLAR ENERGY INDUSTRY ASSOCIATION,Opaque issue-advocacy capacity,energy,0.0046,DARK_MONEY,0.2400,0.6400,521373539,https://www.irs.gov/pub/irs-soi/eo_dc.csv,501(c)(6) capacity proxy,opaque nonprofit advocacy capacity proxy,,0.5500
NATIONAL ASSOCIATION OF SECURITY CO INC,Opaque issue-advocacy capacity,democracy,0.0045,DARK_MONEY,0.2400,0.6400,133005663,https://www.irs.gov/pub/irs-soi/eo_dc.csv,501(c)(6) capacity proxy,opaque nonprofit advocacy capacity proxy,,0.5500
DEFINED CONTRIBUTION ALTERNATIVES ASSOCIATION,Opaque issue-advocacy capacity,democracy,0.0045,DARK_MONEY,0.2400,0.6400,364813561,https://www.irs.gov/pub/irs-soi/eo_dc.csv,501(c)(6) capacity proxy,opaque nonprofit advocacy capacity proxy,,0.5500
CONTACT LENS INSTITUTE,Opaque issue-advocacy capacity,democracy,0.0045,DARK_MONEY,0.2400,0.6400,521309154,https://www.irs.gov/pub/irs-soi/eo_dc.csv,501(c)(6) capacity proxy,opaque nonprofit advocacy capacity proxy,,0.5500
NATIONAL ASSOCIATION PRINTING INK MANUFACTURERS INC,Opaque issue-advocacy capacity,democracy,0.0044,DARK_MONEY,0.2400,0.6400,131084380,https://www.irs.gov/pub/irs-soi/eo_dc.csv,501(c)(6) capacity proxy,opaque nonprofit advocacy capacity proxy,,0.5500
ALLIANCE FOR A STRONGER FDA INC,Opaque issue-advocacy capacity,democracy,0.0044,DARK_MONEY,0.1200,0.7400,204669553,https://www.irs.gov/pub/irs-soi/eo_dc.csv,501(c)(4) capacity proxy,opaque nonprofit advocacy capacity proxy,,0.5500
NATIONAL PASTA ASSOCIATION,Opaque issue-advocacy capacity,democracy,0.0044,DARK_MONEY,0.2400,0.6400,361524090,https://www.irs.gov/pub/irs-soi/eo_dc.csv,501(c)(6) capacity proxy,opaque nonprofit advocacy capacity proxy,,0.5500
NATIONAL NEIGHBORWORKS ASSOCIATION,Opaque issue-advocacy capacity,democracy,0.0043,DARK_MONEY,0.2400,0.6400,364194807,https://www.irs.gov/pub/irs-soi/eo_dc.csv,501(c)(6) capacity proxy,opaque nonprofit advocacy capacity proxy,,0.5500
NONPROFIT KIDNEY CARE ALLIANCE,Opaque issue-advocacy capacity,democracy,0.0043,DARK_MONEY,0.1200,0.7400,461904678,https://www.irs.gov/pub/irs-soi/eo_dc.csv,501(c)(4) capacity proxy,opaque nonprofit advocacy capacity proxy,,0.5500
HISPANIC NATIONAL BAR ASSOCIATION,Opaque issue-advocacy capacity,democracy,0.0043,DARK_MONEY,0.2400,0.6400,521333974,https://www.irs.gov/pub/irs-soi/eo_dc.csv,501(c)(6) capacity proxy,opaque nonprofit advocacy capacity proxy,,0.5500
NATIONAL ASSOC OF EPILEPSY CENTERS,Opaque issue-advocacy capacity,democracy,0.0042,DARK_MONEY,0.2400,0.6400,411596217,https://www.irs.gov/pub/irs-soi/eo_dc.csv,501(c)(6) capacity proxy,opaque nonprofit advocacy capacity proxy,,0.5500
SWEDISH-AMERICAN CHAMBER OF COMMERCE OF THE USA INC,Opaque issue-advocacy capacity,democracy,0.0041,DARK_MONEY,0.2400,0.6400,133871781,https://www.irs.gov/pub/irs-soi/eo_dc.csv,501(c)(6) capacity proxy,opaque nonprofit advocacy capacity proxy,,0.5500
OCEAN CARRIER EQUIPMENT MANAGEMENT ASSOCIATION INC,Opaque issue-advocacy capacity,democracy,0.0040,DARK_MONEY,0.2400,0.6400,202563404,https://www.irs.gov/pub/irs-soi/eo_dc.csv,501(c)(6) capacity proxy,opaque nonprofit advocacy capacity proxy,,0.5500
NATIONAL BREAST CANCER COALITION,Opaque issue-advocacy capacity,democracy,0.0040,DARK_MONEY,0.1200,0.7400,232693372,https://www.irs.gov/pub/irs-soi/eo_dc.csv,501(c)(4) capacity proxy,opaque nonprofit advocacy capacity proxy,,0.5500
UNIDOSUS ACTION FUND INC,Opaque issue-advocacy capacity,democracy,0.0040,DARK_MONEY,0.1200,0.7400,455341145,https://www.irs.gov/pub/irs-soi/eo_dc.csv,501(c)(4) capacity proxy,opaque nonprofit advocacy capacity proxy,,0.5500
AMERICAN CAR RENTAL ASSOCIATION,Opaque issue-advocacy capacity,democracy,0.0039,DARK_MONEY,0.2400,0.6400,203027881,https://www.irs.gov/pub/irs-soi/eo_dc.csv,501(c)(6) capacity proxy,opaque nonprofit advocacy capacity proxy,,0.5500
AMERICAN SMALL MANUFACTURERS COALITION,Opaque issue-advocacy capacity,democracy,0.0039,DARK_MONEY,0.2400,0.6400,382945771,https://www.irs.gov/pub/irs-soi/eo_dc.csv,501(c)(6) capacity proxy,opaque nonprofit advocacy capacity proxy,,0.5500
COUNCIL FOR A LIVABLE WORLD,Opaque issue-advocacy capacity,democracy,0.0039,DARK_MONEY,0.1200,0.7400,520746112,https://www.irs.gov/pub/irs-soi/eo_dc.csv,501(c)(4) capacity proxy,opaque nonprofit advocacy capacity proxy,,0.5500
NATIONAL COUNCIL OF RESISTANCE - US REPRESENTATIVE OFFICE -- NCRI-US,Opaque issue-advocacy capacity,democracy,0.0038,DARK_MONEY,0.1200,0.7400,461427425,https://www.irs.gov/pub/irs-soi/eo_dc.csv,501(c)(4) capacity proxy,opaque nonprofit advocacy capacity proxy,,0.5500
FRATERNITY AND SORORITY ACTION FUND,Opaque issue-advocacy capacity,democracy,0.0038,DARK_MONEY,0.1200,0.7400,474906970,https://www.irs.gov/pub/irs-soi/eo_dc.csv,501(c)(4) capacity proxy,opaque nonprofit advocacy capacity proxy,,0.5500
ALLIANCE OF NONPROFIT MAILERS,Opaque issue-advocacy capacity,democracy,0.0038,DARK_MONEY,0.1200,0.7400,521349816,https://www.irs.gov/pub/irs-soi/eo_dc.csv,501(c)(4) capacity proxy,opaque nonprofit advocacy capacity proxy,,0.5500
NATIONAL U S - ARAB CHAMBER OF COMMERCE INC,Opaque issue-advocacy capacity,democracy,0.0038,DARK_MONEY,0.2400,0.6400,521529937,https://www.irs.gov/pub/irs-soi/eo_dc.csv,501(c)(6) capacity proxy,opaque nonprofit advocacy capacity proxy,,0.5500
NATIONAL ASSOCIATION OF GOVERNMENT ARCHIVES AND RECORDS ADMINISTRATIO,Opaque issue-advocacy capacity,democracy,0.0036,DARK_MONEY,0.2400,0.6400,141665466,https://www.irs.gov/pub/irs-soi/eo_dc.csv,501(c)(6) capacity proxy,opaque nonprofit advocacy capacity proxy,,0.5500
ASSOCIATION OF VALUE AIRLINES,Opaque issue-advocacy capacity,democracy,0.0036,DARK_MONEY,0.2400,0.6400,334355463,https://www.irs.gov/pub/irs-soi/eo_dc.csv,501(c)(6) capacity proxy,opaque nonprofit advocacy capacity proxy,,0.5500
AMERICAN GREAT LAKES PORTS ASSOCIATION INC,Opaque issue-advocacy capacity,democracy,0.0035,DARK_MONEY,0.2400,0.6400,200050293,https://www.irs.gov/pub/irs-soi/eo_dc.csv,501(c)(6) capacity proxy,opaque nonprofit advocacy capacity proxy,,0.5500
IMMIGRANTS LIST CIVIC ACTION INC,Opaque issue-advocacy capacity,democracy,0.0035,DARK_MONEY,0.1200,0.7400,352317275,https://www.irs.gov/pub/irs-soi/eo_dc.csv,501(c)(4) capacity proxy,opaque nonprofit advocacy capacity proxy,,0.5500
HEALTHY MARKETS ASSOCIATION,Opaque issue-advocacy capacity,democracy,0.0035,DARK_MONEY,0.2400,0.6400,472168025,https://www.irs.gov/pub/irs-soi/eo_dc.csv,501(c)(6) capacity proxy,opaque nonprofit advocacy capacity proxy,,0.5500
NISKANEN CENTER FOR PUBLIC POLICY INC,Opaque issue-advocacy capacity,democracy,0.0035,DARK_MONEY,0.1200,0.7400,474946572,https://www.irs.gov/pub/irs-soi/eo_dc.csv,501(c)(4) capacity proxy,opaque nonprofit advocacy capacity proxy,,0.5500
COALITION FOR ACCESS NOW,Opaque issue-advocacy capacity,democracy,0.0034,DARK_MONEY,0.1200,0.7400,473126658,https://www.irs.gov/pub/irs-soi/eo_dc.csv,501(c)(4) capacity proxy,opaque nonprofit advocacy capacity proxy,,0.5500
AMERICAN THERAPEUTIC RECREATION ASSOCIATION,Opaque issue-advocacy capacity,democracy,0.0033,DARK_MONEY,0.2400,0.6400,382632462,https://www.irs.gov/pub/irs-soi/eo_dc.csv,501(c)(6) capacity proxy,opaque nonprofit advocacy capacity proxy,,0.5500
THIRD PARTY PAYMENT PROCESSORS ASSOCIATION LLC,Opaque issue-advocacy capacity,democracy,0.0033,DARK_MONEY,0.2400,0.6400,463295294,https://www.irs.gov/pub/irs-soi/eo_dc.csv,501(c)(6) capacity proxy,opaque nonprofit advocacy capacity proxy,,0.5500
COMPLEX INSURANCE CLAIMS LITIGATION ASSOCIATION INC,Opaque issue-advocacy capacity,finance,0.0033,DARK_MONEY,0.2400,0.6400,510296468,https://www.irs.gov/pub/irs-soi/eo_dc.csv,501(c)(6) capacity proxy,opaque nonprofit advocacy capacity proxy,,0.5500
THE PALISADES CITIZENS ASSOCIATION INCORPORATED,Opaque issue-advocacy capacity,democracy,0.0033,DARK_MONEY,0.1200,0.7400,520040356,https://www.irs.gov/pub/irs-soi/eo_dc.csv,501(c)(4) capacity proxy,opaque nonprofit advocacy capacity proxy,,0.5500
NATIONAL INSTITUTES FOR WATER RESOURCES INC,Opaque issue-advocacy capacity,democracy,0.0032,DARK_MONEY,0.1200,0.7400,020449162,https://www.irs.gov/pub/irs-soi/eo_dc.csv,501(c)(4) capacity proxy,opaque nonprofit advocacy capacity proxy,,0.5500
NATIONAL ASSOCIATION OF HISPANIC PUBLICATIONS INC,Opaque issue-advocacy capacity,democracy,0.0032,DARK_MONEY,0.2400,0.6400,113707849,https://www.irs.gov/pub/irs-soi/eo_dc.csv,501(c)(6) capacity proxy,opaque nonprofit advocacy capacity proxy,,0.5500
MANUFACTURED HOUSING ASSOCIATION FOR REGULATORY REFORM,Opaque issue-advocacy capacity,democracy,0.0032,DARK_MONEY,0.2400,0.6400,521402909,https://www.irs.gov/pub/irs-soi/eo_dc.csv,501(c)(6) capacity proxy,opaque nonprofit advocacy capacity proxy,,0.5500
GERMAN AMERICAN BUSINESS COUNCIL INC,Opaque issue-advocacy capacity,democracy,0.0031,DARK_MONEY,0.2400,0.6400,201842368,https://www.irs.gov/pub/irs-soi/eo_dc.csv,501(c)(6) capacity proxy,opaque nonprofit advocacy capacity proxy,,0.5500
NEW YORK SOCIETY OF ASSOCIATION EXECUTIVES INC,Opaque issue-advocacy capacity,democracy,0.0031,DARK_MONEY,0.2400,0.6400,237368380,https://www.irs.gov/pub/irs-soi/eo_dc.csv,501(c)(6) capacity proxy,opaque nonprofit advocacy capacity proxy,,0.5500
NATIONAL ASSOCIATION OF REHABILITATION AGENCIES,Opaque issue-advocacy capacity,democracy,0.0031,DARK_MONEY,0.2400,0.6400,311026576,https://www.irs.gov/pub/irs-soi/eo_dc.csv,501(c)(6) capacity proxy,opaque nonprofit advocacy capacity proxy,,0.5500
SMALL UAV COALITION INC,Opaque issue-advocacy capacity,democracy,0.0031,DARK_MONEY,0.2400,0.6400,471867920,https://www.irs.gov/pub/irs-soi/eo_dc.csv,501(c)(6) capacity proxy,opaque nonprofit advocacy capacity proxy,,0.5500
AMERICAN CHAMBER OF COMMERCE IN EGYPT INC,Opaque issue-advocacy capacity,democracy,0.0031,DARK_MONEY,0.2400,0.6400,472947843,https://www.irs.gov/pub/irs-soi/eo_dc.csv,501(c)(6) capacity proxy,opaque nonprofit advocacy capacity proxy,,0.5500
AMERICAN HELLENIC INSTITUTE INC,Opaque issue-advocacy capacity,democracy,0.0031,DARK_MONEY,0.2400,0.6400,521006027,https://www.irs.gov/pub/irs-soi/eo_dc.csv,501(c)(6) capacity proxy,opaque nonprofit advocacy capacity proxy,,0.5500
CHARTER SCHOOLS ACTION FUND,Opaque issue-advocacy capacity,democracy,0.0030,DARK_MONEY,0.1200,0.7400,472045681,https://www.irs.gov/pub/irs-soi/eo_dc.csv,501(c)(4) capacity proxy,opaque nonprofit advocacy capacity proxy,,0.5500
DISTRICT OF COLUMBIA HEALTH CARE ASSOCIATION,Opaque issue-advocacy capacity,democracy,0.0030,DARK_MONEY,0.2400,0.6400,510342646,https://www.irs.gov/pub/irs-soi/eo_dc.csv,501(c)(6) capacity proxy,opaque nonprofit advocacy capacity proxy,,0.5500
INTERNATIONAL ASSOCIATION OF COLOR MANUFACTURERS INC,Opaque issue-advocacy capacity,democracy,0.0030,DARK_MONEY,0.2400,0.6400,521070715,https://www.irs.gov/pub/irs-soi/eo_dc.csv,501(c)(6) capacity proxy,opaque nonprofit advocacy capacity proxy,,0.5500
SORPTIVE MINERALS INSTITUTE,Opaque issue-advocacy capacity,democracy,0.0029,DARK_MONEY,0.2400,0.6400,237076764,https://www.irs.gov/pub/irs-soi/eo_dc.csv,501(c)(6) capacity proxy,opaque nonprofit advocacy capacity proxy,,0.5500
URBAN SERVING UNIVERSITIES COALITION INC,Opaque issue-advocacy capacity,democracy,0.0029,DARK_MONEY,0.2400,0.6400,432065865,https://www.irs.gov/pub/irs-soi/eo_dc.csv,501(c)(6) capacity proxy,opaque nonprofit advocacy capacity proxy,,0.5500
SECURITY HARDWARE DISTRIBUTORS ASSOCIATION INC,Opaque issue-advocacy capacity,democracy,0.0028,DARK_MONEY,0.2400,0.6400,112301434,https://www.irs.gov/pub/irs-soi/eo_dc.csv,501(c)(6) capacity proxy,opaque nonprofit advocacy capacity proxy,,0.5500
CERTIFICATION INSTITUTE FOR RESEARCH QUALITY INC,Opaque issue-advocacy capacity,democracy,0.0028,DARK_MONEY,0.2400,0.6400,271484712,https://www.irs.gov/pub/irs-soi/eo_dc.csv,501(c)(6) capacity proxy,opaque nonprofit advocacy capacity proxy,,0.5500
REAL ESTATE VALUATION ADVOCACY ASSOCIATION,Opaque issue-advocacy capacity,democracy,0.0028,DARK_MONEY,0.2400,0.6400,454238569,https://www.irs.gov/pub/irs-soi/eo_dc.csv,501(c)(6) capacity proxy,opaque nonprofit advocacy capacity proxy,,0.5500
NATIVE AMERICAN FINANCIAL SERVICES ASSOCIATION,Opaque issue-advocacy capacity,democracy,0.0028,DARK_MONEY,0.2400,0.6400,455572815,https://www.irs.gov/pub/irs-soi/eo_dc.csv,501(c)(6) capacity proxy,opaque nonprofit advocacy capacity proxy,,0.5500
FINANCIAL SERVICE CENTERS OF NEW YORK INC A TRADE ASSOCIATION,Opaque issue-advocacy capacity,democracy,0.0027,DARK_MONEY,0.2400,0.6400,136110520,https://www.irs.gov/pub/irs-soi/eo_dc.csv,501(c)(6) capacity proxy,opaque nonprofit advocacy capacity proxy,,0.5500
ORGANIC AND NATURAL HEALTH ASSOCIATION,Opaque issue-advocacy capacity,democracy,0.0027,DARK_MONEY,0.2400,0.6400,471332618,https://www.irs.gov/pub/irs-soi/eo_dc.csv,501(c)(6) capacity proxy,opaque nonprofit advocacy capacity proxy,,0.5500
NATIONAL COUNCIL OF URBAN EDUCATION ASSOCIATES NCUEA,Opaque issue-advocacy capacity,democracy,0.0027,DARK_MONEY,0.2400,0.6400,521320900,https://www.irs.gov/pub/irs-soi/eo_dc.csv,501(c)(6) capacity proxy,opaque nonprofit advocacy capacity proxy,,0.5500
NATIONAL POSTAL POLICY COUNCIL INC,Opaque issue-advocacy capacity,democracy,0.0027,DARK_MONEY,0.2400,0.6400,521333251,https://www.irs.gov/pub/irs-soi/eo_dc.csv,501(c)(6) capacity proxy,opaque nonprofit advocacy capacity proxy,,0.5500
ENZYME TECHNICAL ASSOCIATION,Opaque issue-advocacy capacity,democracy,0.0027,DARK_MONEY,0.2400,0.6400,521376033,https://www.irs.gov/pub/irs-soi/eo_dc.csv,501(c)(6) capacity proxy,opaque nonprofit advocacy capacity proxy,,0.5500
TRUMAN NATIONAL SECURITY PROJECT INC,Opaque issue-advocacy capacity,democracy,0.0026,DARK_MONEY,0.1200,0.7400,201597444,https://www.irs.gov/pub/irs-soi/eo_dc.csv,501(c)(4) capacity proxy,opaque nonprofit advocacy capacity proxy,,0.5500
SECULAR COALITION FOR AMERICA INC,Opaque issue-advocacy capacity,democracy,0.0026,DARK_MONEY,0.1200,0.7400,260058528,https://www.irs.gov/pub/irs-soi/eo_dc.csv,501(c)(4) capacity proxy,opaque nonprofit advocacy capacity proxy,,0.5500
STEM EDUCATION COALITION INC,Opaque issue-advocacy capacity,democracy,0.0026,DARK_MONEY,0.1200,0.7400,472094530,https://www.irs.gov/pub/irs-soi/eo_dc.csv,501(c)(4) capacity proxy,opaque nonprofit advocacy capacity proxy,,0.5500
TRIAL LAWYERS ASSOCIATION OF METROPOLITIAN WASHINGTON DC,Opaque issue-advocacy capacity,democracy,0.0026,DARK_MONEY,0.2400,0.6400,521437736,https://www.irs.gov/pub/irs-soi/eo_dc.csv,501(c)(6) capacity proxy,opaque nonprofit advocacy capacity proxy,,0.5500
NATIONAL MARITIME SAFETY ASSOCIATION INC,Opaque issue-advocacy capacity,democracy,0.0025,DARK_MONEY,0.2400,0.6400,232119829,https://www.irs.gov/pub/irs-soi/eo_dc.csv,501(c)(6) capacity proxy,opaque nonprofit advocacy capacity proxy,,0.5500
ASSOCIATION OF ADMINISTRATORS OF INTERSTATE COMPACT ON,Opaque issue-advocacy capacity,democracy,0.0025,DARK_MONEY,0.2400,0.6400,521479559,https://www.irs.gov/pub/irs-soi/eo_dc.csv,501(c)(6) capacity proxy,opaque nonprofit advocacy capacity proxy,,0.5500
NATIONAL LGBTQ TASK FORCE ACTION FUND INC,Opaque issue-advocacy capacity,democracy,0.0024,DARK_MONEY,0.1200,0.7400,132772832,https://www.irs.gov/pub/irs-soi/eo_dc.csv,501(c)(4) capacity proxy,opaque nonprofit advocacy capacity proxy,,0.5500
COALITION FOR AMERICAS GATEWAYS AND TRADE CORRIDORS,Opaque issue-advocacy capacity,democracy,0.0024,DARK_MONEY,0.2400,0.6400,300599859,https://www.irs.gov/pub/irs-soi/eo_dc.csv,501(c)(6) capacity proxy,opaque nonprofit advocacy capacity proxy,,0.5500
NATIONAL SPECIAL DISTRICTS ASSOCIATION,Opaque issue-advocacy capacity,democracy,0.0023,DARK_MONEY,0.2400,0.6400,332638989,https://www.irs.gov/pub/irs-soi/eo_dc.csv,501(c)(6) capacity proxy,opaque nonprofit advocacy capacity proxy,,0.5500
AMERICAN SUSTAINABLE BUSINESS COUNCIL INC,Opaque issue-advocacy capacity,democracy,0.0023,DARK_MONEY,0.1200,0.7400,452387029,https://www.irs.gov/pub/irs-soi/eo_dc.csv,501(c)(4) capacity proxy,opaque nonprofit advocacy capacity proxy,,0.5500
UNITED STATES ADVANCED CERAMICS ASSOCIATION,Opaque issue-advocacy capacity,democracy,0.0023,DARK_MONEY,0.2400,0.6400,521459687,https://www.irs.gov/pub/irs-soi/eo_dc.csv,501(c)(6) capacity proxy,opaque nonprofit advocacy capacity proxy,,0.5500
INDUSTRY COUNCIL FOR EMERGENCY RESPONSE TECHNOLOGIES INC,Opaque issue-advocacy capacity,democracy,0.0022,DARK_MONEY,0.2400,0.6400,203878470,https://www.irs.gov/pub/irs-soi/eo_dc.csv,501(c)(6) capacity proxy,opaque nonprofit advocacy capacity proxy,,0.5500
AMERICAN DENTAL ASSISTANTS ASSOCIATION,Opaque issue-advocacy capacity,democracy,0.0022,DARK_MONEY,0.2400,0.6400,350830295,https://www.irs.gov/pub/irs-soi/eo_dc.csv,501(c)(6) capacity proxy,opaque nonprofit advocacy capacity proxy,,0.5500
WINDOW COVERING SAFETY COUNCIL INC,Opaque issue-advocacy capacity,democracy,0.0021,DARK_MONEY,0.2400,0.6400,223321197,https://www.irs.gov/pub/irs-soi/eo_dc.csv,501(c)(6) capacity proxy,opaque nonprofit advocacy capacity proxy,,0.5500
CELLULOSE INSULATION MANUFACTURERS ASSOCIATION,Opaque issue-advocacy capacity,democracy,0.0021,DARK_MONEY,0.2400,0.6400,311096862,https://www.irs.gov/pub/irs-soi/eo_dc.csv,501(c)(6) capacity proxy,opaque nonprofit advocacy capacity proxy,,0.5500
EMISSIONS MARKETING ASSOCIATION,Opaque issue-advocacy capacity,democracy,0.0020,DARK_MONEY,0.2400,0.6400,391867387,https://www.irs.gov/pub/irs-soi/eo_dc.csv,501(c)(6) capacity proxy,opaque nonprofit advocacy capacity proxy,,0.5500
COMMITTEE TO SUPPORT THE ANTITRUST LAWS,Opaque issue-advocacy capacity,democracy,0.0020,DARK_MONEY,0.2400,0.6400,521499360,https://www.irs.gov/pub/irs-soi/eo_dc.csv,501(c)(6) capacity proxy,opaque nonprofit advocacy capacity proxy,,0.5500
CNP ACTION INC,Opaque issue-advocacy capacity,democracy,0.0020,DARK_MONEY,0.1200,0.7400,521530983,https://www.irs.gov/pub/irs-soi/eo_dc.csv,501(c)(4) capacity proxy,opaque nonprofit advocacy capacity proxy,,0.5500
HOMELAND SECURITY & DEFENSE BUSINESS COUNCIL,Opaque issue-advocacy capacity,procurement,0.0019,DARK_MONEY,0.2400,0.6400,320131567,https://www.irs.gov/pub/irs-soi/eo_dc.csv,501(c)(6) capacity proxy,opaque nonprofit advocacy capacity proxy,,0.5500
CONTINUING MEDICAL EDUCATION COALITION INC,Opaque issue-advocacy capacity,democracy,0.0019,DARK_MONEY,0.2400,0.6400,364692342,https://www.irs.gov/pub/irs-soi/eo_dc.csv,501(c)(6) capacity proxy,opaque nonprofit advocacy capacity proxy,,0.5500
ARAB AMERICAN INSTITUTE,Opaque issue-advocacy capacity,democracy,0.0019,DARK_MONEY,0.1200,0.7400,521395040,https://www.irs.gov/pub/irs-soi/eo_dc.csv,501(c)(4) capacity proxy,opaque nonprofit advocacy capacity proxy,,0.5500
FAITH IN PUBLIC LIFE ACTION FUND,Opaque issue-advocacy capacity,democracy,0.0018,DARK_MONEY,0.1200,0.7400,263827419,https://www.irs.gov/pub/irs-soi/eo_dc.csv,501(c)(4) capacity proxy,opaque nonprofit advocacy capacity proxy,,0.5500
NATIONAL INSTALLMENT LENDERS ASSOCIATION,Opaque issue-advocacy capacity,democracy,0.0018,DARK_MONEY,0.2400,0.6400,263881154,https://www.irs.gov/pub/irs-soi/eo_dc.csv,501(c)(6) capacity proxy,opaque nonprofit advocacy capacity proxy,,0.5500
NATIONAL VETERAN SMALL BUSINESS COALITION,Opaque issue-advocacy capacity,democracy,0.0018,DARK_MONEY,0.2400,0.6400,272901001,https://www.irs.gov/pub/irs-soi/eo_dc.csv,501(c)(6) capacity proxy,opaque nonprofit advocacy capacity proxy,,0.5500
CARE CONTINUUM ALLIANCE INC,Opaque issue-advocacy capacity,democracy,0.0017,DARK_MONEY,0.2400,0.6400,043448475,https://www.irs.gov/pub/irs-soi/eo_dc.csv,501(c)(6) capacity proxy,opaque nonprofit advocacy capacity proxy,,0.5500
AIRCRAFT FLEET RECYCLING ASSOCIATION,Opaque issue-advocacy capacity,democracy,0.0017,DARK_MONEY,0.2400,0.6400,208230675,https://www.irs.gov/pub/irs-soi/eo_dc.csv,501(c)(6) capacity proxy,opaque nonprofit advocacy capacity proxy,,0.5500
VINEGAR INSTITUTE,Opaque issue-advocacy capacity,democracy,0.0017,DARK_MONEY,0.2400,0.6400,237083944,https://www.irs.gov/pub/irs-soi/eo_dc.csv,501(c)(6) capacity proxy,opaque nonprofit advocacy capacity proxy,,0.5500
AMERICAN HEALTH QUALITY ASSOCIATION,Opaque issue-advocacy capacity,democracy,0.0017,DARK_MONEY,0.2400,0.6400,237392554,https://www.irs.gov/pub/irs-soi/eo_dc.csv,501(c)(6) capacity proxy,opaque nonprofit advocacy capacity proxy,,0.5500
ENERGY EQUIPMENT AND INFRASTRUCTURE ALLIANCE,Opaque issue-advocacy capacity,energy,0.0017,DARK_MONEY,0.2400,0.6400,320374377,https://www.irs.gov/pub/irs-soi/eo_dc.csv,501(c)(6) capacity proxy,opaque nonprofit advocacy capacity proxy,,0.5500
PRESERVATION ACTION,Opaque issue-advocacy capacity,democracy,0.0016,DARK_MONEY,0.1200,0.7400,237437445,https://www.irs.gov/pub/irs-soi/eo_dc.csv,501(c)(4) capacity proxy,opaque nonprofit advocacy capacity proxy,,0.5500
THE IRANIAN-AMERICAN BAR ASSOCIATION,Opaque issue-advocacy capacity,democracy,0.0016,DARK_MONEY,0.2400,0.6400,311787382,https://www.irs.gov/pub/irs-soi/eo_dc.csv,501(c)(6) capacity proxy,opaque nonprofit advocacy capacity proxy,,0.5500
NATIONAL UTILITY CONTRACTORS ASSOCIATION INC,Opaque issue-advocacy capacity,energy,0.0016,DARK_MONEY,0.2400,0.6400,454687582,https://www.irs.gov/pub/irs-soi/eo_dc.csv,501(c)(6) capacity proxy,opaque nonprofit advocacy capacity proxy,,0.5500
ALLIANCE FOR CONNECTED CARE,Opaque issue-advocacy capacity,democracy,0.0016,DARK_MONEY,0.2400,0.6400,464263046,https://www.irs.gov/pub/irs-soi/eo_dc.csv,501(c)(6) capacity proxy,opaque nonprofit advocacy capacity proxy,,0.5500
ERA COALITION INC,Opaque issue-advocacy capacity,democracy,0.0016,DARK_MONEY,0.1200,0.7400,471170242,https://www.irs.gov/pub/irs-soi/eo_dc.csv,501(c)(4) capacity proxy,opaque nonprofit advocacy capacity proxy,,0.5500
AMERICAN COUNCIL FOR CAPITAL FORMATION,Opaque issue-advocacy capacity,finance,0.0016,DARK_MONEY,0.2400,0.6400,520991278,https://www.irs.gov/pub/irs-soi/eo_dc.csv,501(c)(6) capacity proxy,opaque nonprofit advocacy capacity proxy,,0.5500
UNITED STATES FOOTWEAR MANUFACTURERS ASSOCIATION INC,Opaque issue-advocacy capacity,democracy,0.0015,DARK_MONEY,0.2400,0.6400,042943719,https://www.irs.gov/pub/irs-soi/eo_dc.csv,501(c)(6) capacity proxy,opaque nonprofit advocacy capacity proxy,,0.5500
APPLICATION DEVELOPERS ALLIANCE,Opaque issue-advocacy capacity,democracy,0.0015,DARK_MONEY,0.2400,0.6400,453969025,https://www.irs.gov/pub/irs-soi/eo_dc.csv,501(c)(6) capacity proxy,opaque nonprofit advocacy capacity proxy,,0.5500
NATIONAL LOW INCOME HOUSING POLICY CENTER,Opaque issue-advocacy capacity,democracy,0.0015,DARK_MONEY,0.1200,0.7400,521137799,https://www.irs.gov/pub/irs-soi/eo_dc.csv,501(c)(4) capacity proxy,opaque nonprofit advocacy capacity proxy,,0.5500
FRENCH AMERICAN CHAMBER OF COMMERCE OF WASHINGTON DC,Opaque issue-advocacy capacity,democracy,0.0015,DARK_MONEY,0.2400,0.6400,521496682,https://www.irs.gov/pub/irs-soi/eo_dc.csv,501(c)(6) capacity proxy,opaque nonprofit advocacy capacity proxy,,0.5500
INSTITUTIONAL LONGEVTY MARKETS ASSOCIATION INC,Opaque issue-advocacy capacity,democracy,0.0014,DARK_MONEY,0.2400,0.6400,208769162,https://www.irs.gov/pub/irs-soi/eo_dc.csv,501(c)(6) capacity proxy,opaque nonprofit advocacy capacity proxy,,0.5500
HOME FASHION PRODUCTS ASSOCIATION,Opaque issue-advocacy capacity,democracy,0.0014,DARK_MONEY,0.2400,0.6400,237069954,https://www.irs.gov/pub/irs-soi/eo_dc.csv,501(c)(6) capacity proxy,opaque nonprofit advocacy capacity proxy,,0.5500
FEDERAL ENERGY REGULATORY COMMISSION FITNESS CENTER ORGANIZA,Opaque issue-advocacy capacity,energy,0.0014,DARK_MONEY,0.1200,0.7400,521568129,https://www.irs.gov/pub/irs-soi/eo_dc.csv,501(c)(4) capacity proxy,opaque nonprofit advocacy capacity proxy,,0.5500
YACHT BROKERS ASSOCIATION OF AMERICA INC,Opaque issue-advocacy capacity,democracy,0.0013,DARK_MONEY,0.2400,0.6400,042986688,https://www.irs.gov/pub/irs-soi/eo_dc.csv,501(c)(6) capacity proxy,opaque nonprofit advocacy capacity proxy,,0.5500
DC HISPANIC CONTRACTORS ASSOCIATION,Opaque issue-advocacy capacity,procurement,0.0013,DARK_MONEY,0.2400,0.6400,205325447,https://www.irs.gov/pub/irs-soi/eo_dc.csv,501(c)(6) capacity proxy,opaque nonprofit advocacy capacity proxy,,0.5500
ALASKA WILDERNESS LEAGUE ACTION INC,Opaque issue-advocacy capacity,democracy,0.0013,DARK_MONEY,0.1200,0.7400,300233489,https://www.irs.gov/pub/irs-soi/eo_dc.csv,501(c)(4) capacity proxy,opaque nonprofit advocacy capacity proxy,,0.5500
INTERNATIONAL SEALING DISTRIBUTION ASSOCIATION,Opaque issue-advocacy capacity,democracy,0.0013,DARK_MONEY,0.2400,0.6400,411722960,https://www.irs.gov/pub/irs-soi/eo_dc.csv,501(c)(6) capacity proxy,opaque nonprofit advocacy capacity proxy,,0.5500
WINE ORIGINS ALLIANCE,Opaque issue-advocacy capacity,democracy,0.0013,DARK_MONEY,0.2400,0.6400,473580770,https://www.irs.gov/pub/irs-soi/eo_dc.csv,501(c)(6) capacity proxy,opaque nonprofit advocacy capacity proxy,,0.5500
STOP CHILD PREDATORS COALITION,Opaque issue-advocacy capacity,democracy,0.0012,DARK_MONEY,0.1200,0.7400,300348385,https://www.irs.gov/pub/irs-soi/eo_dc.csv,501(c)(4) capacity proxy,opaque nonprofit advocacy capacity proxy,,0.5500
NATIONAL BUS TRAFFIC ASSOCIATION INCORPORATED,Opaque issue-advocacy capacity,democracy,0.0012,DARK_MONEY,0.2400,0.6400,361521425,https://www.irs.gov/pub/irs-soi/eo_dc.csv,501(c)(6) capacity proxy,opaque nonprofit advocacy capacity proxy,,0.5500
BUSINESS-GOVERNMENT RELATIONS COUNCIL,Opaque issue-advocacy capacity,democracy,0.0012,DARK_MONEY,0.2400,0.6400,520852291,https://www.irs.gov/pub/irs-soi/eo_dc.csv,501(c)(6) capacity proxy,opaque nonprofit advocacy capacity proxy,,0.5500
COALITIONS FOR AMERICA,Opaque issue-advocacy capacity,democracy,0.0012,DARK_MONEY,0.1200,0.7400,521096056,https://www.irs.gov/pub/irs-soi/eo_dc.csv,501(c)(4) capacity proxy,opaque nonprofit advocacy capacity proxy,,0.5500
SCHILLER INSTITUTE INC,Opaque issue-advocacy capacity,democracy,0.0012,DARK_MONEY,0.1200,0.7400,521349184,https://www.irs.gov/pub/irs-soi/eo_dc.csv,501(c)(4) capacity proxy,opaque nonprofit advocacy capacity proxy,,0.5500
DISTRICT OF COLUMBIA HOME HEALTH ASSOCIATION,Opaque issue-advocacy capacity,democracy,0.0011,DARK_MONEY,0.2400,0.6400,453786264,https://www.irs.gov/pub/irs-soi/eo_dc.csv,501(c)(6) capacity proxy,opaque nonprofit advocacy capacity proxy,,0.5500
INTERNATIONAL TECHNICAL CARAMEL ASSOCIATION INC,Opaque issue-advocacy capacity,democracy,0.0011,DARK_MONEY,0.2400,0.6400,521072092,https://www.irs.gov/pub/irs-soi/eo_dc.csv,501(c)(6) capacity proxy,opaque nonprofit advocacy capacity proxy,,0.5500
HISPANIC BAR ASSOCIATION OF THE DISTRICT OF COLUMBIA,Opaque issue-advocacy capacity,democracy,0.0011,DARK_MONEY,0.2400,0.6400,521120701,https://www.irs.gov/pub/irs-soi/eo_dc.csv,501(c)(6) capacity proxy,opaque nonprofit advocacy capacity proxy,,0.5500
INTERNATIONAL SEA GLASS ASSOCIATION INC,Opaque issue-advocacy capacity,democracy,0.0010,DARK_MONEY,0.1200,0.7400,205383052,https://www.irs.gov/pub/irs-soi/eo_dc.csv,501(c)(4) capacity proxy,opaque nonprofit advocacy capacity proxy,,0.5500
STRUCTURAL ENGINEERING ASSOCIATION OF METROPOLITAN WASHINGTON,Opaque issue-advocacy capacity,democracy,0.0010,DARK_MONEY,0.2400,0.6400,205863317,https://www.irs.gov/pub/irs-soi/eo_dc.csv,501(c)(6) capacity proxy,opaque nonprofit advocacy capacity proxy,,0.5500
ASSOCIATION OF VETERINARY BIOLOGICS COMPANIES,Opaque issue-advocacy capacity,democracy,0.0010,DARK_MONEY,0.2400,0.6400,481178853,https://www.irs.gov/pub/irs-soi/eo_dc.csv,501(c)(6) capacity proxy,opaque nonprofit advocacy capacity proxy,,0.5500
PERFORMING ARTS ALLIANCE INC,Opaque issue-advocacy capacity,democracy,0.0010,DARK_MONEY,0.1200,0.7400,521101177,https://www.irs.gov/pub/irs-soi/eo_dc.csv,501(c)(4) capacity proxy,opaque nonprofit advocacy capacity proxy,,0.5500
ASSOCIATION OF WOMEN IN INTL TRADE INC,Opaque issue-advocacy capacity,democracy,0.0010,DARK_MONEY,0.2400,0.6400,521558277,https://www.irs.gov/pub/irs-soi/eo_dc.csv,501(c)(6) capacity proxy,opaque nonprofit advocacy capacity proxy,,0.5500
NATIONAL COUNCIL ON INTERNATIONAL TRADE DEVELOPMENT,Opaque issue-advocacy capacity,democracy,0.0009,DARK_MONEY,0.2400,0.6400,132595386,https://www.irs.gov/pub/irs-soi/eo_dc.csv,501(c)(6) capacity proxy,opaque nonprofit advocacy capacity proxy,,0.5500
GREATER WASHINGTON BUSINESS AVIATION ASSOCIATION INC,Opaque issue-advocacy capacity,democracy,0.0009,DARK_MONEY,0.2400,0.6400,202207198,https://www.irs.gov/pub/irs-soi/eo_dc.csv,501(c)(6) capacity proxy,opaque nonprofit advocacy capacity proxy,,0.5500
AMERICAN ASSOCIATION OF PUBLIC INSURANCE ADJUSTERS,Opaque issue-advocacy capacity,finance,0.0009,DARK_MONEY,0.2400,0.6400,271606890,https://www.irs.gov/pub/irs-soi/eo_dc.csv,501(c)(6) capacity proxy,opaque nonprofit advocacy capacity proxy,,0.5500
CHEMICAL INDUSTRY LABOR MANAGEMENT COMMITTEE TRUST,Opaque issue-advocacy capacity,democracy,0.0009,DARK_MONEY,0.2400,0.6400,475075084,https://www.irs.gov/pub/irs-soi/eo_dc.csv,501(c)(6) capacity proxy,opaque nonprofit advocacy capacity proxy,,0.5500
NATIONAL ASSOCIATION OF COUNTY ADMINISTRATORS INC,Opaque issue-advocacy capacity,democracy,0.0009,DARK_MONEY,0.2400,0.6400,521557554,https://www.irs.gov/pub/irs-soi/eo_dc.csv,501(c)(6) capacity proxy,opaque nonprofit advocacy capacity proxy,,0.5500
ASSOCIATION OF PROFESSIONAL FUTURISTS,Opaque issue-advocacy capacity,democracy,0.0008,DARK_MONEY,0.2400,0.6400,432019676,https://www.irs.gov/pub/irs-soi/eo_dc.csv,501(c)(6) capacity proxy,opaque nonprofit advocacy capacity proxy,,0.5500
JUSTICE ACTION NETWORK,Opaque issue-advocacy capacity,democracy,0.0008,DARK_MONEY,0.1200,0.7400,472975432,https://www.irs.gov/pub/irs-soi/eo_dc.csv,501(c)(4) capacity proxy,opaque nonprofit advocacy capacity proxy,,0.5500
HIGHER EDUCATION VIDEO GAME ALLIANCE,Opaque issue-advocacy capacity,democracy,0.0008,DARK_MONEY,0.2400,0.6400,475563763,https://www.irs.gov/pub/irs-soi/eo_dc.csv,501(c)(6) capacity proxy,opaque nonprofit advocacy capacity proxy,,0.5500
CHLORINATED PARAFFINS INDUSTRY ASSOCIATION,Opaque issue-advocacy capacity,democracy,0.0008,DARK_MONEY,0.2400,0.6400,521534760,https://www.irs.gov/pub/irs-soi/eo_dc.csv,501(c)(6) capacity proxy,opaque nonprofit advocacy capacity proxy,,0.5500
NORWEGIAN-AMERICAN CHAMBER OF COMMERCE MID-ATLANTIC CHAPTER INC,Opaque issue-advocacy capacity,democracy,0.0007,DARK_MONEY,0.2400,0.6400,050536672,https://www.irs.gov/pub/irs-soi/eo_dc.csv,501(c)(6) capacity proxy,opaque nonprofit advocacy capacity proxy,,0.5500
INSTITUTE OF MANAGEMENT CONSULTANTS USA INC,Opaque issue-advocacy capacity,democracy,0.0007,DARK_MONEY,0.2400,0.6400,133532599,https://www.irs.gov/pub/irs-soi/eo_dc.csv,501(c)(6) capacity proxy,opaque nonprofit advocacy capacity proxy,,0.5500
NORTH AMERICAN METALS COUNCIL,Opaque issue-advocacy capacity,democracy,0.0007,DARK_MONEY,0.2400,0.6400,201320884,https://www.irs.gov/pub/irs-soi/eo_dc.csv,501(c)(6) capacity proxy,opaque nonprofit advocacy capacity proxy,,0.5500
COLD FINISHED STEEL BAR INSTITUTE NFP,Opaque issue-advocacy capacity,democracy,0.0007,DARK_MONEY,0.2400,0.6400,202683139,https://www.irs.gov/pub/irs-soi/eo_dc.csv,501(c)(6) capacity proxy,opaque nonprofit advocacy capacity proxy,,0.5500
US-KURDISTAN BUSINESS COUNCIL,Opaque issue-advocacy capacity,democracy,0.0007,DARK_MONEY,0.2400,0.6400,453638424,https://www.irs.gov/pub/irs-soi/eo_dc.csv,501(c)(6) capacity proxy,opaque nonprofit advocacy capacity proxy,,0.5500
INTERNATIONAL TRADE COMMISSION TRIAL LAWYERS ASSOCIATION,Opaque issue-advocacy capacity,democracy,0.0007,DARK_MONEY,0.2400,0.6400,521411407,https://www.irs.gov/pub/irs-soi/eo_dc.csv,501(c)(6) capacity proxy,opaque nonprofit advocacy capacity proxy,,0.5500
LIGHTER ASSOCIATION INC,Opaque issue-advocacy capacity,democracy,0.0007,DARK_MONEY,0.2400,0.6400,521498417,https://www.irs.gov/pub/irs-soi/eo_dc.csv,501(c)(6) capacity proxy,opaque nonprofit advocacy capacity proxy,,0.5500
DEPARTMENT OF LABOR FITNESS ASSOCIATION INC,Opaque issue-advocacy capacity,energy,0.0007,DARK_MONEY,0.1200,0.7400,521568668,https://www.irs.gov/pub/irs-soi/eo_dc.csv,501(c)(4) capacity proxy,opaque nonprofit advocacy capacity proxy,,0.5500
PIPE TOBACCO COUNCIL INC,Opaque issue-advocacy capacity,democracy,0.0007,DARK_MONEY,0.2400,0.6400,521570660,https://www.irs.gov/pub/irs-soi/eo_dc.csv,501(c)(6) capacity proxy,opaque nonprofit advocacy capacity proxy,,0.5500
INDEPENDENT BAKERS ASSOCIATION INC,Opaque issue-advocacy capacity,democracy,0.0006,DARK_MONEY,0.2400,0.6400,136271761,https://www.irs.gov/pub/irs-soi/eo_dc.csv,501(c)(6) capacity proxy,opaque nonprofit advocacy capacity proxy,,0.5500
NATIONAL PUBLIC EDUCATION ACTION,Opaque issue-advocacy capacity,democracy,0.0006,DARK_MONEY,0.1200,0.7400,262819027,https://www.irs.gov/pub/irs-soi/eo_dc.csv,501(c)(4) capacity proxy,opaque nonprofit advocacy capacity proxy,,0.5500
OIL AND NATURAL GAS INDUSTRY LABOR MANAGEMENT COMMITTEE,Opaque issue-advocacy capacity,energy,0.0006,DARK_MONEY,0.2400,0.6400,270567842,https://www.irs.gov/pub/irs-soi/eo_dc.csv,501(c)(6) capacity proxy,opaque nonprofit advocacy capacity proxy,,0.5500
GROUP OF 50 FOUNDATION INC,Opaque issue-advocacy capacity,democracy,0.0006,DARK_MONEY,0.2400,0.6400,271441903,https://www.irs.gov/pub/irs-soi/eo_dc.csv,501(c)(6) capacity proxy,opaque nonprofit advocacy capacity proxy,,0.5500
NATIONAL ASSOCIATION OF NUCLEAR PHARMACIES,Opaque issue-advocacy capacity,democracy,0.0006,DARK_MONEY,0.2400,0.6400,274030019,https://www.irs.gov/pub/irs-soi/eo_dc.csv,501(c)(6) capacity proxy,opaque nonprofit advocacy capacity proxy,,0.5500
NATIONAL FILIPINO AMERICAN LAWYERS ASSOCIATION,Opaque issue-advocacy capacity,democracy,0.0006,DARK_MONEY,0.2400,0.6400,464051671,https://www.irs.gov/pub/irs-soi/eo_dc.csv,501(c)(6) capacity proxy,opaque nonprofit advocacy capacity proxy,,0.5500
NATIONAL HEMP ASSOCIATION INC,Opaque issue-advocacy capacity,democracy,0.0006,DARK_MONEY,0.2400,0.6400,465495823,https://www.irs.gov/pub/irs-soi/eo_dc.csv,501(c)(6) capacity proxy,opaque nonprofit advocacy capacity proxy,,0.5500
COMMITTEE IN SOLIDARITY WITH THE PEOPLE OF EL SALVADOR,Opaque issue-advocacy capacity,democracy,0.0006,DARK_MONEY,0.1200,0.7400,521496935,https://www.irs.gov/pub/irs-soi/eo_dc.csv,501(c)(4) capacity proxy,opaque nonprofit advocacy capacity proxy,,0.5500
INTEGRATIVE HEALTHCARE POLICY CONSORTIUM,Opaque issue-advocacy capacity,democracy,0.0005,DARK_MONEY,0.1200,0.7400,200219280,https://www.irs.gov/pub/irs-soi/eo_dc.csv,501(c)(4) capacity proxy,opaque nonprofit advocacy capacity proxy,,0.5500
HISPANIC LOBBYISTS ASSOCIATION INCORPORATED,Opaque issue-advocacy capacity,democracy,0.0005,DARK_MONEY,0.2400,0.6400,206609063,https://www.irs.gov/pub/irs-soi/eo_dc.csv,501(c)(6) capacity proxy,opaque nonprofit advocacy capacity proxy,,0.5500
LONE STAR ENERGY STORAGE ALLIANCE,Opaque issue-advocacy capacity,energy,0.0005,DARK_MONEY,0.2400,0.6400,332202405,https://www.irs.gov/pub/irs-soi/eo_dc.csv,501(c)(6) capacity proxy,opaque nonprofit advocacy capacity proxy,,0.5500
US PAN ASIAN AMERICAN CHAMBER OF COMMERCE,Opaque issue-advocacy capacity,democracy,0.0005,DARK_MONEY,0.2400,0.6400,521399806,https://www.irs.gov/pub/irs-soi/eo_dc.csv,501(c)(6) capacity proxy,opaque nonprofit advocacy capacity proxy,,0.5500
APPLE PROCESSORS ASSOCIATION,Opaque issue-advocacy capacity,democracy,0.0005,DARK_MONEY,0.2400,0.6400,521527990,https://www.irs.gov/pub/irs-soi/eo_dc.csv,501(c)(6) capacity proxy,opaque nonprofit advocacy capacity proxy,,0.5500
INTERNATIONAL FURNITURE RENTAL ASSOCIATION INC,Opaque issue-advocacy capacity,democracy,0.0004,DARK_MONEY,0.2400,0.6400,222133285,https://www.irs.gov/pub/irs-soi/eo_dc.csv,501(c)(6) capacity proxy,opaque nonprofit advocacy capacity proxy,,0.5500
ASSOCIATION OF BITUMINOUS CONTRACTORS INC,Opaque issue-advocacy capacity,procurement,0.0004,DARK_MONEY,0.2400,0.6400,237118181,https://www.irs.gov/pub/irs-soi/eo_dc.csv,501(c)(6) capacity proxy,opaque nonprofit advocacy capacity proxy,,0.5500
VOICE OF THE PEOPLE ACTION,Opaque issue-advocacy capacity,democracy,0.0004,DARK_MONEY,0.1200,0.7400,274267205,https://www.irs.gov/pub/irs-soi/eo_dc.csv,501(c)(4) capacity proxy,opaque nonprofit advocacy capacity proxy,,0.5500
AMERICAN ASSOCIATION FOR AFFIRMATIVE ACTION,Opaque issue-advocacy capacity,democracy,0.0004,DARK_MONEY,0.2400,0.6400,310896714,https://www.irs.gov/pub/irs-soi/eo_dc.csv,501(c)(6) capacity proxy,opaque nonprofit advocacy capacity proxy,,0.5500
MID-ATLANTIC VENTURE ASSOCIATION INC BALTIMORE-WASHINGTON CHAPTER,Opaque issue-advocacy capacity,democracy,0.0004,DARK_MONEY,0.2400,0.6400,521565676,https://www.irs.gov/pub/irs-soi/eo_dc.csv,501(c)(6) capacity proxy,opaque nonprofit advocacy capacity proxy,,0.5500
US-LIBYA BUSINESS COUNCIL,Opaque issue-advocacy capacity,democracy,0.0003,DARK_MONEY,0.2400,0.6400,202569685,https://www.irs.gov/pub/irs-soi/eo_dc.csv,501(c)(6) capacity proxy,opaque nonprofit advocacy capacity proxy,,0.5500
EQUIPMENT SERVICES ASSOCIATION,Opaque issue-advocacy capacity,democracy,0.0003,DARK_MONEY,0.2400,0.6400,237139970,https://www.irs.gov/pub/irs-soi/eo_dc.csv,501(c)(6) capacity proxy,opaque nonprofit advocacy capacity proxy,,0.5500
ASSOCIATION OF FEDERAL COMMUNICATIONS CONSULTING ENGINEER,Opaque issue-advocacy capacity,democracy,0.0003,DARK_MONEY,0.2400,0.6400,521126368,https://www.irs.gov/pub/irs-soi/eo_dc.csv,501(c)(6) capacity proxy,opaque nonprofit advocacy capacity proxy,,0.5500
AMERICAN BIO-RECOVERY ASSOCIATION,Opaque issue-advocacy capacity,democracy,0.0002,DARK_MONEY,0.2400,0.6400,201333381,https://www.irs.gov/pub/irs-soi/eo_dc.csv,501(c)(6) capacity proxy,opaque nonprofit advocacy capacity proxy,,0.5500
ASSOCIATION OF CHANGE MANAGEMENT PROFESSIONALS DISTRICT OF COLUMBIA,Opaque issue-advocacy capacity,democracy,0.0002,DARK_MONEY,0.2400,0.6400,464748207,https://www.irs.gov/pub/irs-soi/eo_dc.csv,501(c)(6) capacity proxy,opaque nonprofit advocacy capacity proxy,,0.5500
DISTRICT OF COLUMBIA ASSOCIATION OF NURSE ANESTHETISTS,Opaque issue-advocacy capacity,democracy,0.0002,DARK_MONEY,0.2400,0.6400,521033380,https://www.irs.gov/pub/irs-soi/eo_dc.csv,501(c)(6) capacity proxy,opaque nonprofit advocacy capacity proxy,,0.5500
WASHINGTON BAR ASSOCIATION,Opaque issue-advocacy capacity,democracy,0.0002,DARK_MONEY,0.2400,0.6400,521279152,https://www.irs.gov/pub/irs-soi/eo_dc.csv,501(c)(6) capacity proxy,opaque nonprofit advocacy capacity proxy,,0.5500
INTERNATIONAL VALVE SPRING WIRE MANUFACTURERS ASSOCIATION,Opaque issue-advocacy capacity,democracy,0.0002,DARK_MONEY,0.2400,0.6400,521483835,https://www.irs.gov/pub/irs-soi/eo_dc.csv,501(c)(6) capacity proxy,opaque nonprofit advocacy capacity proxy,,0.5500
RENEW MASSACHUSETTS COALITION INC,Opaque issue-advocacy capacity,democracy,0.0001,DARK_MONEY,0.1200,0.7400,043405595,https://www.irs.gov/pub/irs-soi/eo_dc.csv,501(c)(4) capacity proxy,opaque nonprofit advocacy capacity proxy,,0.5500
ASSOCIATION OF FREESTANDING RADIATION ONCOLOGY CENTERS,Opaque issue-advocacy capacity,democracy,0.0001,DARK_MONEY,0.2400,0.6400,330236945,https://www.irs.gov/pub/irs-soi/eo_dc.csv,501(c)(6) capacity proxy,opaque nonprofit advocacy capacity proxy,,0.5500
INTERNATIONAL HYDRALYZED PROTEIN COUNCIL,Opaque issue-advocacy capacity,democracy,0.0001,DARK_MONEY,0.2400,0.6400,521091972,https://www.irs.gov/pub/irs-soi/eo_dc.csv,501(c)(6) capacity proxy,opaque nonprofit advocacy capacity proxy,,0.5500
WASHINGTON AUTOMOTIVE PRESS ASSOCIATION,Opaque issue-advocacy capacity,democracy,0.0001,DARK_MONEY,0.2400,0.6400,521438994,https://www.irs.gov/pub/irs-soi/eo_dc.csv,501(c)(6) capacity proxy,opaque nonprofit advocacy capacity proxy,,0.5500
Ab Foundation,AB PAC,energy,26.5500,DARK_MONEY,0.0600,0.6800,275278038-2024-12-01-schedule-i-1,https://projects.propublica.org/nonprofits/full_text/202522659349300157/IRS990ScheduleI,501(c)(4) Schedule I nonprofit routing,POLITICAL ACTIVITY,,0.4800
Ab Foundation,AMERICAN INDEPENDENT MEDIA,energy,23.5000,DARK_MONEY,0.0600,0.6800,275278038-2024-12-01-schedule-i-2,https://projects.propublica.org/nonprofits/full_text/202522659349300157/IRS990ScheduleI,501(c)(4) Schedule I nonprofit routing,EDUCATION PROGRAM,,0.4800
American Action Network Inc,Congressional Leadership Fund,energy,20.0000,DARK_MONEY,0.0600,0.6800,270730508-2024-06-01-schedule-i-10,https://projects.propublica.org/nonprofits/full_text/202511359349304506/IRS990ScheduleI,501(c)(4) Schedule I nonprofit routing,general support,,0.4800
Ab Foundation,CHOOSE CHICAGO FOUNDATION,energy,4.0000,DARK_MONEY,0.0600,0.6800,275278038-2024-12-01-schedule-i-3,https://projects.propublica.org/nonprofits/full_text/202522659349300157/IRS990ScheduleI,501(c)(4) Schedule I nonprofit routing,EDUCATION PROGRAM,,0.4800
American Action Network Inc,Common Sense Leadership Fund,energy,2.0000,DARK_MONEY,0.0600,0.6800,270730508-2024-06-01-schedule-i-5,https://projects.propublica.org/nonprofits/full_text/202511359349304506/IRS990ScheduleI,501(c)(4) Schedule I nonprofit routing,issue support,,0.4800
Ab Foundation,AMERICA VOTES ACTION FUND,energy,2.0000,DARK_MONEY,0.0600,0.6800,275278038-2024-12-01-schedule-i-4,https://projects.propublica.org/nonprofits/full_text/202522659349300157/IRS990ScheduleI,501(c)(4) Schedule I nonprofit routing,POLITICAL ACTIVITY,,0.4800
American Action Network Inc,Republican Main Street Partnership,energy,1.6000,DARK_MONEY,0.0600,0.6800,270730508-2024-06-01-schedule-i-1,https://projects.propublica.org/nonprofits/full_text/202511359349304506/IRS990ScheduleI,501(c)(4) Schedule I nonprofit routing,issue support,,0.4800
American Action Network Inc,Republican Jewish Coalition,energy,1.0000,DARK_MONEY,0.0600,0.6800,270730508-2024-06-01-schedule-i-11,https://projects.propublica.org/nonprofits/full_text/202511359349304506/IRS990ScheduleI,501(c)(4) Schedule I nonprofit routing,issue support,,0.4800
American Action Network Inc,Coalition for Prosperous Communitie,energy,1.0000,DARK_MONEY,0.0600,0.6800,270730508-2024-06-01-schedule-i-2,https://projects.propublica.org/nonprofits/full_text/202511359349304506/IRS990ScheduleI,501(c)(4) Schedule I nonprofit routing,issue support,,0.4800
American Action Network Inc,Winning for Women Inc,energy,0.7500,DARK_MONEY,0.0600,0.6800,270730508-2024-06-01-schedule-i-12,https://projects.propublica.org/nonprofits/full_text/202511359349304506/IRS990ScheduleI,501(c)(4) Schedule I nonprofit routing,issue support,,0.4800
American Action Network Inc,Right Vote Inc,energy,0.7500,DARK_MONEY,0.0600,0.6800,270730508-2024-06-01-schedule-i-7,https://projects.propublica.org/nonprofits/full_text/202511359349304506/IRS990ScheduleI,501(c)(4) Schedule I nonprofit routing,issue support,,0.4800
American Action Network Inc,Fair Lines America Inc,energy,0.5000,DARK_MONEY,0.0600,0.6800,270730508-2024-06-01-schedule-i-3,https://projects.propublica.org/nonprofits/full_text/202511359349304506/IRS990ScheduleI,501(c)(4) Schedule I nonprofit routing,issue support,,0.4800
Ab Foundation,CAMPAIGN FOR AMERICA'S KIDS AND FAMILIES,democracy,0.5000,DARK_MONEY,0.0600,0.6800,275278038-2024-12-01-schedule-i-5,https://projects.propublica.org/nonprofits/full_text/202522659349300157/IRS990ScheduleI,501(c)(4) Schedule I nonprofit routing,EDUCATION PROGRAM,,0.4800
American Action Network Inc,American Action Forum,energy,0.4500,DARK_MONEY,0.0600,0.6800,270730508-2024-06-01-schedule-i-8,https://projects.propublica.org/nonprofits/full_text/202511359349304506/IRS990ScheduleI,501(c)(4) Schedule I nonprofit routing,issue support,,0.4800
Ab Foundation,VOTERS PROJECT,energy,0.4500,DARK_MONEY,0.0600,0.6800,275278038-2024-12-01-schedule-i-6,https://projects.propublica.org/nonprofits/full_text/202522659349300157/IRS990ScheduleI,501(c)(4) Schedule I nonprofit routing,GENERAL SUPPORT,,0.4800
Ab Foundation,PROJECT 218,energy,0.4000,DARK_MONEY,0.0600,0.6800,275278038-2024-12-01-schedule-i-7,https://projects.propublica.org/nonprofits/full_text/202522659349300157/IRS990ScheduleI,501(c)(4) Schedule I nonprofit routing,POLITICAL ACTIVITY,,0.4800
Ab Foundation,CENTER FOR VOTER INFORMATION,energy,0.3750,DARK_MONEY,0.0600,0.6800,275278038-2024-12-01-schedule-i-8,https://projects.propublica.org/nonprofits/full_text/202522659349300157/IRS990ScheduleI,501(c)(4) Schedule I nonprofit routing,GENERAL SUPPORT,,0.4800
National Restaurant Association,Committee to Protect Tips,energy,0.3000,DARK_MONEY,0.0800,0.5800,361525480-2024-12-01-schedule-i-7,https://projects.propublica.org/nonprofits/full_text/202523219349313107/IRS990ScheduleI,501(c)(6) Schedule I nonprofit routing,Advocacy,,0.4800
National Restaurant Association,Arizona Restaurant Association,energy,0.2850,DARK_MONEY,0.0800,0.5800,361525480-2024-12-01-schedule-i-2,https://projects.propublica.org/nonprofits/full_text/202523219349313107/IRS990ScheduleI,501(c)(6) Schedule I nonprofit routing,Advocacy,,0.4800
National Restaurant Association,Michigan Restaurant & Lodging Association,energy,0.2650,DARK_MONEY,0.0800,0.5800,361525480-2024-12-01-schedule-i-23,https://projects.propublica.org/nonprofits/full_text/202523219349313107/IRS990ScheduleI,501(c)(6) Schedule I nonprofit routing,Advocacy,,0.4800
American Action Network Inc,Building Americas Future,energy,0.2500,DARK_MONEY,0.0600,0.6800,270730508-2024-06-01-schedule-i-9,https://projects.propublica.org/nonprofits/full_text/202511359349304506/IRS990ScheduleI,501(c)(4) Schedule I nonprofit routing,issue support,,0.4800
National Restaurant Association,Restaurant Law Center,energy,0.2250,DARK_MONEY,0.0800,0.5800,361525480-2024-12-01-schedule-i-35,https://projects.propublica.org/nonprofits/full_text/202523219349313107/IRS990ScheduleI,501(c)(6) Schedule I nonprofit routing,Advocacy,,0.4800
National Restaurant Association,Massachusetts Restaurant Association,energy,0.2200,DARK_MONEY,0.0800,0.5800,361525480-2024-12-01-schedule-i-21,https://projects.propublica.org/nonprofits/full_text/202523219349313107/IRS990ScheduleI,501(c)(6) Schedule I nonprofit routing,Advocacy,,0.4800
National Restaurant Association,Council of State Restaurant Association,energy,0.1750,DARK_MONEY,0.0800,0.5800,361525480-2024-12-01-schedule-i-9,https://projects.propublica.org/nonprofits/full_text/202523219349313107/IRS990ScheduleI,501(c)(6) Schedule I nonprofit routing,Sponsorship,,0.4800
Ab Foundation,CELEBRATE NEW JERSEY NOW INC,energy,0.1700,DARK_MONEY,0.0600,0.6800,275278038-2024-12-01-schedule-i-9,https://projects.propublica.org/nonprofits/full_text/202522659349300157/IRS990ScheduleI,501(c)(4) Schedule I nonprofit routing,GENERAL SUPPORT,,0.4800
National Restaurant Association,Save Local Restaurants,energy,0.1250,DARK_MONEY,0.0800,0.5800,361525480-2024-12-01-schedule-i-37,https://projects.propublica.org/nonprofits/full_text/202523219349313107/IRS990ScheduleI,501(c)(6) Schedule I nonprofit routing,Advocacy,,0.4800
American Petroleum Institute,AMERICAN ENTERPRISE INSTITUTE,energy,0.1200,DARK_MONEY,0.0800,0.5800,130433430-2024-12-01-schedule-i-1,https://projects.propublica.org/nonprofits/full_text/202523219349306147/IRS990ScheduleI,501(c)(6) Schedule I nonprofit routing,GENERAL SUPPORT,,0.4800
Ab Foundation,BUIDLING THE FUTURE FOUNDATION,energy,0.1000,DARK_MONEY,0.0600,0.6800,275278038-2024-12-01-schedule-i-10,https://projects.propublica.org/nonprofits/full_text/202522659349300157/IRS990ScheduleI,501(c)(4) Schedule I nonprofit routing,GENERAL SUPPORT,,0.4800
National Restaurant Association,Oregon Restaurant & Lodging Association,energy,0.0830,DARK_MONEY,0.0800,0.5800,361525480-2024-12-01-schedule-i-30,https://projects.propublica.org/nonprofits/full_text/202523219349313107/IRS990ScheduleI,501(c)(6) Schedule I nonprofit routing,Advocacy,,0.4800
National Restaurant Association,Multicultural Foodservice and Hospitality Alliance,energy,0.0590,DARK_MONEY,0.0800,0.5800,361525480-2024-12-01-schedule-i-24,https://projects.propublica.org/nonprofits/full_text/202523219349313107/IRS990ScheduleI,501(c)(6) Schedule I nonprofit routing,Advocacy,,0.4800
National Restaurant Association,Connecticut Restaurant Association,energy,0.0565,DARK_MONEY,0.0800,0.5800,361525480-2024-12-01-schedule-i-8,https://projects.propublica.org/nonprofits/full_text/202523219349313107/IRS990ScheduleI,501(c)(6) Schedule I nonprofit routing,Advocacy,,0.4800
National Restaurant Association,Pennsylvania Restaurant & Lodging Association,energy,0.0500,DARK_MONEY,0.0800,0.5800,361525480-2024-12-01-schedule-i-31,https://projects.propublica.org/nonprofits/full_text/202523219349313107/IRS990ScheduleI,501(c)(6) Schedule I nonprofit routing,Advocacy,,0.4800
National Restaurant Association,Merchants Payments Coalition Inc,energy,0.0500,DARK_MONEY,0.0800,0.5800,361525480-2024-12-01-schedule-i-22,https://projects.propublica.org/nonprofits/full_text/202523219349313107/IRS990ScheduleI,501(c)(6) Schedule I nonprofit routing,Advocacy,,0.4800
American Petroleum Institute,THE THIRD WAY FOUNDATION,energy,0.0500,DARK_MONEY,0.0800,0.5800,130433430-2024-12-01-schedule-i-5,https://projects.propublica.org/nonprofits/full_text/202523219349306147/IRS990ScheduleI,501(c)(6) Schedule I nonprofit routing,GENERAL SUPPORT,,0.4800
American Action Network Inc,YRs Run Inc,energy,0.0500,DARK_MONEY,0.0600,0.6800,270730508-2024-06-01-schedule-i-4,https://projects.propublica.org/nonprofits/full_text/202511359349304506/IRS990ScheduleI,501(c)(4) Schedule I nonprofit routing,issue support,,0.4800
American Action Network Inc,Center for Campaign Innovation,democracy,0.0500,DARK_MONEY,0.0600,0.6800,270730508-2024-06-01-schedule-i-6,https://projects.propublica.org/nonprofits/full_text/202511359349304506/IRS990ScheduleI,501(c)(4) Schedule I nonprofit routing,issue support,,0.4800
National Restaurant Association,Tennessee Hospitality & Tourism Association,energy,0.0400,DARK_MONEY,0.0800,0.5800,361525480-2024-12-01-schedule-i-39,https://projects.propublica.org/nonprofits/full_text/202523219349313107/IRS990ScheduleI,501(c)(6) Schedule I nonprofit routing,Advocacy,,0.4800
National Restaurant Association,US Travel Association,energy,0.0352,DARK_MONEY,0.0800,0.5800,361525480-2024-12-01-schedule-i-42,https://projects.propublica.org/nonprofits/full_text/202523219349313107/IRS990ScheduleI,501(c)(6) Schedule I nonprofit routing,Sponsorship,,0.4800
National Restaurant Association,Louisiana Restaurant Association,energy,0.0350,DARK_MONEY,0.0800,0.5800,361525480-2024-12-01-schedule-i-20,https://projects.propublica.org/nonprofits/full_text/202523219349313107/IRS990ScheduleI,501(c)(6) Schedule I nonprofit routing,Advocacy,,0.4800
National Restaurant Association,Hospitality Minnesota,energy,0.0350,DARK_MONEY,0.0800,0.5800,361525480-2024-12-01-schedule-i-16,https://projects.propublica.org/nonprofits/full_text/202523219349313107/IRS990ScheduleI,501(c)(6) Schedule I nonprofit routing,Advocacy,,0.4800
American Bankers Association,TAX FOUNDATION,finance,0.0350,DARK_MONEY,0.0800,0.5800,521001304-2024-08-01-schedule-i-1,https://projects.propublica.org/nonprofits/full_text/202511909349301591/IRS990ScheduleI,501(c)(6) Schedule I nonprofit routing,GENERAL SUPPORT FOR 2024,,0.4800
National Restaurant Association,Womens Foodservice Forum,energy,0.0300,DARK_MONEY,0.0800,0.5800,361525480-2024-12-01-schedule-i-45,https://projects.propublica.org/nonprofits/full_text/202523219349313107/IRS990ScheduleI,501(c)(6) Schedule I nonprofit routing,Sponsorship,,0.4800
National Restaurant Association,Texas Restaurant Association,energy,0.0300,DARK_MONEY,0.0800,0.5800,361525480-2024-12-01-schedule-i-40,https://projects.propublica.org/nonprofits/full_text/202523219349313107/IRS990ScheduleI,501(c)(6) Schedule I nonprofit routing,Advocacy,,0.4800
National Restaurant Association,Hawaii Restaurant Association,energy,0.0300,DARK_MONEY,0.0800,0.5800,361525480-2024-12-01-schedule-i-15,https://projects.propublica.org/nonprofits/full_text/202523219349313107/IRS990ScheduleI,501(c)(6) Schedule I nonprofit routing,Advocacy,,0.4800
National Restaurant Association,Rhode Island Hospitality Association,energy,0.0270,DARK_MONEY,0.0800,0.5800,361525480-2024-12-01-schedule-i-36,https://projects.propublica.org/nonprofits/full_text/202523219349313107/IRS990ScheduleI,501(c)(6) Schedule I nonprofit routing,Advocacy,,0.4800
National Restaurant Association,Restaurant Association Metro Washington,energy,0.0265,DARK_MONEY,0.0800,0.5800,361525480-2024-12-01-schedule-i-32,https://projects.propublica.org/nonprofits/full_text/202523219349313107/IRS990ScheduleI,501(c)(6) Schedule I nonprofit routing,Advocacy,,0.4800
National Restaurant Association,Wisconsin Restaurant Association,energy,0.0250,DARK_MONEY,0.0800,0.5800,361525480-2024-12-01-schedule-i-44,https://projects.propublica.org/nonprofits/full_text/202523219349313107/IRS990ScheduleI,501(c)(6) Schedule I nonprofit routing,Advocacy,,0.4800
National Restaurant Association,US Chamber of CommerceMembership,energy,0.0250,DARK_MONEY,0.0800,0.5800,361525480-2024-12-01-schedule-i-41,https://projects.propublica.org/nonprofits/full_text/202523219349313107/IRS990ScheduleI,501(c)(6) Schedule I nonprofit routing,Sponsorship,,0.4800
National Restaurant Association,New Mexico Restaurant Association,energy,0.0250,DARK_MONEY,0.0800,0.5800,361525480-2024-12-01-schedule-i-27,https://projects.propublica.org/nonprofits/full_text/202523219349313107/IRS990ScheduleI,501(c)(6) Schedule I nonprofit routing,Advocacy,,0.4800
National Restaurant Association,Nevada Restaurant Association,energy,0.0250,DARK_MONEY,0.0800,0.5800,361525480-2024-12-01-schedule-i-25,https://projects.propublica.org/nonprofits/full_text/202523219349313107/IRS990ScheduleI,501(c)(6) Schedule I nonprofit routing,Advocacy,,0.4800
National Restaurant Association,Georgia Restaurant Association,energy,0.0250,DARK_MONEY,0.0800,0.5800,361525480-2024-12-01-schedule-i-14,https://projects.propublica.org/nonprofits/full_text/202523219349313107/IRS990ScheduleI,501(c)(6) Schedule I nonprofit routing,Advocacy,,0.4800
National Restaurant Association,Delaware Restaurant Association,energy,0.0250,DARK_MONEY,0.0800,0.5800,361525480-2024-12-01-schedule-i-12,https://projects.propublica.org/nonprofits/full_text/202523219349313107/IRS990ScheduleI,501(c)(6) Schedule I nonprofit routing,Advocacy,,0.4800
National Restaurant Association,Berman And Company,energy,0.0250,DARK_MONEY,0.0800,0.5800,361525480-2024-12-01-schedule-i-4,https://projects.propublica.org/nonprofits/full_text/202523219349313107/IRS990ScheduleI,501(c)(6) Schedule I nonprofit routing,Advocacy,,0.4800
American Petroleum Institute,CONGRESSIONAL SPORTSMEN'S FOUNDATION,energy,0.0250,DARK_MONEY,0.0800,0.5800,130433430-2024-12-01-schedule-i-2,https://projects.propublica.org/nonprofits/full_text/202523219349306147/IRS990ScheduleI,501(c)(6) Schedule I nonprofit routing,GENERAL SUPPORT,,0.4800
American Bankers Association,CAPSTONE COMMUNITY ACTION INC,finance,0.0250,DARK_MONEY,0.0800,0.5800,521001304-2024-08-01-schedule-i-3,https://projects.propublica.org/nonprofits/full_text/202511909349301591/IRS990ScheduleI,501(c)(6) Schedule I nonprofit routing,SUPPORT VERMONT MAIN STREET FLOOD RECOVERY FUND,,0.4800
American Bankers Association,BIPARTISAN POLICY CENTER INC,finance,0.0250,DARK_MONEY,0.0800,0.5800,521001304-2024-08-01-schedule-i-2,https://projects.propublica.org/nonprofits/full_text/202511909349301591/IRS990ScheduleI,501(c)(6) Schedule I nonprofit routing,SUPPORT INDEPENDENT RESEARCH AND POLICY WORK,,0.4800
National Restaurant Association,Iowa Restaurant Association,energy,0.0225,DARK_MONEY,0.0800,0.5800,361525480-2024-12-01-schedule-i-19,https://projects.propublica.org/nonprofits/full_text/202523219349313107/IRS990ScheduleI,501(c)(6) Schedule I nonprofit routing,Advocacy,,0.4800
National Restaurant Association,Iowa Latino Hospitality Council,energy,0.0225,DARK_MONEY,0.0800,0.5800,361525480-2024-12-01-schedule-i-18,https://projects.propublica.org/nonprofits/full_text/202523219349313107/IRS990ScheduleI,501(c)(6) Schedule I nonprofit routing,Advocacy,,0.4800
American Bankers Association,CHILDREN'S HOSPITAL FOUNDATION,finance,0.0225,DARK_MONEY,0.0800,0.5800,521001304-2024-08-01-schedule-i-4,https://projects.propublica.org/nonprofits/full_text/202511909349301591/IRS990ScheduleI,501(c)(6) Schedule I nonprofit routing,SPONSORSHIP FOR 2024 CHILDREN'S BALL,,0.4800
National Restaurant Association,Cannery Row Company Ltd,energy,0.0210,DARK_MONEY,0.0800,0.5800,361525480-2024-12-01-schedule-i-5,https://projects.propublica.org/nonprofits/full_text/202523219349313107/IRS990ScheduleI,501(c)(6) Schedule I nonprofit routing,Advocacy,,0.4800
National Restaurant Association,Washington Hospitality Association,energy,0.0200,DARK_MONEY,0.0800,0.5800,361525480-2024-12-01-schedule-i-43,https://projects.propublica.org/nonprofits/full_text/202523219349313107/IRS990ScheduleI,501(c)(6) Schedule I nonprofit routing,Advocacy,,0.4800
National Restaurant Association,Save Our Tips AZ,energy,0.0200,DARK_MONEY,0.0800,0.5800,361525480-2024-12-01-schedule-i-38,https://projects.propublica.org/nonprofits/full_text/202523219349313107/IRS990ScheduleI,501(c)(6) Schedule I nonprofit routing,Advocacy,,0.4800
National Restaurant Association,Ohio Restaurant & Hospitality Alliance,energy,0.0200,DARK_MONEY,0.0800,0.5800,361525480-2024-12-01-schedule-i-29,https://projects.propublica.org/nonprofits/full_text/202523219349313107/IRS990ScheduleI,501(c)(6) Schedule I nonprofit routing,Advocacy,,0.4800
National Restaurant Association,New York State Restaurant Association,energy,0.0200,DARK_MONEY,0.0800,0.5800,361525480-2024-12-01-schedule-i-28,https://projects.propublica.org/nonprofits/full_text/202523219349313107/IRS990ScheduleI,501(c)(6) Schedule I nonprofit routing,Advocacy,,0.4800
National Restaurant Association,Colorado Restaurant Association,energy,0.0200,DARK_MONEY,0.0800,0.5800,361525480-2024-12-01-schedule-i-6,https://projects.propublica.org/nonprofits/full_text/202523219349313107/IRS990ScheduleI,501(c)(6) Schedule I nonprofit routing,Advocacy,,0.4800
National Restaurant Association,American Heart Association,energy,0.0200,DARK_MONEY,0.0800,0.5800,361525480-2024-12-01-schedule-i-1,https://projects.propublica.org/nonprofits/full_text/202523219349313107/IRS990ScheduleI,501(c)(6) Schedule I nonprofit routing,Sponsorship,,0.4800
National Restaurant Association,New Jersey Restaurant & Hospitality Association,energy,0.0175,DARK_MONEY,0.0800,0.5800,361525480-2024-12-01-schedule-i-26,https://projects.propublica.org/nonprofits/full_text/202523219349313107/IRS990ScheduleI,501(c)(6) Schedule I nonprofit routing,Advocacy,,0.4800
National Restaurant Association,Restaurant Association of Maryland,energy,0.0150,DARK_MONEY,0.0800,0.5800,361525480-2024-12-01-schedule-i-33,https://projects.propublica.org/nonprofits/full_text/202523219349313107/IRS990ScheduleI,501(c)(6) Schedule I nonprofit routing,Advocacy,,0.4800
National Restaurant Association,Culinary Institute of America,energy,0.0150,DARK_MONEY,0.0800,0.5800,361525480-2024-12-01-schedule-i-11,https://projects.propublica.org/nonprofits/full_text/202523219349313107/IRS990ScheduleI,501(c)(6) Schedule I nonprofit routing,Sponsorship,,0.4800
American Petroleum Institute,WASHINGTON SCHOOL FOR GIRLS,energy,0.0150,DARK_MONEY,0.0800,0.5800,130433430-2024-12-01-schedule-i-6,https://projects.propublica.org/nonprofits/full_text/202523219349306147/IRS990ScheduleI,501(c)(6) Schedule I nonprofit routing,GENERAL SUPPORT,,0.4800
American Petroleum Institute,THE NATIONAL SOCIETY OF BLACK ENGINERS,energy,0.0150,DARK_MONEY,0.0800,0.5800,130433430-2024-12-01-schedule-i-4,https://projects.propublica.org/nonprofits/full_text/202523219349306147/IRS990ScheduleI,501(c)(6) Schedule I nonprofit routing,GENERAL SUPPORT,,0.4800
American Bankers Association,CENTER FOR LAW AND POLICY,finance,0.0150,DARK_MONEY,0.0800,0.5800,521001304-2024-08-01-schedule-i-5,https://projects.propublica.org/nonprofits/full_text/202511909349301591/IRS990ScheduleI,501(c)(6) Schedule I nonprofit routing,GENERAL SUPPORT FOR 2024,,0.4800
National Restaurant Association,International Foodservice Manufacturers Association,energy,0.0126,DARK_MONEY,0.0800,0.5800,361525480-2024-12-01-schedule-i-17,https://projects.propublica.org/nonprofits/full_text/202523219349313107/IRS990ScheduleI,501(c)(6) Schedule I nonprofit routing,Sponsorship,,0.4800
American Petroleum Institute,FORD'S THEATRE,energy,0.0125,DARK_MONEY,0.0800,0.5800,130433430-2024-12-01-schedule-i-3,https://projects.propublica.org/nonprofits/full_text/202523219349306147/IRS990ScheduleI,501(c)(6) Schedule I nonprofit routing,GENERAL SUPPORT,,0.4800
American Bankers Association,EASTER SEALS SERVING DC MD VA,finance,0.0125,DARK_MONEY,0.0800,0.5800,521001304-2024-08-01-schedule-i-6,https://projects.propublica.org/nonprofits/full_text/202511909349301591/IRS990ScheduleI,501(c)(6) Schedule I nonprofit routing,SUPPORT 2024 ADVOCACY AWARDS,,0.4800
American Petroleum Institute,WESTERN CAUCUS FOUNDATION,energy,0.0120,DARK_MONEY,0.0800,0.5800,130433430-2024-12-01-schedule-i-7,https://projects.propublica.org/nonprofits/full_text/202523219349306147/IRS990ScheduleI,501(c)(6) Schedule I nonprofit routing,GENERAL SUPPORT,,0.4800
American Bankers Association,SPLASHES OF HOPE,finance,0.0120,DARK_MONEY,0.0800,0.5800,521001304-2024-08-01-schedule-i-7,https://projects.propublica.org/nonprofits/full_text/202511909349301591/IRS990ScheduleI,501(c)(6) Schedule I nonprofit routing,SUPPORT PAINTING EVENT 'PAINTING FOR A PURPOSE',,0.4800
National Restaurant Association,Restaurant Finance Corp,finance,0.0115,DARK_MONEY,0.0800,0.5800,361525480-2024-12-01-schedule-i-34,https://projects.propublica.org/nonprofits/full_text/202523219349313107/IRS990ScheduleI,501(c)(6) Schedule I nonprofit routing,Sponsorship,,0.4800
National Restaurant Association,George Washington's Mount Vernon,energy,0.0100,DARK_MONEY,0.0800,0.5800,361525480-2024-12-01-schedule-i-13,https://projects.propublica.org/nonprofits/full_text/202523219349313107/IRS990ScheduleI,501(c)(6) Schedule I nonprofit routing,Sponsorship,,0.4800
National Restaurant Association,Critical Labor Coalition LLC,energy,0.0100,DARK_MONEY,0.0800,0.5800,361525480-2024-12-01-schedule-i-10,https://projects.propublica.org/nonprofits/full_text/202523219349313107/IRS990ScheduleI,501(c)(6) Schedule I nonprofit routing,Advocacy,,0.4800
