organization,ein,sourceType,subsection,issueDomain,revenue,politicalSpend,grantmaking,donorDisclosure,recipient,sourceUrl
"ALAIMO, MARIA PIA",,nyc-cfb-intermediary,campaign-intermediary,democracy,0.0078,0.0078,0.0000,0.7200,Andrew Cuomo,https://nyccfb.info/DataLibrary/2025_Intermediaries.csv
"Abramowitz, Elkan",,nyc-cfb-intermediary,campaign-intermediary,democracy,0.0377,0.0377,0.0000,0.7200,Andrew Cuomo,https://nyccfb.info/DataLibrary/2025_Intermediaries.csv
Abundance NY PAC,,nyc-cfb-intermediary,campaign-intermediary,democracy,0.0081,0.0081,0.0000,0.6200,Benjamin Wetzler,https://nyccfb.info/DataLibrary/2025_Intermediaries.csv
Abundance New York,,nyc-cfb-intermediary,campaign-intermediary,democracy,0.0076,0.0076,0.0000,0.6200,Jess Coleman,https://nyccfb.info/DataLibrary/2025_Intermediaries.csv
Abundance New York PAC,,nyc-cfb-intermediary,campaign-intermediary,democracy,0.0071,0.0071,0.0000,0.6200,Mark Levine,https://nyccfb.info/DataLibrary/2025_Intermediaries.csv
"Ahmad, Taiba",,nyc-cfb-intermediary,campaign-intermediary,democracy,0.0027,0.0027,0.0000,0.7200,Zohran Mamdani,https://nyccfb.info/DataLibrary/2025_Intermediaries.csv
"Aidala, Arthur",,nyc-cfb-intermediary,campaign-intermediary,democracy,0.0106,0.0106,0.0000,0.7200,Andrew Cuomo,https://nyccfb.info/DataLibrary/2025_Intermediaries.csv
"Aiello, Stephen",,nyc-cfb-intermediary,campaign-intermediary,democracy,0.0209,0.0209,0.0000,0.7200,Andrew Cuomo,https://nyccfb.info/DataLibrary/2025_Intermediaries.csv
"Angele, Kathy",,nyc-cfb-intermediary,campaign-intermediary,democracy,0.0132,0.0132,0.0000,0.7200,Andrew Cuomo,https://nyccfb.info/DataLibrary/2025_Intermediaries.csv
"Angelson, Mark",,nyc-cfb-intermediary,campaign-intermediary,democracy,0.0394,0.0394,0.0000,0.7200,Andrew Cuomo,https://nyccfb.info/DataLibrary/2025_Intermediaries.csv
"Anzalone, Anne Marie",,nyc-cfb-intermediary,campaign-intermediary,democracy,0.0001,0.0001,0.0000,0.7200,Vanessa Gibson,https://nyccfb.info/DataLibrary/2025_Intermediaries.csv
"Anzalone, Joseph",,nyc-cfb-intermediary,campaign-intermediary,democracy,0.0013,0.0013,0.0000,0.7200,Zellnor Myrie,https://nyccfb.info/DataLibrary/2025_Intermediaries.csv
"Armwood, Garrett",,nyc-cfb-intermediary,campaign-intermediary,democracy,0.0020,0.0020,0.0000,0.7200,Kevin Riley,https://nyccfb.info/DataLibrary/2025_Intermediaries.csv
"Armwood, Garrett",,nyc-cfb-intermediary,campaign-intermediary,democracy,0.0050,0.0050,0.0000,0.7200,Rafael Salamanca,https://nyccfb.info/DataLibrary/2025_Intermediaries.csv
"Arthur, Shannon",,nyc-cfb-intermediary,campaign-intermediary,democracy,0.0053,0.0053,0.0000,0.7200,Adrienne Adams,https://nyccfb.info/DataLibrary/2025_Intermediaries.csv
"Attia, Mohamed",,nyc-cfb-intermediary,campaign-intermediary,democracy,0.0004,0.0004,0.0000,0.7200,Jessica Ramos,https://nyccfb.info/DataLibrary/2025_Intermediaries.csv
"Baisden, Trevor",,nyc-cfb-intermediary,campaign-intermediary,democracy,0.0015,0.0015,0.0000,0.7200,Zellnor Myrie,https://nyccfb.info/DataLibrary/2025_Intermediaries.csv
"Bakst, Dina",,nyc-cfb-intermediary,campaign-intermediary,democracy,0.0227,0.0227,0.0000,0.7200,Andrew Cuomo,https://nyccfb.info/DataLibrary/2025_Intermediaries.csv
"Baran, Hugh",,nyc-cfb-intermediary,campaign-intermediary,democracy,0.0020,0.0020,0.0000,0.7200,Jessica Ramos,https://nyccfb.info/DataLibrary/2025_Intermediaries.csv
"Barricelli, Louis",,nyc-cfb-intermediary,campaign-intermediary,democracy,0.0453,0.0453,0.0000,0.7200,Andrew Cuomo,https://nyccfb.info/DataLibrary/2025_Intermediaries.csv
"Barsky, Neil",,nyc-cfb-intermediary,campaign-intermediary,democracy,0.0056,0.0056,0.0000,0.7200,Zellnor Myrie,https://nyccfb.info/DataLibrary/2025_Intermediaries.csv
"Becker, Carol",,nyc-cfb-intermediary,campaign-intermediary,democracy,0.0147,0.0147,0.0000,0.7200,Andrew Cuomo,https://nyccfb.info/DataLibrary/2025_Intermediaries.csv
"Bedard, Rachael",,nyc-cfb-intermediary,campaign-intermediary,democracy,0.0325,0.0325,0.0000,0.7200,Zellnor Myrie,https://nyccfb.info/DataLibrary/2025_Intermediaries.csv
"Beeney, Carola",,nyc-cfb-intermediary,campaign-intermediary,democracy,0.0070,0.0070,0.0000,0.7200,Zellnor Myrie,https://nyccfb.info/DataLibrary/2025_Intermediaries.csv
"Beeney, Garrard",,nyc-cfb-intermediary,campaign-intermediary,democracy,0.0046,0.0046,0.0000,0.7200,Zellnor Myrie,https://nyccfb.info/DataLibrary/2025_Intermediaries.csv
"Bendheim, Jack",,nyc-cfb-intermediary,campaign-intermediary,democracy,0.0128,0.0128,0.0000,0.7200,Andrew Cuomo,https://nyccfb.info/DataLibrary/2025_Intermediaries.csv
"Benitez, Rafael",,nyc-cfb-intermediary,campaign-intermediary,democracy,0.0001,0.0001,0.0000,0.7200,Elvis Santana,https://nyccfb.info/DataLibrary/2025_Intermediaries.csv
"Beranbaum, Joan",,nyc-cfb-intermediary,campaign-intermediary,democracy,0.0016,0.0016,0.0000,0.7200,Harvey Epstein,https://nyccfb.info/DataLibrary/2025_Intermediaries.csv
"Berman, Geoffrey",,nyc-cfb-intermediary,campaign-intermediary,democracy,0.0024,0.0024,0.0000,0.7200,Andrew Cuomo,https://nyccfb.info/DataLibrary/2025_Intermediaries.csv
"Beshar, Peter",,nyc-cfb-intermediary,campaign-intermediary,democracy,0.0412,0.0412,0.0000,0.7200,Andrew Cuomo,https://nyccfb.info/DataLibrary/2025_Intermediaries.csv
"Betancourt, Love",,nyc-cfb-intermediary,campaign-intermediary,democracy,0.0002,0.0002,0.0000,0.7200,Rafael Salamanca,https://nyccfb.info/DataLibrary/2025_Intermediaries.csv
"Bloom, Molly",,nyc-cfb-intermediary,campaign-intermediary,democracy,0.0003,0.0003,0.0000,0.7200,James Walden,https://nyccfb.info/DataLibrary/2025_Intermediaries.csv
"Bolden, Dietrice",,nyc-cfb-intermediary,campaign-intermediary,democracy,0.0010,0.0010,0.0000,0.7200,Jumaane Williams,https://nyccfb.info/DataLibrary/2025_Intermediaries.csv
"Born, Richard",,nyc-cfb-intermediary,campaign-intermediary,democracy,0.0640,0.0640,0.0000,0.7200,Andrew Cuomo,https://nyccfb.info/DataLibrary/2025_Intermediaries.csv
"Borrero, Taína",,nyc-cfb-intermediary,campaign-intermediary,democracy,0.0006,0.0006,0.0000,0.7200,Virginia Maloney,https://nyccfb.info/DataLibrary/2025_Intermediaries.csv
"Braff, Nelson",,nyc-cfb-intermediary,campaign-intermediary,democracy,0.0217,0.0217,0.0000,0.7200,Andrew Cuomo,https://nyccfb.info/DataLibrary/2025_Intermediaries.csv
"Breslin, Kevin",,nyc-cfb-intermediary,campaign-intermediary,democracy,0.0023,0.0023,0.0000,0.7200,Andrew Cuomo,https://nyccfb.info/DataLibrary/2025_Intermediaries.csv
"Brez, Zachary",,nyc-cfb-intermediary,campaign-intermediary,democracy,0.0003,0.0003,0.0000,0.7200,James Walden,https://nyccfb.info/DataLibrary/2025_Intermediaries.csv
"Burgos, Tonio",,nyc-cfb-intermediary,campaign-intermediary,democracy,0.0046,0.0046,0.0000,0.7200,Andrew Cuomo,https://nyccfb.info/DataLibrary/2025_Intermediaries.csv
"Burkett, Tiffany",,nyc-cfb-intermediary,campaign-intermediary,democracy,0.0043,0.0043,0.0000,0.7200,Adrienne Adams,https://nyccfb.info/DataLibrary/2025_Intermediaries.csv
"Carone, Anthony",,nyc-cfb-intermediary,campaign-intermediary,democracy,0.0014,0.0014,0.0000,0.7200,Anthony Weiner,https://nyccfb.info/DataLibrary/2025_Intermediaries.csv
"Chan, Wai Yee",,nyc-cfb-intermediary,campaign-intermediary,democracy,0.0022,0.0022,0.0000,0.7200,Justin Brannan,https://nyccfb.info/DataLibrary/2025_Intermediaries.csv
"Charmani, Athanasia",,nyc-cfb-intermediary,campaign-intermediary,democracy,0.0006,0.0006,0.0000,0.7200,Zellnor Myrie,https://nyccfb.info/DataLibrary/2025_Intermediaries.csv
"Chen, Ken Wu",,nyc-cfb-intermediary,campaign-intermediary,democracy,0.0015,0.0015,0.0000,0.7200,Scott Stringer,https://nyccfb.info/DataLibrary/2025_Intermediaries.csv
"Chen, Louis",,nyc-cfb-intermediary,campaign-intermediary,democracy,0.0041,0.0041,0.0000,0.7200,Scott Stringer,https://nyccfb.info/DataLibrary/2025_Intermediaries.csv
"Chen, Zhao Yin",,nyc-cfb-intermediary,campaign-intermediary,democracy,0.0041,0.0041,0.0000,0.7200,Linda Lee,https://nyccfb.info/DataLibrary/2025_Intermediaries.csv
"Chen, Zhao Yin",,nyc-cfb-intermediary,campaign-intermediary,democracy,0.0049,0.0049,0.0000,0.7200,Sandra Ung,https://nyccfb.info/DataLibrary/2025_Intermediaries.csv
"Cheung, Hilton",,nyc-cfb-intermediary,campaign-intermediary,democracy,0.0103,0.0103,0.0000,0.7200,Scott Stringer,https://nyccfb.info/DataLibrary/2025_Intermediaries.csv
"Chiarito, Anthony",,nyc-cfb-intermediary,campaign-intermediary,democracy,0.0062,0.0062,0.0000,0.7200,Zohran Mamdani,https://nyccfb.info/DataLibrary/2025_Intermediaries.csv
"Cho, Won Hoon",,nyc-cfb-intermediary,campaign-intermediary,democracy,0.0035,0.0035,0.0000,0.7200,Sandra Ung,https://nyccfb.info/DataLibrary/2025_Intermediaries.csv
"Choudri, Shazia",,nyc-cfb-intermediary,campaign-intermediary,democracy,0.0067,0.0067,0.0000,0.7200,Zohran Mamdani,https://nyccfb.info/DataLibrary/2025_Intermediaries.csv
"Cohen, Alan",,nyc-cfb-intermediary,campaign-intermediary,democracy,0.0003,0.0003,0.0000,0.7200,James Walden,https://nyccfb.info/DataLibrary/2025_Intermediaries.csv
"Cohen, Rodgin",,nyc-cfb-intermediary,campaign-intermediary,democracy,0.0338,0.0338,0.0000,0.7200,Andrew Cuomo,https://nyccfb.info/DataLibrary/2025_Intermediaries.csv
"Cole, Kenneth",,nyc-cfb-intermediary,campaign-intermediary,democracy,0.0008,0.0008,0.0000,0.7200,Andrew Cuomo,https://nyccfb.info/DataLibrary/2025_Intermediaries.csv
"Colosi, Michael",,nyc-cfb-intermediary,campaign-intermediary,democracy,0.0140,0.0140,0.0000,0.7200,Erik Bottcher,https://nyccfb.info/DataLibrary/2025_Intermediaries.csv
"Constable, Richard",,nyc-cfb-intermediary,campaign-intermediary,democracy,0.0294,0.0294,0.0000,0.7200,Eric Adams,https://nyccfb.info/DataLibrary/2025_Intermediaries.csv
"Constantinople, Anthony",,nyc-cfb-intermediary,campaign-intermediary,democracy,0.0103,0.0103,0.0000,0.7200,Vanessa Gibson,https://nyccfb.info/DataLibrary/2025_Intermediaries.csv
"Cortez, Dimas",,nyc-cfb-intermediary,campaign-intermediary,democracy,0.0014,0.0014,0.0000,0.7200,Fernando Cabrera,https://nyccfb.info/DataLibrary/2025_Intermediaries.csv
"Coss, Rafael",,nyc-cfb-intermediary,campaign-intermediary,democracy,0.0018,0.0018,0.0000,0.7200,Elvis Santana,https://nyccfb.info/DataLibrary/2025_Intermediaries.csv
"Cotto, Juan",,nyc-cfb-intermediary,campaign-intermediary,democracy,0.0008,0.0008,0.0000,0.7200,Janine Acquafredda,https://nyccfb.info/DataLibrary/2025_Intermediaries.csv
"Crowley, Elizabeth",,nyc-cfb-intermediary,campaign-intermediary,democracy,0.0031,0.0031,0.0000,0.7200,Amanda Farias,https://nyccfb.info/DataLibrary/2025_Intermediaries.csv
"Crowley, Elizabeth",,nyc-cfb-intermediary,campaign-intermediary,democracy,0.0027,0.0027,0.0000,0.7200,Mark Levine,https://nyccfb.info/DataLibrary/2025_Intermediaries.csv
"Cruz, Pauline",,nyc-cfb-intermediary,campaign-intermediary,democracy,0.0001,0.0001,0.0000,0.7200,Rafael Salamanca,https://nyccfb.info/DataLibrary/2025_Intermediaries.csv
"Cuomo, Bella",,nyc-cfb-intermediary,campaign-intermediary,democracy,0.0029,0.0029,0.0000,0.7200,Andrew Cuomo,https://nyccfb.info/DataLibrary/2025_Intermediaries.csv
"Curry IV, Ravenel B",,nyc-cfb-intermediary,campaign-intermediary,democracy,0.0163,0.0163,0.0000,0.7200,Whitney Tilson,https://nyccfb.info/DataLibrary/2025_Intermediaries.csv
"Dakwar, Jamil",,nyc-cfb-intermediary,campaign-intermediary,democracy,0.0041,0.0041,0.0000,0.7200,Zohran Mamdani,https://nyccfb.info/DataLibrary/2025_Intermediaries.csv
"Danzig, Sarah",,nyc-cfb-intermediary,campaign-intermediary,democracy,0.0051,0.0051,0.0000,0.7200,Andrew Cuomo,https://nyccfb.info/DataLibrary/2025_Intermediaries.csv
"Daus, Mattthew",,nyc-cfb-intermediary,campaign-intermediary,democracy,0.0087,0.0087,0.0000,0.7200,Justin Brannan,https://nyccfb.info/DataLibrary/2025_Intermediaries.csv
Davidoff Hutcher & Citron LLP,,nyc-cfb-intermediary,campaign-intermediary,democracy,0.0003,0.0003,0.0000,0.6200,Jumaane Williams,https://nyccfb.info/DataLibrary/2025_Intermediaries.csv
"Davidson, Dash",,nyc-cfb-intermediary,campaign-intermediary,democracy,0.0011,0.0011,0.0000,0.7200,Scott Stringer,https://nyccfb.info/DataLibrary/2025_Intermediaries.csv
"DeRosa, Giorgio",,nyc-cfb-intermediary,campaign-intermediary,democracy,0.0080,0.0080,0.0000,0.7200,Andrew Cuomo,https://nyccfb.info/DataLibrary/2025_Intermediaries.csv
"DeRosa, Melissa",,nyc-cfb-intermediary,campaign-intermediary,democracy,0.0145,0.0145,0.0000,0.7200,Andrew Cuomo,https://nyccfb.info/DataLibrary/2025_Intermediaries.csv
"DeVaan, Juliana",,nyc-cfb-intermediary,campaign-intermediary,democracy,0.0105,0.0105,0.0000,0.7200,Zohran Mamdani,https://nyccfb.info/DataLibrary/2025_Intermediaries.csv
"DiPalermo, Christian",,nyc-cfb-intermediary,campaign-intermediary,democracy,0.0005,0.0005,0.0000,0.7200,Andrew Cuomo,https://nyccfb.info/DataLibrary/2025_Intermediaries.csv
"Diaz, Rafael",,nyc-cfb-intermediary,campaign-intermediary,democracy,0.0029,0.0029,0.0000,0.7200,Jessica Ramos,https://nyccfb.info/DataLibrary/2025_Intermediaries.csv
"Dickson, Paul",,nyc-cfb-intermediary,campaign-intermediary,democracy,0.0073,0.0073,0.0000,0.7200,James Walden,https://nyccfb.info/DataLibrary/2025_Intermediaries.csv
"Doolan, Sean",,nyc-cfb-intermediary,campaign-intermediary,democracy,0.0023,0.0023,0.0000,0.7200,Zellnor Myrie,https://nyccfb.info/DataLibrary/2025_Intermediaries.csv
"Doukas, Peter G",,nyc-cfb-intermediary,campaign-intermediary,democracy,0.0008,0.0008,0.0000,0.7200,Scott Stringer,https://nyccfb.info/DataLibrary/2025_Intermediaries.csv
"Draizin, Mitchell",,nyc-cfb-intermediary,campaign-intermediary,democracy,0.0021,0.0021,0.0000,0.7200,Scott Stringer,https://nyccfb.info/DataLibrary/2025_Intermediaries.csv
"Edell, Deborah",,nyc-cfb-intermediary,campaign-intermediary,democracy,0.0476,0.0476,0.0000,0.7200,Andrew Cuomo,https://nyccfb.info/DataLibrary/2025_Intermediaries.csv
"Edwards, Kevin",,nyc-cfb-intermediary,campaign-intermediary,democracy,0.0055,0.0055,0.0000,0.7200,Scott Stringer,https://nyccfb.info/DataLibrary/2025_Intermediaries.csv
"Egerman, Mark",,nyc-cfb-intermediary,campaign-intermediary,democracy,0.0091,0.0091,0.0000,0.7200,Zellnor Myrie,https://nyccfb.info/DataLibrary/2025_Intermediaries.csv
"Eisenberg, Douglas",,nyc-cfb-intermediary,campaign-intermediary,democracy,0.0470,0.0470,0.0000,0.7200,Andrew Cuomo,https://nyccfb.info/DataLibrary/2025_Intermediaries.csv
"Elijah, Jill",,nyc-cfb-intermediary,campaign-intermediary,democracy,0.0020,0.0020,0.0000,0.7200,Zellnor Myrie,https://nyccfb.info/DataLibrary/2025_Intermediaries.csv
"Elsesser, Henry",,nyc-cfb-intermediary,campaign-intermediary,democracy,0.0010,0.0010,0.0000,0.7200,James Walden,https://nyccfb.info/DataLibrary/2025_Intermediaries.csv
"Fields Lewis, Lisa",,nyc-cfb-intermediary,campaign-intermediary,democracy,0.0802,0.0802,0.0000,0.7200,Andrew Cuomo,https://nyccfb.info/DataLibrary/2025_Intermediaries.csv
"Fink, Julie",,nyc-cfb-intermediary,campaign-intermediary,democracy,0.0038,0.0038,0.0000,0.7200,Zellnor Myrie,https://nyccfb.info/DataLibrary/2025_Intermediaries.csv
"Forde, ANDREA",,nyc-cfb-intermediary,campaign-intermediary,democracy,0.0001,0.0001,0.0000,0.7200,Elvis Santana,https://nyccfb.info/DataLibrary/2025_Intermediaries.csv
"Fournier, Elba",,nyc-cfb-intermediary,campaign-intermediary,democracy,0.0006,0.0006,0.0000,0.7200,Fernando Cabrera,https://nyccfb.info/DataLibrary/2025_Intermediaries.csv
"Frazzetta, Anthony",,nyc-cfb-intermediary,campaign-intermediary,democracy,0.0007,0.0007,0.0000,0.7200,Janine Acquafredda,https://nyccfb.info/DataLibrary/2025_Intermediaries.csv
"Gala, Michael",,nyc-cfb-intermediary,campaign-intermediary,democracy,0.0181,0.0181,0.0000,0.7200,James Walden,https://nyccfb.info/DataLibrary/2025_Intermediaries.csv
"Garelik, Neal C",,nyc-cfb-intermediary,campaign-intermediary,democracy,0.0053,0.0053,0.0000,0.7200,Eric Dinowitz,https://nyccfb.info/DataLibrary/2025_Intermediaries.csv
"Garelik, Neal C",,nyc-cfb-intermediary,campaign-intermediary,democracy,0.0180,0.0180,0.0000,0.7200,Scott Stringer,https://nyccfb.info/DataLibrary/2025_Intermediaries.csv
"Gelman, Audrey",,nyc-cfb-intermediary,campaign-intermediary,democracy,0.0003,0.0003,0.0000,0.7200,Scott Stringer,https://nyccfb.info/DataLibrary/2025_Intermediaries.csv
"George, Lauren",,nyc-cfb-intermediary,campaign-intermediary,democracy,0.0013,0.0013,0.0000,0.7200,Antonio Reynoso,https://nyccfb.info/DataLibrary/2025_Intermediaries.csv
"George, Lauren",,nyc-cfb-intermediary,campaign-intermediary,democracy,0.0004,0.0004,0.0000,0.7200,Nantasha Williams,https://nyccfb.info/DataLibrary/2025_Intermediaries.csv
"German, Mordechai",,nyc-cfb-intermediary,campaign-intermediary,democracy,0.0019,0.0019,0.0000,0.7200,Christopher Banks,https://nyccfb.info/DataLibrary/2025_Intermediaries.csv
"Gerstenhaber, Kelly",,nyc-cfb-intermediary,campaign-intermediary,democracy,0.0576,0.0576,0.0000,0.7200,Andrew Cuomo,https://nyccfb.info/DataLibrary/2025_Intermediaries.csv
"Gertler, Eric",,nyc-cfb-intermediary,campaign-intermediary,democracy,0.0617,0.0617,0.0000,0.7200,Andrew Cuomo,https://nyccfb.info/DataLibrary/2025_Intermediaries.csv
"Gesser, Abraham",,nyc-cfb-intermediary,campaign-intermediary,democracy,0.0063,0.0063,0.0000,0.7200,Zellnor Myrie,https://nyccfb.info/DataLibrary/2025_Intermediaries.csv
"Giles, Roslyn",,nyc-cfb-intermediary,campaign-intermediary,democracy,0.0001,0.0001,0.0000,0.7200,Elvis Santana,https://nyccfb.info/DataLibrary/2025_Intermediaries.csv
"Gilmartin, Devin",,nyc-cfb-intermediary,campaign-intermediary,democracy,0.0129,0.0129,0.0000,0.7200,Andrew Cuomo,https://nyccfb.info/DataLibrary/2025_Intermediaries.csv
"Gilmartin, MaryAnne",,nyc-cfb-intermediary,campaign-intermediary,democracy,0.0637,0.0637,0.0000,0.7200,Andrew Cuomo,https://nyccfb.info/DataLibrary/2025_Intermediaries.csv
"Giuliani, Catherine",,nyc-cfb-intermediary,campaign-intermediary,democracy,0.0117,0.0117,0.0000,0.7200,Eric Adams,https://nyccfb.info/DataLibrary/2025_Intermediaries.csv
"Gold, Teddy",,nyc-cfb-intermediary,campaign-intermediary,democracy,0.0005,0.0005,0.0000,0.7200,Scott Stringer,https://nyccfb.info/DataLibrary/2025_Intermediaries.csv
"Goldstein, Arthur",,nyc-cfb-intermediary,campaign-intermediary,democracy,0.0126,0.0126,0.0000,0.7200,Eric Adams,https://nyccfb.info/DataLibrary/2025_Intermediaries.csv
"Goldstein, Arthur",,nyc-cfb-intermediary,campaign-intermediary,democracy,0.0026,0.0026,0.0000,0.7200,Justin Brannan,https://nyccfb.info/DataLibrary/2025_Intermediaries.csv
"Goldstein, Arthur",,nyc-cfb-intermediary,campaign-intermediary,democracy,0.0010,0.0010,0.0000,0.7200,Rafael Salamanca,https://nyccfb.info/DataLibrary/2025_Intermediaries.csv
"Gonzalez, Roy",,nyc-cfb-intermediary,campaign-intermediary,democracy,0.0014,0.0014,0.0000,0.7200,Rafael Salamanca,https://nyccfb.info/DataLibrary/2025_Intermediaries.csv
"Goren, Arielle",,nyc-cfb-intermediary,campaign-intermediary,democracy,0.0010,0.0010,0.0000,0.7200,Erik Bottcher,https://nyccfb.info/DataLibrary/2025_Intermediaries.csv
"Granger, Raymond",,nyc-cfb-intermediary,campaign-intermediary,democracy,0.0013,0.0013,0.0000,0.7200,James Walden,https://nyccfb.info/DataLibrary/2025_Intermediaries.csv
"Greenspan, Sally",,nyc-cfb-intermediary,campaign-intermediary,democracy,0.0010,0.0010,0.0000,0.7200,Brad Hoylman-Sigal,https://nyccfb.info/DataLibrary/2025_Intermediaries.csv
"Griffiths, Rachel",,nyc-cfb-intermediary,campaign-intermediary,democracy,0.0010,0.0010,0.0000,0.7200,Zellnor Myrie,https://nyccfb.info/DataLibrary/2025_Intermediaries.csv
"Gross, Jack",,nyc-cfb-intermediary,campaign-intermediary,democracy,0.0220,0.0220,0.0000,0.7200,Zohran Mamdani,https://nyccfb.info/DataLibrary/2025_Intermediaries.csv
"Guillergan, Eve",,nyc-cfb-intermediary,campaign-intermediary,democracy,0.0036,0.0036,0.0000,0.7200,Sandra Ung,https://nyccfb.info/DataLibrary/2025_Intermediaries.csv
"Guzman, Noelia",,nyc-cfb-intermediary,campaign-intermediary,democracy,0.0001,0.0001,0.0000,0.7200,Elvis Santana,https://nyccfb.info/DataLibrary/2025_Intermediaries.csv
"Haber, Jason",,nyc-cfb-intermediary,campaign-intermediary,democracy,0.0012,0.0012,0.0000,0.7200,Scott Stringer,https://nyccfb.info/DataLibrary/2025_Intermediaries.csv
"Haller, Jessica",,nyc-cfb-intermediary,campaign-intermediary,democracy,0.0006,0.0006,0.0000,0.7200,Scott Stringer,https://nyccfb.info/DataLibrary/2025_Intermediaries.csv
"Hamill, Katie",,nyc-cfb-intermediary,campaign-intermediary,democracy,0.0015,0.0015,0.0000,0.7200,Justin Brannan,https://nyccfb.info/DataLibrary/2025_Intermediaries.csv
"Hargreaves, Brad",,nyc-cfb-intermediary,campaign-intermediary,democracy,0.0076,0.0076,0.0000,0.7200,Erik Bottcher,https://nyccfb.info/DataLibrary/2025_Intermediaries.csv
"Harmon, Anthony",,nyc-cfb-intermediary,campaign-intermediary,democracy,0.0033,0.0033,0.0000,0.7200,Adrienne Adams,https://nyccfb.info/DataLibrary/2025_Intermediaries.csv
"Hasanovic, Adnan",,nyc-cfb-intermediary,campaign-intermediary,democracy,0.0022,0.0022,0.0000,0.7200,Zohran Mamdani,https://nyccfb.info/DataLibrary/2025_Intermediaries.csv
"Hazzaa, Heba",,nyc-cfb-intermediary,campaign-intermediary,democracy,0.0062,0.0062,0.0000,0.7200,Zohran Mamdani,https://nyccfb.info/DataLibrary/2025_Intermediaries.csv
"Hecker, Sean",,nyc-cfb-intermediary,campaign-intermediary,democracy,0.0107,0.0107,0.0000,0.7200,Zellnor Myrie,https://nyccfb.info/DataLibrary/2025_Intermediaries.csv
"Henry, Brad",,nyc-cfb-intermediary,campaign-intermediary,democracy,0.0001,0.0001,0.0000,0.7200,James Walden,https://nyccfb.info/DataLibrary/2025_Intermediaries.csv
"Hernandez, Louis",,nyc-cfb-intermediary,campaign-intermediary,democracy,0.0062,0.0062,0.0000,0.7200,Ismael Malave,https://nyccfb.info/DataLibrary/2025_Intermediaries.csv
"Hertzberg, Judith",,nyc-cfb-intermediary,campaign-intermediary,democracy,0.0005,0.0005,0.0000,0.7200,Zellnor Myrie,https://nyccfb.info/DataLibrary/2025_Intermediaries.csv
"Horn, Michael D",,nyc-cfb-intermediary,campaign-intermediary,democracy,0.0012,0.0012,0.0000,0.7200,Scott Stringer,https://nyccfb.info/DataLibrary/2025_Intermediaries.csv
"Hornig, George",,nyc-cfb-intermediary,campaign-intermediary,democracy,0.0332,0.0332,0.0000,0.7200,Andrew Cuomo,https://nyccfb.info/DataLibrary/2025_Intermediaries.csv
"Huang, Sheng",,nyc-cfb-intermediary,campaign-intermediary,democracy,0.0114,0.0114,0.0000,0.7200,Sandra Ung,https://nyccfb.info/DataLibrary/2025_Intermediaries.csv
"Izgelov, Ruben",,nyc-cfb-intermediary,campaign-intermediary,democracy,0.0717,0.0717,0.0000,0.7200,Andrew Cuomo,https://nyccfb.info/DataLibrary/2025_Intermediaries.csv
"Jacobson, Nancy",,nyc-cfb-intermediary,campaign-intermediary,democracy,0.0034,0.0034,0.0000,0.7200,Andrew Cuomo,https://nyccfb.info/DataLibrary/2025_Intermediaries.csv
"Johnson, Lena",,nyc-cfb-intermediary,campaign-intermediary,democracy,0.0002,0.0002,0.0000,0.7200,Justin Sanchez,https://nyccfb.info/DataLibrary/2025_Intermediaries.csv
"Jones, Kevin",,nyc-cfb-intermediary,campaign-intermediary,democracy,0.0044,0.0044,0.0000,0.7200,Jessica Ramos,https://nyccfb.info/DataLibrary/2025_Intermediaries.csv
"Joyce, Edward",,nyc-cfb-intermediary,campaign-intermediary,democracy,0.0010,0.0010,0.0000,0.7200,Zellnor Myrie,https://nyccfb.info/DataLibrary/2025_Intermediaries.csv
"Kabir, Jahangir",,nyc-cfb-intermediary,campaign-intermediary,democracy,0.0011,0.0011,0.0000,0.7200,Sandy Nurse,https://nyccfb.info/DataLibrary/2025_Intermediaries.csv
"Kaplan, Dana",,nyc-cfb-intermediary,campaign-intermediary,democracy,0.0020,0.0020,0.0000,0.7200,Adrienne Adams,https://nyccfb.info/DataLibrary/2025_Intermediaries.csv
"Kargman, Sadie",,nyc-cfb-intermediary,campaign-intermediary,democracy,0.0283,0.0283,0.0000,0.7200,Andrew Cuomo,https://nyccfb.info/DataLibrary/2025_Intermediaries.csv
"Karp, Brad",,nyc-cfb-intermediary,campaign-intermediary,democracy,0.0269,0.0269,0.0000,0.7200,Andrew Cuomo,https://nyccfb.info/DataLibrary/2025_Intermediaries.csv
Kasirer,,nyc-cfb-intermediary,campaign-intermediary,democracy,0.0079,0.0079,0.0000,0.6200,Mark Levine,https://nyccfb.info/DataLibrary/2025_Intermediaries.csv
"Kasirer, Suri",,nyc-cfb-intermediary,campaign-intermediary,democracy,0.0021,0.0021,0.0000,0.7200,Eric Adams,https://nyccfb.info/DataLibrary/2025_Intermediaries.csv
"Katz, Bradley",,nyc-cfb-intermediary,campaign-intermediary,democracy,0.0023,0.0023,0.0000,0.7200,Keith Powers,https://nyccfb.info/DataLibrary/2025_Intermediaries.csv
"Katzman, Stephen",,nyc-cfb-intermediary,campaign-intermediary,democracy,0.0080,0.0080,0.0000,0.7200,Rafael Salamanca,https://nyccfb.info/DataLibrary/2025_Intermediaries.csv
"Kelleher, Denis",,nyc-cfb-intermediary,campaign-intermediary,democracy,0.0031,0.0031,0.0000,0.7200,James Walden,https://nyccfb.info/DataLibrary/2025_Intermediaries.csv
"Khan, Khurram R",,nyc-cfb-intermediary,campaign-intermediary,democracy,0.0037,0.0037,0.0000,0.7200,Jenifer Rajkumar,https://nyccfb.info/DataLibrary/2025_Intermediaries.csv
"Kim, Young Hwan",,nyc-cfb-intermediary,campaign-intermediary,democracy,0.0065,0.0065,0.0000,0.7200,Linda Lee,https://nyccfb.info/DataLibrary/2025_Intermediaries.csv
"Kim, Young Hwan",,nyc-cfb-intermediary,campaign-intermediary,democracy,0.0100,0.0100,0.0000,0.7200,Sandra Ung,https://nyccfb.info/DataLibrary/2025_Intermediaries.csv
"Kirdahy, Tom",,nyc-cfb-intermediary,campaign-intermediary,democracy,0.0060,0.0060,0.0000,0.7200,Erik Bottcher,https://nyccfb.info/DataLibrary/2025_Intermediaries.csv
"Klores, Dan",,nyc-cfb-intermediary,campaign-intermediary,democracy,0.0317,0.0317,0.0000,0.7200,Andrew Cuomo,https://nyccfb.info/DataLibrary/2025_Intermediaries.csv
"Kriss, Richard",,nyc-cfb-intermediary,campaign-intermediary,democracy,0.0009,0.0009,0.0000,0.7200,Elvis Santana,https://nyccfb.info/DataLibrary/2025_Intermediaries.csv
"Kui, Christopher",,nyc-cfb-intermediary,campaign-intermediary,democracy,0.0003,0.0003,0.0000,0.7200,Scott Stringer,https://nyccfb.info/DataLibrary/2025_Intermediaries.csv
"LaRocca, Melanie",,nyc-cfb-intermediary,campaign-intermediary,democracy,0.0021,0.0021,0.0000,0.7200,Justin Brannan,https://nyccfb.info/DataLibrary/2025_Intermediaries.csv
"Landis, Marc",,nyc-cfb-intermediary,campaign-intermediary,democracy,0.0036,0.0036,0.0000,0.7200,Scott Stringer,https://nyccfb.info/DataLibrary/2025_Intermediaries.csv
"Larson, Alina",,nyc-cfb-intermediary,campaign-intermediary,democracy,0.0003,0.0003,0.0000,0.7200,Zellnor Myrie,https://nyccfb.info/DataLibrary/2025_Intermediaries.csv
"Lasana, Primo",,nyc-cfb-intermediary,campaign-intermediary,democracy,0.0010,0.0010,0.0000,0.7200,Zellnor Myrie,https://nyccfb.info/DataLibrary/2025_Intermediaries.csv
"Lee, Michelle",,nyc-cfb-intermediary,campaign-intermediary,democracy,0.0142,0.0142,0.0000,0.7200,Adrienne Adams,https://nyccfb.info/DataLibrary/2025_Intermediaries.csv
"Leeson, Kellie",,nyc-cfb-intermediary,campaign-intermediary,democracy,0.0016,0.0016,0.0000,0.7200,Zellnor Myrie,https://nyccfb.info/DataLibrary/2025_Intermediaries.csv
"Leon, Jose",,nyc-cfb-intermediary,campaign-intermediary,democracy,0.0020,0.0020,0.0000,0.7200,Antonio Reynoso,https://nyccfb.info/DataLibrary/2025_Intermediaries.csv
"Levine, Alan",,nyc-cfb-intermediary,campaign-intermediary,democracy,0.0039,0.0039,0.0000,0.7200,Shaun Abreu,https://nyccfb.info/DataLibrary/2025_Intermediaries.csv
"Levine, Risa",,nyc-cfb-intermediary,campaign-intermediary,democracy,0.0005,0.0005,0.0000,0.7200,Andrew Cuomo,https://nyccfb.info/DataLibrary/2025_Intermediaries.csv
"Levy, Cobi",,nyc-cfb-intermediary,campaign-intermediary,democracy,0.0010,0.0010,0.0000,0.7200,Erik Bottcher,https://nyccfb.info/DataLibrary/2025_Intermediaries.csv
"Lin, Gui An",,nyc-cfb-intermediary,campaign-intermediary,democracy,0.0041,0.0041,0.0000,0.7200,Eric Adams,https://nyccfb.info/DataLibrary/2025_Intermediaries.csv
"Lin, Jian F",,nyc-cfb-intermediary,campaign-intermediary,democracy,0.0005,0.0005,0.0000,0.7200,Scott Stringer,https://nyccfb.info/DataLibrary/2025_Intermediaries.csv
"Lin, Lisa",,nyc-cfb-intermediary,campaign-intermediary,democracy,0.0008,0.0008,0.0000,0.7200,Calvin Sun,https://nyccfb.info/DataLibrary/2025_Intermediaries.csv
"Lippman, Harley",,nyc-cfb-intermediary,campaign-intermediary,democracy,0.0231,0.0231,0.0000,0.7200,Andrew Cuomo,https://nyccfb.info/DataLibrary/2025_Intermediaries.csv
"Liriano, Kathy",,nyc-cfb-intermediary,campaign-intermediary,democracy,0.0001,0.0001,0.0000,0.7200,Elvis Santana,https://nyccfb.info/DataLibrary/2025_Intermediaries.csv
"Lissman, Rachael",,nyc-cfb-intermediary,campaign-intermediary,democracy,0.0010,0.0010,0.0000,0.7200,Faith Bondy,https://nyccfb.info/DataLibrary/2025_Intermediaries.csv
"Litman, Amanda",,nyc-cfb-intermediary,campaign-intermediary,democracy,0.0026,0.0026,0.0000,0.7200,Zellnor Myrie,https://nyccfb.info/DataLibrary/2025_Intermediaries.csv
"Loeb, Michael",,nyc-cfb-intermediary,campaign-intermediary,democracy,0.0580,0.0580,0.0000,0.7200,Andrew Cuomo,https://nyccfb.info/DataLibrary/2025_Intermediaries.csv
"Lombino, David",,nyc-cfb-intermediary,campaign-intermediary,democracy,0.0018,0.0018,0.0000,0.7200,Andrew Cuomo,https://nyccfb.info/DataLibrary/2025_Intermediaries.csv
"Lu, Biao",,nyc-cfb-intermediary,campaign-intermediary,democracy,0.0002,0.0002,0.0000,0.7200,Ling Ye,https://nyccfb.info/DataLibrary/2025_Intermediaries.csv
"Luttway, David",,nyc-cfb-intermediary,campaign-intermediary,democracy,0.0420,0.0420,0.0000,0.7200,Andrew Cuomo,https://nyccfb.info/DataLibrary/2025_Intermediaries.csv
"Lynch, Joseph",,nyc-cfb-intermediary,campaign-intermediary,democracy,0.0958,0.0958,0.0000,0.7200,Andrew Cuomo,https://nyccfb.info/DataLibrary/2025_Intermediaries.csv
"Ma, Jennifer",,nyc-cfb-intermediary,campaign-intermediary,democracy,0.0039,0.0039,0.0000,0.7200,Adrienne Adams,https://nyccfb.info/DataLibrary/2025_Intermediaries.csv
"MacFarlane, Jerrod",,nyc-cfb-intermediary,campaign-intermediary,democracy,0.0058,0.0058,0.0000,0.7200,Zohran Mamdani,https://nyccfb.info/DataLibrary/2025_Intermediaries.csv
"Malik, Shalinar",,nyc-cfb-intermediary,campaign-intermediary,democracy,0.0002,0.0002,0.0000,0.7200,Michael Colombo,https://nyccfb.info/DataLibrary/2025_Intermediaries.csv
"Mann, Christopher",,nyc-cfb-intermediary,campaign-intermediary,democracy,0.0041,0.0041,0.0000,0.7200,Julie Menin,https://nyccfb.info/DataLibrary/2025_Intermediaries.csv
"Markham, Max",,nyc-cfb-intermediary,campaign-intermediary,democracy,0.0073,0.0073,0.0000,0.7200,Zellnor Myrie,https://nyccfb.info/DataLibrary/2025_Intermediaries.csv
"Mason, Valerie",,nyc-cfb-intermediary,campaign-intermediary,democracy,0.0129,0.0129,0.0000,0.7200,Andrew Cuomo,https://nyccfb.info/DataLibrary/2025_Intermediaries.csv
"McKelvy, Christopher",,nyc-cfb-intermediary,campaign-intermediary,democracy,0.0194,0.0194,0.0000,0.7200,Andrew Cuomo,https://nyccfb.info/DataLibrary/2025_Intermediaries.csv
"Mehiel, Dennis",,nyc-cfb-intermediary,campaign-intermediary,democracy,0.0015,0.0015,0.0000,0.7200,Scott Stringer,https://nyccfb.info/DataLibrary/2025_Intermediaries.csv
"Mehmood, Isha",,nyc-cfb-intermediary,campaign-intermediary,democracy,0.0042,0.0042,0.0000,0.7200,Zohran Mamdani,https://nyccfb.info/DataLibrary/2025_Intermediaries.csv
"Mellow, Ellen",,nyc-cfb-intermediary,campaign-intermediary,democracy,0.0032,0.0032,0.0000,0.7200,Zellnor Myrie,https://nyccfb.info/DataLibrary/2025_Intermediaries.csv
"Merchant, Abraham",,nyc-cfb-intermediary,campaign-intermediary,democracy,0.0018,0.0018,0.0000,0.7200,Scott Stringer,https://nyccfb.info/DataLibrary/2025_Intermediaries.csv
"Messinger, Matthew",,nyc-cfb-intermediary,campaign-intermediary,democracy,0.0086,0.0086,0.0000,0.7200,Shaun Abreu,https://nyccfb.info/DataLibrary/2025_Intermediaries.csv
"Mihaltses, Haeda",,nyc-cfb-intermediary,campaign-intermediary,democracy,0.0027,0.0027,0.0000,0.7200,Andrew Cuomo,https://nyccfb.info/DataLibrary/2025_Intermediaries.csv
"Miles, LaNaisha",,nyc-cfb-intermediary,campaign-intermediary,democracy,0.0001,0.0001,0.0000,0.7200,Sarah Blas,https://nyccfb.info/DataLibrary/2025_Intermediaries.csv
"Millard, Colin",,nyc-cfb-intermediary,campaign-intermediary,democracy,0.0001,0.0001,0.0000,0.7200,Jessica Ramos,https://nyccfb.info/DataLibrary/2025_Intermediaries.csv
"Miller, Daneek",,nyc-cfb-intermediary,campaign-intermediary,democracy,0.0002,0.0002,0.0000,0.7200,Vanessa Gibson,https://nyccfb.info/DataLibrary/2025_Intermediaries.csv
"Miller, Melva M.",,nyc-cfb-intermediary,campaign-intermediary,democracy,0.0003,0.0003,0.0000,0.7200,Vanessa Gibson,https://nyccfb.info/DataLibrary/2025_Intermediaries.csv
"Miller, Suzanne",,nyc-cfb-intermediary,campaign-intermediary,democracy,0.0003,0.0003,0.0000,0.7200,Andrew Cuomo,https://nyccfb.info/DataLibrary/2025_Intermediaries.csv
"Missry, Morris",,nyc-cfb-intermediary,campaign-intermediary,democracy,0.0578,0.0578,0.0000,0.7200,Andrew Cuomo,https://nyccfb.info/DataLibrary/2025_Intermediaries.csv
"Mizzi, Joseph",,nyc-cfb-intermediary,campaign-intermediary,democracy,0.0010,0.0010,0.0000,0.7200,Vanessa Gibson,https://nyccfb.info/DataLibrary/2025_Intermediaries.csv
"Mobilia, Matthew",,nyc-cfb-intermediary,campaign-intermediary,democracy,0.0122,0.0122,0.0000,0.7200,Andrew Cuomo,https://nyccfb.info/DataLibrary/2025_Intermediaries.csv
"Moinian, Matthew",,nyc-cfb-intermediary,campaign-intermediary,democracy,0.0527,0.0527,0.0000,0.7200,Andrew Cuomo,https://nyccfb.info/DataLibrary/2025_Intermediaries.csv
"Moinian, Mitchell",,nyc-cfb-intermediary,campaign-intermediary,democracy,0.1545,0.1545,0.0000,0.7200,Andrew Cuomo,https://nyccfb.info/DataLibrary/2025_Intermediaries.csv
"Mujumder, Mohammed",,nyc-cfb-intermediary,campaign-intermediary,democracy,0.0003,0.0003,0.0000,0.7200,Amanda Farias,https://nyccfb.info/DataLibrary/2025_Intermediaries.csv
"Mullaney, Patrick",,nyc-cfb-intermediary,campaign-intermediary,democracy,0.0035,0.0035,0.0000,0.7200,Jessica Ramos,https://nyccfb.info/DataLibrary/2025_Intermediaries.csv
"Munzer Loeb, Margaret",,nyc-cfb-intermediary,campaign-intermediary,democracy,0.0097,0.0097,0.0000,0.7200,Andrew Cuomo,https://nyccfb.info/DataLibrary/2025_Intermediaries.csv
"Myers, Charles",,nyc-cfb-intermediary,campaign-intermediary,democracy,0.0318,0.0318,0.0000,0.7200,Andrew Cuomo,https://nyccfb.info/DataLibrary/2025_Intermediaries.csv
"Nair, Mira",,nyc-cfb-intermediary,campaign-intermediary,democracy,0.0056,0.0056,0.0000,0.7200,Zohran Mamdani,https://nyccfb.info/DataLibrary/2025_Intermediaries.csv
"Nave, Christopher",,nyc-cfb-intermediary,campaign-intermediary,democracy,0.0010,0.0010,0.0000,0.7200,Erik Bottcher,https://nyccfb.info/DataLibrary/2025_Intermediaries.csv
"Nawaz, Shah",,nyc-cfb-intermediary,campaign-intermediary,democracy,0.0020,0.0020,0.0000,0.7200,Michael Blake,https://nyccfb.info/DataLibrary/2025_Intermediaries.csv
"Nixon, Cynthia",,nyc-cfb-intermediary,campaign-intermediary,democracy,0.0259,0.0259,0.0000,0.7200,Zohran Mamdani,https://nyccfb.info/DataLibrary/2025_Intermediaries.csv
"Nolan, Nora",,nyc-cfb-intermediary,campaign-intermediary,democracy,0.0098,0.0098,0.0000,0.7200,Vickie Paladino,https://nyccfb.info/DataLibrary/2025_Intermediaries.csv
"Nussbaum, Michael",,nyc-cfb-intermediary,campaign-intermediary,democracy,0.0287,0.0287,0.0000,0.7200,Andrew Cuomo,https://nyccfb.info/DataLibrary/2025_Intermediaries.csv
"O'Donoghue, Brian",,nyc-cfb-intermediary,campaign-intermediary,democracy,0.0262,0.0262,0.0000,0.7200,Andrew Cuomo,https://nyccfb.info/DataLibrary/2025_Intermediaries.csv
"OUTLAW, MATILDA",,nyc-cfb-intermediary,campaign-intermediary,democracy,0.0002,0.0002,0.0000,0.7200,Elvis Santana,https://nyccfb.info/DataLibrary/2025_Intermediaries.csv
"Ores, Michelle",,nyc-cfb-intermediary,campaign-intermediary,democracy,0.0093,0.0093,0.0000,0.7200,Shaun Abreu,https://nyccfb.info/DataLibrary/2025_Intermediaries.csv
"Ortmann, Erik",,nyc-cfb-intermediary,campaign-intermediary,democracy,0.0046,0.0046,0.0000,0.7200,Brad Lander,https://nyccfb.info/DataLibrary/2025_Intermediaries.csv
"Patel, Gopesh M",,nyc-cfb-intermediary,campaign-intermediary,democracy,0.0013,0.0013,0.0000,0.7200,Jenifer Rajkumar,https://nyccfb.info/DataLibrary/2025_Intermediaries.csv
"Patricof, Lily",,nyc-cfb-intermediary,campaign-intermediary,democracy,0.0001,0.0001,0.0000,0.7200,Andrew Cuomo,https://nyccfb.info/DataLibrary/2025_Intermediaries.csv
"Payne, Juah",,nyc-cfb-intermediary,campaign-intermediary,democracy,0.0004,0.0004,0.0000,0.7200,Sarah Blas,https://nyccfb.info/DataLibrary/2025_Intermediaries.csv
"Peeler-Allen, Kimberly",,nyc-cfb-intermediary,campaign-intermediary,democracy,0.0002,0.0002,0.0000,0.7200,Vanessa Gibson,https://nyccfb.info/DataLibrary/2025_Intermediaries.csv
"Perry, Theo H",,nyc-cfb-intermediary,campaign-intermediary,democracy,0.0028,0.0028,0.0000,0.7200,Eric Adams,https://nyccfb.info/DataLibrary/2025_Intermediaries.csv
"Petraro, Vincent",,nyc-cfb-intermediary,campaign-intermediary,democracy,0.0021,0.0021,0.0000,0.7200,Eric Adams,https://nyccfb.info/DataLibrary/2025_Intermediaries.csv
"Petry, John",,nyc-cfb-intermediary,campaign-intermediary,democracy,0.0538,0.0538,0.0000,0.7200,Whitney Tilson,https://nyccfb.info/DataLibrary/2025_Intermediaries.csv
"Pierre-Louis, Rosemonde",,nyc-cfb-intermediary,campaign-intermediary,democracy,0.0012,0.0012,0.0000,0.7200,Scott Stringer,https://nyccfb.info/DataLibrary/2025_Intermediaries.csv
"Piller, Sruly",,nyc-cfb-intermediary,campaign-intermediary,democracy,0.0010,0.0010,0.0000,0.7200,Rafael Salamanca,https://nyccfb.info/DataLibrary/2025_Intermediaries.csv
"Polonia, Franklyn",,nyc-cfb-intermediary,campaign-intermediary,democracy,0.0013,0.0013,0.0000,0.7200,Jessica Ramos,https://nyccfb.info/DataLibrary/2025_Intermediaries.csv
"Ponomareva, Irina",,nyc-cfb-intermediary,campaign-intermediary,democracy,0.0021,0.0021,0.0000,0.7200,Anthony Weiner,https://nyccfb.info/DataLibrary/2025_Intermediaries.csv
"Porter, Jacob",,nyc-cfb-intermediary,campaign-intermediary,democracy,0.0001,0.0001,0.0000,0.7200,Sarah Blas,https://nyccfb.info/DataLibrary/2025_Intermediaries.csv
"Porter, Saul",,nyc-cfb-intermediary,campaign-intermediary,democracy,0.0001,0.0001,0.0000,0.7200,Sarah Blas,https://nyccfb.info/DataLibrary/2025_Intermediaries.csv
"Press, Jordan",,nyc-cfb-intermediary,campaign-intermediary,democracy,0.0011,0.0011,0.0000,0.7200,Mark Levine,https://nyccfb.info/DataLibrary/2025_Intermediaries.csv
"Pucino, David",,nyc-cfb-intermediary,campaign-intermediary,democracy,0.0052,0.0052,0.0000,0.7200,Zellnor Myrie,https://nyccfb.info/DataLibrary/2025_Intermediaries.csv
"Rabbi Shlomo, Nisanov",,nyc-cfb-intermediary,campaign-intermediary,democracy,0.0024,0.0024,0.0000,0.7200,Joann Ariola,https://nyccfb.info/DataLibrary/2025_Intermediaries.csv
"Rabin, Arthur",,nyc-cfb-intermediary,campaign-intermediary,democracy,0.0298,0.0298,0.0000,0.7200,Andrew Cuomo,https://nyccfb.info/DataLibrary/2025_Intermediaries.csv
"Ramirez, Feliciano J",,nyc-cfb-intermediary,campaign-intermediary,democracy,0.0010,0.0010,0.0000,0.7200,Federico Colon,https://nyccfb.info/DataLibrary/2025_Intermediaries.csv
"Ramirez, Miladys",,nyc-cfb-intermediary,campaign-intermediary,democracy,0.0001,0.0001,0.0000,0.7200,Sarah Batchu,https://nyccfb.info/DataLibrary/2025_Intermediaries.csv
"Ramos, Auribal",,nyc-cfb-intermediary,campaign-intermediary,democracy,0.0001,0.0001,0.0000,0.7200,Jessica Ramos,https://nyccfb.info/DataLibrary/2025_Intermediaries.csv
"Ramos, Efrain",,nyc-cfb-intermediary,campaign-intermediary,democracy,0.0002,0.0002,0.0000,0.7200,Scott Stringer,https://nyccfb.info/DataLibrary/2025_Intermediaries.csv
"Randall, Judy",,nyc-cfb-intermediary,campaign-intermediary,democracy,0.0003,0.0003,0.0000,0.7200,Vanessa Aronson,https://nyccfb.info/DataLibrary/2025_Intermediaries.csv
"Regan, Maurice",,nyc-cfb-intermediary,campaign-intermediary,democracy,0.0089,0.0089,0.0000,0.7200,Andrew Cuomo,https://nyccfb.info/DataLibrary/2025_Intermediaries.csv
"Reiser, Samantha",,nyc-cfb-intermediary,campaign-intermediary,democracy,0.0154,0.0154,0.0000,0.7200,Zellnor Myrie,https://nyccfb.info/DataLibrary/2025_Intermediaries.csv
"Reyes, Ilse",,nyc-cfb-intermediary,campaign-intermediary,democracy,0.0002,0.0002,0.0000,0.7200,Jessica Ramos,https://nyccfb.info/DataLibrary/2025_Intermediaries.csv
"Richardson, Bernel Arthur",,nyc-cfb-intermediary,campaign-intermediary,democracy,0.0001,0.0001,0.0000,0.7200,Elvis Santana,https://nyccfb.info/DataLibrary/2025_Intermediaries.csv
"Rigie, Andrew",,nyc-cfb-intermediary,campaign-intermediary,democracy,0.0008,0.0008,0.0000,0.7200,Scott Stringer,https://nyccfb.info/DataLibrary/2025_Intermediaries.csv
"Rivel, David",,nyc-cfb-intermediary,campaign-intermediary,democracy,0.0032,0.0032,0.0000,0.7200,Zohran Mamdani,https://nyccfb.info/DataLibrary/2025_Intermediaries.csv
"Robert A. Ungar Associates, In",,nyc-cfb-intermediary,campaign-intermediary,democracy,0.0024,0.0024,0.0000,0.6200,Mark Levine,https://nyccfb.info/DataLibrary/2025_Intermediaries.csv
"Rodelli, Nick",,nyc-cfb-intermediary,campaign-intermediary,democracy,0.0053,0.0053,0.0000,0.7200,Rafael Salamanca,https://nyccfb.info/DataLibrary/2025_Intermediaries.csv
"Rodriguez, Anna",,nyc-cfb-intermediary,campaign-intermediary,democracy,0.0001,0.0001,0.0000,0.7200,Elvis Santana,https://nyccfb.info/DataLibrary/2025_Intermediaries.csv
"Roever, Alisa",,nyc-cfb-intermediary,campaign-intermediary,democracy,0.0160,0.0160,0.0000,0.7200,Eric Adams,https://nyccfb.info/DataLibrary/2025_Intermediaries.csv
"Rosario, Jayleen",,nyc-cfb-intermediary,campaign-intermediary,democracy,0.0001,0.0001,0.0000,0.7200,Sarah Batchu,https://nyccfb.info/DataLibrary/2025_Intermediaries.csv
"Rose, Max",,nyc-cfb-intermediary,campaign-intermediary,democracy,0.0415,0.0415,0.0000,0.7200,Eric Adams,https://nyccfb.info/DataLibrary/2025_Intermediaries.csv
"Rosen, Daniel",,nyc-cfb-intermediary,campaign-intermediary,democracy,0.0463,0.0463,0.0000,0.7200,Andrew Cuomo,https://nyccfb.info/DataLibrary/2025_Intermediaries.csv
"Rosen, Marvin",,nyc-cfb-intermediary,campaign-intermediary,democracy,0.0503,0.0503,0.0000,0.7200,Andrew Cuomo,https://nyccfb.info/DataLibrary/2025_Intermediaries.csv
"Rosenthal, Jane",,nyc-cfb-intermediary,campaign-intermediary,democracy,0.0203,0.0203,0.0000,0.7200,Andrew Cuomo,https://nyccfb.info/DataLibrary/2025_Intermediaries.csv
"Roth, Philip",,nyc-cfb-intermediary,campaign-intermediary,democracy,0.0006,0.0006,0.0000,0.7200,Eric Adams,https://nyccfb.info/DataLibrary/2025_Intermediaries.csv
"Rothman, Jillian",,nyc-cfb-intermediary,campaign-intermediary,democracy,0.0005,0.0005,0.0000,0.7200,Zellnor Myrie,https://nyccfb.info/DataLibrary/2025_Intermediaries.csv
"Ruben, Richard",,nyc-cfb-intermediary,campaign-intermediary,democracy,0.0390,0.0390,0.0000,0.7200,Andrew Cuomo,https://nyccfb.info/DataLibrary/2025_Intermediaries.csv
"Ruderfer, Stuart",,nyc-cfb-intermediary,campaign-intermediary,democracy,0.0014,0.0014,0.0000,0.7200,Andrew Cuomo,https://nyccfb.info/DataLibrary/2025_Intermediaries.csv
"Russo, Steven",,nyc-cfb-intermediary,campaign-intermediary,democracy,0.0005,0.0005,0.0000,0.7200,Andrew Cuomo,https://nyccfb.info/DataLibrary/2025_Intermediaries.csv
"Ruttenberg, Raphael",,nyc-cfb-intermediary,campaign-intermediary,democracy,0.0005,0.0005,0.0000,0.7200,Zellnor Myrie,https://nyccfb.info/DataLibrary/2025_Intermediaries.csv
"SOBHAN, MD ABDUS",,nyc-cfb-intermediary,campaign-intermediary,democracy,0.0001,0.0001,0.0000,0.7200,Shah Haque,https://nyccfb.info/DataLibrary/2025_Intermediaries.csv
SOLIDARITY PAC INC.,,nyc-cfb-intermediary,campaign-intermediary,democracy,0.0115,0.0115,0.0000,0.6200,Eric Dinowitz,https://nyccfb.info/DataLibrary/2025_Intermediaries.csv
"Saban, Joey",,nyc-cfb-intermediary,campaign-intermediary,democracy,0.1115,0.1115,0.0000,0.7200,Andrew Cuomo,https://nyccfb.info/DataLibrary/2025_Intermediaries.csv
"Sabbella, Vasu",,nyc-cfb-intermediary,campaign-intermediary,democracy,0.0210,0.0210,0.0000,0.7200,James Walden,https://nyccfb.info/DataLibrary/2025_Intermediaries.csv
"Sabino, Salvador",,nyc-cfb-intermediary,campaign-intermediary,democracy,0.0014,0.0014,0.0000,0.7200,Fernando Cabrera,https://nyccfb.info/DataLibrary/2025_Intermediaries.csv
"Sachs, Jeffrey",,nyc-cfb-intermediary,campaign-intermediary,democracy,0.0828,0.0828,0.0000,0.7200,Andrew Cuomo,https://nyccfb.info/DataLibrary/2025_Intermediaries.csv
"Sahai-Mohan, Taramattie",,nyc-cfb-intermediary,campaign-intermediary,democracy,0.0008,0.0008,0.0000,0.7200,Selvena Brooks-Powers,https://nyccfb.info/DataLibrary/2025_Intermediaries.csv
"Sakowich, Reid",,nyc-cfb-intermediary,campaign-intermediary,democracy,0.0077,0.0077,0.0000,0.7200,James Walden,https://nyccfb.info/DataLibrary/2025_Intermediaries.csv
"Sandorf, Julie",,nyc-cfb-intermediary,campaign-intermediary,democracy,0.0005,0.0005,0.0000,0.7200,Zellnor Myrie,https://nyccfb.info/DataLibrary/2025_Intermediaries.csv
"Santana, Franklin",,nyc-cfb-intermediary,campaign-intermediary,democracy,0.0001,0.0001,0.0000,0.7200,Jessica Ramos,https://nyccfb.info/DataLibrary/2025_Intermediaries.csv
"Sarantopoulos, John",,nyc-cfb-intermediary,campaign-intermediary,democracy,0.0002,0.0002,0.0000,0.7200,George Sarantopoulos,https://nyccfb.info/DataLibrary/2025_Intermediaries.csv
"Sarder, Faruk A",,nyc-cfb-intermediary,campaign-intermediary,democracy,0.0027,0.0027,0.0000,0.7200,Michael Blake,https://nyccfb.info/DataLibrary/2025_Intermediaries.csv
"Sathya, Chethan",,nyc-cfb-intermediary,campaign-intermediary,democracy,0.0442,0.0442,0.0000,0.7200,Andrew Cuomo,https://nyccfb.info/DataLibrary/2025_Intermediaries.csv
"Schlein, Stanley K",,nyc-cfb-intermediary,campaign-intermediary,democracy,0.0045,0.0045,0.0000,0.7200,Vanessa Gibson,https://nyccfb.info/DataLibrary/2025_Intermediaries.csv
"Schloss, Lawrence",,nyc-cfb-intermediary,campaign-intermediary,democracy,0.0010,0.0010,0.0000,0.7200,Andrew Cuomo,https://nyccfb.info/DataLibrary/2025_Intermediaries.csv
"Shaoul, Benjamin",,nyc-cfb-intermediary,campaign-intermediary,democracy,0.0555,0.0555,0.0000,0.7200,Andrew Cuomo,https://nyccfb.info/DataLibrary/2025_Intermediaries.csv
"Shaw, Claire",,nyc-cfb-intermediary,campaign-intermediary,democracy,0.0004,0.0004,0.0000,0.7200,Zellnor Myrie,https://nyccfb.info/DataLibrary/2025_Intermediaries.csv
"Sidamon-Eristoff, Andrew",,nyc-cfb-intermediary,campaign-intermediary,democracy,0.0027,0.0027,0.0000,0.7200,Andrew Cuomo,https://nyccfb.info/DataLibrary/2025_Intermediaries.csv
"Simon, Brian",,nyc-cfb-intermediary,campaign-intermediary,democracy,0.0176,0.0176,0.0000,0.7200,Andrew Cuomo,https://nyccfb.info/DataLibrary/2025_Intermediaries.csv
"Sinasohn, Daniel",,nyc-cfb-intermediary,campaign-intermediary,democracy,0.0235,0.0235,0.0000,0.7200,Andrew Cuomo,https://nyccfb.info/DataLibrary/2025_Intermediaries.csv
"Sinensky, Michael",,nyc-cfb-intermediary,campaign-intermediary,democracy,0.0005,0.0005,0.0000,0.7200,Scott Stringer,https://nyccfb.info/DataLibrary/2025_Intermediaries.csv
"Singh, Jaspreet",,nyc-cfb-intermediary,campaign-intermediary,democracy,0.0666,0.0666,0.0000,0.7200,Andrew Cuomo,https://nyccfb.info/DataLibrary/2025_Intermediaries.csv
"Singh, Navdeep",,nyc-cfb-intermediary,campaign-intermediary,democracy,0.0010,0.0010,0.0000,0.7200,Jessica Ramos,https://nyccfb.info/DataLibrary/2025_Intermediaries.csv
"Singh, Parminder",,nyc-cfb-intermediary,campaign-intermediary,democracy,0.0008,0.0008,0.0000,0.7200,Jenifer Rajkumar,https://nyccfb.info/DataLibrary/2025_Intermediaries.csv
"Singham Goodwin, Alicia",,nyc-cfb-intermediary,campaign-intermediary,democracy,0.0064,0.0064,0.0000,0.7200,Zohran Mamdani,https://nyccfb.info/DataLibrary/2025_Intermediaries.csv
"Sirota, Richard",,nyc-cfb-intermediary,campaign-intermediary,democracy,0.0092,0.0092,0.0000,0.7200,Andrew Cuomo,https://nyccfb.info/DataLibrary/2025_Intermediaries.csv
"Skoufis, James",,nyc-cfb-intermediary,campaign-intermediary,democracy,0.0057,0.0057,0.0000,0.7200,Zellnor Myrie,https://nyccfb.info/DataLibrary/2025_Intermediaries.csv
"Smyth, McGregor",,nyc-cfb-intermediary,campaign-intermediary,democracy,0.0010,0.0010,0.0000,0.7200,Harvey Epstein,https://nyccfb.info/DataLibrary/2025_Intermediaries.csv
"Smyth, Thomas",,nyc-cfb-intermediary,campaign-intermediary,democracy,0.0013,0.0013,0.0000,0.7200,Zellnor Myrie,https://nyccfb.info/DataLibrary/2025_Intermediaries.csv
"Snyder, Adam",,nyc-cfb-intermediary,campaign-intermediary,democracy,0.0694,0.0694,0.0000,0.7200,Andrew Cuomo,https://nyccfb.info/DataLibrary/2025_Intermediaries.csv
"Snyder, Orin",,nyc-cfb-intermediary,campaign-intermediary,democracy,0.0217,0.0217,0.0000,0.7200,Andrew Cuomo,https://nyccfb.info/DataLibrary/2025_Intermediaries.csv
"Solano, Joseph",,nyc-cfb-intermediary,campaign-intermediary,democracy,0.0005,0.0005,0.0000,0.7200,Antonio Reynoso,https://nyccfb.info/DataLibrary/2025_Intermediaries.csv
"Solano, Joseph",,nyc-cfb-intermediary,campaign-intermediary,democracy,0.0009,0.0009,0.0000,0.7200,Eric Adams,https://nyccfb.info/DataLibrary/2025_Intermediaries.csv
Solidarity PAC,,nyc-cfb-intermediary,campaign-intermediary,democracy,0.0081,0.0081,0.0000,0.6200,Shaun Abreu,https://nyccfb.info/DataLibrary/2025_Intermediaries.csv
"Song, Edward",,nyc-cfb-intermediary,campaign-intermediary,democracy,0.0030,0.0030,0.0000,0.7200,Keith Powers,https://nyccfb.info/DataLibrary/2025_Intermediaries.csv
"Southwell, Alexander",,nyc-cfb-intermediary,campaign-intermediary,democracy,0.0005,0.0005,0.0000,0.7200,James Walden,https://nyccfb.info/DataLibrary/2025_Intermediaries.csv
"Spano, Nick",,nyc-cfb-intermediary,campaign-intermediary,democracy,0.1174,0.1174,0.0000,0.7200,Andrew Cuomo,https://nyccfb.info/DataLibrary/2025_Intermediaries.csv
"Spelman, Erika",,nyc-cfb-intermediary,campaign-intermediary,democracy,0.0001,0.0001,0.0000,0.7200,Zellnor Myrie,https://nyccfb.info/DataLibrary/2025_Intermediaries.csv
"Squadron, Daniel",,nyc-cfb-intermediary,campaign-intermediary,democracy,0.0025,0.0025,0.0000,0.7200,Zellnor Myrie,https://nyccfb.info/DataLibrary/2025_Intermediaries.csv
"Stallings, Kenneth",,nyc-cfb-intermediary,campaign-intermediary,democracy,0.0566,0.0566,0.0000,0.7200,Andrew Cuomo,https://nyccfb.info/DataLibrary/2025_Intermediaries.csv
"Strange, Victoria",,nyc-cfb-intermediary,campaign-intermediary,democracy,0.0035,0.0035,0.0000,0.7200,David Carr,https://nyccfb.info/DataLibrary/2025_Intermediaries.csv
"Sullivan, Michael",,nyc-cfb-intermediary,campaign-intermediary,democracy,0.0195,0.0195,0.0000,0.7200,Shanel Thomas-Henry,https://nyccfb.info/DataLibrary/2025_Intermediaries.csv
"Sun, Kaden",,nyc-cfb-intermediary,campaign-intermediary,democracy,0.0001,0.0001,0.0000,0.7200,Ling Ye,https://nyccfb.info/DataLibrary/2025_Intermediaries.csv
"Sunshine, Ken",,nyc-cfb-intermediary,campaign-intermediary,democracy,0.0369,0.0369,0.0000,0.7200,Andrew Cuomo,https://nyccfb.info/DataLibrary/2025_Intermediaries.csv
"Sutton, Samuel G",,nyc-cfb-intermediary,campaign-intermediary,democracy,0.0018,0.0018,0.0000,0.7200,Scott Stringer,https://nyccfb.info/DataLibrary/2025_Intermediaries.csv
"Theodore, Benjamin",,nyc-cfb-intermediary,campaign-intermediary,democracy,0.0033,0.0033,0.0000,0.7200,Zellnor Myrie,https://nyccfb.info/DataLibrary/2025_Intermediaries.csv
"Tisch, Laurie",,nyc-cfb-intermediary,campaign-intermediary,democracy,0.0437,0.0437,0.0000,0.7200,Andrew Cuomo,https://nyccfb.info/DataLibrary/2025_Intermediaries.csv
"Tobin, Emily",,nyc-cfb-intermediary,campaign-intermediary,democracy,0.0066,0.0066,0.0000,0.7200,Erik Bottcher,https://nyccfb.info/DataLibrary/2025_Intermediaries.csv
"Tobin, Lorenzo",,nyc-cfb-intermediary,campaign-intermediary,democracy,0.0064,0.0064,0.0000,0.7200,Brad Hoylman-Sigal,https://nyccfb.info/DataLibrary/2025_Intermediaries.csv
"Trapanese, Mike",,nyc-cfb-intermediary,campaign-intermediary,democracy,0.0007,0.0007,0.0000,0.7200,Zellnor Myrie,https://nyccfb.info/DataLibrary/2025_Intermediaries.csv
"Tusk, Bradley",,nyc-cfb-intermediary,campaign-intermediary,democracy,0.0013,0.0013,0.0000,0.7200,Harvey Epstein,https://nyccfb.info/DataLibrary/2025_Intermediaries.csv
"Ungar, Robert A.",,nyc-cfb-intermediary,campaign-intermediary,democracy,0.0010,0.0010,0.0000,0.7200,Vanessa Gibson,https://nyccfb.info/DataLibrary/2025_Intermediaries.csv
"Vadon, Sharice",,nyc-cfb-intermediary,campaign-intermediary,democracy,0.0001,0.0001,0.0000,0.7200,Sarah Batchu,https://nyccfb.info/DataLibrary/2025_Intermediaries.csv
"Valenzuela, Sara",,nyc-cfb-intermediary,campaign-intermediary,democracy,0.0002,0.0002,0.0000,0.7200,Vanessa Gibson,https://nyccfb.info/DataLibrary/2025_Intermediaries.csv
"Valiotis, Steve",,nyc-cfb-intermediary,campaign-intermediary,democracy,0.0332,0.0332,0.0000,0.7200,Andrew Cuomo,https://nyccfb.info/DataLibrary/2025_Intermediaries.csv
"Vallone, Perry",,nyc-cfb-intermediary,campaign-intermediary,democracy,0.0018,0.0018,0.0000,0.7200,Mark Levine,https://nyccfb.info/DataLibrary/2025_Intermediaries.csv
"Viswanath, Sunita",,nyc-cfb-intermediary,campaign-intermediary,democracy,0.0081,0.0081,0.0000,0.7200,Zohran Mamdani,https://nyccfb.info/DataLibrary/2025_Intermediaries.csv
"Vivolo, Angelo",,nyc-cfb-intermediary,campaign-intermediary,democracy,0.0435,0.0435,0.0000,0.7200,Andrew Cuomo,https://nyccfb.info/DataLibrary/2025_Intermediaries.csv
"WILLIAMSON, GREG",,nyc-cfb-intermediary,campaign-intermediary,democracy,0.0633,0.0633,0.0000,0.7200,Andrew Cuomo,https://nyccfb.info/DataLibrary/2025_Intermediaries.csv
"Wachtel, William",,nyc-cfb-intermediary,campaign-intermediary,democracy,0.0060,0.0060,0.0000,0.7200,Andrew Cuomo,https://nyccfb.info/DataLibrary/2025_Intermediaries.csv
"Wagner-Goldstein, Katherine",,nyc-cfb-intermediary,campaign-intermediary,democracy,0.0003,0.0003,0.0000,0.7200,Zellnor Myrie,https://nyccfb.info/DataLibrary/2025_Intermediaries.csv
"Walker, Melissa",,nyc-cfb-intermediary,campaign-intermediary,democracy,0.0010,0.0010,0.0000,0.7200,Zellnor Myrie,https://nyccfb.info/DataLibrary/2025_Intermediaries.csv
"Walsh, Katherine",,nyc-cfb-intermediary,campaign-intermediary,democracy,0.0006,0.0006,0.0000,0.7200,Zellnor Myrie,https://nyccfb.info/DataLibrary/2025_Intermediaries.csv
"Wang, Jicheng",,nyc-cfb-intermediary,campaign-intermediary,democracy,0.0038,0.0038,0.0000,0.7200,Sandra Ung,https://nyccfb.info/DataLibrary/2025_Intermediaries.csv
"Wang, Jicheng",,nyc-cfb-intermediary,campaign-intermediary,democracy,0.0038,0.0038,0.0000,0.7200,Scott Stringer,https://nyccfb.info/DataLibrary/2025_Intermediaries.csv
"Weisberg, Jackie",,nyc-cfb-intermediary,campaign-intermediary,democracy,0.0051,0.0051,0.0000,0.7200,Zellnor Myrie,https://nyccfb.info/DataLibrary/2025_Intermediaries.csv
"Weissman, Gideon L",,nyc-cfb-intermediary,campaign-intermediary,democracy,0.0003,0.0003,0.0000,0.7200,Zellnor Myrie,https://nyccfb.info/DataLibrary/2025_Intermediaries.csv
"Weissman, Joshua",,nyc-cfb-intermediary,campaign-intermediary,democracy,0.0003,0.0003,0.0000,0.7200,Vanessa Gibson,https://nyccfb.info/DataLibrary/2025_Intermediaries.csv
"Whelan, James",,nyc-cfb-intermediary,campaign-intermediary,democracy,0.0031,0.0031,0.0000,0.7200,Eric Adams,https://nyccfb.info/DataLibrary/2025_Intermediaries.csv
"Whelan, James",,nyc-cfb-intermediary,campaign-intermediary,democracy,0.0003,0.0003,0.0000,0.7200,Vanessa Gibson,https://nyccfb.info/DataLibrary/2025_Intermediaries.csv
"Whelan, Jim",,nyc-cfb-intermediary,campaign-intermediary,democracy,0.0013,0.0013,0.0000,0.7200,Andrew Cuomo,https://nyccfb.info/DataLibrary/2025_Intermediaries.csv
"White, Daniel",,nyc-cfb-intermediary,campaign-intermediary,democracy,0.0003,0.0003,0.0000,0.7200,Vanessa Gibson,https://nyccfb.info/DataLibrary/2025_Intermediaries.csv
"Wick, Larisa",,nyc-cfb-intermediary,campaign-intermediary,democracy,0.0006,0.0006,0.0000,0.7200,Harvey Epstein,https://nyccfb.info/DataLibrary/2025_Intermediaries.csv
"Wilson, Ayan",,nyc-cfb-intermediary,campaign-intermediary,democracy,0.0005,0.0005,0.0000,0.7200,Elvis Santana,https://nyccfb.info/DataLibrary/2025_Intermediaries.csv
"Winton, Wendell",,nyc-cfb-intermediary,campaign-intermediary,democracy,0.0077,0.0077,0.0000,0.7200,Zellnor Myrie,https://nyccfb.info/DataLibrary/2025_Intermediaries.csv
"Wisch, Steven",,nyc-cfb-intermediary,campaign-intermediary,democracy,0.0451,0.0451,0.0000,0.7200,Andrew Cuomo,https://nyccfb.info/DataLibrary/2025_Intermediaries.csv
"Wolk, Aaron",,nyc-cfb-intermediary,campaign-intermediary,democracy,0.0021,0.0021,0.0000,0.7200,Faith Bondy,https://nyccfb.info/DataLibrary/2025_Intermediaries.csv
"Woloz, Michael",,nyc-cfb-intermediary,campaign-intermediary,democracy,0.0016,0.0016,0.0000,0.7200,Mark Levine,https://nyccfb.info/DataLibrary/2025_Intermediaries.csv
"Woloz, Michael",,nyc-cfb-intermediary,campaign-intermediary,democracy,0.0052,0.0052,0.0000,0.7200,Selvena Brooks-Powers,https://nyccfb.info/DataLibrary/2025_Intermediaries.csv
"Yao, Chiang Ding",,nyc-cfb-intermediary,campaign-intermediary,democracy,0.0048,0.0048,0.0000,0.7200,Scott Stringer,https://nyccfb.info/DataLibrary/2025_Intermediaries.csv
"Ye, Run",,nyc-cfb-intermediary,campaign-intermediary,democracy,0.0006,0.0006,0.0000,0.7200,James Walden,https://nyccfb.info/DataLibrary/2025_Intermediaries.csv
"Yi Liu, Fang",,nyc-cfb-intermediary,campaign-intermediary,democracy,0.0010,0.0010,0.0000,0.7200,Scott Stringer,https://nyccfb.info/DataLibrary/2025_Intermediaries.csv
"Yip, Hau Yung",,nyc-cfb-intermediary,campaign-intermediary,democracy,0.0001,0.0001,0.0000,0.7200,Ling Ye,https://nyccfb.info/DataLibrary/2025_Intermediaries.csv
"Zaremba, John",,nyc-cfb-intermediary,campaign-intermediary,democracy,0.0474,0.0474,0.0000,0.7200,Andrew Cuomo,https://nyccfb.info/DataLibrary/2025_Intermediaries.csv
"Zaremba, John",,nyc-cfb-intermediary,campaign-intermediary,democracy,0.0042,0.0042,0.0000,0.7200,Jessica Ramos,https://nyccfb.info/DataLibrary/2025_Intermediaries.csv
"Zeng, Hongying",,nyc-cfb-intermediary,campaign-intermediary,democracy,0.0001,0.0001,0.0000,0.7200,Scott Stringer,https://nyccfb.info/DataLibrary/2025_Intermediaries.csv
"Zeng, Shao Yun",,nyc-cfb-intermediary,campaign-intermediary,democracy,0.0001,0.0001,0.0000,0.7200,Sandra Ung,https://nyccfb.info/DataLibrary/2025_Intermediaries.csv
"Zhang, Cheryl",,nyc-cfb-intermediary,campaign-intermediary,democracy,0.0012,0.0012,0.0000,0.7200,Calvin Sun,https://nyccfb.info/DataLibrary/2025_Intermediaries.csv
"Zhang, Fa Yu",,nyc-cfb-intermediary,campaign-intermediary,democracy,0.0001,0.0001,0.0000,0.7200,Ling Ye,https://nyccfb.info/DataLibrary/2025_Intermediaries.csv
"Zhang, Yueheng",,nyc-cfb-intermediary,campaign-intermediary,democracy,0.0001,0.0001,0.0000,0.7200,Christopher Marte,https://nyccfb.info/DataLibrary/2025_Intermediaries.csv
"Zheng, Shi Fei",,nyc-cfb-intermediary,campaign-intermediary,democracy,0.0001,0.0001,0.0000,0.7200,Sandra Ung,https://nyccfb.info/DataLibrary/2025_Intermediaries.csv
"Zhou, Xu",,nyc-cfb-intermediary,campaign-intermediary,democracy,0.0022,0.0022,0.0000,0.7200,Scott Stringer,https://nyccfb.info/DataLibrary/2025_Intermediaries.csv
"Zhuang, Susan",,nyc-cfb-intermediary,campaign-intermediary,democracy,0.0018,0.0018,0.0000,0.7200,Andrew Cuomo,https://nyccfb.info/DataLibrary/2025_Intermediaries.csv
"Ziff, Ann",,nyc-cfb-intermediary,campaign-intermediary,democracy,0.0005,0.0005,0.0000,0.7200,James Walden,https://nyccfb.info/DataLibrary/2025_Intermediaries.csv
"ayala, rosa",,nyc-cfb-intermediary,campaign-intermediary,democracy,0.0003,0.0003,0.0000,0.7200,Freddy Perez Jr.,https://nyccfb.info/DataLibrary/2025_Intermediaries.csv
"de Milly, Michele",,nyc-cfb-intermediary,campaign-intermediary,democracy,0.0080,0.0080,0.0000,0.7200,Julie Menin,https://nyccfb.info/DataLibrary/2025_Intermediaries.csv
"layden, william",,nyc-cfb-intermediary,campaign-intermediary,democracy,0.0005,0.0005,0.0000,0.7200,Zellnor Myrie,https://nyccfb.info/DataLibrary/2025_Intermediaries.csv
"ostroff, Rick",,nyc-cfb-intermediary,campaign-intermediary,democracy,0.0003,0.0003,0.0000,0.7200,Andrew Cuomo,https://nyccfb.info/DataLibrary/2025_Intermediaries.csv
"wiesenthal, robert",,nyc-cfb-intermediary,campaign-intermediary,democracy,0.0591,0.0591,0.0000,0.7200,Andrew Cuomo,https://nyccfb.info/DataLibrary/2025_Intermediaries.csv
"zheng, song",,nyc-cfb-intermediary,campaign-intermediary,democracy,0.0030,0.0030,0.0000,0.7200,Scott Stringer,https://nyccfb.info/DataLibrary/2025_Intermediaries.csv
Democratic Governors Association,521304889,irs-pofd-8872,527,democracy,110.9778,70.4766,0.0000,0.7200,DC,https://forms.irs.gov/app/pod/dataDownload/dataAG
Democratic Governors Association,521304889,irs-pofd-8872,527,democracy,114.5198,62.6490,0.0000,0.7200,DC,https://forms.irs.gov/app/pod/dataDownload/dataAG
"ActBlue Technical Services, Inc.",270160261,irs-pofd-8872,527,democracy,48.6250,23.0124,0.0000,0.7200,MA,https://forms.irs.gov/app/pod/dataDownload/dataAG
Democratic Governors Association,521304889,irs-pofd-8872,527,democracy,31.5071,18.6514,0.0000,0.7200,DC,https://forms.irs.gov/app/pod/dataDownload/dataAG
"ActBlue Technical Services, Inc.",270160261,irs-pofd-8872,527,democracy,34.8669,16.5425,0.0000,0.7200,MA,https://forms.irs.gov/app/pod/dataDownload/dataAG
"ActBlue Technical Services, Inc.",270160261,irs-pofd-8872,527,democracy,36.0208,15.4789,0.0000,0.7200,MA,https://forms.irs.gov/app/pod/dataDownload/dataAG
"ActBlue Technical Services, Inc.",270160261,irs-pofd-8872,527,democracy,35.1783,15.4352,0.0000,0.7200,MA,https://forms.irs.gov/app/pod/dataDownload/dataAG
"ActBlue Technical Services, Inc.",270160261,irs-pofd-8872,527,democracy,24.8512,15.3946,0.0000,0.7200,MA,https://forms.irs.gov/app/pod/dataDownload/dataAG
Democratic Governors Association,521304889,irs-pofd-8872,527,democracy,29.5321,14.5897,0.0000,0.7200,DC,https://forms.irs.gov/app/pod/dataDownload/dataAG
AFSCME Working Families Fund,912064198,irs-pofd-8872,527,democracy,19.0174,12.9177,0.0000,0.7200,DC,https://forms.irs.gov/app/pod/dataDownload/dataAG
ActBlue Non-Federal,202517748,irs-pofd-8872,527,democracy,24.8232,12.9099,0.0000,0.7200,MA,https://forms.irs.gov/app/pod/dataDownload/dataAG
ActBlue Non-Federal,202517748,irs-pofd-8872,527,democracy,24.0011,12.6834,0.0000,0.7200,MA,https://forms.irs.gov/app/pod/dataDownload/dataAG
"Democratic Attorneys General Association, Inc.",134220019,irs-pofd-8872,527,energy,24.8014,12.4294,0.0000,0.7200,DC,https://forms.irs.gov/app/pod/dataDownload/dataAG
ActBlue Non-Federal,202517748,irs-pofd-8872,527,democracy,22.0586,11.6177,0.0000,0.7200,MA,https://forms.irs.gov/app/pod/dataDownload/dataAG
Democratic Governors Association,521304889,irs-pofd-8872,527,democracy,32.3652,11.3653,0.0000,0.7200,DC,https://forms.irs.gov/app/pod/dataDownload/dataAG
Garden State Forward,462383979,irs-pofd-8872,527,energy,21.7254,10.8627,0.0000,0.7200,NJ,https://forms.irs.gov/app/pod/dataDownload/dataAG
Democratic Legislative Campaign Committee,521870839,irs-pofd-8872,527,democracy,20.7244,10.7827,0.0000,0.7200,DC,https://forms.irs.gov/app/pod/dataDownload/dataAG
Democratic Legislative Campaign Committee,521870839,irs-pofd-8872,527,democracy,20.5657,10.5549,0.0000,0.7200,DC,https://forms.irs.gov/app/pod/dataDownload/dataAG
Democratic Governors Association,521304889,irs-pofd-8872,527,democracy,16.1630,10.2233,0.0000,0.7200,DC,https://forms.irs.gov/app/pod/dataDownload/dataAG
Garden State Forward,462383979,irs-pofd-8872,527,energy,20.1292,10.0646,0.0000,0.7200,NJ,https://forms.irs.gov/app/pod/dataDownload/dataAG
ActBlue Non-Federal,202517748,irs-pofd-8872,527,democracy,20.7073,9.8120,0.0000,0.7200,MA,https://forms.irs.gov/app/pod/dataDownload/dataAG
ActBlue Non-Federal,202517748,irs-pofd-8872,527,democracy,20.4893,9.6755,0.0000,0.7200,MA,https://forms.irs.gov/app/pod/dataDownload/dataAG
Democratic Governors Association,521304889,irs-pofd-8872,527,democracy,25.1854,8.4658,0.0000,0.7200,DC,https://forms.irs.gov/app/pod/dataDownload/dataAG
"ActBlue Technical Services, Inc.",270160261,irs-pofd-8872,527,democracy,18.9140,8.4614,0.0000,0.7200,MA,https://forms.irs.gov/app/pod/dataDownload/dataAG
"ActBlue Technical Services, Inc.",270160261,irs-pofd-8872,527,democracy,14.4719,8.4376,0.0000,0.7200,MA,https://forms.irs.gov/app/pod/dataDownload/dataAG
ActBlue Non-Federal,202517748,irs-pofd-8872,527,democracy,17.2906,8.2458,0.0000,0.7200,MA,https://forms.irs.gov/app/pod/dataDownload/dataAG
ActBlue Non-Federal,202517748,irs-pofd-8872,527,democracy,17.2510,8.1818,0.0000,0.7200,MA,https://forms.irs.gov/app/pod/dataDownload/dataAG
ActBlue Non-Federal,202517748,irs-pofd-8872,527,democracy,12.4051,7.8906,0.0000,0.7200,MA,https://forms.irs.gov/app/pod/dataDownload/dataAG
"GOPAC, Inc.",521237780,irs-pofd-8872,527,energy,12.9888,7.5393,0.0000,0.7200,VA,https://forms.irs.gov/app/pod/dataDownload/dataAG
ActBlue Non-Federal,202517748,irs-pofd-8872,527,democracy,16.5570,7.4717,0.0000,0.7200,MA,https://forms.irs.gov/app/pod/dataDownload/dataAG
ActBlue Non-Federal,202517748,irs-pofd-8872,527,democracy,15.7010,7.4583,0.0000,0.7200,MA,https://forms.irs.gov/app/pod/dataDownload/dataAG
"Democratic Attorneys General Association, Inc.",134220019,irs-pofd-8872,527,energy,15.4512,7.3910,0.0000,0.7200,DC,https://forms.irs.gov/app/pod/dataDownload/dataAG
ActBlue Non-Federal,202517748,irs-pofd-8872,527,democracy,15.3804,7.3634,0.0000,0.7200,MA,https://forms.irs.gov/app/pod/dataDownload/dataAG
Emerge America,900787684,irs-pofd-8872,527,energy,14.6879,7.3315,0.0000,0.7200,CA,https://forms.irs.gov/app/pod/dataDownload/dataAG
"ActBlue Technical Services, Inc.",270160261,irs-pofd-8872,527,democracy,15.2660,7.2282,0.0000,0.7200,MA,https://forms.irs.gov/app/pod/dataDownload/dataAG
ActBlue Non-Federal,202517748,irs-pofd-8872,527,democracy,14.0429,7.0251,0.0000,0.7200,MA,https://forms.irs.gov/app/pod/dataDownload/dataAG
"Democratic Attorneys General Association, Inc.",134220019,irs-pofd-8872,527,energy,12.6230,7.0243,0.0000,0.7200,DC,https://forms.irs.gov/app/pod/dataDownload/dataAG
"ActBlue Technical Services, Inc.",270160261,irs-pofd-8872,527,democracy,14.2035,7.0054,0.0000,0.7200,MA,https://forms.irs.gov/app/pod/dataDownload/dataAG
AFSCME Working Families Fund,912064198,irs-pofd-8872,527,democracy,22.1559,6.9050,0.0000,0.7200,DC,https://forms.irs.gov/app/pod/dataDownload/dataAG
"ActBlue Technical Services, Inc.",270160261,irs-pofd-8872,527,democracy,12.7155,6.8725,0.0000,0.7200,MA,https://forms.irs.gov/app/pod/dataDownload/dataAG
EMILY's List Non-Federal,521391360,irs-pofd-8872,527,energy,14.3174,6.5694,0.0000,0.7200,DC,https://forms.irs.gov/app/pod/dataDownload/dataAG
ActBlue Non-Federal,202517748,irs-pofd-8872,527,democracy,14.3796,6.4450,0.0000,0.7200,MA,https://forms.irs.gov/app/pod/dataDownload/dataAG
AFT SOLIDARITY 527,273202261,irs-pofd-8872,527,energy,12.7320,6.3660,0.0000,0.7200,DC,https://forms.irs.gov/app/pod/dataDownload/dataAG
"ActBlue Technical Services, Inc.",270160261,irs-pofd-8872,527,democracy,11.6165,6.3296,0.0000,0.7200,MA,https://forms.irs.gov/app/pod/dataDownload/dataAG
"GOPAC, Inc.",521237780,irs-pofd-8872,527,energy,11.6574,5.8863,0.0000,0.7200,VA,https://forms.irs.gov/app/pod/dataDownload/dataAG
"Good Government Coalition, Inc.",844197020,irs-pofd-8872,527,energy,12.2618,5.7618,0.0000,0.7200,VA,https://forms.irs.gov/app/pod/dataDownload/dataAG
"ActBlue Technical Services, Inc.",270160261,irs-pofd-8872,527,democracy,13.1932,5.7115,0.0000,0.7200,MA,https://forms.irs.gov/app/pod/dataDownload/dataAG
"ActBlue Technical Services, Inc.",270160261,irs-pofd-8872,527,democracy,9.5921,5.4388,0.0000,0.7200,MA,https://forms.irs.gov/app/pod/dataDownload/dataAG
Democratic Legislative Campaign Committee,521870839,irs-pofd-8872,527,democracy,11.6340,5.3579,0.0000,0.7200,DC,https://forms.irs.gov/app/pod/dataDownload/dataAG
"ActBlue Technical Services, Inc.",270160261,irs-pofd-8872,527,democracy,8.9283,5.2672,0.0000,0.7200,MA,https://forms.irs.gov/app/pod/dataDownload/dataAG
"ActBlue Technical Services, Inc.",270160261,irs-pofd-8872,527,democracy,9.4588,5.1947,0.0000,0.7200,MA,https://forms.irs.gov/app/pod/dataDownload/dataAG
"ActBlue Technical Services, Inc.",270160261,irs-pofd-8872,527,democracy,8.0663,4.8239,0.0000,0.7200,MA,https://forms.irs.gov/app/pod/dataDownload/dataAG
"ActBlue Technical Services, Inc.",270160261,irs-pofd-8872,527,democracy,9.2158,4.6824,0.0000,0.7200,MA,https://forms.irs.gov/app/pod/dataDownload/dataAG
Democratic Governors Association,521304889,irs-pofd-8872,527,democracy,9.3152,4.4008,0.0000,0.7200,DC,https://forms.irs.gov/app/pod/dataDownload/dataAG
Emerge America,900787684,irs-pofd-8872,527,energy,8.2081,4.3957,0.0000,0.7200,CA,https://forms.irs.gov/app/pod/dataDownload/dataAG
Democratic Legislative Campaign Committee,521870839,irs-pofd-8872,527,democracy,10.2100,4.3017,0.0000,0.7200,DC,https://forms.irs.gov/app/pod/dataDownload/dataAG
Democratic Legislative Campaign Committee,521870839,irs-pofd-8872,527,democracy,6.0683,4.2966,0.0000,0.7200,DC,https://forms.irs.gov/app/pod/dataDownload/dataAG
AFSCME Working Families Fund,912064198,irs-pofd-8872,527,democracy,6.6772,4.0674,0.0000,0.7200,DC,https://forms.irs.gov/app/pod/dataDownload/dataAG
EMILY's List Non-Federal,521391360,irs-pofd-8872,527,energy,7.3491,4.0506,0.0000,0.7200,DC,https://forms.irs.gov/app/pod/dataDownload/dataAG
EMILY's List Non-Federal,521391360,irs-pofd-8872,527,energy,8.2207,3.9879,0.0000,0.7200,DC,https://forms.irs.gov/app/pod/dataDownload/dataAG
AFSCME Working Families Fund,912064198,irs-pofd-8872,527,democracy,28.6692,3.7864,0.0000,0.7200,DC,https://forms.irs.gov/app/pod/dataDownload/dataAG
"Democratic Attorneys General Association, Inc.",134220019,irs-pofd-8872,527,energy,6.9010,3.6983,0.0000,0.7200,DC,https://forms.irs.gov/app/pod/dataDownload/dataAG
"Brighter Future Forward, Inc.",931680100,irs-pofd-8872,527,energy,7.3282,3.6632,0.0000,0.7200,NJ,https://forms.irs.gov/app/pod/dataDownload/dataAG
50CAN Action Fund PAC,830877823,irs-pofd-8872,527,energy,6.6102,3.3149,0.0000,0.7200,DC,https://forms.irs.gov/app/pod/dataDownload/dataAG
AFT SOLIDARITY 527,273202261,irs-pofd-8872,527,energy,6.6344,3.3134,0.0000,0.7200,DC,https://forms.irs.gov/app/pod/dataDownload/dataAG
Emerge America,900787684,irs-pofd-8872,527,energy,6.0904,3.2786,0.0000,0.7200,CA,https://forms.irs.gov/app/pod/dataDownload/dataAG
ActBlue Non-Federal,202517748,irs-pofd-8872,527,democracy,4.0689,3.1307,0.0000,0.7200,MA,https://forms.irs.gov/app/pod/dataDownload/dataAG
Democratic Legislative Campaign Committee,521870839,irs-pofd-8872,527,democracy,4.7208,3.0609,0.0000,0.7200,DC,https://forms.irs.gov/app/pod/dataDownload/dataAG
"Democratic Attorneys General Association, Inc.",134220019,irs-pofd-8872,527,energy,7.7105,3.0546,0.0000,0.7200,DC,https://forms.irs.gov/app/pod/dataDownload/dataAG
Dignity CA SEIU Local 2015,474477966,irs-pofd-8872,527,energy,2.9813,2.9313,0.0000,0.7200,CA,https://forms.irs.gov/app/pod/dataDownload/dataAG
DAGA People's Lawyer Project,831281397,irs-pofd-8872,527,energy,5.3213,2.9143,0.0000,0.7200,DC,https://forms.irs.gov/app/pod/dataDownload/dataAG
Ballot Freedom Fund,992946361,irs-pofd-8872,527,energy,4.7863,2.8412,0.0000,0.7200,CO,https://forms.irs.gov/app/pod/dataDownload/dataAG
AFSCME Working Families Fund,912064198,irs-pofd-8872,527,democracy,2.7457,2.7457,0.0000,0.6600,DC,https://forms.irs.gov/app/pod/dataDownload/dataAG
Democrats for Educational Equity PAC,833361661,irs-pofd-8872,527,democracy,2.7197,2.7196,0.0000,0.7200,NY,https://forms.irs.gov/app/pod/dataDownload/dataAG
EMILY's List Non-Federal,521391360,irs-pofd-8872,527,energy,6.4168,2.5955,0.0000,0.7200,DC,https://forms.irs.gov/app/pod/dataDownload/dataAG
"GOPAC, Inc.",521237780,irs-pofd-8872,527,energy,5.7265,2.5919,0.0000,0.7200,VA,https://forms.irs.gov/app/pod/dataDownload/dataAG
Garden State Forward,462383979,irs-pofd-8872,527,energy,5.1577,2.5788,0.0000,0.7200,NJ,https://forms.irs.gov/app/pod/dataDownload/dataAG
AFSCME Working Families Fund,912064198,irs-pofd-8872,527,democracy,2.7921,2.5390,0.0000,0.7200,DC,https://forms.irs.gov/app/pod/dataDownload/dataAG
AFT SOLIDARITY 527,273202261,irs-pofd-8872,527,energy,4.9508,2.4789,0.0000,0.7200,DC,https://forms.irs.gov/app/pod/dataDownload/dataAG
AFT SOLIDARITY 527,273202261,irs-pofd-8872,527,energy,5.7992,2.4494,0.0000,0.7200,DC,https://forms.irs.gov/app/pod/dataDownload/dataAG
"GOPAC, Inc.",521237780,irs-pofd-8872,527,energy,4.5025,2.4083,0.0000,0.7200,DC,https://forms.irs.gov/app/pod/dataDownload/dataAG
American Representative Majority,853951161,irs-pofd-8872,527,energy,4.7372,2.4034,0.0000,0.7200,NJ,https://forms.irs.gov/app/pod/dataDownload/dataAG
ActBlue Non-Federal,202517748,irs-pofd-8872,527,democracy,3.1999,2.3930,0.0000,0.7200,MA,https://forms.irs.gov/app/pod/dataDownload/dataAG
Committee for Police Officers Defense,843153271,irs-pofd-8872,527,procurement,4.6057,2.3220,0.0000,0.7200,VA,https://forms.irs.gov/app/pod/dataDownload/dataAG
American Breast Cancer Coalition,834686848,irs-pofd-8872,527,democracy,4.5054,2.2692,0.0000,0.7200,DC,https://forms.irs.gov/app/pod/dataDownload/dataAG
Dignity CA SEIU Local 2015,474477966,irs-pofd-8872,527,energy,2.2176,2.2176,0.0000,0.6600,CA,https://forms.irs.gov/app/pod/dataDownload/dataAG
ActBlue Non-Federal,202517748,irs-pofd-8872,527,democracy,3.7274,2.1807,0.0000,0.7200,MA,https://forms.irs.gov/app/pod/dataDownload/dataAG
ActBlue Non-Federal,202517748,irs-pofd-8872,527,democracy,11.8335,2.0783,0.0000,0.7200,MA,https://forms.irs.gov/app/pod/dataDownload/dataAG
Garden State Forward,462383979,irs-pofd-8872,527,energy,2.9302,2.0302,0.0000,0.7200,NJ,https://forms.irs.gov/app/pod/dataDownload/dataAG
Democratic Legislative Campaign Committee,521870839,irs-pofd-8872,527,democracy,5.1318,2.0097,0.0000,0.7200,DC,https://forms.irs.gov/app/pod/dataDownload/dataAG
Dignity CA SEIU Local 2015,474477966,irs-pofd-8872,527,energy,1.9490,1.9490,0.0000,0.6600,CA,https://forms.irs.gov/app/pod/dataDownload/dataAG
American Police Officers Alliance,821194581,irs-pofd-8872,527,democracy,3.8502,1.9471,0.0000,0.7200,VA,https://forms.irs.gov/app/pod/dataDownload/dataAG
DAGA People's Lawyer Project,831281397,irs-pofd-8872,527,energy,3.1328,1.9328,0.0000,0.7200,DC,https://forms.irs.gov/app/pod/dataDownload/dataAG
ActBlue Non-Federal,202517748,irs-pofd-8872,527,democracy,2.8957,1.8681,0.0000,0.7200,MA,https://forms.irs.gov/app/pod/dataDownload/dataAG
"Democratic Attorneys General Association, Inc.",134220019,irs-pofd-8872,527,energy,4.2327,1.8528,0.0000,0.7200,DC,https://forms.irs.gov/app/pod/dataDownload/dataAG
ActBlue Non-Federal,202517748,irs-pofd-8872,527,democracy,2.8227,1.8040,0.0000,0.7200,MA,https://forms.irs.gov/app/pod/dataDownload/dataAG
ActBlue Non-Federal,202517748,irs-pofd-8872,527,democracy,2.7579,1.7799,0.0000,0.7200,MA,https://forms.irs.gov/app/pod/dataDownload/dataAG
EMILY's List Non-Federal,521391360,irs-pofd-8872,527,energy,2.7578,1.7797,0.0000,0.7200,DC,https://forms.irs.gov/app/pod/dataDownload/dataAG
ActBlue Non-Federal,202517748,irs-pofd-8872,527,democracy,2.5393,1.7759,0.0000,0.7200,MA,https://forms.irs.gov/app/pod/dataDownload/dataAG
ActBlue Non-Federal,202517748,irs-pofd-8872,527,democracy,3.0168,1.7704,0.0000,0.7200,MA,https://forms.irs.gov/app/pod/dataDownload/dataAG
ActBlue Non-Federal,202517748,irs-pofd-8872,527,democracy,2.8149,1.7551,0.0000,0.7200,MA,https://forms.irs.gov/app/pod/dataDownload/dataAG
ActBlue Non-Federal,202517748,irs-pofd-8872,527,democracy,2.5520,1.6848,0.0000,0.7200,MA,https://forms.irs.gov/app/pod/dataDownload/dataAG
ActBlue Non-Federal,202517748,irs-pofd-8872,527,democracy,2.4910,1.5641,0.0000,0.7200,MA,https://forms.irs.gov/app/pod/dataDownload/dataAG
ActBlue Non-Federal,202517748,irs-pofd-8872,527,democracy,2.1329,1.5319,0.0000,0.7200,MA,https://forms.irs.gov/app/pod/dataDownload/dataAG
Forward Majority Action 527,830611104,irs-pofd-8872,527,energy,3.0209,1.5122,0.0000,0.7200,DC,https://forms.irs.gov/app/pod/dataDownload/dataAG
ActBlue Non-Federal,202517748,irs-pofd-8872,527,democracy,2.5613,1.5108,0.0000,0.7200,MA,https://forms.irs.gov/app/pod/dataDownload/dataAG
Democrats for Educational Equity PAC,833361661,irs-pofd-8872,527,democracy,1.5039,1.5039,0.0000,0.7200,NY,https://forms.irs.gov/app/pod/dataDownload/dataAG
ActBlue Non-Federal,202517748,irs-pofd-8872,527,democracy,2.4441,1.4750,0.0000,0.7200,MA,https://forms.irs.gov/app/pod/dataDownload/dataAG
"GOPAC, Inc.",521237780,irs-pofd-8872,527,energy,2.7767,1.4642,0.0000,0.7200,VA,https://forms.irs.gov/app/pod/dataDownload/dataAG
American Leadership Committee,831273004,irs-pofd-8872,527,energy,2.6682,1.4241,0.0000,0.7200,DC,https://forms.irs.gov/app/pod/dataDownload/dataAG
Emerge America,900787684,irs-pofd-8872,527,energy,2.2226,1.4239,0.0000,0.7200,CA,https://forms.irs.gov/app/pod/dataDownload/dataAG
Dignity CA SEIU Local 2015,474477966,irs-pofd-8872,527,energy,2.3045,1.4109,0.0000,0.7200,CA,https://forms.irs.gov/app/pod/dataDownload/dataAG
AFL-CIO COPE - Treasury Fund,522257723,irs-pofd-8872,527,energy,1.7214,1.4062,0.0000,0.7200,DC,https://forms.irs.gov/app/pod/dataDownload/dataAG
Emerge America,900787684,irs-pofd-8872,527,energy,2.3500,1.4013,0.0000,0.7200,CA,https://forms.irs.gov/app/pod/dataDownload/dataAG
ActBlue Non-Federal,202517748,irs-pofd-8872,527,democracy,2.2578,1.3881,0.0000,0.7200,MA,https://forms.irs.gov/app/pod/dataDownload/dataAG
"ActBlue Technical Services, Inc.",270160261,irs-pofd-8872,527,democracy,1.7940,1.3824,0.0000,0.7200,MA,https://forms.irs.gov/app/pod/dataDownload/dataAG
Emerge America,900787684,irs-pofd-8872,527,energy,2.8198,1.3570,0.0000,0.7200,CA,https://forms.irs.gov/app/pod/dataDownload/dataAG
ActBlue Non-Federal,202517748,irs-pofd-8872,527,democracy,2.2063,1.3501,0.0000,0.7200,MA,https://forms.irs.gov/app/pod/dataDownload/dataAG
American Beverage Association Fund for Consumer Choice,461702097,irs-pofd-8872,527,energy,1.3415,1.3415,0.0000,0.6600,DC,https://forms.irs.gov/app/pod/dataDownload/dataAG
"Democratic Attorneys General Association, Inc.",134220019,irs-pofd-8872,527,energy,3.5842,1.3095,0.0000,0.7200,DC,https://forms.irs.gov/app/pod/dataDownload/dataAG
ActBlue Non-Federal,202517748,irs-pofd-8872,527,democracy,2.0146,1.3082,0.0000,0.7200,MA,https://forms.irs.gov/app/pod/dataDownload/dataAG
Firefighters Support Fund,822366231,irs-pofd-8872,527,energy,2.5890,1.2882,0.0000,0.7200,VA,https://forms.irs.gov/app/pod/dataDownload/dataAG
ActBlue Non-Federal,202517748,irs-pofd-8872,527,democracy,2.1254,1.2572,0.0000,0.7200,MA,https://forms.irs.gov/app/pod/dataDownload/dataAG
ActBlue Non-Federal,202517748,irs-pofd-8872,527,democracy,1.8366,1.2124,0.0000,0.7200,MA,https://forms.irs.gov/app/pod/dataDownload/dataAG
Election Digest - A Project of the Coalition for Literacy,454703272,irs-pofd-8872,527,democracy,2.4965,1.2117,0.0000,0.7200,CA,https://forms.irs.gov/app/pod/dataDownload/dataAG
ActBlue Non-Federal,202517748,irs-pofd-8872,527,democracy,1.7961,1.1570,0.0000,0.7200,MA,https://forms.irs.gov/app/pod/dataDownload/dataAG
ActBlue Non-Federal,202517748,irs-pofd-8872,527,democracy,1.7938,1.1418,0.0000,0.7200,MA,https://forms.irs.gov/app/pod/dataDownload/dataAG
ActBlue Non-Federal,202517748,irs-pofd-8872,527,democracy,1.8173,1.1407,0.0000,0.7200,MA,https://forms.irs.gov/app/pod/dataDownload/dataAG
ActBlue Non-Federal,202517748,irs-pofd-8872,527,democracy,2.2818,1.1281,0.0000,0.7200,MA,https://forms.irs.gov/app/pod/dataDownload/dataAG
ActBlue Non-Federal,202517748,irs-pofd-8872,527,democracy,1.8252,1.1214,0.0000,0.7200,MA,https://forms.irs.gov/app/pod/dataDownload/dataAG
ActBlue Non-Federal,202517748,irs-pofd-8872,527,democracy,2.0942,1.1197,0.0000,0.7200,MA,https://forms.irs.gov/app/pod/dataDownload/dataAG
Carpenters Action Fund,843362212,irs-pofd-8872,527,energy,1.8961,1.0005,0.0000,0.7200,PA,https://forms.irs.gov/app/pod/dataDownload/dataAG
Budget Watchdogs Newsletter,454613279,irs-pofd-8872,527,energy,0.9485,0.9374,0.0000,0.7200,CA,https://forms.irs.gov/app/pod/dataDownload/dataAG
AFSCME PEOPLE - NON-FEDERAL,912066788,irs-pofd-8872,527,energy,1.9486,0.9214,0.0000,0.7200,DC,https://forms.irs.gov/app/pod/dataDownload/dataAG
DAGA People's Lawyer Project,831281397,irs-pofd-8872,527,energy,1.6596,0.9206,0.0000,0.7200,DC,https://forms.irs.gov/app/pod/dataDownload/dataAG
American Leadership Committee,831273004,irs-pofd-8872,527,energy,2.0601,0.9118,0.0000,0.7200,DC,https://forms.irs.gov/app/pod/dataDownload/dataAG
Democratic Association of Secretaries of State,263853861,irs-pofd-8872,527,energy,1.9778,0.8999,0.0000,0.7200,DC,https://forms.irs.gov/app/pod/dataDownload/dataAG
Committee for Police Officers Defense,843153271,irs-pofd-8872,527,procurement,1.7926,0.8923,0.0000,0.7200,VA,https://forms.irs.gov/app/pod/dataDownload/dataAG
Democratic Mayors Association,521535470,irs-pofd-8872,527,energy,1.6303,0.8404,0.0000,0.7200,DC,https://forms.irs.gov/app/pod/dataDownload/dataAG
EMILY's List Non-Federal,521391360,irs-pofd-8872,527,energy,0.9508,0.7889,0.0000,0.7200,DC,https://forms.irs.gov/app/pod/dataDownload/dataAG
AVSC 2023 PAC,922452599,irs-pofd-8872,527,democracy,1.5220,0.7596,0.0000,0.7200,VA,https://forms.irs.gov/app/pod/dataDownload/dataAG
American Coalition for Police & Sheriff's PAC,922354897,irs-pofd-8872,527,democracy,1.5160,0.7551,0.0000,0.7200,VA,https://forms.irs.gov/app/pod/dataDownload/dataAG
Committee for Police Officers Defense,843153271,irs-pofd-8872,527,procurement,1.4851,0.7401,0.0000,0.7200,VA,https://forms.irs.gov/app/pod/dataDownload/dataAG
American Representative Majority,853951161,irs-pofd-8872,527,energy,1.1121,0.7311,0.0000,0.7200,NJ,https://forms.irs.gov/app/pod/dataDownload/dataAG
AFSCME PEOPLE - NON-FEDERAL,912066788,irs-pofd-8872,527,energy,1.1720,0.7294,0.0000,0.7200,DC,https://forms.irs.gov/app/pod/dataDownload/dataAG
Ballot Freedom Fund,992946361,irs-pofd-8872,527,energy,1.9315,0.7289,0.0000,0.7200,DC,https://forms.irs.gov/app/pod/dataDownload/dataAG
Committee for Police Officers Defense,843153271,irs-pofd-8872,527,procurement,1.4801,0.7243,0.0000,0.7200,VA,https://forms.irs.gov/app/pod/dataDownload/dataAG
California Federation of Teachers COPE,931032682,irs-pofd-8872,527,energy,1.4207,0.6925,0.0000,0.7200,CA,https://forms.irs.gov/app/pod/dataDownload/dataAG
CALIFORNIA PROFESSIONAL FIREFIGHTERS PAC,680457648,irs-pofd-8872,527,energy,1.3220,0.6744,0.0000,0.7200,CA,https://forms.irs.gov/app/pod/dataDownload/dataAG
Firefighters Support Fund,822366231,irs-pofd-8872,527,energy,1.3326,0.6710,0.0000,0.7200,VA,https://forms.irs.gov/app/pod/dataDownload/dataAG
California Federation of Teachers COPE,931032682,irs-pofd-8872,527,energy,1.0715,0.6631,0.0000,0.7200,CA,https://forms.irs.gov/app/pod/dataDownload/dataAG
Democratic Mayors Association,521535470,irs-pofd-8872,527,energy,0.9838,0.6505,0.0000,0.7200,DC,https://forms.irs.gov/app/pod/dataDownload/dataAG
Democratic Municipal Officials,030393091,irs-pofd-8872,527,democracy,1.2844,0.6407,0.0000,0.7200,DC,https://forms.irs.gov/app/pod/dataDownload/dataAG
"GOPAC, Inc.",521237780,irs-pofd-8872,527,energy,1.1184,0.6407,0.0000,0.7200,VA,https://forms.irs.gov/app/pod/dataDownload/dataAG
Election Digest - A Project of the Coalition for Literacy,454703272,irs-pofd-8872,527,democracy,1.0835,0.6388,0.0000,0.7200,CA,https://forms.irs.gov/app/pod/dataDownload/dataAG
Forward Majority Action 527,830611104,irs-pofd-8872,527,energy,1.2231,0.6069,0.0000,0.7200,DC,https://forms.irs.gov/app/pod/dataDownload/dataAG
Democratic Association of Secretaries of State,263853861,irs-pofd-8872,527,energy,1.0774,0.6059,0.0000,0.7200,DC,https://forms.irs.gov/app/pod/dataDownload/dataAG
Firefighters Support Fund,822366231,irs-pofd-8872,527,energy,1.2068,0.6058,0.0000,0.7200,VA,https://forms.irs.gov/app/pod/dataDownload/dataAG
AFSCME PEOPLE - NON-FEDERAL,912066788,irs-pofd-8872,527,energy,0.9821,0.6048,0.0000,0.7200,DC,https://forms.irs.gov/app/pod/dataDownload/dataAG
Forward Majority Action 527,830611104,irs-pofd-8872,527,energy,1.2031,0.6021,0.0000,0.7200,DC,https://forms.irs.gov/app/pod/dataDownload/dataAG
AFT State and Local Fund,522256152,irs-pofd-8872,527,energy,1.0158,0.5920,0.0000,0.7200,DC,https://forms.irs.gov/app/pod/dataDownload/dataAG
American Police Officers Alliance,821194581,irs-pofd-8872,527,democracy,1.1678,0.5834,0.0000,0.7200,VA,https://forms.irs.gov/app/pod/dataDownload/dataAG
Firefighters Support Fund,822366231,irs-pofd-8872,527,energy,1.1724,0.5816,0.0000,0.7200,VA,https://forms.irs.gov/app/pod/dataDownload/dataAG
American Breast Cancer Coalition,834686848,irs-pofd-8872,527,democracy,1.1268,0.5677,0.0000,0.7200,VA,https://forms.irs.gov/app/pod/dataDownload/dataAG
American Leadership Committee,831273004,irs-pofd-8872,527,energy,0.9873,0.5630,0.0000,0.7200,DC,https://forms.irs.gov/app/pod/dataDownload/dataAG
AFSCME PEOPLE - NON-FEDERAL,912066788,irs-pofd-8872,527,energy,1.2814,0.5519,0.0000,0.7200,DC,https://forms.irs.gov/app/pod/dataDownload/dataAG
California Federation of Teachers COPE,931032682,irs-pofd-8872,527,energy,1.1733,0.5515,0.0000,0.7200,CA,https://forms.irs.gov/app/pod/dataDownload/dataAG
Democrats for Educational Equity PAC,833361661,irs-pofd-8872,527,democracy,0.5502,0.5501,0.0000,0.7200,NY,https://forms.irs.gov/app/pod/dataDownload/dataAG
Democratic Mayors Association,521535470,irs-pofd-8872,527,energy,1.2556,0.5406,0.0000,0.7200,DC,https://forms.irs.gov/app/pod/dataDownload/dataAG
"College Republican National Committee, Inc.",521082055,irs-pofd-8872,527,energy,0.7366,0.5379,0.0000,0.7200,DC,https://forms.irs.gov/app/pod/dataDownload/dataAG
"College Republican National Committee, Inc.",521082055,irs-pofd-8872,527,energy,0.7142,0.5379,0.0000,0.7200,DC,https://forms.irs.gov/app/pod/dataDownload/dataAG
"College Republican National Committee, Inc.",521082055,irs-pofd-8872,527,energy,0.5927,0.5379,0.0000,0.7200,DC,https://forms.irs.gov/app/pod/dataDownload/dataAG
AFL-CIO COPE - Treasury Fund,522257723,irs-pofd-8872,527,energy,0.8526,0.5344,0.0000,0.7200,DC,https://forms.irs.gov/app/pod/dataDownload/dataAG
AFT State and Local Fund,522256152,irs-pofd-8872,527,energy,1.0771,0.5138,0.0000,0.7200,DC,https://forms.irs.gov/app/pod/dataDownload/dataAG
2024 Golden State Delegation - Non-Federal,933013278,irs-pofd-8872,527,energy,0.6052,0.5088,0.0000,0.7200,CA,https://forms.irs.gov/app/pod/dataDownload/dataAG
Foundations For A Better Future,872543262,irs-pofd-8872,527,energy,1.0033,0.5024,0.0000,0.7200,PA,https://forms.irs.gov/app/pod/dataDownload/dataAG
California Federation of Teachers COPE,931032682,irs-pofd-8872,527,energy,1.0297,0.4879,0.0000,0.7200,CA,https://forms.irs.gov/app/pod/dataDownload/dataAG
Carpenters Action Fund,843362212,irs-pofd-8872,527,energy,0.7178,0.4863,0.0000,0.7200,PA,https://forms.irs.gov/app/pod/dataDownload/dataAG
California Federation of Teachers COPE,931032682,irs-pofd-8872,527,energy,0.9817,0.4741,0.0000,0.7200,CA,https://forms.irs.gov/app/pod/dataDownload/dataAG
Committee for Police Officers Defense,843153271,irs-pofd-8872,527,procurement,0.9063,0.4582,0.0000,0.7200,DC,https://forms.irs.gov/app/pod/dataDownload/dataAG
American Coalition for Police & Sheriff's PAC,922354897,irs-pofd-8872,527,democracy,0.9132,0.4546,0.0000,0.7200,VA,https://forms.irs.gov/app/pod/dataDownload/dataAG
Communications Workers of America COPE Account,520246709,irs-pofd-8872,527,democracy,0.8756,0.4375,0.0000,0.7200,DC,https://forms.irs.gov/app/pod/dataDownload/dataAG
"AMERICAN FEDERATION FOR CHILDREN ACTION FUND, INC.",271687320,irs-pofd-8872,527,democracy,0.4225,0.4225,0.0000,0.6600,MD,https://forms.irs.gov/app/pod/dataDownload/dataAG
Democratic Association of Secretaries of State,263853861,irs-pofd-8872,527,energy,0.7861,0.4214,0.0000,0.7200,DC,https://forms.irs.gov/app/pod/dataDownload/dataAG
American Police Officers Alliance,821194581,irs-pofd-8872,527,democracy,0.8329,0.4150,0.0000,0.7200,VA,https://forms.irs.gov/app/pod/dataDownload/dataAG
Democratic Municipal Officials,030393091,irs-pofd-8872,527,democracy,0.8739,0.4089,0.0000,0.7200,DC,https://forms.irs.gov/app/pod/dataDownload/dataAG
CALIFORNIA PROFESSIONAL FIREFIGHTERS PAC,680457648,irs-pofd-8872,527,energy,0.6201,0.4010,0.0000,0.7200,CA,https://forms.irs.gov/app/pod/dataDownload/dataAG
Garden State Forward,462383979,irs-pofd-8872,527,energy,0.8000,0.4000,0.0000,0.7200,NJ,https://forms.irs.gov/app/pod/dataDownload/dataAG
"American Veterans Honor Fund, Inc.",822315009,irs-pofd-8872,527,energy,0.7766,0.3929,0.0000,0.7200,VA,https://forms.irs.gov/app/pod/dataDownload/dataAG
American Alliance for Military Veterans,843763606,irs-pofd-8872,527,democracy,0.7582,0.3904,0.0000,0.7200,VA,https://forms.irs.gov/app/pod/dataDownload/dataAG
Emerge California,900802507,irs-pofd-8872,527,energy,0.6220,0.3891,0.0000,0.7200,CA,https://forms.irs.gov/app/pod/dataDownload/dataAG
COMMUNITY LEADERS OF AMERICA,463149989,irs-pofd-8872,527,energy,0.8104,0.3878,0.0000,0.7200,VA,https://forms.irs.gov/app/pod/dataDownload/dataAG
Communications Workers of America COPE Account,520246709,irs-pofd-8872,527,democracy,0.9228,0.3850,0.0000,0.7200,DC,https://forms.irs.gov/app/pod/dataDownload/dataAG
American Coalition for Police & Sheriff's PAC,922354897,irs-pofd-8872,527,democracy,0.7582,0.3838,0.0000,0.7200,VA,https://forms.irs.gov/app/pod/dataDownload/dataAG
Democratic Municipal Officials,030393091,irs-pofd-8872,527,democracy,0.6713,0.3784,0.0000,0.7200,DC,https://forms.irs.gov/app/pod/dataDownload/dataAG
CALPAC - California Medical Association PAC,946353926,irs-pofd-8872,527,energy,0.8438,0.3772,0.0000,0.7200,CA,https://forms.irs.gov/app/pod/dataDownload/dataAG
Fund for Student Success,831322288,irs-pofd-8872,527,energy,0.3750,0.3750,0.0000,0.6600,PA,https://forms.irs.gov/app/pod/dataDownload/dataAG
Democratic Association of Secretaries of State,263853861,irs-pofd-8872,527,energy,0.8055,0.3735,0.0000,0.7200,DC,https://forms.irs.gov/app/pod/dataDownload/dataAG
Election Digest - A Project of the Coalition for Literacy,454703272,irs-pofd-8872,527,democracy,0.7045,0.3705,0.0000,0.7200,CA,https://forms.irs.gov/app/pod/dataDownload/dataAG
Democratic Association of Secretaries of State,263853861,irs-pofd-8872,527,energy,1.0278,0.3703,0.0000,0.7200,DC,https://forms.irs.gov/app/pod/dataDownload/dataAG
AFSCME PEOPLE - NON-FEDERAL,912066788,irs-pofd-8872,527,energy,0.7305,0.3700,0.0000,0.7200,DC,https://forms.irs.gov/app/pod/dataDownload/dataAG
Democratic Mayors Association,521535470,irs-pofd-8872,527,energy,0.5327,0.3654,0.0000,0.7200,DC,https://forms.irs.gov/app/pod/dataDownload/dataAG
AFSCME PEOPLE - NON-FEDERAL,912066788,irs-pofd-8872,527,energy,0.8376,0.3624,0.0000,0.7200,DC,https://forms.irs.gov/app/pod/dataDownload/dataAG
Arizona List,208331828,irs-pofd-8872,527,energy,0.6636,0.3604,0.0000,0.7200,AZ,https://forms.irs.gov/app/pod/dataDownload/dataAG
American Police Officers Alliance,821194581,irs-pofd-8872,527,democracy,0.6863,0.3425,0.0000,0.7200,VA,https://forms.irs.gov/app/pod/dataDownload/dataAG
Dignity CA SEIU Local 2015,474477966,irs-pofd-8872,527,energy,3.5374,0.3401,0.0000,0.7200,CA,https://forms.irs.gov/app/pod/dataDownload/dataAG
Close The Gap CA,462920219,irs-pofd-8872,527,democracy,1.0310,0.3327,0.0000,0.7200,CA,https://forms.irs.gov/app/pod/dataDownload/dataAG
Fund for Student Success,831322288,irs-pofd-8872,527,energy,0.8250,0.3250,0.0000,0.7200,PA,https://forms.irs.gov/app/pod/dataDownload/dataAG
CALPAC - California Medical Association PAC,946353926,irs-pofd-8872,527,energy,0.4156,0.3238,0.0000,0.7200,CA,https://forms.irs.gov/app/pod/dataDownload/dataAG
Democratic Association of Secretaries of State,263853861,irs-pofd-8872,527,energy,0.3339,0.3224,0.0000,0.7200,DC,https://forms.irs.gov/app/pod/dataDownload/dataAG
AFT SOLIDARITY 527,273202261,irs-pofd-8872,527,energy,0.8378,0.3144,0.0000,0.7200,DC,https://forms.irs.gov/app/pod/dataDownload/dataAG
AVSC 2023 PAC,922452599,irs-pofd-8872,527,democracy,0.6243,0.3136,0.0000,0.7200,VA,https://forms.irs.gov/app/pod/dataDownload/dataAG
Carpenters Action Fund,843362212,irs-pofd-8872,527,energy,0.4743,0.3053,0.0000,0.7200,PA,https://forms.irs.gov/app/pod/dataDownload/dataAG
Budget Watchdogs Newsletter,454613279,irs-pofd-8872,527,energy,0.6392,0.3021,0.0000,0.7200,CA,https://forms.irs.gov/app/pod/dataDownload/dataAG
AFL-CIO COPE - Treasury Fund,522257723,irs-pofd-8872,527,energy,1.8348,0.2886,0.0000,0.7200,DC,https://forms.irs.gov/app/pod/dataDownload/dataAG
Firefighters Support Fund,822366231,irs-pofd-8872,527,energy,0.6066,0.2881,0.0000,0.7200,VA,https://forms.irs.gov/app/pod/dataDownload/dataAG
Arizona List,208331828,irs-pofd-8872,527,energy,0.7261,0.2873,0.0000,0.7200,AZ,https://forms.irs.gov/app/pod/dataDownload/dataAG
Firefighters Support Fund,822366231,irs-pofd-8872,527,energy,0.5404,0.2844,0.0000,0.7200,VA,https://forms.irs.gov/app/pod/dataDownload/dataAG
American Breast Cancer Coalition,834686848,irs-pofd-8872,527,democracy,0.5585,0.2789,0.0000,0.7200,VA,https://forms.irs.gov/app/pod/dataDownload/dataAG
Democrats for Educational Equity PAC,833361661,irs-pofd-8872,527,democracy,7.0033,0.2783,0.0000,0.7200,NY,https://forms.irs.gov/app/pod/dataDownload/dataAG
California Federation of Teachers COPE,931032682,irs-pofd-8872,527,energy,1.0965,0.2780,0.0000,0.7200,CA,https://forms.irs.gov/app/pod/dataDownload/dataAG
CALPAC - California Medical Association PAC,946353926,irs-pofd-8872,527,energy,0.3758,0.2757,0.0000,0.7200,CA,https://forms.irs.gov/app/pod/dataDownload/dataAG
Carpenters Action Fund,843362212,irs-pofd-8872,527,energy,0.4414,0.2705,0.0000,0.7200,PA,https://forms.irs.gov/app/pod/dataDownload/dataAG
AFL-CIO COPE - Treasury Fund,522257723,irs-pofd-8872,527,energy,0.4031,0.2594,0.0000,0.7200,DC,https://forms.irs.gov/app/pod/dataDownload/dataAG
American Dental PAC Education Fund,900038675,irs-pofd-8872,527,energy,0.3016,0.2584,0.0000,0.7200,DC,https://forms.irs.gov/app/pod/dataDownload/dataAG
"AMERICAN RESOLVE PAC, INC.",883556572,irs-pofd-8872,527,energy,0.2975,0.2561,0.0000,0.7200,VA,https://forms.irs.gov/app/pod/dataDownload/dataAG
Fund for Student Success,831322288,irs-pofd-8872,527,energy,0.6500,0.2500,0.0000,0.7200,PA,https://forms.irs.gov/app/pod/dataDownload/dataAG
"Alliance for a Better Indiana, LLC",851335500,irs-pofd-8872,527,energy,0.3588,0.2488,0.0000,0.7200,IN,https://forms.irs.gov/app/pod/dataDownload/dataAG
Dignity CA SEIU Local 2015,474477966,irs-pofd-8872,527,energy,0.2469,0.2469,0.0000,0.6600,CA,https://forms.irs.gov/app/pod/dataDownload/dataAG
Committee for Police Officers Defense,843153271,irs-pofd-8872,527,procurement,0.5139,0.2463,0.0000,0.7200,VA,https://forms.irs.gov/app/pod/dataDownload/dataAG
"AMERICAN RESOLVE PAC, INC.",883556572,irs-pofd-8872,527,energy,0.3618,0.2450,0.0000,0.7200,VA,https://forms.irs.gov/app/pod/dataDownload/dataAG
AVSC 2023 PAC,922452599,irs-pofd-8872,527,democracy,0.4873,0.2443,0.0000,0.7200,VA,https://forms.irs.gov/app/pod/dataDownload/dataAG
"FEA Solidarity Fund, Inc.",900069110,irs-pofd-8872,527,energy,0.3739,0.2443,0.0000,0.7200,FL,https://forms.irs.gov/app/pod/dataDownload/dataAG
COMMUNITY LEADERS OF AMERICA,463149989,irs-pofd-8872,527,energy,0.4158,0.2433,0.0000,0.7200,VA,https://forms.irs.gov/app/pod/dataDownload/dataAG
"Future Prosperity Alliance, Inc",862458348,irs-pofd-8872,527,energy,0.2420,0.2420,0.0000,0.6600,SC,https://forms.irs.gov/app/pod/dataDownload/dataAG
Democratic Association of Secretaries of State,263853861,irs-pofd-8872,527,energy,0.2743,0.2411,0.0000,0.7200,DC,https://forms.irs.gov/app/pod/dataDownload/dataAG
DHILLON FOR RNC CHAIR,932437257,irs-pofd-8872,527,democracy,0.5095,0.2392,0.0000,0.7200,CA,https://forms.irs.gov/app/pod/dataDownload/dataAG
ActBlue Non-Federal,202517748,irs-pofd-8872,527,democracy,0.8428,0.2387,0.0000,0.7200,MA,https://forms.irs.gov/app/pod/dataDownload/dataAG
Garden State Success Inc.,923763290,irs-pofd-8872,527,energy,0.5364,0.2364,0.0000,0.7200,NJ,https://forms.irs.gov/app/pod/dataDownload/dataAG
"Alliance for a Better Indiana, LLC",851335500,irs-pofd-8872,527,energy,0.2341,0.2341,0.0000,0.6600,IN,https://forms.irs.gov/app/pod/dataDownload/dataAG
American Coalition for Police & Sheriff's PAC,922354897,irs-pofd-8872,527,democracy,0.4613,0.2329,0.0000,0.7200,VA,https://forms.irs.gov/app/pod/dataDownload/dataAG
Electrical Workers Local #369 IBEW Political Action Committee,912095604,irs-pofd-8872,527,energy,0.2250,0.2250,0.0000,0.6600,KY,https://forms.irs.gov/app/pod/dataDownload/dataAG
American Breast Cancer Coalition,834686848,irs-pofd-8872,527,democracy,0.4429,0.2238,0.0000,0.7200,DC,https://forms.irs.gov/app/pod/dataDownload/dataAG
50CAN Action Fund PAC,830877823,irs-pofd-8872,527,energy,0.2744,0.2233,0.0000,0.7200,GA,https://forms.irs.gov/app/pod/dataDownload/dataAG
CALPAC - California Medical Association PAC,946353926,irs-pofd-8872,527,energy,0.6007,0.2229,0.0000,0.7200,CA,https://forms.irs.gov/app/pod/dataDownload/dataAG
ActBlue Non-Federal,202517748,irs-pofd-8872,527,democracy,1.3686,0.2216,0.0000,0.7200,MA,https://forms.irs.gov/app/pod/dataDownload/dataAG
American Coalition for Police & Sheriff's PAC,922354897,irs-pofd-8872,527,democracy,0.4396,0.2200,0.0000,0.7200,VA,https://forms.irs.gov/app/pod/dataDownload/dataAG
California Public Safety Voter Guide,271720153,irs-pofd-8872,527,energy,0.3592,0.2197,0.0000,0.7200,CA,https://forms.irs.gov/app/pod/dataDownload/dataAG
End Citizens United Nonfederal,810870857,irs-pofd-8872,527,democracy,0.3618,0.2186,0.0000,0.7200,DC,https://forms.irs.gov/app/pod/dataDownload/dataAG
"AMERICAN RESOLVE PAC, INC.",883556572,irs-pofd-8872,527,energy,0.5347,0.2174,0.0000,0.7200,VA,https://forms.irs.gov/app/pod/dataDownload/dataAG
COMMUNITY LEADERS OF AMERICA,463149989,irs-pofd-8872,527,energy,0.4013,0.2163,0.0000,0.7200,VA,https://forms.irs.gov/app/pod/dataDownload/dataAG
"FEA Solidarity Fund, Inc.",900069110,irs-pofd-8872,527,energy,0.4779,0.2153,0.0000,0.7200,FL,https://forms.irs.gov/app/pod/dataDownload/dataAG
Cal Voter Newsletter a Project of the Coalition for California,992325790,irs-pofd-8872,527,energy,0.3357,0.2092,0.0000,0.7200,CA,https://forms.irs.gov/app/pod/dataDownload/dataAG
Close The Gap CA,462920219,irs-pofd-8872,527,democracy,0.8255,0.2086,0.0000,0.7200,CA,https://forms.irs.gov/app/pod/dataDownload/dataAG
Empower Parents PAC,823855986,irs-pofd-8872,527,energy,0.4387,0.2074,0.0000,0.7200,FL,https://forms.irs.gov/app/pod/dataDownload/dataAG
Cal Voter Newsletter a Project of the Coalition for California,992325790,irs-pofd-8872,527,energy,0.3518,0.2067,0.0000,0.7200,CA,https://forms.irs.gov/app/pod/dataDownload/dataAG
Arizona List,208331828,irs-pofd-8872,527,energy,0.3472,0.2016,0.0000,0.7200,AZ,https://forms.irs.gov/app/pod/dataDownload/dataAG
COMMON SENSE PARTY,824751327,irs-pofd-8872,527,energy,0.2311,0.2005,0.0000,0.7200,CA,https://forms.irs.gov/app/pod/dataDownload/dataAG
AFT State and Local Fund,522256152,irs-pofd-8872,527,energy,0.2343,0.2002,0.0000,0.7200,DC,https://forms.irs.gov/app/pod/dataDownload/dataAG
American Dental PAC Education Fund,900038675,irs-pofd-8872,527,energy,0.3220,0.1975,0.0000,0.7200,DC,https://forms.irs.gov/app/pod/dataDownload/dataAG
Firefighters Support Fund,822366231,irs-pofd-8872,527,energy,0.4902,0.1954,0.0000,0.7200,VA,https://forms.irs.gov/app/pod/dataDownload/dataAG
2024 Golden State Delegation - Non-Federal,933013278,irs-pofd-8872,527,energy,0.7822,0.1942,0.0000,0.7200,CA,https://forms.irs.gov/app/pod/dataDownload/dataAG
Arizona List,208331828,irs-pofd-8872,527,energy,0.2327,0.1931,0.0000,0.7200,AZ,https://forms.irs.gov/app/pod/dataDownload/dataAG
California Tax Reduction Committee Newsletter,262460050,irs-pofd-8872,527,finance,0.3056,0.1917,0.0000,0.7200,CA,https://forms.irs.gov/app/pod/dataDownload/dataAG
Budget Watchdogs Newsletter,454613279,irs-pofd-8872,527,energy,0.5499,0.1900,0.0000,0.7200,CA,https://forms.irs.gov/app/pod/dataDownload/dataAG
"AMERICAN RESOLVE PAC, INC.",883556572,irs-pofd-8872,527,energy,0.5810,0.1888,0.0000,0.7200,VA,https://forms.irs.gov/app/pod/dataDownload/dataAG
Election Digest - A Project of the Coalition for Literacy,454703272,irs-pofd-8872,527,democracy,0.1905,0.1862,0.0000,0.7200,CA,https://forms.irs.gov/app/pod/dataDownload/dataAG
Close The Gap CA,462920219,irs-pofd-8872,527,democracy,0.2540,0.1831,0.0000,0.7200,CA,https://forms.irs.gov/app/pod/dataDownload/dataAG
"American Veterans Honor Fund, Inc.",822315009,irs-pofd-8872,527,energy,0.3684,0.1828,0.0000,0.7200,VA,https://forms.irs.gov/app/pod/dataDownload/dataAG
AFT State and Local Fund,522256152,irs-pofd-8872,527,energy,0.2590,0.1826,0.0000,0.7200,DC,https://forms.irs.gov/app/pod/dataDownload/dataAG
Energy Transfer Employee Management Company PAC (Energy Transfer PAC),261239485,irs-pofd-8872,527,energy,0.3102,0.1800,0.0000,0.7200,TX,https://forms.irs.gov/app/pod/dataDownload/dataAG
Fund To Protect Working Hoosiers,352424423,irs-pofd-8872,527,energy,0.3171,0.1798,0.0000,0.7200,IN,https://forms.irs.gov/app/pod/dataDownload/dataAG
American Coalition for Police & Sheriff's PAC,922354897,irs-pofd-8872,527,democracy,0.3664,0.1789,0.0000,0.7200,VA,https://forms.irs.gov/app/pod/dataDownload/dataAG
"FEA Solidarity Fund, Inc.",900069110,irs-pofd-8872,527,energy,0.3769,0.1782,0.0000,0.7200,FL,https://forms.irs.gov/app/pod/dataDownload/dataAG
Democratic Municipal Officials,030393091,irs-pofd-8872,527,democracy,0.3691,0.1767,0.0000,0.7200,DC,https://forms.irs.gov/app/pod/dataDownload/dataAG
Growing the Good Life,933047993,irs-pofd-8872,527,energy,0.4233,0.1763,0.0000,0.7200,NE,https://forms.irs.gov/app/pod/dataDownload/dataAG
"AMERICAN FEDERATION FOR CHILDREN ACTION FUND, INC.",271687320,irs-pofd-8872,527,democracy,0.1738,0.1738,0.0000,0.6600,MD,https://forms.irs.gov/app/pod/dataDownload/dataAG
"FEA Solidarity Fund, Inc.",900069110,irs-pofd-8872,527,energy,0.1677,0.1677,0.0000,0.6600,FL,https://forms.irs.gov/app/pod/dataDownload/dataAG
COMMUNITY LEADERS OF AMERICA,463149989,irs-pofd-8872,527,energy,0.3594,0.1674,0.0000,0.7200,VA,https://forms.irs.gov/app/pod/dataDownload/dataAG
Educate Your Vote - A Project of the Coalition for literacy,454703014,irs-pofd-8872,527,energy,0.2563,0.1662,0.0000,0.7200,CA,https://forms.irs.gov/app/pod/dataDownload/dataAG
"Democratic Lieutenant Governors Assoc., Inc",030457299,irs-pofd-8872,527,energy,0.1653,0.1640,0.0000,0.7200,DC,https://forms.irs.gov/app/pod/dataDownload/dataAG
California Federation of Teachers COPE,931032682,irs-pofd-8872,527,energy,0.4203,0.1601,0.0000,0.7200,CA,https://forms.irs.gov/app/pod/dataDownload/dataAG
ActBlue Non-Federal,202517748,irs-pofd-8872,527,democracy,1.0691,0.1598,0.0000,0.7200,MA,https://forms.irs.gov/app/pod/dataDownload/dataAG
Democratic Future Fund 527,932468694,irs-pofd-8872,527,energy,0.4584,0.1584,0.0000,0.7200,DC,https://forms.irs.gov/app/pod/dataDownload/dataAG
Democratic Future Fund 527,932468694,irs-pofd-8872,527,energy,0.4879,0.1579,0.0000,0.7200,DC,https://forms.irs.gov/app/pod/dataDownload/dataAG
Black Economic Alliance Fund,824590454,irs-pofd-8872,527,energy,1.2242,0.1542,0.0000,0.7200,DC,https://forms.irs.gov/app/pod/dataDownload/dataAG
Friends of Ray Rodrigues,841881843,irs-pofd-8872,527,energy,0.1520,0.1520,0.0000,0.6600,FL,https://forms.irs.gov/app/pod/dataDownload/dataAG
End Citizens United Nonfederal,810870857,irs-pofd-8872,527,democracy,0.2578,0.1511,0.0000,0.7200,DC,https://forms.irs.gov/app/pod/dataDownload/dataAG
Forest County Potawatomi Action Fund,262749804,irs-pofd-8872,527,energy,0.3500,0.1500,0.0000,0.7200,WI,https://forms.irs.gov/app/pod/dataDownload/dataAG
American Beverage Association Fund for Consumer Choice,461702097,irs-pofd-8872,527,energy,0.1500,0.1500,0.0000,0.6600,DC,https://forms.irs.gov/app/pod/dataDownload/dataAG
"American Veterans Honor Fund, Inc.",822315009,irs-pofd-8872,527,energy,0.2926,0.1462,0.0000,0.7200,VA,https://forms.irs.gov/app/pod/dataDownload/dataAG
AVSC 2023 PAC,922452599,irs-pofd-8872,527,democracy,0.2907,0.1456,0.0000,0.7200,VA,https://forms.irs.gov/app/pod/dataDownload/dataAG
Better Greenville,880657426,irs-pofd-8872,527,energy,0.2017,0.1444,0.0000,0.7200,SC,https://forms.irs.gov/app/pod/dataDownload/dataAG
Driving Force Action,932809361,irs-pofd-8872,527,energy,0.2735,0.1421,0.0000,0.7200,VA,https://forms.irs.gov/app/pod/dataDownload/dataAG
50CAN Action Fund PAC,830877823,irs-pofd-8872,527,energy,0.3035,0.1419,0.0000,0.7200,DC,https://forms.irs.gov/app/pod/dataDownload/dataAG
Forest County Potawatomi Action Fund,262749804,irs-pofd-8872,527,energy,0.2900,0.1400,0.0000,0.7200,WI,https://forms.irs.gov/app/pod/dataDownload/dataAG
Democratic Treasurers Association,843171981,irs-pofd-8872,527,energy,0.1382,0.1382,0.0000,0.6600,DC,https://forms.irs.gov/app/pod/dataDownload/dataAG
"College Republican National Committee, Inc.",521082055,irs-pofd-8872,527,energy,0.1892,0.1379,0.0000,0.7200,DC,https://forms.irs.gov/app/pod/dataDownload/dataAG
American Police Officers Alliance,821194581,irs-pofd-8872,527,democracy,0.2622,0.1377,0.0000,0.7200,VA,https://forms.irs.gov/app/pod/dataDownload/dataAG
Claudia De La Cruz for President,933069146,irs-pofd-8872,527,democracy,0.2539,0.1373,0.0000,0.7200,DC,https://forms.irs.gov/app/pod/dataDownload/dataAG
Emerge California,900802507,irs-pofd-8872,527,energy,0.2189,0.1365,0.0000,0.7200,CA,https://forms.irs.gov/app/pod/dataDownload/dataAG
David for DNC,332393532,irs-pofd-8872,527,energy,0.6584,0.1304,0.0000,0.7200,DC,https://forms.irs.gov/app/pod/dataDownload/dataAG
50CAN Action Fund PAC,830877823,irs-pofd-8872,527,energy,0.2400,0.1300,0.0000,0.7200,NM,https://forms.irs.gov/app/pod/dataDownload/dataAG
AFT SOLIDARITY 527,273202261,irs-pofd-8872,527,energy,0.2594,0.1299,0.0000,0.7200,DC,https://forms.irs.gov/app/pod/dataDownload/dataAG
Arizona List,208331828,irs-pofd-8872,527,energy,0.4505,0.1297,0.0000,0.7200,AZ,https://forms.irs.gov/app/pod/dataDownload/dataAG
ActBlue Non-Federal,202517748,irs-pofd-8872,527,democracy,1.4549,0.1296,0.0000,0.7200,MA,https://forms.irs.gov/app/pod/dataDownload/dataAG
"American Veterans Honor Fund, Inc.",822315009,irs-pofd-8872,527,energy,0.2700,0.1294,0.0000,0.7200,VA,https://forms.irs.gov/app/pod/dataDownload/dataAG
Energy Transfer Employee Management Company PAC (Energy Transfer PAC),261239485,irs-pofd-8872,527,energy,0.2268,0.1279,0.0000,0.7200,TX,https://forms.irs.gov/app/pod/dataDownload/dataAG
COMMITTEE TO ELECT BRAD WILSON,273218861,irs-pofd-8872,527,energy,0.1369,0.1277,0.0000,0.7200,UT,https://forms.irs.gov/app/pod/dataDownload/dataAG
Emerge New Mexico,900783311,irs-pofd-8872,527,energy,0.2679,0.1275,0.0000,0.7200,NM,https://forms.irs.gov/app/pod/dataDownload/dataAG
Communications Workers of America COPE Account,520246709,irs-pofd-8872,527,democracy,0.1268,0.1268,0.0000,0.6600,DC,https://forms.irs.gov/app/pod/dataDownload/dataAG
AVSC 2023 PAC,922452599,irs-pofd-8872,527,democracy,0.2570,0.1266,0.0000,0.7200,VA,https://forms.irs.gov/app/pod/dataDownload/dataAG
End Citizens United Nonfederal,810870857,irs-pofd-8872,527,democracy,0.2619,0.1241,0.0000,0.7200,DC,https://forms.irs.gov/app/pod/dataDownload/dataAG
ActBlue Non-Federal,202517748,irs-pofd-8872,527,democracy,1.3289,0.1231,0.0000,0.7200,MA,https://forms.irs.gov/app/pod/dataDownload/dataAG
COMMUNITY LEADERS OF AMERICA,463149989,irs-pofd-8872,527,energy,0.2410,0.1210,0.0000,0.7200,DC,https://forms.irs.gov/app/pod/dataDownload/dataAG
American Alliance for Military Veterans,843763606,irs-pofd-8872,527,democracy,0.2521,0.1195,0.0000,0.7200,VA,https://forms.irs.gov/app/pod/dataDownload/dataAG
Garden State Forward,462383979,irs-pofd-8872,527,energy,0.2352,0.1176,0.0000,0.7200,NJ,https://forms.irs.gov/app/pod/dataDownload/dataAG
Democrats for Educational Equity PAC,833361661,irs-pofd-8872,527,democracy,6.8416,0.1166,0.0000,0.7200,NY,https://forms.irs.gov/app/pod/dataDownload/dataAG
Emerge California,900802507,irs-pofd-8872,527,energy,0.1694,0.1166,0.0000,0.7200,CA,https://forms.irs.gov/app/pod/dataDownload/dataAG
ActBlue Non-Federal,202517748,irs-pofd-8872,527,democracy,1.3967,0.1164,0.0000,0.7200,MA,https://forms.irs.gov/app/pod/dataDownload/dataAG
American Police Officers Alliance,821194581,irs-pofd-8872,527,democracy,0.2756,0.1158,0.0000,0.7200,VA,https://forms.irs.gov/app/pod/dataDownload/dataAG
AFSCME Working Families Fund,912064198,irs-pofd-8872,527,democracy,0.1184,0.1151,0.0000,0.7200,DC,https://forms.irs.gov/app/pod/dataDownload/dataAG
Democratic Future Fund 527,932468694,irs-pofd-8872,527,energy,0.1150,0.1150,0.0000,0.6600,DC,https://forms.irs.gov/app/pod/dataDownload/dataAG
Electrical Workers Local #369 IBEW Political Action Committee,912095604,irs-pofd-8872,527,energy,0.1130,0.1130,0.0000,0.6600,KY,https://forms.irs.gov/app/pod/dataDownload/dataAG
American Breast Cancer Coalition,834686848,irs-pofd-8872,527,democracy,0.2197,0.1096,0.0000,0.7200,VA,https://forms.irs.gov/app/pod/dataDownload/dataAG
American Council of Life Insurers Political Activity Fund,264437423,irs-pofd-8872,527,energy,0.1171,0.1090,0.0000,0.7200,DC,https://forms.irs.gov/app/pod/dataDownload/dataAG
Budget Watchdogs Newsletter,454613279,irs-pofd-8872,527,energy,0.1121,0.1088,0.0000,0.7200,CA,https://forms.irs.gov/app/pod/dataDownload/dataAG
End Citizens United Nonfederal,810870857,irs-pofd-8872,527,democracy,0.2102,0.1074,0.0000,0.7200,DC,https://forms.irs.gov/app/pod/dataDownload/dataAG
Democratic Municipal Officials,030393091,irs-pofd-8872,527,democracy,0.2056,0.1071,0.0000,0.7200,DC,https://forms.irs.gov/app/pod/dataDownload/dataAG
End Citizens United Nonfederal,810870857,irs-pofd-8872,527,democracy,0.1879,0.1068,0.0000,0.7200,DC,https://forms.irs.gov/app/pod/dataDownload/dataAG
California Conference of Carpenters - Building Communities Fund,852000432,irs-pofd-8872,527,energy,0.1936,0.1051,0.0000,0.7200,CA,https://forms.irs.gov/app/pod/dataDownload/dataAG
American Coalition for Police & Sheriff's PAC,922354897,irs-pofd-8872,527,democracy,0.2105,0.1045,0.0000,0.7200,VA,https://forms.irs.gov/app/pod/dataDownload/dataAG
Democratic Mayors Association,521535470,irs-pofd-8872,527,energy,0.2844,0.1036,0.0000,0.7200,DC,https://forms.irs.gov/app/pod/dataDownload/dataAG
American Police Officers Alliance,821194581,irs-pofd-8872,527,democracy,0.2260,0.1035,0.0000,0.7200,VA,https://forms.irs.gov/app/pod/dataDownload/dataAG
Court Accountability Now,994950604,irs-pofd-8872,527,democracy,0.2027,0.1027,0.0000,0.7200,MA,https://forms.irs.gov/app/pod/dataDownload/dataAG
Electrical Workers Local #369 IBEW Political Action Committee,912095604,irs-pofd-8872,527,energy,0.1016,0.1016,0.0000,0.6600,KY,https://forms.irs.gov/app/pod/dataDownload/dataAG
Eric Ching For Congress,862802544,irs-pofd-8872,527,energy,0.1578,0.1015,0.0000,0.7200,CA,https://forms.irs.gov/app/pod/dataDownload/dataAG
"American Veterans Honor Fund, Inc.",822315009,irs-pofd-8872,527,energy,0.1896,0.1010,0.0000,0.7200,VA,https://forms.irs.gov/app/pod/dataDownload/dataAG
CALIFORNIA PROFESSIONAL FIREFIGHTERS PAC,680457648,irs-pofd-8872,527,energy,0.4285,0.1005,0.0000,0.7200,CA,https://forms.irs.gov/app/pod/dataDownload/dataAG
Close The Gap CA,462920219,irs-pofd-8872,527,democracy,0.1056,0.1001,0.0000,0.7200,CA,https://forms.irs.gov/app/pod/dataDownload/dataAG
Forest County Potawatomi Action Fund,262749804,irs-pofd-8872,527,energy,0.1000,0.1000,0.0000,0.6600,WI,https://forms.irs.gov/app/pod/dataDownload/dataAG
An America United Action Fund INC,883333120,irs-pofd-8872,527,democracy,0.0999,0.0999,0.0000,0.6600,OH,https://forms.irs.gov/app/pod/dataDownload/dataAG
Arizona List,208331828,irs-pofd-8872,527,energy,0.1264,0.0996,0.0000,0.7200,AZ,https://forms.irs.gov/app/pod/dataDownload/dataAG
Foley & Lardner LLP Texas Campaign Fund,751954937,irs-pofd-8872,527,democracy,0.0990,0.0990,0.0000,0.6600,TX,https://forms.irs.gov/app/pod/dataDownload/dataAG
ActBlue Non-Federal,202517748,irs-pofd-8872,527,democracy,0.9919,0.0977,0.0000,0.7200,MA,https://forms.irs.gov/app/pod/dataDownload/dataAG
End Citizens United Nonfederal,810870857,irs-pofd-8872,527,democracy,0.2436,0.0967,0.0000,0.7200,DC,https://forms.irs.gov/app/pod/dataDownload/dataAG
DAGA People's Lawyer Project,831281397,irs-pofd-8872,527,energy,1.4465,0.0965,0.0000,0.7200,DC,https://forms.irs.gov/app/pod/dataDownload/dataAG
Energy Transfer Employee Management Company PAC (Energy Transfer PAC),261239485,irs-pofd-8872,527,energy,0.1463,0.0965,0.0000,0.7200,TX,https://forms.irs.gov/app/pod/dataDownload/dataAG
Every State,921406593,irs-pofd-8872,527,democracy,0.1808,0.0942,0.0000,0.7200,DC,https://forms.irs.gov/app/pod/dataDownload/dataAG
Emerge California,900802507,irs-pofd-8872,527,energy,0.3888,0.0930,0.0000,0.7200,CA,https://forms.irs.gov/app/pod/dataDownload/dataAG
American Dental PAC Education Fund,900038675,irs-pofd-8872,527,energy,0.1673,0.0927,0.0000,0.7200,DC,https://forms.irs.gov/app/pod/dataDownload/dataAG
American Dental PAC Education Fund,900038675,irs-pofd-8872,527,energy,0.3333,0.0912,0.0000,0.7200,DC,https://forms.irs.gov/app/pod/dataDownload/dataAG
"Good Government Coalition, Inc.",844197020,irs-pofd-8872,527,energy,0.8906,0.0906,0.0000,0.7200,DC,https://forms.irs.gov/app/pod/dataDownload/dataAG
"AMERICAN FEDERATION FOR CHILDREN ACTION FUND, INC.",271687320,irs-pofd-8872,527,democracy,0.0904,0.0904,0.0000,0.6600,MD,https://forms.irs.gov/app/pod/dataDownload/dataAG
Electrical Workers Local #369 IBEW Political Action Committee,912095604,irs-pofd-8872,527,energy,0.0900,0.0900,0.0000,0.6600,KY,https://forms.irs.gov/app/pod/dataDownload/dataAG
DeVita For Arlington County Board,933908736,irs-pofd-8872,527,energy,0.1536,0.0892,0.0000,0.7200,VA,https://forms.irs.gov/app/pod/dataDownload/dataAG
AFT State and Local Fund,522256152,irs-pofd-8872,527,energy,0.1348,0.0885,0.0000,0.7200,DC,https://forms.irs.gov/app/pod/dataDownload/dataAG
Forest County Potawatomi Action Fund,262749804,irs-pofd-8872,527,energy,0.0880,0.0880,0.0000,0.6600,WI,https://forms.irs.gov/app/pod/dataDownload/dataAG
College Republicans of America,922975679,irs-pofd-8872,527,energy,0.1732,0.0878,0.0000,0.7200,CA,https://forms.irs.gov/app/pod/dataDownload/dataAG
End Citizens United Nonfederal,810870857,irs-pofd-8872,527,democracy,0.1709,0.0878,0.0000,0.7200,DC,https://forms.irs.gov/app/pod/dataDownload/dataAG
American Council of Life Insurers Political Activity Fund,264437423,irs-pofd-8872,527,energy,0.1532,0.0875,0.0000,0.7200,DC,https://forms.irs.gov/app/pod/dataDownload/dataAG
American Breast Cancer Coalition,834686848,irs-pofd-8872,527,democracy,0.1705,0.0855,0.0000,0.7200,VA,https://forms.irs.gov/app/pod/dataDownload/dataAG
Democratic Mayors Association,521535470,irs-pofd-8872,527,energy,0.1755,0.0853,0.0000,0.7200,DC,https://forms.irs.gov/app/pod/dataDownload/dataAG
End Citizens United Nonfederal,810870857,irs-pofd-8872,527,democracy,0.1688,0.0844,0.0000,0.7200,DC,https://forms.irs.gov/app/pod/dataDownload/dataAG
Garbage Haulers for Citizen Choice,453533654,irs-pofd-8872,527,democracy,0.1319,0.0836,0.0000,0.7200,MN,https://forms.irs.gov/app/pod/dataDownload/dataAG
Close The Gap CA,462920219,irs-pofd-8872,527,democracy,0.1322,0.0833,0.0000,0.7200,CA,https://forms.irs.gov/app/pod/dataDownload/dataAG
End Citizens United Nonfederal,810870857,irs-pofd-8872,527,democracy,0.2108,0.0831,0.0000,0.7200,DC,https://forms.irs.gov/app/pod/dataDownload/dataAG
Educate Your Vote - A Project of the Coalition for literacy,454703014,irs-pofd-8872,527,energy,0.2025,0.0830,0.0000,0.7200,CA,https://forms.irs.gov/app/pod/dataDownload/dataAG
50CAN Action Fund PAC,830877823,irs-pofd-8872,527,energy,0.0819,0.0815,0.0000,0.7200,DC,https://forms.irs.gov/app/pod/dataDownload/dataAG
End Citizens United Nonfederal,810870857,irs-pofd-8872,527,democracy,0.2726,0.0813,0.0000,0.7200,DC,https://forms.irs.gov/app/pod/dataDownload/dataAG
An America United Action Fund INC,883333120,irs-pofd-8872,527,democracy,0.1811,0.0811,0.0000,0.7200,OH,https://forms.irs.gov/app/pod/dataDownload/dataAG
End Citizens United Nonfederal,810870857,irs-pofd-8872,527,democracy,0.1785,0.0809,0.0000,0.7200,DC,https://forms.irs.gov/app/pod/dataDownload/dataAG
DAGA People's Lawyer Project,831281397,irs-pofd-8872,527,energy,0.1307,0.0807,0.0000,0.7200,DC,https://forms.irs.gov/app/pod/dataDownload/dataAG
American Alliance for Military Veterans,843763606,irs-pofd-8872,527,democracy,0.1562,0.0799,0.0000,0.7200,VA,https://forms.irs.gov/app/pod/dataDownload/dataAG
Democratic Treasurers Association,843171981,irs-pofd-8872,527,energy,0.2181,0.0781,0.0000,0.7200,DC,https://forms.irs.gov/app/pod/dataDownload/dataAG
ActBlue Non-Federal,202517748,irs-pofd-8872,527,democracy,1.7109,0.0780,0.0000,0.7200,MA,https://forms.irs.gov/app/pod/dataDownload/dataAG
Empower Parents PAC,823855986,irs-pofd-8872,527,energy,0.0871,0.0778,0.0000,0.7200,FL,https://forms.irs.gov/app/pod/dataDownload/dataAG
ActBlue Non-Federal,202517748,irs-pofd-8872,527,democracy,0.6614,0.0772,0.0000,0.7200,MA,https://forms.irs.gov/app/pod/dataDownload/dataAG
Emerge California,900802507,irs-pofd-8872,527,energy,0.0956,0.0771,0.0000,0.7200,CA,https://forms.irs.gov/app/pod/dataDownload/dataAG
American Alliance for Military Veterans,843763606,irs-pofd-8872,527,democracy,0.1572,0.0767,0.0000,0.7200,VA,https://forms.irs.gov/app/pod/dataDownload/dataAG
Energy Transfer Employee Management Company PAC (Energy Transfer PAC),261239485,irs-pofd-8872,527,energy,0.1311,0.0765,0.0000,0.7200,TX,https://forms.irs.gov/app/pod/dataDownload/dataAG
Garbage Haulers for Citizen Choice,453533654,irs-pofd-8872,527,democracy,0.0757,0.0757,0.0000,0.6600,MN,https://forms.irs.gov/app/pod/dataDownload/dataAG
Budget Watchdogs Newsletter,454613279,irs-pofd-8872,527,energy,0.7323,0.0755,0.0000,0.7200,CA,https://forms.irs.gov/app/pod/dataDownload/dataAG
Close The Gap CA,462920219,irs-pofd-8872,527,democracy,0.0903,0.0755,0.0000,0.7200,CA,https://forms.irs.gov/app/pod/dataDownload/dataAG
Fund To Protect Working Hoosiers,352424423,irs-pofd-8872,527,energy,0.2118,0.0750,0.0000,0.7200,IN,https://forms.irs.gov/app/pod/dataDownload/dataAG
Democratic Municipal Officials,030393091,irs-pofd-8872,527,democracy,0.1249,0.0737,0.0000,0.7200,DC,https://forms.irs.gov/app/pod/dataDownload/dataAG
Close The Gap CA,462920219,irs-pofd-8872,527,democracy,0.0901,0.0718,0.0000,0.7200,CA,https://forms.irs.gov/app/pod/dataDownload/dataAG
Electrical Workers Local #369 IBEW Political Action Committee,912095604,irs-pofd-8872,527,energy,0.0716,0.0716,0.0000,0.6600,KY,https://forms.irs.gov/app/pod/dataDownload/dataAG
American Council of Life Insurers Political Activity Fund,264437423,irs-pofd-8872,527,energy,0.0714,0.0714,0.0000,0.6600,DC,https://forms.irs.gov/app/pod/dataDownload/dataAG
AVSC 2023 PAC,922452599,irs-pofd-8872,527,democracy,0.1420,0.0712,0.0000,0.7200,VA,https://forms.irs.gov/app/pod/dataDownload/dataAG
Budget Watchdogs Newsletter,454613279,irs-pofd-8872,527,energy,0.0742,0.0703,0.0000,0.7200,CA,https://forms.irs.gov/app/pod/dataDownload/dataAG
End Citizens United Nonfederal,810870857,irs-pofd-8872,527,democracy,0.1457,0.0701,0.0000,0.7200,DC,https://forms.irs.gov/app/pod/dataDownload/dataAG
ActBlue Non-Federal,202517748,irs-pofd-8872,527,democracy,0.5243,0.0694,0.0000,0.7200,MA,https://forms.irs.gov/app/pod/dataDownload/dataAG
American Representative Majority,853951161,irs-pofd-8872,527,energy,0.0764,0.0689,0.0000,0.7200,NJ,https://forms.irs.gov/app/pod/dataDownload/dataAG
American Dental PAC Education Fund,900038675,irs-pofd-8872,527,energy,0.2899,0.0681,0.0000,0.7200,DC,https://forms.irs.gov/app/pod/dataDownload/dataAG
American Leadership Committee,831273004,irs-pofd-8872,527,energy,0.2023,0.0668,0.0000,0.7200,DC,https://forms.irs.gov/app/pod/dataDownload/dataAG
End Citizens United Nonfederal,810870857,irs-pofd-8872,527,democracy,0.1512,0.0668,0.0000,0.7200,DC,https://forms.irs.gov/app/pod/dataDownload/dataAG
DEFINING AMERICA,813095508,irs-pofd-8872,527,energy,0.0658,0.0658,0.0000,0.6600,DC,https://forms.irs.gov/app/pod/dataDownload/dataAG
American Council of Life Insurers Political Activity Fund,264437423,irs-pofd-8872,527,energy,0.1753,0.0656,0.0000,0.7200,DC,https://forms.irs.gov/app/pod/dataDownload/dataAG
Emerge California,900802507,irs-pofd-8872,527,energy,0.1144,0.0652,0.0000,0.7200,CA,https://forms.irs.gov/app/pod/dataDownload/dataAG
American Representative Majority,853951161,irs-pofd-8872,527,energy,0.6025,0.0650,0.0000,0.7200,NJ,https://forms.irs.gov/app/pod/dataDownload/dataAG
CALPAC - California Medical Association PAC,946353926,irs-pofd-8872,527,energy,0.2874,0.0646,0.0000,0.7200,CA,https://forms.irs.gov/app/pod/dataDownload/dataAG
Growing the Good Life,933047993,irs-pofd-8872,527,energy,0.0630,0.0630,0.0000,0.6600,NE,https://forms.irs.gov/app/pod/dataDownload/dataAG
An America United Action Fund INC,883333120,irs-pofd-8872,527,democracy,0.0679,0.0629,0.0000,0.7200,OH,https://forms.irs.gov/app/pod/dataDownload/dataAG
American Federation of Teachers Pennsylvania - Solidarity Fund,203682790,irs-pofd-8872,527,energy,0.1229,0.0627,0.0000,0.7200,PA,https://forms.irs.gov/app/pod/dataDownload/dataAG
Emerge California,900802507,irs-pofd-8872,527,energy,0.1243,0.0620,0.0000,0.7200,CA,https://forms.irs.gov/app/pod/dataDownload/dataAG
Committee to Elect Clinton St Mosley,992021163,irs-pofd-8872,527,democracy,0.1323,0.0617,0.0000,0.7200,MI,https://forms.irs.gov/app/pod/dataDownload/dataAG
American Alliance for Military Veterans,843763606,irs-pofd-8872,527,democracy,0.1125,0.0612,0.0000,0.7200,VA,https://forms.irs.gov/app/pod/dataDownload/dataAG
Claudia De La Cruz for President,933069146,irs-pofd-8872,527,democracy,0.1459,0.0611,0.0000,0.7200,DC,https://forms.irs.gov/app/pod/dataDownload/dataAG
American Leadership Committee,831273004,irs-pofd-8872,527,energy,0.2107,0.0607,0.0000,0.7200,DC,https://forms.irs.gov/app/pod/dataDownload/dataAG
D.C. Legal,521914217,irs-pofd-8872,527,energy,0.0696,0.0606,0.0000,0.7200,DC,https://forms.irs.gov/app/pod/dataDownload/dataAG
Forward Majority Action 527,830611104,irs-pofd-8872,527,energy,0.1054,0.0604,0.0000,0.7200,DC,https://forms.irs.gov/app/pod/dataDownload/dataAG
Bob Titley Campaign Committee,991198412,irs-pofd-8872,527,democracy,0.1393,0.0593,0.0000,0.7200,TN,https://forms.irs.gov/app/pod/dataDownload/dataAG
Democratic Municipal Officials,030393091,irs-pofd-8872,527,democracy,0.1068,0.0586,0.0000,0.7200,DC,https://forms.irs.gov/app/pod/dataDownload/dataAG
COMMUNITY LEADERS OF AMERICA,463149989,irs-pofd-8872,527,energy,0.1399,0.0584,0.0000,0.7200,VA,https://forms.irs.gov/app/pod/dataDownload/dataAG
"Emerge Maryland, Inc.",464904157,irs-pofd-8872,527,energy,0.0956,0.0581,0.0000,0.7200,MD,https://forms.irs.gov/app/pod/dataDownload/dataAG
Emerge Oregon,264149141,irs-pofd-8872,527,energy,0.1094,0.0578,0.0000,0.7200,OR,https://forms.irs.gov/app/pod/dataDownload/dataAG
Dale for Commissioner,990457324,irs-pofd-8872,527,democracy,0.0573,0.0553,0.0000,0.7200,ID,https://forms.irs.gov/app/pod/dataDownload/dataAG
"Excellence in Public Service, Inc.",351801095,irs-pofd-8872,527,energy,0.0830,0.0549,0.0000,0.7200,IN,https://forms.irs.gov/app/pod/dataDownload/dataAG
American Comeback Committee,465524628,irs-pofd-8872,527,energy,0.0544,0.0544,0.0000,0.6600,DC,https://forms.irs.gov/app/pod/dataDownload/dataAG
Emerge Oregon,264149141,irs-pofd-8872,527,energy,0.0943,0.0542,0.0000,0.7200,OR,https://forms.irs.gov/app/pod/dataDownload/dataAG
"FEA Solidarity Fund, Inc.",900069110,irs-pofd-8872,527,energy,0.1797,0.0535,0.0000,0.7200,FL,https://forms.irs.gov/app/pod/dataDownload/dataAG
AFT State and Local Fund,522256152,irs-pofd-8872,527,energy,0.1748,0.0533,0.0000,0.7200,DC,https://forms.irs.gov/app/pod/dataDownload/dataAG
CENTRAL VALLEY YOUNG REPUBLICANS PAC,831136597,irs-pofd-8872,527,energy,0.1132,0.0532,0.0000,0.7200,CA,https://forms.irs.gov/app/pod/dataDownload/dataAG
AFL-CIO COPE - Treasury Fund,522257723,irs-pofd-8872,527,energy,0.0527,0.0527,0.0000,0.6600,DC,https://forms.irs.gov/app/pod/dataDownload/dataAG
50CAN Action Fund PAC,830877823,irs-pofd-8872,527,energy,0.2993,0.0517,0.0000,0.7200,DC,https://forms.irs.gov/app/pod/dataDownload/dataAG
"Emerge Kentucky, Inc.",271050527,irs-pofd-8872,527,energy,0.0859,0.0516,0.0000,0.7200,KY,https://forms.irs.gov/app/pod/dataDownload/dataAG
"EMERGE Massachusetts, Inc",900688719,irs-pofd-8872,527,energy,0.0735,0.0503,0.0000,0.7200,MA,https://forms.irs.gov/app/pod/dataDownload/dataAG
California Tax Reduction Committee Newsletter,262460050,irs-pofd-8872,527,finance,0.0503,0.0503,0.0000,0.6600,CA,https://forms.irs.gov/app/pod/dataDownload/dataAG
California Public Safety Voter Guide,271720153,irs-pofd-8872,527,energy,0.0503,0.0503,0.0000,0.6600,CA,https://forms.irs.gov/app/pod/dataDownload/dataAG
Forest County Potawatomi Action Fund,262749804,irs-pofd-8872,527,energy,0.2000,0.0500,0.0000,0.7200,WI,https://forms.irs.gov/app/pod/dataDownload/dataAG
American Federation of Teachers Pennsylvania - Solidarity Fund,203682790,irs-pofd-8872,527,energy,0.0500,0.0500,0.0000,0.6600,PA,https://forms.irs.gov/app/pod/dataDownload/dataAG
Commonwealth Signature Industry-CSI Fund,271505152,irs-pofd-8872,527,energy,0.0500,0.0500,0.0000,0.6600,VA,https://forms.irs.gov/app/pod/dataDownload/dataAG
Fund for Student Success,831322288,irs-pofd-8872,527,energy,0.0500,0.0500,0.0000,0.6600,PA,https://forms.irs.gov/app/pod/dataDownload/dataAG
Fund for Student Success,831322288,irs-pofd-8872,527,energy,0.0500,0.0500,0.0000,0.6600,PA,https://forms.irs.gov/app/pod/dataDownload/dataAG
"District 1199 Leadership in Elections, Advocacy & Direction Fund",874019520,irs-pofd-8872,527,democracy,0.0500,0.0500,0.0000,0.6600,CT,https://forms.irs.gov/app/pod/dataDownload/dataAG
Claudia De La Cruz for President,933069146,irs-pofd-8872,527,democracy,0.1296,0.0496,0.0000,0.7200,DC,https://forms.irs.gov/app/pod/dataDownload/dataAG
Cal Voter Newsletter a Project of the Coalition for California,992325790,irs-pofd-8872,527,energy,0.0508,0.0495,0.0000,0.7200,CA,https://forms.irs.gov/app/pod/dataDownload/dataAG
C.O.A.M. - Capitol Campaign Fund,753164515,irs-pofd-8872,527,democracy,0.0958,0.0490,0.0000,0.7200,MI,https://forms.irs.gov/app/pod/dataDownload/dataAG
Arjun Batra For San Jose City Council D10 2024,933192359,irs-pofd-8872,527,energy,0.0620,0.0488,0.0000,0.7200,CA,https://forms.irs.gov/app/pod/dataDownload/dataAG
Democratic Mayors Association,521535470,irs-pofd-8872,527,energy,0.0488,0.0483,0.0000,0.7200,DC,https://forms.irs.gov/app/pod/dataDownload/dataAG
Committee for a Sustainable Hardwick,932227732,irs-pofd-8872,527,energy,0.1013,0.0478,0.0000,0.7200,MA,https://forms.irs.gov/app/pod/dataDownload/dataAG
Ballot Freedom Fund,992946361,irs-pofd-8872,527,energy,0.4314,0.0477,0.0000,0.7200,CO,https://forms.irs.gov/app/pod/dataDownload/dataAG
Alliance for Better Communities,460618301,irs-pofd-8872,527,energy,0.0806,0.0476,0.0000,0.7200,NC,https://forms.irs.gov/app/pod/dataDownload/dataAG
AFSCME PEOPLE - NON-FEDERAL,912066788,irs-pofd-8872,527,energy,0.1568,0.0465,0.0000,0.7200,DC,https://forms.irs.gov/app/pod/dataDownload/dataAG
Eric Ching For Congress,862802544,irs-pofd-8872,527,energy,0.2036,0.0462,0.0000,0.7200,CA,https://forms.irs.gov/app/pod/dataDownload/dataAG
ALLIANCE FOR AMERICAN EXCEPTIONALISM,822606005,irs-pofd-8872,527,finance,0.0560,0.0460,0.0000,0.7200,MD,https://forms.irs.gov/app/pod/dataDownload/dataAG
Community BancPac,362868674,irs-pofd-8872,527,finance,0.1596,0.0458,0.0000,0.7200,IL,https://forms.irs.gov/app/pod/dataDownload/dataAG
Community BancPac,362868674,irs-pofd-8872,527,finance,0.0592,0.0447,0.0000,0.7200,IL,https://forms.irs.gov/app/pod/dataDownload/dataAG
Florida Farm PAC,463085970,irs-pofd-8872,527,democracy,0.1014,0.0445,0.0000,0.7200,FL,https://forms.irs.gov/app/pod/dataDownload/dataAG
Emerge Nevada,205774337,irs-pofd-8872,527,energy,0.0945,0.0439,0.0000,0.7200,NV,https://forms.irs.gov/app/pod/dataDownload/dataAG
Council on Global Democracy,270953993,irs-pofd-8872,527,democracy,0.0874,0.0437,0.0000,0.7200,VA,https://forms.irs.gov/app/pod/dataDownload/dataAG
Arizona List,208331828,irs-pofd-8872,527,energy,0.1660,0.0436,0.0000,0.7200,AZ,https://forms.irs.gov/app/pod/dataDownload/dataAG
End Citizens United Nonfederal,810870857,irs-pofd-8872,527,democracy,0.2011,0.0433,0.0000,0.7200,DC,https://forms.irs.gov/app/pod/dataDownload/dataAG
COMMITTEE TO ELECT BRAD WILSON,273218861,irs-pofd-8872,527,energy,0.0432,0.0432,0.0000,0.6600,UT,https://forms.irs.gov/app/pod/dataDownload/dataAG
"American Veterans Honor Fund, Inc.",822315009,irs-pofd-8872,527,energy,0.0806,0.0422,0.0000,0.7200,VA,https://forms.irs.gov/app/pod/dataDownload/dataAG
"Excellence in Public Service, Inc.",351801095,irs-pofd-8872,527,energy,0.0575,0.0420,0.0000,0.7200,IN,https://forms.irs.gov/app/pod/dataDownload/dataAG
Foley & Lardner LLP Texas Campaign Fund,751954937,irs-pofd-8872,527,democracy,0.0420,0.0420,0.0000,0.6600,TX,https://forms.irs.gov/app/pod/dataDownload/dataAG
Committee to Elect Clinton St Mosley,992021163,irs-pofd-8872,527,democracy,0.0702,0.0417,0.0000,0.7200,MI,https://forms.irs.gov/app/pod/dataDownload/dataAG
Community BancPac,362868674,irs-pofd-8872,527,finance,0.0569,0.0416,0.0000,0.7200,IL,https://forms.irs.gov/app/pod/dataDownload/dataAG
AD ASTRA POLITICAL ACTION COMMITTEE INC.,831825524,irs-pofd-8872,527,energy,0.1175,0.0415,0.0000,0.7200,VA,https://forms.irs.gov/app/pod/dataDownload/dataAG
American Federation of Teachers Pennsylvania - Solidarity Fund,203682790,irs-pofd-8872,527,energy,0.0413,0.0413,0.0000,0.6600,PA,https://forms.irs.gov/app/pod/dataDownload/dataAG
AFT State and Local Fund,522256152,irs-pofd-8872,527,energy,0.1258,0.0411,0.0000,0.7200,DC,https://forms.irs.gov/app/pod/dataDownload/dataAG
Democratic Treasurers Association,843171981,irs-pofd-8872,527,energy,0.1660,0.0410,0.0000,0.7200,DC,https://forms.irs.gov/app/pod/dataDownload/dataAG
Energy Transfer Employee Management Company PAC (Energy Transfer PAC),261239485,irs-pofd-8872,527,energy,0.0604,0.0410,0.0000,0.7200,TX,https://forms.irs.gov/app/pod/dataDownload/dataAG
D.C. Legal,521914217,irs-pofd-8872,527,energy,0.0497,0.0395,0.0000,0.7200,DC,https://forms.irs.gov/app/pod/dataDownload/dataAG
"Emerge Maryland, Inc.",464904157,irs-pofd-8872,527,energy,0.0854,0.0390,0.0000,0.7200,MD,https://forms.irs.gov/app/pod/dataDownload/dataAG
California Federation of Teachers COPE,931032682,irs-pofd-8872,527,energy,0.2771,0.0387,0.0000,0.7200,CA,https://forms.irs.gov/app/pod/dataDownload/dataAG
Committee for a Sustainable Hardwick,932227732,irs-pofd-8872,527,energy,0.0525,0.0387,0.0000,0.7200,MA,https://forms.irs.gov/app/pod/dataDownload/dataAG
"Emerge Kentucky, Inc.",271050527,irs-pofd-8872,527,energy,0.0579,0.0386,0.0000,0.7200,KY,https://forms.irs.gov/app/pod/dataDownload/dataAG
Florida Farm PAC,463085970,irs-pofd-8872,527,democracy,0.0542,0.0385,0.0000,0.7200,FL,https://forms.irs.gov/app/pod/dataDownload/dataAG
ATU-COPE Special Holding Account,522256338,irs-pofd-8872,527,energy,0.0506,0.0385,0.0000,0.7200,MD,https://forms.irs.gov/app/pod/dataDownload/dataAG
Greg Pyle Campaign,271625164,irs-pofd-8872,527,democracy,0.2251,0.0383,0.0000,0.7200,OK,https://forms.irs.gov/app/pod/dataDownload/dataAG
"FEA Solidarity Fund, Inc.",900069110,irs-pofd-8872,527,energy,0.1174,0.0382,0.0000,0.7200,FL,https://forms.irs.gov/app/pod/dataDownload/dataAG
"Emerge Kentucky, Inc.",271050527,irs-pofd-8872,527,energy,0.0725,0.0381,0.0000,0.7200,KY,https://forms.irs.gov/app/pod/dataDownload/dataAG
"Democratic Lieutenant Governors Assoc., Inc",030457299,irs-pofd-8872,527,energy,0.0469,0.0380,0.0000,0.7200,DC,https://forms.irs.gov/app/pod/dataDownload/dataAG
"Emerge Maryland, Inc.",464904157,irs-pofd-8872,527,energy,0.0877,0.0379,0.0000,0.7200,MD,https://forms.irs.gov/app/pod/dataDownload/dataAG
Educate Your Vote - A Project of the Coalition for literacy,454703014,irs-pofd-8872,527,energy,0.0691,0.0375,0.0000,0.7200,CA,https://forms.irs.gov/app/pod/dataDownload/dataAG
Committee for a Sustainable Hardwick,932227732,irs-pofd-8872,527,energy,0.0971,0.0371,0.0000,0.7200,MA,https://forms.irs.gov/app/pod/dataDownload/dataAG
Communications Workers of America COPE Account,520246709,irs-pofd-8872,527,democracy,0.0740,0.0370,0.0000,0.7200,DC,https://forms.irs.gov/app/pod/dataDownload/dataAG
CAST FOR CONGRESS,990572539,irs-pofd-8872,527,energy,0.0867,0.0367,0.0000,0.7200,AZ,https://forms.irs.gov/app/pod/dataDownload/dataAG
Citizens4NJProgress Inc.,882989089,irs-pofd-8872,527,energy,0.0367,0.0367,0.0000,0.6600,NJ,https://forms.irs.gov/app/pod/dataDownload/dataAG
A Better Delaware,834324780,irs-pofd-8872,527,democracy,0.0399,0.0359,0.0000,0.7200,VA,https://forms.irs.gov/app/pod/dataDownload/dataAG
Claudia De La Cruz for President,933069146,irs-pofd-8872,527,democracy,0.0448,0.0356,0.0000,0.7200,DC,https://forms.irs.gov/app/pod/dataDownload/dataAG
"Brighter Future Forward, Inc.",931680100,irs-pofd-8872,527,energy,0.0695,0.0355,0.0000,0.7200,NJ,https://forms.irs.gov/app/pod/dataDownload/dataAG
Energy Transfer Employee Management Company PAC (Energy Transfer PAC),261239485,irs-pofd-8872,527,energy,0.0412,0.0349,0.0000,0.7200,TX,https://forms.irs.gov/app/pod/dataDownload/dataAG
Arjun Batra For San Jose City Council D10 2024,933192359,irs-pofd-8872,527,energy,0.0680,0.0348,0.0000,0.7200,CA,https://forms.irs.gov/app/pod/dataDownload/dataAG
ALLIANCE FOR AMERICAN EXCEPTIONALISM,822606005,irs-pofd-8872,527,finance,0.0678,0.0348,0.0000,0.7200,MD,https://forms.irs.gov/app/pod/dataDownload/dataAG
COMMITTEE ON POLITICAL ACTIVITY,841555548,irs-pofd-8872,527,energy,0.0390,0.0348,0.0000,0.7200,CO,https://forms.irs.gov/app/pod/dataDownload/dataAG
Blue Lab New Hampshire,882902063,irs-pofd-8872,527,energy,0.0876,0.0346,0.0000,0.7200,MA,https://forms.irs.gov/app/pod/dataDownload/dataAG
Anstine Series,831047962,irs-pofd-8872,527,energy,0.0684,0.0345,0.0000,0.7200,PA,https://forms.irs.gov/app/pod/dataDownload/dataAG
Democratic Treasurers Association,843171981,irs-pofd-8872,527,energy,0.0847,0.0342,0.0000,0.7200,DC,https://forms.irs.gov/app/pod/dataDownload/dataAG
"American Veterans Honor Fund, Inc.",822315009,irs-pofd-8872,527,energy,0.0638,0.0332,0.0000,0.7200,VA,https://forms.irs.gov/app/pod/dataDownload/dataAG
ALLIANCE FOR AMERICAN EXCEPTIONALISM,822606005,irs-pofd-8872,527,finance,0.1006,0.0331,0.0000,0.7200,MD,https://forms.irs.gov/app/pod/dataDownload/dataAG
Florida Farm PAC,463085970,irs-pofd-8872,527,democracy,0.0777,0.0330,0.0000,0.7200,FL,https://forms.irs.gov/app/pod/dataDownload/dataAG
Emerge Oregon,264149141,irs-pofd-8872,527,energy,0.0532,0.0329,0.0000,0.7200,OR,https://forms.irs.gov/app/pod/dataDownload/dataAG
Claudia De La Cruz for President,933069146,irs-pofd-8872,527,democracy,0.0649,0.0327,0.0000,0.7200,CA,https://forms.irs.gov/app/pod/dataDownload/dataAG
Citizens4NJProgress Inc.,882989089,irs-pofd-8872,527,energy,0.0978,0.0325,0.0000,0.7200,NJ,https://forms.irs.gov/app/pod/dataDownload/dataAG
Beyond Finance Employee Political Action Committee,862505030,irs-pofd-8872,527,finance,0.0506,0.0325,0.0000,0.7200,TX,https://forms.irs.gov/app/pod/dataDownload/dataAG
"Emerge Maryland, Inc.",464904157,irs-pofd-8872,527,energy,0.0660,0.0323,0.0000,0.7200,MD,https://forms.irs.gov/app/pod/dataDownload/dataAG
PEACE CORPS FOUNDATION,010554700,irs-eo-bmf-capacity,501(c)(3),democracy,1.1814,0.0035,0.0142,0.7400,,https://www.irs.gov/pub/irs-soi/eo_dc.csv
MUTUAL FUND DIRECTORS FORUM,010682859,irs-eo-bmf-capacity,501(c)(3),democracy,3.3463,0.0100,0.0402,0.7400,,https://www.irs.gov/pub/irs-soi/eo_dc.csv
COALITION OF COMMUNITY DEVELOPMENT FINANCIAL INSTITUTIONS INC,010728162,irs-eo-bmf-capacity,501(c)(3),democracy,1.0998,0.0033,0.0132,0.7400,,https://www.irs.gov/pub/irs-soi/eo_dc.csv
U S RUSSIA FOUNDATION FOR ECNOMIC ADVANCEMENT AND THE RULE OF LAW,010732928,irs-eo-bmf-capacity,501(c)(4),democracy,13.4870,0.3372,0.1618,0.2000,,https://www.irs.gov/pub/irs-soi/eo_dc.csv
CHARITABLE FOUNDATION OF THE ENERGY BAR ASSOCIATION,010743607,irs-eo-bmf-capacity,501(c)(3),energy,0.0755,0.0002,0.0009,0.7400,,https://www.irs.gov/pub/irs-soi/eo_dc.csv
COMMUNITY CONNECTIONS REAL ESTATE FOUNDATION,010818232,irs-eo-bmf-capacity,501(c)(3),democracy,1.7715,0.0053,0.0213,0.7400,,https://www.irs.gov/pub/irs-soi/eo_dc.csv
US-CENTRAL ASIA EDUCATION FOUNDATION,010896501,irs-eo-bmf-capacity,501(c)(3),democracy,0.0267,0.0001,0.0003,0.7400,,https://www.irs.gov/pub/irs-soi/eo_dc.csv
VIETNAM FOUNDATION,010905269,irs-eo-bmf-capacity,501(c)(3),democracy,0.1107,0.0003,0.0013,0.7400,,https://www.irs.gov/pub/irs-soi/eo_dc.csv
ELECTRIFICATION COALITION ALLIANCE INC,010927325,irs-eo-bmf-capacity,501(c)(4),democracy,0.4215,0.0105,0.0051,0.2000,,https://www.irs.gov/pub/irs-soi/eo_dc.csv
ELECTRIFICATION COALITION FOUNDATION,010927327,irs-eo-bmf-capacity,501(c)(3),democracy,3.9841,0.0120,0.0478,0.7400,,https://www.irs.gov/pub/irs-soi/eo_dc.csv
COUNCIL OF INDEPENDENT COLLEGES,016004776,irs-eo-bmf-capacity,501(c)(3),democracy,22.3328,0.0670,0.2680,0.7400,,https://www.irs.gov/pub/irs-soi/eo_dc.csv
NATIONAL INSTITUTES FOR WATER RESOURCES INC,020449162,irs-eo-bmf-capacity,501(c)(4),democracy,0.2655,0.0066,0.0032,0.2000,,https://www.irs.gov/pub/irs-soi/eo_dc.csv
ASSOCIATION OF CLINICAL RESEARCH ORGANIZATIONS,020542064,irs-eo-bmf-capacity,501(c)(6),democracy,2.3138,0.0416,0.0278,0.3200,,https://www.irs.gov/pub/irs-soi/eo_dc.csv
ONE ACTION,020544768,irs-eo-bmf-capacity,501(c)(4),democracy,3.3643,0.0841,0.0404,0.2000,,https://www.irs.gov/pub/irs-soi/eo_dc.csv
THE GAULT CENTER,020620456,irs-eo-bmf-capacity,501(c)(3),democracy,2.2644,0.0068,0.0272,0.7400,,https://www.irs.gov/pub/irs-soi/eo_dc.csv
THE ORGANIC CENTER INC,020626006,irs-eo-bmf-capacity,501(c)(3),democracy,1.0465,0.0031,0.0126,0.7400,,https://www.irs.gov/pub/irs-soi/eo_dc.csv
CATHOLIC CHARITIES FOUNDATION OF THE ARCHDIOCESE OF WASHINGTON,020671101,irs-eo-bmf-capacity,501(c)(3),democracy,2.6385,0.0079,0.0317,0.7400,,https://www.irs.gov/pub/irs-soi/eo_dc.csv
ISRAEL FOREVER FOUNDATION,020671731,irs-eo-bmf-capacity,501(c)(3),democracy,0.2362,0.0007,0.0028,0.7400,,https://www.irs.gov/pub/irs-soi/eo_dc.csv
CENTER FOR INNOVATIVE POLICY,020747896,irs-eo-bmf-capacity,501(c)(4),democracy,3.7981,0.0950,0.0456,0.2000,,https://www.irs.gov/pub/irs-soi/eo_dc.csv
RALPH S AND FRANCES R DWECK FAMILY FOUNDATION INC,020762730,irs-eo-bmf-capacity,501(c)(3),democracy,1.4709,0.0044,0.0177,0.7400,,https://www.irs.gov/pub/irs-soi/eo_dc.csv
WORLD INSTITUE FOR ACTION LEARNING INC,020793616,irs-eo-bmf-capacity,501(c)(3),democracy,0.0688,0.0002,0.0008,0.7400,,https://www.irs.gov/pub/irs-soi/eo_dc.csv
POLARIS PROJECT,030391561,irs-eo-bmf-capacity,501(c)(3),democracy,11.0513,0.0332,0.1326,0.7400,,https://www.irs.gov/pub/irs-soi/eo_dc.csv
KENNEDY INSTITUTE HOUSING CORPORATION II,030406267,irs-eo-bmf-capacity,501(c)(3),democracy,0.1653,0.0005,0.0020,0.7400,,https://www.irs.gov/pub/irs-soi/eo_dc.csv
THE GASTON & PORTER HEALTH IMPROVEMENT CENTER INC,030455203,irs-eo-bmf-capacity,501(c)(3),energy,0.0941,0.0003,0.0011,0.7400,,https://www.irs.gov/pub/irs-soi/eo_dc.csv
INTERNATIONAL CYANIDE MANAGEMENT INSTITUTE,030492609,irs-eo-bmf-capacity,501(c)(6),democracy,1.8645,0.0336,0.0224,0.3200,,https://www.irs.gov/pub/irs-soi/eo_dc.csv
CENTER FOR VOTER INFORMATION,030554750,irs-eo-bmf-capacity,501(c)(4),democracy,37.4435,0.9361,0.4493,0.2000,,https://www.irs.gov/pub/irs-soi/eo_dc.csv
JUBILEE USA NETWORK INC,030582216,irs-eo-bmf-capacity,501(c)(3),democracy,0.1682,0.0005,0.0020,0.7400,,https://www.irs.gov/pub/irs-soi/eo_dc.csv
YUMA STUDY CENTER INC,030583491,irs-eo-bmf-capacity,501(c)(3),democracy,0.7869,0.0024,0.0094,0.7400,,https://www.irs.gov/pub/irs-soi/eo_dc.csv
NATIONAL ASSOCIATION OF INDEPENDENT SCHOOLS INC,042104741,irs-eo-bmf-capacity,501(c)(3),democracy,27.3118,0.0819,0.3277,0.7400,,https://www.irs.gov/pub/irs-soi/eo_dc.csv
AMERICAN ASSOCIATION FOR JUSTICE,042114561,irs-eo-bmf-capacity,501(c)(6),democracy,34.5739,0.6223,0.4149,0.3200,,https://www.irs.gov/pub/irs-soi/eo_dc.csv
RETAIL INDUSTRY LEADERS ASSOCIATION INC,042395151,irs-eo-bmf-capacity,501(c)(6),democracy,22.3823,0.4029,0.2686,0.3200,,https://www.irs.gov/pub/irs-soi/eo_dc.csv
INSTITUTE FOR COMMUNITY ECONOMICS INC,042617283,irs-eo-bmf-capacity,501(c)(3),democracy,6.3715,0.0191,0.0765,0.7400,,https://www.irs.gov/pub/irs-soi/eo_dc.csv
NATIONAL ASSOCIATION OF NUTRITION AND AGING SERVICE PROGRAMS,042639088,irs-eo-bmf-capacity,501(c)(3),democracy,0.9863,0.0030,0.0118,0.7400,,https://www.irs.gov/pub/irs-soi/eo_dc.csv
INSTITUTE ON TAXATION AND ECONOMIC POLICY,042688165,irs-eo-bmf-capacity,501(c)(3),finance,3.9669,0.0119,0.0476,0.7400,,https://www.irs.gov/pub/irs-soi/eo_dc.csv
NATIONAL ASSOCIATION FOR BIOMEDICAL RESEARCH,042688181,irs-eo-bmf-capacity,501(c)(6),democracy,2.0832,0.0375,0.0250,0.3200,,https://www.irs.gov/pub/irs-soi/eo_dc.csv
CENTER FOR ARMS CONTROL AND NON-PROLIFERATION,042693322,irs-eo-bmf-capacity,501(c)(3),democracy,1.2900,0.0039,0.0155,0.7400,,https://www.irs.gov/pub/irs-soi/eo_dc.csv
FAMILIES U S A FOUNDATION INC,042730934,irs-eo-bmf-capacity,501(c)(3),democracy,8.6782,0.0260,0.1041,0.7400,,https://www.irs.gov/pub/irs-soi/eo_dc.csv
FOUNDATION FOR BIOMEDICAL RESEARCH,042746997,irs-eo-bmf-capacity,501(c)(3),democracy,1.6207,0.0049,0.0194,0.7400,,https://www.irs.gov/pub/irs-soi/eo_dc.csv
LAND TRUST ALLIANCE INCORPORATED,042751357,irs-eo-bmf-capacity,501(c)(3),democracy,22.3504,0.0671,0.2682,0.7400,,https://www.irs.gov/pub/irs-soi/eo_dc.csv
COUNCIL OF LARGE PUBLIC HOUSING AUTHORITIES INC,042752972,irs-eo-bmf-capacity,501(c)(4),democracy,3.4862,0.0872,0.0418,0.2000,,https://www.irs.gov/pub/irs-soi/eo_dc.csv
UNITED STATES FOOTWEAR MANUFACTURERS ASSOCIATION INC,042943719,irs-eo-bmf-capacity,501(c)(6),democracy,0.2491,0.0045,0.0030,0.3200,,https://www.irs.gov/pub/irs-soi/eo_dc.csv
YACHT BROKERS ASSOCIATION OF AMERICA INC,042986688,irs-eo-bmf-capacity,501(c)(6),democracy,0.2209,0.0040,0.0027,0.3200,,https://www.irs.gov/pub/irs-soi/eo_dc.csv
NATIONAL ASSOCIATION OF CONSUMER ADVOCATES INC,043239354,irs-eo-bmf-capacity,501(c)(6),democracy,3.4356,0.0618,0.0412,0.3200,,https://www.irs.gov/pub/irs-soi/eo_dc.csv
THE NONHUMAN RIGHTS PROJECT INC,043289466,irs-eo-bmf-capacity,501(c)(3),democracy,2.1564,0.0065,0.0259,0.7400,,https://www.irs.gov/pub/irs-soi/eo_dc.csv
NATIONAL ASSOCIATION OF CONSUMER ADVOCATES CHARITABLE FUND INC,043309173,irs-eo-bmf-capacity,501(c)(3),democracy,0.1272,0.0004,0.0015,0.7400,,https://www.irs.gov/pub/irs-soi/eo_dc.csv
APPLETREE INSTITUTE FOR EDUCATION INNOVATION INC,043331760,irs-eo-bmf-capacity,501(c)(3),democracy,19.0061,0.0570,0.2281,0.7400,,https://www.irs.gov/pub/irs-soi/eo_dc.csv
RENEW MASSACHUSETTS COALITION INC,043405595,irs-eo-bmf-capacity,501(c)(4),democracy,0.0049,0.0001,0.0001,0.2000,,https://www.irs.gov/pub/irs-soi/eo_dc.csv
BALLOT INITIATIVE STRATEGY CENTER INC,043411708,irs-eo-bmf-capacity,501(c)(4),democracy,2.5567,0.0639,0.0307,0.2000,,https://www.irs.gov/pub/irs-soi/eo_dc.csv
CARE CONTINUUM ALLIANCE INC,043448475,irs-eo-bmf-capacity,501(c)(6),democracy,0.2762,0.0050,0.0033,0.3200,,https://www.irs.gov/pub/irs-soi/eo_dc.csv
BALLOT INITIATIVE STRATEGY CENTER FOUNDATION,043454684,irs-eo-bmf-capacity,501(c)(3),democracy,2.4239,0.0073,0.0291,0.7400,,https://www.irs.gov/pub/irs-soi/eo_dc.csv
THE FRANCES AND HENRY RIECKEN FOUNDATION INC,043500365,irs-eo-bmf-capacity,501(c)(3),democracy,1.0750,0.0032,0.0129,0.7400,,https://www.irs.gov/pub/irs-soi/eo_dc.csv
NATIONAL COUNCIL ON TEACHER QUALITY,043536571,irs-eo-bmf-capacity,501(c)(3),democracy,5.7209,0.0172,0.0687,0.7400,,https://www.irs.gov/pub/irs-soi/eo_dc.csv
CAMPAIGN LEGAL CENTER INC,043608387,irs-eo-bmf-capacity,501(c)(3),democracy,13.9491,0.0418,0.1674,0.7400,,https://www.irs.gov/pub/irs-soi/eo_dc.csv
COMMITTEE FOR JUSTICE,043693799,irs-eo-bmf-capacity,501(c)(4),democracy,0.5569,0.0139,0.0067,0.2000,,https://www.irs.gov/pub/irs-soi/eo_dc.csv
THE NATIONAL ALLIANCE TO END SEXUAL VIOLENCE - NAESV,043701833,irs-eo-bmf-capacity,501(c)(3),democracy,1.1447,0.0034,0.0137,0.7400,,https://www.irs.gov/pub/irs-soi/eo_dc.csv
AMERICAN HEALTH QUALITY FOUNDATION INC,043765053,irs-eo-bmf-capacity,501(c)(3),democracy,0.0207,0.0001,0.0002,0.7400,,https://www.irs.gov/pub/irs-soi/eo_dc.csv
FREE PRESS ACTION FUND,043771598,irs-eo-bmf-capacity,501(c)(4),democracy,0.8900,0.0223,0.0107,0.2000,,https://www.irs.gov/pub/irs-soi/eo_dc.csv
THE CLINICAL RESEARCH FORUM INC,043809491,irs-eo-bmf-capacity,501(c)(4),democracy,0.4722,0.0118,0.0057,0.2000,,https://www.irs.gov/pub/irs-soi/eo_dc.csv
FOSTER & ADOPTIVE PARENT ADVOCACY CENTER,043812274,irs-eo-bmf-capacity,501(c)(3),democracy,0.7492,0.0022,0.0090,0.7400,,https://www.irs.gov/pub/irs-soi/eo_dc.csv
HAROLD RUBENSTEIN FAMILY CHARITABLE FOUNDATION,046041597,irs-eo-bmf-capacity,501(c)(3),democracy,2.3841,0.0072,0.0286,0.7400,,https://www.irs.gov/pub/irs-soi/eo_dc.csv
NATIONAL CIVIL JUSTICE INSTITUTE,046079643,irs-eo-bmf-capacity,501(c)(3),democracy,0.6004,0.0018,0.0072,0.7400,,https://www.irs.gov/pub/irs-soi/eo_dc.csv
BARBARA KOCH DANIELS FAMILY FOUNDATION,047023145,irs-eo-bmf-capacity,501(c)(3),democracy,0.0047,0.0000,0.0001,0.7400,,https://www.irs.gov/pub/irs-soi/eo_dc.csv
ASSOCIATION FOR HEALTH CENTER AFFILIATED HEALTH PLANS,050509791,irs-eo-bmf-capacity,501(c)(6),democracy,8.0125,0.1442,0.0961,0.3200,,https://www.irs.gov/pub/irs-soi/eo_dc.csv
NORWEGIAN-AMERICAN CHAMBER OF COMMERCE MID-ATLANTIC CHAPTER INC,050536672,irs-eo-bmf-capacity,501(c)(6),democracy,0.1130,0.0020,0.0014,0.3200,,https://www.irs.gov/pub/irs-soi/eo_dc.csv
BUILDERS HARDWARE MANUFACTURERS ASSOCIATION,060602255,irs-eo-bmf-capacity,501(c)(6),democracy,1.9101,0.0344,0.0229,0.3200,,https://www.irs.gov/pub/irs-soi/eo_dc.csv
ENO TRANSPORTATION FOUNDATION INC,060662124,irs-eo-bmf-capacity,501(c)(3),democracy,2.4722,0.0074,0.0297,0.7400,,https://www.irs.gov/pub/irs-soi/eo_dc.csv
AMERICAN AMBULANCE ASSOCIATION,060924858,irs-eo-bmf-capacity,501(c)(6),democracy,4.5018,0.0810,0.0540,0.3200,,https://www.irs.gov/pub/irs-soi/eo_dc.csv
ALLIANCE FOR CONTINUING MEDICAL EDUCATION INC,060999696,irs-eo-bmf-capacity,501(c)(3),democracy,2.3207,0.0070,0.0278,0.7400,,https://www.irs.gov/pub/irs-soi/eo_dc.csv
B S A BUSINESS SOFTWARE ALLIANCE,061242574,irs-eo-bmf-capacity,501(c)(6),technology,29.2972,0.5273,0.3516,0.3200,,https://www.irs.gov/pub/irs-soi/eo_dc.csv
LARGE PUBLIC POWER COUNCIL,061242756,irs-eo-bmf-capacity,501(c)(6),democracy,4.6844,0.0843,0.0562,0.3200,,https://www.irs.gov/pub/irs-soi/eo_dc.csv
INSURED RETIREMENT INSTITUTE INC,061328907,irs-eo-bmf-capacity,501(c)(6),democracy,9.2823,0.1671,0.1114,0.3200,,https://www.irs.gov/pub/irs-soi/eo_dc.csv
THE ALBERT B SABIN VACCINE INSTITUTE INC,061389829,irs-eo-bmf-capacity,501(c)(3),democracy,35.9140,0.1077,0.4310,0.7400,,https://www.irs.gov/pub/irs-soi/eo_dc.csv
ESAS FOUNDATION,061582325,irs-eo-bmf-capacity,501(c)(3),democracy,0.9759,0.0029,0.0117,0.7400,,https://www.irs.gov/pub/irs-soi/eo_dc.csv
QUEENAN FOUNDATION INC,066022913,irs-eo-bmf-capacity,501(c)(3),democracy,0.4424,0.0013,0.0053,0.7400,,https://www.irs.gov/pub/irs-soi/eo_dc.csv
AMERICAN BENEFITS COUNCIL,066100040,irs-eo-bmf-capacity,501(c)(6),democracy,5.6001,0.1008,0.0672,0.3200,,https://www.irs.gov/pub/irs-soi/eo_dc.csv
SECURITY HARDWARE DISTRIBUTORS ASSOCIATION INC,112301434,irs-eo-bmf-capacity,501(c)(6),democracy,0.4732,0.0085,0.0057,0.3200,,https://www.irs.gov/pub/irs-soi/eo_dc.csv
FORMOSAN ASSOCIATION FOR PUBLIC AFFAIR INC,112615291,irs-eo-bmf-capacity,501(c)(3),democracy,1.4179,0.0043,0.0170,0.7400,,https://www.irs.gov/pub/irs-soi/eo_dc.csv
INTERNATIONAL CENTER FOR JOURNALISTS INC,112724905,irs-eo-bmf-capacity,501(c)(3),democracy,3.7958,0.0114,0.0455,0.7400,,https://www.irs.gov/pub/irs-soi/eo_dc.csv
ALLIANCE FOR EXCELLENT EDUCATION INC,113487339,irs-eo-bmf-capacity,501(c)(3),democracy,4.2179,0.0127,0.0506,0.7400,,https://www.irs.gov/pub/irs-soi/eo_dc.csv
ETHIOPIAN COMMUNITY SERVICES AND DEVELOPMENT COUNCIL INC,113651850,irs-eo-bmf-capacity,501(c)(3),democracy,0.4050,0.0012,0.0049,0.7400,,https://www.irs.gov/pub/irs-soi/eo_dc.csv
HUNG TAO CHOY MEI LEADERSHIP INSTITUTE,113679500,irs-eo-bmf-capacity,501(c)(3),democracy,0.1929,0.0006,0.0023,0.7400,,https://www.irs.gov/pub/irs-soi/eo_dc.csv
WOODHULL FREEDOM FOUNDATION,113681116,irs-eo-bmf-capacity,501(c)(3),democracy,1.0066,0.0030,0.0121,0.7400,,https://www.irs.gov/pub/irs-soi/eo_dc.csv
NATIONAL ASSOCIATION OF HISPANIC PUBLICATIONS INC,113707849,irs-eo-bmf-capacity,501(c)(6),democracy,0.5271,0.0095,0.0063,0.3200,,https://www.irs.gov/pub/irs-soi/eo_dc.csv
CORNERSTONE FOUNDATION INC,113737220,irs-eo-bmf-capacity,501(c)(3),democracy,55.6922,0.1671,0.6683,0.7400,,https://www.irs.gov/pub/irs-soi/eo_dc.csv
WESTLEY FAMILY FOUNDATION INC,113759358,irs-eo-bmf-capacity,501(c)(3),democracy,0.2672,0.0008,0.0032,0.7400,,https://www.irs.gov/pub/irs-soi/eo_dc.csv
GAMBA FAMILY FOUNDATION INC,113759627,irs-eo-bmf-capacity,501(c)(3),democracy,0.2260,0.0007,0.0027,0.7400,,https://www.irs.gov/pub/irs-soi/eo_dc.csv
ADVENTURES FOR THE MIND FOUNDATION INC,113770328,irs-eo-bmf-capacity,501(c)(3),democracy,0.1227,0.0004,0.0015,0.7400,,https://www.irs.gov/pub/irs-soi/eo_dc.csv
AFRICAN CENTER FOR ECONOMIC TRANSFORMATION,113803281,irs-eo-bmf-capacity,501(c)(3),democracy,7.1848,0.0216,0.0862,0.7400,,https://www.irs.gov/pub/irs-soi/eo_dc.csv
INTERNATIONAL CLAIM ASSOCIATION,116062801,irs-eo-bmf-capacity,501(c)(6),democracy,0.9593,0.0173,0.0115,0.3200,,https://www.irs.gov/pub/irs-soi/eo_dc.csv
BRIAN P & JANET S HEHIR FAMILY FOUNDATION,116613070,irs-eo-bmf-capacity,501(c)(3),democracy,0.0950,0.0003,0.0011,0.7400,,https://www.irs.gov/pub/irs-soi/eo_dc.csv
FREDERICK W MCCARTHY FOUNDATION,117345034,irs-eo-bmf-capacity,501(c)(3),democracy,0.0359,0.0001,0.0004,0.7400,,https://www.irs.gov/pub/irs-soi/eo_dc.csv
AMERICAN GAS ASSOCIATION,130431590,irs-eo-bmf-capacity,501(c)(6),energy,42.3226,0.7618,0.5079,0.3200,,https://www.irs.gov/pub/irs-soi/eo_dc.csv
AMERICAN HOTEL & LODGING ASSOCIATION DIRECTORY CORPORATION,130432130,irs-eo-bmf-capacity,501(c)(6),democracy,27.4828,0.4947,0.3298,0.3200,,https://www.irs.gov/pub/irs-soi/eo_dc.csv
AMERICAN PETROLEUM INSTITUTE,130433430,irs-eo-bmf-capacity,501(c)(6),democracy,252.3275,4.5419,3.0279,0.3200,,https://www.irs.gov/pub/irs-soi/eo_dc.csv
AMERICAN PSYCHIATRIC ASSOCIATION FOUNDATION,130433740,irs-eo-bmf-capacity,501(c)(3),democracy,8.2314,0.0247,0.0988,0.7400,,https://www.irs.gov/pub/irs-soi/eo_dc.csv
AMERICAN CLEANING INSTITUTE,130452400,irs-eo-bmf-capacity,501(c)(6),democracy,16.0967,0.2897,0.1932,0.3200,,https://www.irs.gov/pub/irs-soi/eo_dc.csv
ASSOCIATION OF EDISON ILLUMINATING COMPANIES,130453115,irs-eo-bmf-capacity,501(c)(6),democracy,2.5258,0.0455,0.0303,0.3200,,https://www.irs.gov/pub/irs-soi/eo_dc.csv
EDISON ELECTRIC INSTITUTE,130659550,irs-eo-bmf-capacity,501(c)(6),energy,101.8213,1.8328,1.2219,0.3200,,https://www.irs.gov/pub/irs-soi/eo_dc.csv
INSTITUTE OF MAKERS OF EXPLOSIVES,130870910,irs-eo-bmf-capacity,501(c)(6),democracy,2.5124,0.0452,0.0301,0.3200,,https://www.irs.gov/pub/irs-soi/eo_dc.csv
HOUSEHOLD & COMMERICAL PRODUCTS ASSOCIATION INC,131084295,irs-eo-bmf-capacity,501(c)(6),democracy,7.4671,0.1344,0.0896,0.3200,,https://www.irs.gov/pub/irs-soi/eo_dc.csv
NATIONAL ASSOCIATION OF MANUFACTURERS OF THE USA,131084330,irs-eo-bmf-capacity,501(c)(6),democracy,61.7116,1.1108,0.7405,0.3200,,https://www.irs.gov/pub/irs-soi/eo_dc.csv
NATIONAL ASSOCIATION PRINTING INK MANUFACTURERS INC,131084380,irs-eo-bmf-capacity,501(c)(6),democracy,0.7306,0.0132,0.0088,0.3200,,https://www.irs.gov/pub/irs-soi/eo_dc.csv
HEALTHCARE DISTRIBUTION ALLIANCE HDA,131088150,irs-eo-bmf-capacity,501(c)(6),democracy,28.3951,0.5111,0.3407,0.3200,,https://www.irs.gov/pub/irs-soi/eo_dc.csv
PLASTICS INDUSTRY ASSOCIATION INC,131325282,irs-eo-bmf-capacity,501(c)(6),democracy,58.5907,1.0546,0.7031,0.3200,,https://www.irs.gov/pub/irs-soi/eo_dc.csv
THE CHATHAM HOUSE FOUNDATION INC,131347212,irs-eo-bmf-capacity,501(c)(3),democracy,0.7021,0.0021,0.0084,0.7400,,https://www.irs.gov/pub/irs-soi/eo_dc.csv
PERSONAL CARE PRODUCTS COUNCIL,131390920,irs-eo-bmf-capacity,501(c)(6),democracy,25.1685,0.4530,0.3020,0.3200,,https://www.irs.gov/pub/irs-soi/eo_dc.csv
NATIONAL ASSOCIATION OF THEATRE OWNERS,131580907,irs-eo-bmf-capacity,501(c)(6),democracy,10.7229,0.1930,0.1287,0.3200,,https://www.irs.gov/pub/irs-soi/eo_dc.csv
INSTITUTE OF CURRENT WORLD AFFAIRS INC,131621044,irs-eo-bmf-capacity,501(c)(3),democracy,3.3201,0.0100,0.0398,0.7400,,https://www.irs.gov/pub/irs-soi/eo_dc.csv
NATIONAL HEALTH COUNCIL INC,131624107,irs-eo-bmf-capacity,501(c)(3),democracy,5.8136,0.0174,0.0698,0.7400,,https://www.irs.gov/pub/irs-soi/eo_dc.csv
CENTER FOR SPIRITUAL AND ETHICAL EDUCATION INC,131628450,irs-eo-bmf-capacity,501(c)(3),democracy,1.3673,0.0041,0.0164,0.7400,,https://www.irs.gov/pub/irs-soi/eo_dc.csv
AMERICAN PUBLIC HEALTH ASSOCIATION INC,131628688,irs-eo-bmf-capacity,501(c)(3),democracy,25.6980,0.0771,0.3084,0.7400,,https://www.irs.gov/pub/irs-soi/eo_dc.csv
NATIONAL COUNCIL OF JEWISH WOMEN INCORPORATED,131641076,irs-eo-bmf-capacity,501(c)(3),democracy,6.8398,0.0205,0.0821,0.7400,,https://www.irs.gov/pub/irs-soi/eo_dc.csv
INTERNATIONAL BAR ASSOCIATION,131660722,irs-eo-bmf-capacity,501(c)(6),democracy,31.5511,0.5679,0.3786,0.3200,,https://www.irs.gov/pub/irs-soi/eo_dc.csv
RECORD INDUSTRY ASSOCIATION OF AMERICA INC,131669037,irs-eo-bmf-capacity,501(c)(6),democracy,37.1375,0.6685,0.4457,0.3200,,https://www.irs.gov/pub/irs-soi/eo_dc.csv
MAX & VICTORIA DREYFUS FOUNDATION,131687573,irs-eo-bmf-capacity,501(c)(3),democracy,4.7815,0.0143,0.0574,0.7400,,https://www.irs.gov/pub/irs-soi/eo_dc.csv
NATIONAL PHARMACEUTICAL COUNCIL INC,131772100,irs-eo-bmf-capacity,501(c)(6),democracy,10.9258,0.1967,0.1311,0.3200,,https://www.irs.gov/pub/irs-soi/eo_dc.csv
NATIONAL IMMIGRATION FORUM INC,131776711,irs-eo-bmf-capacity,501(c)(3),democracy,3.8856,0.0117,0.0466,0.7400,,https://www.irs.gov/pub/irs-soi/eo_dc.csv
PUBLIC AFFAIRS COUNCIL INC,131790733,irs-eo-bmf-capacity,501(c)(4),democracy,7.6831,0.1921,0.0922,0.2000,,https://www.irs.gov/pub/irs-soi/eo_dc.csv
AMERICAN IRON AND STEEL INSTITUTE,131832448,irs-eo-bmf-capacity,501(c)(6),democracy,8.0441,0.1448,0.0965,0.3200,,https://www.irs.gov/pub/irs-soi/eo_dc.csv
NAFSA ASSOCIATION OF INTERNATIONAL EDUCATORS,131878953,irs-eo-bmf-capacity,501(c)(3),democracy,19.4772,0.0584,0.2337,0.7400,,https://www.irs.gov/pub/irs-soi/eo_dc.csv
HUDSON INSTITUTE INC,131945157,irs-eo-bmf-capacity,501(c)(3),democracy,22.6839,0.0681,0.2722,0.7400,,https://www.irs.gov/pub/irs-soi/eo_dc.csv
COUNCIL OF INSURANCE AGENTS & BROKERS,131952497,irs-eo-bmf-capacity,501(c)(6),finance,29.3841,0.5289,0.3526,0.3200,,https://www.irs.gov/pub/irs-soi/eo_dc.csv
INFORMATION TECHNOLOGY INDUSTRY COUNCIL LTD,131954338,irs-eo-bmf-capacity,501(c)(6),technology,22.2218,0.4000,0.2667,0.3200,,https://www.irs.gov/pub/irs-soi/eo_dc.csv
EXECUTIVE COUNCIL ON DIPLOMACY INC,132507397,irs-eo-bmf-capacity,501(c)(3),democracy,0.2351,0.0007,0.0028,0.7400,,https://www.irs.gov/pub/irs-soi/eo_dc.csv
SEXUALITY INFORMATION AND EDUCATION COUNCIL OF THE UNITED STATES INC,132508249,irs-eo-bmf-capacity,501(c)(3),democracy,0.4643,0.0014,0.0056,0.7400,,https://www.irs.gov/pub/irs-soi/eo_dc.csv
ROBERT F KENNEDY CENTER FOR JUSTICE AND HUMAN RIGHTS,132522784,irs-eo-bmf-capacity,501(c)(3),democracy,12.3211,0.0370,0.1479,0.7400,,https://www.irs.gov/pub/irs-soi/eo_dc.csv
A PHILIP RANDOLPH INSTITUTE INC,132548181,irs-eo-bmf-capacity,501(c)(4),democracy,3.0742,0.0769,0.0369,0.2000,,https://www.irs.gov/pub/irs-soi/eo_dc.csv
NATIONAL COUNCIL ON INTERNATIONAL TRADE DEVELOPMENT,132595386,irs-eo-bmf-capacity,501(c)(6),democracy,0.1478,0.0027,0.0018,0.3200,,https://www.irs.gov/pub/irs-soi/eo_dc.csv
CRUISE LINES INTERNATIONAL ASSOCIATION INC,132600946,irs-eo-bmf-capacity,501(c)(6),democracy,37.1584,0.6689,0.4459,0.3200,,https://www.irs.gov/pub/irs-soi/eo_dc.csv
ACTION ON SMOKING & HEALTH,132603590,irs-eo-bmf-capacity,501(c)(3),democracy,0.5893,0.0018,0.0071,0.7400,,https://www.irs.gov/pub/irs-soi/eo_dc.csv
NATIONAL CENTER ON SEXUAL EXPLOITATION INC,132608326,irs-eo-bmf-capacity,501(c)(3),democracy,5.6579,0.0170,0.0679,0.7400,,https://www.irs.gov/pub/irs-soi/eo_dc.csv
SUGAR ASSOCIATION INC,132614920,irs-eo-bmf-capacity,501(c)(6),democracy,4.7601,0.0857,0.0571,0.3200,,https://www.irs.gov/pub/irs-soi/eo_dc.csv
ASPIRA ASSOCIATION INC,132627568,irs-eo-bmf-capacity,501(c)(3),democracy,1.1649,0.0035,0.0140,0.7400,,https://www.irs.gov/pub/irs-soi/eo_dc.csv
FRIENDS OF THE EARTH-ACTION-INC,132644641,irs-eo-bmf-capacity,501(c)(4),democracy,1.2706,0.0318,0.0152,0.2000,,https://www.irs.gov/pub/irs-soi/eo_dc.csv
ASSOCIATION OF AMERICAN PUBLISHERS INC,132660200,irs-eo-bmf-capacity,501(c)(6),democracy,18.9414,0.3409,0.2273,0.3200,,https://www.irs.gov/pub/irs-soi/eo_dc.csv
ARCA FOUNDATION,132751798,irs-eo-bmf-capacity,501(c)(3),democracy,14.6282,0.0439,0.1755,0.7400,,https://www.irs.gov/pub/irs-soi/eo_dc.csv
NATIONAL LGBTQ TASK FORCE ACTION FUND INC,132772832,irs-eo-bmf-capacity,501(c)(4),democracy,0.1964,0.0049,0.0024,0.2000,,https://www.irs.gov/pub/irs-soi/eo_dc.csv
NATIONAL ASSOCIATION OF BLACK,132779773,irs-eo-bmf-capacity,501(c)(3),democracy,0.7657,0.0023,0.0092,0.7400,,https://www.irs.gov/pub/irs-soi/eo_dc.csv
AMERICAN SOCIETY OF INTERIOR DESIGNERS EDUCATIONAL FOUNDATION I,132852954,irs-eo-bmf-capacity,501(c)(3),democracy,0.3622,0.0011,0.0043,0.7400,,https://www.irs.gov/pub/irs-soi/eo_dc.csv
NATIONAL COUNCIL FOR GEOCOSMIC RESEARCH INC,132874452,irs-eo-bmf-capacity,501(c)(3),democracy,0.1346,0.0004,0.0016,0.7400,,https://www.irs.gov/pub/irs-soi/eo_dc.csv
NATIONAL CENTER FOR LEARNING DISABILITIES INC,132899381,irs-eo-bmf-capacity,501(c)(3),democracy,3.1111,0.0093,0.0373,0.7400,,https://www.irs.gov/pub/irs-soi/eo_dc.csv
INSIGHTS ASSOCIATION INC,132942996,irs-eo-bmf-capacity,501(c)(6),democracy,5.0465,0.0908,0.0606,0.3200,,https://www.irs.gov/pub/irs-soi/eo_dc.csv
NATIONAL ASSOCIATION OF SECURITY CO INC,133005663,irs-eo-bmf-capacity,501(c)(6),democracy,0.7469,0.0134,0.0090,0.3200,,https://www.irs.gov/pub/irs-soi/eo_dc.csv
NATIONAL FOREIGN TRADE COUNCIL FOUNDATION INC,133013090,irs-eo-bmf-capacity,501(c)(3),democracy,0.8230,0.0025,0.0099,0.7400,,https://www.irs.gov/pub/irs-soi/eo_dc.csv
NATIONAL YOUTH EMPLOYMENT COALITION INC,133031098,irs-eo-bmf-capacity,501(c)(3),democracy,1.0408,0.0031,0.0125,0.7400,,https://www.irs.gov/pub/irs-soi/eo_dc.csv
OLMSTED NETWORK INC,133052765,irs-eo-bmf-capacity,501(c)(3),democracy,0.5393,0.0016,0.0065,0.7400,,https://www.irs.gov/pub/irs-soi/eo_dc.csv
UNITED STATES JAPAN FOUNDATION,133054425,irs-eo-bmf-capacity,501(c)(3),democracy,14.1891,0.0426,0.1703,0.7400,,https://www.irs.gov/pub/irs-soi/eo_dc.csv
PEOPLE FOR THE AMERICAN WAY FOUNDATION,133065716,irs-eo-bmf-capacity,501(c)(3),democracy,5.5843,0.0168,0.0670,0.7400,,https://www.irs.gov/pub/irs-soi/eo_dc.csv
THE CIESLA FOUNDATION INC,133098494,irs-eo-bmf-capacity,501(c)(3),democracy,0.9043,0.0027,0.0109,0.7400,,https://www.irs.gov/pub/irs-soi/eo_dc.csv
NATIONAL CRIME PREVENTION COUNCIL INC,133129302,irs-eo-bmf-capacity,501(c)(3),democracy,1.2273,0.0037,0.0147,0.7400,,https://www.irs.gov/pub/irs-soi/eo_dc.csv
ALLIANCE FOR TELECOMMUNICATIONS INDUSTRY SOLUTIONS,133182027,irs-eo-bmf-capacity,501(c)(6),technology,11.2485,0.2025,0.1350,0.3200,,https://www.irs.gov/pub/irs-soi/eo_dc.csv
NATIONAL ASSOCIATION OF NURSE PRACTITIONERS IN WOMENS HEALTH INC,133216405,irs-eo-bmf-capacity,501(c)(3),democracy,3.0574,0.0092,0.0367,0.7400,,https://www.irs.gov/pub/irs-soi/eo_dc.csv
GLOBAL BUSINESS ALLIANCE INC,133218529,irs-eo-bmf-capacity,501(c)(6),democracy,7.2199,0.1300,0.0866,0.3200,,https://www.irs.gov/pub/irs-soi/eo_dc.csv
US-ASEAN BUSINESS COUNCIL INSTITUTE INC,133218841,irs-eo-bmf-capacity,501(c)(3),democracy,0.1399,0.0004,0.0017,0.7400,,https://www.irs.gov/pub/irs-soi/eo_dc.csv
INTERACTION AMERICAN COUNCIL FOR VOLUNTARY INTERNATIONAL ACTION INC,133287064,irs-eo-bmf-capacity,501(c)(3),democracy,9.7184,0.0292,0.1166,0.7400,,https://www.irs.gov/pub/irs-soi/eo_dc.csv
EMANUEL & ANNA WEINSTEIN FOUNDATION,133313447,irs-eo-bmf-capacity,501(c)(3),democracy,0.1780,0.0005,0.0021,0.7400,,https://www.irs.gov/pub/irs-soi/eo_dc.csv
NATIONAL ASSOCIATION OF SECURITIES PROFESSIONALS,133314582,irs-eo-bmf-capacity,501(c)(6),finance,1.1359,0.0204,0.0136,0.3200,,https://www.irs.gov/pub/irs-soi/eo_dc.csv
THE BHUTAN FOUNDATION,133376290,irs-eo-bmf-capacity,501(c)(3),democracy,6.1985,0.0186,0.0744,0.7400,,https://www.irs.gov/pub/irs-soi/eo_dc.csv
INTERNATIONAL BAR ASSOCIATION FOUNDATION INC,133377279,irs-eo-bmf-capacity,501(c)(3),democracy,0.0157,0.0000,0.0002,0.7400,,https://www.irs.gov/pub/irs-soi/eo_dc.csv
INSTITUTE OF MANAGEMENT CONSULTANTS USA INC,133532599,irs-eo-bmf-capacity,501(c)(6),democracy,0.1186,0.0021,0.0014,0.3200,,https://www.irs.gov/pub/irs-soi/eo_dc.csv
SPACE FRONTIER FOUNDATION INC,133542980,irs-eo-bmf-capacity,501(c)(3),democracy,0.1235,0.0004,0.0015,0.7400,,https://www.irs.gov/pub/irs-soi/eo_dc.csv
ECUMENICAL TRUST OF THE WORLD COUNCIL OF CHURCHES AND NATIONAL C,133768272,irs-eo-bmf-capacity,501(c)(3),democracy,0.0125,0.0000,0.0002,0.7400,,https://www.irs.gov/pub/irs-soi/eo_dc.csv
ENTERTAINMENT SOFTWARE ASSOCIATION,133768378,irs-eo-bmf-capacity,501(c)(6),technology,40.7339,0.7332,0.4888,0.3200,,https://www.irs.gov/pub/irs-soi/eo_dc.csv
WORLD FEDERALIST MOVEMENT-INSTITUTE FOR GLOBAL POLICY,133823538,irs-eo-bmf-capacity,501(c)(3),democracy,0.3076,0.0009,0.0037,0.7400,,https://www.irs.gov/pub/irs-soi/eo_dc.csv
SWEDISH-AMERICAN CHAMBER OF COMMERCE OF THE USA INC,133871781,irs-eo-bmf-capacity,501(c)(6),democracy,0.6905,0.0124,0.0083,0.3200,,https://www.irs.gov/pub/irs-soi/eo_dc.csv
MINORITY CORPORATE COUNSEL ASSOCIATION INC,133920905,irs-eo-bmf-capacity,501(c)(3),democracy,4.8387,0.0145,0.0581,0.7400,,https://www.irs.gov/pub/irs-soi/eo_dc.csv
UNITED STATES SENATE YOUTH ALUMNI ASSOCIATION,133962186,irs-eo-bmf-capacity,501(c)(3),democracy,0.0047,0.0000,0.0001,0.7400,,https://www.irs.gov/pub/irs-soi/eo_dc.csv
LATIN AMERICAN AND CARIBBEAN ECONOMIC ASSOCIATION,133999267,irs-eo-bmf-capacity,501(c)(3),democracy,0.2430,0.0007,0.0029,0.7400,,https://www.irs.gov/pub/irs-soi/eo_dc.csv
HFPA FOUNDATION INC,134036353,irs-eo-bmf-capacity,501(c)(3),democracy,0.0875,0.0003,0.0010,0.7400,,https://www.irs.gov/pub/irs-soi/eo_dc.csv
CENTER FOR KHMER STUDIES INC,134044429,irs-eo-bmf-capacity,501(c)(3),democracy,0.6661,0.0020,0.0080,0.7400,,https://www.irs.gov/pub/irs-soi/eo_dc.csv
ENFRANCHISEMENT FOUNDATION,134055747,irs-eo-bmf-capacity,501(c)(3),democracy,2.0416,0.0061,0.0245,0.7400,,https://www.irs.gov/pub/irs-soi/eo_dc.csv
CHAMBER DANCE PROJECT,134109515,irs-eo-bmf-capacity,501(c)(3),democracy,0.6339,0.0019,0.0076,0.7400,,https://www.irs.gov/pub/irs-soi/eo_dc.csv
THE NATHAN SETER FOUNDATION,134150736,irs-eo-bmf-capacity,501(c)(3),democracy,12.5710,0.0377,0.1509,0.7400,,https://www.irs.gov/pub/irs-soi/eo_dc.csv
FOUNDATION FOR THE DEFENSE OF DEMOCRACIES INC,134174402,irs-eo-bmf-capacity,501(c)(3),procurement,32.5386,0.0976,0.3905,0.7400,,https://www.irs.gov/pub/irs-soi/eo_dc.csv
NATIONAL GAY & LESBIAN CHAMBER OF COMMERCE,134219714,irs-eo-bmf-capacity,501(c)(6),democracy,10.7697,0.1939,0.1292,0.3200,,https://www.irs.gov/pub/irs-soi/eo_dc.csv
LUBUTO LIBRARY PROJECT INC,134294962,irs-eo-bmf-capacity,501(c)(3),democracy,0.8577,0.0026,0.0103,0.7400,,https://www.irs.gov/pub/irs-soi/eo_dc.csv
HUMAN RIGHTS LAW PROJECT,134317297,irs-eo-bmf-capacity,501(c)(3),democracy,0.2579,0.0008,0.0031,0.7400,,https://www.irs.gov/pub/irs-soi/eo_dc.csv
INVESTIGATIVE PROJECT ON TERRORISM FOUNDATION,134331855,irs-eo-bmf-capacity,501(c)(3),democracy,1.7145,0.0051,0.0206,0.7400,,https://www.irs.gov/pub/irs-soi/eo_dc.csv
AMERICAN SPICE TRADE ASSOCIATION INC,134924480,irs-eo-bmf-capacity,501(c)(6),democracy,2.6120,0.0470,0.0313,0.3200,,https://www.irs.gov/pub/irs-soi/eo_dc.csv
INVESTMENT COMPANY INSTITUTE,135266605,irs-eo-bmf-capacity,501(c)(6),democracy,83.1745,1.4971,0.9981,0.3200,,https://www.irs.gov/pub/irs-soi/eo_dc.csv
AMERICAN ASSOCIATION OF EXPORTERS & IMPORTERS,135266640,irs-eo-bmf-capacity,501(c)(6),democracy,1.2662,0.0228,0.0152,0.3200,,https://www.irs.gov/pub/irs-soi/eo_dc.csv
NATIONAL FOREIGN TRADE COUNCIL INC,135266965,irs-eo-bmf-capacity,501(c)(6),democracy,4.1487,0.0747,0.0498,0.3200,,https://www.irs.gov/pub/irs-soi/eo_dc.csv
AMERICAN SOCIOLOGICAL ASSOCIATION,135626343,irs-eo-bmf-capacity,501(c)(3),democracy,8.3638,0.0251,0.1004,0.7400,,https://www.irs.gov/pub/irs-soi/eo_dc.csv
AMERICAN COLLEGE OF CARDIOLOGY FOUNDATION,135641985,irs-eo-bmf-capacity,501(c)(3),democracy,125.8313,0.3775,1.5100,0.7400,,https://www.irs.gov/pub/irs-soi/eo_dc.csv
FUTURES INDUSTRY ASSOCIATION,135642275,irs-eo-bmf-capacity,501(c)(6),democracy,36.0792,0.6494,0.4330,0.3200,,https://www.irs.gov/pub/irs-soi/eo_dc.csv
NATIONAL ASSOCIATION OF SOCIAL WORKERS INC,135643515,irs-eo-bmf-capacity,501(c)(6),democracy,38.1554,0.6868,0.4579,0.3200,,https://www.irs.gov/pub/irs-soi/eo_dc.csv
ANIMAL WELFARE INSTITUTE,135655952,irs-eo-bmf-capacity,501(c)(3),democracy,6.1708,0.0185,0.0740,0.7400,,https://www.irs.gov/pub/irs-soi/eo_dc.csv
COUNCIL ON FOUNDATIONS INC,136068327,irs-eo-bmf-capacity,501(c)(3),democracy,12.9339,0.0388,0.1552,0.7400,,https://www.irs.gov/pub/irs-soi/eo_dc.csv
RICHARD LOUNSBERY FOUNDATION INC,136081860,irs-eo-bmf-capacity,501(c)(3),democracy,17.2141,0.0516,0.2066,0.7400,,https://www.irs.gov/pub/irs-soi/eo_dc.csv
THE GREENWALL FOUNDATION,136082277,irs-eo-bmf-capacity,501(c)(3),democracy,4.8416,0.0145,0.0581,0.7400,,https://www.irs.gov/pub/irs-soi/eo_dc.csv
JOSEPH P KENNEDY JR FOUNDATION,136083407,irs-eo-bmf-capacity,501(c)(3),democracy,13.9509,0.0419,0.1674,0.7400,,https://www.irs.gov/pub/irs-soi/eo_dc.csv
AHLA FOUNDATION INC,136095316,irs-eo-bmf-capacity,501(c)(3),democracy,5.4692,0.0164,0.0656,0.7400,,https://www.irs.gov/pub/irs-soi/eo_dc.csv
MCINTOSH FOUNDATION,136096459,irs-eo-bmf-capacity,501(c)(3),democracy,7.8348,0.0235,0.0940,0.7400,,https://www.irs.gov/pub/irs-soi/eo_dc.csv
CORLETTE GLORNEY FOUNDATION INC,136104151,irs-eo-bmf-capacity,501(c)(3),democracy,0.9187,0.0028,0.0110,0.7400,,https://www.irs.gov/pub/irs-soi/eo_dc.csv
FINANCIAL SERVICE CENTERS OF NEW YORK INC A TRADE ASSOCIATION,136110520,irs-eo-bmf-capacity,501(c)(6),democracy,0.4440,0.0080,0.0053,0.3200,,https://www.irs.gov/pub/irs-soi/eo_dc.csv
GUIDE FOUNDATION INC,136113609,irs-eo-bmf-capacity,501(c)(3),democracy,0.4706,0.0014,0.0056,0.7400,,https://www.irs.gov/pub/irs-soi/eo_dc.csv
THE NASW FOUNDATION INC,136128093,irs-eo-bmf-capacity,501(c)(3),democracy,2.7442,0.0082,0.0329,0.7400,,https://www.irs.gov/pub/irs-soi/eo_dc.csv
INVESTMENT ADVISER ASSOCIATION,136130873,irs-eo-bmf-capacity,501(c)(6),democracy,7.2079,0.1297,0.0865,0.3200,,https://www.irs.gov/pub/irs-soi/eo_dc.csv
NATIONAL ASSOCIATION FOR BUSINESS ECONOMICS,136133105,irs-eo-bmf-capacity,501(c)(6),democracy,2.3211,0.0418,0.0279,0.3200,,https://www.irs.gov/pub/irs-soi/eo_dc.csv
INSTITUTE OF ANDEAN RESEARCH INC,136138268,irs-eo-bmf-capacity,501(c)(3),democracy,0.0167,0.0001,0.0002,0.7400,,https://www.irs.gov/pub/irs-soi/eo_dc.csv
WILLIAM J GIES FOUNDATION FOR THE ADVANCEMENT OF DENTISTRY INC,136143845,irs-eo-bmf-capacity,501(c)(3),democracy,0.4112,0.0012,0.0049,0.7400,,https://www.irs.gov/pub/irs-soi/eo_dc.csv
CHEESE IMPORTERS ASSOCIATION OF AMERICA INC,136162023,irs-eo-bmf-capacity,501(c)(6),democracy,1.0792,0.0194,0.0130,0.3200,,https://www.irs.gov/pub/irs-soi/eo_dc.csv
AMERICAN ASSOCIATION OF COSMETOLOGY SCHOOLS INC,136163824,irs-eo-bmf-capacity,501(c)(6),democracy,2.6449,0.0476,0.0317,0.3200,,https://www.irs.gov/pub/irs-soi/eo_dc.csv
MEAT IMPORT COUNCIL OF AMERICA INC,136174442,irs-eo-bmf-capacity,501(c)(6),democracy,0.9342,0.0168,0.0112,0.3200,,https://www.irs.gov/pub/irs-soi/eo_dc.csv
UNITED STATES ENERGY ASSOCIATION INC,136219869,irs-eo-bmf-capacity,501(c)(3),energy,15.9552,0.0479,0.1915,0.7400,,https://www.irs.gov/pub/irs-soi/eo_dc.csv
INDEPENDENT BAKERS ASSOCIATION INC,136271761,irs-eo-bmf-capacity,501(c)(6),democracy,0.0957,0.0017,0.0011,0.3200,,https://www.irs.gov/pub/irs-soi/eo_dc.csv
WESSEL FOUNDATION,136277807,irs-eo-bmf-capacity,501(c)(3),democracy,0.0466,0.0001,0.0006,0.7400,,https://www.irs.gov/pub/irs-soi/eo_dc.csv
TUDOR PLACE FOUNDATION INC TR 1 P-02965-00-5,136856081,irs-eo-bmf-capacity,501(c)(3),democracy,0.2813,0.0008,0.0034,0.7400,,https://www.irs.gov/pub/irs-soi/eo_dc.csv
WHISPERING BELLS FOUNDATION CHARITABLE TR UA 122690,136962126,irs-eo-bmf-capacity,501(c)(3),democracy,1.8982,0.0057,0.0228,0.7400,,https://www.irs.gov/pub/irs-soi/eo_dc.csv
NATIONAL ASSOCIATION OF GOVERNMENT ARCHIVES AND RECORDS ADMINISTRATIO,141665466,irs-eo-bmf-capacity,501(c)(6),democracy,0.5935,0.0107,0.0071,0.3200,,https://www.irs.gov/pub/irs-soi/eo_dc.csv
INSTITUTE FOR HUMANIST STUDIES INC,141816621,irs-eo-bmf-capacity,501(c)(3),democracy,0.0140,0.0000,0.0002,0.7400,,https://www.irs.gov/pub/irs-soi/eo_dc.csv
ALLIANCE FOR PEACEBUILDING,141870482,irs-eo-bmf-capacity,501(c)(3),democracy,1.3116,0.0039,0.0157,0.7400,,https://www.irs.gov/pub/irs-soi/eo_dc.csv
PROJECT ON MIDDLE EAST DEMOCRACY INC,141952056,irs-eo-bmf-capacity,501(c)(3),democracy,0.6002,0.0018,0.0072,0.7400,,https://www.irs.gov/pub/irs-soi/eo_dc.csv
CALVARY BIBLE INSTITUTE INC,141978848,irs-eo-bmf-capacity,501(c)(3),democracy,0.3175,0.0010,0.0038,0.7400,,https://www.irs.gov/pub/irs-soi/eo_dc.csv
AUTM FOUNDATION,142000899,irs-eo-bmf-capacity,501(c)(3),democracy,0.1755,0.0005,0.0021,0.7400,,https://www.irs.gov/pub/irs-soi/eo_dc.csv
INTER SOCIETY COLOR COUNCIL,146021344,irs-eo-bmf-capacity,501(c)(6),democracy,0.0072,0.0001,0.0001,0.3200,,https://www.irs.gov/pub/irs-soi/eo_dc.csv
CUSHMAN FOUNDATION FOR FORAMINIFERAL RESEARCH INC,150616972,irs-eo-bmf-capacity,501(c)(3),democracy,0.2866,0.0009,0.0034,0.7400,,https://www.irs.gov/pub/irs-soi/eo_dc.csv
MATHEMATICAL ASSOCIATION OF AMERICA INCORPORATED,160743079,irs-eo-bmf-capacity,501(c)(3),democracy,7.9850,0.0240,0.0958,0.7400,,https://www.irs.gov/pub/irs-soi/eo_dc.csv
NATIONAL ASSOCIATION OF COUNCILS ON DEVELOPMENTAL DISABILITIES,161646154,irs-eo-bmf-capacity,501(c)(3),democracy,1.9665,0.0059,0.0236,0.7400,,https://www.irs.gov/pub/irs-soi/eo_dc.csv
HOME ROOTS FOUNDATION,161668954,irs-eo-bmf-capacity,501(c)(3),democracy,0.0435,0.0001,0.0005,0.7400,,https://www.irs.gov/pub/irs-soi/eo_dc.csv
EVENTS INDUSTRY COUNCIL FOUNDATION,161671882,irs-eo-bmf-capacity,501(c)(3),democracy,0.0330,0.0001,0.0004,0.7400,,https://www.irs.gov/pub/irs-soi/eo_dc.csv
RENEW MASSACHUSETTS COALITION FOUNDATION INC,161698640,irs-eo-bmf-capacity,501(c)(3),democracy,0.1038,0.0003,0.0012,0.7400,,https://www.irs.gov/pub/irs-soi/eo_dc.csv
ASCHIANA FOUNDATION,161710829,irs-eo-bmf-capacity,501(c)(3),democracy,0.0665,0.0002,0.0008,0.7400,,https://www.irs.gov/pub/irs-soi/eo_dc.csv
ROBERT BRENT PARENT TEACHER ASSOCIATION,161713470,irs-eo-bmf-capacity,501(c)(3),democracy,0.3426,0.0010,0.0041,0.7400,,https://www.irs.gov/pub/irs-soi/eo_dc.csv
SAMS FOUNDATION,161717058,irs-eo-bmf-capacity,501(c)(3),democracy,61.3960,0.1842,0.7368,0.7400,,https://www.irs.gov/pub/irs-soi/eo_dc.csv
AMERICAN GREAT LAKES PORTS ASSOCIATION INC,200050293,irs-eo-bmf-capacity,501(c)(6),democracy,0.5823,0.0105,0.0070,0.3200,,https://www.irs.gov/pub/irs-soi/eo_dc.csv
PET FOOD INSTITUTE,200055176,irs-eo-bmf-capacity,501(c)(6),democracy,5.5870,0.1006,0.0670,0.3200,,https://www.irs.gov/pub/irs-soi/eo_dc.csv
MURRAY BOWEN ARCHIVES PROJECT,200080992,irs-eo-bmf-capacity,501(c)(3),democracy,0.0497,0.0001,0.0006,0.7400,,https://www.irs.gov/pub/irs-soi/eo_dc.csv
MARY CATHERINE KILDAY & GEORGE W MALZONE FOUNDATION,200095313,irs-eo-bmf-capacity,501(c)(3),democracy,0.2534,0.0008,0.0030,0.7400,,https://www.irs.gov/pub/irs-soi/eo_dc.csv
STUDENT NATIONAL MEDICAL ASSOCIATION INC,200097141,irs-eo-bmf-capacity,501(c)(3),democracy,0.0448,0.0001,0.0005,0.7400,,https://www.irs.gov/pub/irs-soi/eo_dc.csv
JUSTICE POLICY INSTITUTE,200102713,irs-eo-bmf-capacity,501(c)(3),democracy,0.6604,0.0020,0.0079,0.7400,,https://www.irs.gov/pub/irs-soi/eo_dc.csv
MCCLENDON CENTER,200108493,irs-eo-bmf-capacity,501(c)(3),democracy,7.4004,0.0222,0.0888,0.7400,,https://www.irs.gov/pub/irs-soi/eo_dc.csv
METRO DC COMMUNITY CENTER INC,200118307,irs-eo-bmf-capacity,501(c)(3),democracy,1.1774,0.0035,0.0141,0.7400,,https://www.irs.gov/pub/irs-soi/eo_dc.csv
NAWBO INSTITUTE FOR ENTREPRENEURIAL DEVELOPMENT,200218275,irs-eo-bmf-capacity,501(c)(3),democracy,0.5482,0.0016,0.0066,0.7400,,https://www.irs.gov/pub/irs-soi/eo_dc.csv
INTEGRATIVE HEALTHCARE POLICY CONSORTIUM,200219280,irs-eo-bmf-capacity,501(c)(4),democracy,0.0420,0.0011,0.0005,0.2000,,https://www.irs.gov/pub/irs-soi/eo_dc.csv
HOPE FOR HENRY FOUNDATION,200244173,irs-eo-bmf-capacity,501(c)(3),democracy,0.4963,0.0015,0.0060,0.7400,,https://www.irs.gov/pub/irs-soi/eo_dc.csv
NG9-1-1 INSTITUTE,200293876,irs-eo-bmf-capacity,501(c)(3),democracy,0.0950,0.0003,0.0011,0.7400,,https://www.irs.gov/pub/irs-soi/eo_dc.csv
REPUBLICAN GOVERNORS PUBLIC POLICY COMMITTEE,200309803,irs-eo-bmf-capacity,501(c)(4),democracy,2.9845,0.0746,0.0358,0.2000,,https://www.irs.gov/pub/irs-soi/eo_dc.csv
OCULAR MELANOMA FOUNDATION,200355509,irs-eo-bmf-capacity,501(c)(3),democracy,0.1633,0.0005,0.0020,0.7400,,https://www.irs.gov/pub/irs-soi/eo_dc.csv
FUTURE TEACHING INSTITUTE,200371605,irs-eo-bmf-capacity,501(c)(3),democracy,0.5011,0.0015,0.0060,0.7400,,https://www.irs.gov/pub/irs-soi/eo_dc.csv
CENTER FOR POLITICAL ACCOUNTABILITY,200385691,irs-eo-bmf-capacity,501(c)(3),democracy,1.0820,0.0032,0.0130,0.7400,,https://www.irs.gov/pub/irs-soi/eo_dc.csv
CONGRESSIONAL HISPANIC LEADERSHIP INSTITUTE INC,200392012,irs-eo-bmf-capacity,501(c)(3),democracy,1.7194,0.0052,0.0206,0.7400,,https://www.irs.gov/pub/irs-soi/eo_dc.csv
THOMAS JEFFERSON INSTITUTE FOR THE STUDY OF WORLD POLITICS,200399302,irs-eo-bmf-capacity,501(c)(3),democracy,0.4158,0.0012,0.0050,0.7400,,https://www.irs.gov/pub/irs-soi/eo_dc.csv
NATIVE AMERICAN CONTRACTORS ASSOCIATION,200438232,irs-eo-bmf-capacity,501(c)(6),procurement,0.8286,0.0149,0.0099,0.3200,,https://www.irs.gov/pub/irs-soi/eo_dc.csv
NAREIT FOUNDATION,200455984,irs-eo-bmf-capacity,501(c)(3),democracy,0.5677,0.0017,0.0068,0.7400,,https://www.irs.gov/pub/irs-soi/eo_dc.csv
ALLIANCE FOR RETIRED AMERICANS EDUCATIONAL FUND,200475553,irs-eo-bmf-capacity,501(c)(3),democracy,0.0779,0.0002,0.0009,0.7400,,https://www.irs.gov/pub/irs-soi/eo_dc.csv
STATE GOVERNMENT LEADERSHIP FOUNDATION,200505849,irs-eo-bmf-capacity,501(c)(4),democracy,3.5257,0.0881,0.0423,0.2000,,https://www.irs.gov/pub/irs-soi/eo_dc.csv
FINANCIAL SERVICES INSTITUTE INC,200587793,irs-eo-bmf-capacity,501(c)(6),democracy,12.0758,0.2174,0.1449,0.3200,,https://www.irs.gov/pub/irs-soi/eo_dc.csv
APGA RESEARCH FOUNDATION,200654867,irs-eo-bmf-capacity,501(c)(3),democracy,1.2261,0.0037,0.0147,0.7400,,https://www.irs.gov/pub/irs-soi/eo_dc.csv
GLOBAL BUSINESS SCHOOL NETWORK,200670910,irs-eo-bmf-capacity,501(c)(3),democracy,0.8945,0.0027,0.0107,0.7400,,https://www.irs.gov/pub/irs-soi/eo_dc.csv
CHPA EDUCATIONAL FOUNDATION,200689578,irs-eo-bmf-capacity,501(c)(3),democracy,2.0171,0.0061,0.0242,0.7400,,https://www.irs.gov/pub/irs-soi/eo_dc.csv
FEDERATION OF ASSOCIATIONS IN BEHAVIORAL & BRAIN SCIENCES,200702606,irs-eo-bmf-capacity,501(c)(3),democracy,0.3885,0.0012,0.0047,0.7400,,https://www.irs.gov/pub/irs-soi/eo_dc.csv
RAMW EDUCATION FOUNDATION INC,200703265,irs-eo-bmf-capacity,501(c)(3),democracy,0.0512,0.0002,0.0006,0.7400,,https://www.irs.gov/pub/irs-soi/eo_dc.csv
NATIONAL COUNCIL OF TEXTILE ORGANIZATIONS,200767664,irs-eo-bmf-capacity,501(c)(6),democracy,2.8665,0.0516,0.0344,0.3200,,https://www.irs.gov/pub/irs-soi/eo_dc.csv
SKY DRAGON FOUNDATION INC,200852181,irs-eo-bmf-capacity,501(c)(3),democracy,0.0027,0.0000,0.0000,0.7400,,https://www.irs.gov/pub/irs-soi/eo_dc.csv
WEBB FAMILY FOUNDATION,200864199,irs-eo-bmf-capacity,501(c)(3),democracy,25.7967,0.0774,0.3096,0.7400,,https://www.irs.gov/pub/irs-soi/eo_dc.csv
PEW RESEARCH CENTER,200881724,irs-eo-bmf-capacity,501(c)(3),democracy,46.2638,0.1388,0.5552,0.7400,,https://www.irs.gov/pub/irs-soi/eo_dc.csv
FACTION OF FOOLS THEATRE COMPANY INC,201030873,irs-eo-bmf-capacity,501(c)(3),democracy,0.1087,0.0003,0.0013,0.7400,,https://www.irs.gov/pub/irs-soi/eo_dc.csv
PATIENT ACCESS NETWORK FOUNDATION,201184743,irs-eo-bmf-capacity,501(c)(3),democracy,203.0183,0.6091,2.4362,0.7400,,https://www.irs.gov/pub/irs-soi/eo_dc.csv
BGR FOUNDATION INC,201304884,irs-eo-bmf-capacity,501(c)(3),democracy,0.3400,0.0010,0.0041,0.7400,,https://www.irs.gov/pub/irs-soi/eo_dc.csv
NORTH AMERICAN METALS COUNCIL,201320884,irs-eo-bmf-capacity,501(c)(6),democracy,0.1216,0.0022,0.0015,0.3200,,https://www.irs.gov/pub/irs-soi/eo_dc.csv
ENVIRONMENTAL INTEGRITY PROJECT,201326922,irs-eo-bmf-capacity,501(c)(3),energy,6.8667,0.0206,0.0824,0.7400,,https://www.irs.gov/pub/irs-soi/eo_dc.csv
GRAIN FOODS FOUNDATION,201329442,irs-eo-bmf-capacity,501(c)(6),democracy,2.3264,0.0419,0.0279,0.3200,,https://www.irs.gov/pub/irs-soi/eo_dc.csv
AMERICAN BIO-RECOVERY ASSOCIATION,201333381,irs-eo-bmf-capacity,501(c)(6),democracy,0.0401,0.0007,0.0005,0.3200,,https://www.irs.gov/pub/irs-soi/eo_dc.csv
VOTO LATINO FOUNDATION INC,201350252,irs-eo-bmf-capacity,501(c)(3),democracy,7.7537,0.0233,0.0930,0.7400,,https://www.irs.gov/pub/irs-soi/eo_dc.csv
AMERICAN LEGAL FINANCE ASSOCIATION INC,201402214,irs-eo-bmf-capacity,501(c)(6),finance,1.4752,0.0266,0.0177,0.3200,,https://www.irs.gov/pub/irs-soi/eo_dc.csv
AMERICANS FOR THE ARTS ACTION FUND,201427963,irs-eo-bmf-capacity,501(c)(4),democracy,0.4127,0.0103,0.0050,0.2000,,https://www.irs.gov/pub/irs-soi/eo_dc.csv
TRUMAN NATIONAL SECURITY PROJECT INC,201597444,irs-eo-bmf-capacity,501(c)(4),democracy,0.2133,0.0053,0.0026,0.2000,,https://www.irs.gov/pub/irs-soi/eo_dc.csv
SECURING AMERICAS FUTURE ENERGY FOUNDATION,201727977,irs-eo-bmf-capacity,501(c)(3),energy,10.6804,0.0320,0.1282,0.7400,,https://www.irs.gov/pub/irs-soi/eo_dc.csv
SECURING AMERICAS FUTURE ENERGY ALLIANCE INC,201728102,irs-eo-bmf-capacity,501(c)(4),energy,1.0285,0.0257,0.0123,0.2000,,https://www.irs.gov/pub/irs-soi/eo_dc.csv
DOROTHY I HEIGHT EDUCATION FOUNDATION INC,201811068,irs-eo-bmf-capacity,501(c)(3),democracy,0.3326,0.0010,0.0040,0.7400,,https://www.irs.gov/pub/irs-soi/eo_dc.csv
GERMAN AMERICAN BUSINESS COUNCIL INC,201842368,irs-eo-bmf-capacity,501(c)(6),democracy,0.5132,0.0092,0.0062,0.3200,,https://www.irs.gov/pub/irs-soi/eo_dc.csv
CENTER FOR STATE ENFORCEMENT OF ANTITRUST & CONSUMER PROTECTION LA,201994925,irs-eo-bmf-capacity,501(c)(3),democracy,1.2477,0.0037,0.0150,0.7400,,https://www.irs.gov/pub/irs-soi/eo_dc.csv
COALITION TO PROTECT AMERICAS NATIONAL PARKS,202002652,irs-eo-bmf-capacity,501(c)(3),democracy,0.4775,0.0014,0.0057,0.7400,,https://www.irs.gov/pub/irs-soi/eo_dc.csv
WORLD YOUTH LEADERSHIP NETWORK,202019128,irs-eo-bmf-capacity,501(c)(3),democracy,0.1201,0.0004,0.0014,0.7400,,https://www.irs.gov/pub/irs-soi/eo_dc.csv
DC SPORTS & RECREATION ASSOCIATION INC,202109440,irs-eo-bmf-capacity,501(c)(3),democracy,2.0853,0.0063,0.0250,0.7400,,https://www.irs.gov/pub/irs-soi/eo_dc.csv
WIRELESS INTERNET SERVICE PROVIDERS ASSOCIATION,202181498,irs-eo-bmf-capacity,501(c)(6),technology,4.8629,0.0875,0.0584,0.3200,,https://www.irs.gov/pub/irs-soi/eo_dc.csv
GREATER WASHINGTON BUSINESS AVIATION ASSOCIATION INC,202207198,irs-eo-bmf-capacity,501(c)(6),democracy,0.1478,0.0027,0.0018,0.3200,,https://www.irs.gov/pub/irs-soi/eo_dc.csv
D C FIREFIGHTERS BURN FOUNDATION,202220579,irs-eo-bmf-capacity,501(c)(3),democracy,0.4883,0.0015,0.0059,0.7400,,https://www.irs.gov/pub/irs-soi/eo_dc.csv
AMERICAN DEMOCRACY INSTITUTE INC,202305292,irs-eo-bmf-capacity,501(c)(3),democracy,0.7211,0.0022,0.0087,0.7400,,https://www.irs.gov/pub/irs-soi/eo_dc.csv
THE CATHOLIC ASSOCIATION FOUNDATION,202387967,irs-eo-bmf-capacity,501(c)(3),democracy,5.9186,0.0178,0.0710,0.7400,,https://www.irs.gov/pub/irs-soi/eo_dc.csv
AMERICAN ACADEMY OF HIV MEDICINE FOUNDATION,202427863,irs-eo-bmf-capacity,501(c)(3),democracy,1.0464,0.0031,0.0126,0.7400,,https://www.irs.gov/pub/irs-soi/eo_dc.csv
WORLD FEDERALIST ASSOCIATION ENDOWMENT FUND TRUST,202478076,irs-eo-bmf-capacity,501(c)(3),democracy,0.1235,0.0004,0.0015,0.7400,,https://www.irs.gov/pub/irs-soi/eo_dc.csv
OCEAN CARRIER EQUIPMENT MANAGEMENT ASSOCIATION INC,202563404,irs-eo-bmf-capacity,501(c)(6),democracy,0.6603,0.0119,0.0079,0.3200,,https://www.irs.gov/pub/irs-soi/eo_dc.csv
US-LIBYA BUSINESS COUNCIL,202569685,irs-eo-bmf-capacity,501(c)(6),democracy,0.0500,0.0009,0.0006,0.3200,,https://www.irs.gov/pub/irs-soi/eo_dc.csv
NATIONAL ASSOCIATION FOR SCHOOL- UNIVERSITY PARTNERSHIPS,202579134,irs-eo-bmf-capacity,501(c)(3),democracy,0.2933,0.0009,0.0035,0.7400,,https://www.irs.gov/pub/irs-soi/eo_dc.csv
COLD FINISHED STEEL BAR INSTITUTE NFP,202683139,irs-eo-bmf-capacity,501(c)(6),democracy,0.1090,0.0020,0.0013,0.3200,,https://www.irs.gov/pub/irs-soi/eo_dc.csv
UNRWA USA NATIONAL COMMITTEE INC,202714426,irs-eo-bmf-capacity,501(c)(3),democracy,51.4951,0.1545,0.6179,0.7400,,https://www.irs.gov/pub/irs-soi/eo_dc.csv
APGA SECURITY AND INTEGRITY FOUNDATION,202756145,irs-eo-bmf-capacity,501(c)(3),democracy,0.4823,0.0014,0.0058,0.7400,,https://www.irs.gov/pub/irs-soi/eo_dc.csv
THE HILLSIDE FOUNDATION,202787879,irs-eo-bmf-capacity,501(c)(3),democracy,3.1254,0.0094,0.0375,0.7400,,https://www.irs.gov/pub/irs-soi/eo_dc.csv
COASTAL STATES STEWARDSHIP FOUNDATION,202790697,irs-eo-bmf-capacity,501(c)(3),democracy,6.7065,0.0201,0.0805,0.7400,,https://www.irs.gov/pub/irs-soi/eo_dc.csv
ALLIANCE TO END HUNGER,202803848,irs-eo-bmf-capacity,501(c)(3),democracy,1.7244,0.0052,0.0207,0.7400,,https://www.irs.gov/pub/irs-soi/eo_dc.csv
IMMIGRANT INVESTORS ASSOCIATION INC,202897226,irs-eo-bmf-capacity,501(c)(6),democracy,2.5348,0.0456,0.0304,0.3200,,https://www.irs.gov/pub/irs-soi/eo_dc.csv
AMERICAN CAR RENTAL ASSOCIATION,203027881,irs-eo-bmf-capacity,501(c)(6),democracy,0.6443,0.0116,0.0077,0.3200,,https://www.irs.gov/pub/irs-soi/eo_dc.csv
INTERNATIONAL COUNCIL ON CLEAN TRANSPORTATION,203076690,irs-eo-bmf-capacity,501(c)(3),democracy,22.2925,0.0669,0.2675,0.7400,,https://www.irs.gov/pub/irs-soi/eo_dc.csv
SYLVAN C HERMAN FOUNDATION INC,203265230,irs-eo-bmf-capacity,501(c)(3),democracy,35.0708,0.1052,0.4208,0.7400,,https://www.irs.gov/pub/irs-soi/eo_dc.csv
ASSOCIATION OF ASSISTIVE TECHNOLOGY ACT PROGRAMS,203310936,irs-eo-bmf-capacity,501(c)(3),technology,0.9362,0.0028,0.0112,0.7400,,https://www.irs.gov/pub/irs-soi/eo_dc.csv
CENTER FOR DEMOCRACY AND DEVELOPMENT IN THE AMERICAS INC,203338874,irs-eo-bmf-capacity,501(c)(3),democracy,0.1807,0.0005,0.0022,0.7400,,https://www.irs.gov/pub/irs-soi/eo_dc.csv
HOMELESS CHILDRENS PLAYTIME PROJECT INC,203380456,irs-eo-bmf-capacity,501(c)(3),democracy,1.1944,0.0036,0.0143,0.7400,,https://www.irs.gov/pub/irs-soi/eo_dc.csv
INTERNATIONAL BIOMEDICAL RESEARCH ALLIANCE,203382296,irs-eo-bmf-capacity,501(c)(3),democracy,0.2926,0.0009,0.0035,0.7400,,https://www.irs.gov/pub/irs-soi/eo_dc.csv
FUTURE OF PLASTICS FOUNDATION,203492339,irs-eo-bmf-capacity,501(c)(3),democracy,0.0025,0.0000,0.0000,0.7400,,https://www.irs.gov/pub/irs-soi/eo_dc.csv
INSTITUTE FOR FREE SPEECH,203676886,irs-eo-bmf-capacity,501(c)(3),democracy,3.7271,0.0112,0.0447,0.7400,,https://www.irs.gov/pub/irs-soi/eo_dc.csv
RIGHTS AND RESOURCES INSTITUTE INC,203690821,irs-eo-bmf-capacity,501(c)(3),democracy,7.1548,0.0215,0.0859,0.7400,,https://www.irs.gov/pub/irs-soi/eo_dc.csv
KAMAL FOUNDATION INC,203707784,irs-eo-bmf-capacity,501(c)(3),democracy,0.1793,0.0005,0.0022,0.7400,,https://www.irs.gov/pub/irs-soi/eo_dc.csv
CONGRESSIONAL PROGRESSIVE CAUCUS CENTER,203714244,irs-eo-bmf-capacity,501(c)(3),democracy,2.9779,0.0089,0.0357,0.7400,,https://www.irs.gov/pub/irs-soi/eo_dc.csv
FAIRCLIFF PLAZA WEST COMMUNITY CENTER ASSOCIATION,203735975,irs-eo-bmf-capacity,501(c)(3),democracy,0.0222,0.0001,0.0003,0.7400,,https://www.irs.gov/pub/irs-soi/eo_dc.csv
ASSOCIATION FOR CONSUMER DEBT RELIEF,203796648,irs-eo-bmf-capacity,501(c)(6),democracy,6.5369,0.1177,0.0784,0.3200,,https://www.irs.gov/pub/irs-soi/eo_dc.csv
THE HISPANIC INSTITUTE INC,203819517,irs-eo-bmf-capacity,501(c)(3),democracy,0.1998,0.0006,0.0024,0.7400,,https://www.irs.gov/pub/irs-soi/eo_dc.csv
INDUSTRY COUNCIL FOR EMERGENCY RESPONSE TECHNOLOGIES INC,203878470,irs-eo-bmf-capacity,501(c)(6),democracy,0.3710,0.0067,0.0045,0.3200,,https://www.irs.gov/pub/irs-soi/eo_dc.csv
NATIONAL ALLIANCE OF BLACK SCHOOLEDUCATORS FOUNDATION INC,203922474,irs-eo-bmf-capacity,501(c)(3),democracy,0.1242,0.0004,0.0015,0.7400,,https://www.irs.gov/pub/irs-soi/eo_dc.csv
LEX MUNDI PRO BONO FOUNDATION,203925475,irs-eo-bmf-capacity,501(c)(3),democracy,0.2573,0.0008,0.0031,0.7400,,https://www.irs.gov/pub/irs-soi/eo_dc.csv
JOHN AND SARAH FREEMAN FOUNDATIONINC,203939119,irs-eo-bmf-capacity,501(c)(3),democracy,0.1054,0.0003,0.0013,0.7400,,https://www.irs.gov/pub/irs-soi/eo_dc.csv
INTERNATIONAL CIVIL SOCIETY ACTIONNETWORK INC,203951175,irs-eo-bmf-capacity,501(c)(3),democracy,5.7917,0.0174,0.0695,0.7400,,https://www.irs.gov/pub/irs-soi/eo_dc.csv
AMERICAN SECURITY PROJECT,204079553,irs-eo-bmf-capacity,501(c)(3),democracy,1.6624,0.0050,0.0199,0.7400,,https://www.irs.gov/pub/irs-soi/eo_dc.csv
THE NATIONAL ALLIANCE TO ADVANCE ADOLESCENT HEALTH,204145524,irs-eo-bmf-capacity,501(c)(3),democracy,0.9428,0.0028,0.0113,0.7400,,https://www.irs.gov/pub/irs-soi/eo_dc.csv
OSGOOD CENTER FOR INTERNATIONALSTUDIES INC,204166786,irs-eo-bmf-capacity,501(c)(3),democracy,0.1988,0.0006,0.0024,0.7400,,https://www.irs.gov/pub/irs-soi/eo_dc.csv
NATIONAL DISABILITY INSTITUTE INC,204205838,irs-eo-bmf-capacity,501(c)(3),democracy,12.4964,0.0375,0.1500,0.7400,,https://www.irs.gov/pub/irs-soi/eo_dc.csv
NEW MIGHTY FOUNDATION,204282979,irs-eo-bmf-capacity,501(c)(3),democracy,1.0068,0.0030,0.0121,0.7400,,https://www.irs.gov/pub/irs-soi/eo_dc.csv
PAULSON CHARITABLE FOUNDATION INC,204395152,irs-eo-bmf-capacity,501(c)(3),democracy,0.1142,0.0003,0.0014,0.7400,,https://www.irs.gov/pub/irs-soi/eo_dc.csv
INFORMATION TECHNOLOGY ANDINNOVATION FOUNDATION,204403497,irs-eo-bmf-capacity,501(c)(3),technology,5.8048,0.0174,0.0697,0.7400,,https://www.irs.gov/pub/irs-soi/eo_dc.csv
GO2 FOUNDATION FOR LUNG CANCER,204417327,irs-eo-bmf-capacity,501(c)(3),democracy,12.2214,0.0367,0.1467,0.7400,,https://www.irs.gov/pub/irs-soi/eo_dc.csv
GLOBAL PRESS INSTITUTE,204421980,irs-eo-bmf-capacity,501(c)(3),democracy,1.7020,0.0051,0.0204,0.7400,,https://www.irs.gov/pub/irs-soi/eo_dc.csv
CENTER FOR ENERGY WORKFORCEDEVELOPMENT,204504014,irs-eo-bmf-capacity,501(c)(3),energy,1.9333,0.0058,0.0232,0.7400,,https://www.irs.gov/pub/irs-soi/eo_dc.csv
THE US CLIMATE ACTION NETWORK,204597308,irs-eo-bmf-capacity,501(c)(3),energy,1.7279,0.0052,0.0207,0.7400,,https://www.irs.gov/pub/irs-soi/eo_dc.csv
ROBERTSON FOUNDATION FOR GOVERNMENT INC,204630877,irs-eo-bmf-capacity,501(c)(3),democracy,13.5061,0.0405,0.1621,0.7400,,https://www.irs.gov/pub/irs-soi/eo_dc.csv
BOSNIAK AMERICAN ADVISORY COUNCIL FOR BOSNIA AND HERZEGOVINA INC,204662259,irs-eo-bmf-capacity,501(c)(3),democracy,0.0247,0.0001,0.0003,0.7400,,https://www.irs.gov/pub/irs-soi/eo_dc.csv
ALLIANCE FOR A STRONGER FDA INC,204669553,irs-eo-bmf-capacity,501(c)(4),democracy,0.3662,0.0092,0.0044,0.2000,,https://www.irs.gov/pub/irs-soi/eo_dc.csv
INTERNATIONAL ASSOCIATION FOR SUICIDE PREVENTION,204701041,irs-eo-bmf-capacity,501(c)(3),democracy,0.6627,0.0020,0.0080,0.7400,,https://www.irs.gov/pub/irs-soi/eo_dc.csv
DISTRICT OF COLUMBIA ACCESS TOJUSTICE FOUNDATION,204849519,irs-eo-bmf-capacity,501(c)(3),democracy,0.2811,0.0008,0.0034,0.7400,,https://www.irs.gov/pub/irs-soi/eo_dc.csv
FOUNDATION FOR THE ASIAN PACIFICAMERICAN CHAMBER OF COMMERCE INC,204956912,irs-eo-bmf-capacity,501(c)(3),democracy,0.0029,0.0000,0.0000,0.7400,,https://www.irs.gov/pub/irs-soi/eo_dc.csv
TOTAL FAMILY CARE COALITION,205078107,irs-eo-bmf-capacity,501(c)(3),democracy,0.4956,0.0015,0.0059,0.7400,,https://www.irs.gov/pub/irs-soi/eo_dc.csv
COUNCIL FOR QUALITY RESPIRATORY CARE,205120363,irs-eo-bmf-capacity,501(c)(4),democracy,0.4031,0.0101,0.0048,0.2000,,https://www.irs.gov/pub/irs-soi/eo_dc.csv
COALITION OF ASIAN AMERICANBUSINESS ORGANIZATION,205123321,irs-eo-bmf-capacity,501(c)(3),democracy,0.0090,0.0000,0.0001,0.7400,,https://www.irs.gov/pub/irs-soi/eo_dc.csv
ALLIANCE FOR PATIENT ACCESS,205130312,irs-eo-bmf-capacity,501(c)(4),democracy,4.3872,0.1097,0.0526,0.2000,,https://www.irs.gov/pub/irs-soi/eo_dc.csv
OPPORTUNITY FINANCE NETWORK,205189202,irs-eo-bmf-capacity,501(c)(3),finance,139.7373,0.4192,1.6768,0.7400,,https://www.irs.gov/pub/irs-soi/eo_dc.csv
THE MANAGEMENT CENTER,205197607,irs-eo-bmf-capacity,501(c)(3),democracy,13.7367,0.0412,0.1648,0.7400,,https://www.irs.gov/pub/irs-soi/eo_dc.csv
DC HISPANIC CONTRACTORS ASSOCIATION,205325447,irs-eo-bmf-capacity,501(c)(6),procurement,0.2089,0.0038,0.0025,0.3200,,https://www.irs.gov/pub/irs-soi/eo_dc.csv
INTERNATIONAL SEA GLASS ASSOCIATION INC,205383052,irs-eo-bmf-capacity,501(c)(4),democracy,0.0811,0.0020,0.0010,0.2000,,https://www.irs.gov/pub/irs-soi/eo_dc.csv
COLLEGE SUCCESS FOUNDATION-DISTRICT OF COLUMBIA,205561911,irs-eo-bmf-capacity,501(c)(3),democracy,2.1986,0.0066,0.0264,0.7400,,https://www.irs.gov/pub/irs-soi/eo_dc.csv
INTERNATIONAL CAREER ADVANCEMENT ASSOCIATION,205621412,irs-eo-bmf-capacity,501(c)(3),democracy,0.0488,0.0001,0.0006,0.7400,,https://www.irs.gov/pub/irs-soi/eo_dc.csv
BUFFY AND WILLIAM CAFRITZ FAMILYFOUNDATION INC,205657328,irs-eo-bmf-capacity,501(c)(3),democracy,0.5516,0.0017,0.0066,0.7400,,https://www.irs.gov/pub/irs-soi/eo_dc.csv
THE 1890 UNIVERSITIES FOUNDATION,205683899,irs-eo-bmf-capacity,501(c)(3),democracy,3.1635,0.0095,0.0380,0.7400,,https://www.irs.gov/pub/irs-soi/eo_dc.csv
CHARLES A ANSBACHER FOUNDATION,205725515,irs-eo-bmf-capacity,501(c)(3),democracy,0.1452,0.0004,0.0017,0.7400,,https://www.irs.gov/pub/irs-soi/eo_dc.csv
PUBLIC POLICY FUND INC,205734264,irs-eo-bmf-capacity,501(c)(6),democracy,4.8690,0.0876,0.0584,0.3200,,https://www.irs.gov/pub/irs-soi/eo_dc.csv
MARK AND ANNE HANSEN FOUNDATION,205794944,irs-eo-bmf-capacity,501(c)(3),democracy,6.9720,0.0209,0.0837,0.7400,,https://www.irs.gov/pub/irs-soi/eo_dc.csv
TECHNOLOGY POLICY INSTITUTE,205835776,irs-eo-bmf-capacity,501(c)(3),technology,1.9837,0.0060,0.0238,0.7400,,https://www.irs.gov/pub/irs-soi/eo_dc.csv
STRUCTURAL ENGINEERING ASSOCIATION OF METROPOLITAN WASHINGTON,205863317,irs-eo-bmf-capacity,501(c)(6),democracy,0.1614,0.0029,0.0019,0.3200,,https://www.irs.gov/pub/irs-soi/eo_dc.csv
WASHINGTON CHILDREN S FOUNDATION,205877229,irs-eo-bmf-capacity,501(c)(3),democracy,6.1213,0.0184,0.0735,0.7400,,https://www.irs.gov/pub/irs-soi/eo_dc.csv
ALLIANCE FOR MIDDLE EAST PEACE INC,205879279,irs-eo-bmf-capacity,501(c)(3),democracy,3.0732,0.0092,0.0369,0.7400,,https://www.irs.gov/pub/irs-soi/eo_dc.csv
INTERNATIONAL CENTER FOR MIDDLE EASTERN-WESTERN DIALOGUE,205917278,irs-eo-bmf-capacity,501(c)(3),democracy,0.7333,0.0022,0.0088,0.7400,,https://www.irs.gov/pub/irs-soi/eo_dc.csv
BATONGA FOUNDATION,205927387,irs-eo-bmf-capacity,501(c)(3),democracy,2.8598,0.0086,0.0343,0.7400,,https://www.irs.gov/pub/irs-soi/eo_dc.csv
NATIONAL PUBLIC PENSION COALITION,205939282,irs-eo-bmf-capacity,501(c)(4),democracy,0.8169,0.0204,0.0098,0.2000,,https://www.irs.gov/pub/irs-soi/eo_dc.csv
OLD SCHOOL BOXING ATHLETIC CENTER INC,205960251,irs-eo-bmf-capacity,501(c)(3),democracy,0.0469,0.0001,0.0006,0.7400,,https://www.irs.gov/pub/irs-soi/eo_dc.csv
INSTITUTE FOR STATE EFFECTIVENESS,205968997,irs-eo-bmf-capacity,501(c)(3),democracy,2.0682,0.0062,0.0248,0.7400,,https://www.irs.gov/pub/irs-soi/eo_dc.csv
ZETA PHI BETA SORORITY NATIONALEDUCATIONAL FOUNDATION INC,205973787,irs-eo-bmf-capacity,501(c)(3),democracy,1.0962,0.0033,0.0132,0.7400,,https://www.irs.gov/pub/irs-soi/eo_dc.csv
IGDA FOUNDATION,205991931,irs-eo-bmf-capacity,501(c)(3),democracy,0.2108,0.0006,0.0025,0.7400,,https://www.irs.gov/pub/irs-soi/eo_dc.csv
HISPANIC LOBBYISTS ASSOCIATION INCORPORATED,206609063,irs-eo-bmf-capacity,501(c)(6),democracy,0.0859,0.0015,0.0010,0.3200,,https://www.irs.gov/pub/irs-soi/eo_dc.csv
PEARSON COLLEGE OF THE PACIFIC USFOUNDATION,208031765,irs-eo-bmf-capacity,501(c)(3),democracy,0.4352,0.0013,0.0052,0.7400,,https://www.irs.gov/pub/irs-soi/eo_dc.csv
YOUNG PROFESSIONALS IN FOREIGNPOLICY,208034882,irs-eo-bmf-capacity,501(c)(3),democracy,0.2657,0.0008,0.0032,0.7400,,https://www.irs.gov/pub/irs-soi/eo_dc.csv
RICE CAMERON FAMILY FOUNDATION,208046545,irs-eo-bmf-capacity,501(c)(3),democracy,1.9453,0.0058,0.0233,0.7400,,https://www.irs.gov/pub/irs-soi/eo_dc.csv
EATING DISORDERS COALITION FOR RESEARCH POLICY AND ACTION INC,208067474,irs-eo-bmf-capacity,501(c)(4),democracy,0.6654,0.0166,0.0080,0.2000,,https://www.irs.gov/pub/irs-soi/eo_dc.csv
CENTER FOR NEW AMERICAN SECURITY INC,208084828,irs-eo-bmf-capacity,501(c)(3),democracy,14.0638,0.0422,0.1688,0.7400,,https://www.irs.gov/pub/irs-soi/eo_dc.csv
AMERICAN ASSOCIATION OF BLACKS IN HIGHER EDUCATION INC,208110778,irs-eo-bmf-capacity,501(c)(3),democracy,0.4119,0.0012,0.0049,0.7400,,https://www.irs.gov/pub/irs-soi/eo_dc.csv
THE PTARMIGAN FOUNDATION INC,208152230,irs-eo-bmf-capacity,501(c)(3),democracy,2.1798,0.0065,0.0262,0.7400,,https://www.irs.gov/pub/irs-soi/eo_dc.csv
AIRCRAFT FLEET RECYCLING ASSOCIATION,208230675,irs-eo-bmf-capacity,501(c)(6),democracy,0.2801,0.0050,0.0034,0.3200,,https://www.irs.gov/pub/irs-soi/eo_dc.csv
CENTER FOR EUROPEAN POLICY ANALYSIS,208247530,irs-eo-bmf-capacity,501(c)(3),democracy,5.1215,0.0154,0.0615,0.7400,,https://www.irs.gov/pub/irs-soi/eo_dc.csv
UNITED STATES LACTATION CONSULTANT ASSOCIATION INC,208264408,irs-eo-bmf-capacity,501(c)(3),democracy,0.2775,0.0008,0.0033,0.7400,,https://www.irs.gov/pub/irs-soi/eo_dc.csv
CREDIT BUILDERS ALLIANCE INC,208351782,irs-eo-bmf-capacity,501(c)(3),finance,4.8883,0.0147,0.0587,0.7400,,https://www.irs.gov/pub/irs-soi/eo_dc.csv
RESULTS FOR DEVELOPMENT INSTITUTE INC,208530747,irs-eo-bmf-capacity,501(c)(3),democracy,49.1377,0.1474,0.5897,0.7400,,https://www.irs.gov/pub/irs-soi/eo_dc.csv
NATIONAL COMMITTEE TO PRESERVE SOCIAL SECURITY&MEDICARE FNDN,208742654,irs-eo-bmf-capacity,501(c)(3),democracy,0.0024,0.0000,0.0000,0.7400,,https://www.irs.gov/pub/irs-soi/eo_dc.csv
INSTITUTIONAL LONGEVTY MARKETS ASSOCIATION INC,208769162,irs-eo-bmf-capacity,501(c)(6),democracy,0.2291,0.0041,0.0027,0.3200,,https://www.irs.gov/pub/irs-soi/eo_dc.csv
IBTTA FOUNDATION,208809804,irs-eo-bmf-capacity,501(c)(3),democracy,0.2785,0.0008,0.0033,0.7400,,https://www.irs.gov/pub/irs-soi/eo_dc.csv
CALVIN COOLIDGE ALUMNI ASSOCIATIONINC,208865134,irs-eo-bmf-capacity,501(c)(3),democracy,0.0612,0.0002,0.0007,0.7400,,https://www.irs.gov/pub/irs-soi/eo_dc.csv
FLAMBOYAN FOUNDATION INC,208924675,irs-eo-bmf-capacity,501(c)(3),democracy,17.2206,0.0517,0.2066,0.7400,,https://www.irs.gov/pub/irs-soi/eo_dc.csv
CATHOLIC LABOR NETWORK GEORGETOWN UNIVERSITY MCQUIRE HALL,208926437,irs-eo-bmf-capacity,501(c)(3),democracy,0.0293,0.0001,0.0004,0.7400,,https://www.irs.gov/pub/irs-soi/eo_dc.csv
LENA SEARS CHILD DEVELOPMENT CENTER,208941562,irs-eo-bmf-capacity,501(c)(3),democracy,1.0617,0.0032,0.0127,0.7400,,https://www.irs.gov/pub/irs-soi/eo_dc.csv
COALITION OF SKIN DISEASES,208948050,irs-eo-bmf-capacity,501(c)(3),democracy,0.5245,0.0016,0.0063,0.7400,,https://www.irs.gov/pub/irs-soi/eo_dc.csv
BERGER ACTION FUND INC,208948868,irs-eo-bmf-capacity,501(c)(4),democracy,206.5062,5.1627,2.4781,0.2000,,https://www.irs.gov/pub/irs-soi/eo_dc.csv
THE BUSH FAMILY FOUNDATION OF SOUTH CAROLINA,212918742,irs-eo-bmf-capacity,501(c)(3),democracy,0.0028,0.0000,0.0000,0.7400,,https://www.irs.gov/pub/irs-soi/eo_dc.csv
NATIONAL ASSOCIATION FOR BEHAVIORAL HEALTHCARE,221661978,irs-eo-bmf-capacity,501(c)(6),democracy,4.0570,0.0730,0.0487,0.3200,,https://www.irs.gov/pub/irs-soi/eo_dc.csv
NASF FOUNDATION,221800571,irs-eo-bmf-capacity,501(c)(3),democracy,0.5577,0.0017,0.0067,0.7400,,https://www.irs.gov/pub/irs-soi/eo_dc.csv
NATIONAL ASSOCIATION OF POLICE ATHLETIC ACTIVITIES LEAGUES INC,221838364,irs-eo-bmf-capacity,501(c)(3),democracy,5.7098,0.0171,0.0685,0.7400,,https://www.irs.gov/pub/irs-soi/eo_dc.csv
KENNEDY CENTER PRODUCTIONS INC,221962191,irs-eo-bmf-capacity,501(c)(3),democracy,0.0105,0.0000,0.0001,0.7400,,https://www.irs.gov/pub/irs-soi/eo_dc.csv
NATIONAL ASSOCIATION OF INVESTMENT COS,222072345,irs-eo-bmf-capacity,501(c)(6),democracy,5.9177,0.1065,0.0710,0.3200,,https://www.irs.gov/pub/irs-soi/eo_dc.csv
NATIONAL AMERICAN INDIAN HOUSING COUNCIL,222096315,irs-eo-bmf-capacity,501(c)(3),democracy,4.4628,0.0134,0.0536,0.7400,,https://www.irs.gov/pub/irs-soi/eo_dc.csv
INTERNATIONAL FURNITURE RENTAL ASSOCIATION INC,222133285,irs-eo-bmf-capacity,501(c)(6),democracy,0.0690,0.0012,0.0008,0.3200,,https://www.irs.gov/pub/irs-soi/eo_dc.csv
WINDOW COVERINGS MANUFACTURERS ASSOCIATION INC,222293809,irs-eo-bmf-capacity,501(c)(6),democracy,0.7929,0.0143,0.0095,0.3200,,https://www.irs.gov/pub/irs-soi/eo_dc.csv
EDUCATIONAL AND RESEARCH FOUNDATION OF MEMA INC,222463502,irs-eo-bmf-capacity,501(c)(3),democracy,0.0072,0.0000,0.0001,0.7400,,https://www.irs.gov/pub/irs-soi/eo_dc.csv
COALITION FOR JUVENILE JUSTICE,222520938,irs-eo-bmf-capacity,501(c)(3),democracy,1.0637,0.0032,0.0128,0.7400,,https://www.irs.gov/pub/irs-soi/eo_dc.csv
ALLIANCE OF COMMUNITY HEALTH PLANS FOUNDATION INC,222532761,irs-eo-bmf-capacity,501(c)(3),democracy,1.2634,0.0038,0.0152,0.7400,,https://www.irs.gov/pub/irs-soi/eo_dc.csv
INSTITUTE FOR PORTFOLIO ALTERNATIVES INC,222597521,irs-eo-bmf-capacity,501(c)(6),democracy,5.5842,0.1005,0.0670,0.3200,,https://www.irs.gov/pub/irs-soi/eo_dc.csv
OMEGA LIFE MEMBERSHIP FOUNDATION INC,222608127,irs-eo-bmf-capacity,501(c)(3),democracy,0.9367,0.0028,0.0112,0.7400,,https://www.irs.gov/pub/irs-soi/eo_dc.csv
US SIF-THE FORUM FOR SUSTAINABLE AND RESPONSIBLE INVESTMENT INC,222701978,irs-eo-bmf-capacity,501(c)(6),democracy,1.1981,0.0216,0.0144,0.3200,,https://www.irs.gov/pub/irs-soi/eo_dc.csv
PUBLIC HOUSING AUTHORITIES DIRECTORS ASSOCIATION,222763123,irs-eo-bmf-capacity,501(c)(6),democracy,3.5657,0.0642,0.0428,0.3200,,https://www.irs.gov/pub/irs-soi/eo_dc.csv
INFIN A FINANCIAL SERVICES ALLIANCE INC,222838938,irs-eo-bmf-capacity,501(c)(6),democracy,2.5819,0.0465,0.0310,0.3200,,https://www.irs.gov/pub/irs-soi/eo_dc.csv
KRAUTHAMMER FOUNDATION INC,222927289,irs-eo-bmf-capacity,501(c)(3),democracy,0.0381,0.0001,0.0005,0.7400,,https://www.irs.gov/pub/irs-soi/eo_dc.csv
US SIF FOUNDATION LTD,222989704,irs-eo-bmf-capacity,501(c)(3),democracy,0.5021,0.0015,0.0060,0.7400,,https://www.irs.gov/pub/irs-soi/eo_dc.csv
THE ASSOCIATION OF PROFESSIONAL SCHOOLS OF INTERNATIONAL AFFAIRS,222993616,irs-eo-bmf-capacity,501(c)(3),democracy,0.4777,0.0014,0.0057,0.7400,,https://www.irs.gov/pub/irs-soi/eo_dc.csv
ASSOCIATION OF SECURITIES AND EXCHANGE COMMISSION ALUMNI INC,223036796,irs-eo-bmf-capacity,501(c)(3),finance,0.5267,0.0016,0.0063,0.7400,,https://www.irs.gov/pub/irs-soi/eo_dc.csv
THE NONPROFIT ALLIANCE FOUNDATION,223096395,irs-eo-bmf-capacity,501(c)(3),democracy,1.0419,0.0031,0.0125,0.7400,,https://www.irs.gov/pub/irs-soi/eo_dc.csv
INSTITUTE FOR ASIAN DEMOCRACY,223112740,irs-eo-bmf-capacity,501(c)(3),democracy,0.0051,0.0000,0.0001,0.7400,,https://www.irs.gov/pub/irs-soi/eo_dc.csv
WINDOW COVERING SAFETY COUNCIL INC,223321197,irs-eo-bmf-capacity,501(c)(6),democracy,0.3476,0.0063,0.0042,0.3200,,https://www.irs.gov/pub/irs-soi/eo_dc.csv
PIPER M-CLASS OWNERS AND PILOTS ASSOCIATION INC,223352499,irs-eo-bmf-capacity,501(c)(4),democracy,0.7612,0.0190,0.0091,0.2000,,https://www.irs.gov/pub/irs-soi/eo_dc.csv
MUFSON FAMILY FOUNDATION INC,223491505,irs-eo-bmf-capacity,501(c)(3),democracy,0.0910,0.0003,0.0011,0.7400,,https://www.irs.gov/pub/irs-soi/eo_dc.csv
JENSAM FOUNDATION INC,223523249,irs-eo-bmf-capacity,501(c)(3),democracy,0.3490,0.0010,0.0042,0.7400,,https://www.irs.gov/pub/irs-soi/eo_dc.csv
BINN FAMILY FOUNDATION INC,223671340,irs-eo-bmf-capacity,501(c)(3),democracy,0.0129,0.0000,0.0002,0.7400,,https://www.irs.gov/pub/irs-soi/eo_dc.csv
GREATER WASHINGTON HISPANIC CHAMBER OF COMMERCE INC,223860377,irs-eo-bmf-capacity,501(c)(6),democracy,1.2236,0.0220,0.0147,0.3200,,https://www.irs.gov/pub/irs-soi/eo_dc.csv
INSTITUTE FOR AFRICAN MAN DEVELOPME NT INC,223860949,irs-eo-bmf-capacity,501(c)(3),democracy,0.1033,0.0003,0.0012,0.7400,,https://www.irs.gov/pub/irs-soi/eo_dc.csv
OPALACK FOUNDATION,223888369,irs-eo-bmf-capacity,501(c)(3),democracy,0.6287,0.0019,0.0075,0.7400,,https://www.irs.gov/pub/irs-soi/eo_dc.csv
ALFORD FOUNDATION INC,226025378,irs-eo-bmf-capacity,501(c)(3),democracy,2.1714,0.0065,0.0261,0.7400,,https://www.irs.gov/pub/irs-soi/eo_dc.csv
FOUNDATION FOR PUBLIC AFFAIRS,226059920,irs-eo-bmf-capacity,501(c)(3),democracy,0.6197,0.0019,0.0074,0.7400,,https://www.irs.gov/pub/irs-soi/eo_dc.csv
ASSOCIATION OF AMERICAN PUBLISHERS,226064812,irs-eo-bmf-capacity,501(c)(3),democracy,0.0355,0.0001,0.0004,0.7400,,https://www.irs.gov/pub/irs-soi/eo_dc.csv
CURT C & ELSE SILBERMAN FOUNDATION,226065494,irs-eo-bmf-capacity,501(c)(3),democracy,0.2921,0.0009,0.0035,0.7400,,https://www.irs.gov/pub/irs-soi/eo_dc.csv
GEM STAR FOUNDATION INC,226071177,irs-eo-bmf-capacity,501(c)(3),democracy,0.1568,0.0005,0.0019,0.7400,,https://www.irs.gov/pub/irs-soi/eo_dc.csv
HILL SNOWDON FOUNDATION,226081122,irs-eo-bmf-capacity,501(c)(3),democracy,13.6222,0.0409,0.1635,0.7400,,https://www.irs.gov/pub/irs-soi/eo_dc.csv
UNITED GERMAN-AMERICAN COMMITTEE OF THE USA INC,232033554,irs-eo-bmf-capacity,501(c)(3),democracy,0.1837,0.0006,0.0022,0.7400,,https://www.irs.gov/pub/irs-soi/eo_dc.csv
CHORUS AMERICA ASSOCIATION,232062595,irs-eo-bmf-capacity,501(c)(3),democracy,1.8416,0.0055,0.0221,0.7400,,https://www.irs.gov/pub/irs-soi/eo_dc.csv
NATIONAL MARITIME SAFETY ASSOCIATION INC,232119829,irs-eo-bmf-capacity,501(c)(6),democracy,0.4108,0.0074,0.0049,0.3200,,https://www.irs.gov/pub/irs-soi/eo_dc.csv
THE ASSOCIATION FOR HOSE & ACCESSORIES DISTRIBUTION,232324931,irs-eo-bmf-capacity,501(c)(6),democracy,2.1124,0.0380,0.0253,0.3200,,https://www.irs.gov/pub/irs-soi/eo_dc.csv
ORGANIC TRADE ASSOCIATION,232341522,irs-eo-bmf-capacity,501(c)(6),democracy,6.6859,0.1203,0.0802,0.3200,,https://www.irs.gov/pub/irs-soi/eo_dc.csv
APPRAISAL FOUNDATION,232493621,irs-eo-bmf-capacity,501(c)(3),democracy,6.8349,0.0205,0.0820,0.7400,,https://www.irs.gov/pub/irs-soi/eo_dc.csv
PHILADELPHIA ASSOCIATION OF JUNGIAN ANALYSTS INC,232562147,irs-eo-bmf-capacity,501(c)(3),democracy,0.0673,0.0002,0.0008,0.7400,,https://www.irs.gov/pub/irs-soi/eo_dc.csv
NATIONAL BREAST CANCER COALITION,232693372,irs-eo-bmf-capacity,501(c)(4),democracy,0.3367,0.0084,0.0040,0.2000,,https://www.irs.gov/pub/irs-soi/eo_dc.csv
NDA CHARITABLE FOUNDATION,232823006,irs-eo-bmf-capacity,501(c)(3),democracy,0.2351,0.0007,0.0028,0.7400,,https://www.irs.gov/pub/irs-soi/eo_dc.csv
INSTITUTE FOR GLOBAL ENGAGEMENT,233042456,irs-eo-bmf-capacity,501(c)(3),democracy,1.0194,0.0031,0.0122,0.7400,,https://www.irs.gov/pub/irs-soi/eo_dc.csv
CLAIRE WILLIAMS ONEIL FOUNDATION,233058554,irs-eo-bmf-capacity,501(c)(3),democracy,0.1252,0.0004,0.0015,0.7400,,https://www.irs.gov/pub/irs-soi/eo_dc.csv
SONS OF ITALY FOUNDATION,236276526,irs-eo-bmf-capacity,501(c)(3),democracy,1.7210,0.0052,0.0207,0.7400,,https://www.irs.gov/pub/irs-soi/eo_dc.csv
ASSOCIATION OF SCHOOLS OF ALLIED HEALTH PROFESSIONS,236442610,irs-eo-bmf-capacity,501(c)(3),democracy,1.3732,0.0041,0.0165,0.7400,,https://www.irs.gov/pub/irs-soi/eo_dc.csv
CENTER FOR LAW AND SOCIAL POLICY,237000150,irs-eo-bmf-capacity,501(c)(3),democracy,9.1383,0.0274,0.1097,0.7400,,https://www.irs.gov/pub/irs-soi/eo_dc.csv
BAINUM FAMILY FOUNDATION,237000192,irs-eo-bmf-capacity,501(c)(3),democracy,82.8972,0.2487,0.9948,0.7400,,https://www.irs.gov/pub/irs-soi/eo_dc.csv
JOSEPH GERNEY FOUNDATION,237000460,irs-eo-bmf-capacity,501(c)(3),democracy,0.3013,0.0009,0.0036,0.7400,,https://www.irs.gov/pub/irs-soi/eo_dc.csv
AMERICAN EDUCATIONAL RESEARCH ASSOCIATION,237003537,irs-eo-bmf-capacity,501(c)(3),democracy,12.5467,0.0376,0.1506,0.7400,,https://www.irs.gov/pub/irs-soi/eo_dc.csv
REDWOOD FOUNDATION,237009841,irs-eo-bmf-capacity,501(c)(3),democracy,0.0157,0.0000,0.0002,0.7400,,https://www.irs.gov/pub/irs-soi/eo_dc.csv
PETTUS CROWE FOUNDATION INC,237025310,irs-eo-bmf-capacity,501(c)(3),democracy,1.0437,0.0031,0.0125,0.7400,,https://www.irs.gov/pub/irs-soi/eo_dc.csv
GERTRUDE STEIN FOUNDATION,237033385,irs-eo-bmf-capacity,501(c)(3),democracy,0.2575,0.0008,0.0031,0.7400,,https://www.irs.gov/pub/irs-soi/eo_dc.csv
THE NEA FOUNDATION FOR THE IMPROVEMENT OF EDUCATION,237035089,irs-eo-bmf-capacity,501(c)(3),democracy,6.8153,0.0204,0.0818,0.7400,,https://www.irs.gov/pub/irs-soi/eo_dc.csv
THE CHILDRENS DEFENSE FUND ACTION COUNCIL,237042525,irs-eo-bmf-capacity,501(c)(4),procurement,0.0007,0.0000,0.0000,0.2000,,https://www.irs.gov/pub/irs-soi/eo_dc.csv
COOPERATIVE DEVELOPMENT FOUNDATION,237044533,irs-eo-bmf-capacity,501(c)(3),democracy,2.5048,0.0075,0.0301,0.7400,,https://www.irs.gov/pub/irs-soi/eo_dc.csv
AMERICAN FOREIGN SERVICE ASSOCIATION SCHOLARSHIP FUND,237045244,irs-eo-bmf-capacity,501(c)(3),democracy,0.7416,0.0022,0.0089,0.7400,,https://www.irs.gov/pub/irs-soi/eo_dc.csv
WHITE HOUSE FELLOWS FOUNDATION,237046811,irs-eo-bmf-capacity,501(c)(3),democracy,0.8429,0.0025,0.0101,0.7400,,https://www.irs.gov/pub/irs-soi/eo_dc.csv
INTERNATIONAL ASSOCIATION FOR VOLUNTEER EFFORT,237049868,irs-eo-bmf-capacity,501(c)(3),democracy,0.5659,0.0017,0.0068,0.7400,,https://www.irs.gov/pub/irs-soi/eo_dc.csv
CREDIT UNION NATIONAL ASSOCIATION INC,237065623,irs-eo-bmf-capacity,501(c)(6),finance,103.9084,1.8704,1.2469,0.3200,,https://www.irs.gov/pub/irs-soi/eo_dc.csv
HOME FASHION PRODUCTS ASSOCIATION,237069954,irs-eo-bmf-capacity,501(c)(6),democracy,0.2343,0.0042,0.0028,0.3200,,https://www.irs.gov/pub/irs-soi/eo_dc.csv
SORPTIVE MINERALS INSTITUTE,237076764,irs-eo-bmf-capacity,501(c)(6),democracy,0.4896,0.0088,0.0059,0.3200,,https://www.irs.gov/pub/irs-soi/eo_dc.csv
VINEGAR INSTITUTE,237083944,irs-eo-bmf-capacity,501(c)(6),democracy,0.2880,0.0052,0.0035,0.3200,,https://www.irs.gov/pub/irs-soi/eo_dc.csv
AMERICAN IMMIGRATION LAWYERS ASSOCIATION,237085097,irs-eo-bmf-capacity,501(c)(6),democracy,22.6794,0.4082,0.2722,0.3200,,https://www.irs.gov/pub/irs-soi/eo_dc.csv
NATIONAL ASSOCIATION OF CLEAN WATER AGENCIES,237088488,irs-eo-bmf-capacity,501(c)(6),democracy,10.7226,0.1930,0.1287,0.3200,,https://www.irs.gov/pub/irs-soi/eo_dc.csv
AMERICAN INSTITUTE FOR MEDICAL AND BIOLIGICAL ENGINEERING,237089693,irs-eo-bmf-capacity,501(c)(3),democracy,1.2216,0.0037,0.0147,0.7400,,https://www.irs.gov/pub/irs-soi/eo_dc.csv
NATIONAL COUNCIL FOR BEHAVIORAL HEALTH,237092671,irs-eo-bmf-capacity,501(c)(3),democracy,76.6513,0.2300,0.9198,0.7400,,https://www.irs.gov/pub/irs-soi/eo_dc.csv
FLAVOR & EXTRACT MANUFACTURERS ASSOCIATION OF THE UNITED STATES,237104346,irs-eo-bmf-capacity,501(c)(6),democracy,6.4789,0.1166,0.0777,0.3200,,https://www.irs.gov/pub/irs-soi/eo_dc.csv
SILVER INSTITUTE INC,237108453,irs-eo-bmf-capacity,501(c)(6),democracy,1.7113,0.0308,0.0205,0.3200,,https://www.irs.gov/pub/irs-soi/eo_dc.csv
MERRIMAN FOUNDATION,237113720,irs-eo-bmf-capacity,501(c)(3),democracy,5.4339,0.0163,0.0652,0.7400,,https://www.irs.gov/pub/irs-soi/eo_dc.csv
ASSOCIATION OF BITUMINOUS CONTRACTORS INC,237118181,irs-eo-bmf-capacity,501(c)(6),procurement,0.0648,0.0012,0.0008,0.3200,,https://www.irs.gov/pub/irs-soi/eo_dc.csv
NATIONAL ASSOCIATION OF UNIVERSITY WOMEN,237121300,irs-eo-bmf-capacity,501(c)(3),democracy,0.1889,0.0006,0.0023,0.7400,,https://www.irs.gov/pub/irs-soi/eo_dc.csv
NATIONAL PROPANE GAS FOUNDATION,237122755,irs-eo-bmf-capacity,501(c)(3),energy,0.4025,0.0012,0.0048,0.7400,,https://www.irs.gov/pub/irs-soi/eo_dc.csv
CENTER FOR SCIENCE IN THE PUBLIC INTEREST,237122879,irs-eo-bmf-capacity,501(c)(3),democracy,12.5925,0.0378,0.1511,0.7400,,https://www.irs.gov/pub/irs-soi/eo_dc.csv
ARMS CONTROL ASSOCIATION,237124588,irs-eo-bmf-capacity,501(c)(3),democracy,1.4905,0.0045,0.0179,0.7400,,https://www.irs.gov/pub/irs-soi/eo_dc.csv
ULI FOUNDATION,237133957,irs-eo-bmf-capacity,501(c)(3),democracy,11.4892,0.0345,0.1379,0.7400,,https://www.irs.gov/pub/irs-soi/eo_dc.csv
EQUIPMENT SERVICES ASSOCIATION,237139970,irs-eo-bmf-capacity,501(c)(6),democracy,0.0536,0.0010,0.0006,0.3200,,https://www.irs.gov/pub/irs-soi/eo_dc.csv
SPANISH EDUCATION DEVELOPMENT CENTER,237147887,irs-eo-bmf-capacity,501(c)(3),democracy,5.5140,0.0165,0.0662,0.7400,,https://www.irs.gov/pub/irs-soi/eo_dc.csv
NATIONAL ASSOCIATION OF NEIGHBORHOODS,237148216,irs-eo-bmf-capacity,501(c)(3),democracy,0.2750,0.0008,0.0033,0.7400,,https://www.irs.gov/pub/irs-soi/eo_dc.csv
NATIONAL ASSOCIATION OF LONG TERM CARE ADMINISTRATOR BOARDS INC,237155858,irs-eo-bmf-capacity,501(c)(6),democracy,3.4758,0.0626,0.0417,0.3200,,https://www.irs.gov/pub/irs-soi/eo_dc.csv
NORTH AMERICAN ASSOCIATION FOR ENVIRONMENTAL EDUCATION,237158061,irs-eo-bmf-capacity,501(c)(3),energy,7.3618,0.0221,0.0883,0.7400,,https://www.irs.gov/pub/irs-soi/eo_dc.csv
DISTRICT OF COLUMBIA CHAMBER OF COMMERCE,237158230,irs-eo-bmf-capacity,501(c)(6),democracy,2.0051,0.0361,0.0241,0.3200,,https://www.irs.gov/pub/irs-soi/eo_dc.csv
VIDA SENIOR CENTERS,237161537,irs-eo-bmf-capacity,501(c)(3),democracy,1.5679,0.0047,0.0188,0.7400,,https://www.irs.gov/pub/irs-soi/eo_dc.csv
AMERICAN CLINICAL LABORATORY ASSOCIATION,237173945,irs-eo-bmf-capacity,501(c)(6),democracy,9.1211,0.1642,0.1095,0.3200,,https://www.irs.gov/pub/irs-soi/eo_dc.csv
UCSJ UNION OF COUNCILS FOR JEWS IN THE FORMER SOVIET UNION INC,237179117,irs-eo-bmf-capacity,501(c)(3),democracy,0.1998,0.0006,0.0024,0.7400,,https://www.irs.gov/pub/irs-soi/eo_dc.csv
NATIONAL ASSOCIATION OF ENROLLED AGENTS,237183380,irs-eo-bmf-capacity,501(c)(6),democracy,3.4198,0.0616,0.0410,0.3200,,https://www.irs.gov/pub/irs-soi/eo_dc.csv
NATIONAL DEMOLITION ASSOCIATION,237193442,irs-eo-bmf-capacity,501(c)(6),democracy,3.3060,0.0595,0.0397,0.3200,,https://www.irs.gov/pub/irs-soi/eo_dc.csv
PA EDUCATION ASSOCIATION,237198463,irs-eo-bmf-capacity,501(c)(3),democracy,18.3221,0.0550,0.2199,0.7400,,https://www.irs.gov/pub/irs-soi/eo_dc.csv
FOOD RESEARCH & ACTION CENTER INC,237200739,irs-eo-bmf-capacity,501(c)(3),democracy,20.7919,0.0624,0.2495,0.7400,,https://www.irs.gov/pub/irs-soi/eo_dc.csv
ASSOCIATION OF COLLEGE AND UNIVERSITY AUDITORS ROBERT T TUFFN,237204109,irs-eo-bmf-capacity,501(c)(3),democracy,1.1740,0.0035,0.0141,0.7400,,https://www.irs.gov/pub/irs-soi/eo_dc.csv
ASSOCIATION FOR WOMEN IN SCIENCE INC,237221574,irs-eo-bmf-capacity,501(c)(3),democracy,1.0635,0.0032,0.0128,0.7400,,https://www.irs.gov/pub/irs-soi/eo_dc.csv
WASHINGTON COUNCIL OF LAWYERS,237226323,irs-eo-bmf-capacity,501(c)(3),democracy,0.1876,0.0006,0.0023,0.7400,,https://www.irs.gov/pub/irs-soi/eo_dc.csv
NATIONAL HOUSING REHABILITATION ASSOCIATION,237248114,irs-eo-bmf-capacity,501(c)(6),democracy,2.0105,0.0362,0.0241,0.3200,,https://www.irs.gov/pub/irs-soi/eo_dc.csv
NATIONAL ASSOCIATION OF FEDERALLY IMPACTED SCHOOLS,237257037,irs-eo-bmf-capacity,501(c)(4),democracy,1.6497,0.0412,0.0198,0.2000,,https://www.irs.gov/pub/irs-soi/eo_dc.csv
LULAC NATIONAL EDUCATIONAL SERVICE CENTERS INC,237262876,irs-eo-bmf-capacity,501(c)(3),democracy,11.2659,0.0338,0.1352,0.7400,,https://www.irs.gov/pub/irs-soi/eo_dc.csv
JUDGE DAVID L BAZELON CENTER FOR MENTAL HEALTH LAW,237268143,irs-eo-bmf-capacity,501(c)(3),democracy,4.6526,0.0140,0.0558,0.7400,,https://www.irs.gov/pub/irs-soi/eo_dc.csv
INTERNATIONAL CITY MANAGEMENT ASSOCIATION RETIREMENT CORPORATION,237268394,irs-eo-bmf-capacity,501(c)(3),democracy,290.0777,0.8702,3.4809,0.7400,,https://www.irs.gov/pub/irs-soi/eo_dc.csv
US CHINA BUSINESS COUNCIL,237275160,irs-eo-bmf-capacity,501(c)(6),democracy,7.5672,0.1362,0.0908,0.3200,,https://www.irs.gov/pub/irs-soi/eo_dc.csv
NATIONAL ASSOCIATION OF PRIVATE SPECIAL EDUCATION CENTERS,237277189,irs-eo-bmf-capacity,501(c)(4),democracy,0.4705,0.0118,0.0056,0.2000,,https://www.irs.gov/pub/irs-soi/eo_dc.csv
NATIONAL ASSOCIATION OF PRETRIAL SERVICES AGENCIES,237281239,irs-eo-bmf-capacity,501(c)(3),democracy,1.0663,0.0032,0.0128,0.7400,,https://www.irs.gov/pub/irs-soi/eo_dc.csv
AMERICAN INSTITUTE FOR CONSERVATION,237291856,irs-eo-bmf-capacity,501(c)(6),democracy,1.5021,0.0270,0.0180,0.3200,,https://www.irs.gov/pub/irs-soi/eo_dc.csv
NATIONAL LEASED HOUSING ASSOCIATION,237304915,irs-eo-bmf-capacity,501(c)(6),democracy,0.8045,0.0145,0.0097,0.3200,,https://www.irs.gov/pub/irs-soi/eo_dc.csv
WASHINGTON AREA BICYCLIST ASSOCIATION,237305477,irs-eo-bmf-capacity,501(c)(3),democracy,2.8843,0.0087,0.0346,0.7400,,https://www.irs.gov/pub/irs-soi/eo_dc.csv
INSTITUTE OF INTERNATIONAL CONTAINER LESSORS LTD,237309986,irs-eo-bmf-capacity,501(c)(6),democracy,1.6138,0.0290,0.0194,0.3200,,https://www.irs.gov/pub/irs-soi/eo_dc.csv
DRUG INFORMATION ASSOCIATION INC,237311318,irs-eo-bmf-capacity,501(c)(3),democracy,19.9719,0.0599,0.2397,0.7400,,https://www.irs.gov/pub/irs-soi/eo_dc.csv
HERITAGE FOUNDATION,237327730,irs-eo-bmf-capacity,501(c)(3),democracy,133.8681,0.4016,1.6064,0.7400,,https://www.irs.gov/pub/irs-soi/eo_dc.csv
NATIONAL TECHNICAL ASSOCIATION,237330136,irs-eo-bmf-capacity,501(c)(3),democracy,0.0120,0.0000,0.0001,0.7400,,https://www.irs.gov/pub/irs-soi/eo_dc.csv
NATIONAL ASSOCIATION OF WATERFRONT EMPLOYERS,237333287,irs-eo-bmf-capacity,501(c)(6),democracy,1.6511,0.0297,0.0198,0.3200,,https://www.irs.gov/pub/irs-soi/eo_dc.csv
AMERICAN HEALTH LAW ASSOCIATION,237333380,irs-eo-bmf-capacity,501(c)(3),democracy,10.1625,0.0305,0.1220,0.7400,,https://www.irs.gov/pub/irs-soi/eo_dc.csv
COALITION FOR HEALTH FUNDING,237334161,irs-eo-bmf-capacity,501(c)(3),democracy,0.4415,0.0013,0.0053,0.7400,,https://www.irs.gov/pub/irs-soi/eo_dc.csv
DIRECT SELLING EDUCATION FOUNDATION,237335899,irs-eo-bmf-capacity,501(c)(3),democracy,0.6626,0.0020,0.0080,0.7400,,https://www.irs.gov/pub/irs-soi/eo_dc.csv
GREATER WASHINGTON COMMUNITY FOUNDATION,237343119,irs-eo-bmf-capacity,501(c)(3),democracy,123.2429,0.3697,1.4789,0.7400,,https://www.irs.gov/pub/irs-soi/eo_dc.csv
NATIONAL CRIMINAL JUSTICE ASSOCIATION,237347351,irs-eo-bmf-capacity,501(c)(3),democracy,4.9592,0.0149,0.0595,0.7400,,https://www.irs.gov/pub/irs-soi/eo_dc.csv
UNITED STATES NATIONAL COMM FOR THE INTL COUNCIL ON MONUMENTS & SITES,237366110,irs-eo-bmf-capacity,501(c)(3),democracy,1.6918,0.0051,0.0203,0.7400,,https://www.irs.gov/pub/irs-soi/eo_dc.csv
NEW YORK SOCIETY OF ASSOCIATION EXECUTIVES INC,237368380,irs-eo-bmf-capacity,501(c)(6),democracy,0.5143,0.0093,0.0062,0.3200,,https://www.irs.gov/pub/irs-soi/eo_dc.csv
D C RAPE CRISIS CENTER,237377193,irs-eo-bmf-capacity,501(c)(3),democracy,1.4300,0.0043,0.0172,0.7400,,https://www.irs.gov/pub/irs-soi/eo_dc.csv
COMMUNITY TRANSPORTATION ASSOCIATION OF AMERICA,237383218,irs-eo-bmf-capacity,501(c)(3),democracy,9.1507,0.0275,0.1098,0.7400,,https://www.irs.gov/pub/irs-soi/eo_dc.csv
TREASURY HISTORICAL ASSOCIATION,237389186,irs-eo-bmf-capacity,501(c)(3),democracy,0.1059,0.0003,0.0013,0.7400,,https://www.irs.gov/pub/irs-soi/eo_dc.csv
NATIONAL GOVERNORS ASSOCIATION CENTER FOR BEST PRACTICES,237391796,irs-eo-bmf-capacity,501(c)(3),democracy,15.7217,0.0472,0.1887,0.7400,,https://www.irs.gov/pub/irs-soi/eo_dc.csv
AMERICAN HEALTH QUALITY ASSOCIATION,237392554,irs-eo-bmf-capacity,501(c)(6),democracy,0.2882,0.0052,0.0035,0.3200,,https://www.irs.gov/pub/irs-soi/eo_dc.csv
INSTITUTE FOR LOCAL SELF RELIANCE INC,237394104,irs-eo-bmf-capacity,501(c)(3),democracy,8.4064,0.0252,0.1009,0.7400,,https://www.irs.gov/pub/irs-soi/eo_dc.csv
PET INDUSTRY JOINT ADVISORY COUNCIL,237400898,irs-eo-bmf-capacity,501(c)(6),democracy,2.3678,0.0426,0.0284,0.3200,,https://www.irs.gov/pub/irs-soi/eo_dc.csv
INTERNATIONAL ASSOCIATION FOR THE STUDY OF PAIN,237416302,irs-eo-bmf-capacity,501(c)(3),democracy,9.2909,0.0279,0.1115,0.7400,,https://www.irs.gov/pub/irs-soi/eo_dc.csv
NATIONAL ASSOCIATION OF FOREIGN,237417702,irs-eo-bmf-capacity,501(c)(6),democracy,1.5959,0.0287,0.0192,0.3200,,https://www.irs.gov/pub/irs-soi/eo_dc.csv
FOUNDATION FOR ADVANCEMENT IN CONSERVATION,237424418,irs-eo-bmf-capacity,501(c)(3),democracy,1.8252,0.0055,0.0219,0.7400,,https://www.irs.gov/pub/irs-soi/eo_dc.csv
NATIONAL ASSOCIATION OF WOMEN BUSINESS OWNERS,237425967,irs-eo-bmf-capacity,501(c)(6),democracy,1.8083,0.0325,0.0217,0.3200,,https://www.irs.gov/pub/irs-soi/eo_dc.csv
CATO INSTITUTE,237432162,irs-eo-bmf-capacity,501(c)(3),democracy,62.8214,0.1885,0.7539,0.7400,,https://www.irs.gov/pub/irs-soi/eo_dc.csv
PRESERVATION ACTION,237437445,irs-eo-bmf-capacity,501(c)(4),democracy,0.1301,0.0033,0.0016,0.2000,,https://www.irs.gov/pub/irs-soi/eo_dc.csv
EDUCATION WRITERS ASSOCIATION,237439790,irs-eo-bmf-capacity,501(c)(3),democracy,1.8689,0.0056,0.0224,0.7400,,https://www.irs.gov/pub/irs-soi/eo_dc.csv
NATIONAL ASSOCIATION FOR EQUAL OPPORTUNITY IN HIGHER EDUCATION,237439804,irs-eo-bmf-capacity,501(c)(3),democracy,31.4148,0.0942,0.3770,0.7400,,https://www.irs.gov/pub/irs-soi/eo_dc.csv
ASSOCIATION OF STATE & TERRITORIAL SOLID WASTE MANAGEMENT OFFICIALS,237446280,irs-eo-bmf-capacity,501(c)(6),democracy,2.7645,0.0498,0.0332,0.3200,,https://www.irs.gov/pub/irs-soi/eo_dc.csv
NATIONAL WILDLIFE REFUGE ASSOCIATION,237447365,irs-eo-bmf-capacity,501(c)(3),democracy,1.1931,0.0036,0.0143,0.7400,,https://www.irs.gov/pub/irs-soi/eo_dc.csv
NATHANIEL A MESNIKOFF FOUNDATION INC,237450437,irs-eo-bmf-capacity,501(c)(3),democracy,0.7546,0.0023,0.0091,0.7400,,https://www.irs.gov/pub/irs-soi/eo_dc.csv
NATIONAL ALLIANCE OF BLACK SCHOOL EDUCATORS INC,237451661,irs-eo-bmf-capacity,501(c)(3),democracy,2.5605,0.0077,0.0307,0.7400,,https://www.irs.gov/pub/irs-soi/eo_dc.csv
ENVIRONMENTAL DESIGN RESEARCH ASSOCIATION INC,237451983,irs-eo-bmf-capacity,501(c)(3),energy,0.4098,0.0012,0.0049,0.7400,,https://www.irs.gov/pub/irs-soi/eo_dc.csv
NATIONAL BLACK LAW STUDENTS ASSOCIATION INC,237627201,irs-eo-bmf-capacity,501(c)(3),democracy,0.9690,0.0029,0.0116,0.7400,,https://www.irs.gov/pub/irs-soi/eo_dc.csv
INDUSTRIAL TRUCK ASSOCIATION,251124211,irs-eo-bmf-capacity,501(c)(6),democracy,3.0773,0.0554,0.0369,0.3200,,https://www.irs.gov/pub/irs-soi/eo_dc.csv
AMERICAN INSTITUTE BANGLADESH STU,251581689,irs-eo-bmf-capacity,501(c)(3),democracy,0.0767,0.0002,0.0009,0.7400,,https://www.irs.gov/pub/irs-soi/eo_dc.csv
UNITED STATES-ASIA FOUNDATION,251601135,irs-eo-bmf-capacity,501(c)(3),democracy,0.0823,0.0002,0.0010,0.7400,,https://www.irs.gov/pub/irs-soi/eo_dc.csv
BIOTECHNOLOGY INSTITUTE,251716917,irs-eo-bmf-capacity,501(c)(3),technology,0.0499,0.0001,0.0006,0.7400,,https://www.irs.gov/pub/irs-soi/eo_dc.csv
WYSS FOUNDATION,251823874,irs-eo-bmf-capacity,501(c)(3),democracy,692.6563,2.0780,8.3119,0.7400,,https://www.irs.gov/pub/irs-soi/eo_dc.csv
GENDER ACTION,260001404,irs-eo-bmf-capacity,501(c)(3),democracy,0.0122,0.0000,0.0001,0.7400,,https://www.irs.gov/pub/irs-soi/eo_dc.csv
SURETY & FIDELITY ASSOCIATION OF AMERICA,260003391,irs-eo-bmf-capacity,501(c)(6),democracy,5.9586,0.1073,0.0715,0.3200,,https://www.irs.gov/pub/irs-soi/eo_dc.csv
HERB BLOCK FOUNDATION,260008276,irs-eo-bmf-capacity,501(c)(3),democracy,14.8189,0.0445,0.1778,0.7400,,https://www.irs.gov/pub/irs-soi/eo_dc.csv
NATIONAL HISPANIC HEALTH FOUNDATION,260051902,irs-eo-bmf-capacity,501(c)(3),democracy,2.2009,0.0066,0.0264,0.7400,,https://www.irs.gov/pub/irs-soi/eo_dc.csv
SECULAR COALITION FOR AMERICA INC,260058528,irs-eo-bmf-capacity,501(c)(4),democracy,0.2141,0.0054,0.0026,0.2000,,https://www.irs.gov/pub/irs-soi/eo_dc.csv
WATERWAYS COUNCIL INC,260080090,irs-eo-bmf-capacity,501(c)(6),democracy,2.9160,0.0525,0.0350,0.3200,,https://www.irs.gov/pub/irs-soi/eo_dc.csv
EMPIRE MOCK TRIAL ASSOCIATION INC,260150254,irs-eo-bmf-capacity,501(c)(3),democracy,0.7897,0.0024,0.0095,0.7400,,https://www.irs.gov/pub/irs-soi/eo_dc.csv
NATIONAL ALLIANCE OF COMMUNITY ECONOMIC DEVELOPMENT ASSOCIATIONS,260159736,irs-eo-bmf-capacity,501(c)(3),democracy,0.6665,0.0020,0.0080,0.7400,,https://www.irs.gov/pub/irs-soi/eo_dc.csv
ASSOCIATION OF DENTAL SUPPORT ORGANIZATIONS,260170284,irs-eo-bmf-capacity,501(c)(6),democracy,9.2407,0.1663,0.1109,0.3200,,https://www.irs.gov/pub/irs-soi/eo_dc.csv
INSTITUTE FOR INTERNATIONAL LAW AND HUMAN RIGHTS,260204031,irs-eo-bmf-capacity,501(c)(3),democracy,0.8477,0.0025,0.0102,0.7400,,https://www.irs.gov/pub/irs-soi/eo_dc.csv
WANADA AUTOMOBILE DEALER EDUCATIONINSTITUTE,260257647,irs-eo-bmf-capacity,501(c)(3),democracy,0.9385,0.0028,0.0113,0.7400,,https://www.irs.gov/pub/irs-soi/eo_dc.csv
INSTITUTE FOR THE STUDY OF WAR INC,260273675,irs-eo-bmf-capacity,501(c)(3),democracy,8.2449,0.0247,0.0989,0.7400,,https://www.irs.gov/pub/irs-soi/eo_dc.csv
P BRUCE AND VIRGINIA C BENSONFOUNDATION - B,260274192,irs-eo-bmf-capacity,501(c)(3),democracy,0.6300,0.0019,0.0076,0.7400,,https://www.irs.gov/pub/irs-soi/eo_dc.csv
ADA UNIVERSITY FOUNDATION,260306948,irs-eo-bmf-capacity,501(c)(3),democracy,0.8689,0.0026,0.0104,0.7400,,https://www.irs.gov/pub/irs-soi/eo_dc.csv
AIR CHARTER SAFETY FOUNDATION,260338652,irs-eo-bmf-capacity,501(c)(3),democracy,1.2631,0.0038,0.0152,0.7400,,https://www.irs.gov/pub/irs-soi/eo_dc.csv
ECOTECH VISIONS FOUNDATION,260354733,irs-eo-bmf-capacity,501(c)(3),democracy,0.0270,0.0001,0.0003,0.7400,,https://www.irs.gov/pub/irs-soi/eo_dc.csv
PHILANTROPIC FOUNDATION,260498077,irs-eo-bmf-capacity,501(c)(3),democracy,0.0059,0.0000,0.0001,0.7400,,https://www.irs.gov/pub/irs-soi/eo_dc.csv
MODIFICATION AND REPLACEMENT PARTS ASSOCIATION INC,260499742,irs-eo-bmf-capacity,501(c)(6),democracy,0.9189,0.0165,0.0110,0.3200,,https://www.irs.gov/pub/irs-soi/eo_dc.csv
INTERNATIONAL ISRAEL ALLIES CAUCUS FOUNDATION INC,260501656,irs-eo-bmf-capacity,501(c)(3),democracy,1.0857,0.0033,0.0130,0.7400,,https://www.irs.gov/pub/irs-soi/eo_dc.csv
EXODUS TREATMENT CENTER,260503728,irs-eo-bmf-capacity,501(c)(3),democracy,0.8117,0.0024,0.0097,0.7400,,https://www.irs.gov/pub/irs-soi/eo_dc.csv
AYENDA FOUNDATION,260509581,irs-eo-bmf-capacity,501(c)(3),democracy,0.0125,0.0000,0.0002,0.7400,,https://www.irs.gov/pub/irs-soi/eo_dc.csv
NETWORK OF CHINESE HUMAN RIGHTS DEFENDERS INC,260523708,irs-eo-bmf-capacity,501(c)(3),democracy,1.1847,0.0036,0.0142,0.7400,,https://www.irs.gov/pub/irs-soi/eo_dc.csv
THIRD WAY INSTITUTE,260535276,irs-eo-bmf-capacity,501(c)(3),democracy,19.2789,0.0578,0.2313,0.7400,,https://www.irs.gov/pub/irs-soi/eo_dc.csv
RUMSFELD FOUNDATION,260580915,irs-eo-bmf-capacity,501(c)(3),democracy,1.5027,0.0045,0.0180,0.7400,,https://www.irs.gov/pub/irs-soi/eo_dc.csv
CENTER FOR SURVIVOR AGENCY ANDJUSTICE,260645142,irs-eo-bmf-capacity,501(c)(3),democracy,0.7814,0.0023,0.0094,0.7400,,https://www.irs.gov/pub/irs-soi/eo_dc.csv
THE GRIDWISE ALLIANCE INC,260723041,irs-eo-bmf-capacity,501(c)(3),democracy,1.1737,0.0035,0.0141,0.7400,,https://www.irs.gov/pub/irs-soi/eo_dc.csv
ARCADIA FOUNDATION CORP,260742250,irs-eo-bmf-capacity,501(c)(3),democracy,0.3729,0.0011,0.0045,0.7400,,https://www.irs.gov/pub/irs-soi/eo_dc.csv
AMERICANS FOR THE ARTS FOUNDATIONINC,260753160,irs-eo-bmf-capacity,501(c)(3),democracy,0.0901,0.0003,0.0011,0.7400,,https://www.irs.gov/pub/irs-soi/eo_dc.csv
DC FIRE & EMERGENCY MEDICAL SERVICES FOUNDATION INC,260803057,irs-eo-bmf-capacity,501(c)(3),democracy,0.3655,0.0011,0.0044,0.7400,,https://www.irs.gov/pub/irs-soi/eo_dc.csv
ALLIANCE OF HEALTH CARE SHARING MINISTRIES INC,260886401,irs-eo-bmf-capacity,501(c)(6),democracy,1.7405,0.0313,0.0209,0.3200,,https://www.irs.gov/pub/irs-soi/eo_dc.csv
JOURNALISM DEVELOMENT NETWORK INC,260898750,irs-eo-bmf-capacity,501(c)(3),democracy,21.4680,0.0644,0.2576,0.7400,,https://www.irs.gov/pub/irs-soi/eo_dc.csv
CENTER CITY PUBLIC CHARTER SCHOOLS,261255738,irs-eo-bmf-capacity,501(c)(3),democracy,46.1625,0.1385,0.5540,0.7400,,https://www.irs.gov/pub/irs-soi/eo_dc.csv
AUTISTIC SELF ADVOCACY NETWORK,261270198,irs-eo-bmf-capacity,501(c)(3),democracy,1.6916,0.0051,0.0203,0.7400,,https://www.irs.gov/pub/irs-soi/eo_dc.csv
DREAMING OUT LOUD FOUNDATION,261286043,irs-eo-bmf-capacity,501(c)(3),democracy,6.0971,0.0183,0.0732,0.7400,,https://www.irs.gov/pub/irs-soi/eo_dc.csv
NIQUAN GLOBAL FOUNDATION INC,261292408,irs-eo-bmf-capacity,501(c)(3),democracy,0.0246,0.0001,0.0003,0.7400,,https://www.irs.gov/pub/irs-soi/eo_dc.csv
BIPARTISAN POLICY CENTER ACTION INC,261299114,irs-eo-bmf-capacity,501(c)(4),democracy,4.9209,0.1230,0.0591,0.2000,,https://www.irs.gov/pub/irs-soi/eo_dc.csv
VIKTOR KALABIS & ZUZANA RUZICKOVA FOUNDATION INC,261355005,irs-eo-bmf-capacity,501(c)(3),democracy,0.0039,0.0000,0.0000,0.7400,,https://www.irs.gov/pub/irs-soi/eo_dc.csv
SCIENCE COALITION INC,261448736,irs-eo-bmf-capacity,501(c)(3),democracy,0.4210,0.0013,0.0051,0.7400,,https://www.irs.gov/pub/irs-soi/eo_dc.csv
THE CENTER FOR THE STUDY OF THE PRESIDENCY AND CONGRESS,261558519,irs-eo-bmf-capacity,501(c)(3),democracy,2.0986,0.0063,0.0252,0.7400,,https://www.irs.gov/pub/irs-soi/eo_dc.csv
NO GREATER SACRIFICE FOUNDATION,261572599,irs-eo-bmf-capacity,501(c)(3),democracy,3.0424,0.0091,0.0365,0.7400,,https://www.irs.gov/pub/irs-soi/eo_dc.csv
RENEWABLE ENERGY WILDLIFE INSTITUTE,261587829,irs-eo-bmf-capacity,501(c)(3),energy,3.8110,0.0114,0.0457,0.7400,,https://www.irs.gov/pub/irs-soi/eo_dc.csv
THE INSTITUTE FOR SOUND PUBLIC POLICY,261634671,irs-eo-bmf-capacity,501(c)(3),democracy,0.4935,0.0015,0.0059,0.7400,,https://www.irs.gov/pub/irs-soi/eo_dc.csv
MELANOMA RESEARCH ALLIANCE FOUNDATION,261636099,irs-eo-bmf-capacity,501(c)(3),democracy,16.4827,0.0494,0.1978,0.7400,,https://www.irs.gov/pub/irs-soi/eo_dc.csv
CARE ACTION NOW INCORPORATED,261728410,irs-eo-bmf-capacity,501(c)(4),democracy,0.6417,0.0160,0.0077,0.2000,,https://www.irs.gov/pub/irs-soi/eo_dc.csv
CAPITAL PRIDE ALLIANCE INCORPORATED,261763254,irs-eo-bmf-capacity,501(c)(3),finance,3.8978,0.0117,0.0468,0.7400,,https://www.irs.gov/pub/irs-soi/eo_dc.csv
THE ADD IMPACT NETWORK INC,261809507,irs-eo-bmf-capacity,501(c)(3),democracy,1.1566,0.0035,0.0139,0.7400,,https://www.irs.gov/pub/irs-soi/eo_dc.csv
SECULAR COALITION FOR AMERICA EDUCATION FUND,261891218,irs-eo-bmf-capacity,501(c)(3),democracy,0.3745,0.0011,0.0045,0.7400,,https://www.irs.gov/pub/irs-soi/eo_dc.csv
EQUIMUNDO CENTER FOR MASCULINITIES AND SOCIAL JUSTICE,261931968,irs-eo-bmf-capacity,501(c)(3),democracy,5.1865,0.0156,0.0622,0.7400,,https://www.irs.gov/pub/irs-soi/eo_dc.csv
WSWA EDUCATIONAL FOUNDATION INC,261933101,irs-eo-bmf-capacity,501(c)(3),democracy,0.2708,0.0008,0.0032,0.7400,,https://www.irs.gov/pub/irs-soi/eo_dc.csv
ABORTION CARE NETWORK,261972058,irs-eo-bmf-capacity,501(c)(3),democracy,6.6080,0.0198,0.0793,0.7400,,https://www.irs.gov/pub/irs-soi/eo_dc.csv
PATIENT CENTERED PRIMARY CARE FOUNDATION,262012436,irs-eo-bmf-capacity,501(c)(3),democracy,1.8018,0.0054,0.0216,0.7400,,https://www.irs.gov/pub/irs-soi/eo_dc.csv
FRANCISCAN ACTION NETWORK,262015539,irs-eo-bmf-capacity,501(c)(3),democracy,0.5718,0.0017,0.0069,0.7400,,https://www.irs.gov/pub/irs-soi/eo_dc.csv
NATIONAL ALLIANCE OF FOREST OWNERS,262095012,irs-eo-bmf-capacity,501(c)(6),democracy,5.8540,0.1054,0.0702,0.3200,,https://www.irs.gov/pub/irs-soi/eo_dc.csv
U S WATER ALLIANCE,262112661,irs-eo-bmf-capacity,501(c)(3),democracy,8.4830,0.0254,0.1018,0.7400,,https://www.irs.gov/pub/irs-soi/eo_dc.csv
CENTER FOR THE NATIONAL INTEREST INC,262117013,irs-eo-bmf-capacity,501(c)(3),democracy,2.7333,0.0082,0.0328,0.7400,,https://www.irs.gov/pub/irs-soi/eo_dc.csv
BUILDING BRIDGES FOUNDATION,262135445,irs-eo-bmf-capacity,501(c)(3),democracy,0.1465,0.0004,0.0018,0.7400,,https://www.irs.gov/pub/irs-soi/eo_dc.csv
GLOBAL LANGUAGE NETWORK,262222079,irs-eo-bmf-capacity,501(c)(3),democracy,0.1413,0.0004,0.0017,0.7400,,https://www.irs.gov/pub/irs-soi/eo_dc.csv
ARTISTS AND ATHLETES ALLIANCE,262255679,irs-eo-bmf-capacity,501(c)(3),democracy,0.1103,0.0003,0.0013,0.7400,,https://www.irs.gov/pub/irs-soi/eo_dc.csv
BPI FOUNDATION,262353925,irs-eo-bmf-capacity,501(c)(3),democracy,0.0147,0.0000,0.0002,0.7400,,https://www.irs.gov/pub/irs-soi/eo_dc.csv
INTERNATIONAL ASSOCIATION OF EMERGENCY MEDICAL SERVICES CHIEFS,262369147,irs-eo-bmf-capacity,501(c)(6),democracy,0.0031,0.0001,0.0000,0.3200,,https://www.irs.gov/pub/irs-soi/eo_dc.csv
LA ISLA NETWORK INC,262384892,irs-eo-bmf-capacity,501(c)(3),democracy,3.9159,0.0117,0.0470,0.7400,,https://www.irs.gov/pub/irs-soi/eo_dc.csv
PROJECT HEAL - HELP TO EAT ACCEPT & LIVE,262614278,irs-eo-bmf-capacity,501(c)(3),democracy,1.1283,0.0034,0.0135,0.7400,,https://www.irs.gov/pub/irs-soi/eo_dc.csv
W MONTAGUE COBB NMA HEALTH INSTITUTE,262652958,irs-eo-bmf-capacity,501(c)(3),democracy,0.5104,0.0015,0.0061,0.7400,,https://www.irs.gov/pub/irs-soi/eo_dc.csv
GEEN FAMILY FOUNDATION,262670613,irs-eo-bmf-capacity,501(c)(3),democracy,0.5319,0.0016,0.0064,0.7400,,https://www.irs.gov/pub/irs-soi/eo_dc.csv
HEALTH INITIATIVES FOUNDATION INC,262686306,irs-eo-bmf-capacity,501(c)(3),democracy,0.0934,0.0003,0.0011,0.7400,,https://www.irs.gov/pub/irs-soi/eo_dc.csv
FRITZ POLLARD ALLIANCE FOUNDATION,262701533,irs-eo-bmf-capacity,501(c)(3),democracy,0.8470,0.0025,0.0102,0.7400,,https://www.irs.gov/pub/irs-soi/eo_dc.csv
AMERICAN ENERGY ALLIANCE,262731617,irs-eo-bmf-capacity,501(c)(4),energy,2.3587,0.0590,0.0283,0.2000,,https://www.irs.gov/pub/irs-soi/eo_dc.csv
ALLIANCE FOR EARLY SUCCESS,262797011,irs-eo-bmf-capacity,501(c)(3),democracy,14.3750,0.0431,0.1725,0.7400,,https://www.irs.gov/pub/irs-soi/eo_dc.csv
NATIONAL PUBLIC EDUCATION ACTION,262819027,irs-eo-bmf-capacity,501(c)(4),democracy,0.0532,0.0013,0.0006,0.2000,,https://www.irs.gov/pub/irs-soi/eo_dc.csv
ASSOCIATION FOR JEWISH THEATRE,262864084,irs-eo-bmf-capacity,501(c)(3),democracy,0.1054,0.0003,0.0013,0.7400,,https://www.irs.gov/pub/irs-soi/eo_dc.csv
WE ARE FAMILY SENIOR OUTREACH NETWORK INC,262902518,irs-eo-bmf-capacity,501(c)(3),democracy,0.7118,0.0021,0.0085,0.7400,,https://www.irs.gov/pub/irs-soi/eo_dc.csv
RESEARCH INSTITUTE FOR HOME CARE,262916588,irs-eo-bmf-capacity,501(c)(3),democracy,0.3538,0.0011,0.0042,0.7400,,https://www.irs.gov/pub/irs-soi/eo_dc.csv
UNITED STATES CAPITOL PAGE ALUMNI ASSOCIATION INC,263080785,irs-eo-bmf-capacity,501(c)(3),democracy,0.0337,0.0001,0.0004,0.7400,,https://www.irs.gov/pub/irs-soi/eo_dc.csv
DEFIANT REQUIEM FOUNDATION,263238489,irs-eo-bmf-capacity,501(c)(3),democracy,1.0151,0.0030,0.0122,0.7400,,https://www.irs.gov/pub/irs-soi/eo_dc.csv
MILITARY BOWL FOUNDATION INC,263268204,irs-eo-bmf-capacity,501(c)(3),democracy,5.8791,0.0176,0.0705,0.7400,,https://www.irs.gov/pub/irs-soi/eo_dc.csv
ASSOCIATION OF PUBLIC RADIO ENGINEERS,263322098,irs-eo-bmf-capacity,501(c)(3),democracy,0.0512,0.0002,0.0006,0.7400,,https://www.irs.gov/pub/irs-soi/eo_dc.csv
JAPAN INTERNATTIONAL TRANSPORT AND TOURISM INSTITUTE USA,263335871,irs-eo-bmf-capacity,501(c)(3),democracy,1.9942,0.0060,0.0239,0.7400,,https://www.irs.gov/pub/irs-soi/eo_dc.csv
UNITE FOUNDATION,263431933,irs-eo-bmf-capacity,501(c)(3),democracy,0.0086,0.0000,0.0001,0.7400,,https://www.irs.gov/pub/irs-soi/eo_dc.csv
BOKAMOSO YOUTH FOUNDATION,263437346,irs-eo-bmf-capacity,501(c)(3),democracy,0.0991,0.0003,0.0012,0.7400,,https://www.irs.gov/pub/irs-soi/eo_dc.csv
R STREET INSTITUTE,263477125,irs-eo-bmf-capacity,501(c)(3),democracy,15.0954,0.0453,0.1811,0.7400,,https://www.irs.gov/pub/irs-soi/eo_dc.csv
MARCIO DUFFLES HAROLD DUNKERLEY FOUNDATION,263507969,irs-eo-bmf-capacity,501(c)(3),democracy,0.8042,0.0024,0.0097,0.7400,,https://www.irs.gov/pub/irs-soi/eo_dc.csv
JOHN ALEXANDER PROJECT,263550262,irs-eo-bmf-capacity,501(c)(3),democracy,0.0122,0.0000,0.0001,0.7400,,https://www.irs.gov/pub/irs-soi/eo_dc.csv
LEBANESE INFORMATION CENTER INC,263705493,irs-eo-bmf-capacity,501(c)(3),democracy,1.4834,0.0045,0.0178,0.7400,,https://www.irs.gov/pub/irs-soi/eo_dc.csv
AFRICA HUMANITARIAN ACTION INC,263717985,irs-eo-bmf-capacity,501(c)(3),democracy,1.2525,0.0038,0.0150,0.7400,,https://www.irs.gov/pub/irs-soi/eo_dc.csv
REAGAN-UDALL FOUNDATION FOR THE FOOD AND DRUG ADMINISTRATION,263727917,irs-eo-bmf-capacity,501(c)(3),democracy,8.2416,0.0247,0.0989,0.7400,,https://www.irs.gov/pub/irs-soi/eo_dc.csv
OUR ENERGY POLICY FOUNDATION,263768284,irs-eo-bmf-capacity,501(c)(3),energy,0.6059,0.0018,0.0073,0.7400,,https://www.irs.gov/pub/irs-soi/eo_dc.csv
SETA FOUNDATION,263774888,irs-eo-bmf-capacity,501(c)(3),democracy,1.0200,0.0031,0.0122,0.7400,,https://www.irs.gov/pub/irs-soi/eo_dc.csv
FAITH IN PUBLIC LIFE ACTION FUND,263827419,irs-eo-bmf-capacity,501(c)(4),democracy,0.1533,0.0038,0.0018,0.2000,,https://www.irs.gov/pub/irs-soi/eo_dc.csv
ACTION FOUNDATION,263836689,irs-eo-bmf-capacity,501(c)(3),democracy,0.0065,0.0000,0.0001,0.7400,,https://www.irs.gov/pub/irs-soi/eo_dc.csv
DAVIES FOUNDATION,263867274,irs-eo-bmf-capacity,501(c)(3),democracy,0.3358,0.0010,0.0040,0.7400,,https://www.irs.gov/pub/irs-soi/eo_dc.csv
NATIONAL INSTALLMENT LENDERS ASSOCIATION,263881154,irs-eo-bmf-capacity,501(c)(6),democracy,0.2995,0.0054,0.0036,0.3200,,https://www.irs.gov/pub/irs-soi/eo_dc.csv
REAL ESTATE ROUNDTABLE EDUCATION AND RESEARCH FOUNDATION,263902909,irs-eo-bmf-capacity,501(c)(3),democracy,0.0080,0.0000,0.0001,0.7400,,https://www.irs.gov/pub/irs-soi/eo_dc.csv
WYSS MEDICAL FOUNDATION INC,263962795,irs-eo-bmf-capacity,501(c)(3),democracy,19.5508,0.0587,0.2346,0.7400,,https://www.irs.gov/pub/irs-soi/eo_dc.csv
WOMENS TRANSPORTATION SEMINAR FOUNDATION,264058230,irs-eo-bmf-capacity,501(c)(3),democracy,1.2174,0.0037,0.0146,0.7400,,https://www.irs.gov/pub/irs-soi/eo_dc.csv
ASSOCIATION FOR CLINICAL AND TRANSLATIONAL SCIENCE,264245965,irs-eo-bmf-capacity,501(c)(3),democracy,1.4793,0.0044,0.0178,0.7400,,https://www.irs.gov/pub/irs-soi/eo_dc.csv
DELANEY CHARITABLE FOUNDATION,264312410,irs-eo-bmf-capacity,501(c)(3),democracy,0.0239,0.0001,0.0003,0.7400,,https://www.irs.gov/pub/irs-soi/eo_dc.csv
AMERICAN RESEARCH AND POLICY INSITUTE,264392206,irs-eo-bmf-capacity,501(c)(3),democracy,0.1309,0.0004,0.0016,0.7400,,https://www.irs.gov/pub/irs-soi/eo_dc.csv
ADVANCED BIOFUELS ASSOCIATION,264484456,irs-eo-bmf-capacity,501(c)(6),democracy,1.4423,0.0260,0.0173,0.3200,,https://www.irs.gov/pub/irs-soi/eo_dc.csv
EVERYLIFE FOUNDATION FOR RARE DISEASES,264614274,irs-eo-bmf-capacity,501(c)(3),democracy,7.0316,0.0211,0.0844,0.7400,,https://www.irs.gov/pub/irs-soi/eo_dc.csv
VET VOICE FOUNDATION INC,264627222,irs-eo-bmf-capacity,501(c)(3),democracy,6.2404,0.0187,0.0749,0.7400,,https://www.irs.gov/pub/irs-soi/eo_dc.csv
CRN FOUNDATION,264677478,irs-eo-bmf-capacity,501(c)(3),democracy,0.4316,0.0013,0.0052,0.7400,,https://www.irs.gov/pub/irs-soi/eo_dc.csv
COALITION ON HUMAN NEEDS,264680984,irs-eo-bmf-capacity,501(c)(3),democracy,1.0462,0.0031,0.0126,0.7400,,https://www.irs.gov/pub/irs-soi/eo_dc.csv
NATIONAL IMMIGRATION FORUM ACTION FUND,264718617,irs-eo-bmf-capacity,501(c)(4),democracy,1.1102,0.0278,0.0133,0.2000,,https://www.irs.gov/pub/irs-soi/eo_dc.csv
VOTER REGISTRATION PROJECT,264802468,irs-eo-bmf-capacity,501(c)(3),democracy,65.6463,0.1969,0.7878,0.7400,,https://www.irs.gov/pub/irs-soi/eo_dc.csv
OLD NAVAL HOSPITAL FOUNDATION,270038119,irs-eo-bmf-capacity,501(c)(3),democracy,2.0150,0.0060,0.0242,0.7400,,https://www.irs.gov/pub/irs-soi/eo_dc.csv
CENTER FOR COMMUNITY CHANGE ACTION,270061100,irs-eo-bmf-capacity,501(c)(4),democracy,6.7859,0.1696,0.0814,0.2000,,https://www.irs.gov/pub/irs-soi/eo_dc.csv
MARINA ORTH FOUNDATION,270115624,irs-eo-bmf-capacity,501(c)(3),democracy,0.2345,0.0007,0.0028,0.7400,,https://www.irs.gov/pub/irs-soi/eo_dc.csv
REGISTRATION PROJECT INC,270273101,irs-eo-bmf-capacity,501(c)(3),democracy,0.1414,0.0004,0.0017,0.7400,,https://www.irs.gov/pub/irs-soi/eo_dc.csv
AMERICAN IDEAS INSTITUTE,270311492,irs-eo-bmf-capacity,501(c)(3),democracy,1.1849,0.0036,0.0142,0.7400,,https://www.irs.gov/pub/irs-soi/eo_dc.csv
WORLD JUSTICE PROJECT,270359097,irs-eo-bmf-capacity,501(c)(3),democracy,7.7813,0.0233,0.0934,0.7400,,https://www.irs.gov/pub/irs-soi/eo_dc.csv
LUMUMBAS LITERACY PROJECT,270366028,irs-eo-bmf-capacity,501(c)(3),democracy,0.0005,0.0000,0.0000,0.7400,,https://www.irs.gov/pub/irs-soi/eo_dc.csv
COMMUNITY FOUNDATIONS NATIONAL STANDARDS BOARD,270448505,irs-eo-bmf-capacity,501(c)(3),democracy,0.4271,0.0013,0.0051,0.7400,,https://www.irs.gov/pub/irs-soi/eo_dc.csv
POTSDAM FOUNDATION,270450414,irs-eo-bmf-capacity,501(c)(3),democracy,0.0065,0.0000,0.0001,0.7400,,https://www.irs.gov/pub/irs-soi/eo_dc.csv
FDP FOUNDATION,270451666,irs-eo-bmf-capacity,501(c)(3),democracy,1.2133,0.0036,0.0146,0.7400,,https://www.irs.gov/pub/irs-soi/eo_dc.csv
PULITZER CENTER ON CRISIS REPORTING,270458242,irs-eo-bmf-capacity,501(c)(3),democracy,17.5467,0.0526,0.2106,0.7400,,https://www.irs.gov/pub/irs-soi/eo_dc.csv
ALLIANCE FOR REGENERATIVE MEDICINE,270486705,irs-eo-bmf-capacity,501(c)(4),democracy,18.4425,0.4611,0.2213,0.2000,,https://www.irs.gov/pub/irs-soi/eo_dc.csv
AMERICAN ACTION FORUM INC,270567765,irs-eo-bmf-capacity,501(c)(3),democracy,4.4364,0.0133,0.0532,0.7400,,https://www.irs.gov/pub/irs-soi/eo_dc.csv
OIL AND NATURAL GAS INDUSTRY LABOR MANAGEMENT COMMITTEE,270567842,irs-eo-bmf-capacity,501(c)(6),energy,0.1010,0.0018,0.0012,0.3200,,https://www.irs.gov/pub/irs-soi/eo_dc.csv
PUBLIC RELIGION RESEARCH INSTITUTE,270586980,irs-eo-bmf-capacity,501(c)(3),democracy,3.9235,0.0118,0.0471,0.7400,,https://www.irs.gov/pub/irs-soi/eo_dc.csv
AMERICAN PAKISTAN FOUNDATION,270726675,irs-eo-bmf-capacity,501(c)(3),democracy,0.2085,0.0006,0.0025,0.7400,,https://www.irs.gov/pub/irs-soi/eo_dc.csv
AMERICAN ACTION NETWORK INC,270730508,irs-eo-bmf-capacity,501(c)(4),democracy,57.0089,1.4252,0.6841,0.2000,,https://www.irs.gov/pub/irs-soi/eo_dc.csv
SPORTS FANS COALITION INC,270757185,irs-eo-bmf-capacity,501(c)(4),democracy,0.5695,0.0142,0.0068,0.2000,,https://www.irs.gov/pub/irs-soi/eo_dc.csv
DC BID COUNCIL,270769146,irs-eo-bmf-capacity,501(c)(3),democracy,0.3189,0.0010,0.0038,0.7400,,https://www.irs.gov/pub/irs-soi/eo_dc.csv
THE JACK KEMP FOUNDATION,270856599,irs-eo-bmf-capacity,501(c)(3),democracy,0.0755,0.0002,0.0009,0.7400,,https://www.irs.gov/pub/irs-soi/eo_dc.csv
NATIONAL ASSOCIATION OF IDEA PRINCIPAL INVESTIGATORS,271040652,irs-eo-bmf-capacity,501(c)(3),democracy,0.5697,0.0017,0.0068,0.7400,,https://www.irs.gov/pub/irs-soi/eo_dc.csv
LADIES OF LIBERTY ALLIANCE,271047673,irs-eo-bmf-capacity,501(c)(3),democracy,0.6498,0.0019,0.0078,0.7400,,https://www.irs.gov/pub/irs-soi/eo_dc.csv
NATIONAL WORKFORCE REGISTRY ALLIANCE INC,271073451,irs-eo-bmf-capacity,501(c)(3),democracy,0.6214,0.0019,0.0075,0.7400,,https://www.irs.gov/pub/irs-soi/eo_dc.csv
COUNCIL TO ADVANCE HUNTING AND THE,271078350,irs-eo-bmf-capacity,501(c)(3),democracy,1.9477,0.0058,0.0234,0.7400,,https://www.irs.gov/pub/irs-soi/eo_dc.csv
CONFECTIONERY FOUNDATION,271111667,irs-eo-bmf-capacity,501(c)(3),democracy,0.0249,0.0001,0.0003,0.7400,,https://www.irs.gov/pub/irs-soi/eo_dc.csv
AMERICAN IMMUNIZATION REGISTRY ASSOCIATION,271130269,irs-eo-bmf-capacity,501(c)(3),democracy,8.3742,0.0251,0.1005,0.7400,,https://www.irs.gov/pub/irs-soi/eo_dc.csv
AMERICAN AUTOMOTIVE POLICY COUNCIL INC,271157879,irs-eo-bmf-capacity,501(c)(6),democracy,3.1306,0.0564,0.0376,0.3200,,https://www.irs.gov/pub/irs-soi/eo_dc.csv
US FRIENDS OF THE INTERNATIONAL INSTITUTE FOR STRATEGIC STUDIES,271211249,irs-eo-bmf-capacity,501(c)(3),democracy,0.7263,0.0022,0.0087,0.7400,,https://www.irs.gov/pub/irs-soi/eo_dc.csv
WORLD EDUCATION RESEARCH ASSOCIATION,271239140,irs-eo-bmf-capacity,501(c)(3),democracy,0.1362,0.0004,0.0016,0.7400,,https://www.irs.gov/pub/irs-soi/eo_dc.csv
INSTITUTE FOR STRATEGIC DIALOGUE US,271282489,irs-eo-bmf-capacity,501(c)(3),democracy,12.7997,0.0384,0.1536,0.7400,,https://www.irs.gov/pub/irs-soi/eo_dc.csv
SERVICE WOMENS ACTION NETWORK,271316232,irs-eo-bmf-capacity,501(c)(3),democracy,0.2235,0.0007,0.0027,0.7400,,https://www.irs.gov/pub/irs-soi/eo_dc.csv
US - UAE BUSINESS COUNCIL,271382753,irs-eo-bmf-capacity,501(c)(6),democracy,2.7385,0.0493,0.0329,0.3200,,https://www.irs.gov/pub/irs-soi/eo_dc.csv
KERMIT SCRAGG FOUNDATION INC,271399843,irs-eo-bmf-capacity,501(c)(3),democracy,0.1589,0.0005,0.0019,0.7400,,https://www.irs.gov/pub/irs-soi/eo_dc.csv
INNOVATORS NETWORK FOUNDATION,271413020,irs-eo-bmf-capacity,501(c)(3),democracy,0.9863,0.0030,0.0118,0.7400,,https://www.irs.gov/pub/irs-soi/eo_dc.csv
GLOBAL WOMENS INNOVATION NETWORK,271428117,irs-eo-bmf-capacity,501(c)(3),democracy,3.0647,0.0092,0.0368,0.7400,,https://www.irs.gov/pub/irs-soi/eo_dc.csv
GROUP OF 50 FOUNDATION INC,271441903,irs-eo-bmf-capacity,501(c)(6),democracy,0.1071,0.0019,0.0013,0.3200,,https://www.irs.gov/pub/irs-soi/eo_dc.csv
CERTIFICATION INSTITUTE FOR RESEARCH QUALITY INC,271484712,irs-eo-bmf-capacity,501(c)(6),democracy,0.4605,0.0083,0.0055,0.3200,,https://www.irs.gov/pub/irs-soi/eo_dc.csv
JAMES R AND LINDA BEERS FOUNDATION INC,271518019,irs-eo-bmf-capacity,501(c)(3),democracy,0.2346,0.0007,0.0028,0.7400,,https://www.irs.gov/pub/irs-soi/eo_dc.csv
USAGAINSTALZHEIMERS ACTION,271538205,irs-eo-bmf-capacity,501(c)(4),democracy,0.4264,0.0107,0.0051,0.2000,,https://www.irs.gov/pub/irs-soi/eo_dc.csv
AMERICAN ASSOCIATION OF PUBLIC INSURANCE ADJUSTERS,271606890,irs-eo-bmf-capacity,501(c)(6),finance,0.1506,0.0027,0.0018,0.3200,,https://www.irs.gov/pub/irs-soi/eo_dc.csv
COMPASS POINT RESEARCH AND TRADING CHARITABLE FOUNDATION INC,271917450,irs-eo-bmf-capacity,501(c)(3),democracy,0.0005,0.0000,0.0000,0.7400,,https://www.irs.gov/pub/irs-soi/eo_dc.csv
FARVUE FOUNDATION INC,271938940,irs-eo-bmf-capacity,501(c)(3),democracy,19.6332,0.0589,0.2356,0.7400,,https://www.irs.gov/pub/irs-soi/eo_dc.csv
FRIENDS OF THE BRITISH COUNCIL USA,271976339,irs-eo-bmf-capacity,501(c)(3),democracy,0.4724,0.0014,0.0057,0.7400,,https://www.irs.gov/pub/irs-soi/eo_dc.csv
WASHINGTON BAR ASSOCIATION EDUCATIONAL FOUNDATION INC,271981475,irs-eo-bmf-capacity,501(c)(3),democracy,0.0600,0.0002,0.0007,0.7400,,https://www.irs.gov/pub/irs-soi/eo_dc.csv
TARA FOUNDATION FOR MARINE RESEARCH,272018797,irs-eo-bmf-capacity,501(c)(3),democracy,0.0539,0.0002,0.0006,0.7400,,https://www.irs.gov/pub/irs-soi/eo_dc.csv
HNBA VIA-VISION IN ACTION-FUND,272154239,irs-eo-bmf-capacity,501(c)(3),democracy,3.7829,0.0113,0.0454,0.7400,,https://www.irs.gov/pub/irs-soi/eo_dc.csv
ROUNDTABLE ASSOCIATION OF CATHOLIC DIOCESAN SOCIAL ACTION DIRECTORS,272161660,irs-eo-bmf-capacity,501(c)(3),democracy,0.0237,0.0001,0.0003,0.7400,,https://www.irs.gov/pub/irs-soi/eo_dc.csv
DO THE WRITE THING FOUNDATION OF DC,272171541,irs-eo-bmf-capacity,501(c)(3),democracy,0.5161,0.0015,0.0062,0.7400,,https://www.irs.gov/pub/irs-soi/eo_dc.csv
FSSGIANS ALUMNI ASSOCIATION,272176514,irs-eo-bmf-capacity,501(c)(3),democracy,0.0489,0.0001,0.0006,0.7400,,https://www.irs.gov/pub/irs-soi/eo_dc.csv
RETAIL LITIGATION CENTER INC,272188600,irs-eo-bmf-capacity,501(c)(6),democracy,1.2912,0.0232,0.0155,0.3200,,https://www.irs.gov/pub/irs-soi/eo_dc.csv
AMERICAN BIOGAS COUNCIL,272221142,irs-eo-bmf-capacity,501(c)(6),energy,5.8692,0.1056,0.0704,0.3200,,https://www.irs.gov/pub/irs-soi/eo_dc.csv
FRIENDS OF THE GRADUATE INSTITUTE GENEVA INC,272229822,irs-eo-bmf-capacity,501(c)(3),democracy,0.0146,0.0000,0.0002,0.7400,,https://www.irs.gov/pub/irs-soi/eo_dc.csv
BCCC FOUNDATION,272240704,irs-eo-bmf-capacity,501(c)(3),democracy,0.0015,0.0000,0.0000,0.7400,,https://www.irs.gov/pub/irs-soi/eo_dc.csv
HERITAGE ACTION FOR AMERICA,272244700,irs-eo-bmf-capacity,501(c)(4),democracy,15.5090,0.3877,0.1861,0.2000,,https://www.irs.gov/pub/irs-soi/eo_dc.csv
NATIONAL FORUM FOR HEART DISEASE,272257461,irs-eo-bmf-capacity,501(c)(3),democracy,0.5289,0.0016,0.0063,0.7400,,https://www.irs.gov/pub/irs-soi/eo_dc.csv
GLOBAL NETWORK INITIATIVE,272322782,irs-eo-bmf-capacity,501(c)(3),democracy,1.3123,0.0039,0.0157,0.7400,,https://www.irs.gov/pub/irs-soi/eo_dc.csv
AONL FOUNDATION FOR NURSING LEADERSHIP RESEARCH AND EDUCATION,272399044,irs-eo-bmf-capacity,501(c)(3),democracy,1.5298,0.0046,0.0184,0.7400,,https://www.irs.gov/pub/irs-soi/eo_dc.csv
CAPITAL AREA FOOD BANK FOUNDATION,272446583,irs-eo-bmf-capacity,501(c)(3),finance,1.9073,0.0057,0.0229,0.7400,,https://www.irs.gov/pub/irs-soi/eo_dc.csv
CORNET ASSOCIATION OF AMERICA,272521668,irs-eo-bmf-capacity,501(c)(4),democracy,1.8477,0.0462,0.0222,0.2000,,https://www.irs.gov/pub/irs-soi/eo_dc.csv
HISPANIC ACCESS FOUNDATION,272589206,irs-eo-bmf-capacity,501(c)(3),democracy,16.1471,0.0484,0.1938,0.7400,,https://www.irs.gov/pub/irs-soi/eo_dc.csv
EVIL EMPIRE SPEECH MEMORIAL FOUNDATION,272594457,irs-eo-bmf-capacity,501(c)(3),democracy,0.0322,0.0001,0.0004,0.7400,,https://www.irs.gov/pub/irs-soi/eo_dc.csv
ASSOCIATION OF LATINO ADMINISTRATORS AND SUPERINTENDENTS,272674757,irs-eo-bmf-capacity,501(c)(3),democracy,1.1747,0.0035,0.0141,0.7400,,https://www.irs.gov/pub/irs-soi/eo_dc.csv
LAFAYETTE TENNIS ASSOCIATION,272835258,irs-eo-bmf-capacity,501(c)(3),democracy,0.5167,0.0016,0.0062,0.7400,,https://www.irs.gov/pub/irs-soi/eo_dc.csv
NATIONAL PUERTO RICAN CHAMBER OF COMMERCE,272853899,irs-eo-bmf-capacity,501(c)(3),democracy,0.2630,0.0008,0.0032,0.7400,,https://www.irs.gov/pub/irs-soi/eo_dc.csv
THE NATIONAL REENTRY NETWORK FOR RETURNING CITIZENS,272880114,irs-eo-bmf-capacity,501(c)(3),democracy,1.1826,0.0035,0.0142,0.7400,,https://www.irs.gov/pub/irs-soi/eo_dc.csv
NATIONAL VETERAN SMALL BUSINESS COALITION,272901001,irs-eo-bmf-capacity,501(c)(6),democracy,0.3045,0.0055,0.0037,0.3200,,https://www.irs.gov/pub/irs-soi/eo_dc.csv
NDPI FOUNDATION INC,272924204,irs-eo-bmf-capacity,501(c)(3),democracy,1.5526,0.0047,0.0186,0.7400,,https://www.irs.gov/pub/irs-soi/eo_dc.csv
WIPP EDUCATION FOUNDATION INC,272953889,irs-eo-bmf-capacity,501(c)(3),democracy,0.0465,0.0001,0.0006,0.7400,,https://www.irs.gov/pub/irs-soi/eo_dc.csv
ELAINE ELLIS CENTER OF HEALTH INC,273048576,irs-eo-bmf-capacity,501(c)(3),democracy,7.4590,0.0224,0.0895,0.7400,,https://www.irs.gov/pub/irs-soi/eo_dc.csv
SNCC LEGACY PROJECT INC,273057586,irs-eo-bmf-capacity,501(c)(3),democracy,1.1244,0.0034,0.0135,0.7400,,https://www.irs.gov/pub/irs-soi/eo_dc.csv
AMERICAN TELEVISION ALLIANCE,273085241,irs-eo-bmf-capacity,501(c)(4),democracy,0.6123,0.0153,0.0073,0.2000,,https://www.irs.gov/pub/irs-soi/eo_dc.csv
CONSERVATION COUNCIL OF NATIONS,273152104,irs-eo-bmf-capacity,501(c)(3),democracy,5.4766,0.0164,0.0657,0.7400,,https://www.irs.gov/pub/irs-soi/eo_dc.csv
SARGASSO SEA PROJECT INC,273229137,irs-eo-bmf-capacity,501(c)(3),energy,0.2153,0.0006,0.0026,0.7400,,https://www.irs.gov/pub/irs-soi/eo_dc.csv
NATIONAL ASSOCIATION OF MEDICAID DIRECTORS,273258188,irs-eo-bmf-capacity,501(c)(3),democracy,5.5243,0.0166,0.0663,0.7400,,https://www.irs.gov/pub/irs-soi/eo_dc.csv
MILEAGE BASED USER FEE ALLIANCE,273335234,irs-eo-bmf-capacity,501(c)(3),democracy,0.2723,0.0008,0.0033,0.7400,,https://www.irs.gov/pub/irs-soi/eo_dc.csv
DISTRICT OF COLUMBIA GREEN SPACES ALLIANCE,273486932,irs-eo-bmf-capacity,501(c)(3),democracy,0.2223,0.0007,0.0027,0.7400,,https://www.irs.gov/pub/irs-soi/eo_dc.csv
COUNCIL OF KOREAN AMERICANS INC,273496925,irs-eo-bmf-capacity,501(c)(3),democracy,2.4686,0.0074,0.0296,0.7400,,https://www.irs.gov/pub/irs-soi/eo_dc.csv
PANEL GROUP THOUGHT FOR ACTION,273505886,irs-eo-bmf-capacity,501(c)(3),democracy,0.1259,0.0004,0.0015,0.7400,,https://www.irs.gov/pub/irs-soi/eo_dc.csv
FARM JOURNAL AGRICULTURAL FOUNDATION,273513787,irs-eo-bmf-capacity,501(c)(3),democracy,6.5322,0.0196,0.0784,0.7400,,https://www.irs.gov/pub/irs-soi/eo_dc.csv
NATIONAL ASSOCIATION OF REAL ESTATE INVESTMENT TRUST INC,273586050,irs-eo-bmf-capacity,501(c)(6),democracy,36.4123,0.6554,0.4369,0.3200,,https://www.irs.gov/pub/irs-soi/eo_dc.csv
WASHINGTON BLADE FOUNDATION,273625406,irs-eo-bmf-capacity,501(c)(3),democracy,0.1573,0.0005,0.0019,0.7400,,https://www.irs.gov/pub/irs-soi/eo_dc.csv
GREATER WASHINGTON REGION CLEAN CITIES COALITION,273768863,irs-eo-bmf-capacity,501(c)(3),democracy,0.4951,0.0015,0.0059,0.7400,,https://www.irs.gov/pub/irs-soi/eo_dc.csv
JANE BANCROFT ROBINSON FOUNDATION INC,273818431,irs-eo-bmf-capacity,501(c)(3),democracy,11.2128,0.0336,0.1346,0.7400,,https://www.irs.gov/pub/irs-soi/eo_dc.csv
STACY MARK REED FOUNDATION INC,273818765,irs-eo-bmf-capacity,501(c)(3),democracy,23.4418,0.0703,0.2813,0.7400,,https://www.irs.gov/pub/irs-soi/eo_dc.csv
EDUCATORS INSTITUTE FOR HUMAN RIGHTS,273941018,irs-eo-bmf-capacity,501(c)(3),democracy,0.4341,0.0013,0.0052,0.7400,,https://www.irs.gov/pub/irs-soi/eo_dc.csv
ROBERT AND MARGARET MCNAMARA FOUNDATION 3,273949004,irs-eo-bmf-capacity,501(c)(3),democracy,0.1618,0.0005,0.0019,0.7400,,https://www.irs.gov/pub/irs-soi/eo_dc.csv
COLLECTIVE ACTION FOR SAFE SPACE,273963489,irs-eo-bmf-capacity,501(c)(3),democracy,0.3408,0.0010,0.0041,0.7400,,https://www.irs.gov/pub/irs-soi/eo_dc.csv
NEWS LITERACY PROJECT INC,274011343,irs-eo-bmf-capacity,501(c)(3),democracy,9.4619,0.0284,0.1135,0.7400,,https://www.irs.gov/pub/irs-soi/eo_dc.csv
NATIONAL ASSOCIATION OF NUCLEAR PHARMACIES,274030019,irs-eo-bmf-capacity,501(c)(6),democracy,0.0982,0.0018,0.0012,0.3200,,https://www.irs.gov/pub/irs-soi/eo_dc.csv
HUMAN ANIMAL BOND RESEARCH FOUNDATION,274159453,irs-eo-bmf-capacity,501(c)(3),democracy,1.5956,0.0048,0.0191,0.7400,,https://www.irs.gov/pub/irs-soi/eo_dc.csv
AN OPEN BOOK FOUNDATION,274234601,irs-eo-bmf-capacity,501(c)(3),democracy,0.6890,0.0021,0.0083,0.7400,,https://www.irs.gov/pub/irs-soi/eo_dc.csv
VOICE OF THE PEOPLE ACTION,274267205,irs-eo-bmf-capacity,501(c)(4),democracy,0.0350,0.0009,0.0004,0.2000,,https://www.irs.gov/pub/irs-soi/eo_dc.csv
INSTITUTE FOR ASIAN PACIFIC AMERICAN LEADERSHIP & ADVANCEMENT,274284628,irs-eo-bmf-capacity,501(c)(3),democracy,0.4746,0.0014,0.0057,0.7400,,https://www.irs.gov/pub/irs-soi/eo_dc.csv
TESSERACT RESEARCH CENTER INC,274552853,irs-eo-bmf-capacity,501(c)(3),democracy,3.2535,0.0098,0.0390,0.7400,,https://www.irs.gov/pub/irs-soi/eo_dc.csv
INSTITUTE FOR SUSTAINABLE INFRASTRUCTURE,274568381,irs-eo-bmf-capacity,501(c)(3),democracy,2.5944,0.0078,0.0311,0.7400,,https://www.irs.gov/pub/irs-soi/eo_dc.csv
NATIONAL CHINA GARDEN FOUNDATION,274594056,irs-eo-bmf-capacity,501(c)(3),democracy,0.1101,0.0003,0.0013,0.7400,,https://www.irs.gov/pub/irs-soi/eo_dc.csv
MOTHERS OUTREACH NETWORK INC,274647364,irs-eo-bmf-capacity,501(c)(3),democracy,1.1327,0.0034,0.0136,0.7400,,https://www.irs.gov/pub/irs-soi/eo_dc.csv
COUNCIL FOR THE ACCREDITATION OF EDUCATOR PREPARATION,274701474,irs-eo-bmf-capacity,501(c)(3),energy,4.7376,0.0142,0.0569,0.7400,,https://www.irs.gov/pub/irs-soi/eo_dc.csv
MIDWESTERN GOVERNORS ASSOCIATION,274862860,irs-eo-bmf-capacity,501(c)(3),democracy,1.1318,0.0034,0.0136,0.7400,,https://www.irs.gov/pub/irs-soi/eo_dc.csv
AMERICAN BEVERAGE FOUNDATION FOR A HEALTHY AMERICA,274908904,irs-eo-bmf-capacity,501(c)(3),democracy,1.5951,0.0048,0.0191,0.7400,,https://www.irs.gov/pub/irs-soi/eo_dc.csv
AMERICAN COLLEGE OF TRUST AND ESTATE COUNSEL FOUNDATION INC,275024342,irs-eo-bmf-capacity,501(c)(3),democracy,0.3634,0.0011,0.0044,0.7400,,https://www.irs.gov/pub/irs-soi/eo_dc.csv
COALITION FOR AMERICAN JOBS,275075681,irs-eo-bmf-capacity,501(c)(6),democracy,0.0003,0.0000,0.0000,0.3200,,https://www.irs.gov/pub/irs-soi/eo_dc.csv
CAMPBELL FAMILY FOUNDATION,275135012,irs-eo-bmf-capacity,501(c)(3),democracy,1.4471,0.0043,0.0174,0.7400,,https://www.irs.gov/pub/irs-soi/eo_dc.csv
AB FOUNDATION,275278038,irs-eo-bmf-capacity,501(c)(4),democracy,74.5745,1.8644,0.8949,0.2000,,https://www.irs.gov/pub/irs-soi/eo_dc.csv
ADVANCED WOODY BIOMASS ALLIANCE,275484284,irs-eo-bmf-capacity,501(c)(6),democracy,2.7075,0.0487,0.0325,0.3200,,https://www.irs.gov/pub/irs-soi/eo_dc.csv
THE AMERICAN EXPERIENCE FOUNDATION INC,300019421,irs-eo-bmf-capacity,501(c)(3),democracy,0.5845,0.0018,0.0070,0.7400,,https://www.irs.gov/pub/irs-soi/eo_dc.csv
VIRGINIA S WARNER FOUNDATION INC,300020922,irs-eo-bmf-capacity,501(c)(3),democracy,0.3681,0.0011,0.0044,0.7400,,https://www.irs.gov/pub/irs-soi/eo_dc.csv
NATIONAL ADULT PROTECTIVE SERVICES ASSOCIATION,300044497,irs-eo-bmf-capacity,501(c)(3),democracy,4.3388,0.0130,0.0521,0.7400,,https://www.irs.gov/pub/irs-soi/eo_dc.csv
EUPHONIUM FOUNDATION,300058251,irs-eo-bmf-capacity,501(c)(3),democracy,0.0678,0.0002,0.0008,0.7400,,https://www.irs.gov/pub/irs-soi/eo_dc.csv
TORTURE ABOLITION AND SURVIVORS SUPPORT COALITION INTERNATIONAL,300060696,irs-eo-bmf-capacity,501(c)(3),democracy,0.9428,0.0028,0.0113,0.7400,,https://www.irs.gov/pub/irs-soi/eo_dc.csv
THE ROYAL AIR FORCE MUSEUM AMERICAN FOUNDATION INC,300075287,irs-eo-bmf-capacity,501(c)(3),democracy,2.1290,0.0064,0.0255,0.7400,,https://www.irs.gov/pub/irs-soi/eo_dc.csv
NATIONAL SKILLS COALITION,300075580,irs-eo-bmf-capacity,501(c)(3),democracy,6.4738,0.0194,0.0777,0.7400,,https://www.irs.gov/pub/irs-soi/eo_dc.csv
NATIONAL MIGRANT AND SEASONAL HEAD START ASSOCIATION,300086410,irs-eo-bmf-capacity,501(c)(3),democracy,13.4916,0.0405,0.1619,0.7400,,https://www.irs.gov/pub/irs-soi/eo_dc.csv
NATIONAL ASSOCIATION OF ATTORNEYS GENERAL MISSION FOUNDATION INC,300088843,irs-eo-bmf-capacity,501(c)(3),democracy,4.6364,0.0139,0.0556,0.7400,,https://www.irs.gov/pub/irs-soi/eo_dc.csv
ALTERNATIVE NEWSWEEKLY FOUNDATION,300100369,irs-eo-bmf-capacity,501(c)(3),democracy,5.2862,0.0159,0.0634,0.7400,,https://www.irs.gov/pub/irs-soi/eo_dc.csv
GLOBALGIVING FOUNDATION INC,300108263,irs-eo-bmf-capacity,501(c)(3),democracy,91.0987,0.2733,1.0932,0.7400,,https://www.irs.gov/pub/irs-soi/eo_dc.csv
INTERNATIONAL ASSOCIATION OF WOMEN JUDGES,300116135,irs-eo-bmf-capacity,501(c)(3),democracy,0.6403,0.0019,0.0077,0.7400,,https://www.irs.gov/pub/irs-soi/eo_dc.csv
CENTER FOR AMERICAN PROGRESS,300126510,irs-eo-bmf-capacity,501(c)(3),democracy,37.3774,0.1121,0.4485,0.7400,,https://www.irs.gov/pub/irs-soi/eo_dc.csv
CENTER FOR AMERICAN PROGRESS ACTION FUND,300192708,irs-eo-bmf-capacity,501(c)(4),democracy,22.3870,0.5597,0.2686,0.2000,,https://www.irs.gov/pub/irs-soi/eo_dc.csv
ASSOCIATION OF ACCREDITED NATUROPATHIC MEDICAL COLLEGES,300194688,irs-eo-bmf-capacity,501(c)(3),finance,0.2834,0.0009,0.0034,0.7400,,https://www.irs.gov/pub/irs-soi/eo_dc.csv
STRATEGIC EDUCATION RESEARCH PARTNERSHIP INSTITUTE,300231116,irs-eo-bmf-capacity,501(c)(3),democracy,3.3884,0.0102,0.0407,0.7400,,https://www.irs.gov/pub/irs-soi/eo_dc.csv
ALASKA WILDERNESS LEAGUE ACTION INC,300233489,irs-eo-bmf-capacity,501(c)(4),democracy,0.1070,0.0027,0.0013,0.2000,,https://www.irs.gov/pub/irs-soi/eo_dc.csv
AFRICAN PARKS FOUNDATION OF AMERICA,300241904,irs-eo-bmf-capacity,501(c)(3),democracy,54.9165,0.1647,0.6590,0.7400,,https://www.irs.gov/pub/irs-soi/eo_dc.csv
NGLCC FOUNDATION,300271980,irs-eo-bmf-capacity,501(c)(3),democracy,2.1350,0.0064,0.0256,0.7400,,https://www.irs.gov/pub/irs-soi/eo_dc.csv
KEHILLAT BEIJING FOUNDATION,300295939,irs-eo-bmf-capacity,501(c)(3),democracy,0.0077,0.0000,0.0001,0.7400,,https://www.irs.gov/pub/irs-soi/eo_dc.csv
STOP CHILD PREDATORS COALITION,300348385,irs-eo-bmf-capacity,501(c)(4),democracy,0.1000,0.0025,0.0012,0.2000,,https://www.irs.gov/pub/irs-soi/eo_dc.csv
WASHINGTON FOUNDATION FOR FAMILY LIFE INC,300349903,irs-eo-bmf-capacity,501(c)(3),democracy,0.1566,0.0005,0.0019,0.7400,,https://www.irs.gov/pub/irs-soi/eo_dc.csv
DISTRICT OF COLUMBIA ASSOCIATION FOR THE EDUCATION OF YOUNG,300414415,irs-eo-bmf-capacity,501(c)(3),democracy,0.4285,0.0013,0.0051,0.7400,,https://www.irs.gov/pub/irs-soi/eo_dc.csv
CHILDRENS FOCUS FOUNDATION,300445185,irs-eo-bmf-capacity,501(c)(3),democracy,0.1269,0.0004,0.0015,0.7400,,https://www.irs.gov/pub/irs-soi/eo_dc.csv
COALITION FOR AMERICAS GATEWAYS AND TRADE CORRIDORS,300599859,irs-eo-bmf-capacity,501(c)(6),democracy,0.3971,0.0071,0.0048,0.3200,,https://www.irs.gov/pub/irs-soi/eo_dc.csv
INTERNATIONAL CHEWING GUM ASSOCIATION,300630080,irs-eo-bmf-capacity,501(c)(6),democracy,0.9335,0.0168,0.0112,0.3200,,https://www.irs.gov/pub/irs-soi/eo_dc.csv
ISRAEL ON CAMPUS COALITION INC,300664947,irs-eo-bmf-capacity,501(c)(3),democracy,26.4117,0.0792,0.3169,0.7400,,https://www.irs.gov/pub/irs-soi/eo_dc.csv
ENERGY POLICY RESEARCH FOUNDATION INC,301232594,irs-eo-bmf-capacity,501(c)(3),energy,0.6261,0.0019,0.0075,0.7400,,https://www.irs.gov/pub/irs-soi/eo_dc.csv
DESTINATION MARKETING ASSOCIATION INTERNATIONAL,310507334,irs-eo-bmf-capacity,501(c)(6),democracy,13.5492,0.2439,0.1626,0.3200,,https://www.irs.gov/pub/irs-soi/eo_dc.csv
NATIONAL ASSOCIATION FOR GIFTED CHILDREN,310686464,irs-eo-bmf-capacity,501(c)(3),democracy,2.2973,0.0069,0.0276,0.7400,,https://www.irs.gov/pub/irs-soi/eo_dc.csv
AMERICAN ASSOCIATION FOR AFFIRMATIVE ACTION,310896714,irs-eo-bmf-capacity,501(c)(6),democracy,0.0699,0.0013,0.0008,0.3200,,https://www.irs.gov/pub/irs-soi/eo_dc.csv
AMERICAN ASSOCIATION OF PATHOLOGISTS ASSISTANTS,310921680,irs-eo-bmf-capacity,501(c)(6),democracy,1.2263,0.0221,0.0147,0.3200,,https://www.irs.gov/pub/irs-soi/eo_dc.csv
NATIONAL ASSOCIATION OF REHABILITATION AGENCIES,311026576,irs-eo-bmf-capacity,501(c)(6),democracy,0.5239,0.0094,0.0063,0.3200,,https://www.irs.gov/pub/irs-soi/eo_dc.csv
ASSOCIATION OF NOTRE DAME CLUBS INC,311075467,irs-eo-bmf-capacity,501(c)(3),democracy,0.1068,0.0003,0.0013,0.7400,,https://www.irs.gov/pub/irs-soi/eo_dc.csv
CELLULOSE INSULATION MANUFACTURERS ASSOCIATION,311096862,irs-eo-bmf-capacity,501(c)(6),democracy,0.3569,0.0064,0.0043,0.3200,,https://www.irs.gov/pub/irs-soi/eo_dc.csv
INSTITUTE OF SCRAP RECYCLING INDUSTRIES INC,311205596,irs-eo-bmf-capacity,501(c)(6),democracy,23.6371,0.4255,0.2836,0.3200,,https://www.irs.gov/pub/irs-soi/eo_dc.csv
COALITION FOR ACADEMIC SCIENTIFIC COMPUTATION INC,311323022,irs-eo-bmf-capacity,501(c)(3),democracy,0.4242,0.0013,0.0051,0.7400,,https://www.irs.gov/pub/irs-soi/eo_dc.csv
THE PARENT PROJECT FOR MUSCULAR DYSTROPHY RESEARCH INC,311405490,irs-eo-bmf-capacity,501(c)(3),democracy,14.3118,0.0429,0.1717,0.7400,,https://www.irs.gov/pub/irs-soi/eo_dc.csv
INTERNATIONAL DOOR ASSOCIATION INC,311411356,irs-eo-bmf-capacity,501(c)(6),democracy,5.0539,0.0910,0.0606,0.3200,,https://www.irs.gov/pub/irs-soi/eo_dc.csv
CENTER FOR URBAN RENEWAL AND EDUCATION,311467594,irs-eo-bmf-capacity,501(c)(3),democracy,2.0036,0.0060,0.0240,0.7400,,https://www.irs.gov/pub/irs-soi/eo_dc.csv
NATIONAL AFRICAN-AMERICAN INSURANCE ASSOCIATION,311471178,irs-eo-bmf-capacity,501(c)(6),finance,2.1734,0.0391,0.0261,0.3200,,https://www.irs.gov/pub/irs-soi/eo_dc.csv
O STREET MUSEUM FOUNDATION,311550078,irs-eo-bmf-capacity,501(c)(3),democracy,1.4968,0.0045,0.0180,0.7400,,https://www.irs.gov/pub/irs-soi/eo_dc.csv
CENTER FOR COMMUNITY LENDING,311572726,irs-eo-bmf-capacity,501(c)(3),democracy,0.1005,0.0003,0.0012,0.7400,,https://www.irs.gov/pub/irs-soi/eo_dc.csv
AMERICAN TORT REFORM FOUNDATION,311577324,irs-eo-bmf-capacity,501(c)(3),democracy,0.0250,0.0001,0.0003,0.7400,,https://www.irs.gov/pub/irs-soi/eo_dc.csv
INTERNET EDUCATION FOUNDATION,311577362,irs-eo-bmf-capacity,501(c)(3),technology,1.1670,0.0035,0.0140,0.7400,,https://www.irs.gov/pub/irs-soi/eo_dc.csv
NATIONAL FARMERS UNION FOUNDATION,311582315,irs-eo-bmf-capacity,501(c)(3),democracy,1.3492,0.0040,0.0162,0.7400,,https://www.irs.gov/pub/irs-soi/eo_dc.csv
MARSHALL SHERFIELD FELLOWSHIP FOUNDATION,311594015,irs-eo-bmf-capacity,501(c)(3),democracy,0.1159,0.0003,0.0014,0.7400,,https://www.irs.gov/pub/irs-soi/eo_dc.csv
SALIE FAMILY PRIVATE FOUNDATION,311595419,irs-eo-bmf-capacity,501(c)(3),democracy,0.2184,0.0007,0.0026,0.7400,,https://www.irs.gov/pub/irs-soi/eo_dc.csv
HOUSING ASSOCIATION OF NONPROFIT DEVELOPERS,311604543,irs-eo-bmf-capacity,501(c)(3),democracy,1.4631,0.0044,0.0176,0.7400,,https://www.irs.gov/pub/irs-soi/eo_dc.csv
ASSOCIATION OF AFRICAN AMERICAN MUSEUMS,311609577,irs-eo-bmf-capacity,501(c)(3),democracy,2.0997,0.0063,0.0252,0.7400,,https://www.irs.gov/pub/irs-soi/eo_dc.csv
FOUNDATION OF THE EPSTEIN FAMILY MUNCH COLLECTION,311625097,irs-eo-bmf-capacity,501(c)(3),democracy,0.0205,0.0001,0.0002,0.7400,,https://www.irs.gov/pub/irs-soi/eo_dc.csv
HEALTHY SCHOOLS NETWORK INC,311642434,irs-eo-bmf-capacity,501(c)(3),democracy,0.0916,0.0003,0.0011,0.7400,,https://www.irs.gov/pub/irs-soi/eo_dc.csv
RACHELS NETWORK INC,311644905,irs-eo-bmf-capacity,501(c)(3),democracy,1.5642,0.0047,0.0188,0.7400,,https://www.irs.gov/pub/irs-soi/eo_dc.csv
AEDC ALBERT R BUTCH HOPKINS MEMORIAL SCHOLARSHIP FOUNDATION,311652431,irs-eo-bmf-capacity,501(c)(3),democracy,0.0170,0.0001,0.0002,0.7400,,https://www.irs.gov/pub/irs-soi/eo_dc.csv
INSTITUTE FOR MEDICAID INNOVATION INC,311661234,irs-eo-bmf-capacity,501(c)(3),democracy,2.7803,0.0083,0.0334,0.7400,,https://www.irs.gov/pub/irs-soi/eo_dc.csv
NATIONAL COUNCIL FOR COMMUNITY AND EDUCATION PARTNERSHIPS,311669930,irs-eo-bmf-capacity,501(c)(3),democracy,5.2511,0.0158,0.0630,0.7400,,https://www.irs.gov/pub/irs-soi/eo_dc.csv
CENTER FOR CLIMATE STRATEGIES,311677573,irs-eo-bmf-capacity,501(c)(3),energy,0.3589,0.0011,0.0043,0.7400,,https://www.irs.gov/pub/irs-soi/eo_dc.csv
DUKE ELLINGTON SCHOOL OF THE ARTS PROJECT,311705384,irs-eo-bmf-capacity,501(c)(3),democracy,15.5775,0.0467,0.1869,0.7400,,https://www.irs.gov/pub/irs-soi/eo_dc.csv
KYLE TODD PUBLIC SERVICE FOUNDATION INC,311734531,irs-eo-bmf-capacity,501(c)(3),democracy,1.8866,0.0057,0.0226,0.7400,,https://www.irs.gov/pub/irs-soi/eo_dc.csv
WORLDWIDE SMALL CHANGE FOUNDATION INC,311734847,irs-eo-bmf-capacity,501(c)(3),democracy,0.3205,0.0010,0.0038,0.7400,,https://www.irs.gov/pub/irs-soi/eo_dc.csv
THE VARDAMAN FAMILY FOUNDATION,311740631,irs-eo-bmf-capacity,501(c)(3),democracy,0.0607,0.0002,0.0007,0.7400,,https://www.irs.gov/pub/irs-soi/eo_dc.csv
MOVING AND STORAGE INSTITUTE,311742074,irs-eo-bmf-capacity,501(c)(3),democracy,0.1772,0.0005,0.0021,0.7400,,https://www.irs.gov/pub/irs-soi/eo_dc.csv
NATIONAL MINORITY QUALITY FORUM INC,311750942,irs-eo-bmf-capacity,501(c)(3),democracy,5.4019,0.0162,0.0648,0.7400,,https://www.irs.gov/pub/irs-soi/eo_dc.csv
NEW COMMUNITY FOUNDATION INC,311775226,irs-eo-bmf-capacity,501(c)(3),democracy,0.0259,0.0001,0.0003,0.7400,,https://www.irs.gov/pub/irs-soi/eo_dc.csv
RAINBOW HISTORY PROJECT,311777636,irs-eo-bmf-capacity,501(c)(3),democracy,0.0561,0.0002,0.0007,0.7400,,https://www.irs.gov/pub/irs-soi/eo_dc.csv
THE ANTI FRAUD COALITION INC,311778598,irs-eo-bmf-capacity,501(c)(3),democracy,1.8605,0.0056,0.0223,0.7400,,https://www.irs.gov/pub/irs-soi/eo_dc.csv
THE IRANIAN-AMERICAN BAR ASSOCIATION,311787382,irs-eo-bmf-capacity,501(c)(6),democracy,0.2654,0.0048,0.0032,0.3200,,https://www.irs.gov/pub/irs-soi/eo_dc.csv
NATIONAL COLLEGE ATTAINMENT NETWORK,311793562,irs-eo-bmf-capacity,501(c)(3),democracy,6.5865,0.0198,0.0790,0.7400,,https://www.irs.gov/pub/irs-soi/eo_dc.csv
CENTER FOR CREATIVE CHANGE,311801544,irs-eo-bmf-capacity,501(c)(3),democracy,1.6994,0.0051,0.0204,0.7400,,https://www.irs.gov/pub/irs-soi/eo_dc.csv
THE THOMAS B FORDHAM FOUNDATION,316032844,irs-eo-bmf-capacity,501(c)(3),democracy,2.9041,0.0087,0.0348,0.7400,,https://www.irs.gov/pub/irs-soi/eo_dc.csv
NELSON TALBOTT FOUNDATION,316039441,irs-eo-bmf-capacity,501(c)(3),democracy,1.0502,0.0032,0.0126,0.7400,,https://www.irs.gov/pub/irs-soi/eo_dc.csv
HOMELAND SECURITY & DEFENSE BUSINESS COUNCIL,320131567,irs-eo-bmf-capacity,501(c)(6),procurement,0.3084,0.0056,0.0037,0.3200,,https://www.irs.gov/pub/irs-soi/eo_dc.csv
FOOD & WATER ACTION FUND,320160436,irs-eo-bmf-capacity,501(c)(4),democracy,4.7098,0.1177,0.0565,0.2000,,https://www.irs.gov/pub/irs-soi/eo_dc.csv
CONVERGENCE CENTER FOR POLICY RESOLUTION,320280279,irs-eo-bmf-capacity,501(c)(3),democracy,2.0517,0.0062,0.0246,0.7400,,https://www.irs.gov/pub/irs-soi/eo_dc.csv
MBA OPENS DOORS FOUNDATION,320355086,irs-eo-bmf-capacity,501(c)(3),democracy,4.2623,0.0128,0.0511,0.7400,,https://www.irs.gov/pub/irs-soi/eo_dc.csv
ENERGY EQUIPMENT AND INFRASTRUCTURE ALLIANCE,320374377,irs-eo-bmf-capacity,501(c)(6),energy,0.2905,0.0052,0.0035,0.3200,,https://www.irs.gov/pub/irs-soi/eo_dc.csv
EMAHOY TSEGE MARIAM MUSIC FOUNDATION INC,320458386,irs-eo-bmf-capacity,501(c)(3),democracy,0.0405,0.0001,0.0005,0.7400,,https://www.irs.gov/pub/irs-soi/eo_dc.csv
BUSINESS COUNCIL FOR SUSTAINABLE ENERGY FOUNDATION,320491333,irs-eo-bmf-capacity,501(c)(3),energy,0.1983,0.0006,0.0024,0.7400,,https://www.irs.gov/pub/irs-soi/eo_dc.csv
WOMENS WHITE COLLAR DEFENSE ASSOCIATION,320538094,irs-eo-bmf-capacity,501(c)(6),procurement,1.4808,0.0267,0.0178,0.3200,,https://www.irs.gov/pub/irs-soi/eo_dc.csv
ADAMS MEMORIAL FOUNDATION INC,320763090,irs-eo-bmf-capacity,501(c)(3),democracy,0.1433,0.0004,0.0017,0.7400,,https://www.irs.gov/pub/irs-soi/eo_dc.csv
THE SIGAL FAMILY FOUNDATION,326094347,irs-eo-bmf-capacity,501(c)(3),democracy,0.2651,0.0008,0.0032,0.7400,,https://www.irs.gov/pub/irs-soi/eo_dc.csv
ASSOCIATION OF FREESTANDING RADIATION ONCOLOGY CENTERS,330236945,irs-eo-bmf-capacity,501(c)(6),democracy,0.0220,0.0004,0.0003,0.3200,,https://www.irs.gov/pub/irs-soi/eo_dc.csv
FRANCISCAN FOUNDATION FOR THE HOLY LAND,330628775,irs-eo-bmf-capacity,501(c)(3),democracy,4.6467,0.0139,0.0558,0.7400,,https://www.irs.gov/pub/irs-soi/eo_dc.csv
NATIONAL COUNCIL OF URBAN INDIAN HEALTH,330798803,irs-eo-bmf-capacity,501(c)(3),democracy,9.1810,0.0275,0.1102,0.7400,,https://www.irs.gov/pub/irs-soi/eo_dc.csv
ZEVNIK CHARITABLE FOUNDATION,330836519,irs-eo-bmf-capacity,501(c)(3),democracy,0.2013,0.0006,0.0024,0.7400,,https://www.irs.gov/pub/irs-soi/eo_dc.csv
BASIC EDUCATION COALITION,331007715,irs-eo-bmf-capacity,501(c)(3),democracy,0.3612,0.0011,0.0043,0.7400,,https://www.irs.gov/pub/irs-soi/eo_dc.csv
NEW MARKETS TAX CREDIT COALITION,331028007,irs-eo-bmf-capacity,501(c)(4),finance,1.4954,0.0374,0.0179,0.2000,,https://www.irs.gov/pub/irs-soi/eo_dc.csv
AMERICAN INDEPENDENT FOUNDATION,331137541,irs-eo-bmf-capacity,501(c)(3),democracy,58.6430,0.1759,0.7037,0.7400,,https://www.irs.gov/pub/irs-soi/eo_dc.csv
ALLIANCE FOR FLEXIBLE POLYURETHANE FOAM INC,331218219,irs-eo-bmf-capacity,501(c)(6),democracy,1.6129,0.0290,0.0194,0.3200,,https://www.irs.gov/pub/irs-soi/eo_dc.csv
ASSOCIATION OF HBCU RESEARCH INSTITUTIONS INC,331246301,irs-eo-bmf-capacity,501(c)(3),democracy,0.2410,0.0007,0.0029,0.7400,,https://www.irs.gov/pub/irs-soi/eo_dc.csv
HOSTAGE FAMILIES ALLIANCE,331375094,irs-eo-bmf-capacity,501(c)(3),democracy,0.3585,0.0011,0.0043,0.7400,,https://www.irs.gov/pub/irs-soi/eo_dc.csv
WINNING WITH AUTHENTICALLY YOU ALLIANCE,331552211,irs-eo-bmf-capacity,501(c)(3),democracy,0.0005,0.0000,0.0000,0.7400,,https://www.irs.gov/pub/irs-soi/eo_dc.csv
ST GEORGE FORMER PLAYERS AND SUPPORTERS ASSOCIATION IN USA,331556499,irs-eo-bmf-capacity,501(c)(3),democracy,0.0036,0.0000,0.0000,0.7400,,https://www.irs.gov/pub/irs-soi/eo_dc.csv
THREE PART HARMONY CENTER FOR AGRICULTURE FOOD & LEARNING,331827222,irs-eo-bmf-capacity,501(c)(3),democracy,0.1001,0.0003,0.0012,0.7400,,https://www.irs.gov/pub/irs-soi/eo_dc.csv
THRIVE AMERICA FOUNDATION,331901900,irs-eo-bmf-capacity,501(c)(3),democracy,0.5647,0.0017,0.0068,0.7400,,https://www.irs.gov/pub/irs-soi/eo_dc.csv
ARTIST RECLAMATION PROJECT INC,332010292,irs-eo-bmf-capacity,501(c)(3),democracy,0.1600,0.0005,0.0019,0.7400,,https://www.irs.gov/pub/irs-soi/eo_dc.csv
STATE LEADERSHIP FOUNDATION,332149093,irs-eo-bmf-capacity,501(c)(3),democracy,0.2500,0.0008,0.0030,0.7400,,https://www.irs.gov/pub/irs-soi/eo_dc.csv
LONE STAR ENERGY STORAGE ALLIANCE,332202405,irs-eo-bmf-capacity,501(c)(6),energy,0.0800,0.0014,0.0010,0.3200,,https://www.irs.gov/pub/irs-soi/eo_dc.csv
NATIONAL SPECIAL DISTRICTS ASSOCIATION,332638989,irs-eo-bmf-capacity,501(c)(6),democracy,0.3753,0.0068,0.0045,0.3200,,https://www.irs.gov/pub/irs-soi/eo_dc.csv
OPEN EDUCATION ASSOCIATION,332976875,irs-eo-bmf-capacity,501(c)(3),democracy,1.0291,0.0031,0.0123,0.7400,,https://www.irs.gov/pub/irs-soi/eo_dc.csv
LIMIT AND PROXIMITIES FOUNDATION FOR THE ARTS,333841130,irs-eo-bmf-capacity,501(c)(3),democracy,2.4594,0.0074,0.0295,0.7400,,https://www.irs.gov/pub/irs-soi/eo_dc.csv
SHEPHERDS FOUNDATION,333982105,irs-eo-bmf-capacity,501(c)(3),democracy,0.0176,0.0001,0.0002,0.7400,,https://www.irs.gov/pub/irs-soi/eo_dc.csv
ASSOCIATION OF VALUE AIRLINES,334355463,irs-eo-bmf-capacity,501(c)(6),democracy,0.5944,0.0107,0.0071,0.3200,,https://www.irs.gov/pub/irs-soi/eo_dc.csv
NATIONAL ASSOCIATION OF NEGRO BUSINESS AND PROFESSIONAL WOMENS C,340977363,irs-eo-bmf-capacity,501(c)(3),democracy,0.5335,0.0016,0.0064,0.7400,,https://www.irs.gov/pub/irs-soi/eo_dc.csv
NATIONAL ASSOCIATION OF HEALTHCARE ACCESS MANAGEMENT,341272668,irs-eo-bmf-capacity,501(c)(6),democracy,1.4359,0.0258,0.0172,0.3200,,https://www.irs.gov/pub/irs-soi/eo_dc.csv
BUSINESS-HIGHER EDUCATION FORUM,341986692,irs-eo-bmf-capacity,501(c)(3),democracy,2.7136,0.0081,0.0326,0.7400,,https://www.irs.gov/pub/irs-soi/eo_dc.csv
FOGGY BOTTOM ASSOCIATION DEFENSE AND IMPROVEMENT CORPORATION,342010528,irs-eo-bmf-capacity,501(c)(3),procurement,0.2698,0.0008,0.0032,0.7400,,https://www.irs.gov/pub/irs-soi/eo_dc.csv
COMPOSITE LUMBER MANUFACTURERS ASSOCIATION INC,342049940,irs-eo-bmf-capacity,501(c)(6),democracy,0.0025,0.0000,0.0000,0.3200,,https://www.irs.gov/pub/irs-soi/eo_dc.csv
AMERICAN DENTAL ASSISTANTS ASSOCIATION,350830295,irs-eo-bmf-capacity,501(c)(6),democracy,0.3733,0.0067,0.0045,0.3200,,https://www.irs.gov/pub/irs-soi/eo_dc.csv
NATIONAL ASSOCIATION FOR SURFACE FINISHING INC,352013643,irs-eo-bmf-capacity,501(c)(6),democracy,2.6403,0.0475,0.0317,0.3200,,https://www.irs.gov/pub/irs-soi/eo_dc.csv
PHYSICAL ACTIVITY ALLIANCE,352090068,irs-eo-bmf-capacity,501(c)(3),democracy,0.1995,0.0006,0.0024,0.7400,,https://www.irs.gov/pub/irs-soi/eo_dc.csv
CENTER FOR PROGRESSIVE REFORM INC,352182224,irs-eo-bmf-capacity,501(c)(3),democracy,1.0648,0.0032,0.0128,0.7400,,https://www.irs.gov/pub/irs-soi/eo_dc.csv
NABE FOUNDATION OF THE NATIONAL ASSOCIATION FOR BUSINESS ECONOMICS,352232781,irs-eo-bmf-capacity,501(c)(3),democracy,0.5112,0.0015,0.0061,0.7400,,https://www.irs.gov/pub/irs-soi/eo_dc.csv
IMMIGRANTS LIST CIVIC ACTION INC,352317275,irs-eo-bmf-capacity,501(c)(4),democracy,0.2937,0.0073,0.0035,0.2000,,https://www.irs.gov/pub/irs-soi/eo_dc.csv
BAMYAN FOUNDATION,352376817,irs-eo-bmf-capacity,501(c)(3),democracy,0.0688,0.0002,0.0008,0.7400,,https://www.irs.gov/pub/irs-soi/eo_dc.csv
MALTA CONFERENCES FOUNDATION,352414218,irs-eo-bmf-capacity,501(c)(3),democracy,0.1022,0.0003,0.0012,0.7400,,https://www.irs.gov/pub/irs-soi/eo_dc.csv
C ALAN FOUNDATION,352675446,irs-eo-bmf-capacity,501(c)(3),democracy,0.0208,0.0001,0.0002,0.7400,,https://www.irs.gov/pub/irs-soi/eo_dc.csv
TERI MULLEN YOUTH FOUNDATION,352688085,irs-eo-bmf-capacity,501(c)(3),democracy,0.0003,0.0000,0.0000,0.7400,,https://www.irs.gov/pub/irs-soi/eo_dc.csv
NATIONAL COMMUNICATION ASSOCIATION,356007147,irs-eo-bmf-capacity,501(c)(3),democracy,3.7194,0.0112,0.0446,0.7400,,https://www.irs.gov/pub/irs-soi/eo_dc.csv
BANK POLICY INSTITUTE,360753125,irs-eo-bmf-capacity,501(c)(6),finance,35.3129,0.6356,0.4238,0.3200,,https://www.irs.gov/pub/irs-soi/eo_dc.csv
SPORTS AND FITNESS INDUSTRY ASSOCIATION,360753520,irs-eo-bmf-capacity,501(c)(6),democracy,2.2872,0.0412,0.0274,0.3200,,https://www.irs.gov/pub/irs-soi/eo_dc.csv
MORTGAGE BANKERS ASSOCIATION OF AMERICA,361505650,irs-eo-bmf-capacity,501(c)(6),finance,59.6518,1.0737,0.7158,0.3200,,https://www.irs.gov/pub/irs-soi/eo_dc.csv
BUILDING OWNERS & MANAGERS ASSOCIATION INTERNATIONAL,361520580,irs-eo-bmf-capacity,501(c)(6),democracy,11.0819,0.1995,0.1330,0.3200,,https://www.irs.gov/pub/irs-soi/eo_dc.csv
NATIONAL BUS TRAFFIC ASSOCIATION INCORPORATED,361521425,irs-eo-bmf-capacity,501(c)(6),democracy,0.1927,0.0035,0.0023,0.3200,,https://www.irs.gov/pub/irs-soi/eo_dc.csv
NATIONAL CONFECTIONERS ASSOCIATION,361521980,irs-eo-bmf-capacity,501(c)(6),democracy,32.5074,0.5851,0.3901,0.3200,,https://www.irs.gov/pub/irs-soi/eo_dc.csv
WINDOW & DOOR MANUFACTURERS ASSOCIATION,361522410,irs-eo-bmf-capacity,501(c)(6),democracy,3.1240,0.0562,0.0375,0.3200,,https://www.irs.gov/pub/irs-soi/eo_dc.csv
NATIONAL PASTA ASSOCIATION,361524090,irs-eo-bmf-capacity,501(c)(6),democracy,0.7282,0.0131,0.0087,0.3200,,https://www.irs.gov/pub/irs-soi/eo_dc.csv
NATIONAL RESTAURANT ASSOCIATION,361525480,irs-eo-bmf-capacity,501(c)(6),democracy,116.5060,2.0971,1.3981,0.3200,,https://www.irs.gov/pub/irs-soi/eo_dc.csv
OUT-OF-HOME ADVERTISING ASSOCIATION OF AMERICA,361589720,irs-eo-bmf-capacity,501(c)(6),democracy,8.5168,0.1533,0.1022,0.3200,,https://www.irs.gov/pub/irs-soi/eo_dc.csv
NATIONAL PROPANE GAS ASSOCIATION INC,362087363,irs-eo-bmf-capacity,501(c)(6),energy,9.7485,0.1755,0.1170,0.3200,,https://www.irs.gov/pub/irs-soi/eo_dc.csv
NATIONAL ASSOCIATION OF BENEFITS AND INSURANCE PROFESSIONALS,362144394,irs-eo-bmf-capacity,501(c)(6),finance,6.4716,0.1165,0.0777,0.3200,,https://www.irs.gov/pub/irs-soi/eo_dc.csv
INTERNATIONAL CITY COUNTY MANAGEMENT ASSOCIATION,362167755,irs-eo-bmf-capacity,501(c)(3),democracy,30.1984,0.0906,0.3624,0.7400,,https://www.irs.gov/pub/irs-soi/eo_dc.csv
NATIONAL ASSOCIATION OF HOUSING & REDEVELOPMENT OFFICIALS,362167803,irs-eo-bmf-capacity,501(c)(3),democracy,9.7183,0.0292,0.1166,0.7400,,https://www.irs.gov/pub/irs-soi/eo_dc.csv
ASSOCIATION OF AMERICAN MEDICAL COLLEGES,362169124,irs-eo-bmf-capacity,501(c)(3),democracy,353.9569,1.0619,4.2475,0.7400,,https://www.irs.gov/pub/irs-soi/eo_dc.csv
ACOG FOUNDATION,362217981,irs-eo-bmf-capacity,501(c)(3),democracy,13.2469,0.0397,0.1590,0.7400,,https://www.irs.gov/pub/irs-soi/eo_dc.csv
RAILWAY ENGINEERING-MAINTENANCE SUPPLIERS ASSOCIATION,362269390,irs-eo-bmf-capacity,501(c)(6),democracy,1.1597,0.0209,0.0139,0.3200,,https://www.irs.gov/pub/irs-soi/eo_dc.csv
NATIONAL LEGAL AID AND DEFENDER ASSOCIATION,362337880,irs-eo-bmf-capacity,501(c)(3),democracy,8.0980,0.0243,0.0972,0.7400,,https://www.irs.gov/pub/irs-soi/eo_dc.csv
JUDY AND PETER BLUM KOVLER FOUNDATION,362476143,irs-eo-bmf-capacity,501(c)(3),democracy,4.0650,0.0122,0.0488,0.7400,,https://www.irs.gov/pub/irs-soi/eo_dc.csv
COUNCIL OF THE GREAT CITY SCHOOLS,362481232,irs-eo-bmf-capacity,501(c)(3),democracy,11.4861,0.0345,0.1378,0.7400,,https://www.irs.gov/pub/irs-soi/eo_dc.csv
RAILWAY SUPPLY INSTITUTE INC,362483079,irs-eo-bmf-capacity,501(c)(6),democracy,3.9431,0.0710,0.0473,0.3200,,https://www.irs.gov/pub/irs-soi/eo_dc.csv
NATIONAL ASSOCIATION OF RAILROAD PASSENGERS,362615221,irs-eo-bmf-capacity,501(c)(3),democracy,1.1389,0.0034,0.0137,0.7400,,https://www.irs.gov/pub/irs-soi/eo_dc.csv
ASSOCIATION OF HOME APPLIANCE MANUFACTURERS,362615812,irs-eo-bmf-capacity,501(c)(6),democracy,10.8159,0.1947,0.1298,0.3200,,https://www.irs.gov/pub/irs-soi/eo_dc.csv
NATIONAL 4-H COUNCIL,362862206,irs-eo-bmf-capacity,501(c)(3),democracy,47.4595,0.1424,0.5695,0.7400,,https://www.irs.gov/pub/irs-soi/eo_dc.csv
AMERICAN INSTITUTE FOR YEMENI STUDIES,362979533,irs-eo-bmf-capacity,501(c)(3),democracy,0.0979,0.0003,0.0012,0.7400,,https://www.irs.gov/pub/irs-soi/eo_dc.csv
ASSOCIATION OF UNIVERSITY TECHNOLOGY MANAGERS,363011951,irs-eo-bmf-capacity,501(c)(6),technology,12.0314,0.2166,0.1444,0.3200,,https://www.irs.gov/pub/irs-soi/eo_dc.csv
NATIONAL ASSOCIATION OF BOND LAWYERS,363016503,irs-eo-bmf-capacity,501(c)(6),democracy,2.4269,0.0437,0.0291,0.3200,,https://www.irs.gov/pub/irs-soi/eo_dc.csv
URBAN LIBRARIES COUNCIL,363071241,irs-eo-bmf-capacity,501(c)(3),democracy,3.9465,0.0118,0.0474,0.7400,,https://www.irs.gov/pub/irs-soi/eo_dc.csv
AMERICAN ASSOCIATION OF CROP INSURERS,363223956,irs-eo-bmf-capacity,501(c)(6),democracy,0.7924,0.0143,0.0095,0.3200,,https://www.irs.gov/pub/irs-soi/eo_dc.csv
FEDERALIST SOCIETY FOR LAW & PUBLIC POLICY STUDIES,363235550,irs-eo-bmf-capacity,501(c)(3),democracy,22.5499,0.0676,0.2706,0.7400,,https://www.irs.gov/pub/irs-soi/eo_dc.csv
JAMESTOWN FOUNDATION,363266722,irs-eo-bmf-capacity,501(c)(3),democracy,0.6198,0.0019,0.0074,0.7400,,https://www.irs.gov/pub/irs-soi/eo_dc.csv
NATIONAL CERTIFICATION COUNCIL FOR ACTIVITY PROFESSIONALS,363479935,irs-eo-bmf-capacity,501(c)(6),democracy,0.8884,0.0160,0.0107,0.3200,,https://www.irs.gov/pub/irs-soi/eo_dc.csv
FREDERICK AND DIANA PRINCE FOUNDATION,363489315,irs-eo-bmf-capacity,501(c)(3),democracy,0.0668,0.0002,0.0008,0.7400,,https://www.irs.gov/pub/irs-soi/eo_dc.csv
HEALTHCARE LEADERSHIP COUNCIL,363668803,irs-eo-bmf-capacity,501(c)(6),democracy,5.2872,0.0952,0.0634,0.3200,,https://www.irs.gov/pub/irs-soi/eo_dc.csv
THE AMERICAN ACADEMIC RESEARCH INSTITUTE IN IRAQ,363684155,irs-eo-bmf-capacity,501(c)(3),democracy,0.4681,0.0014,0.0056,0.7400,,https://www.irs.gov/pub/irs-soi/eo_dc.csv
FOUNDATION FOR ADVANCING ALCOHOL RESPONSIBILITY,363704297,irs-eo-bmf-capacity,501(c)(4),democracy,10.3527,0.2588,0.1242,0.2000,,https://www.irs.gov/pub/irs-soi/eo_dc.csv
ASSOCIATION FOR ENTERPRISE OPPORTUNITY INC,363834357,irs-eo-bmf-capacity,501(c)(3),democracy,2.3702,0.0071,0.0284,0.7400,,https://www.irs.gov/pub/irs-soi/eo_dc.csv
CORPORATE COUNCIL ON AFRICA,363895800,irs-eo-bmf-capacity,501(c)(3),democracy,5.0971,0.0153,0.0612,0.7400,,https://www.irs.gov/pub/irs-soi/eo_dc.csv
ASSOCIATION OF TEST PUBLISHERS,363918100,irs-eo-bmf-capacity,501(c)(6),democracy,2.5429,0.0458,0.0305,0.3200,,https://www.irs.gov/pub/irs-soi/eo_dc.csv
ENVIRONMENTAL COUNCIL OF STATES INC,363962169,irs-eo-bmf-capacity,501(c)(6),energy,2.7301,0.0491,0.0328,0.3200,,https://www.irs.gov/pub/irs-soi/eo_dc.csv
UNITED STATES SOCCER FOUNDATION INC,363976313,irs-eo-bmf-capacity,501(c)(3),democracy,15.0027,0.0450,0.1800,0.7400,,https://www.irs.gov/pub/irs-soi/eo_dc.csv
THE NAPABA LAW FOUNDATION,364014003,irs-eo-bmf-capacity,501(c)(3),democracy,0.2526,0.0008,0.0030,0.7400,,https://www.irs.gov/pub/irs-soi/eo_dc.csv
SURVIVORS NETWORK OF THOSE ABUSED BY PRIESTS,364154398,irs-eo-bmf-capacity,501(c)(3),democracy,0.3241,0.0010,0.0039,0.7400,,https://www.irs.gov/pub/irs-soi/eo_dc.csv
AMERICAN MEDICAL REHABILITATION PROVIDERS ASSOCIATION,364184771,irs-eo-bmf-capacity,501(c)(6),democracy,6.7034,0.1207,0.0804,0.3200,,https://www.irs.gov/pub/irs-soi/eo_dc.csv
NATIONAL NEIGHBORWORKS ASSOCIATION,364194807,irs-eo-bmf-capacity,501(c)(6),democracy,0.7084,0.0128,0.0085,0.3200,,https://www.irs.gov/pub/irs-soi/eo_dc.csv
INTERNATIONAL FLIGHT SERVICES ASSOCIATION FOUNDATION INC,364373268,irs-eo-bmf-capacity,501(c)(3),democracy,0.1427,0.0004,0.0017,0.7400,,https://www.irs.gov/pub/irs-soi/eo_dc.csv
ZENITH COMMUNITY ARTS FOUNDATION,364385716,irs-eo-bmf-capacity,501(c)(3),democracy,0.1740,0.0005,0.0021,0.7400,,https://www.irs.gov/pub/irs-soi/eo_dc.csv
THE GRIDIRON CLUB AND FOUNDATION,364643320,irs-eo-bmf-capacity,501(c)(3),democracy,0.1749,0.0005,0.0021,0.7400,,https://www.irs.gov/pub/irs-soi/eo_dc.csv
GLOBAL FEDERATION OF COMPETITIVENESS COUNCILS,364666753,irs-eo-bmf-capacity,501(c)(3),democracy,0.5765,0.0017,0.0069,0.7400,,https://www.irs.gov/pub/irs-soi/eo_dc.csv
JEWISH WAR VETERANS OF THE UNITED STATES OF AMERICA FOUNDATION,364668941,irs-eo-bmf-capacity,501(c)(3),democracy,0.1850,0.0006,0.0022,0.7400,,https://www.irs.gov/pub/irs-soi/eo_dc.csv
CONTINUING MEDICAL EDUCATION COALITION INC,364692342,irs-eo-bmf-capacity,501(c)(6),democracy,0.3190,0.0057,0.0038,0.3200,,https://www.irs.gov/pub/irs-soi/eo_dc.csv
WASHINGTON DC METRO HBCU ALUMNI ALLIANCE INC,364734475,irs-eo-bmf-capacity,501(c)(3),democracy,0.1568,0.0005,0.0019,0.7400,,https://www.irs.gov/pub/irs-soi/eo_dc.csv
RENAISSANCE CENTER FOR CULTURE AND EDUCATION INC,364749163,irs-eo-bmf-capacity,501(c)(3),democracy,0.1315,0.0004,0.0016,0.7400,,https://www.irs.gov/pub/irs-soi/eo_dc.csv
TRANSATLANTIC POLICY NETWORK,364813119,irs-eo-bmf-capacity,501(c)(3),democracy,0.5646,0.0017,0.0068,0.7400,,https://www.irs.gov/pub/irs-soi/eo_dc.csv
DEFINED CONTRIBUTION ALTERNATIVES ASSOCIATION,364813561,irs-eo-bmf-capacity,501(c)(6),democracy,0.7485,0.0135,0.0090,0.3200,,https://www.irs.gov/pub/irs-soi/eo_dc.csv
AMERICAN PROPERTY OWNERS ALLIANCE,364956297,irs-eo-bmf-capacity,501(c)(4),democracy,6.8803,0.1720,0.0826,0.2000,,https://www.irs.gov/pub/irs-soi/eo_dc.csv
NATIONAL ASSOCIATION FOR THE EDUCATION OF YOUNG CHILDREN,366009499,irs-eo-bmf-capacity,501(c)(3),democracy,24.3000,0.0729,0.2916,0.7400,,https://www.irs.gov/pub/irs-soi/eo_dc.csv
DANAHER FOUNDATION,366042871,irs-eo-bmf-capacity,501(c)(3),democracy,41.9492,0.1258,0.5034,0.7400,,https://www.irs.gov/pub/irs-soi/eo_dc.csv
DICK FAMILY FOUNDATION,366057056,irs-eo-bmf-capacity,501(c)(3),democracy,1.8708,0.0056,0.0224,0.7400,,https://www.irs.gov/pub/irs-soi/eo_dc.csv
THE NATIONAL RESTAURANT ASSOCIATION EDUCATIONAL FOUNDATION,366103388,irs-eo-bmf-capacity,501(c)(3),democracy,18.7537,0.0563,0.2250,0.7400,,https://www.irs.gov/pub/irs-soi/eo_dc.csv
INTERNATIONAL FRANCHISE ASSOCIATION INC,366108621,irs-eo-bmf-capacity,501(c)(6),democracy,25.7934,0.4643,0.3095,0.3200,,https://www.irs.gov/pub/irs-soi/eo_dc.csv
RESEARCH INSTITUTE FOR HOUSING AMERICA TRUST FUND,366109824,irs-eo-bmf-capacity,501(c)(3),democracy,0.2537,0.0008,0.0030,0.7400,,https://www.irs.gov/pub/irs-soi/eo_dc.csv
ASSOCIATION OF UNIVERSITY PROGRAMS IN HEALTH ADMINISTRATION,366110249,irs-eo-bmf-capacity,501(c)(3),democracy,2.0969,0.0063,0.0252,0.7400,,https://www.irs.gov/pub/irs-soi/eo_dc.csv
NAW INSTITUTE FOR DISTRIBUTION EXCELLENCE,366137215,irs-eo-bmf-capacity,501(c)(3),democracy,0.1205,0.0004,0.0014,0.7400,,https://www.irs.gov/pub/irs-soi/eo_dc.csv
AMERICAN ASSOCIATION OF VETERINARY MEDICAL COLLEGES,366144553,irs-eo-bmf-capacity,501(c)(3),democracy,9.4885,0.0285,0.1139,0.7400,,https://www.irs.gov/pub/irs-soi/eo_dc.csv
AMERICAN FARM BUREAU FOUNDATION FOR AGRICULTURE,366169577,irs-eo-bmf-capacity,501(c)(3),democracy,1.8051,0.0054,0.0217,0.7400,,https://www.irs.gov/pub/irs-soi/eo_dc.csv
CALORIE CONTROL COUNCIL,366191936,irs-eo-bmf-capacity,501(c)(6),democracy,1.3808,0.0249,0.0166,0.3200,,https://www.irs.gov/pub/irs-soi/eo_dc.csv
NATIONAL RAILROAD CONSTRUCTION & MAINTENANCE ASSOCIATION,370990937,irs-eo-bmf-capacity,501(c)(6),democracy,2.4837,0.0447,0.0298,0.3200,,https://www.irs.gov/pub/irs-soi/eo_dc.csv
FAA MANAGERS ASSOCIATION INC,371426448,irs-eo-bmf-capacity,501(c)(6),democracy,1.6724,0.0301,0.0201,0.3200,,https://www.irs.gov/pub/irs-soi/eo_dc.csv
UNITED STATES PARK POLICE FOUNDATION,371439926,irs-eo-bmf-capacity,501(c)(3),democracy,0.0290,0.0001,0.0003,0.7400,,https://www.irs.gov/pub/irs-soi/eo_dc.csv
DISTRICT OF COLUMBIA STUDENTS CONSTRUCTION TRADES FOUNDATION INC,371510529,irs-eo-bmf-capacity,501(c)(3),democracy,0.4630,0.0014,0.0056,0.7400,,https://www.irs.gov/pub/irs-soi/eo_dc.csv
STUDENT PARENT ACHIEVEMENT CENTER OF EXCELLENCY SPACE,371592481,irs-eo-bmf-capacity,501(c)(3),democracy,0.0003,0.0000,0.0000,0.7400,,https://www.irs.gov/pub/irs-soi/eo_dc.csv
GEORGE GOODMAN FOUNDATION,371633163,irs-eo-bmf-capacity,501(c)(3),democracy,0.0416,0.0001,0.0005,0.7400,,https://www.irs.gov/pub/irs-soi/eo_dc.csv
DPC EDUCATION CENTER,371698796,irs-eo-bmf-capacity,501(c)(3),democracy,0.1805,0.0005,0.0022,0.7400,,https://www.irs.gov/pub/irs-soi/eo_dc.csv
ASSOCIATION OF WOMENS BUSINESS CENTERS,371771308,irs-eo-bmf-capacity,501(c)(3),democracy,2.1644,0.0065,0.0260,0.7400,,https://www.irs.gov/pub/irs-soi/eo_dc.csv
THE FAIRNESS PROJECT,371779557,irs-eo-bmf-capacity,501(c)(4),democracy,33.3194,0.8330,0.3998,0.2000,,https://www.irs.gov/pub/irs-soi/eo_dc.csv
LOLA M PARKER FOUNDATION FOR THE ECONOMIC EMPOWERMENT OF BUSINESS A,371780068,irs-eo-bmf-capacity,501(c)(3),democracy,0.0739,0.0002,0.0009,0.7400,,https://www.irs.gov/pub/irs-soi/eo_dc.csv
BLUE SANDS FOUNDATION,371797396,irs-eo-bmf-capacity,501(c)(3),democracy,9.9706,0.0299,0.1196,0.7400,,https://www.irs.gov/pub/irs-soi/eo_dc.csv
BANYAN TREE FOUNDATION,371834300,irs-eo-bmf-capacity,501(c)(3),democracy,0.8050,0.0024,0.0097,0.7400,,https://www.irs.gov/pub/irs-soi/eo_dc.csv
OPEN INSTITUTE INTERNATIONAL INC,371907881,irs-eo-bmf-capacity,501(c)(3),democracy,0.3408,0.0010,0.0041,0.7400,,https://www.irs.gov/pub/irs-soi/eo_dc.csv
ASSOCIATION FOR THE SCIENCES OF LIMNOLOGY AND OCEANOGRAPHY INC,381710020,irs-eo-bmf-capacity,501(c)(3),democracy,2.2156,0.0066,0.0266,0.7400,,https://www.irs.gov/pub/irs-soi/eo_dc.csv
RADIO & TELEVISION NEWS DIRECTORS FOUNDATION,381860090,irs-eo-bmf-capacity,501(c)(3),democracy,0.6572,0.0020,0.0079,0.7400,,https://www.irs.gov/pub/irs-soi/eo_dc.csv
AMERICAN THERAPEUTIC RECREATION ASSOCIATION,382632462,irs-eo-bmf-capacity,501(c)(6),democracy,0.5574,0.0100,0.0067,0.3200,,https://www.irs.gov/pub/irs-soi/eo_dc.csv
NATIONAL FAMILY FARM COALITION,382652620,irs-eo-bmf-capacity,501(c)(3),democracy,1.8990,0.0057,0.0228,0.7400,,https://www.irs.gov/pub/irs-soi/eo_dc.csv
NATIONAL ASSOCIATION OF COUNTY VETERANS SERVICE OFFICERS,382942975,irs-eo-bmf-capacity,501(c)(6),democracy,1.0944,0.0197,0.0131,0.3200,,https://www.irs.gov/pub/irs-soi/eo_dc.csv
AMERICAN SMALL MANUFACTURERS COALITION,382945771,irs-eo-bmf-capacity,501(c)(6),democracy,0.6417,0.0116,0.0077,0.3200,,https://www.irs.gov/pub/irs-soi/eo_dc.csv
AMERICAN VETERINARY MEDICAL LAW ASSOCIATION,383245577,irs-eo-bmf-capacity,501(c)(3),democracy,0.0181,0.0001,0.0002,0.7400,,https://www.irs.gov/pub/irs-soi/eo_dc.csv
F Y CHANG FOUNDATION,383383222,irs-eo-bmf-capacity,501(c)(3),democracy,1.0638,0.0032,0.0128,0.7400,,https://www.irs.gov/pub/irs-soi/eo_dc.csv
NATIVE AMERICAN FINANCE OFFICERS ASSOCIATION INC,383419567,irs-eo-bmf-capacity,501(c)(3),finance,3.0981,0.0093,0.0372,0.7400,,https://www.irs.gov/pub/irs-soi/eo_dc.csv
WOMEN IMPACTING PUBLIC POLICY INC,383610205,irs-eo-bmf-capacity,501(c)(6),democracy,0.8843,0.0159,0.0106,0.3200,,https://www.irs.gov/pub/irs-soi/eo_dc.csv
UNION PLUS EDUCATION FOUNDATION,383647522,irs-eo-bmf-capacity,501(c)(3),democracy,0.2972,0.0009,0.0036,0.7400,,https://www.irs.gov/pub/irs-soi/eo_dc.csv
SOUTH CAROLINA STATE UNIVERSITY NATIONAL ALUMNI ASSOCIATION,383649314,irs-eo-bmf-capacity,501(c)(3),democracy,0.0522,0.0002,0.0006,0.7400,,https://www.irs.gov/pub/irs-soi/eo_dc.csv
FOUNDATION OF THE NATIONAL ASSN OF LONG TERM CARE ADMINISTRATOR BOARD,383656176,irs-eo-bmf-capacity,501(c)(3),democracy,0.0756,0.0002,0.0009,0.7400,,https://www.irs.gov/pub/irs-soi/eo_dc.csv
PHARMACEUTICAL CARE MANAGEMENT ASSOCIATION,383676760,irs-eo-bmf-capacity,501(c)(6),democracy,54.1881,0.9754,0.6503,0.3200,,https://www.irs.gov/pub/irs-soi/eo_dc.csv
WOMENS MEDIA CENTER,383727585,irs-eo-bmf-capacity,501(c)(3),democracy,0.9750,0.0029,0.0117,0.7400,,https://www.irs.gov/pub/irs-soi/eo_dc.csv
THE TIGER LILY FOUNDATION INC,383752635,irs-eo-bmf-capacity,501(c)(3),democracy,3.0531,0.0092,0.0366,0.7400,,https://www.irs.gov/pub/irs-soi/eo_dc.csv
COMMUNITY HEALTH EDUCATION AND NUTRITION RESEARCH CENTER INC,383809938,irs-eo-bmf-capacity,501(c)(3),democracy,0.0107,0.0000,0.0001,0.7400,,https://www.irs.gov/pub/irs-soi/eo_dc.csv
HEALTH CARE COST INSTITUTE INC,383917409,irs-eo-bmf-capacity,501(c)(3),democracy,3.6455,0.0109,0.0437,0.7400,,https://www.irs.gov/pub/irs-soi/eo_dc.csv
THE INSTITUTE FOR SOCIAL ENTREPRENEURISM,383938162,irs-eo-bmf-capacity,501(c)(3),democracy,0.0015,0.0000,0.0000,0.7400,,https://www.irs.gov/pub/irs-soi/eo_dc.csv
DATA FOUNDATION,383984512,irs-eo-bmf-capacity,501(c)(3),technology,3.0398,0.0091,0.0365,0.7400,,https://www.irs.gov/pub/irs-soi/eo_dc.csv
COMMERCIAL VEHICLE SAFETY ALLIANCE,384002963,irs-eo-bmf-capacity,501(c)(3),democracy,16.1748,0.0485,0.1941,0.7400,,https://www.irs.gov/pub/irs-soi/eo_dc.csv
ASSOCIATION OF AFRICAN AMERICAN FINANCIAL ADVISORS,384034837,irs-eo-bmf-capacity,501(c)(6),democracy,1.8695,0.0337,0.0224,0.3200,,https://www.irs.gov/pub/irs-soi/eo_dc.csv
DEFENDERS OF WILDLIFE ACTION FUND,384043084,irs-eo-bmf-capacity,501(c)(4),democracy,0.0013,0.0000,0.0000,0.2000,,https://www.irs.gov/pub/irs-soi/eo_dc.csv
PRESIDENTS FORUM,384127568,irs-eo-bmf-capacity,501(c)(3),democracy,0.3478,0.0010,0.0042,0.7400,,https://www.irs.gov/pub/irs-soi/eo_dc.csv
AMERICAN ADVERTISING FOUNDATION,384247433,irs-eo-bmf-capacity,501(c)(3),democracy,0.2431,0.0007,0.0029,0.7400,,https://www.irs.gov/pub/irs-soi/eo_dc.csv
CHARITY AND EMPOWERMENT FOUNDATION,384285317,irs-eo-bmf-capacity,501(c)(3),democracy,0.3615,0.0011,0.0043,0.7400,,https://www.irs.gov/pub/irs-soi/eo_dc.csv
ASSOCIATION FOR DIAGNOSTICS & LABORATORY MEDICINE INC,390977801,irs-eo-bmf-capacity,501(c)(3),democracy,24.8327,0.0745,0.2980,0.7400,,https://www.irs.gov/pub/irs-soi/eo_dc.csv
ASSOCIATION OF PERFORMING ARTS PROFESSIONALS INC,391131995,irs-eo-bmf-capacity,501(c)(3),democracy,3.2516,0.0098,0.0390,0.7400,,https://www.irs.gov/pub/irs-soi/eo_dc.csv
COUNCIL OF STATE COMMUNITY DEVELOPM ENT AGENCIES,391211513,irs-eo-bmf-capacity,501(c)(3),democracy,1.0403,0.0031,0.0125,0.7400,,https://www.irs.gov/pub/irs-soi/eo_dc.csv
NATIONAL VOLUNTEER FIRE COUNCIL INC,391274172,irs-eo-bmf-capacity,501(c)(3),democracy,7.4010,0.0222,0.0888,0.7400,,https://www.irs.gov/pub/irs-soi/eo_dc.csv
DEFENSE CREDIT UNION COUNCIL INC,391405036,irs-eo-bmf-capacity,501(c)(6),finance,3.0269,0.0545,0.0363,0.3200,,https://www.irs.gov/pub/irs-soi/eo_dc.csv
NATIONAL ASSOCIATION FOR RURAL MENTAL HEALTH INC,391461320,irs-eo-bmf-capacity,501(c)(3),democracy,0.1392,0.0004,0.0017,0.7400,,https://www.irs.gov/pub/irs-soi/eo_dc.csv
EMISSIONS MARKETING ASSOCIATION,391867387,irs-eo-bmf-capacity,501(c)(6),democracy,0.3302,0.0059,0.0040,0.3200,,https://www.irs.gov/pub/irs-soi/eo_dc.csv
NATIONAL ASSOCIATION FOR FAMILY CHILD CARE FOUNDATION,391902325,irs-eo-bmf-capacity,501(c)(3),democracy,3.3694,0.0101,0.0404,0.7400,,https://www.irs.gov/pub/irs-soi/eo_dc.csv
LOW-LEVEL RADIOACTIVE WASTE FORUM,391995104,irs-eo-bmf-capacity,501(c)(3),democracy,0.4157,0.0012,0.0050,0.7400,,https://www.irs.gov/pub/irs-soi/eo_dc.csv
HOPE UPLIFT FOUNDATION USA,392334632,irs-eo-bmf-capacity,501(c)(3),democracy,0.0178,0.0001,0.0002,0.7400,,https://www.irs.gov/pub/irs-soi/eo_dc.csv
PEARL ESCAPE PROJECT,392565109,irs-eo-bmf-capacity,501(c)(3),democracy,0.0041,0.0000,0.0000,0.7400,,https://www.irs.gov/pub/irs-soi/eo_dc.csv
ELIZABETH ANNE KEYS CHARITABLE FOUNDATION,393239539,irs-eo-bmf-capacity,501(c)(3),democracy,0.0246,0.0001,0.0003,0.7400,,https://www.irs.gov/pub/irs-soi/eo_dc.csv
CENTER FOR LAND ECONOMICS INC,393672325,irs-eo-bmf-capacity,501(c)(3),democracy,0.0587,0.0002,0.0007,0.7400,,https://www.irs.gov/pub/irs-soi/eo_dc.csv
FIRST HBCU ACTION NETWORK INC,394283627,irs-eo-bmf-capacity,501(c)(3),democracy,0.0029,0.0000,0.0000,0.7400,,https://www.irs.gov/pub/irs-soi/eo_dc.csv
PEREGRINE PROJECT,394997527,irs-eo-bmf-capacity,501(c)(3),democracy,0.0030,0.0000,0.0000,0.7400,,https://www.irs.gov/pub/irs-soi/eo_dc.csv
DIRECT SELLING ASSOCIATION,410659918,irs-eo-bmf-capacity,501(c)(6),democracy,5.3433,0.0962,0.0641,0.3200,,https://www.irs.gov/pub/irs-soi/eo_dc.csv
NATIONAL INDIAN EDUCATION ASSOCIATION,410976048,irs-eo-bmf-capacity,501(c)(3),democracy,4.6048,0.0138,0.0553,0.7400,,https://www.irs.gov/pub/irs-soi/eo_dc.csv
NATIONAL ASSOCIATION OF DEVELOPMENT ORGANIZATIONS,411261188,irs-eo-bmf-capacity,501(c)(4),democracy,1.7265,0.0432,0.0207,0.2000,,https://www.irs.gov/pub/irs-soi/eo_dc.csv
THE NATIONAL ASSOCIATION OF STATE FORESTERS FOUNDATION,411567714,irs-eo-bmf-capacity,501(c)(3),democracy,0.0481,0.0001,0.0006,0.7400,,https://www.irs.gov/pub/irs-soi/eo_dc.csv
NATIONAL ASSOC OF EPILEPSY CENTERS,411596217,irs-eo-bmf-capacity,501(c)(6),democracy,0.7029,0.0127,0.0084,0.3200,,https://www.irs.gov/pub/irs-soi/eo_dc.csv
NATIONAL SLEEP FOUNDATION,411678336,irs-eo-bmf-capacity,501(c)(3),democracy,1.7481,0.0052,0.0210,0.7400,,https://www.irs.gov/pub/irs-soi/eo_dc.csv
INTERNATIONAL SEALING DISTRIBUTION ASSOCIATION,411722960,irs-eo-bmf-capacity,501(c)(6),democracy,0.2118,0.0038,0.0025,0.3200,,https://www.irs.gov/pub/irs-soi/eo_dc.csv
NATIONAL LESBIAN AND GAY LAW FOUNDATION,411791489,irs-eo-bmf-capacity,501(c)(3),democracy,3.2108,0.0096,0.0385,0.7400,,https://www.irs.gov/pub/irs-soi/eo_dc.csv
NATIONAL ASSOCIATION OF TOBACCO OUTLETS INC,412000075,irs-eo-bmf-capacity,501(c)(6),democracy,1.7500,0.0315,0.0210,0.3200,,https://www.irs.gov/pub/irs-soi/eo_dc.csv
FOUNDATION FOR SMFM,412103331,irs-eo-bmf-capacity,501(c)(3),democracy,1.9860,0.0060,0.0238,0.7400,,https://www.irs.gov/pub/irs-soi/eo_dc.csv
WASHINGTON D C POLICE FOUNDATION,412250114,irs-eo-bmf-capacity,501(c)(3),democracy,1.1487,0.0034,0.0138,0.7400,,https://www.irs.gov/pub/irs-soi/eo_dc.csv
ASSOCIATION OF FISH AND WILDLIFE AGENCIES,416029770,irs-eo-bmf-capacity,501(c)(6),democracy,7.4912,0.1348,0.0899,0.3200,,https://www.irs.gov/pub/irs-soi/eo_dc.csv
UNIVERSITY PROFESSIONAL & CONTINUING EDUCATION ASSOCIATION,416030721,irs-eo-bmf-capacity,501(c)(3),democracy,7.2494,0.0217,0.0870,0.7400,,https://www.irs.gov/pub/irs-soi/eo_dc.csv
ANIMAL HEALTH INSTITUTE,420707629,irs-eo-bmf-capacity,501(c)(6),democracy,5.6627,0.1019,0.0680,0.3200,,https://www.irs.gov/pub/irs-soi/eo_dc.csv
NATIONAL ENERGY ASSISTANCE DIRECTORS ASSOCIATION,421445636,irs-eo-bmf-capacity,501(c)(3),energy,0.5282,0.0016,0.0063,0.7400,,https://www.irs.gov/pub/irs-soi/eo_dc.csv
PROJECT CREATE,421559894,irs-eo-bmf-capacity,501(c)(3),democracy,2.2634,0.0068,0.0272,0.7400,,https://www.irs.gov/pub/irs-soi/eo_dc.csv
SPOOKY ACTION THEATER COMPANY,421646001,irs-eo-bmf-capacity,501(c)(3),democracy,0.3003,0.0009,0.0036,0.7400,,https://www.irs.gov/pub/irs-soi/eo_dc.csv
THE INTERNATIONAL ASSOCIATION OF BLACKS IN DANCE INC,421698454,irs-eo-bmf-capacity,501(c)(3),democracy,2.3195,0.0070,0.0278,0.7400,,https://www.irs.gov/pub/irs-soi/eo_dc.csv
NATIONAL ASSOCIATION OF CLEAN AIR AGENCIES,421708016,irs-eo-bmf-capacity,501(c)(3),energy,1.5275,0.0046,0.0183,0.7400,,https://www.irs.gov/pub/irs-soi/eo_dc.csv
HEARING INDUSTRIES ASSOCIATION INC,426100157,irs-eo-bmf-capacity,501(c)(6),democracy,2.0154,0.0363,0.0242,0.3200,,https://www.irs.gov/pub/irs-soi/eo_dc.csv
CONSUMER DATA INDUSTRY ASSOCIATION INC,430164315,irs-eo-bmf-capacity,501(c)(6),technology,7.2575,0.1306,0.0871,0.3200,,https://www.irs.gov/pub/irs-soi/eo_dc.csv
LUPUS FOUNDATION OF AMERICA INC,431131436,irs-eo-bmf-capacity,501(c)(3),democracy,14.9980,0.0450,0.1800,0.7400,,https://www.irs.gov/pub/irs-soi/eo_dc.csv
UNITED STATES HISPANIC CHAMBER OF COMMERCE,431249249,irs-eo-bmf-capacity,501(c)(6),democracy,5.6061,0.1009,0.0673,0.3200,,https://www.irs.gov/pub/irs-soi/eo_dc.csv
ASSOCIATION OF INTERNATIONAL EDUCATION ADMINISTRATORS,431427422,irs-eo-bmf-capacity,501(c)(6),democracy,1.5369,0.0277,0.0184,0.3200,,https://www.irs.gov/pub/irs-soi/eo_dc.csv
CAMP THUNDERBIRD CHARITABLE FOUNDATION,431492134,irs-eo-bmf-capacity,501(c)(3),democracy,0.1108,0.0003,0.0013,0.7400,,https://www.irs.gov/pub/irs-soi/eo_dc.csv
NATIONAL CREDITORS BAR ASSOCIATION,431654633,irs-eo-bmf-capacity,501(c)(6),finance,2.2572,0.0406,0.0271,0.3200,,https://www.irs.gov/pub/irs-soi/eo_dc.csv
INSTITUTE FOR WAR & PEACE REPORTING US,431962561,irs-eo-bmf-capacity,501(c)(3),democracy,10.7837,0.0324,0.1294,0.7400,,https://www.irs.gov/pub/irs-soi/eo_dc.csv
CENTER FOR MILITARY RECRUITMENT ASSESSMENT AND VETERANS EMPLOYMENT,431972568,irs-eo-bmf-capacity,501(c)(3),democracy,3.5198,0.0106,0.0422,0.7400,,https://www.irs.gov/pub/irs-soi/eo_dc.csv
ASSOCIATION OF PROFESSIONAL FUTURISTS,432019676,irs-eo-bmf-capacity,501(c)(6),democracy,0.1253,0.0023,0.0015,0.3200,,https://www.irs.gov/pub/irs-soi/eo_dc.csv
URBAN SERVING UNIVERSITIES COALITION INC,432065865,irs-eo-bmf-capacity,501(c)(6),democracy,0.4790,0.0086,0.0057,0.3200,,https://www.irs.gov/pub/irs-soi/eo_dc.csv
SPACE GENERATION ADVISORY COUNCIL,450473253,irs-eo-bmf-capacity,501(c)(3),democracy,0.4520,0.0014,0.0054,0.7400,,https://www.irs.gov/pub/irs-soi/eo_dc.csv
NATIONAL NATIVE AMERICAN HUMAN RESOURCES ASSOCIATION,450477831,irs-eo-bmf-capacity,501(c)(6),democracy,1.9015,0.0342,0.0228,0.3200,,https://www.irs.gov/pub/irs-soi/eo_dc.csv
SIBLEY MEMORIAL HOSPITAL FOUNDATION,450562642,irs-eo-bmf-capacity,501(c)(3),democracy,20.8382,0.0625,0.2501,0.7400,,https://www.irs.gov/pub/irs-soi/eo_dc.csv
TAXPAYERS PROTECTION ALLIANCE,450702828,irs-eo-bmf-capacity,501(c)(4),finance,2.0094,0.0502,0.0241,0.2000,,https://www.irs.gov/pub/irs-soi/eo_dc.csv
NATIONAL RECORDING PRESERVATION FOUNDATION,450983015,irs-eo-bmf-capacity,501(c)(3),democracy,0.0231,0.0001,0.0003,0.7400,,https://www.irs.gov/pub/irs-soi/eo_dc.csv
RICHARD W GOLDMAN FAMILY FOUNDATION,451261400,irs-eo-bmf-capacity,501(c)(3),democracy,23.6892,0.0711,0.2843,0.7400,,https://www.irs.gov/pub/irs-soi/eo_dc.csv
ALLIANCE FOR PULP & PAPER TECHNOLOGY INNOVATION,451610758,irs-eo-bmf-capacity,501(c)(3),technology,0.3993,0.0012,0.0048,0.7400,,https://www.irs.gov/pub/irs-soi/eo_dc.csv
COALITION FOR CIVIL FREEDOMS FOUNDATION,451653796,irs-eo-bmf-capacity,501(c)(3),democracy,0.1062,0.0003,0.0013,0.7400,,https://www.irs.gov/pub/irs-soi/eo_dc.csv
KOSSUTH FOUNDATION OF THE HUNGARIAN REFORMED FEDERATION OF AMERICA,452255962,irs-eo-bmf-capacity,501(c)(3),democracy,0.4009,0.0012,0.0048,0.7400,,https://www.irs.gov/pub/irs-soi/eo_dc.csv
CORPORATE ACTION NETWORK,452288010,irs-eo-bmf-capacity,501(c)(3),democracy,0.2117,0.0006,0.0025,0.7400,,https://www.irs.gov/pub/irs-soi/eo_dc.csv
AMERICAN SUSTAINABLE BUSINESS INSTITUTE INC,452384297,irs-eo-bmf-capacity,501(c)(3),democracy,3.7618,0.0113,0.0451,0.7400,,https://www.irs.gov/pub/irs-soi/eo_dc.csv
AMERICAN SUSTAINABLE BUSINESS COUNCIL INC,452387029,irs-eo-bmf-capacity,501(c)(4),democracy,0.1891,0.0047,0.0023,0.2000,,https://www.irs.gov/pub/irs-soi/eo_dc.csv
NATIONAL 4-H CONGRESS FOUNDATION,452572008,irs-eo-bmf-capacity,501(c)(3),democracy,0.4672,0.0014,0.0056,0.7400,,https://www.irs.gov/pub/irs-soi/eo_dc.csv
LAND ALLIANCE INC,452577871,irs-eo-bmf-capacity,501(c)(3),democracy,0.7308,0.0022,0.0088,0.7400,,https://www.irs.gov/pub/irs-soi/eo_dc.csv
COALITION TO TRANSFORM ADVANCED CARE,452604332,irs-eo-bmf-capacity,501(c)(3),democracy,1.6973,0.0051,0.0204,0.7400,,https://www.irs.gov/pub/irs-soi/eo_dc.csv
HALIFAX INTERNATIONAL SECURITY FORUM,452826015,irs-eo-bmf-capacity,501(c)(3),democracy,7.5343,0.0226,0.0904,0.7400,,https://www.irs.gov/pub/irs-soi/eo_dc.csv
DAILY CALLER NEWS FOUNDATION,452922471,irs-eo-bmf-capacity,501(c)(3),democracy,4.4897,0.0135,0.0539,0.7400,,https://www.irs.gov/pub/irs-soi/eo_dc.csv
DOWNTOWNDC FOUNDATION INC,452933562,irs-eo-bmf-capacity,501(c)(3),democracy,0.8549,0.0026,0.0103,0.7400,,https://www.irs.gov/pub/irs-soi/eo_dc.csv
THE LEADERSHIP COUNCIL FOR HEALTHY COMMUNITIES INC,452938187,irs-eo-bmf-capacity,501(c)(3),democracy,2.5621,0.0077,0.0307,0.7400,,https://www.irs.gov/pub/irs-soi/eo_dc.csv
AMERICAN COALITION FOR TAXPAYER RIGHTS INC,452940662,irs-eo-bmf-capacity,501(c)(6),finance,0.9000,0.0162,0.0108,0.3200,,https://www.irs.gov/pub/irs-soi/eo_dc.csv
KEENAN FAMILY FOUNDATION,452955455,irs-eo-bmf-capacity,501(c)(3),democracy,2.8549,0.0086,0.0343,0.7400,,https://www.irs.gov/pub/irs-soi/eo_dc.csv
AMERICAS HEALTH FOUNDATION,453048929,irs-eo-bmf-capacity,501(c)(3),democracy,0.8496,0.0025,0.0102,0.7400,,https://www.irs.gov/pub/irs-soi/eo_dc.csv
WASHINGTON OXI DAY FOUNDATION,453059221,irs-eo-bmf-capacity,501(c)(3),democracy,0.5225,0.0016,0.0063,0.7400,,https://www.irs.gov/pub/irs-soi/eo_dc.csv
INSTITUTE FOR PALESTINE STUDIES USA INC,453166151,irs-eo-bmf-capacity,501(c)(3),democracy,0.9198,0.0028,0.0110,0.7400,,https://www.irs.gov/pub/irs-soi/eo_dc.csv
HOPE FOUNDATION RE-ENTRY NETWORK INC,453202505,irs-eo-bmf-capacity,501(c)(3),democracy,1.3445,0.0040,0.0161,0.7400,,https://www.irs.gov/pub/irs-soi/eo_dc.csv
LOUIS D BRANDEIS CENTER INC,453204617,irs-eo-bmf-capacity,501(c)(3),democracy,18.7422,0.0562,0.2249,0.7400,,https://www.irs.gov/pub/irs-soi/eo_dc.csv
ASSOCIATION OF SCHOOLS AND PROGRAMS OF PUBLIC HEALTH INC,453220718,irs-eo-bmf-capacity,501(c)(3),democracy,20.0876,0.0603,0.2411,0.7400,,https://www.irs.gov/pub/irs-soi/eo_dc.csv
KAHAN FAMILY FOUNDATION,453305163,irs-eo-bmf-capacity,501(c)(3),democracy,1.1453,0.0034,0.0137,0.7400,,https://www.irs.gov/pub/irs-soi/eo_dc.csv
INSTITUTE FOR PATIENT ACCESS,453456087,irs-eo-bmf-capacity,501(c)(3),democracy,0.1101,0.0003,0.0013,0.7400,,https://www.irs.gov/pub/irs-soi/eo_dc.csv
US-INDIA POLICY INSTITUTE,453600137,irs-eo-bmf-capacity,501(c)(3),democracy,0.0659,0.0002,0.0008,0.7400,,https://www.irs.gov/pub/irs-soi/eo_dc.csv
US-KURDISTAN BUSINESS COUNCIL,453638424,irs-eo-bmf-capacity,501(c)(6),democracy,0.1200,0.0022,0.0014,0.3200,,https://www.irs.gov/pub/irs-soi/eo_dc.csv
THE NEW CENTER,453648734,irs-eo-bmf-capacity,501(c)(3),democracy,0.0500,0.0002,0.0006,0.7400,,https://www.irs.gov/pub/irs-soi/eo_dc.csv
FPF EDUCATION AND INNOVATION FOUNDATION,453763097,irs-eo-bmf-capacity,501(c)(3),democracy,9.8628,0.0296,0.1184,0.7400,,https://www.irs.gov/pub/irs-soi/eo_dc.csv
DISTRICT OF COLUMBIA HOME HEALTH ASSOCIATION,453786264,irs-eo-bmf-capacity,501(c)(6),democracy,0.1767,0.0032,0.0021,0.3200,,https://www.irs.gov/pub/irs-soi/eo_dc.csv
CENTER FOR POPULAR DEMOCRACY,453813436,irs-eo-bmf-capacity,501(c)(3),democracy,40.8767,0.1226,0.4905,0.7400,,https://www.irs.gov/pub/irs-soi/eo_dc.csv
FOOD RECOVERY NETWORK INC,453836775,irs-eo-bmf-capacity,501(c)(3),democracy,1.7786,0.0053,0.0213,0.7400,,https://www.irs.gov/pub/irs-soi/eo_dc.csv
CENTER FOR POPULAR DEMOCRACY ACTION FUND,453860271,irs-eo-bmf-capacity,501(c)(4),democracy,2.7713,0.0693,0.0333,0.2000,,https://www.irs.gov/pub/irs-soi/eo_dc.csv
APPLICATION DEVELOPERS ALLIANCE,453969025,irs-eo-bmf-capacity,501(c)(6),democracy,0.2505,0.0045,0.0030,0.3200,,https://www.irs.gov/pub/irs-soi/eo_dc.csv
REAL ESTATE VALUATION ADVOCACY ASSOCIATION,454238569,irs-eo-bmf-capacity,501(c)(6),democracy,0.4652,0.0084,0.0056,0.3200,,https://www.irs.gov/pub/irs-soi/eo_dc.csv
CARING FOR MILITARY FAMILIES THE ELIZABETH DOLE FOUNDATION,454292692,irs-eo-bmf-capacity,501(c)(3),democracy,8.2216,0.0247,0.0987,0.7400,,https://www.irs.gov/pub/irs-soi/eo_dc.csv
FINANCIAL SERVICES INNOVATION COALITION FSIC,454436072,irs-eo-bmf-capacity,501(c)(4),democracy,0.4030,0.0101,0.0048,0.2000,,https://www.irs.gov/pub/irs-soi/eo_dc.csv
BLACK BELT JUSTICE CENTER,454441783,irs-eo-bmf-capacity,501(c)(3),democracy,0.8091,0.0024,0.0097,0.7400,,https://www.irs.gov/pub/irs-soi/eo_dc.csv
INSTITUTE FOR MIDDLE EAST OPTIONS INC,454494106,irs-eo-bmf-capacity,501(c)(3),democracy,0.3220,0.0010,0.0039,0.7400,,https://www.irs.gov/pub/irs-soi/eo_dc.csv
TEWAARATON FOUNDATION,454596535,irs-eo-bmf-capacity,501(c)(3),democracy,0.1098,0.0003,0.0013,0.7400,,https://www.irs.gov/pub/irs-soi/eo_dc.csv
HOPE ASSOCIATION,454648128,irs-eo-bmf-capacity,501(c)(3),democracy,0.2872,0.0009,0.0034,0.7400,,https://www.irs.gov/pub/irs-soi/eo_dc.csv
NATIONAL UTILITY CONTRACTORS ASSOCIATION INC,454687582,irs-eo-bmf-capacity,501(c)(6),energy,0.2707,0.0049,0.0032,0.3200,,https://www.irs.gov/pub/irs-soi/eo_dc.csv
50CAN ACTION FUND INC,454698768,irs-eo-bmf-capacity,501(c)(4),democracy,2.6163,0.0654,0.0314,0.2000,,https://www.irs.gov/pub/irs-soi/eo_dc.csv
NGOMA CENTER FOR DANCE,454864757,irs-eo-bmf-capacity,501(c)(3),democracy,0.4907,0.0015,0.0059,0.7400,,https://www.irs.gov/pub/irs-soi/eo_dc.csv
MAGHREB-AMERICAN HEALTH FOUNDATION INC,454895909,irs-eo-bmf-capacity,501(c)(3),democracy,0.0027,0.0000,0.0000,0.7400,,https://www.irs.gov/pub/irs-soi/eo_dc.csv
INDEX INDUSTRY ASSOCIATION,455007478,irs-eo-bmf-capacity,501(c)(6),democracy,1.4375,0.0259,0.0173,0.3200,,https://www.irs.gov/pub/irs-soi/eo_dc.csv
ASN FOUNDATION FOR KIDNEY RESEARCH,455090971,irs-eo-bmf-capacity,501(c)(3),democracy,14.2171,0.0427,0.1706,0.7400,,https://www.irs.gov/pub/irs-soi/eo_dc.csv
CENTER FOR DISASTER PHILANTHROPY INC,455257937,irs-eo-bmf-capacity,501(c)(3),democracy,42.9241,0.1288,0.5151,0.7400,,https://www.irs.gov/pub/irs-soi/eo_dc.csv
THE ASLAN PROJECT INC,455303190,irs-eo-bmf-capacity,501(c)(3),democracy,0.4065,0.0012,0.0049,0.7400,,https://www.irs.gov/pub/irs-soi/eo_dc.csv
THE NISKANEN CENTER INC,455308952,irs-eo-bmf-capacity,501(c)(3),democracy,9.9585,0.0299,0.1195,0.7400,,https://www.irs.gov/pub/irs-soi/eo_dc.csv
UNIDOSUS ACTION FUND INC,455341145,irs-eo-bmf-capacity,501(c)(4),democracy,0.3364,0.0084,0.0040,0.2000,,https://www.irs.gov/pub/irs-soi/eo_dc.csv
ELECTRONIC REGISTRATION INFORMATION CENTER INC,455389681,irs-eo-bmf-capacity,501(c)(3),democracy,1.6451,0.0049,0.0197,0.7400,,https://www.irs.gov/pub/irs-soi/eo_dc.csv
CCDC COMMON AREA ASSOCIATION,455506410,irs-eo-bmf-capacity,501(c)(6),democracy,7.4276,0.1337,0.0891,0.3200,,https://www.irs.gov/pub/irs-soi/eo_dc.csv
NATIVE AMERICAN FINANCIAL SERVICES ASSOCIATION,455572815,irs-eo-bmf-capacity,501(c)(6),democracy,0.4660,0.0084,0.0056,0.3200,,https://www.irs.gov/pub/irs-soi/eo_dc.csv
ISRAEL INSTITUTE INC,460540994,irs-eo-bmf-capacity,501(c)(3),democracy,4.1359,0.0124,0.0496,0.7400,,https://www.irs.gov/pub/irs-soi/eo_dc.csv
NATIONAL WOMENS LAW CENTER ACTION FUND,460639645,irs-eo-bmf-capacity,501(c)(4),democracy,2.9163,0.0729,0.0350,0.2000,,https://www.irs.gov/pub/irs-soi/eo_dc.csv
ABWM FOUNDATION,460646903,irs-eo-bmf-capacity,501(c)(3),democracy,0.2247,0.0007,0.0027,0.7400,,https://www.irs.gov/pub/irs-soi/eo_dc.csv
GLOBAL COLON CANCER ASSOCIATION,460657002,irs-eo-bmf-capacity,501(c)(3),democracy,0.8883,0.0027,0.0107,0.7400,,https://www.irs.gov/pub/irs-soi/eo_dc.csv
FOUNDATION MERIEUX USA,460698754,irs-eo-bmf-capacity,501(c)(3),democracy,0.5852,0.0018,0.0070,0.7400,,https://www.irs.gov/pub/irs-soi/eo_dc.csv
THE MEMORIAL FOUNDATION,460758941,irs-eo-bmf-capacity,501(c)(3),democracy,1.6357,0.0049,0.0196,0.7400,,https://www.irs.gov/pub/irs-soi/eo_dc.csv
DIGITAL CITIZENS ACTION ALLIANCE,460820996,irs-eo-bmf-capacity,501(c)(6),democracy,0.9100,0.0164,0.0109,0.3200,,https://www.irs.gov/pub/irs-soi/eo_dc.csv
THE WHITE COAT WASTE PROJECT INC,460856543,irs-eo-bmf-capacity,501(c)(3),democracy,5.9410,0.0178,0.0713,0.7400,,https://www.irs.gov/pub/irs-soi/eo_dc.csv
NATIONAL ASSOCIATION OF SPECIALTY PHARMACY INC,460917764,irs-eo-bmf-capacity,501(c)(6),democracy,5.7251,0.1031,0.0687,0.3200,,https://www.irs.gov/pub/irs-soi/eo_dc.csv
SCHOOLS HEALTH AND LIBRARIES BROADBAND COALITION,460974412,irs-eo-bmf-capacity,501(c)(3),democracy,1.2769,0.0038,0.0153,0.7400,,https://www.irs.gov/pub/irs-soi/eo_dc.csv
NORWEGIAN-AMERICAN DEFENSE HOMELAND SECURITY INDUSTRY COUNCIL,461045605,irs-eo-bmf-capacity,501(c)(6),procurement,1.1718,0.0211,0.0141,0.3200,,https://www.irs.gov/pub/irs-soi/eo_dc.csv
ENGINE ADVOCACY,461064620,irs-eo-bmf-capacity,501(c)(4),democracy,0.8124,0.0203,0.0097,0.2000,,https://www.irs.gov/pub/irs-soi/eo_dc.csv
EMILYS LIST ACTION,461067490,irs-eo-bmf-capacity,501(c)(4),democracy,1.9521,0.0488,0.0234,0.2000,,https://www.irs.gov/pub/irs-soi/eo_dc.csv
1882 PROJECT FOUNDATION,461144885,irs-eo-bmf-capacity,501(c)(3),democracy,0.7080,0.0021,0.0085,0.7400,,https://www.irs.gov/pub/irs-soi/eo_dc.csv
US FOUNDATION FOR LIBERTY INCORPORATED,461147062,irs-eo-bmf-capacity,501(c)(4),democracy,0.5235,0.0131,0.0063,0.2000,,https://www.irs.gov/pub/irs-soi/eo_dc.csv
PROGRESSIVE CHANGE INSTITUTE,461193049,irs-eo-bmf-capacity,501(c)(3),democracy,0.7158,0.0021,0.0086,0.7400,,https://www.irs.gov/pub/irs-soi/eo_dc.csv
NORTH AMERICA WORLD LITERACY FOUNDATION,461201100,irs-eo-bmf-capacity,501(c)(3),democracy,0.3946,0.0012,0.0047,0.7400,,https://www.irs.gov/pub/irs-soi/eo_dc.csv
FIX THE DEBT COALITION INC,461321030,irs-eo-bmf-capacity,501(c)(4),democracy,1.9251,0.0481,0.0231,0.2000,,https://www.irs.gov/pub/irs-soi/eo_dc.csv
HUMAN TRAFFICKING LEGAL CENTER,461349584,irs-eo-bmf-capacity,501(c)(3),democracy,1.4864,0.0045,0.0178,0.7400,,https://www.irs.gov/pub/irs-soi/eo_dc.csv
AMERICA CHINA PUBLIC AFFAIRS INSTITUTE INC,461366412,irs-eo-bmf-capacity,501(c)(3),democracy,0.0304,0.0001,0.0004,0.7400,,https://www.irs.gov/pub/irs-soi/eo_dc.csv
ROA STANDING TOGETHER FOR AMERICAS RESERVISTS FOUNDATION STARS,461374538,irs-eo-bmf-capacity,501(c)(3),democracy,0.1979,0.0006,0.0024,0.7400,,https://www.irs.gov/pub/irs-soi/eo_dc.csv
NATIONAL MAIN STREET CENTER INC,461405965,irs-eo-bmf-capacity,501(c)(3),democracy,17.7038,0.0531,0.2124,0.7400,,https://www.irs.gov/pub/irs-soi/eo_dc.csv
FATHER MCKENNA CENTER INC,461406974,irs-eo-bmf-capacity,501(c)(3),democracy,1.9759,0.0059,0.0237,0.7400,,https://www.irs.gov/pub/irs-soi/eo_dc.csv
NATIONAL COUNCIL OF RESISTANCE - US REPRESENTATIVE OFFICE -- NCRI-US,461427425,irs-eo-bmf-capacity,501(c)(4),democracy,0.3127,0.0078,0.0038,0.2000,,https://www.irs.gov/pub/irs-soi/eo_dc.csv
ARDA RESORT OWNERS COALITION,461457252,irs-eo-bmf-capacity,501(c)(4),democracy,3.4543,0.0864,0.0415,0.2000,,https://www.irs.gov/pub/irs-soi/eo_dc.csv
PUERTO RICO STATEHOOD COUNCIL,461462011,irs-eo-bmf-capacity,501(c)(4),democracy,1.0485,0.0262,0.0126,0.2000,,https://www.irs.gov/pub/irs-soi/eo_dc.csv
ENERGY INNOVATION REFORM PROJECT,461491204,irs-eo-bmf-capacity,501(c)(3),energy,0.7956,0.0024,0.0095,0.7400,,https://www.irs.gov/pub/irs-soi/eo_dc.csv
BITTERSWEET FOUNDATION,461502118,irs-eo-bmf-capacity,501(c)(3),democracy,0.1653,0.0005,0.0020,0.7400,,https://www.irs.gov/pub/irs-soi/eo_dc.csv
HUMANIST FOUNDATION,461534636,irs-eo-bmf-capacity,501(c)(3),democracy,0.6305,0.0019,0.0076,0.7400,,https://www.irs.gov/pub/irs-soi/eo_dc.csv
EDNA ADAN HOSPITAL FOUNDATION,461552054,irs-eo-bmf-capacity,501(c)(3),democracy,0.0802,0.0002,0.0010,0.7400,,https://www.irs.gov/pub/irs-soi/eo_dc.csv
US CHAMBER OF COMMERCE FOUNDATION,461561597,irs-eo-bmf-capacity,501(c)(3),democracy,42.2510,0.1268,0.5070,0.7400,,https://www.irs.gov/pub/irs-soi/eo_dc.csv
NATIONAL ASSOCIATION OF ACOS,461581524,irs-eo-bmf-capacity,501(c)(6),democracy,6.0772,0.1094,0.0729,0.3200,,https://www.irs.gov/pub/irs-soi/eo_dc.csv
WOODLAND FOUNDATION INC,461617321,irs-eo-bmf-capacity,501(c)(3),democracy,0.3606,0.0011,0.0043,0.7400,,https://www.irs.gov/pub/irs-soi/eo_dc.csv
SCHOOL JUSTICE PROJECT INC,461625412,irs-eo-bmf-capacity,501(c)(3),democracy,1.6054,0.0048,0.0193,0.7400,,https://www.irs.gov/pub/irs-soi/eo_dc.csv
MACNEIL HOLLINGER FOUNDATION,461656450,irs-eo-bmf-capacity,501(c)(3),democracy,0.0110,0.0000,0.0001,0.7400,,https://www.irs.gov/pub/irs-soi/eo_dc.csv
INTERNATIONAL ASSOCIATION OF PEER SUPPORTERS,461719864,irs-eo-bmf-capacity,501(c)(3),democracy,1.1353,0.0034,0.0136,0.7400,,https://www.irs.gov/pub/irs-soi/eo_dc.csv
HUNGARY INITIATIVES FOUNDATION INC,461789616,irs-eo-bmf-capacity,501(c)(3),democracy,0.4642,0.0014,0.0056,0.7400,,https://www.irs.gov/pub/irs-soi/eo_dc.csv
AIMED ALLIANCE,461806586,irs-eo-bmf-capacity,501(c)(3),democracy,0.5860,0.0018,0.0070,0.7400,,https://www.irs.gov/pub/irs-soi/eo_dc.csv
INTERNATIONAL COTTON RESEARCH ASSOCIATION,461811676,irs-eo-bmf-capacity,501(c)(3),democracy,0.0080,0.0000,0.0001,0.7400,,https://www.irs.gov/pub/irs-soi/eo_dc.csv
LATINO CORPORATE DIRECTORS ASSOCIATION,461866372,irs-eo-bmf-capacity,501(c)(6),democracy,2.9668,0.0534,0.0356,0.3200,,https://www.irs.gov/pub/irs-soi/eo_dc.csv
LATINO CORPORATE DIRECTORS EDUCATION FOUNDATION,461875686,irs-eo-bmf-capacity,501(c)(3),democracy,1.3358,0.0040,0.0160,0.7400,,https://www.irs.gov/pub/irs-soi/eo_dc.csv
NONPROFIT KIDNEY CARE ALLIANCE,461904678,irs-eo-bmf-capacity,501(c)(4),democracy,0.3548,0.0089,0.0043,0.2000,,https://www.irs.gov/pub/irs-soi/eo_dc.csv
NATIONAL COUNCIL ON SCHOOL FACILITIES,461945786,irs-eo-bmf-capacity,501(c)(3),democracy,0.5258,0.0016,0.0063,0.7400,,https://www.irs.gov/pub/irs-soi/eo_dc.csv
WASHINGTON DC METROPOLITAN POLICE DEPARTMENT MEMORIAL PROJECT,461976045,irs-eo-bmf-capacity,501(c)(3),energy,0.0421,0.0001,0.0005,0.7400,,https://www.irs.gov/pub/irs-soi/eo_dc.csv
YOUNG DOCTORS PROJECT,462024007,irs-eo-bmf-capacity,501(c)(3),democracy,0.2828,0.0008,0.0034,0.7400,,https://www.irs.gov/pub/irs-soi/eo_dc.csv
BREAKTHROUGH PRIZE IN LIFE SCIENCES FOUNDATION,462026488,irs-eo-bmf-capacity,501(c)(3),democracy,12.8493,0.0385,0.1542,0.7400,,https://www.irs.gov/pub/irs-soi/eo_dc.csv
FOUNDATION FOR INDIA AND INDIAN DIASPORA STUDIES INC,462065646,irs-eo-bmf-capacity,501(c)(3),democracy,0.0709,0.0002,0.0009,0.7400,,https://www.irs.gov/pub/irs-soi/eo_dc.csv
NATIONAL ASIAN & PACIFIC ISLANDER AMERICAN CHAMBER OF COMMERCE & ENT,462071116,irs-eo-bmf-capacity,501(c)(6),democracy,2.6560,0.0478,0.0319,0.3200,,https://www.irs.gov/pub/irs-soi/eo_dc.csv
RIGHT TO DEMOCRACY PROJECT,462079939,irs-eo-bmf-capacity,501(c)(3),democracy,0.6404,0.0019,0.0077,0.7400,,https://www.irs.gov/pub/irs-soi/eo_dc.csv
BOSCO DELLA RAGNAIA FOUNDATION,462104809,irs-eo-bmf-capacity,501(c)(3),democracy,0.1686,0.0005,0.0020,0.7400,,https://www.irs.gov/pub/irs-soi/eo_dc.csv
IRANIAN-AMERICAN BAR ASSOCIATION FOUNDATION,462150768,irs-eo-bmf-capacity,501(c)(3),democracy,0.4579,0.0014,0.0055,0.7400,,https://www.irs.gov/pub/irs-soi/eo_dc.csv
UNITED WE DREAM NETWORK INC,462216565,irs-eo-bmf-capacity,501(c)(3),democracy,8.9384,0.0268,0.1073,0.7400,,https://www.irs.gov/pub/irs-soi/eo_dc.csv
MBI RESEARCH INSTITUTE,462250067,irs-eo-bmf-capacity,501(c)(3),democracy,0.7039,0.0021,0.0084,0.7400,,https://www.irs.gov/pub/irs-soi/eo_dc.csv
BUSINESS FORWARD FOUNDATION,462250437,irs-eo-bmf-capacity,501(c)(3),democracy,5.4951,0.0165,0.0659,0.7400,,https://www.irs.gov/pub/irs-soi/eo_dc.csv
NOMA PARKS FOUNDATION,462327692,irs-eo-bmf-capacity,501(c)(3),democracy,0.0145,0.0000,0.0002,0.7400,,https://www.irs.gov/pub/irs-soi/eo_dc.csv
VICENTE FERRER FOUNDATION USA INC,462351926,irs-eo-bmf-capacity,501(c)(3),democracy,0.5227,0.0016,0.0063,0.7400,,https://www.irs.gov/pub/irs-soi/eo_dc.csv
ALLIANCE FOR YOUTH ORGANIZING,462465621,irs-eo-bmf-capacity,501(c)(3),democracy,15.3499,0.0460,0.1842,0.7400,,https://www.irs.gov/pub/irs-soi/eo_dc.csv
HARMONIC MUSIC FOUNDATION INC,462481406,irs-eo-bmf-capacity,501(c)(3),democracy,0.9390,0.0028,0.0113,0.7400,,https://www.irs.gov/pub/irs-soi/eo_dc.csv
SWALIGA FOUNDATION,462568999,irs-eo-bmf-capacity,501(c)(3),democracy,0.3560,0.0011,0.0043,0.7400,,https://www.irs.gov/pub/irs-soi/eo_dc.csv
NATIONAL HUMANITIES ALLIANCE FOUNDATION,462701935,irs-eo-bmf-capacity,501(c)(3),democracy,0.1337,0.0004,0.0016,0.7400,,https://www.irs.gov/pub/irs-soi/eo_dc.csv
NATIONAL SPACE CLUB AND FOUNDATION,462820184,irs-eo-bmf-capacity,501(c)(3),democracy,1.3041,0.0039,0.0156,0.7400,,https://www.irs.gov/pub/irs-soi/eo_dc.csv
ALLIANCE FOR YOUTH ACTION,462914731,irs-eo-bmf-capacity,501(c)(4),democracy,8.0742,0.2019,0.0969,0.2000,,https://www.irs.gov/pub/irs-soi/eo_dc.csv
POINT OF CARE COMMUNICATION COUNCIL,462945494,irs-eo-bmf-capacity,501(c)(6),democracy,1.3014,0.0234,0.0156,0.3200,,https://www.irs.gov/pub/irs-soi/eo_dc.csv
LAWFARE INSTITUTE,462967640,irs-eo-bmf-capacity,501(c)(3),democracy,1.8546,0.0056,0.0223,0.7400,,https://www.irs.gov/pub/irs-soi/eo_dc.csv
DEMOCRACY MATTERS FOUNDATION,463009324,irs-eo-bmf-capacity,501(c)(3),democracy,35.5882,0.1068,0.4271,0.7400,,https://www.irs.gov/pub/irs-soi/eo_dc.csv
INSTITUTE FOR PUBLIC HEALTH INNOVATION,463039129,irs-eo-bmf-capacity,501(c)(3),democracy,10.7019,0.0321,0.1284,0.7400,,https://www.irs.gov/pub/irs-soi/eo_dc.csv
CECA FOUNDATION,463053232,irs-eo-bmf-capacity,501(c)(3),democracy,0.5975,0.0018,0.0072,0.7400,,https://www.irs.gov/pub/irs-soi/eo_dc.csv
POPULATION CONNECTION ACTION FUND,463083014,irs-eo-bmf-capacity,501(c)(4),democracy,1.6226,0.0406,0.0195,0.2000,,https://www.irs.gov/pub/irs-soi/eo_dc.csv
ALLIANCE FOR SAFE ONLINE PHARMACIES,463155025,irs-eo-bmf-capacity,501(c)(4),democracy,1.1301,0.0283,0.0136,0.2000,,https://www.irs.gov/pub/irs-soi/eo_dc.csv
WANDA ALSTON FOUNDATION,463159251,irs-eo-bmf-capacity,501(c)(3),democracy,1.4886,0.0045,0.0179,0.7400,,https://www.irs.gov/pub/irs-soi/eo_dc.csv
BLACK CHURCH CENTER FOR JUSTICE & EQUALITY,463184561,irs-eo-bmf-capacity,501(c)(3),democracy,0.0500,0.0002,0.0006,0.7400,,https://www.irs.gov/pub/irs-soi/eo_dc.csv
ACE FOUNDATION,463200311,irs-eo-bmf-capacity,501(c)(3),democracy,3.2070,0.0096,0.0385,0.7400,,https://www.irs.gov/pub/irs-soi/eo_dc.csv
FAMILY ENTERPRISE USA ACTION INC,463253100,irs-eo-bmf-capacity,501(c)(4),democracy,1.0445,0.0261,0.0125,0.2000,,https://www.irs.gov/pub/irs-soi/eo_dc.csv
AMERICAN ASSOCIATION OF CHILD AND ADOLESCENT PSYCHIATRY,463269663,irs-eo-bmf-capacity,501(c)(6),democracy,0.8321,0.0150,0.0100,0.3200,,https://www.irs.gov/pub/irs-soi/eo_dc.csv
OUTDOOR ALLIANCE,463272914,irs-eo-bmf-capacity,501(c)(3),democracy,1.7474,0.0052,0.0210,0.7400,,https://www.irs.gov/pub/irs-soi/eo_dc.csv
THIRD PARTY PAYMENT PROCESSORS ASSOCIATION LLC,463295294,irs-eo-bmf-capacity,501(c)(6),democracy,0.5456,0.0098,0.0065,0.3200,,https://www.irs.gov/pub/irs-soi/eo_dc.csv
UNITED STATES FOUNDATION FOR THE COMMEMORATION OF THE WORLD WARS,463321814,irs-eo-bmf-capacity,501(c)(3),democracy,4.5211,0.0136,0.0543,0.7400,,https://www.irs.gov/pub/irs-soi/eo_dc.csv
PERSON CENTER,463363703,irs-eo-bmf-capacity,501(c)(3),democracy,0.4317,0.0013,0.0052,0.7400,,https://www.irs.gov/pub/irs-soi/eo_dc.csv
STRATEGIC DETERRENT COALITION,463428890,irs-eo-bmf-capacity,501(c)(3),democracy,0.2961,0.0009,0.0036,0.7400,,https://www.irs.gov/pub/irs-soi/eo_dc.csv
STICHMAN FAMILY FOUNDATION,463504020,irs-eo-bmf-capacity,501(c)(3),democracy,0.1441,0.0004,0.0017,0.7400,,https://www.irs.gov/pub/irs-soi/eo_dc.csv
DC DREAMCENTER,463532483,irs-eo-bmf-capacity,501(c)(3),democracy,0.6197,0.0019,0.0074,0.7400,,https://www.irs.gov/pub/irs-soi/eo_dc.csv
GARRISON ELEMENTARY SCHOOL PARENT TECHER ASSOCIATION,463561818,irs-eo-bmf-capacity,501(c)(3),democracy,0.1259,0.0004,0.0015,0.7400,,https://www.irs.gov/pub/irs-soi/eo_dc.csv
AMARA LEGAL CENTER INC,463819394,irs-eo-bmf-capacity,501(c)(3),democracy,0.5345,0.0016,0.0064,0.7400,,https://www.irs.gov/pub/irs-soi/eo_dc.csv
PHIT WORLD FOUNDATION INC,463861749,irs-eo-bmf-capacity,501(c)(3),democracy,0.8818,0.0026,0.0106,0.7400,,https://www.irs.gov/pub/irs-soi/eo_dc.csv
WESTERN CAUCUS FOUNDATION,463948410,irs-eo-bmf-capacity,501(c)(3),democracy,1.0486,0.0031,0.0126,0.7400,,https://www.irs.gov/pub/irs-soi/eo_dc.csv
OCEANGATE FOUNDATION,463977125,irs-eo-bmf-capacity,501(c)(3),democracy,0.0400,0.0001,0.0005,0.7400,,https://www.irs.gov/pub/irs-soi/eo_dc.csv
NATIONAL FILIPINO AMERICAN LAWYERS ASSOCIATION,464051671,irs-eo-bmf-capacity,501(c)(6),democracy,0.0940,0.0017,0.0011,0.3200,,https://www.irs.gov/pub/irs-soi/eo_dc.csv
CHLOE AND MAUD FOUNDATION INC,464054558,irs-eo-bmf-capacity,501(c)(3),democracy,1.2925,0.0039,0.0155,0.7400,,https://www.irs.gov/pub/irs-soi/eo_dc.csv
CHILDHOOD ARTHRITIS & RHEUMATOLOGY RESEARCH ALLIANCE,464152355,irs-eo-bmf-capacity,501(c)(3),democracy,9.5917,0.0288,0.1151,0.7400,,https://www.irs.gov/pub/irs-soi/eo_dc.csv
GPS INNOVATION ALLIANCE,464171871,irs-eo-bmf-capacity,501(c)(6),democracy,0.7851,0.0141,0.0094,0.3200,,https://www.irs.gov/pub/irs-soi/eo_dc.csv
MARKET PROJECT INC,464190613,irs-eo-bmf-capacity,501(c)(3),democracy,0.4183,0.0013,0.0050,0.7400,,https://www.irs.gov/pub/irs-soi/eo_dc.csv
CIC ENUGU ALUMNI FOUNDATION INC,464249027,irs-eo-bmf-capacity,501(c)(3),democracy,0.0901,0.0003,0.0011,0.7400,,https://www.irs.gov/pub/irs-soi/eo_dc.csv
ALLIANCE FOR CONNECTED CARE,464263046,irs-eo-bmf-capacity,501(c)(6),democracy,0.2650,0.0048,0.0032,0.3200,,https://www.irs.gov/pub/irs-soi/eo_dc.csv
JOHN S MULHOLLAND FAMILY FOUNDATION INC,464273581,irs-eo-bmf-capacity,501(c)(3),democracy,1.6483,0.0049,0.0198,0.7400,,https://www.irs.gov/pub/irs-soi/eo_dc.csv
GLOBAL ALLIANCE FOR PATIENT ACCESS,464320131,irs-eo-bmf-capacity,501(c)(4),democracy,1.8556,0.0464,0.0223,0.2000,,https://www.irs.gov/pub/irs-soi/eo_dc.csv
TGC NETWORK INC,464332580,irs-eo-bmf-capacity,501(c)(3),democracy,0.0005,0.0000,0.0000,0.7400,,https://www.irs.gov/pub/irs-soi/eo_dc.csv
ALLIANCE OF US STARTUPS AND INVENTORS FOR JOBS,464394329,irs-eo-bmf-capacity,501(c)(4),democracy,0.4750,0.0119,0.0057,0.2000,,https://www.irs.gov/pub/irs-soi/eo_dc.csv
PROJECT SOAR MARRAKECH,464530213,irs-eo-bmf-capacity,501(c)(3),democracy,0.3571,0.0011,0.0043,0.7400,,https://www.irs.gov/pub/irs-soi/eo_dc.csv
NETWORK FOR DEVELOPING CONSCIOUS COMMUNITIES,464564310,irs-eo-bmf-capacity,501(c)(3),democracy,0.2802,0.0008,0.0034,0.7400,,https://www.irs.gov/pub/irs-soi/eo_dc.csv
INSTITUTE FOR SURGICAL EXCELLENCE,464617882,irs-eo-bmf-capacity,501(c)(3),democracy,0.0761,0.0002,0.0009,0.7400,,https://www.irs.gov/pub/irs-soi/eo_dc.csv
FRIENDSHIP EDUCATION FOUNDATION,464655147,irs-eo-bmf-capacity,501(c)(3),democracy,21.1703,0.0635,0.2540,0.7400,,https://www.irs.gov/pub/irs-soi/eo_dc.csv
GLOBAL LIVER INSTITUTE INC,464687212,irs-eo-bmf-capacity,501(c)(3),democracy,3.4266,0.0103,0.0411,0.7400,,https://www.irs.gov/pub/irs-soi/eo_dc.csv
ARAB CENTER WASHINGTON INC,464736138,irs-eo-bmf-capacity,501(c)(3),democracy,2.6235,0.0079,0.0315,0.7400,,https://www.irs.gov/pub/irs-soi/eo_dc.csv
ASSOCIATION OF CHANGE MANAGEMENT PROFESSIONALS DISTRICT OF COLUMBIA,464748207,irs-eo-bmf-capacity,501(c)(6),democracy,0.0321,0.0006,0.0004,0.3200,,https://www.irs.gov/pub/irs-soi/eo_dc.csv
FOUNDATION FOR ACCOUNTABILITY AND CIVIC TRUST,464754874,irs-eo-bmf-capacity,501(c)(3),democracy,0.4750,0.0014,0.0057,0.7400,,https://www.irs.gov/pub/irs-soi/eo_dc.csv
INSTITUTE FOR CHINA-AMERICA STUDIES,464867689,irs-eo-bmf-capacity,501(c)(3),democracy,0.8656,0.0026,0.0104,0.7400,,https://www.irs.gov/pub/irs-soi/eo_dc.csv
US FOUNDATION FOR LIBERTY AND HUMAN RIGHTS,465037053,irs-eo-bmf-capacity,501(c)(3),democracy,0.4005,0.0012,0.0048,0.7400,,https://www.irs.gov/pub/irs-soi/eo_dc.csv
ADVANCED LEADERSHIP FOUNDATION INC,465052397,irs-eo-bmf-capacity,501(c)(3),democracy,0.0356,0.0001,0.0004,0.7400,,https://www.irs.gov/pub/irs-soi/eo_dc.csv
ASSOCIATION FOR THE PROMOTION AND EXHIBITION OF THE ARTS IN LEBANON,465146223,irs-eo-bmf-capacity,501(c)(3),democracy,0.0602,0.0002,0.0007,0.7400,,https://www.irs.gov/pub/irs-soi/eo_dc.csv
STATE TAX RESEARCH INSTITUTE,465302475,irs-eo-bmf-capacity,501(c)(3),finance,0.2690,0.0008,0.0032,0.7400,,https://www.irs.gov/pub/irs-soi/eo_dc.csv
GLOBAL SURGERY ALLIANCE,465338229,irs-eo-bmf-capacity,501(c)(3),democracy,0.2633,0.0008,0.0032,0.7400,,https://www.irs.gov/pub/irs-soi/eo_dc.csv
ARAB GULF STATES INSTITUTE IN WASHINGTON,465392694,irs-eo-bmf-capacity,501(c)(3),democracy,3.2587,0.0098,0.0391,0.7400,,https://www.irs.gov/pub/irs-soi/eo_dc.csv
JUSTICE FOR VENEZUELANS FOUNDATION,465430969,irs-eo-bmf-capacity,501(c)(3),democracy,1.0034,0.0030,0.0120,0.7400,,https://www.irs.gov/pub/irs-soi/eo_dc.csv
FIRST SHIFT JUSTICE PROJECT,465477121,irs-eo-bmf-capacity,501(c)(3),democracy,0.9489,0.0028,0.0114,0.7400,,https://www.irs.gov/pub/irs-soi/eo_dc.csv
NATIONAL HEMP ASSOCIATION INC,465495823,irs-eo-bmf-capacity,501(c)(6),democracy,0.0981,0.0018,0.0012,0.3200,,https://www.irs.gov/pub/irs-soi/eo_dc.csv
AFRICAN AMERICAN MAYORS ASSOCIATION INC,465593933,irs-eo-bmf-capacity,501(c)(3),democracy,5.5756,0.0167,0.0669,0.7400,,https://www.irs.gov/pub/irs-soi/eo_dc.csv
FEDERAL CIRCUIT BAR ASSOCIATION CHARITABLE AND EDUCATIONAL FUND,465611859,irs-eo-bmf-capacity,501(c)(3),democracy,2.8870,0.0087,0.0346,0.7400,,https://www.irs.gov/pub/irs-soi/eo_dc.csv
GOOD HOPE FOUNDATION,465646887,irs-eo-bmf-capacity,501(c)(3),democracy,0.4766,0.0014,0.0057,0.7400,,https://www.irs.gov/pub/irs-soi/eo_dc.csv
PAVING THE WAY MULTI SERVICE INSTITUTE,465649514,irs-eo-bmf-capacity,501(c)(3),democracy,2.7905,0.0084,0.0335,0.7400,,https://www.irs.gov/pub/irs-soi/eo_dc.csv
PHYLLIS MARGOLIUS FAMILY FOUNDATION INC,465660420,irs-eo-bmf-capacity,501(c)(3),democracy,0.0479,0.0001,0.0006,0.7400,,https://www.irs.gov/pub/irs-soi/eo_dc.csv
HOWARD BRAIN SCIENCES FOUNDATION,465727582,irs-eo-bmf-capacity,501(c)(3),democracy,0.0385,0.0001,0.0005,0.7400,,https://www.irs.gov/pub/irs-soi/eo_dc.csv
URBAN SCHOOL FOOD ALLIANCE INC,465754490,irs-eo-bmf-capacity,501(c)(3),democracy,2.4196,0.0073,0.0290,0.7400,,https://www.irs.gov/pub/irs-soi/eo_dc.csv
THE CECILE AND PHILIP JOHNSON FOUNDATION,467058514,irs-eo-bmf-capacity,501(c)(3),democracy,0.0009,0.0000,0.0000,0.7400,,https://www.irs.gov/pub/irs-soi/eo_dc.csv
CONCORDIA FOUNDATION,467148091,irs-eo-bmf-capacity,501(c)(3),democracy,0.3827,0.0011,0.0046,0.7400,,https://www.irs.gov/pub/irs-soi/eo_dc.csv
NORTH AMERICAN SECURITIES ADMINISTRATORS ASSOCIATION INC,470730228,irs-eo-bmf-capacity,501(c)(3),finance,23.1153,0.0693,0.2774,0.7400,,https://www.irs.gov/pub/irs-soi/eo_dc.csv
SHEPHERD ELEMENTARY SCHOOL PARENTS AND TEACHERS ASSOCIATION,470879109,irs-eo-bmf-capacity,501(c)(3),democracy,0.1455,0.0004,0.0017,0.7400,,https://www.irs.gov/pub/irs-soi/eo_dc.csv
SUSTAINED DIALOGUE INSTITUTE,470894510,irs-eo-bmf-capacity,501(c)(3),democracy,0.4726,0.0014,0.0057,0.7400,,https://www.irs.gov/pub/irs-soi/eo_dc.csv
QUEEN RANIA FOUNDATION FOR EDUCATION AND DEVELOPMENT - USA,470901904,irs-eo-bmf-capacity,501(c)(3),democracy,0.1505,0.0005,0.0018,0.7400,,https://www.irs.gov/pub/irs-soi/eo_dc.csv
JOANNE M BRAXTON INSTITUTE,471052295,irs-eo-bmf-capacity,501(c)(3),democracy,0.0637,0.0002,0.0008,0.7400,,https://www.irs.gov/pub/irs-soi/eo_dc.csv
ERA COALITION INC,471170242,irs-eo-bmf-capacity,501(c)(4),democracy,0.1329,0.0033,0.0016,0.2000,,https://www.irs.gov/pub/irs-soi/eo_dc.csv
CHAMBER OF DIGITAL COMMERCE,471183361,irs-eo-bmf-capacity,501(c)(6),democracy,4.4980,0.0810,0.0540,0.3200,,https://www.irs.gov/pub/irs-soi/eo_dc.csv
ANTIQUITIES COALITION,471206934,irs-eo-bmf-capacity,501(c)(3),democracy,0.9497,0.0028,0.0114,0.7400,,https://www.irs.gov/pub/irs-soi/eo_dc.csv
AMERICAN RELIEF COALITION,471273159,irs-eo-bmf-capacity,501(c)(3),democracy,0.1440,0.0004,0.0017,0.7400,,https://www.irs.gov/pub/irs-soi/eo_dc.csv
COIN CENTER INC,471315917,irs-eo-bmf-capacity,501(c)(4),democracy,4.8700,0.1218,0.0584,0.2000,,https://www.irs.gov/pub/irs-soi/eo_dc.csv
ORGANIC AND NATURAL HEALTH ASSOCIATION,471332618,irs-eo-bmf-capacity,501(c)(6),democracy,0.4436,0.0080,0.0053,0.3200,,https://www.irs.gov/pub/irs-soi/eo_dc.csv
DC COUNCIL FOR EXCELLENCE INC,471403946,irs-eo-bmf-capacity,501(c)(3),democracy,0.9850,0.0030,0.0118,0.7400,,https://www.irs.gov/pub/irs-soi/eo_dc.csv
ST VINCENT & THE GRENADINES NATIONALS ASSOCIATION OF WASHINGTO,471555194,irs-eo-bmf-capacity,501(c)(3),democracy,0.0009,0.0000,0.0000,0.7400,,https://www.irs.gov/pub/irs-soi/eo_dc.csv
FOUNDATION FOR FOOD AND AGRICULTURE RESEARCH,471559027,irs-eo-bmf-capacity,501(c)(3),democracy,49.0624,0.1472,0.5887,0.7400,,https://www.irs.gov/pub/irs-soi/eo_dc.csv
DC HEALING CENTER,471720446,irs-eo-bmf-capacity,501(c)(3),democracy,0.0364,0.0001,0.0004,0.7400,,https://www.irs.gov/pub/irs-soi/eo_dc.csv
CATHOLIC MOBILIZING NETWORK,471793715,irs-eo-bmf-capacity,501(c)(3),democracy,1.0134,0.0030,0.0122,0.7400,,https://www.irs.gov/pub/irs-soi/eo_dc.csv
SMALL UAV COALITION INC,471867920,irs-eo-bmf-capacity,501(c)(6),democracy,0.5100,0.0092,0.0061,0.3200,,https://www.irs.gov/pub/irs-soi/eo_dc.csv
CHARTER SCHOOLS ACTION FUND,472045681,irs-eo-bmf-capacity,501(c)(4),democracy,0.2541,0.0064,0.0030,0.2000,,https://www.irs.gov/pub/irs-soi/eo_dc.csv
STEM EDUCATION COALITION INC,472094530,irs-eo-bmf-capacity,501(c)(4),democracy,0.2132,0.0053,0.0026,0.2000,,https://www.irs.gov/pub/irs-soi/eo_dc.csv
STEM EDUCATION COALITION POLICY FORUM,472110130,irs-eo-bmf-capacity,501(c)(3),democracy,0.1807,0.0005,0.0022,0.7400,,https://www.irs.gov/pub/irs-soi/eo_dc.csv
HEALTHY MARKETS ASSOCIATION,472168025,irs-eo-bmf-capacity,501(c)(6),democracy,0.5817,0.0105,0.0070,0.3200,,https://www.irs.gov/pub/irs-soi/eo_dc.csv
THE FOUNDATION FOR AMERICAN INNOVATION,472239840,irs-eo-bmf-capacity,501(c)(3),democracy,5.1499,0.0154,0.0618,0.7400,,https://www.irs.gov/pub/irs-soi/eo_dc.csv
NEGOTIATION STRATEGIES INSTITUTE,472289205,irs-eo-bmf-capacity,501(c)(3),democracy,0.6284,0.0019,0.0075,0.7400,,https://www.irs.gov/pub/irs-soi/eo_dc.csv
CADASTA FOUNDATION,472326975,irs-eo-bmf-capacity,501(c)(3),democracy,4.9638,0.0149,0.0596,0.7400,,https://www.irs.gov/pub/irs-soi/eo_dc.csv
DC FAMILY CHILD CARE ASSOCIATION,472344863,irs-eo-bmf-capacity,501(c)(3),democracy,0.2929,0.0009,0.0035,0.7400,,https://www.irs.gov/pub/irs-soi/eo_dc.csv
INTERNATIONAL INSTITUTE ON RACE EQUALITY AND HUMAN RIGHTS,472348129,irs-eo-bmf-capacity,501(c)(3),democracy,6.9353,0.0208,0.0832,0.7400,,https://www.irs.gov/pub/irs-soi/eo_dc.csv
FUND II FOUNDATION,472396669,irs-eo-bmf-capacity,501(c)(3),democracy,0.4036,0.0012,0.0048,0.7400,,https://www.irs.gov/pub/irs-soi/eo_dc.csv
FREE RUSSIA FOUNDATION,472437810,irs-eo-bmf-capacity,501(c)(3),democracy,6.0249,0.0181,0.0723,0.7400,,https://www.irs.gov/pub/irs-soi/eo_dc.csv
PCMA FOUNDATION,472487430,irs-eo-bmf-capacity,501(c)(3),democracy,0.1000,0.0003,0.0012,0.7400,,https://www.irs.gov/pub/irs-soi/eo_dc.csv
GLOBAL INVESTIGATIVE JOURNALISM NETWORK,472494303,irs-eo-bmf-capacity,501(c)(3),democracy,1.4898,0.0045,0.0179,0.7400,,https://www.irs.gov/pub/irs-soi/eo_dc.csv
INTERFAITH ACTION FOR HUMAN RIGHTS,472562402,irs-eo-bmf-capacity,501(c)(3),democracy,0.1836,0.0006,0.0022,0.7400,,https://www.irs.gov/pub/irs-soi/eo_dc.csv
CPMG FOUNDATION,472603523,irs-eo-bmf-capacity,501(c)(3),democracy,0.5877,0.0018,0.0071,0.7400,,https://www.irs.gov/pub/irs-soi/eo_dc.csv
NAWLEE FOUNDATION INC,472613587,irs-eo-bmf-capacity,501(c)(3),democracy,0.8419,0.0025,0.0101,0.7400,,https://www.irs.gov/pub/irs-soi/eo_dc.csv
TARA CHAND FOUNDATION,472629243,irs-eo-bmf-capacity,501(c)(3),democracy,8.7491,0.0262,0.1050,0.7400,,https://www.irs.gov/pub/irs-soi/eo_dc.csv
FOUNDATION FOR AMERICAN SECURITY AND FREEDOM INC,472671140,irs-eo-bmf-capacity,501(c)(4),democracy,2.3242,0.0581,0.0279,0.2000,,https://www.irs.gov/pub/irs-soi/eo_dc.csv
SONGS BY HEART FOUNDATION,472743895,irs-eo-bmf-capacity,501(c)(3),democracy,0.3741,0.0011,0.0045,0.7400,,https://www.irs.gov/pub/irs-soi/eo_dc.csv
WILLIAMS-FRANKLIN FOUNDATION,472756449,irs-eo-bmf-capacity,501(c)(3),democracy,0.2331,0.0007,0.0028,0.7400,,https://www.irs.gov/pub/irs-soi/eo_dc.csv
MILLENNIAL ACTION PROJECT DBA FUTURE CAUCUS,472802851,irs-eo-bmf-capacity,501(c)(3),democracy,3.8060,0.0114,0.0457,0.7400,,https://www.irs.gov/pub/irs-soi/eo_dc.csv
CANADY FOUNDATION FOR THE ARTS,472820507,irs-eo-bmf-capacity,501(c)(3),democracy,0.0810,0.0002,0.0010,0.7400,,https://www.irs.gov/pub/irs-soi/eo_dc.csv
CENTER FOR OPEN DATA ENTERPRISE INC,472871408,irs-eo-bmf-capacity,501(c)(3),technology,0.4085,0.0012,0.0049,0.7400,,https://www.irs.gov/pub/irs-soi/eo_dc.csv
ADULT VACCINE ACCESS COALITION,472933563,irs-eo-bmf-capacity,501(c)(4),democracy,0.8200,0.0205,0.0098,0.2000,,https://www.irs.gov/pub/irs-soi/eo_dc.csv
AMERICAN CHAMBER OF COMMERCE IN EGYPT INC,472947843,irs-eo-bmf-capacity,501(c)(6),democracy,0.5240,0.0094,0.0063,0.3200,,https://www.irs.gov/pub/irs-soi/eo_dc.csv
JUSTICE ACTION NETWORK,472975432,irs-eo-bmf-capacity,501(c)(4),democracy,0.0667,0.0017,0.0008,0.2000,,https://www.irs.gov/pub/irs-soi/eo_dc.csv
CITIZENS FOR RESPONSIBLE ENERGY SOLUTIONS FORUM,472999520,irs-eo-bmf-capacity,501(c)(3),energy,7.5758,0.0227,0.0909,0.7400,,https://www.irs.gov/pub/irs-soi/eo_dc.csv
CENTER FOR CIVIL SOCIETY AND DEMOCRACY IN SYRIA,473016681,irs-eo-bmf-capacity,501(c)(3),democracy,1.3707,0.0041,0.0164,0.7400,,https://www.irs.gov/pub/irs-soi/eo_dc.csv
COALITION FOR ACCESS NOW,473126658,irs-eo-bmf-capacity,501(c)(4),democracy,0.2823,0.0071,0.0034,0.2000,,https://www.irs.gov/pub/irs-soi/eo_dc.csv
COMPETITION & INNOVATION INSTITUTE,473153920,irs-eo-bmf-capacity,501(c)(3),democracy,0.1000,0.0003,0.0012,0.7400,,https://www.irs.gov/pub/irs-soi/eo_dc.csv
SOUTHWEST COMMUNITY FOUNDATION,473286080,irs-eo-bmf-capacity,501(c)(3),democracy,0.0022,0.0000,0.0000,0.7400,,https://www.irs.gov/pub/irs-soi/eo_dc.csv
GLOBAL ALZHEIMERS PLATFORM FOUNDATION INC,473290570,irs-eo-bmf-capacity,501(c)(3),technology,6.5404,0.0196,0.0785,0.7400,,https://www.irs.gov/pub/irs-soi/eo_dc.csv
BEHUMBEZA FOUNDATION,473316352,irs-eo-bmf-capacity,501(c)(3),democracy,0.1704,0.0005,0.0020,0.7400,,https://www.irs.gov/pub/irs-soi/eo_dc.csv
SMALL AND SEASONAL BUSINESS LEGAL CENTER,473408517,irs-eo-bmf-capacity,501(c)(6),democracy,1.3959,0.0251,0.0168,0.3200,,https://www.irs.gov/pub/irs-soi/eo_dc.csv
KAILASH SATYARTHI CHILDRENS FOUNDATION OF AMERICA INC,473414039,irs-eo-bmf-capacity,501(c)(3),democracy,18.9356,0.0568,0.2272,0.7400,,https://www.irs.gov/pub/irs-soi/eo_dc.csv
INSTITUTE FOR TRUTH IN MARKETING INC,473475721,irs-eo-bmf-capacity,501(c)(4),democracy,0.4751,0.0119,0.0057,0.2000,,https://www.irs.gov/pub/irs-soi/eo_dc.csv
WINE ORIGINS ALLIANCE,473580770,irs-eo-bmf-capacity,501(c)(6),democracy,0.2119,0.0038,0.0025,0.3200,,https://www.irs.gov/pub/irs-soi/eo_dc.csv
RAINBOW CHILD LEARNING CENTER INC,473637113,irs-eo-bmf-capacity,501(c)(3),democracy,0.1260,0.0004,0.0015,0.7400,,https://www.irs.gov/pub/irs-soi/eo_dc.csv
GLOBAL WAR ON TERRORISM MEMORIAL FOUNDATION INC,473700489,irs-eo-bmf-capacity,501(c)(3),democracy,3.0358,0.0091,0.0364,0.7400,,https://www.irs.gov/pub/irs-soi/eo_dc.csv
SOUTHEAST WELDING CENTER INC,473860162,irs-eo-bmf-capacity,501(c)(3),democracy,0.5345,0.0016,0.0064,0.7400,,https://www.irs.gov/pub/irs-soi/eo_dc.csv
EMPLOYEE FITNESS CENTER CORPORATION,473868902,irs-eo-bmf-capacity,501(c)(3),democracy,0.0385,0.0001,0.0005,0.7400,,https://www.irs.gov/pub/irs-soi/eo_dc.csv
GLOBAL CENTER ON COOPERATIVE SECURITY INC,474057264,irs-eo-bmf-capacity,501(c)(3),democracy,4.2705,0.0128,0.0512,0.7400,,https://www.irs.gov/pub/irs-soi/eo_dc.csv
ACTON ACADEMY FOUNDATION,474108671,irs-eo-bmf-capacity,501(c)(3),democracy,0.1379,0.0004,0.0017,0.7400,,https://www.irs.gov/pub/irs-soi/eo_dc.csv
VENTURE CAPITAL FOUNDATION,474114024,irs-eo-bmf-capacity,501(c)(3),finance,1.2920,0.0039,0.0155,0.7400,,https://www.irs.gov/pub/irs-soi/eo_dc.csv
NMPA SUPPORTING OUR NEXT GENERATION OF SONGWRITERS SONGS FOUNDATION,474148498,irs-eo-bmf-capacity,501(c)(3),democracy,0.1716,0.0005,0.0021,0.7400,,https://www.irs.gov/pub/irs-soi/eo_dc.csv
ARCHBRIDGE INSTITUTE,474252296,irs-eo-bmf-capacity,501(c)(3),democracy,1.8930,0.0057,0.0227,0.7400,,https://www.irs.gov/pub/irs-soi/eo_dc.csv
US COMMITTEE FOR UKRAINIAN HOLODOMOR GENOCIDE AWARENESS,474279564,irs-eo-bmf-capacity,501(c)(3),democracy,0.0059,0.0000,0.0001,0.7400,,https://www.irs.gov/pub/irs-soi/eo_dc.csv
GOODWILL EXCEL CENTER PUBLIC CHARTER SCHOOL,474283739,irs-eo-bmf-capacity,501(c)(3),democracy,12.8667,0.0386,0.1544,0.7400,,https://www.irs.gov/pub/irs-soi/eo_dc.csv
CENTER FOR WATER SECURITY AND COOPERATION,474349539,irs-eo-bmf-capacity,501(c)(3),democracy,0.1352,0.0004,0.0016,0.7400,,https://www.irs.gov/pub/irs-soi/eo_dc.csv
WASHINGTON POLICY INSTITUTE,474353732,irs-eo-bmf-capacity,501(c)(3),democracy,0.2683,0.0008,0.0032,0.7400,,https://www.irs.gov/pub/irs-soi/eo_dc.csv
POSTSECONDARY NATIONAL POLICY INSTITUTE,474374655,irs-eo-bmf-capacity,501(c)(3),democracy,1.7305,0.0052,0.0208,0.7400,,https://www.irs.gov/pub/irs-soi/eo_dc.csv
THE CRIMSONBRIDGE FOUNDATION INC,474376653,irs-eo-bmf-capacity,501(c)(3),democracy,3.5645,0.0107,0.0428,0.7400,,https://www.irs.gov/pub/irs-soi/eo_dc.csv
HER RESILIENCY CENTER,474406856,irs-eo-bmf-capacity,501(c)(3),democracy,1.3309,0.0040,0.0160,0.7400,,https://www.irs.gov/pub/irs-soi/eo_dc.csv
TRANSFORMATIVE JUSTICE COALITION,474418013,irs-eo-bmf-capacity,501(c)(3),democracy,0.7989,0.0024,0.0096,0.7400,,https://www.irs.gov/pub/irs-soi/eo_dc.csv
PMRC FOUNDATION INC,474444812,irs-eo-bmf-capacity,501(c)(3),democracy,0.0067,0.0000,0.0001,0.7400,,https://www.irs.gov/pub/irs-soi/eo_dc.csv
WASHINGTON CENTER FOR EQUITABLE GROWTH INC,474464400,irs-eo-bmf-capacity,501(c)(3),democracy,11.9660,0.0359,0.1436,0.7400,,https://www.irs.gov/pub/irs-soi/eo_dc.csv
SANDLER FAMILY FOUNDATION INC,474482515,irs-eo-bmf-capacity,501(c)(3),democracy,0.5216,0.0016,0.0063,0.7400,,https://www.irs.gov/pub/irs-soi/eo_dc.csv
AVIV FOUNDATION INC,474498674,irs-eo-bmf-capacity,501(c)(3),democracy,13.3708,0.0401,0.1604,0.7400,,https://www.irs.gov/pub/irs-soi/eo_dc.csv
ALOISIUS FOUNDATION,474527340,irs-eo-bmf-capacity,501(c)(3),democracy,0.0199,0.0001,0.0002,0.7400,,https://www.irs.gov/pub/irs-soi/eo_dc.csv
MATTHEW HARRIS ORNSTEIN MEMORIAL FOUNDATION INC,474562303,irs-eo-bmf-capacity,501(c)(3),democracy,0.9120,0.0027,0.0109,0.7400,,https://www.irs.gov/pub/irs-soi/eo_dc.csv
FREEDOM RESEARCH FOUNDATION,474573708,irs-eo-bmf-capacity,501(c)(3),democracy,0.0104,0.0000,0.0001,0.7400,,https://www.irs.gov/pub/irs-soi/eo_dc.csv
GLOBAL TAIWAN INSTITUTE,474583894,irs-eo-bmf-capacity,501(c)(3),democracy,0.5697,0.0017,0.0068,0.7400,,https://www.irs.gov/pub/irs-soi/eo_dc.csv
GLOBEWOMEN RESEARCH & EDUCATION INSTITUTE,474613148,irs-eo-bmf-capacity,501(c)(3),democracy,1.5440,0.0046,0.0185,0.7400,,https://www.irs.gov/pub/irs-soi/eo_dc.csv
BETTER MEDICARE ALLIANCE INC,474633356,irs-eo-bmf-capacity,501(c)(4),democracy,17.1721,0.4293,0.2061,0.2000,,https://www.irs.gov/pub/irs-soi/eo_dc.csv
DIGITAL ASSET INSTITUTE,474691352,irs-eo-bmf-capacity,501(c)(3),democracy,0.0452,0.0001,0.0005,0.7400,,https://www.irs.gov/pub/irs-soi/eo_dc.csv
MCN BUILD FOUNDATION INC,474784436,irs-eo-bmf-capacity,501(c)(3),democracy,0.6650,0.0020,0.0080,0.7400,,https://www.irs.gov/pub/irs-soi/eo_dc.csv
ANACOSTIA AMP COMMUNITY CENTER INC,474887868,irs-eo-bmf-capacity,501(c)(3),democracy,0.0514,0.0002,0.0006,0.7400,,https://www.irs.gov/pub/irs-soi/eo_dc.csv
FRATERNITY AND SORORITY ACTION FUND,474906970,irs-eo-bmf-capacity,501(c)(4),democracy,0.3150,0.0079,0.0038,0.2000,,https://www.irs.gov/pub/irs-soi/eo_dc.csv
ELECTRONIC PAYMENTS COALITION INC,474908678,irs-eo-bmf-capacity,501(c)(6),democracy,72.7644,1.3098,0.8732,0.3200,,https://www.irs.gov/pub/irs-soi/eo_dc.csv
NISKANEN CENTER FOR PUBLIC POLICY INC,474946572,irs-eo-bmf-capacity,501(c)(4),democracy,0.2900,0.0072,0.0035,0.2000,,https://www.irs.gov/pub/irs-soi/eo_dc.csv
CENTER FOR INCLUSIVE POLICY,474954014,irs-eo-bmf-capacity,501(c)(3),democracy,0.6673,0.0020,0.0080,0.7400,,https://www.irs.gov/pub/irs-soi/eo_dc.csv
SAUL FOUNDATION FOR PROGRESS INC,474954803,irs-eo-bmf-capacity,501(c)(3),democracy,7.2267,0.0217,0.0867,0.7400,,https://www.irs.gov/pub/irs-soi/eo_dc.csv
AMERICAN-CENTRAL EUROPEAN BUSINESS ASSOCIATION,474968121,irs-eo-bmf-capacity,501(c)(6),democracy,1.1117,0.0200,0.0133,0.3200,,https://www.irs.gov/pub/irs-soi/eo_dc.csv
HEWLETT PACKARD ENTERPRISE FOUNDATION,475011215,irs-eo-bmf-capacity,501(c)(3),democracy,22.5711,0.0677,0.2709,0.7400,,https://www.irs.gov/pub/irs-soi/eo_dc.csv
THE INTERNATIONAL YOUTH ALLIANCE FOR FAMILY PLANNING,475049026,irs-eo-bmf-capacity,501(c)(3),democracy,0.0567,0.0002,0.0007,0.7400,,https://www.irs.gov/pub/irs-soi/eo_dc.csv
CHEMICAL INDUSTRY LABOR MANAGEMENT COMMITTEE TRUST,475075084,irs-eo-bmf-capacity,501(c)(6),democracy,0.1550,0.0028,0.0019,0.3200,,https://www.irs.gov/pub/irs-soi/eo_dc.csv
COMMITTEE ON INVESTMENT OF EMPLOYEE BENEFIT ASSETS INC,475104757,irs-eo-bmf-capacity,501(c)(6),democracy,0.9075,0.0163,0.0109,0.3200,,https://www.irs.gov/pub/irs-soi/eo_dc.csv
ROOT CAUSE COALITION,475126498,irs-eo-bmf-capacity,501(c)(3),democracy,0.5273,0.0016,0.0063,0.7400,,https://www.irs.gov/pub/irs-soi/eo_dc.csv
INSTITUTE FOR CRITICAL INFRASTRUCTURE TECHNOLOGY,475294309,irs-eo-bmf-capacity,501(c)(3),technology,0.3412,0.0010,0.0041,0.7400,,https://www.irs.gov/pub/irs-soi/eo_dc.csv
NORWEGIAN REFUGEE COUNCIL USA,475342860,irs-eo-bmf-capacity,501(c)(3),democracy,6.6398,0.0199,0.0797,0.7400,,https://www.irs.gov/pub/irs-soi/eo_dc.csv
YOUTH ENTREPRENEUR INSTITUTE,475351868,irs-eo-bmf-capacity,501(c)(3),democracy,0.4528,0.0014,0.0054,0.7400,,https://www.irs.gov/pub/irs-soi/eo_dc.csv
COMMONS IMPACT FOUNDATION,475381512,irs-eo-bmf-capacity,501(c)(3),democracy,0.0100,0.0000,0.0001,0.7400,,https://www.irs.gov/pub/irs-soi/eo_dc.csv
GATARI CHILD DEVELOPMENT CENTER,475423991,irs-eo-bmf-capacity,501(c)(3),democracy,2.1064,0.0063,0.0253,0.7400,,https://www.irs.gov/pub/irs-soi/eo_dc.csv
NMHC RESEARCH FOUNDATION,475446854,irs-eo-bmf-capacity,501(c)(3),democracy,0.1377,0.0004,0.0017,0.7400,,https://www.irs.gov/pub/irs-soi/eo_dc.csv
LSM FOUNDATION INC,475545263,irs-eo-bmf-capacity,501(c)(3),democracy,0.0256,0.0001,0.0003,0.7400,,https://www.irs.gov/pub/irs-soi/eo_dc.csv
HIGHER EDUCATION VIDEO GAME ALLIANCE,475563763,irs-eo-bmf-capacity,501(c)(6),democracy,0.1400,0.0025,0.0017,0.3200,,https://www.irs.gov/pub/irs-soi/eo_dc.csv
CARDIOVASCULAR COALITION INC,475564846,irs-eo-bmf-capacity,501(c)(4),democracy,0.6648,0.0166,0.0080,0.2000,,https://www.irs.gov/pub/irs-soi/eo_dc.csv
FREE THE PEOPLE FIGHT THE POWER FOUNDATION,475598652,irs-eo-bmf-capacity,501(c)(3),democracy,1.4656,0.0044,0.0176,0.7400,,https://www.irs.gov/pub/irs-soi/eo_dc.csv
UYGHUR HUMAN RIGHTS PROJECT,475609093,irs-eo-bmf-capacity,501(c)(3),democracy,0.8614,0.0026,0.0103,0.7400,,https://www.irs.gov/pub/irs-soi/eo_dc.csv
PEACE THROUGH ACTION USA,475665023,irs-eo-bmf-capacity,501(c)(3),democracy,0.4556,0.0014,0.0055,0.7400,,https://www.irs.gov/pub/irs-soi/eo_dc.csv
NATIONAL ASSOCIATION OF WHEAT GROWERS,480668648,irs-eo-bmf-capacity,501(c)(6),democracy,1.6119,0.0290,0.0193,0.3200,,https://www.irs.gov/pub/irs-soi/eo_dc.csv
NATIONAL BAR ASSOCIATION INC,480793589,irs-eo-bmf-capacity,501(c)(6),democracy,4.9300,0.0887,0.0592,0.3200,,https://www.irs.gov/pub/irs-soi/eo_dc.csv
ASSOCIATION OF VETERINARY BIOLOGICS COMPANIES,481178853,irs-eo-bmf-capacity,501(c)(6),democracy,0.1700,0.0031,0.0020,0.3200,,https://www.irs.gov/pub/irs-soi/eo_dc.csv
NATIONAL ASSOCIATION OF CHILDRENS HOSPITAL AND RELATED INSTITUTIONS,510120256,irs-eo-bmf-capacity,501(c)(3),democracy,46.2024,0.1386,0.5544,0.7400,,https://www.irs.gov/pub/irs-soi/eo_dc.csv
NATIONAL COUNCIL ON PROBLEM GAMBLING INC,510141872,irs-eo-bmf-capacity,501(c)(3),democracy,9.0612,0.0272,0.1087,0.7400,,https://www.irs.gov/pub/irs-soi/eo_dc.csv
INTERNATIONAL FLIGHT SERVICES ASSOCIATION INC,510160065,irs-eo-bmf-capacity,501(c)(6),democracy,1.3900,0.0250,0.0167,0.3200,,https://www.irs.gov/pub/irs-soi/eo_dc.csv
INTERNATIONAL FORUM,510174950,irs-eo-bmf-capacity,501(c)(6),democracy,0.8529,0.0154,0.0102,0.3200,,https://www.irs.gov/pub/irs-soi/eo_dc.csv
BREAD FOR THE WORLD INSTITUTE INC,510175510,irs-eo-bmf-capacity,501(c)(3),democracy,14.0112,0.0420,0.1681,0.7400,,https://www.irs.gov/pub/irs-soi/eo_dc.csv
NATIONAL CANDLE ASSOCIATION,510187148,irs-eo-bmf-capacity,501(c)(6),democracy,1.1707,0.0211,0.0140,0.3200,,https://www.irs.gov/pub/irs-soi/eo_dc.csv
AAP EDUCATION AND RESEARCH INSTITUTE INC,510189369,irs-eo-bmf-capacity,501(c)(3),democracy,0.0250,0.0001,0.0003,0.7400,,https://www.irs.gov/pub/irs-soi/eo_dc.csv
JACK AND JILL OF AMERICA FOUNDATION INC,510224656,irs-eo-bmf-capacity,501(c)(3),democracy,3.0586,0.0092,0.0367,0.7400,,https://www.irs.gov/pub/irs-soi/eo_dc.csv
INSTITUTE OF TRANSPORTATION ENGINEERS EDUCATIONAL FOUNDATION,510232220,irs-eo-bmf-capacity,501(c)(3),democracy,0.4101,0.0012,0.0049,0.7400,,https://www.irs.gov/pub/irs-soi/eo_dc.csv
ASSOCIATION FOR DRESSINGS & SAUCES,510245131,irs-eo-bmf-capacity,501(c)(6),democracy,1.6679,0.0300,0.0200,0.3200,,https://www.irs.gov/pub/irs-soi/eo_dc.csv
COMMITTEE OF 100 ON THE FEDERAL CITY,510246296,irs-eo-bmf-capacity,501(c)(3),democracy,0.0658,0.0002,0.0008,0.7400,,https://www.irs.gov/pub/irs-soi/eo_dc.csv
COMPLEX INSURANCE CLAIMS LITIGATION ASSOCIATION INC,510296468,irs-eo-bmf-capacity,501(c)(6),finance,0.5484,0.0099,0.0066,0.3200,,https://www.irs.gov/pub/irs-soi/eo_dc.csv
FEDERAL COMMUNICATIONS BAR ASSOCIATION FOUNDATION,510334407,irs-eo-bmf-capacity,501(c)(3),democracy,0.6140,0.0018,0.0074,0.7400,,https://www.irs.gov/pub/irs-soi/eo_dc.csv
DISTRICT OF COLUMBIA HEALTH CARE ASSOCIATION,510342646,irs-eo-bmf-capacity,501(c)(6),democracy,0.5077,0.0091,0.0061,0.3200,,https://www.irs.gov/pub/irs-soi/eo_dc.csv
PHI COMMUNITY FOUNDATION,510367729,irs-eo-bmf-capacity,501(c)(3),democracy,0.5079,0.0015,0.0061,0.7400,,https://www.irs.gov/pub/irs-soi/eo_dc.csv
ONLINE NEWS ASSOCIATION,510389878,irs-eo-bmf-capacity,501(c)(3),democracy,3.7530,0.0113,0.0450,0.7400,,https://www.irs.gov/pub/irs-soi/eo_dc.csv
VINYL INSTITUTE INC,510391748,irs-eo-bmf-capacity,501(c)(6),democracy,10.1659,0.1830,0.1220,0.3200,,https://www.irs.gov/pub/irs-soi/eo_dc.csv
RUMI FORUM INC,510398531,irs-eo-bmf-capacity,501(c)(3),democracy,0.4978,0.0015,0.0060,0.7400,,https://www.irs.gov/pub/irs-soi/eo_dc.csv
DIPLOMACY CENTER FOUNDATION,510398806,irs-eo-bmf-capacity,501(c)(3),democracy,0.3234,0.0010,0.0039,0.7400,,https://www.irs.gov/pub/irs-soi/eo_dc.csv
CENTER FOR THE STUDY OF TECHNOLOGY & SOCIETY INC,510399261,irs-eo-bmf-capacity,501(c)(3),technology,0.5928,0.0018,0.0071,0.7400,,https://www.irs.gov/pub/irs-soi/eo_dc.csv
ALFRED N WATSON FAMILY FOUNDATION,510404909,irs-eo-bmf-capacity,501(c)(3),democracy,0.0685,0.0002,0.0008,0.7400,,https://www.irs.gov/pub/irs-soi/eo_dc.csv
WOMEN BUSINESS LEADERS OF THE U S HEALTH CARE INDUSTRY FOUNDATION,510410145,irs-eo-bmf-capacity,501(c)(3),democracy,2.4693,0.0074,0.0296,0.7400,,https://www.irs.gov/pub/irs-soi/eo_dc.csv
AMERICANS FOR SAFE ACCESS FOUNDATION,510579227,irs-eo-bmf-capacity,501(c)(3),democracy,0.1329,0.0004,0.0016,0.7400,,https://www.irs.gov/pub/irs-soi/eo_dc.csv
PAUL LAURENCE DUNBAR RESIDENTS ASSOCIATION INC,510587780,irs-eo-bmf-capacity,501(c)(3),democracy,0.0017,0.0000,0.0000,0.7400,,https://www.irs.gov/pub/irs-soi/eo_dc.csv
LATINO LEADERS NETWORK INC,510601578,irs-eo-bmf-capacity,501(c)(3),democracy,1.0054,0.0030,0.0121,0.7400,,https://www.irs.gov/pub/irs-soi/eo_dc.csv
HANNS-SEIDEL-FOUNDATION USA INC,510635136,irs-eo-bmf-capacity,501(c)(3),democracy,0.2316,0.0007,0.0028,0.7400,,https://www.irs.gov/pub/irs-soi/eo_dc.csv
THE PALISADES CITIZENS ASSOCIATION INCORPORATED,520040356,irs-eo-bmf-capacity,501(c)(4),democracy,0.2761,0.0069,0.0033,0.2000,,https://www.irs.gov/pub/irs-soi/eo_dc.csv
CORN REFINERS ASSOCIATION INC,520230814,irs-eo-bmf-capacity,501(c)(6),democracy,8.0684,0.1452,0.0968,0.3200,,https://www.irs.gov/pub/irs-soi/eo_dc.csv
TAX EXECUTIVES INSTITUTE INC,520239291,irs-eo-bmf-capacity,501(c)(6),finance,11.7732,0.2119,0.1413,0.3200,,https://www.irs.gov/pub/irs-soi/eo_dc.csv
WATER SYSTEMS COUNCIL,520730143,irs-eo-bmf-capacity,501(c)(6),democracy,1.1044,0.0199,0.0133,0.3200,,https://www.irs.gov/pub/irs-soi/eo_dc.csv
ATLANTIC COUNCIL OF THE U S INC,520742294,irs-eo-bmf-capacity,501(c)(3),democracy,69.9016,0.2097,0.8388,0.7400,,https://www.irs.gov/pub/irs-soi/eo_dc.csv
AMERICAN COUNCIL OF ENGINEERING COMPANIES INC,520745115,irs-eo-bmf-capacity,501(c)(6),democracy,22.8688,0.4116,0.2744,0.3200,,https://www.irs.gov/pub/irs-soi/eo_dc.csv
COUNCIL FOR A LIVABLE WORLD,520746112,irs-eo-bmf-capacity,501(c)(4),democracy,0.3279,0.0082,0.0039,0.2000,,https://www.irs.gov/pub/irs-soi/eo_dc.csv
AMERICAN ASSOCIATION OF STATE COLLEGES AND UNIVERSITIES,520747578,irs-eo-bmf-capacity,501(c)(3),democracy,11.7631,0.0353,0.1412,0.7400,,https://www.irs.gov/pub/irs-soi/eo_dc.csv
WHITE HOUSE HISTORICAL ASSOCIATION,520749685,irs-eo-bmf-capacity,501(c)(3),democracy,72.9297,0.2188,0.8752,0.7400,,https://www.irs.gov/pub/irs-soi/eo_dc.csv
AFRICAN WILDLIFE FOUNDATION,520781390,irs-eo-bmf-capacity,501(c)(3),democracy,37.3442,0.1120,0.4481,0.7400,,https://www.irs.gov/pub/irs-soi/eo_dc.csv
ASSOCIATION OF RESEARCH LIBRARIES,520784198,irs-eo-bmf-capacity,501(c)(3),democracy,8.5655,0.0257,0.1028,0.7400,,https://www.irs.gov/pub/irs-soi/eo_dc.csv
PAUL & ANNETTA HIMMELFARB FOUNDATION INC,520784206,irs-eo-bmf-capacity,501(c)(3),democracy,0.6012,0.0018,0.0072,0.7400,,https://www.irs.gov/pub/irs-soi/eo_dc.csv
INSTITUTE FOR POLICY STUDIES,520788947,irs-eo-bmf-capacity,501(c)(3),democracy,5.6510,0.0170,0.0678,0.7400,,https://www.irs.gov/pub/irs-soi/eo_dc.csv
AARP FOUNDATION,520794300,irs-eo-bmf-capacity,501(c)(3),democracy,202.9321,0.6088,2.4352,0.7400,,https://www.irs.gov/pub/irs-soi/eo_dc.csv
AAA FOUNDATION FOR TRAFFIC SAFETY,520794368,irs-eo-bmf-capacity,501(c)(3),democracy,6.0964,0.0183,0.0732,0.7400,,https://www.irs.gov/pub/irs-soi/eo_dc.csv
ANTHONY & ANNA L CAROZZA FOUNDATION,520794431,irs-eo-bmf-capacity,501(c)(3),democracy,0.6031,0.0018,0.0072,0.7400,,https://www.irs.gov/pub/irs-soi/eo_dc.csv
WHITE HOUSE CORRESPONDENTS ASSOCIATION,520799067,irs-eo-bmf-capacity,501(c)(3),democracy,0.6064,0.0018,0.0073,0.7400,,https://www.irs.gov/pub/irs-soi/eo_dc.csv
LAWYERS COMMITTEE FOR CIVIL RIGHTS UNDER LAW,520799246,irs-eo-bmf-capacity,501(c)(3),democracy,18.4947,0.0555,0.2219,0.7400,,https://www.irs.gov/pub/irs-soi/eo_dc.csv
CYNTHIA WARNER FOUNDATION LTD,520800734,irs-eo-bmf-capacity,501(c)(3),democracy,0.0052,0.0000,0.0001,0.7400,,https://www.irs.gov/pub/irs-soi/eo_dc.csv
AMERICAN PUBLIC GAS ASSOCIATION,520805605,irs-eo-bmf-capacity,501(c)(6),energy,4.1734,0.0751,0.0501,0.3200,,https://www.irs.gov/pub/irs-soi/eo_dc.csv
CENTER FOR APPLIED LINGUISTICS,520807619,irs-eo-bmf-capacity,501(c)(3),democracy,13.2891,0.0399,0.1595,0.7400,,https://www.irs.gov/pub/irs-soi/eo_dc.csv
SIOR FOUNDATION,520808480,irs-eo-bmf-capacity,501(c)(3),democracy,0.7977,0.0024,0.0096,0.7400,,https://www.irs.gov/pub/irs-soi/eo_dc.csv
POPULATION ACTION INTERNATIONAL,520812075,irs-eo-bmf-capacity,501(c)(3),democracy,3.7260,0.0112,0.0447,0.7400,,https://www.irs.gov/pub/irs-soi/eo_dc.csv
UNIVERSITIES RESEARCH ASSOCIATION INC,520816670,irs-eo-bmf-capacity,501(c)(3),democracy,5.1312,0.0154,0.0616,0.7400,,https://www.irs.gov/pub/irs-soi/eo_dc.csv
INTERNATIONAL ASSOCIATION FOR PLANT TAXONOMY USA,520817253,irs-eo-bmf-capacity,501(c)(3),finance,0.7405,0.0022,0.0089,0.7400,,https://www.irs.gov/pub/irs-soi/eo_dc.csv
PASTORAL COUNSELING & CONSULTATION CENTERS OF GREATER WASHINGTON,520820513,irs-eo-bmf-capacity,501(c)(3),democracy,0.9266,0.0028,0.0111,0.7400,,https://www.irs.gov/pub/irs-soi/eo_dc.csv
NATURAL GAS SUPPLY ASSOCIATION,520823671,irs-eo-bmf-capacity,501(c)(6),energy,5.4331,0.0978,0.0652,0.3200,,https://www.irs.gov/pub/irs-soi/eo_dc.csv
ANCHOR MENTAL HEALTH ASSOCIATION,520824835,irs-eo-bmf-capacity,501(c)(3),democracy,9.5658,0.0287,0.1148,0.7400,,https://www.irs.gov/pub/irs-soi/eo_dc.csv
AMERICAN COUNCIL OF YOUNG POLITICAL LEADERS INC,520845718,irs-eo-bmf-capacity,501(c)(3),democracy,3.1897,0.0096,0.0383,0.7400,,https://www.irs.gov/pub/irs-soi/eo_dc.csv
THE LEONARD AND ELAINE SILVERSTEIN FAMILY FOUNDATION,520845731,irs-eo-bmf-capacity,501(c)(3),democracy,1.8512,0.0056,0.0222,0.7400,,https://www.irs.gov/pub/irs-soi/eo_dc.csv
TAX COUNCIL,520845970,irs-eo-bmf-capacity,501(c)(6),finance,1.4105,0.0254,0.0169,0.3200,,https://www.irs.gov/pub/irs-soi/eo_dc.csv
WALTER A BLOEDORN FOUNDATION,520846147,irs-eo-bmf-capacity,501(c)(3),democracy,4.4315,0.0133,0.0532,0.7400,,https://www.irs.gov/pub/irs-soi/eo_dc.csv
BUSINESS-GOVERNMENT RELATIONS COUNCIL,520852291,irs-eo-bmf-capacity,501(c)(6),democracy,0.1946,0.0035,0.0023,0.3200,,https://www.irs.gov/pub/irs-soi/eo_dc.csv
URBAN INSTITUTE,520880375,irs-eo-bmf-capacity,501(c)(3),democracy,129.5925,0.3888,1.5551,0.7400,,https://www.irs.gov/pub/irs-soi/eo_dc.csv
REINSURANCE ASSOCIATION OF AMERICA,520882723,irs-eo-bmf-capacity,501(c)(6),finance,11.2982,0.2034,0.1356,0.3200,,https://www.irs.gov/pub/irs-soi/eo_dc.csv
THE AFL-CIO WORKING FOR AMERICA INSTITUTE,520884503,irs-eo-bmf-capacity,501(c)(3),democracy,2.7391,0.0082,0.0329,0.7400,,https://www.irs.gov/pub/irs-soi/eo_dc.csv
NATIONAL BANKERS ASSOCIATION INC,520884907,irs-eo-bmf-capacity,501(c)(6),finance,2.3561,0.0424,0.0283,0.3200,,https://www.irs.gov/pub/irs-soi/eo_dc.csv
ESPERANTIC STUDIES FOUNDATION,520885287,irs-eo-bmf-capacity,501(c)(3),democracy,0.4333,0.0013,0.0052,0.7400,,https://www.irs.gov/pub/irs-soi/eo_dc.csv
CHAMBER OF SHIPPING OF AMERICA,520886646,irs-eo-bmf-capacity,501(c)(6),democracy,1.0778,0.0194,0.0129,0.3200,,https://www.irs.gov/pub/irs-soi/eo_dc.csv
INTERNATIONAL ECONOMIC DEVELOPMENT COUNCIL INC,520887806,irs-eo-bmf-capacity,501(c)(3),democracy,16.1179,0.0484,0.1934,0.7400,,https://www.irs.gov/pub/irs-soi/eo_dc.csv
CENTER FOR COMMUNITY CHANGE,520888113,irs-eo-bmf-capacity,501(c)(3),democracy,43.5894,0.1308,0.5231,0.7400,,https://www.irs.gov/pub/irs-soi/eo_dc.csv
COMMITTEE FOR EDUCATION FUNDING,520891509,irs-eo-bmf-capacity,501(c)(4),democracy,0.6629,0.0166,0.0080,0.2000,,https://www.irs.gov/pub/irs-soi/eo_dc.csv
UNIVERSITIES SPACE RESEARCH ASSOCIATION,520892064,irs-eo-bmf-capacity,501(c)(3),democracy,64.1865,0.1926,0.7702,0.7400,,https://www.irs.gov/pub/irs-soi/eo_dc.csv
YOUNG WOMENS CHRISTIAN ASSOCIATION OF THE NATIONAL CAPITAL AREA,520893511,irs-eo-bmf-capacity,501(c)(3),finance,0.2713,0.0008,0.0033,0.7400,,https://www.irs.gov/pub/irs-soi/eo_dc.csv
GEORGETOWN INTERNATIONAL RELATIONS ASSOCIATION INCORPORATED,520895972,irs-eo-bmf-capacity,501(c)(3),democracy,0.5915,0.0018,0.0071,0.7400,,https://www.irs.gov/pub/irs-soi/eo_dc.csv
GENERAL AVIATION MANUFACTURERS ASSOCIATION INC,520897278,irs-eo-bmf-capacity,501(c)(6),democracy,9.2092,0.1658,0.1105,0.3200,,https://www.irs.gov/pub/irs-soi/eo_dc.csv
POPULATION INSTITUTE,520899578,irs-eo-bmf-capacity,501(c)(3),democracy,5.5752,0.0167,0.0669,0.7400,,https://www.irs.gov/pub/irs-soi/eo_dc.csv
ENVIRONMENTAL LAW INSTITUTE INC,520901863,irs-eo-bmf-capacity,501(c)(3),energy,7.1861,0.0216,0.0862,0.7400,,https://www.irs.gov/pub/irs-soi/eo_dc.csv
ASSOCIATION OF JESUIT COLLEGES AND UNIVERSITIES,520902755,irs-eo-bmf-capacity,501(c)(3),democracy,3.2269,0.0097,0.0387,0.7400,,https://www.irs.gov/pub/irs-soi/eo_dc.csv
CENTER FOR AUTO SAFETY INC,520902868,irs-eo-bmf-capacity,501(c)(3),democracy,0.0747,0.0002,0.0009,0.7400,,https://www.irs.gov/pub/irs-soi/eo_dc.csv
VISITORS SERVICES CENTER INC,520906685,irs-eo-bmf-capacity,501(c)(3),democracy,1.2773,0.0038,0.0153,0.7400,,https://www.irs.gov/pub/irs-soi/eo_dc.csv
STUDIO GALLERY ASSOCIATION INC,520912528,irs-eo-bmf-capacity,501(c)(3),democracy,0.1747,0.0005,0.0021,0.7400,,https://www.irs.gov/pub/irs-soi/eo_dc.csv
MIGRANT LEGAL ACTION PROGRAM INC,520913158,irs-eo-bmf-capacity,501(c)(3),democracy,0.1887,0.0006,0.0023,0.7400,,https://www.irs.gov/pub/irs-soi/eo_dc.csv
AMERICAN DEAFNESS & REHABILITATION ASSOCIATION,520936516,irs-eo-bmf-capacity,501(c)(3),democracy,0.1567,0.0005,0.0019,0.7400,,https://www.irs.gov/pub/irs-soi/eo_dc.csv
HOUSING ASSISTANCE COUNCIL,520939288,irs-eo-bmf-capacity,501(c)(3),democracy,16.4085,0.0492,0.1969,0.7400,,https://www.irs.gov/pub/irs-soi/eo_dc.csv
ASSOCIATION OF COLLEGIATE SCHOOLS OF ARCHITECTURE INC,520939894,irs-eo-bmf-capacity,501(c)(3),democracy,2.3897,0.0072,0.0287,0.7400,,https://www.irs.gov/pub/irs-soi/eo_dc.csv
INTELLECTUAL PROPERTY OWNERS ASSOCIATION,520948513,irs-eo-bmf-capacity,501(c)(6),democracy,5.8318,0.1050,0.0700,0.3200,,https://www.irs.gov/pub/irs-soi/eo_dc.csv
NATIONAL RURAL HOUSING COALITION,520952436,irs-eo-bmf-capacity,501(c)(3),democracy,0.3522,0.0011,0.0042,0.7400,,https://www.irs.gov/pub/irs-soi/eo_dc.csv
ROSEMOUNT CENTER,520954828,irs-eo-bmf-capacity,501(c)(3),democracy,6.6062,0.0198,0.0793,0.7400,,https://www.irs.gov/pub/irs-soi/eo_dc.csv
INTERNATIONAL ASSOCIATION OF OFFICIAL HUMAN RIGHTS AGENCIES,520958489,irs-eo-bmf-capacity,501(c)(3),democracy,0.1855,0.0006,0.0022,0.7400,,https://www.irs.gov/pub/irs-soi/eo_dc.csv
ST ALBANS EARLY CHILDHOOD CENTER INC,520960722,irs-eo-bmf-capacity,501(c)(3),democracy,7.8133,0.0234,0.0938,0.7400,,https://www.irs.gov/pub/irs-soi/eo_dc.csv
BARBARA CHAMBERS CHILDRENS CENTER,520965477,irs-eo-bmf-capacity,501(c)(3),democracy,13.4108,0.0402,0.1609,0.7400,,https://www.irs.gov/pub/irs-soi/eo_dc.csv
STUDENT NATIONAL MEDICAL ASSOCIATION INC,520965479,irs-eo-bmf-capacity,501(c)(3),democracy,2.8512,0.0086,0.0342,0.7400,,https://www.irs.gov/pub/irs-soi/eo_dc.csv
EDWARD C MAZIQUE PARENT CHILD CENTER INC OF THE DISTRICT OF COLU,520968193,irs-eo-bmf-capacity,501(c)(3),democracy,7.2134,0.0216,0.0866,0.7400,,https://www.irs.gov/pub/irs-soi/eo_dc.csv
AMERICAN ASSOCIATION OF COLLEGES OF NURSING,520971333,irs-eo-bmf-capacity,501(c)(3),democracy,20.6686,0.0620,0.2480,0.7400,,https://www.irs.gov/pub/irs-soi/eo_dc.csv
DISTILLED SPIRITS COUNCIL OF THE UNITED STATES INC,520971454,irs-eo-bmf-capacity,501(c)(6),democracy,15.9739,0.2875,0.1917,0.3200,,https://www.irs.gov/pub/irs-soi/eo_dc.csv
REPORTERS COMMITTEE FOR FREEDOM OF THE PRESS,520972043,irs-eo-bmf-capacity,501(c)(3),democracy,8.3521,0.0251,0.1002,0.7400,,https://www.irs.gov/pub/irs-soi/eo_dc.csv
COUNCIL FOR RESPONSIBLE NUTRITION,520975324,irs-eo-bmf-capacity,501(c)(6),democracy,6.5864,0.1186,0.0790,0.3200,,https://www.irs.gov/pub/irs-soi/eo_dc.csv
NATIONAL ASSOCIATION OF STATE WORKFORCE AGENCIES,520978073,irs-eo-bmf-capacity,501(c)(4),democracy,5.6181,0.1405,0.0674,0.2000,,https://www.irs.gov/pub/irs-soi/eo_dc.csv
SPANISH CATHOLIC CENTER INC,520980905,irs-eo-bmf-capacity,501(c)(3),democracy,2.8306,0.0085,0.0340,0.7400,,https://www.irs.gov/pub/irs-soi/eo_dc.csv
NATIONAL NEWSPAPERS PUBLISHERS ASSOCIATION,520982972,irs-eo-bmf-capacity,501(c)(6),democracy,4.1534,0.0748,0.0498,0.3200,,https://www.irs.gov/pub/irs-soi/eo_dc.csv
NATIONAL ASSOCIATION OF STATE ALCOHOL AND DRUG ABUSE DIRECTORS,520983141,irs-eo-bmf-capacity,501(c)(3),democracy,3.5681,0.0107,0.0428,0.7400,,https://www.irs.gov/pub/irs-soi/eo_dc.csv
THE NETWORK,520984255,irs-eo-bmf-capacity,501(c)(4),democracy,1.9245,0.0481,0.0231,0.2000,,https://www.irs.gov/pub/irs-soi/eo_dc.csv
AMERICAN COUNCIL FOR CAPITAL FORMATION,520991278,irs-eo-bmf-capacity,501(c)(6),finance,0.2600,0.0047,0.0031,0.3200,,https://www.irs.gov/pub/irs-soi/eo_dc.csv
NATIONAL COMMITTEE FOR A HUMAN LIFE AMENDMENT INC,520991848,irs-eo-bmf-capacity,501(c)(4),democracy,0.5694,0.0142,0.0068,0.2000,,https://www.irs.gov/pub/irs-soi/eo_dc.csv
CENTER FOR THE STUDY OF SERVICES,521000466,irs-eo-bmf-capacity,501(c)(3),democracy,28.3211,0.0850,0.3399,0.7400,,https://www.irs.gov/pub/irs-soi/eo_dc.csv
AMERICAN BANKERS ASSOCIATION,521001304,irs-eo-bmf-capacity,501(c)(6),finance,175.4206,3.1576,2.1050,0.3200,,https://www.irs.gov/pub/irs-soi/eo_dc.csv
LABOR COUNCIL FOR LATIN AMERICAN ADVANCEMENT,521002207,irs-eo-bmf-capacity,501(c)(3),democracy,0.6718,0.0020,0.0081,0.7400,,https://www.irs.gov/pub/irs-soi/eo_dc.csv
AMERICAN HELLENIC INSTITUTE INC,521006027,irs-eo-bmf-capacity,501(c)(6),democracy,0.5179,0.0093,0.0062,0.3200,,https://www.irs.gov/pub/irs-soi/eo_dc.csv
ADVANCED MEDICAL TECHNOLOGY ASSOCIATION,521006053,irs-eo-bmf-capacity,501(c)(6),technology,54.7766,0.9860,0.6573,0.3200,,https://www.irs.gov/pub/irs-soi/eo_dc.csv
AMERICAN PUBLIC TRANSIT ASSOCIATION,521007647,irs-eo-bmf-capacity,501(c)(6),democracy,33.5443,0.6038,0.4025,0.3200,,https://www.irs.gov/pub/irs-soi/eo_dc.csv
NATIONAL NEWSPAPER PUBLISHERS ASSOCIATION FUND,521008362,irs-eo-bmf-capacity,501(c)(3),democracy,0.1214,0.0004,0.0015,0.7400,,https://www.irs.gov/pub/irs-soi/eo_dc.csv
NATIONAL NETWORK FOR YOUTH INC,521009952,irs-eo-bmf-capacity,501(c)(3),democracy,0.6274,0.0019,0.0075,0.7400,,https://www.irs.gov/pub/irs-soi/eo_dc.csv
ALLIANCE FOR JUSTICE,521009973,irs-eo-bmf-capacity,501(c)(3),democracy,4.9524,0.0149,0.0594,0.7400,,https://www.irs.gov/pub/irs-soi/eo_dc.csv
COUNCIL FOR ADVANCEMENT AND SUPPORT OF EDUCATION,521012307,irs-eo-bmf-capacity,501(c)(3),democracy,32.0051,0.0960,0.3841,0.7400,,https://www.irs.gov/pub/irs-soi/eo_dc.csv
THE NATIONAL THEATRE FOUNDATION,521014217,irs-eo-bmf-capacity,501(c)(3),democracy,2.5754,0.0077,0.0309,0.7400,,https://www.irs.gov/pub/irs-soi/eo_dc.csv
COUNCIL ON EDUCATION FOR PUBLIC HEALTH,521017653,irs-eo-bmf-capacity,501(c)(3),democracy,2.2895,0.0069,0.0275,0.7400,,https://www.irs.gov/pub/irs-soi/eo_dc.csv
THE WASHINGTON CENTER FOR INTERNSHIPS AND ACADEMIC SEMINARS,521019820,irs-eo-bmf-capacity,501(c)(3),democracy,21.0792,0.0632,0.2530,0.7400,,https://www.irs.gov/pub/irs-soi/eo_dc.csv
GOVERNORS HIGHWAY SAFETY ASSOCIATION GHSA,521021004,irs-eo-bmf-capacity,501(c)(3),democracy,9.9822,0.0299,0.1198,0.7400,,https://www.irs.gov/pub/irs-soi/eo_dc.csv
LATIN AMERICAN YOUTH CENTER INC,521023074,irs-eo-bmf-capacity,501(c)(3),democracy,20.6067,0.0618,0.2473,0.7400,,https://www.irs.gov/pub/irs-soi/eo_dc.csv
DISTRICT OF COLUMBIA ASSOCIATION OF NURSE ANESTHETISTS,521033380,irs-eo-bmf-capacity,501(c)(6),democracy,0.0405,0.0007,0.0005,0.3200,,https://www.irs.gov/pub/irs-soi/eo_dc.csv
NATIONAL GUARD EDUCATIONAL FOUNDATION,521038433,irs-eo-bmf-capacity,501(c)(3),democracy,1.2770,0.0038,0.0153,0.7400,,https://www.irs.gov/pub/irs-soi/eo_dc.csv
INTERNATIONAL LIQUID TERMINALS ASSOCIATION,521038765,irs-eo-bmf-capacity,501(c)(6),democracy,4.6834,0.0843,0.0562,0.3200,,https://www.irs.gov/pub/irs-soi/eo_dc.csv
REGIONAL AIRLINE ASSOCIATION,521039526,irs-eo-bmf-capacity,501(c)(6),democracy,3.1470,0.0566,0.0378,0.3200,,https://www.irs.gov/pub/irs-soi/eo_dc.csv
NATIONAL COORDINATING COMMITTEE FOR MULTIEMPLOYER PLANS,521041104,irs-eo-bmf-capacity,501(c)(4),democracy,3.2921,0.0823,0.0395,0.2000,,https://www.irs.gov/pub/irs-soi/eo_dc.csv
INTERNATIONAL FOOD POLICY RESEARCH INSTITUTE,521041632,irs-eo-bmf-capacity,501(c)(3),democracy,126.0071,0.3780,1.5121,0.7400,,https://www.irs.gov/pub/irs-soi/eo_dc.csv
NATIONAL CAPITAL AREA PARALEGAL ASSOCIATION,521041959,irs-eo-bmf-capacity,501(c)(6),finance,0.0056,0.0001,0.0001,0.3200,,https://www.irs.gov/pub/irs-soi/eo_dc.csv
AMERICAN EXPLORATION & PRODUCTION COUNCIL INC,521042125,irs-eo-bmf-capacity,501(c)(6),democracy,9.0094,0.1622,0.1081,0.3200,,https://www.irs.gov/pub/irs-soi/eo_dc.csv
AMERICAN COUNCIL OF LIFE INSURERS INC,521044350,irs-eo-bmf-capacity,501(c)(6),democracy,77.2758,1.3910,0.9273,0.3200,,https://www.irs.gov/pub/irs-soi/eo_dc.csv
WASHINGTON PRESS CLUB FOUNDATION,521046926,irs-eo-bmf-capacity,501(c)(3),democracy,0.2465,0.0007,0.0030,0.7400,,https://www.irs.gov/pub/irs-soi/eo_dc.csv
GLOBAL HEALTH COUNCIL INC,521048393,irs-eo-bmf-capacity,501(c)(3),democracy,1.2723,0.0038,0.0153,0.7400,,https://www.irs.gov/pub/irs-soi/eo_dc.csv
PENSION RIGHTS CENTER,521059121,irs-eo-bmf-capacity,501(c)(3),democracy,1.0898,0.0033,0.0131,0.7400,,https://www.irs.gov/pub/irs-soi/eo_dc.csv
VIETNAMESE-AMERICAN BUDDHIST ASSOCIATION KY VIEN TU IN WA DC,521060287,irs-eo-bmf-capacity,501(c)(3),democracy,1.3038,0.0039,0.0156,0.7400,,https://www.irs.gov/pub/irs-soi/eo_dc.csv
AMERICAN HELLENIC INSTITUTE FOUNDATION INC,521061633,irs-eo-bmf-capacity,501(c)(3),democracy,1.1003,0.0033,0.0132,0.7400,,https://www.irs.gov/pub/irs-soi/eo_dc.csv
FOUNDATIONS AND DONORS INTEREST IN CATHOLIC ACTIVITIES,521062824,irs-eo-bmf-capacity,501(c)(3),democracy,3.4871,0.0105,0.0418,0.7400,,https://www.irs.gov/pub/irs-soi/eo_dc.csv
PARALYZED VETERANS OF AMERICA SPINAL CORD RESEARCH FOUNDATION,521064398,irs-eo-bmf-capacity,501(c)(3),democracy,0.3619,0.0011,0.0043,0.7400,,https://www.irs.gov/pub/irs-soi/eo_dc.csv
JOHN EATON HOME AND SCHOOL ASSOCIATION,521067080,irs-eo-bmf-capacity,501(c)(3),democracy,0.3524,0.0011,0.0042,0.7400,,https://www.irs.gov/pub/irs-soi/eo_dc.csv
AMERICAN COUNCILS FOR INTERNATIONAL EDUCATION ACTR ACCELS INC,521067256,irs-eo-bmf-capacity,501(c)(3),democracy,111.6467,0.3349,1.3398,0.7400,,https://www.irs.gov/pub/irs-soi/eo_dc.csv
CENTER FOR WORKPLACE COMPLIANCE,521067287,irs-eo-bmf-capacity,501(c)(6),democracy,2.3920,0.0431,0.0287,0.3200,,https://www.irs.gov/pub/irs-soi/eo_dc.csv
SERVICE CORPS OF RETIRED EXECUTIVES ASSOCIATION,521067290,irs-eo-bmf-capacity,501(c)(3),democracy,21.6909,0.0651,0.2603,0.7400,,https://www.irs.gov/pub/irs-soi/eo_dc.csv
WOODROW WILSON INTERNATIONAL CENTER FOR SCHOLARS,521067541,irs-eo-bmf-capacity,501(c)(3),democracy,30.3775,0.0911,0.3645,0.7400,,https://www.irs.gov/pub/irs-soi/eo_dc.csv
JOINT CENTER FOR POLITICAL AND ECONOMIC STUDIES INC,521069070,irs-eo-bmf-capacity,501(c)(3),democracy,3.4456,0.0103,0.0413,0.7400,,https://www.irs.gov/pub/irs-soi/eo_dc.csv
NATIONAL PRESS FOUNDATION INC,521069481,irs-eo-bmf-capacity,501(c)(3),democracy,1.9474,0.0058,0.0234,0.7400,,https://www.irs.gov/pub/irs-soi/eo_dc.csv
INTERNATIONAL ASSOCIATION OF COLOR MANUFACTURERS INC,521070715,irs-eo-bmf-capacity,501(c)(6),democracy,0.4935,0.0089,0.0059,0.3200,,https://www.irs.gov/pub/irs-soi/eo_dc.csv
WASHINGTON LEGAL FOUNDATION,521071570,irs-eo-bmf-capacity,501(c)(3),democracy,4.8375,0.0145,0.0581,0.7400,,https://www.irs.gov/pub/irs-soi/eo_dc.csv
NATIONAL ITALIAN AMERICAN FOUNDATION INC,521071723,irs-eo-bmf-capacity,501(c)(3),democracy,6.0658,0.0182,0.0728,0.7400,,https://www.irs.gov/pub/irs-soi/eo_dc.csv
ASSOCIATION FOR THE PRESERVATION OF HISTORIC CONGRESSIONAL CEMETERY,521071828,irs-eo-bmf-capacity,501(c)(3),democracy,1.8067,0.0054,0.0217,0.7400,,https://www.irs.gov/pub/irs-soi/eo_dc.csv
INTERNATIONAL TECHNICAL CARAMEL ASSOCIATION INC,521072092,irs-eo-bmf-capacity,501(c)(6),democracy,0.1897,0.0034,0.0023,0.3200,,https://www.irs.gov/pub/irs-soi/eo_dc.csv
SOLAR ENERGY INDUSTRIES ASSOCIATION INC,521072179,irs-eo-bmf-capacity,501(c)(6),energy,37.6117,0.6770,0.4513,0.3200,,https://www.irs.gov/pub/irs-soi/eo_dc.csv
ASSOCIATION OF CLEAN WATER ADMINISTRATORS,521072223,irs-eo-bmf-capacity,501(c)(3),democracy,1.5141,0.0045,0.0182,0.7400,,https://www.irs.gov/pub/irs-soi/eo_dc.csv
NATIONAL COMMITTEE FOR RESPONSIVE PHILANTHROPY,521072749,irs-eo-bmf-capacity,501(c)(3),democracy,3.6805,0.0110,0.0442,0.7400,,https://www.irs.gov/pub/irs-soi/eo_dc.csv
MANUFACTURING INSTITUTE,521073576,irs-eo-bmf-capacity,501(c)(3),democracy,8.8406,0.0265,0.1061,0.7400,,https://www.irs.gov/pub/irs-soi/eo_dc.csv
JOY OF MOTION DANCE CENTER INC,521074743,irs-eo-bmf-capacity,501(c)(3),democracy,0.3290,0.0010,0.0039,0.7400,,https://www.irs.gov/pub/irs-soi/eo_dc.csv
NATIONAL ASSOCIATION OF VETERANS PROGRAM ADMINISTRATORS,521075537,irs-eo-bmf-capacity,501(c)(3),democracy,0.2829,0.0008,0.0034,0.7400,,https://www.irs.gov/pub/irs-soi/eo_dc.csv
CONGRESSIONAL MANAGEMENT FOUNDATION,521076614,irs-eo-bmf-capacity,501(c)(3),democracy,1.5086,0.0045,0.0181,0.7400,,https://www.irs.gov/pub/irs-soi/eo_dc.csv
ERISA INDUSTRY COMMITTEE,521077961,irs-eo-bmf-capacity,501(c)(6),democracy,5.6031,0.1009,0.0672,0.3200,,https://www.irs.gov/pub/irs-soi/eo_dc.csv
TRUMAN CENTER FOR NATIONAL POLICY,521080919,irs-eo-bmf-capacity,501(c)(3),democracy,0.5810,0.0017,0.0070,0.7400,,https://www.irs.gov/pub/irs-soi/eo_dc.csv
NETWORK OF SCHOOLS OF PUBLIC POLICY AFFAIRS AND ADMINISTRATION,521080991,irs-eo-bmf-capacity,501(c)(3),democracy,2.2486,0.0067,0.0270,0.7400,,https://www.irs.gov/pub/irs-soi/eo_dc.csv
NATIONAL WOMENS HEALTH NETWORK INC,521081261,irs-eo-bmf-capacity,501(c)(3),democracy,5.3964,0.0162,0.0648,0.7400,,https://www.irs.gov/pub/irs-soi/eo_dc.csv
INTERNATIONAL CENTER FOR RESEARCH ON WOMEN,521081455,irs-eo-bmf-capacity,501(c)(3),democracy,6.1823,0.0185,0.0742,0.7400,,https://www.irs.gov/pub/irs-soi/eo_dc.csv
ALLIANCE TO SAVE ENERGY,521082991,irs-eo-bmf-capacity,501(c)(3),energy,2.3169,0.0070,0.0278,0.7400,,https://www.irs.gov/pub/irs-soi/eo_dc.csv
MILTON S EISENHOWER FOUNDATION,521084768,irs-eo-bmf-capacity,501(c)(3),democracy,0.1847,0.0006,0.0022,0.7400,,https://www.irs.gov/pub/irs-soi/eo_dc.csv
NATIONAL PARK FOUNDATION,521086761,irs-eo-bmf-capacity,501(c)(3),democracy,275.0879,0.8253,3.3011,0.7400,,https://www.irs.gov/pub/irs-soi/eo_dc.csv
DISTRICT OF COLUMBIA BUILDING INDUSTRY ASSOCIATION,521088411,irs-eo-bmf-capacity,501(c)(6),democracy,1.3878,0.0250,0.0167,0.3200,,https://www.irs.gov/pub/irs-soi/eo_dc.csv
NATIONAL LOW INCOME HOUSING COALITION AND LOW INCOME HOUSING,521089824,irs-eo-bmf-capacity,501(c)(3),democracy,8.6558,0.0260,0.1039,0.7400,,https://www.irs.gov/pub/irs-soi/eo_dc.csv
AMERICAN COUNCIL FOR CAPITAL FORMATION CENTER FOR POLICY RESEAR,521091172,irs-eo-bmf-capacity,501(c)(3),finance,0.3575,0.0011,0.0043,0.7400,,https://www.irs.gov/pub/irs-soi/eo_dc.csv
INTERNATIONAL HYDRALYZED PROTEIN COUNCIL,521091972,irs-eo-bmf-capacity,501(c)(6),democracy,0.0200,0.0004,0.0002,0.3200,,https://www.irs.gov/pub/irs-soi/eo_dc.csv
WILLIAM WENDT CENTER FOR LOSS AND H EALING,521095105,irs-eo-bmf-capacity,501(c)(3),democracy,5.0439,0.0151,0.0605,0.7400,,https://www.irs.gov/pub/irs-soi/eo_dc.csv
COALITIONS FOR AMERICA,521096056,irs-eo-bmf-capacity,501(c)(4),democracy,0.1011,0.0025,0.0012,0.2000,,https://www.irs.gov/pub/irs-soi/eo_dc.csv
NATIONAL ASSOCIATION OF WHEAT GROWERS FOUNDATION INC,521096874,irs-eo-bmf-capacity,501(c)(3),democracy,0.8929,0.0027,0.0107,0.7400,,https://www.irs.gov/pub/irs-soi/eo_dc.csv
REPRODUCTIVE FREEDOM FOR ALL FOUNDATION,521100361,irs-eo-bmf-capacity,501(c)(3),democracy,42.4908,0.1275,0.5099,0.7400,,https://www.irs.gov/pub/irs-soi/eo_dc.csv
PERFORMING ARTS ALLIANCE INC,521101177,irs-eo-bmf-capacity,501(c)(4),democracy,0.0797,0.0020,0.0010,0.2000,,https://www.irs.gov/pub/irs-soi/eo_dc.csv
POLICE EXECUTIVE RESEARCH FORUM,521101422,irs-eo-bmf-capacity,501(c)(3),democracy,11.8357,0.0355,0.1420,0.7400,,https://www.irs.gov/pub/irs-soi/eo_dc.csv
US NAVY MEMORIAL FOUNDATION,521104476,irs-eo-bmf-capacity,501(c)(3),democracy,6.4674,0.0194,0.0776,0.7400,,https://www.irs.gov/pub/irs-soi/eo_dc.csv
ZERO TO THREE - NATIONAL CENTER FOR INFANTS TODDLERS AND FAMILIES,521105189,irs-eo-bmf-capacity,501(c)(3),democracy,50.7753,0.1523,0.6093,0.7400,,https://www.irs.gov/pub/irs-soi/eo_dc.csv
AMERICAN ASSOCIATION FOR JUSTICE EDUCATION FUND,521105720,irs-eo-bmf-capacity,501(c)(3),democracy,6.1831,0.0185,0.0742,0.7400,,https://www.irs.gov/pub/irs-soi/eo_dc.csv
AMERICAS WILDLIFE ASSOCIATION FOR RESOURCE EDUCATION AWARE,521105734,irs-eo-bmf-capacity,501(c)(3),democracy,0.6824,0.0020,0.0082,0.7400,,https://www.irs.gov/pub/irs-soi/eo_dc.csv
GREATER WASHINGTON HISPANIC CHAMBER OF COMMERCE FOUNDATION INC,521107833,irs-eo-bmf-capacity,501(c)(3),democracy,0.7133,0.0021,0.0086,0.7400,,https://www.irs.gov/pub/irs-soi/eo_dc.csv
NATIONAL INSTITUTE OF BUILDING SCIENCES,521107937,irs-eo-bmf-capacity,501(c)(3),democracy,23.3746,0.0701,0.2805,0.7400,,https://www.irs.gov/pub/irs-soi/eo_dc.csv
THE DISTRICT OF COLUMBIA BAR FOUNDATION,521109547,irs-eo-bmf-capacity,501(c)(3),democracy,42.3277,0.1270,0.5079,0.7400,,https://www.irs.gov/pub/irs-soi/eo_dc.csv
INSTITUTE FOR CREDENTIALING EXCELLENCE,521111515,irs-eo-bmf-capacity,501(c)(3),democracy,3.3893,0.0102,0.0407,0.7400,,https://www.irs.gov/pub/irs-soi/eo_dc.csv
NORTHEAST-MIDWEST INSTITUTE,521112174,irs-eo-bmf-capacity,501(c)(3),democracy,0.5190,0.0016,0.0062,0.7400,,https://www.irs.gov/pub/irs-soi/eo_dc.csv
CONGRESSIONAL HISPANIC CAUCUS INSTITUTE INC,521114225,irs-eo-bmf-capacity,501(c)(3),democracy,12.9094,0.0387,0.1549,0.7400,,https://www.irs.gov/pub/irs-soi/eo_dc.csv
AMERICAN ASSOCIATION OF TISSUE BANKS INC,521114697,irs-eo-bmf-capacity,501(c)(3),finance,6.9689,0.0209,0.0836,0.7400,,https://www.irs.gov/pub/irs-soi/eo_dc.csv
COMMUNITY ACTION PARTNERSHIP,521120274,irs-eo-bmf-capacity,501(c)(3),democracy,7.4140,0.0222,0.0890,0.7400,,https://www.irs.gov/pub/irs-soi/eo_dc.csv
HISPANIC BAR ASSOCIATION OF THE DISTRICT OF COLUMBIA,521120701,irs-eo-bmf-capacity,501(c)(6),democracy,0.1777,0.0032,0.0021,0.3200,,https://www.irs.gov/pub/irs-soi/eo_dc.csv
THE NATIONAL COUNCIL FOR EURASIAN AND EAST EUROPEAN RESEARCH,521121063,irs-eo-bmf-capacity,501(c)(3),democracy,0.2742,0.0008,0.0033,0.7400,,https://www.irs.gov/pub/irs-soi/eo_dc.csv
NATIONAL TAXPAYERS UNION FOUNDATION,521122683,irs-eo-bmf-capacity,501(c)(3),finance,2.8965,0.0087,0.0348,0.7400,,https://www.irs.gov/pub/irs-soi/eo_dc.csv
HARRY AND LEA GUDELSKY FOUNDATION INC,521123363,irs-eo-bmf-capacity,501(c)(3),democracy,1.1906,0.0036,0.0143,0.7400,,https://www.irs.gov/pub/irs-soi/eo_dc.csv
NATIONAL WATERWAYS FOUNDATION,521124026,irs-eo-bmf-capacity,501(c)(3),democracy,0.0676,0.0002,0.0008,0.7400,,https://www.irs.gov/pub/irs-soi/eo_dc.csv
NATIONAL ASSOCIATION OF INDEPENDENT COLLEGES & UNIVERSITIES,521125164,irs-eo-bmf-capacity,501(c)(3),democracy,8.2635,0.0248,0.0992,0.7400,,https://www.irs.gov/pub/irs-soi/eo_dc.csv
ASSOCIATION OF FEDERAL COMMUNICATIONS CONSULTING ENGINEER,521126368,irs-eo-bmf-capacity,501(c)(6),democracy,0.0432,0.0008,0.0005,0.3200,,https://www.irs.gov/pub/irs-soi/eo_dc.csv
NATIONAL MULTIFAMILY HOUSING COUNCIL,521127504,irs-eo-bmf-capacity,501(c)(6),democracy,29.5875,0.5326,0.3550,0.3200,,https://www.irs.gov/pub/irs-soi/eo_dc.csv
ACCORD NETWORK,521130135,irs-eo-bmf-capacity,501(c)(3),democracy,0.6187,0.0019,0.0074,0.7400,,https://www.irs.gov/pub/irs-soi/eo_dc.csv
JUSTICE INFORMATION RESOURCE NETWORK INC,521130140,irs-eo-bmf-capacity,501(c)(3),democracy,3.5180,0.0106,0.0422,0.7400,,https://www.irs.gov/pub/irs-soi/eo_dc.csv
SHALEM INSTITUTE FOR SPIRITUAL FORMATION INC,521130401,irs-eo-bmf-capacity,501(c)(3),democracy,1.5610,0.0047,0.0187,0.7400,,https://www.irs.gov/pub/irs-soi/eo_dc.csv
INTERNATIONAL LIFE SCIENCES INSTITUTE,521131788,irs-eo-bmf-capacity,501(c)(3),democracy,2.3900,0.0072,0.0287,0.7400,,https://www.irs.gov/pub/irs-soi/eo_dc.csv
EMPLOYEE BENEFIT RESEARCH INSTITUTE,521134631,irs-eo-bmf-capacity,501(c)(6),democracy,4.0539,0.0730,0.0486,0.3200,,https://www.irs.gov/pub/irs-soi/eo_dc.csv
DISTRICT OF COLUMBIA HOSPITAL ASSOCIATION,521135713,irs-eo-bmf-capacity,501(c)(6),democracy,7.2440,0.1304,0.0869,0.3200,,https://www.irs.gov/pub/irs-soi/eo_dc.csv
NATIONAL LOW INCOME HOUSING POLICY CENTER,521137799,irs-eo-bmf-capacity,501(c)(4),democracy,0.1255,0.0031,0.0015,0.2000,,https://www.irs.gov/pub/irs-soi/eo_dc.csv
CENTER FOR NONPROFIT ADVANCEMENT,521139669,irs-eo-bmf-capacity,501(c)(3),democracy,5.2299,0.0157,0.0628,0.7400,,https://www.irs.gov/pub/irs-soi/eo_dc.csv
ACEC RESEARCH INSTITUTE,521140340,irs-eo-bmf-capacity,501(c)(3),democracy,1.8261,0.0055,0.0219,0.7400,,https://www.irs.gov/pub/irs-soi/eo_dc.csv
SCOTTISH RITE FOUNDATION OF THE DISTRICT OF COLUMBIA INC,521144999,irs-eo-bmf-capacity,501(c)(3),democracy,0.6053,0.0018,0.0073,0.7400,,https://www.irs.gov/pub/irs-soi/eo_dc.csv
AFSCME TRAINING AND EDUCATION INSTITUTE,521148573,irs-eo-bmf-capacity,501(c)(3),democracy,0.0386,0.0001,0.0005,0.7400,,https://www.irs.gov/pub/irs-soi/eo_dc.csv
NATIONAL ASSOCIATION FOR BEHAVIORAL HEALTHCARE EDUCATION AND RESEARCH,521152272,irs-eo-bmf-capacity,501(c)(3),democracy,0.0126,0.0000,0.0002,0.7400,,https://www.irs.gov/pub/irs-soi/eo_dc.csv
UNIVERSITY OF DC FOUNDATION,521152624,irs-eo-bmf-capacity,501(c)(3),democracy,3.8404,0.0115,0.0461,0.7400,,https://www.irs.gov/pub/irs-soi/eo_dc.csv
FRANKLIN CENTER FOR GLOBAL POLICY EXCHANGE,521159816,irs-eo-bmf-capacity,501(c)(3),democracy,2.5164,0.0075,0.0302,0.7400,,https://www.irs.gov/pub/irs-soi/eo_dc.csv
CONGRESSIONAL BLACK CAUCUS FOUNDATION INC,521160561,irs-eo-bmf-capacity,501(c)(3),democracy,31.3082,0.0939,0.3757,0.7400,,https://www.irs.gov/pub/irs-soi/eo_dc.csv
WORLD FEDERATION OF DIRECT SELLING ASSOCIATIONS,521160707,irs-eo-bmf-capacity,501(c)(6),democracy,0.9288,0.0167,0.0111,0.3200,,https://www.irs.gov/pub/irs-soi/eo_dc.csv
SOUTHEAST ASIA RESOURCE ACTION CENTER,521161473,irs-eo-bmf-capacity,501(c)(3),democracy,2.8674,0.0086,0.0344,0.7400,,https://www.irs.gov/pub/irs-soi/eo_dc.csv
MEDICAL SOCIETY AND AUXILIARY FOUNDATION INC,521161806,irs-eo-bmf-capacity,501(c)(3),democracy,0.0403,0.0001,0.0005,0.7400,,https://www.irs.gov/pub/irs-soi/eo_dc.csv
ETHICS AND PUBLIC POLICY CENTER INC,521162185,irs-eo-bmf-capacity,501(c)(3),democracy,8.9939,0.0270,0.1079,0.7400,,https://www.irs.gov/pub/irs-soi/eo_dc.csv
US ASIA INSTITUTE,521162573,irs-eo-bmf-capacity,501(c)(3),democracy,0.5735,0.0017,0.0069,0.7400,,https://www.irs.gov/pub/irs-soi/eo_dc.csv
HUMANITIES COUNCIL OF WASHINGTON DC INC,521166432,irs-eo-bmf-capacity,501(c)(3),democracy,2.7034,0.0081,0.0324,0.7400,,https://www.irs.gov/pub/irs-soi/eo_dc.csv
LOGAN CIRCLE COMMUNITY ASSOCIATION INC,521166469,irs-eo-bmf-capacity,501(c)(3),democracy,0.1359,0.0004,0.0016,0.7400,,https://www.irs.gov/pub/irs-soi/eo_dc.csv
NATIONAL ASSOCIATION OF WORKFORCE BOARDS,521167468,irs-eo-bmf-capacity,501(c)(3),democracy,3.3621,0.0101,0.0403,0.7400,,https://www.irs.gov/pub/irs-soi/eo_dc.csv
AMERICAN RECREATION COALITION,521167602,irs-eo-bmf-capacity,501(c)(3),democracy,1.6122,0.0048,0.0193,0.7400,,https://www.irs.gov/pub/irs-soi/eo_dc.csv
THE CHINESE CONSOLIDATED BENEVOLENT ASSOCIATION OF WASHINGTON DC,521168304,irs-eo-bmf-capacity,501(c)(3),democracy,0.5140,0.0015,0.0062,0.7400,,https://www.irs.gov/pub/irs-soi/eo_dc.csv
CONGRESSIONAL AWARD FOUNDATION,521168592,irs-eo-bmf-capacity,501(c)(3),democracy,1.1951,0.0036,0.0143,0.7400,,https://www.irs.gov/pub/irs-soi/eo_dc.csv
IDFA FOUNDATION,521169749,irs-eo-bmf-capacity,501(c)(3),democracy,0.0176,0.0001,0.0002,0.7400,,https://www.irs.gov/pub/irs-soi/eo_dc.csv
AMERICAN COLLEGE PERSONNEL ASSOCIATION,521170366,irs-eo-bmf-capacity,501(c)(3),democracy,2.9411,0.0088,0.0353,0.7400,,https://www.irs.gov/pub/irs-soi/eo_dc.csv
GEORGETOWN UNIVERSITY ALUMNI ASSOCIATION INC,521170825,irs-eo-bmf-capacity,501(c)(3),democracy,0.5878,0.0018,0.0071,0.7400,,https://www.irs.gov/pub/irs-soi/eo_dc.csv
LINKS FOUNDATION INC,521170830,irs-eo-bmf-capacity,501(c)(3),democracy,15.5589,0.0467,0.1867,0.7400,,https://www.irs.gov/pub/irs-soi/eo_dc.csv
MARITIME INSTITUTE FOR RESEARCH AND INDUSTRIAL DEVELOPMENT,521171303,irs-eo-bmf-capacity,501(c)(6),democracy,0.9498,0.0171,0.0114,0.3200,,https://www.irs.gov/pub/irs-soi/eo_dc.csv
COALITION FOR COMMON SENSE IN GOVT PROCUREMENT,521173228,irs-eo-bmf-capacity,501(c)(6),procurement,3.7651,0.0678,0.0452,0.3200,,https://www.irs.gov/pub/irs-soi/eo_dc.csv
AMERICAN-ARAB ANTI-DISCRIMINATION COMMITTEE,521180441,irs-eo-bmf-capacity,501(c)(4),democracy,0.6751,0.0169,0.0081,0.2000,,https://www.irs.gov/pub/irs-soi/eo_dc.csv
STUDENT PRESS LAW CENTER INC,521184647,irs-eo-bmf-capacity,501(c)(3),democracy,1.8662,0.0056,0.0224,0.7400,,https://www.irs.gov/pub/irs-soi/eo_dc.csv
NATIONAL ASSOCIATION OF WOMEN JUDGES,521185005,irs-eo-bmf-capacity,501(c)(3),democracy,0.8117,0.0024,0.0097,0.7400,,https://www.irs.gov/pub/irs-soi/eo_dc.csv
LAND TITLE INSTITUTE INC,521189041,irs-eo-bmf-capacity,501(c)(3),democracy,0.0259,0.0001,0.0003,0.7400,,https://www.irs.gov/pub/irs-soi/eo_dc.csv
NATIONAL COMMITTEE FOR QUALITY ASSURANCE,521191985,irs-eo-bmf-capacity,501(c)(3),democracy,103.1004,0.3093,1.2372,0.7400,,https://www.irs.gov/pub/irs-soi/eo_dc.csv
NATIONAL COMMUNITY DEVELOPMENT ASSOCIATION,521197647,irs-eo-bmf-capacity,501(c)(3),democracy,1.5916,0.0048,0.0191,0.7400,,https://www.irs.gov/pub/irs-soi/eo_dc.csv
THE INSTITUTE FOR EDUCATIONAL LEADERSHIP INC,521198450,irs-eo-bmf-capacity,501(c)(3),democracy,6.5795,0.0197,0.0790,0.7400,,https://www.irs.gov/pub/irs-soi/eo_dc.csv
RENEWABLE FUELS ASSOCIATION,521203707,irs-eo-bmf-capacity,501(c)(6),democracy,8.8063,0.1585,0.1057,0.3200,,https://www.irs.gov/pub/irs-soi/eo_dc.csv
RURAL COALITION,521203899,irs-eo-bmf-capacity,501(c)(3),democracy,9.5018,0.0285,0.1140,0.7400,,https://www.irs.gov/pub/irs-soi/eo_dc.csv
PROFESSIONAL ATHLETES FOUNDATION,521205920,irs-eo-bmf-capacity,501(c)(3),democracy,10.6386,0.0319,0.1277,0.7400,,https://www.irs.gov/pub/irs-soi/eo_dc.csv
ETHIOPIAN COMMUNITY CENTER INC,521207815,irs-eo-bmf-capacity,501(c)(3),democracy,0.3522,0.0011,0.0042,0.7400,,https://www.irs.gov/pub/irs-soi/eo_dc.csv
JENKINS HILL CHILD DEVELOPMENT CENTER,521208292,irs-eo-bmf-capacity,501(c)(3),democracy,0.7907,0.0024,0.0095,0.7400,,https://www.irs.gov/pub/irs-soi/eo_dc.csv
NUCLEAR ENERGY INSTITUTE INC,521209124,irs-eo-bmf-capacity,501(c)(6),energy,59.3635,1.0685,0.7124,0.3200,,https://www.irs.gov/pub/irs-soi/eo_dc.csv
NATIONAL ASSOCIATION OF COLLEGE AND UNIVERSITY ATTORNEYS,521209127,irs-eo-bmf-capacity,501(c)(3),democracy,7.1984,0.0216,0.0864,0.7400,,https://www.irs.gov/pub/irs-soi/eo_dc.csv
NATIONAL WOMENS LAW CENTER,521213010,irs-eo-bmf-capacity,501(c)(3),democracy,24.1532,0.0725,0.2898,0.7400,,https://www.irs.gov/pub/irs-soi/eo_dc.csv
RELIGIOUS COALITION FOR REPRODUCTIVE CHOICE,521213972,irs-eo-bmf-capacity,501(c)(3),democracy,0.6802,0.0020,0.0082,0.7400,,https://www.irs.gov/pub/irs-soi/eo_dc.csv
WOODSON CENTER,521217891,irs-eo-bmf-capacity,501(c)(3),democracy,6.0666,0.0182,0.0728,0.7400,,https://www.irs.gov/pub/irs-soi/eo_dc.csv
NATIONAL COMMUNITY ACTION FOUNDATION INC,521219782,irs-eo-bmf-capacity,501(c)(4),democracy,1.5812,0.0395,0.0190,0.2000,,https://www.irs.gov/pub/irs-soi/eo_dc.csv
COUNCIL FOR OPPORTUNITY IN EDUCATION,521221301,irs-eo-bmf-capacity,501(c)(3),democracy,10.6831,0.0320,0.1282,0.7400,,https://www.irs.gov/pub/irs-soi/eo_dc.csv
NRF FOUNDATION,521224690,irs-eo-bmf-capacity,501(c)(3),democracy,11.7099,0.0351,0.1405,0.7400,,https://www.irs.gov/pub/irs-soi/eo_dc.csv
HDA RESEARCH FOUNDATION,521225130,irs-eo-bmf-capacity,501(c)(3),democracy,1.0145,0.0030,0.0122,0.7400,,https://www.irs.gov/pub/irs-soi/eo_dc.csv
NATIONAL CENTER FOR PUBLIC POLICY RESEARCH INC,521226614,irs-eo-bmf-capacity,501(c)(3),democracy,10.1933,0.0306,0.1223,0.7400,,https://www.irs.gov/pub/irs-soi/eo_dc.csv
PETER G PETERSON INSTITUTE FOR INTERNATIONAL ECONOMICS,521226967,irs-eo-bmf-capacity,501(c)(3),democracy,17.7736,0.0533,0.2133,0.7400,,https://www.irs.gov/pub/irs-soi/eo_dc.csv
ACTORS CENTER INC,521227824,irs-eo-bmf-capacity,501(c)(3),democracy,0.1789,0.0005,0.0021,0.7400,,https://www.irs.gov/pub/irs-soi/eo_dc.csv
MIDDLE EAST POLICY COUNCIL,521230205,irs-eo-bmf-capacity,501(c)(3),democracy,0.2863,0.0009,0.0034,0.7400,,https://www.irs.gov/pub/irs-soi/eo_dc.csv
COMMITTEE FOR A RESPONSIBLE FEDERAL BUDGET,521231278,irs-eo-bmf-capacity,501(c)(3),democracy,9.8366,0.0295,0.1180,0.7400,,https://www.irs.gov/pub/irs-soi/eo_dc.csv
AGA KHAN FOUNDATION USA,521231983,irs-eo-bmf-capacity,501(c)(3),democracy,106.7059,0.3201,1.2805,0.7400,,https://www.irs.gov/pub/irs-soi/eo_dc.csv
FAITH AND MONEY NETWORK INC,521233082,irs-eo-bmf-capacity,501(c)(3),democracy,0.1914,0.0006,0.0023,0.7400,,https://www.irs.gov/pub/irs-soi/eo_dc.csv
DC CENTER FOR INDEPENDENT LIVING INC,521233445,irs-eo-bmf-capacity,501(c)(3),democracy,1.3037,0.0039,0.0156,0.7400,,https://www.irs.gov/pub/irs-soi/eo_dc.csv
THE JEWISH INSTITUTE FOR NATIONAL SECURITY OF AMERICA,521233683,irs-eo-bmf-capacity,501(c)(3),democracy,8.2555,0.0248,0.0991,0.7400,,https://www.irs.gov/pub/irs-soi/eo_dc.csv
CENTER ON BUDGET AND POLICY PRIORITIES,521234565,irs-eo-bmf-capacity,501(c)(3),democracy,52.5237,0.1576,0.6303,0.7400,,https://www.irs.gov/pub/irs-soi/eo_dc.csv
AMERICAN FOREST FOUNDATION,521235124,irs-eo-bmf-capacity,501(c)(3),democracy,20.2680,0.0608,0.2432,0.7400,,https://www.irs.gov/pub/irs-soi/eo_dc.csv
PUBLIC HEALTH FOUNDATION,521237297,irs-eo-bmf-capacity,501(c)(3),democracy,7.8656,0.0236,0.0944,0.7400,,https://www.irs.gov/pub/irs-soi/eo_dc.csv
KOREA ECONOMIC INSTITUTE OF AMERICA,521238765,irs-eo-bmf-capacity,501(c)(6),democracy,2.9462,0.0530,0.0354,0.3200,,https://www.irs.gov/pub/irs-soi/eo_dc.csv
AMERICAN INSTITUTE OF ARCHITECTURE STUDENTS INC,521239053,irs-eo-bmf-capacity,501(c)(3),democracy,0.7886,0.0024,0.0095,0.7400,,https://www.irs.gov/pub/irs-soi/eo_dc.csv
THE ASSOCIATION OF INDEPENDENT SCHOOLS OF GREATER WASHINGTON,521241780,irs-eo-bmf-capacity,501(c)(3),democracy,1.0196,0.0031,0.0122,0.7400,,https://www.irs.gov/pub/irs-soi/eo_dc.csv
COUNCIL FOR COURT EXCELLENCE,521241825,irs-eo-bmf-capacity,501(c)(3),democracy,1.7939,0.0054,0.0215,0.7400,,https://www.irs.gov/pub/irs-soi/eo_dc.csv
EMPLOYERS COUNCIL ON FLEXIBLE COMPENSATION,521243095,irs-eo-bmf-capacity,501(c)(6),democracy,1.0230,0.0184,0.0123,0.3200,,https://www.irs.gov/pub/irs-soi/eo_dc.csv
CARGO AIRLINE ASSOCIATION,521245222,irs-eo-bmf-capacity,501(c)(6),democracy,1.4759,0.0266,0.0177,0.3200,,https://www.irs.gov/pub/irs-soi/eo_dc.csv
FEDERAL CITY PERFORMING ARTS ASSOCIATION INC,521245241,irs-eo-bmf-capacity,501(c)(3),democracy,1.7506,0.0053,0.0210,0.7400,,https://www.irs.gov/pub/irs-soi/eo_dc.csv
COALITION FOR THE HOMELESS INC,521245499,irs-eo-bmf-capacity,501(c)(3),democracy,7.5323,0.0226,0.0904,0.7400,,https://www.irs.gov/pub/irs-soi/eo_dc.csv
COUNCIL FOR CHRISTIAN COLLEGES AND UNIVERSITIES,521247182,irs-eo-bmf-capacity,501(c)(3),democracy,9.9554,0.0299,0.1195,0.7400,,https://www.irs.gov/pub/irs-soi/eo_dc.csv
ADC RESEARCH INSTITUTE,521252206,irs-eo-bmf-capacity,501(c)(3),democracy,1.3767,0.0041,0.0165,0.7400,,https://www.irs.gov/pub/irs-soi/eo_dc.csv
NATIONAL COALITION ON BLACK CIVIC PARTICIPATION INC,521253112,irs-eo-bmf-capacity,501(c)(3),democracy,4.3978,0.0132,0.0528,0.7400,,https://www.irs.gov/pub/irs-soi/eo_dc.csv
ENVIRONMENTAL TECHNOLOGY COUNCIL,521253715,irs-eo-bmf-capacity,501(c)(6),energy,0.7588,0.0137,0.0091,0.3200,,https://www.irs.gov/pub/irs-soi/eo_dc.csv
JAMES RENWICK ALLIANCE,521254105,irs-eo-bmf-capacity,501(c)(3),democracy,0.3688,0.0011,0.0044,0.7400,,https://www.irs.gov/pub/irs-soi/eo_dc.csv
CENTER FOR THE STUDY OF SOCIAL POLICY,521254948,irs-eo-bmf-capacity,501(c)(3),democracy,8.3834,0.0252,0.1006,0.7400,,https://www.irs.gov/pub/irs-soi/eo_dc.csv
WORLD RESOURCES INSTITUTE,521257057,irs-eo-bmf-capacity,501(c)(3),democracy,267.3588,0.8021,3.2083,0.7400,,https://www.irs.gov/pub/irs-soi/eo_dc.csv
WOMENS COUNCIL ON ENERGY AND THE ENVIRONMENT,521258690,irs-eo-bmf-capacity,501(c)(3),energy,0.0916,0.0003,0.0011,0.7400,,https://www.irs.gov/pub/irs-soi/eo_dc.csv
WADSWORTH-SULGRAVE HISTORIC PRESERVATION FOUNDATION,521259221,irs-eo-bmf-capacity,501(c)(3),democracy,2.1753,0.0065,0.0261,0.7400,,https://www.irs.gov/pub/irs-soi/eo_dc.csv
OYSTER SCHOOL COMMUNITY COUNCIL INC OYSTER CREATIVE ACTIVITIES,521261904,irs-eo-bmf-capacity,501(c)(3),democracy,0.5880,0.0018,0.0071,0.7400,,https://www.irs.gov/pub/irs-soi/eo_dc.csv
ASSOCIATION OF METROPOLITAN WATER AGENCIES,521263300,irs-eo-bmf-capacity,501(c)(6),democracy,3.3912,0.0610,0.0407,0.3200,,https://www.irs.gov/pub/irs-soi/eo_dc.csv
INSTITUTE ON RELIGION & DEMOCRACY,521265221,irs-eo-bmf-capacity,501(c)(3),democracy,1.8720,0.0056,0.0225,0.7400,,https://www.irs.gov/pub/irs-soi/eo_dc.csv
THE BRYCE HARLOW FOUNDATION,521266620,irs-eo-bmf-capacity,501(c)(3),democracy,0.6911,0.0021,0.0083,0.7400,,https://www.irs.gov/pub/irs-soi/eo_dc.csv
HOME BUILDERS INSTITUTE,521266885,irs-eo-bmf-capacity,501(c)(3),democracy,50.4139,0.1512,0.6050,0.7400,,https://www.irs.gov/pub/irs-soi/eo_dc.csv
ASSOCIATION OF CORPORATE COUNSEL,521267965,irs-eo-bmf-capacity,501(c)(6),democracy,24.8854,0.4479,0.2986,0.3200,,https://www.irs.gov/pub/irs-soi/eo_dc.csv
ENVIRONMENTAL AND ENERGY STUDY INSTITUTE,521268030,irs-eo-bmf-capacity,501(c)(3),energy,2.2652,0.0068,0.0272,0.7400,,https://www.irs.gov/pub/irs-soi/eo_dc.csv
NATIONAL DEFENSE UNIVERSITY FOUNDATION INC,521268692,irs-eo-bmf-capacity,501(c)(3),procurement,1.0991,0.0033,0.0132,0.7400,,https://www.irs.gov/pub/irs-soi/eo_dc.csv
THE WILLIAM G CONGDON FOUNDATION,521271472,irs-eo-bmf-capacity,501(c)(3),democracy,0.0775,0.0002,0.0009,0.7400,,https://www.irs.gov/pub/irs-soi/eo_dc.csv
CENTRAL AMERICAN RESOURCE CENTER- CARECEN,521271888,irs-eo-bmf-capacity,501(c)(3),democracy,4.1019,0.0123,0.0492,0.7400,,https://www.irs.gov/pub/irs-soi/eo_dc.csv
WASHINGTON HOSPITAL CENTER CORPORATION,521272129,irs-eo-bmf-capacity,501(c)(3),democracy,1907.1623,5.7215,22.8859,0.7400,,https://www.irs.gov/pub/irs-soi/eo_dc.csv
AMERICAN FOREIGN POLICY COUNCIL,521274529,irs-eo-bmf-capacity,501(c)(3),democracy,3.2000,0.0096,0.0384,0.7400,,https://www.irs.gov/pub/irs-soi/eo_dc.csv
FARM CREDIT COUNCIL,521275264,irs-eo-bmf-capacity,501(c)(6),finance,13.2477,0.2385,0.1590,0.3200,,https://www.irs.gov/pub/irs-soi/eo_dc.csv
NATIONAL BAR INSTITUTE INC,521275633,irs-eo-bmf-capacity,501(c)(3),democracy,1.9115,0.0057,0.0229,0.7400,,https://www.irs.gov/pub/irs-soi/eo_dc.csv
WASHINGTON BAR ASSOCIATION,521279152,irs-eo-bmf-capacity,501(c)(6),democracy,0.0349,0.0006,0.0004,0.3200,,https://www.irs.gov/pub/irs-soi/eo_dc.csv
COALITION OF SERVICE INDUSTRIES INC,521279682,irs-eo-bmf-capacity,501(c)(6),democracy,1.1006,0.0198,0.0132,0.3200,,https://www.irs.gov/pub/irs-soi/eo_dc.csv
MULTI-MEDIA TRAINING INSTITUTE,521279861,irs-eo-bmf-capacity,501(c)(3),democracy,0.5465,0.0016,0.0066,0.7400,,https://www.irs.gov/pub/irs-soi/eo_dc.csv
AMERICAN FORUM,521281134,irs-eo-bmf-capacity,501(c)(3),democracy,0.1595,0.0005,0.0019,0.7400,,https://www.irs.gov/pub/irs-soi/eo_dc.csv
INTERNATIONAL ASSOCIATION OF AIRPORT DUTY FREE STORES INC,521283024,irs-eo-bmf-capacity,501(c)(6),democracy,1.0395,0.0187,0.0125,0.3200,,https://www.irs.gov/pub/irs-soi/eo_dc.csv
NATIONAL BONSAI FOUNDATION INCORPORATED,521284404,irs-eo-bmf-capacity,501(c)(3),democracy,1.0163,0.0030,0.0122,0.7400,,https://www.irs.gov/pub/irs-soi/eo_dc.csv
THE CATHOLIC UNIVERSITY OF AMERICA FOUNDATION,521284733,irs-eo-bmf-capacity,501(c)(3),democracy,0.0654,0.0002,0.0008,0.7400,,https://www.irs.gov/pub/irs-soi/eo_dc.csv
BRADY CENTER TO PREVENT GUN VIOLENCE,521285097,irs-eo-bmf-capacity,501(c)(3),democracy,17.8142,0.0534,0.2138,0.7400,,https://www.irs.gov/pub/irs-soi/eo_dc.csv
ANTARCTIC AND SOUTHERN OCEAN COALITION,521287282,irs-eo-bmf-capacity,501(c)(3),democracy,1.4678,0.0044,0.0176,0.7400,,https://www.irs.gov/pub/irs-soi/eo_dc.csv
CAPITAL RESEARCH CENTER,521289734,irs-eo-bmf-capacity,501(c)(3),finance,7.5229,0.0226,0.0903,0.7400,,https://www.irs.gov/pub/irs-soi/eo_dc.csv
INSTITUTE OF INTERNATIONAL FINANCE INC,521289843,irs-eo-bmf-capacity,501(c)(6),finance,34.1689,0.6150,0.4100,0.3200,,https://www.irs.gov/pub/irs-soi/eo_dc.csv
ASSOCIATION OF FUNDRAISING PROFESSIONALS,521290168,irs-eo-bmf-capacity,501(c)(3),democracy,2.3659,0.0071,0.0284,0.7400,,https://www.irs.gov/pub/irs-soi/eo_dc.csv
THE INSTITUTE FOR TECHNOLOGY IN HEALTH CARE,521292049,irs-eo-bmf-capacity,501(c)(3),technology,8.7350,0.0262,0.1048,0.7400,,https://www.irs.gov/pub/irs-soi/eo_dc.csv
NATIONAL ASSOCIATION OF LOCAL HOUSING FINANCE AGENCIES,521293119,irs-eo-bmf-capacity,501(c)(6),finance,0.8616,0.0155,0.0103,0.3200,,https://www.irs.gov/pub/irs-soi/eo_dc.csv
UNITED STATES TELECOMMUNICATIONS TRAINING INSTITUTE,521294659,irs-eo-bmf-capacity,501(c)(3),technology,2.2175,0.0067,0.0266,0.7400,,https://www.irs.gov/pub/irs-soi/eo_dc.csv
NATIONAL COUNCIL ON US-ARAB RELATIONS,521296502,irs-eo-bmf-capacity,501(c)(3),democracy,0.8222,0.0025,0.0099,0.7400,,https://www.irs.gov/pub/irs-soi/eo_dc.csv
NATIONAL VENTURE CAPITAL ASSOCIATION,521296842,irs-eo-bmf-capacity,501(c)(6),finance,9.4237,0.1696,0.1131,0.3200,,https://www.irs.gov/pub/irs-soi/eo_dc.csv
COUNCIL OF AMERICAN AMBASSADORS,521296972,irs-eo-bmf-capacity,501(c)(3),democracy,0.8100,0.0024,0.0097,0.7400,,https://www.irs.gov/pub/irs-soi/eo_dc.csv
THE EQUAL RIGHTS CENTER,521297949,irs-eo-bmf-capacity,501(c)(3),democracy,1.7815,0.0053,0.0214,0.7400,,https://www.irs.gov/pub/irs-soi/eo_dc.csv
INTERNATIONAL LAW INSTITUTE,521298657,irs-eo-bmf-capacity,501(c)(3),democracy,2.2905,0.0069,0.0275,0.7400,,https://www.irs.gov/pub/irs-soi/eo_dc.csv
THE NATIONAL ALLIANCE TO END HOMELESSNESS INCORPORATED,521299641,irs-eo-bmf-capacity,501(c)(3),democracy,8.7768,0.0263,0.1053,0.7400,,https://www.irs.gov/pub/irs-soi/eo_dc.csv
ASAE RESEARCH FOUNDATION,521300485,irs-eo-bmf-capacity,501(c)(3),democracy,3.0089,0.0090,0.0361,0.7400,,https://www.irs.gov/pub/irs-soi/eo_dc.csv
FOGGY BOTTOM ASSOCIATION,521305901,irs-eo-bmf-capacity,501(c)(3),democracy,0.0319,0.0001,0.0004,0.7400,,https://www.irs.gov/pub/irs-soi/eo_dc.csv
NATIONAL HISPANIC COUNCIL ON AGING,521306347,irs-eo-bmf-capacity,501(c)(3),democracy,2.2112,0.0066,0.0265,0.7400,,https://www.irs.gov/pub/irs-soi/eo_dc.csv
MILLENNIUM INSTITUTE,521306451,irs-eo-bmf-capacity,501(c)(3),democracy,1.0830,0.0032,0.0130,0.7400,,https://www.irs.gov/pub/irs-soi/eo_dc.csv
NETWORK EDUCATION PROGRAM,521307764,irs-eo-bmf-capacity,501(c)(3),democracy,2.3052,0.0069,0.0277,0.7400,,https://www.irs.gov/pub/irs-soi/eo_dc.csv
CONTACT LENS INSTITUTE,521309154,irs-eo-bmf-capacity,501(c)(6),democracy,0.7505,0.0135,0.0090,0.3200,,https://www.irs.gov/pub/irs-soi/eo_dc.csv
UNITED STATES HOLOCAUST MEMORIAL COUNCIL,521309391,irs-eo-bmf-capacity,501(c)(3),democracy,172.5423,0.5176,2.0705,0.7400,,https://www.irs.gov/pub/irs-soi/eo_dc.csv
AMERICAN INSTITUTE FOR CONTEMPORARY GERMAN STUDIES JOHN HOPKINS UNIV,521309525,irs-eo-bmf-capacity,501(c)(3),democracy,1.2463,0.0037,0.0150,0.7400,,https://www.irs.gov/pub/irs-soi/eo_dc.csv
NATIONAL COMMITTEE TO PRESERVE SOCIAL SECURITY AND MEDICARE,521312579,irs-eo-bmf-capacity,501(c)(4),democracy,8.5264,0.2132,0.1023,0.2000,,https://www.irs.gov/pub/irs-soi/eo_dc.csv
THE LABOR HERITAGE FOUNDATION,521313015,irs-eo-bmf-capacity,501(c)(3),democracy,0.1762,0.0005,0.0021,0.7400,,https://www.irs.gov/pub/irs-soi/eo_dc.csv
THE NATIONAL INSTITUTE FOR SCIENCE LAW AND PUBLIC POLICY INC,521314021,irs-eo-bmf-capacity,501(c)(3),democracy,1.3982,0.0042,0.0168,0.7400,,https://www.irs.gov/pub/irs-soi/eo_dc.csv
ASSOCIATION FOR PREVENTION TEACHING AND RESEARCH,521314223,irs-eo-bmf-capacity,501(c)(3),democracy,4.1969,0.0126,0.0504,0.7400,,https://www.irs.gov/pub/irs-soi/eo_dc.csv
RIGHTS ACTION,521315411,irs-eo-bmf-capacity,501(c)(3),democracy,0.2203,0.0007,0.0026,0.7400,,https://www.irs.gov/pub/irs-soi/eo_dc.csv
DIGESTIVE DISEASE NATL COALITION,521316086,irs-eo-bmf-capacity,501(c)(3),democracy,0.1725,0.0005,0.0021,0.7400,,https://www.irs.gov/pub/irs-soi/eo_dc.csv
NATIONAL ASSOCIATION OF ENERGY SERVICE COMPANIES,521318222,irs-eo-bmf-capacity,501(c)(6),energy,2.9554,0.0532,0.0355,0.3200,,https://www.irs.gov/pub/irs-soi/eo_dc.csv
NATIONAL COUNCIL OF URBAN EDUCATION ASSOCIATES NCUEA,521320900,irs-eo-bmf-capacity,501(c)(6),democracy,0.4472,0.0080,0.0054,0.3200,,https://www.irs.gov/pub/irs-soi/eo_dc.csv
AMERICAN ASSOCIATION OF JEWISH LAWYERS AND JURISTS,521321421,irs-eo-bmf-capacity,501(c)(3),democracy,0.0838,0.0003,0.0010,0.7400,,https://www.irs.gov/pub/irs-soi/eo_dc.csv
EPSILON EDUCATION FOUNDATION,521323016,irs-eo-bmf-capacity,501(c)(3),democracy,0.0018,0.0000,0.0000,0.7400,,https://www.irs.gov/pub/irs-soi/eo_dc.csv
AGRICULTURE & FOOD SYSTEMS INSTITUTE,521323610,irs-eo-bmf-capacity,501(c)(3),democracy,1.4993,0.0045,0.0180,0.7400,,https://www.irs.gov/pub/irs-soi/eo_dc.csv
UNITED STATES ADVANCED TELEVISION SYSTEMS COMMITTEE,521324090,irs-eo-bmf-capacity,501(c)(6),democracy,1.9678,0.0354,0.0236,0.3200,,https://www.irs.gov/pub/irs-soi/eo_dc.csv
WASHINGTON NATIONAL EYE CENTER INC,521325467,irs-eo-bmf-capacity,501(c)(3),democracy,1.3998,0.0042,0.0168,0.7400,,https://www.irs.gov/pub/irs-soi/eo_dc.csv
PROGRESSIVE LIFE CENTER INC,521326357,irs-eo-bmf-capacity,501(c)(3),democracy,13.8045,0.0414,0.1657,0.7400,,https://www.irs.gov/pub/irs-soi/eo_dc.csv
REPRODUCTIVE TOXICOLOGY CENTER A NON-PROFIT FOUNDATION,521329340,irs-eo-bmf-capacity,501(c)(3),democracy,0.6875,0.0021,0.0083,0.7400,,https://www.irs.gov/pub/irs-soi/eo_dc.csv
SOFTWARE PUBLISHERS ASSOCIATION,521329859,irs-eo-bmf-capacity,501(c)(6),technology,11.1763,0.2012,0.1341,0.3200,,https://www.irs.gov/pub/irs-soi/eo_dc.csv
CHARLOTTE HIGH ALUMNI ASSOCIATION INC,521330946,irs-eo-bmf-capacity,501(c)(3),democracy,0.2202,0.0007,0.0026,0.7400,,https://www.irs.gov/pub/irs-soi/eo_dc.csv
SENATE EMPLOYEES CHILD CARE CENTER INC,521331367,irs-eo-bmf-capacity,501(c)(3),democracy,2.0982,0.0063,0.0252,0.7400,,https://www.irs.gov/pub/irs-soi/eo_dc.csv
FOREST RESOURCES ASSOCIATION INC,521331738,irs-eo-bmf-capacity,501(c)(6),democracy,2.4425,0.0440,0.0293,0.3200,,https://www.irs.gov/pub/irs-soi/eo_dc.csv
RECYCLING RESEARCH FOUNDATION INC,521332690,irs-eo-bmf-capacity,501(c)(3),democracy,0.0858,0.0003,0.0010,0.7400,,https://www.irs.gov/pub/irs-soi/eo_dc.csv
NATIONAL POSTAL POLICY COUNCIL INC,521333251,irs-eo-bmf-capacity,501(c)(6),democracy,0.4468,0.0080,0.0054,0.3200,,https://www.irs.gov/pub/irs-soi/eo_dc.csv
HISPANIC NATIONAL BAR ASSOCIATION,521333974,irs-eo-bmf-capacity,501(c)(6),democracy,0.7166,0.0129,0.0086,0.3200,,https://www.irs.gov/pub/irs-soi/eo_dc.csv
INSTITUTE FOR CLINICAL RESEARCH INC,521336656,irs-eo-bmf-capacity,501(c)(3),democracy,4.2599,0.0128,0.0511,0.7400,,https://www.irs.gov/pub/irs-soi/eo_dc.csv
DELTA RESEARCH AND EDUCATIONAL FOUNDATION,521338072,irs-eo-bmf-capacity,501(c)(3),democracy,5.0282,0.0151,0.0603,0.7400,,https://www.irs.gov/pub/irs-soi/eo_dc.csv
NATIONAL DEMOCRATIC INSTITUTE FOR INTERNATIONAL AFFAIRS,521338892,irs-eo-bmf-capacity,501(c)(3),democracy,181.5117,0.5445,2.1781,0.7400,,https://www.irs.gov/pub/irs-soi/eo_dc.csv
NATIONAL HYDROPOWER ASSOCIATION INC,521339888,irs-eo-bmf-capacity,501(c)(6),democracy,7.6616,0.1379,0.0919,0.3200,,https://www.irs.gov/pub/irs-soi/eo_dc.csv
INTERNATIONAL REPUBLICAN INSTITUTE,521340267,irs-eo-bmf-capacity,501(c)(3),democracy,126.4851,0.3795,1.5178,0.7400,,https://www.irs.gov/pub/irs-soi/eo_dc.csv
ARTHUR C CLARKE FOUNDATION OF THE UNITED STATES INC,521341027,irs-eo-bmf-capacity,501(c)(3),democracy,0.0650,0.0002,0.0008,0.7400,,https://www.irs.gov/pub/irs-soi/eo_dc.csv
FOUNDATION FOR OUTDOOR ADVERTISING RESEARCH AND EDUCATION,521341651,irs-eo-bmf-capacity,501(c)(3),democracy,0.2102,0.0006,0.0025,0.7400,,https://www.irs.gov/pub/irs-soi/eo_dc.csv
TASTE OF THE SOUTH COMMITTEE,521343458,irs-eo-bmf-capacity,501(c)(3),democracy,1.1276,0.0034,0.0135,0.7400,,https://www.irs.gov/pub/irs-soi/eo_dc.csv
GOVERNMENT ACCOUNTABILITY PROJECT INC,521343924,irs-eo-bmf-capacity,501(c)(3),democracy,4.4250,0.0133,0.0531,0.7400,,https://www.irs.gov/pub/irs-soi/eo_dc.csv
CTIA-THE WIRELESS ASSOCIATION,521347628,irs-eo-bmf-capacity,501(c)(6),democracy,104.3142,1.8777,1.2518,0.3200,,https://www.irs.gov/pub/irs-soi/eo_dc.csv
C S B S EDUCATION FOUNDATION,521347951,irs-eo-bmf-capacity,501(c)(3),democracy,4.7046,0.0141,0.0565,0.7400,,https://www.irs.gov/pub/irs-soi/eo_dc.csv
SCHILLER INSTITUTE INC,521349184,irs-eo-bmf-capacity,501(c)(4),democracy,0.0966,0.0024,0.0012,0.2000,,https://www.irs.gov/pub/irs-soi/eo_dc.csv
ALLIANCE OF NONPROFIT MAILERS,521349816,irs-eo-bmf-capacity,501(c)(4),democracy,0.3137,0.0078,0.0038,0.2000,,https://www.irs.gov/pub/irs-soi/eo_dc.csv
DELTA PHI EPSILON FOUNDATION FOR FOREIGN SERVICE EDUCATION,521351011,irs-eo-bmf-capacity,501(c)(3),democracy,0.3120,0.0009,0.0037,0.7400,,https://www.irs.gov/pub/irs-soi/eo_dc.csv
COMPETITIVE ENTERPRISE INSTITUTE,521351785,irs-eo-bmf-capacity,501(c)(3),democracy,12.8541,0.0386,0.1542,0.7400,,https://www.irs.gov/pub/irs-soi/eo_dc.csv
THE MARYLAND WORKERS COMPENSATION EDUCATIONAL ASSOCIATION INC,521353216,irs-eo-bmf-capacity,501(c)(3),democracy,0.2317,0.0007,0.0028,0.7400,,https://www.irs.gov/pub/irs-soi/eo_dc.csv
NATIONAL DENTAL ASSOCIATION FOUNDATION,521353835,irs-eo-bmf-capacity,501(c)(3),democracy,0.5758,0.0017,0.0069,0.7400,,https://www.irs.gov/pub/irs-soi/eo_dc.csv
THE PARKING INDUSTRY INSTITUTE,521356891,irs-eo-bmf-capacity,501(c)(3),democracy,0.0737,0.0002,0.0009,0.7400,,https://www.irs.gov/pub/irs-soi/eo_dc.csv
ACC FOUNDATION,521358578,irs-eo-bmf-capacity,501(c)(3),democracy,0.9681,0.0029,0.0116,0.7400,,https://www.irs.gov/pub/irs-soi/eo_dc.csv
IFA FOUNDATION,521358631,irs-eo-bmf-capacity,501(c)(3),democracy,2.5668,0.0077,0.0308,0.7400,,https://www.irs.gov/pub/irs-soi/eo_dc.csv
CITIZENS ASSOCIATION OF GEORGETOWN,521359105,irs-eo-bmf-capacity,501(c)(3),democracy,0.2467,0.0007,0.0030,0.7400,,https://www.irs.gov/pub/irs-soi/eo_dc.csv
HOUSING AND DEVELOPMENT LAW INSTITUTE,521360378,irs-eo-bmf-capacity,501(c)(3),democracy,0.6882,0.0021,0.0083,0.7400,,https://www.irs.gov/pub/irs-soi/eo_dc.csv
PARTNERS OF THE AMERICAS FOUNDATION,521363172,irs-eo-bmf-capacity,501(c)(3),democracy,0.0289,0.0001,0.0003,0.7400,,https://www.irs.gov/pub/irs-soi/eo_dc.csv
ECONOMIC POLICY INSTITUTE,521368964,irs-eo-bmf-capacity,501(c)(3),democracy,11.9274,0.0358,0.1431,0.7400,,https://www.irs.gov/pub/irs-soi/eo_dc.csv
COUNCIL FOR CITIZENS AGAINST GOVERNMENT WASTE,521369152,irs-eo-bmf-capacity,501(c)(4),democracy,3.2165,0.0804,0.0386,0.2000,,https://www.irs.gov/pub/irs-soi/eo_dc.csv
LIBRARY OF CONGRESS PROFESSIONAL ASSOCIATION CONTINUING EDUCATION F,521369338,irs-eo-bmf-capacity,501(c)(3),democracy,0.0139,0.0000,0.0002,0.7400,,https://www.irs.gov/pub/irs-soi/eo_dc.csv
BRETTON WOODS COMMITTEE,521372430,irs-eo-bmf-capacity,501(c)(3),democracy,1.7039,0.0051,0.0204,0.7400,,https://www.irs.gov/pub/irs-soi/eo_dc.csv
MDV SOLAR ENERGY INDUSTRY ASSOCIATION,521373539,irs-eo-bmf-capacity,501(c)(6),energy,0.7706,0.0139,0.0092,0.3200,,https://www.irs.gov/pub/irs-soi/eo_dc.csv
ENZYME TECHNICAL ASSOCIATION,521376033,irs-eo-bmf-capacity,501(c)(6),democracy,0.4447,0.0080,0.0053,0.3200,,https://www.irs.gov/pub/irs-soi/eo_dc.csv
WASHINGTON INSTITUTE FOR NEAR EAST POLICY,521376034,irs-eo-bmf-capacity,501(c)(3),democracy,21.5268,0.0646,0.2583,0.7400,,https://www.irs.gov/pub/irs-soi/eo_dc.csv
NEW YORK AVENUE EDUCATIONAL FOUNDATION,521379938,irs-eo-bmf-capacity,501(c)(3),democracy,0.0991,0.0003,0.0012,0.7400,,https://www.irs.gov/pub/irs-soi/eo_dc.csv
COUNCIL OF INSTITUTIONAL INVESTORS,521380217,irs-eo-bmf-capacity,501(c)(6),democracy,4.7570,0.0856,0.0571,0.3200,,https://www.irs.gov/pub/irs-soi/eo_dc.csv
THE BERNARD AND SARAH GEWIRZ FOUNDATION INC,521381689,irs-eo-bmf-capacity,501(c)(3),democracy,2.2081,0.0066,0.0265,0.7400,,https://www.irs.gov/pub/irs-soi/eo_dc.csv
NATIONAL FISH AND WILDLIFE FOUNDATION,521384139,irs-eo-bmf-capacity,501(c)(3),democracy,513.2181,1.5397,6.1586,0.7400,,https://www.irs.gov/pub/irs-soi/eo_dc.csv
CAPITOL HILL CRISIS PREGNANCY CENTER,521384736,irs-eo-bmf-capacity,501(c)(3),democracy,0.7502,0.0023,0.0090,0.7400,,https://www.irs.gov/pub/irs-soi/eo_dc.csv
THE DISTRICT OF COLUMBIA BEHAVIORAL HEALTH ASSOCIATION,521384781,irs-eo-bmf-capacity,501(c)(3),democracy,0.2492,0.0007,0.0030,0.7400,,https://www.irs.gov/pub/irs-soi/eo_dc.csv
REPUBLICAN JEWISH COALITION,521386172,irs-eo-bmf-capacity,501(c)(4),democracy,13.3730,0.3343,0.1605,0.2000,,https://www.irs.gov/pub/irs-soi/eo_dc.csv
COMMITTEE ON PIPE & TUBE IMPORTS,521390829,irs-eo-bmf-capacity,501(c)(6),democracy,4.3917,0.0791,0.0527,0.3200,,https://www.irs.gov/pub/irs-soi/eo_dc.csv
PHYSICIANS COMMITTEE FOR RESPONSIBLE MEDICINE INC,521394893,irs-eo-bmf-capacity,501(c)(3),democracy,21.3915,0.0642,0.2567,0.7400,,https://www.irs.gov/pub/irs-soi/eo_dc.csv
ARAB AMERICAN INSTITUTE,521395040,irs-eo-bmf-capacity,501(c)(4),democracy,0.1547,0.0039,0.0019,0.2000,,https://www.irs.gov/pub/irs-soi/eo_dc.csv
NATIONAL HUMANITIES ALLIANCE,521395619,irs-eo-bmf-capacity,501(c)(4),democracy,0.8593,0.0215,0.0103,0.2000,,https://www.irs.gov/pub/irs-soi/eo_dc.csv
COUNCIL OF AMERICAN OVERSEAS RESEARCH CENTERS,521395971,irs-eo-bmf-capacity,501(c)(3),democracy,6.4704,0.0194,0.0776,0.7400,,https://www.irs.gov/pub/irs-soi/eo_dc.csv
EDLAVITCH JEWISH COMMUNITY CENTER OF WASHINGTON DC INC,521398151,irs-eo-bmf-capacity,501(c)(3),democracy,16.5908,0.0498,0.1991,0.7400,,https://www.irs.gov/pub/irs-soi/eo_dc.csv
CENTER FOR INTERNATIONAL PRIVATE ENTERPRISE INC,521398742,irs-eo-bmf-capacity,501(c)(3),democracy,51.9939,0.1560,0.6239,0.7400,,https://www.irs.gov/pub/irs-soi/eo_dc.csv
US PAN ASIAN AMERICAN CHAMBER OF COMMERCE,521399806,irs-eo-bmf-capacity,501(c)(6),democracy,0.0900,0.0016,0.0011,0.3200,,https://www.irs.gov/pub/irs-soi/eo_dc.csv
THOLOS FOUNDATION,521400492,irs-eo-bmf-capacity,501(c)(3),democracy,2.3751,0.0071,0.0285,0.7400,,https://www.irs.gov/pub/irs-soi/eo_dc.csv
BLAIR HOUSE FOUNDATION,521401505,irs-eo-bmf-capacity,501(c)(3),democracy,19.5111,0.0585,0.2341,0.7400,,https://www.irs.gov/pub/irs-soi/eo_dc.csv
MANUFACTURED HOUSING ASSOCIATION FOR REGULATORY REFORM,521402909,irs-eo-bmf-capacity,501(c)(6),democracy,0.5384,0.0097,0.0065,0.3200,,https://www.irs.gov/pub/irs-soi/eo_dc.csv
THE COUNCIL FOR PROFESSIONAL RECOGNITION,521410357,irs-eo-bmf-capacity,501(c)(3),democracy,26.9419,0.0808,0.3233,0.7400,,https://www.irs.gov/pub/irs-soi/eo_dc.csv
THE INSTITUTE OF URBAN LIVING,521410842,irs-eo-bmf-capacity,501(c)(3),democracy,0.4869,0.0015,0.0058,0.7400,,https://www.irs.gov/pub/irs-soi/eo_dc.csv
INTERNATIONAL TRADE COMMISSION TRIAL LAWYERS ASSOCIATION,521411407,irs-eo-bmf-capacity,501(c)(6),democracy,0.1098,0.0020,0.0013,0.3200,,https://www.irs.gov/pub/irs-soi/eo_dc.csv
PEACE TAX FOUNDATION INC,521418355,irs-eo-bmf-capacity,501(c)(3),finance,0.0124,0.0000,0.0001,0.7400,,https://www.irs.gov/pub/irs-soi/eo_dc.csv
BLINDED AMERICAN VETERANS FOUNDATION,521419400,irs-eo-bmf-capacity,501(c)(3),democracy,0.0042,0.0000,0.0001,0.7400,,https://www.irs.gov/pub/irs-soi/eo_dc.csv
ROSS SCHOOL PARENT-TEACHER ASSOCIATION,521419824,irs-eo-bmf-capacity,501(c)(3),democracy,0.1666,0.0005,0.0020,0.7400,,https://www.irs.gov/pub/irs-soi/eo_dc.csv
COMMODITY MARKET COUNCIL,521420879,irs-eo-bmf-capacity,501(c)(6),democracy,1.6903,0.0304,0.0203,0.3200,,https://www.irs.gov/pub/irs-soi/eo_dc.csv
CENTER FOR CLEAN AIR POLICY,521423164,irs-eo-bmf-capacity,501(c)(3),energy,1.0618,0.0032,0.0127,0.7400,,https://www.irs.gov/pub/irs-soi/eo_dc.csv
NATIONAL ASSOCIATION OF COUNTY AND CITY HEALTH OFFICIALS,521426663,irs-eo-bmf-capacity,501(c)(3),democracy,62.2676,0.1868,0.7472,0.7400,,https://www.irs.gov/pub/irs-soi/eo_dc.csv
ASSOCIATION OF MINORITY HEALTH PROFESSIONS SCHOOLS INC,521431640,irs-eo-bmf-capacity,501(c)(3),democracy,0.1217,0.0004,0.0015,0.7400,,https://www.irs.gov/pub/irs-soi/eo_dc.csv
ALBERT SHANKER INSTITUTE,521432693,irs-eo-bmf-capacity,501(c)(3),democracy,1.3125,0.0039,0.0158,0.7400,,https://www.irs.gov/pub/irs-soi/eo_dc.csv
NATIONAL JEWISH POLICY CENTER,521433850,irs-eo-bmf-capacity,501(c)(3),democracy,1.1911,0.0036,0.0143,0.7400,,https://www.irs.gov/pub/irs-soi/eo_dc.csv
NATIONAL CHERRY BLOSSOM FESTIVAL COMMITTEE INC,521433877,irs-eo-bmf-capacity,501(c)(3),democracy,4.8502,0.0146,0.0582,0.7400,,https://www.irs.gov/pub/irs-soi/eo_dc.csv
WASHINGTON D C ALUMNAE FOUNDATION INC,521433878,irs-eo-bmf-capacity,501(c)(3),democracy,0.2325,0.0007,0.0028,0.7400,,https://www.irs.gov/pub/irs-soi/eo_dc.csv
HARRISON CENTER FOR CAREER EDUCATION,521435310,irs-eo-bmf-capacity,501(c)(3),democracy,1.3971,0.0042,0.0168,0.7400,,https://www.irs.gov/pub/irs-soi/eo_dc.csv
TRIAL LAWYERS ASSOCIATION OF METROPOLITIAN WASHINGTON DC,521437736,irs-eo-bmf-capacity,501(c)(6),democracy,0.4282,0.0077,0.0051,0.3200,,https://www.irs.gov/pub/irs-soi/eo_dc.csv
WASHINGTON AUTOMOTIVE PRESS ASSOCIATION,521438994,irs-eo-bmf-capacity,501(c)(6),democracy,0.0147,0.0003,0.0002,0.3200,,https://www.irs.gov/pub/irs-soi/eo_dc.csv
SAMUEL J GORLITZ FOUNDATION,521439097,irs-eo-bmf-capacity,501(c)(3),democracy,0.2103,0.0006,0.0025,0.7400,,https://www.irs.gov/pub/irs-soi/eo_dc.csv
AMERICAN FEDERATION OF TEACHERS EDUCATIONAL FOUNDATION,521439116,irs-eo-bmf-capacity,501(c)(3),democracy,3.0966,0.0093,0.0372,0.7400,,https://www.irs.gov/pub/irs-soi/eo_dc.csv
BEER INSTITUTE INC,521439662,irs-eo-bmf-capacity,501(c)(6),democracy,6.4654,0.1164,0.0776,0.3200,,https://www.irs.gov/pub/irs-soi/eo_dc.csv
ALLIANCE FOR INTERNATIONAL EXCHANGE INC,521439709,irs-eo-bmf-capacity,501(c)(3),democracy,1.2157,0.0036,0.0146,0.7400,,https://www.irs.gov/pub/irs-soi/eo_dc.csv
DUPONT CIRCLE CITIZENS ASSOCIATION,521441930,irs-eo-bmf-capacity,501(c)(3),democracy,0.0715,0.0002,0.0009,0.7400,,https://www.irs.gov/pub/irs-soi/eo_dc.csv
CENTER FOR INTERNATIONAL POLICY INC,521446207,irs-eo-bmf-capacity,501(c)(3),democracy,0.8172,0.0025,0.0098,0.7400,,https://www.irs.gov/pub/irs-soi/eo_dc.csv
COSMOS CLUB HISTORIC PRESERVATION FOUNDATION,521446370,irs-eo-bmf-capacity,501(c)(3),democracy,0.8470,0.0025,0.0102,0.7400,,https://www.irs.gov/pub/irs-soi/eo_dc.csv
FAA CHILD DEVELOPMENT CENTER INC,521449240,irs-eo-bmf-capacity,501(c)(3),democracy,1.1613,0.0035,0.0139,0.7400,,https://www.irs.gov/pub/irs-soi/eo_dc.csv
CENTER FOR IMMIGRATION STUDIES INC,521449368,irs-eo-bmf-capacity,501(c)(3),democracy,2.9400,0.0088,0.0353,0.7400,,https://www.irs.gov/pub/irs-soi/eo_dc.csv
FUND FOR THE CENTER FOR COMMUNITY CHANGE,521449690,irs-eo-bmf-capacity,501(c)(3),democracy,0.4887,0.0015,0.0059,0.7400,,https://www.irs.gov/pub/irs-soi/eo_dc.csv
RADIO TELEVISION NEWS DIRECTORS ASSOCIATION,521452178,irs-eo-bmf-capacity,501(c)(6),democracy,1.4366,0.0259,0.0172,0.3200,,https://www.irs.gov/pub/irs-soi/eo_dc.csv
MCKINLEY TECHNICAL HIGH SCHOOL ALUMNI ASSOCIATION,521457654,irs-eo-bmf-capacity,501(c)(3),democracy,0.0273,0.0001,0.0003,0.7400,,https://www.irs.gov/pub/irs-soi/eo_dc.csv
FOUNDATION OF THE ENERGY LAW JOURNAL,521459583,irs-eo-bmf-capacity,501(c)(3),energy,0.1223,0.0004,0.0015,0.7400,,https://www.irs.gov/pub/irs-soi/eo_dc.csv
UNITED STATES ADVANCED CERAMICS ASSOCIATION,521459687,irs-eo-bmf-capacity,501(c)(6),democracy,0.3856,0.0069,0.0046,0.3200,,https://www.irs.gov/pub/irs-soi/eo_dc.csv
WASHINGTON INTERNATIONAL TRADE ASSOCIATION,521462468,irs-eo-bmf-capacity,501(c)(6),democracy,0.8169,0.0147,0.0098,0.3200,,https://www.irs.gov/pub/irs-soi/eo_dc.csv
COMMITTEE FOR A CONSTRUCTIVE TOMORROW,521462893,irs-eo-bmf-capacity,501(c)(3),democracy,3.0847,0.0093,0.0370,0.7400,,https://www.irs.gov/pub/irs-soi/eo_dc.csv
AMERICAN EVALUATION ASSOCIATION,521463557,irs-eo-bmf-capacity,501(c)(3),democracy,3.6534,0.0110,0.0438,0.7400,,https://www.irs.gov/pub/irs-soi/eo_dc.csv
AMERICAN TORT REFORM ASSOCIATION,521464785,irs-eo-bmf-capacity,501(c)(6),democracy,5.5424,0.0998,0.0665,0.3200,,https://www.irs.gov/pub/irs-soi/eo_dc.csv
NATIONAL ITALIAN AMERICAN BAR ASSOCIATION,521465102,irs-eo-bmf-capacity,501(c)(3),democracy,0.0971,0.0003,0.0012,0.7400,,https://www.irs.gov/pub/irs-soi/eo_dc.csv
FOUNDATION FOR ART AND PRESERVATION IN EMBASSIES,521467787,irs-eo-bmf-capacity,501(c)(3),democracy,5.4111,0.0162,0.0649,0.7400,,https://www.irs.gov/pub/irs-soi/eo_dc.csv
GWSCPA EDUCATIONAL FOUNDATION INC,521469031,irs-eo-bmf-capacity,501(c)(3),democracy,1.1171,0.0034,0.0134,0.7400,,https://www.irs.gov/pub/irs-soi/eo_dc.csv
IMMIGRATION REFORM LAW INSTITUTE,521469956,irs-eo-bmf-capacity,501(c)(3),democracy,3.1447,0.0094,0.0377,0.7400,,https://www.irs.gov/pub/irs-soi/eo_dc.csv
WASHINGTON NATIONAL EYE CENTER FOUNDATION,521470885,irs-eo-bmf-capacity,501(c)(3),democracy,0.0224,0.0001,0.0003,0.7400,,https://www.irs.gov/pub/irs-soi/eo_dc.csv
THE SENTENCING PROJECT,521472546,irs-eo-bmf-capacity,501(c)(3),democracy,8.3467,0.0250,0.1002,0.7400,,https://www.irs.gov/pub/irs-soi/eo_dc.csv
NATIONAL HEALTH CARE ANTI-FRAUD ASSOCIATION,521473117,irs-eo-bmf-capacity,501(c)(6),democracy,2.7891,0.0502,0.0335,0.3200,,https://www.irs.gov/pub/irs-soi/eo_dc.csv
SHEET METAL WORKERS INTERNATIONAL SCHOLARSHIP FOUNDATION INC,521473935,irs-eo-bmf-capacity,501(c)(3),democracy,0.6209,0.0019,0.0075,0.7400,,https://www.irs.gov/pub/irs-soi/eo_dc.csv
HISTORIC PRESERVATION EDUCATION FOUNDATION,521474906,irs-eo-bmf-capacity,501(c)(3),democracy,0.4559,0.0014,0.0055,0.7400,,https://www.irs.gov/pub/irs-soi/eo_dc.csv
CAPITOL HILL CLUSTER SCHOOL PARENT TEACHER ASSOCIATION,521476472,irs-eo-bmf-capacity,501(c)(3),democracy,0.2812,0.0008,0.0034,0.7400,,https://www.irs.gov/pub/irs-soi/eo_dc.csv
THE NATIONAL ORGANIZATION FOR WOMEN FOUNDATION INC,521477004,irs-eo-bmf-capacity,501(c)(3),democracy,2.2801,0.0068,0.0274,0.7400,,https://www.irs.gov/pub/irs-soi/eo_dc.csv
ASSOCIATION OF ADMINISTRATORS OF INTERSTATE COMPACT ON,521479559,irs-eo-bmf-capacity,501(c)(6),democracy,0.4142,0.0075,0.0050,0.3200,,https://www.irs.gov/pub/irs-soi/eo_dc.csv
AMY JACQUES GARVEY INSTITUTE INC,521479811,irs-eo-bmf-capacity,501(c)(3),democracy,0.0732,0.0002,0.0009,0.7400,,https://www.irs.gov/pub/irs-soi/eo_dc.csv
THE CORPS NETWORK,521480202,irs-eo-bmf-capacity,501(c)(3),democracy,14.3545,0.0431,0.1723,0.7400,,https://www.irs.gov/pub/irs-soi/eo_dc.csv
DISTRICT OF COLUMBIA PUBLIC LIBRARY FOUNDATION INC,521481008,irs-eo-bmf-capacity,501(c)(3),democracy,1.5751,0.0047,0.0189,0.7400,,https://www.irs.gov/pub/irs-soi/eo_dc.csv
HUMAN RIGHTS CAMPAIGN FOUNDATION,521481896,irs-eo-bmf-capacity,501(c)(3),democracy,28.6273,0.0859,0.3435,0.7400,,https://www.irs.gov/pub/irs-soi/eo_dc.csv
NATIONAL WIC ASSOCIATION,521482678,irs-eo-bmf-capacity,501(c)(3),democracy,7.4147,0.0222,0.0890,0.7400,,https://www.irs.gov/pub/irs-soi/eo_dc.csv
INTERNATIONAL VALVE SPRING WIRE MANUFACTURERS ASSOCIATION,521483835,irs-eo-bmf-capacity,501(c)(6),democracy,0.0314,0.0006,0.0004,0.3200,,https://www.irs.gov/pub/irs-soi/eo_dc.csv
HOWARD AND JACQUELINE CHERTKOF FOUNDATION INC,521489260,irs-eo-bmf-capacity,501(c)(3),democracy,0.0612,0.0002,0.0007,0.7400,,https://www.irs.gov/pub/irs-soi/eo_dc.csv
FEDERAL CIRCUIT BAR ASSOCIATION,521491377,irs-eo-bmf-capacity,501(c)(6),democracy,1.0814,0.0195,0.0130,0.3200,,https://www.irs.gov/pub/irs-soi/eo_dc.csv
DAVID A WINSTON HEALTH POLICY FELLOWSHIP,521492039,irs-eo-bmf-capacity,501(c)(3),democracy,0.9648,0.0029,0.0116,0.7400,,https://www.irs.gov/pub/irs-soi/eo_dc.csv
ARMENIAN NATIONAL COMMITTEE OF AMERICA,521492274,irs-eo-bmf-capacity,501(c)(4),democracy,1.2350,0.0309,0.0148,0.2000,,https://www.irs.gov/pub/irs-soi/eo_dc.csv
CHOPIVSKY FAMILY FOUNDATION,521493038,irs-eo-bmf-capacity,501(c)(3),democracy,0.0926,0.0003,0.0011,0.7400,,https://www.irs.gov/pub/irs-soi/eo_dc.csv
SWEETENER USERS ASSOCIATION,521493563,irs-eo-bmf-capacity,501(c)(6),democracy,0.9014,0.0162,0.0108,0.3200,,https://www.irs.gov/pub/irs-soi/eo_dc.csv
FRENCH AMERICAN CHAMBER OF COMMERCE OF WASHINGTON DC,521496682,irs-eo-bmf-capacity,501(c)(6),democracy,0.2551,0.0046,0.0031,0.3200,,https://www.irs.gov/pub/irs-soi/eo_dc.csv
COMMITTEE IN SOLIDARITY WITH THE PEOPLE OF EL SALVADOR,521496935,irs-eo-bmf-capacity,501(c)(4),democracy,0.0471,0.0012,0.0006,0.2000,,https://www.irs.gov/pub/irs-soi/eo_dc.csv
ELECTRIC POWER SUPPLY ASSOCIATION,521497342,irs-eo-bmf-capacity,501(c)(6),energy,5.1903,0.0934,0.0623,0.3200,,https://www.irs.gov/pub/irs-soi/eo_dc.csv
INTERNATIONAL LABOR RIGHTS FORUM,521497461,irs-eo-bmf-capacity,501(c)(3),democracy,3.8363,0.0115,0.0460,0.7400,,https://www.irs.gov/pub/irs-soi/eo_dc.csv
LIGHTER ASSOCIATION INC,521498417,irs-eo-bmf-capacity,501(c)(6),democracy,0.1210,0.0022,0.0015,0.3200,,https://www.irs.gov/pub/irs-soi/eo_dc.csv
FESTIVAL CENTER INC,521499111,irs-eo-bmf-capacity,501(c)(3),democracy,2.0936,0.0063,0.0251,0.7400,,https://www.irs.gov/pub/irs-soi/eo_dc.csv
COMMITTEE TO SUPPORT THE ANTITRUST LAWS,521499360,irs-eo-bmf-capacity,501(c)(6),democracy,0.3314,0.0060,0.0040,0.3200,,https://www.irs.gov/pub/irs-soi/eo_dc.csv
CENTER FOR STRATEGIC AND INTERNATIONAL STUDIES INC,521501082,irs-eo-bmf-capacity,501(c)(3),democracy,59.8290,0.1795,0.7179,0.7400,,https://www.irs.gov/pub/irs-soi/eo_dc.csv
ENDOWMENT OF THE UNITED STATES INSTITUTE OF PEACE INCORPORATED,521503251,irs-eo-bmf-capacity,501(c)(3),democracy,7.1980,0.0216,0.0864,0.7400,,https://www.irs.gov/pub/irs-soi/eo_dc.csv
WORLD AFFAIRS COUNCILS OF AMERICA,521514424,irs-eo-bmf-capacity,501(c)(3),democracy,1.3671,0.0041,0.0164,0.7400,,https://www.irs.gov/pub/irs-soi/eo_dc.csv
THE ASSOCIATION FOR PRESERVATION TECHNOLOGY INTERNATIONAL INC,521514895,irs-eo-bmf-capacity,501(c)(3),technology,1.4106,0.0042,0.0169,0.7400,,https://www.irs.gov/pub/irs-soi/eo_dc.csv
DISTRICT OF COLUMBIA COALITION AGAINST DOMESTIC VIOLENCE,521515600,irs-eo-bmf-capacity,501(c)(3),democracy,1.8886,0.0057,0.0227,0.7400,,https://www.irs.gov/pub/irs-soi/eo_dc.csv
NATIONAL COALITION FOR THE HOMELESS INC,521517415,irs-eo-bmf-capacity,501(c)(3),democracy,1.6243,0.0049,0.0195,0.7400,,https://www.irs.gov/pub/irs-soi/eo_dc.csv
SHILOH FOUNDATION INC,521522634,irs-eo-bmf-capacity,501(c)(3),democracy,0.0537,0.0002,0.0006,0.7400,,https://www.irs.gov/pub/irs-soi/eo_dc.csv
PERSONAL CARE PRODUCTS COUNCIL FOUNDATION,521523017,irs-eo-bmf-capacity,501(c)(3),democracy,3.8440,0.0115,0.0461,0.7400,,https://www.irs.gov/pub/irs-soi/eo_dc.csv
U S ENGLISH FOUNDATION INC,521524976,irs-eo-bmf-capacity,501(c)(3),democracy,1.1459,0.0034,0.0138,0.7400,,https://www.irs.gov/pub/irs-soi/eo_dc.csv
NATIONAL CHURCH GROWTH RESEARCH CENTER INC,521526527,irs-eo-bmf-capacity,501(c)(3),democracy,0.0583,0.0002,0.0007,0.7400,,https://www.irs.gov/pub/irs-soi/eo_dc.csv
INTERNATIONAL FOUNDATION FOR ELECTORAL SYSTEMS,521527835,irs-eo-bmf-capacity,501(c)(3),democracy,77.5030,0.2325,0.9300,0.7400,,https://www.irs.gov/pub/irs-soi/eo_dc.csv
ENERGY INFRASTRUCTURE COUNCIL,521527852,irs-eo-bmf-capacity,501(c)(6),energy,1.7839,0.0321,0.0214,0.3200,,https://www.irs.gov/pub/irs-soi/eo_dc.csv
APPLE PROCESSORS ASSOCIATION,521527990,irs-eo-bmf-capacity,501(c)(6),democracy,0.0903,0.0016,0.0011,0.3200,,https://www.irs.gov/pub/irs-soi/eo_dc.csv
ASSOCIATION OF MATERNAL AND CHILD HEALTH PROGRAMS,521529448,irs-eo-bmf-capacity,501(c)(3),democracy,8.1001,0.0243,0.0972,0.7400,,https://www.irs.gov/pub/irs-soi/eo_dc.csv
NATIONAL U S - ARAB CHAMBER OF COMMERCE INC,521529937,irs-eo-bmf-capacity,501(c)(6),democracy,0.6259,0.0113,0.0075,0.3200,,https://www.irs.gov/pub/irs-soi/eo_dc.csv
CNP ACTION INC,521530983,irs-eo-bmf-capacity,501(c)(4),democracy,0.1680,0.0042,0.0020,0.2000,,https://www.irs.gov/pub/irs-soi/eo_dc.csv
CHLORINATED PARAFFINS INDUSTRY ASSOCIATION,521534760,irs-eo-bmf-capacity,501(c)(6),democracy,0.1375,0.0025,0.0017,0.3200,,https://www.irs.gov/pub/irs-soi/eo_dc.csv
ESSENTIALS HOSPITALS INSTITUTE,521535611,irs-eo-bmf-capacity,501(c)(3),democracy,2.6089,0.0078,0.0313,0.7400,,https://www.irs.gov/pub/irs-soi/eo_dc.csv
NATIONAL CENTER ON EDUCATION & THE ECONOMY,521539258,irs-eo-bmf-capacity,501(c)(3),democracy,19.3634,0.0581,0.2324,0.7400,,https://www.irs.gov/pub/irs-soi/eo_dc.csv
NATIONAL ASSOCIATION OF STUDENT PERSONNEL ADMINISTRATORS INC,521542164,irs-eo-bmf-capacity,501(c)(3),democracy,19.7979,0.0594,0.2376,0.7400,,https://www.irs.gov/pub/irs-soi/eo_dc.csv
NASPA FOUNDATION,521542166,irs-eo-bmf-capacity,501(c)(3),democracy,0.4360,0.0013,0.0052,0.7400,,https://www.irs.gov/pub/irs-soi/eo_dc.csv
THE IVY FOUNDATION,521542302,irs-eo-bmf-capacity,501(c)(3),democracy,0.0900,0.0003,0.0011,0.7400,,https://www.irs.gov/pub/irs-soi/eo_dc.csv
CANADIAN-AMERICAN BUSINESS COUNCIL INC,521542724,irs-eo-bmf-capacity,501(c)(6),democracy,1.7932,0.0323,0.0215,0.3200,,https://www.irs.gov/pub/irs-soi/eo_dc.csv
CENTER FOR EQUAL OPPORTUNITY,521543156,irs-eo-bmf-capacity,501(c)(3),democracy,0.5835,0.0018,0.0070,0.7400,,https://www.irs.gov/pub/irs-soi/eo_dc.csv
HERBIE HANCOCK INSTITUTE OF JAZZ,521544030,irs-eo-bmf-capacity,501(c)(3),democracy,3.8634,0.0116,0.0464,0.7400,,https://www.irs.gov/pub/irs-soi/eo_dc.csv
SMITHSONIAN EARLY ENRICHMENT CENTER INC,521545108,irs-eo-bmf-capacity,501(c)(3),democracy,3.2216,0.0097,0.0387,0.7400,,https://www.irs.gov/pub/irs-soi/eo_dc.csv
TENLEY STUDY CENTER INC,521545933,irs-eo-bmf-capacity,501(c)(3),democracy,0.8212,0.0025,0.0099,0.7400,,https://www.irs.gov/pub/irs-soi/eo_dc.csv
INSTITUTE FOR WOMENS POLICY RESEARCH,521549572,irs-eo-bmf-capacity,501(c)(3),democracy,1.7434,0.0052,0.0209,0.7400,,https://www.irs.gov/pub/irs-soi/eo_dc.csv
AMERICAN IMMIGRATION COUNCIL,521549711,irs-eo-bmf-capacity,501(c)(3),democracy,11.9401,0.0358,0.1433,0.7400,,https://www.irs.gov/pub/irs-soi/eo_dc.csv
ASSOCIATION OF OCC AND ENV CLINICS,521553060,irs-eo-bmf-capacity,501(c)(3),energy,0.3784,0.0011,0.0045,0.7400,,https://www.irs.gov/pub/irs-soi/eo_dc.csv
CERTIFIED AUTOMOTIVE PARTS ASSOCIATION,521555372,irs-eo-bmf-capacity,501(c)(6),democracy,23.3194,0.4197,0.2798,0.3200,,https://www.irs.gov/pub/irs-soi/eo_dc.csv
AKWA IBOM STATE ASSOCIATION OF NIGERIA USA,521557391,irs-eo-bmf-capacity,501(c)(3),democracy,0.4160,0.0012,0.0050,0.7400,,https://www.irs.gov/pub/irs-soi/eo_dc.csv
NATIONAL ASSOCIATION OF COUNTY ADMINISTRATORS INC,521557554,irs-eo-bmf-capacity,501(c)(6),democracy,0.1531,0.0028,0.0018,0.3200,,https://www.irs.gov/pub/irs-soi/eo_dc.csv
M B LEWIS CHARITABLE FOUNDATION,521557778,irs-eo-bmf-capacity,501(c)(3),democracy,0.0856,0.0003,0.0010,0.7400,,https://www.irs.gov/pub/irs-soi/eo_dc.csv
ASSOCIATION OF WOMEN IN INTL TRADE INC,521558277,irs-eo-bmf-capacity,501(c)(6),democracy,0.1735,0.0031,0.0021,0.3200,,https://www.irs.gov/pub/irs-soi/eo_dc.csv
AMERICAN FOUNDATION FOR THE UNIVERS ITY OF BRITISH COLUMBIA,521559117,irs-eo-bmf-capacity,501(c)(3),democracy,2.8642,0.0086,0.0344,0.7400,,https://www.irs.gov/pub/irs-soi/eo_dc.csv
FOUNDATION OF THE ARC OF THE UNITED STATES,521559702,irs-eo-bmf-capacity,501(c)(3),democracy,0.4277,0.0013,0.0051,0.7400,,https://www.irs.gov/pub/irs-soi/eo_dc.csv
THE NATIONAL ENERGY AND UTILITY AFFORDABILITY COALITION,521559709,irs-eo-bmf-capacity,501(c)(3),energy,1.2122,0.0036,0.0145,0.7400,,https://www.irs.gov/pub/irs-soi/eo_dc.csv
THE AFFORDABLE HOUSING TAX CREDIT COALITION,521564149,irs-eo-bmf-capacity,501(c)(6),finance,2.5550,0.0460,0.0307,0.3200,,https://www.irs.gov/pub/irs-soi/eo_dc.csv
MID-ATLANTIC VENTURE ASSOCIATION INC BALTIMORE-WASHINGTON CHAPTER,521565676,irs-eo-bmf-capacity,501(c)(6),democracy,0.0700,0.0013,0.0008,0.3200,,https://www.irs.gov/pub/irs-soi/eo_dc.csv
FEDERAL ENERGY REGULATORY COMMISSION FITNESS CENTER ORGANIZA,521568129,irs-eo-bmf-capacity,501(c)(4),energy,0.1170,0.0029,0.0014,0.2000,,https://www.irs.gov/pub/irs-soi/eo_dc.csv
DEPARTMENT OF LABOR FITNESS ASSOCIATION INC,521568668,irs-eo-bmf-capacity,501(c)(4),energy,0.0545,0.0014,0.0007,0.2000,,https://www.irs.gov/pub/irs-soi/eo_dc.csv
PIPE TOBACCO COUNCIL INC,521570660,irs-eo-bmf-capacity,501(c)(6),democracy,0.1190,0.0021,0.0014,0.3200,,https://www.irs.gov/pub/irs-soi/eo_dc.csv
VIOLENCE POLICY CENTER,521571442,irs-eo-bmf-capacity,501(c)(3),democracy,1.2520,0.0038,0.0150,0.7400,,https://www.irs.gov/pub/irs-soi/eo_dc.csv
AMERICAN ACADEMIC LEADERSHIP INSTITUTE INC PMB 5334,521572800,irs-eo-bmf-capacity,501(c)(3),democracy,0.9012,0.0027,0.0108,0.7400,,https://www.irs.gov/pub/irs-soi/eo_dc.csv
INSTITUTE OF SCRAP RECYCLING INDUSTRIES INC,521572944,irs-eo-bmf-capacity,501(c)(6),democracy,4.6010,0.0828,0.0552,0.3200,,https://www.irs.gov/pub/irs-soi/eo_dc.csv
THE WASHINGTON ASSOCIATION OF BLACK JOURNALISTS INC,521573554,irs-eo-bmf-capacity,501(c)(3),democracy,0.2071,0.0006,0.0025,0.7400,,https://www.irs.gov/pub/irs-soi/eo_dc.csv
DC BAR PRO BONO CENTER,521574217,irs-eo-bmf-capacity,501(c)(3),democracy,6.3886,0.0192,0.0767,0.7400,,https://www.irs.gov/pub/irs-soi/eo_dc.csv
INSTITUTE FOR REPRESENTATIVE GOVT INC,521575041,irs-eo-bmf-capacity,501(c)(3),democracy,0.0663,0.0002,0.0008,0.7400,,https://www.irs.gov/pub/irs-soi/eo_dc.csv
CENTER FOR HEALTH POLICY DEVELOPMENT,521576801,irs-eo-bmf-capacity,501(c)(3),democracy,10.9176,0.0328,0.1310,0.7400,,https://www.irs.gov/pub/irs-soi/eo_dc.csv
GEORGETOWN MINISTRY CENTER,521577694,irs-eo-bmf-capacity,501(c)(3),democracy,1.0250,0.0031,0.0123,0.7400,,https://www.irs.gov/pub/irs-soi/eo_dc.csv
NATIONAL MINORITY AIDS COUNCIL DBA AIDS PROGRAMS OF THE NATIONAL,521578289,irs-eo-bmf-capacity,501(c)(3),democracy,9.7928,0.0294,0.1175,0.7400,,https://www.irs.gov/pub/irs-soi/eo_dc.csv
EVENTS INDUSTRY COUNCIL,521579652,irs-eo-bmf-capacity,501(c)(6),democracy,2.5948,0.0467,0.0311,0.3200,,https://www.irs.gov/pub/irs-soi/eo_dc.csv
CAPITOL HILL COMMUNITY FOUNDATION,521582214,irs-eo-bmf-capacity,501(c)(3),democracy,0.7399,0.0022,0.0089,0.7400,,https://www.irs.gov/pub/irs-soi/eo_dc.csv
HUD FITNESS ASSOCIATION,521584958,irs-eo-bmf-capacity,501(c)(4),democracy,0.1333,0.0033,0.0016,0.2000,,https://www.irs.gov/pub/irs-soi/eo_dc.csv
THE NATURAL GAS VEHICLE COALITION,521588725,irs-eo-bmf-capacity,501(c)(6),energy,1.9365,0.0349,0.0232,0.3200,,https://www.irs.gov/pub/irs-soi/eo_dc.csv
ANACOSTIA COORDINATING COUNCIL INC,521591131,irs-eo-bmf-capacity,501(c)(3),democracy,1.4562,0.0044,0.0175,0.7400,,https://www.irs.gov/pub/irs-soi/eo_dc.csv
WASHINGTON ARCHITECTURAL FOUNDATION,521592783,irs-eo-bmf-capacity,501(c)(3),democracy,0.3242,0.0010,0.0039,0.7400,,https://www.irs.gov/pub/irs-soi/eo_dc.csv
NATIONAL ASSOCIATION FOR THE SUPPORT OF LONG-TERM CARE,521593085,irs-eo-bmf-capacity,501(c)(6),democracy,1.3308,0.0240,0.0160,0.3200,,https://www.irs.gov/pub/irs-soi/eo_dc.csv
MARYS CENTER FOR MATERNAL AND CHILD CARE INC,521594116,irs-eo-bmf-capacity,501(c)(3),democracy,103.4682,0.3104,1.2416,0.7400,,https://www.irs.gov/pub/irs-soi/eo_dc.csv
CITY-COUNTY COMMUNICATIONS & MARKETING ASSOCIATION,521598616,irs-eo-bmf-capacity,501(c)(6),democracy,1.1642,0.0210,0.0140,0.3200,,https://www.irs.gov/pub/irs-soi/eo_dc.csv
STEEL MANUFACTURERS ASSOCIATION,521600093,irs-eo-bmf-capacity,501(c)(6),democracy,3.6234,0.0652,0.0435,0.3200,,https://www.irs.gov/pub/irs-soi/eo_dc.csv
CENTER FOR INDIVIDUAL RIGHTS,521600481,irs-eo-bmf-capacity,501(c)(3),democracy,2.8446,0.0085,0.0341,0.7400,,https://www.irs.gov/pub/irs-soi/eo_dc.csv
CENTER FOR SECURITY POLICY INC,521601976,irs-eo-bmf-capacity,501(c)(3),democracy,3.8897,0.0117,0.0467,0.7400,,https://www.irs.gov/pub/irs-soi/eo_dc.csv
NATIONAL ASSOCIATION OF DEVELOPMENT ORGANIZATIONS RESEARCH FOUNDATION,521602517,irs-eo-bmf-capacity,501(c)(3),democracy,2.6158,0.0078,0.0314,0.7400,,https://www.irs.gov/pub/irs-soi/eo_dc.csv
FRIENDSHIP CHILDRENS CENTER INC,521602643,irs-eo-bmf-capacity,501(c)(3),democracy,1.6018,0.0048,0.0192,0.7400,,https://www.irs.gov/pub/irs-soi/eo_dc.csv
NORTHWEST CENTER INC,521606784,irs-eo-bmf-capacity,501(c)(3),democracy,0.1942,0.0006,0.0023,0.7400,,https://www.irs.gov/pub/irs-soi/eo_dc.csv
NATIONAL FRATERNAL ORDER OF POLICE FOUNDATION,521606785,irs-eo-bmf-capacity,501(c)(3),democracy,1.2025,0.0036,0.0144,0.7400,,https://www.irs.gov/pub/irs-soi/eo_dc.csv
SUSAN B HEPNER FAMILY FOUNDATION,521608120,irs-eo-bmf-capacity,501(c)(3),democracy,0.0121,0.0000,0.0001,0.7400,,https://www.irs.gov/pub/irs-soi/eo_dc.csv
NATIONAL ASSOCIATION OF SECURITIES AND COMMERCIAL LAW ATTORNEYS,521608589,irs-eo-bmf-capacity,501(c)(6),finance,0.1541,0.0028,0.0018,0.3200,,https://www.irs.gov/pub/irs-soi/eo_dc.csv
CONGRESSIONAL FIRE SERVICES INSTITUTE INC,521613732,irs-eo-bmf-capacity,501(c)(3),democracy,0.4783,0.0014,0.0057,0.7400,,https://www.irs.gov/pub/irs-soi/eo_dc.csv
COMMERCE DEPARTMENT CHILD DEVELOPMENT CENTER,521615537,irs-eo-bmf-capacity,501(c)(3),energy,0.1381,0.0004,0.0017,0.7400,,https://www.irs.gov/pub/irs-soi/eo_dc.csv
AMERICAN MEDICAL INFORMATICS ASSOCIATION INC,521615853,irs-eo-bmf-capacity,501(c)(3),democracy,9.1261,0.0274,0.1095,0.7400,,https://www.irs.gov/pub/irs-soi/eo_dc.csv
AMERICAN PUBLIC TRANSIT FOUNDATION,521616062,irs-eo-bmf-capacity,501(c)(3),democracy,0.6201,0.0019,0.0074,0.7400,,https://www.irs.gov/pub/irs-soi/eo_dc.csv
THE WISCONSIN PROJECT ON NUCLEAR ARMS CONTROL,521616097,irs-eo-bmf-capacity,501(c)(3),democracy,1.5066,0.0045,0.0181,0.7400,,https://www.irs.gov/pub/irs-soi/eo_dc.csv
THE COMPUTING RESEARCH ASSOCIATION INC,521622336,irs-eo-bmf-capacity,501(c)(3),democracy,20.2548,0.0608,0.2431,0.7400,,https://www.irs.gov/pub/irs-soi/eo_dc.csv
JACK & LOVELL OLENDER FOUNDATION,521622462,irs-eo-bmf-capacity,501(c)(3),democracy,0.0002,0.0000,0.0000,0.7400,,https://www.irs.gov/pub/irs-soi/eo_dc.csv
AMERICAN ISRAEL EDUCATION FOUNDATION INC,521623781,irs-eo-bmf-capacity,501(c)(3),democracy,59.1603,0.1775,0.7099,0.7400,,https://www.irs.gov/pub/irs-soi/eo_dc.csv
NATIONAL ASSOCIATION OF STATE BUDGET OFFICERS,521625594,irs-eo-bmf-capacity,501(c)(3),democracy,2.7416,0.0082,0.0329,0.7400,,https://www.irs.gov/pub/irs-soi/eo_dc.csv
ROBERT L WALLS SENIOR CITIZENS CENTER OF THE NEW MACEDONIA BAPTIS,521628950,irs-eo-bmf-capacity,501(c)(3),democracy,0.2851,0.0009,0.0034,0.7400,,https://www.irs.gov/pub/irs-soi/eo_dc.csv
JAPAN COMMERCE ASSOCIATION OF WASHINGTON D C,521628964,irs-eo-bmf-capacity,501(c)(4),democracy,0.2483,0.0062,0.0030,0.2000,,https://www.irs.gov/pub/irs-soi/eo_dc.csv
THE THIRD WAY FOUNDATION INC,521629221,irs-eo-bmf-capacity,501(c)(3),democracy,11.2971,0.0339,0.1356,0.7400,,https://www.irs.gov/pub/irs-soi/eo_dc.csv
THE EXECUTIVE LEADERSHIP COUNCIL INC,521631358,irs-eo-bmf-capacity,501(c)(3),democracy,24.8927,0.0747,0.2987,0.7400,,https://www.irs.gov/pub/irs-soi/eo_dc.csv
CENTER FOR INTERNATIONAL ENVIRONMENTAL LAW INC,521633220,irs-eo-bmf-capacity,501(c)(3),energy,14.3743,0.0431,0.1725,0.7400,,https://www.irs.gov/pub/irs-soi/eo_dc.csv
NATIONAL BUSINESS AVIATION ASSOCIATION INC,521633654,irs-eo-bmf-capacity,501(c)(6),democracy,42.9949,0.7739,0.5159,0.3200,,https://www.irs.gov/pub/irs-soi/eo_dc.csv
NATIONAL LAW CENTER ON HOMELESSNESS AND POVERTY,521633883,irs-eo-bmf-capacity,501(c)(3),democracy,2.6451,0.0079,0.0317,0.7400,,https://www.irs.gov/pub/irs-soi/eo_dc.csv
THE INSTITUTE FOR FINANCIAL MARKETS,521634508,irs-eo-bmf-capacity,501(c)(3),democracy,4.3562,0.0131,0.0523,0.7400,,https://www.irs.gov/pub/irs-soi/eo_dc.csv
PUBLIC LEADERSHIP EDUCATION NETWORK PLEN,521634512,irs-eo-bmf-capacity,501(c)(3),democracy,0.2458,0.0007,0.0029,0.7400,,https://www.irs.gov/pub/irs-soi/eo_dc.csv
NATIONAL ASSOCIATION FOR COUNTY COMMUNITY AND ECONOMIC DEVELOPMENT,521635159,irs-eo-bmf-capacity,501(c)(3),democracy,0.5956,0.0018,0.0071,0.7400,,https://www.irs.gov/pub/irs-soi/eo_dc.csv
OSHER LIFELONG LEARNING INSTITUTE,521636891,irs-eo-bmf-capacity,501(c)(3),democracy,1.0882,0.0033,0.0131,0.7400,,https://www.irs.gov/pub/irs-soi/eo_dc.csv
INTERNATIONAL ASSOCIATION OF BLACK PROFESSIONALS IN INTERNATL AFFAIRS,521638889,irs-eo-bmf-capacity,501(c)(3),democracy,0.1180,0.0004,0.0014,0.7400,,https://www.irs.gov/pub/irs-soi/eo_dc.csv
CHILDRENS HOSPITAL FOUNDATION,521640402,irs-eo-bmf-capacity,501(c)(3),democracy,117.9980,0.3540,1.4160,0.7400,,https://www.irs.gov/pub/irs-soi/eo_dc.csv
CHILDRENS NATIONAL MEDICAL CENTER,521640403,irs-eo-bmf-capacity,501(c)(3),democracy,144.4227,0.4333,1.7331,0.7400,,https://www.irs.gov/pub/irs-soi/eo_dc.csv
HENRY L STIMSON CENTER,521640938,irs-eo-bmf-capacity,501(c)(3),democracy,14.8615,0.0446,0.1783,0.7400,,https://www.irs.gov/pub/irs-soi/eo_dc.csv
UNITED STATES PAN ASIAN AMERICAN CHAMBER OF COMMERCE EDUCATION,521641440,irs-eo-bmf-capacity,501(c)(3),democracy,4.3127,0.0129,0.0518,0.7400,,https://www.irs.gov/pub/irs-soi/eo_dc.csv
DISTRICT OF COLUMBIA ARTS CENTER INC,521642494,irs-eo-bmf-capacity,501(c)(3),democracy,0.3404,0.0010,0.0041,0.7400,,https://www.irs.gov/pub/irs-soi/eo_dc.csv
DEFENSE EDUCATION TRUST FRND OF THE RESERVE OFFICERS ASSOCIATION OF,521642747,irs-eo-bmf-capacity,501(c)(3),procurement,0.0123,0.0000,0.0001,0.7400,,https://www.irs.gov/pub/irs-soi/eo_dc.csv
TECHNOLOGY CEO COUNCIL INC,521642776,irs-eo-bmf-capacity,501(c)(6),technology,0.0300,0.0005,0.0004,0.3200,,https://www.irs.gov/pub/irs-soi/eo_dc.csv
RAISER FOUNDATION INC,521643511,irs-eo-bmf-capacity,501(c)(3),democracy,0.0057,0.0000,0.0001,0.7400,,https://www.irs.gov/pub/irs-soi/eo_dc.csv
ELECTRI INTERNATIONAL THE FOUNDATION FOR ELECTRICAL,521643734,irs-eo-bmf-capacity,501(c)(3),energy,5.4547,0.0164,0.0655,0.7400,,https://www.irs.gov/pub/irs-soi/eo_dc.csv
THE SWEDISH AMERICAN CHAMBERS OF COMMERCE OF WASHINGTON DC INC,521644609,irs-eo-bmf-capacity,501(c)(6),democracy,0.1456,0.0026,0.0017,0.3200,,https://www.irs.gov/pub/irs-soi/eo_dc.csv
INTERNATIONAL WOMENS MEDIA FOUNDATION,521648942,irs-eo-bmf-capacity,501(c)(3),democracy,4.7186,0.0142,0.0566,0.7400,,https://www.irs.gov/pub/irs-soi/eo_dc.csv
GENERAL ACCOUNTING OFFICE FITNESS AND ATHLETICS ASSOCIATION,521649368,irs-eo-bmf-capacity,501(c)(4),democracy,0.1337,0.0033,0.0016,0.2000,,https://www.irs.gov/pub/irs-soi/eo_dc.csv
THE ECONOMIC STRATEGY INSTITUTE,521653484,irs-eo-bmf-capacity,501(c)(3),democracy,0.2139,0.0006,0.0026,0.7400,,https://www.irs.gov/pub/irs-soi/eo_dc.csv
INSTITUTE FOR RESPONSIBLE HOUSING PRESERVATION,521653533,irs-eo-bmf-capacity,501(c)(6),democracy,0.4555,0.0082,0.0055,0.3200,,https://www.irs.gov/pub/irs-soi/eo_dc.csv
NCTA EDUCATION FOUNDATION INC,521653760,irs-eo-bmf-capacity,501(c)(3),democracy,3.8635,0.0116,0.0464,0.7400,,https://www.irs.gov/pub/irs-soi/eo_dc.csv
CHENNAULT COUNCIL FOR INTERNATIONAL,521654193,irs-eo-bmf-capacity,501(c)(3),democracy,3.3255,0.0100,0.0399,0.7400,,https://www.irs.gov/pub/irs-soi/eo_dc.csv
CHILDRENS RESEARCH INSTITUTE,521654453,irs-eo-bmf-capacity,501(c)(3),democracy,109.3843,0.3282,1.3126,0.7400,,https://www.irs.gov/pub/irs-soi/eo_dc.csv
THE FERC DAYCARE CENTER,521655463,irs-eo-bmf-capacity,501(c)(3),democracy,0.0091,0.0000,0.0001,0.7400,,https://www.irs.gov/pub/irs-soi/eo_dc.csv
ARNOLD & PORTER FOUNDATION,521656501,irs-eo-bmf-capacity,501(c)(3),democracy,1.0504,0.0032,0.0126,0.7400,,https://www.irs.gov/pub/irs-soi/eo_dc.csv
AFRICA FAITH AND JUSTICE NETWORK,521659498,irs-eo-bmf-capacity,501(c)(3),democracy,0.2404,0.0007,0.0029,0.7400,,https://www.irs.gov/pub/irs-soi/eo_dc.csv
ICI EDUCATIONAL FOUNDATION,521659777,irs-eo-bmf-capacity,501(c)(3),democracy,0.2754,0.0008,0.0033,0.7400,,https://www.irs.gov/pub/irs-soi/eo_dc.csv
ASSOCIATION OF METROPOLITAN,521660112,irs-eo-bmf-capacity,501(c)(4),democracy,1.6325,0.0408,0.0196,0.2000,,https://www.irs.gov/pub/irs-soi/eo_dc.csv
OLIVER & HARRIET SOCKWELL FOUNDATION,521661837,irs-eo-bmf-capacity,501(c)(3),democracy,0.0565,0.0002,0.0007,0.7400,,https://www.irs.gov/pub/irs-soi/eo_dc.csv
U S CANOLA ASSOCIATION,521661937,irs-eo-bmf-capacity,501(c)(6),democracy,0.4819,0.0087,0.0058,0.3200,,https://www.irs.gov/pub/irs-soi/eo_dc.csv
UNITED STATES ASSOCIATION FOR UNHCR,521662800,irs-eo-bmf-capacity,501(c)(3),democracy,87.9603,0.2639,1.0555,0.7400,,https://www.irs.gov/pub/irs-soi/eo_dc.csv
HOUSE OF THE TEMPLE HISTORIC PRESERVATION FOUNDATION INC,521664576,irs-eo-bmf-capacity,501(c)(3),democracy,5.7120,0.0171,0.0685,0.7400,,https://www.irs.gov/pub/irs-soi/eo_dc.csv
ELECTRIC DRIVE TRANSPORTATION ASSOCIATION,521665058,irs-eo-bmf-capacity,501(c)(6),energy,0.9433,0.0170,0.0113,0.3200,,https://www.irs.gov/pub/irs-soi/eo_dc.csv
QUALITY EDUCATION FOR MINORITIES NETWORK,521665643,irs-eo-bmf-capacity,501(c)(3),democracy,3.5997,0.0108,0.0432,0.7400,,https://www.irs.gov/pub/irs-soi/eo_dc.csv
TIGRAY DEVELOPMENT ASSOCIATION IN NORTH AMERICA,521666534,irs-eo-bmf-capacity,501(c)(3),democracy,0.6071,0.0018,0.0073,0.7400,,https://www.irs.gov/pub/irs-soi/eo_dc.csv
CENTER FOR GENETICS NUTRITION AND HEALTH INC,521666701,irs-eo-bmf-capacity,501(c)(3),democracy,0.0850,0.0003,0.0010,0.7400,,https://www.irs.gov/pub/irs-soi/eo_dc.csv
FREEMAN FOUNDATION,521667228,irs-eo-bmf-capacity,501(c)(3),democracy,2.8109,0.0084,0.0337,0.7400,,https://www.irs.gov/pub/irs-soi/eo_dc.csv
GEORGETOWN FAMILY CENTER INC,521667358,irs-eo-bmf-capacity,501(c)(3),democracy,0.9324,0.0028,0.0112,0.7400,,https://www.irs.gov/pub/irs-soi/eo_dc.csv
INGAA FOUNDATION,521667696,irs-eo-bmf-capacity,501(c)(6),democracy,2.9795,0.0536,0.0358,0.3200,,https://www.irs.gov/pub/irs-soi/eo_dc.csv
D C COALITION FOR COMMUNITY SERVICES,521668894,irs-eo-bmf-capacity,501(c)(6),democracy,0.2368,0.0043,0.0028,0.3200,,https://www.irs.gov/pub/irs-soi/eo_dc.csv
AFSA EDUCATION FOUNDATION,521673101,irs-eo-bmf-capacity,501(c)(3),democracy,1.6383,0.0049,0.0197,0.7400,,https://www.irs.gov/pub/irs-soi/eo_dc.csv
WASHINGTON AREA CONCIERGE ASSOCIATION,521676250,irs-eo-bmf-capacity,501(c)(4),democracy,0.0392,0.0010,0.0005,0.2000,,https://www.irs.gov/pub/irs-soi/eo_dc.csv
NATIONAL FAIR HOUSING ALLIANCE,521676364,irs-eo-bmf-capacity,501(c)(3),democracy,10.0376,0.0301,0.1205,0.7400,,https://www.irs.gov/pub/irs-soi/eo_dc.csv
THURGOOD MARSHALL CENTER TR INC,521677043,irs-eo-bmf-capacity,501(c)(3),democracy,1.0036,0.0030,0.0120,0.7400,,https://www.irs.gov/pub/irs-soi/eo_dc.csv
JAPANESE-AMERICAN FRIENDS OF LAW ENFORCEMENT FOUNDATION,521677148,irs-eo-bmf-capacity,501(c)(3),democracy,0.5453,0.0016,0.0065,0.7400,,https://www.irs.gov/pub/irs-soi/eo_dc.csv
INSTITUTE FOR EXPERIENTIAL LEARNING INC,521677432,irs-eo-bmf-capacity,501(c)(3),democracy,0.7167,0.0022,0.0086,0.7400,,https://www.irs.gov/pub/irs-soi/eo_dc.csv
NATIONAL ASSOCIATION OF AFFORDABLE HOUSING LENDERS,521677752,irs-eo-bmf-capacity,501(c)(6),democracy,1.6893,0.0304,0.0203,0.3200,,https://www.irs.gov/pub/irs-soi/eo_dc.csv
VIDEO ACTION INC,521678194,irs-eo-bmf-capacity,501(c)(3),democracy,0.6601,0.0020,0.0079,0.7400,,https://www.irs.gov/pub/irs-soi/eo_dc.csv
HOLY COMFORTER ST CYPRIAN COMMUNITY ACTION GROUP,521679470,irs-eo-bmf-capacity,501(c)(3),democracy,0.2992,0.0009,0.0036,0.7400,,https://www.irs.gov/pub/irs-soi/eo_dc.csv
COALITION OF EPSCOR STATES,521680066,irs-eo-bmf-capacity,501(c)(4),democracy,0.8250,0.0206,0.0099,0.2000,,https://www.irs.gov/pub/irs-soi/eo_dc.csv
BANK INFORMATION CENTER,521682441,irs-eo-bmf-capacity,501(c)(3),finance,1.8838,0.0057,0.0226,0.7400,,https://www.irs.gov/pub/irs-soi/eo_dc.csv
CONGRESSIONAL SPORTSMENS FOUNDATION,521686163,irs-eo-bmf-capacity,501(c)(3),democracy,5.5752,0.0167,0.0669,0.7400,,https://www.irs.gov/pub/irs-soi/eo_dc.csv
NATIONAL ASSOCIATION FOR ENVIROMENTAL MANAGEMENT,521686323,irs-eo-bmf-capacity,501(c)(6),energy,2.2047,0.0397,0.0265,0.3200,,https://www.irs.gov/pub/irs-soi/eo_dc.csv
CONSTRUCTION LEGAL RIGHTS FOUNDATION INC,521687857,irs-eo-bmf-capacity,501(c)(6),democracy,2.0621,0.0371,0.0247,0.3200,,https://www.irs.gov/pub/irs-soi/eo_dc.csv
NATIONAL COUNCIL OF NONPROFITS,521689643,irs-eo-bmf-capacity,501(c)(3),democracy,2.4137,0.0072,0.0290,0.7400,,https://www.irs.gov/pub/irs-soi/eo_dc.csv
INSTITUTE FOR INDEPENDENT JAPANESE STUDIES,521695799,irs-eo-bmf-capacity,501(c)(3),democracy,0.1042,0.0003,0.0013,0.7400,,https://www.irs.gov/pub/irs-soi/eo_dc.csv
INTERNATIONAL FIRESTOP COUNCIL INC,521696297,irs-eo-bmf-capacity,501(c)(6),democracy,0.5170,0.0093,0.0062,0.3200,,https://www.irs.gov/pub/irs-soi/eo_dc.csv
INTERNATIONAL DAIRY FOODS ASSOCIATION,521696342,irs-eo-bmf-capacity,501(c)(6),democracy,11.7794,0.2120,0.1414,0.3200,,https://www.irs.gov/pub/irs-soi/eo_dc.csv
US KIDS CHILD DEVELOPMENT CENTER INC,521697132,irs-eo-bmf-capacity,501(c)(3),democracy,0.9324,0.0028,0.0112,0.7400,,https://www.irs.gov/pub/irs-soi/eo_dc.csv
INTERNATIONAL ASSOCIATION OF BLACK PROFESSIONAL FIREFIGHTERS INC,521699288,irs-eo-bmf-capacity,501(c)(4),democracy,0.2147,0.0054,0.0026,0.2000,,https://www.irs.gov/pub/irs-soi/eo_dc.csv
INSTITUTE OF WORLD POLITICS,521699641,irs-eo-bmf-capacity,501(c)(3),democracy,12.8199,0.0385,0.1538,0.7400,,https://www.irs.gov/pub/irs-soi/eo_dc.csv
SENIOR LIVING FOUNDATION OF THE AMERICAN FOREIGN SERVICE INC,521699708,irs-eo-bmf-capacity,501(c)(3),democracy,1.8594,0.0056,0.0223,0.7400,,https://www.irs.gov/pub/irs-soi/eo_dc.csv
HEALTHCARE SUPPLY CHAIN ASSOCIATION,521699732,irs-eo-bmf-capacity,501(c)(6),democracy,1.8883,0.0340,0.0227,0.3200,,https://www.irs.gov/pub/irs-soi/eo_dc.csv
ELECTRONIC TRANSACTIONS ASSOCIATION,521700108,irs-eo-bmf-capacity,501(c)(6),democracy,30.8332,0.5550,0.3700,0.3200,,https://www.irs.gov/pub/irs-soi/eo_dc.csv
THE NATIONAL COUNCIL FOR SCIENCE AND THE ENVIRONMENT,521700932,irs-eo-bmf-capacity,501(c)(3),energy,0.2948,0.0009,0.0035,0.7400,,https://www.irs.gov/pub/irs-soi/eo_dc.csv
AMPUTEE COALITION OF AMERICA INC,521701146,irs-eo-bmf-capacity,501(c)(3),democracy,5.7992,0.0174,0.0696,0.7400,,https://www.irs.gov/pub/irs-soi/eo_dc.csv
TAX FOUNDATION,521703065,irs-eo-bmf-capacity,501(c)(3),finance,7.9616,0.0239,0.0955,0.7400,,https://www.irs.gov/pub/irs-soi/eo_dc.csv
NATIONAL SCIENCE & TECHNOLOGY MEDALS FOUNDATION,521703587,irs-eo-bmf-capacity,501(c)(3),technology,1.9600,0.0059,0.0235,0.7400,,https://www.irs.gov/pub/irs-soi/eo_dc.csv
CHINESE COMMUNITY BENEVOLENT ALLIANCE,521703998,irs-eo-bmf-capacity,501(c)(3),democracy,0.0653,0.0002,0.0008,0.7400,,https://www.irs.gov/pub/irs-soi/eo_dc.csv
POVERTY AND RACE RESEARCH ACTION COUNCIL,521705073,irs-eo-bmf-capacity,501(c)(3),democracy,0.8101,0.0024,0.0097,0.7400,,https://www.irs.gov/pub/irs-soi/eo_dc.csv
ZORA NEALE HURSTON RICHARD WRIGHT FOUNDATION,521706969,irs-eo-bmf-capacity,501(c)(3),democracy,0.4458,0.0013,0.0053,0.7400,,https://www.irs.gov/pub/irs-soi/eo_dc.csv
THE WIRELESS FOUNDATION,521708229,irs-eo-bmf-capacity,501(c)(3),democracy,2.3176,0.0070,0.0278,0.7400,,https://www.irs.gov/pub/irs-soi/eo_dc.csv
VILLAGE OF OAK GROVE HOMEOWNERS ASSOCIATION INC,521708521,irs-eo-bmf-capacity,501(c)(4),democracy,0.0730,0.0018,0.0009,0.2000,,https://www.irs.gov/pub/irs-soi/eo_dc.csv
CENTER FOR COMMUNICATIONS HEALTH AND THE ENVIRONMENT,521708643,irs-eo-bmf-capacity,501(c)(3),energy,0.1574,0.0005,0.0019,0.7400,,https://www.irs.gov/pub/irs-soi/eo_dc.csv
INTERNATIONAL FOOD INFORMATION COUNCIL FOUNDATION,521709212,irs-eo-bmf-capacity,501(c)(3),democracy,3.4669,0.0104,0.0416,0.7400,,https://www.irs.gov/pub/irs-soi/eo_dc.csv
HEALTHY BABIES PROJECT INC,521711352,irs-eo-bmf-capacity,501(c)(3),democracy,1.6020,0.0048,0.0192,0.7400,,https://www.irs.gov/pub/irs-soi/eo_dc.csv
AMERICANS FOR MEDICAL PROGRESS EDUCATIONAL FOUNDATION,521711982,irs-eo-bmf-capacity,501(c)(3),democracy,0.7103,0.0021,0.0085,0.7400,,https://www.irs.gov/pub/irs-soi/eo_dc.csv
COMMUNITY SERVICES AGENCY OF THE METRO WASHINGTON COUNCIL AFL CIO,521718506,irs-eo-bmf-capacity,501(c)(3),democracy,0.2206,0.0007,0.0026,0.7400,,https://www.irs.gov/pub/irs-soi/eo_dc.csv
NATIONAL COUNCIL OF UNIVERSITY RESEARCH ADMINISTRATORS,521721115,irs-eo-bmf-capacity,501(c)(3),democracy,8.5068,0.0255,0.1021,0.7400,,https://www.irs.gov/pub/irs-soi/eo_dc.csv
M STREET CENTER,521722904,irs-eo-bmf-capacity,501(c)(3),democracy,0.6578,0.0020,0.0079,0.7400,,https://www.irs.gov/pub/irs-soi/eo_dc.csv
EURASIA CENTER,521723900,irs-eo-bmf-capacity,501(c)(3),democracy,0.0817,0.0002,0.0010,0.7400,,https://www.irs.gov/pub/irs-soi/eo_dc.csv
FINSECA FOUNDATION,521727202,irs-eo-bmf-capacity,501(c)(3),democracy,1.1915,0.0036,0.0143,0.7400,,https://www.irs.gov/pub/irs-soi/eo_dc.csv
SASAKAWA PEACE FOUNDATION USA,521728688,irs-eo-bmf-capacity,501(c)(3),democracy,5.3386,0.0160,0.0641,0.7400,,https://www.irs.gov/pub/irs-soi/eo_dc.csv
METROPOLITAN WASHINGTON DC TRIAL LAWYERS FOUNDATION,521729722,irs-eo-bmf-capacity,501(c)(3),democracy,0.0308,0.0001,0.0004,0.7400,,https://www.irs.gov/pub/irs-soi/eo_dc.csv
US TERM LIMITS FOUNDATION,521729739,irs-eo-bmf-capacity,501(c)(3),democracy,2.0645,0.0062,0.0248,0.7400,,https://www.irs.gov/pub/irs-soi/eo_dc.csv
KUWAIT-AMERICA FOUNDATION,521730454,irs-eo-bmf-capacity,501(c)(3),democracy,2.5013,0.0075,0.0300,0.7400,,https://www.irs.gov/pub/irs-soi/eo_dc.csv
CENTER FOR JUSTICE AND INTERNATIONAL LAW,521730890,irs-eo-bmf-capacity,501(c)(3),democracy,0.7916,0.0024,0.0095,0.7400,,https://www.irs.gov/pub/irs-soi/eo_dc.csv
RICKS INSTITUTE ALUMNI ASSOCIATION USA INC,521730948,irs-eo-bmf-capacity,501(c)(3),democracy,0.1495,0.0004,0.0018,0.7400,,https://www.irs.gov/pub/irs-soi/eo_dc.csv
MEXICAN CULTURAL INSTITUTE,521732486,irs-eo-bmf-capacity,501(c)(3),democracy,0.2232,0.0007,0.0027,0.7400,,https://www.irs.gov/pub/irs-soi/eo_dc.csv
PRBA THE RECHARGEABLE BATTERY ASSOCIATION,521736307,irs-eo-bmf-capacity,501(c)(6),democracy,1.3294,0.0239,0.0160,0.3200,,https://www.irs.gov/pub/irs-soi/eo_dc.csv
NATIONAL COUNCIL OF CATHOLIC WOMEN,521738369,irs-eo-bmf-capacity,501(c)(3),democracy,0.7198,0.0022,0.0086,0.7400,,https://www.irs.gov/pub/irs-soi/eo_dc.csv
EMPLOYEE OWNERSHIP FOUNDATION INC,521739193,irs-eo-bmf-capacity,501(c)(3),democracy,1.4810,0.0044,0.0178,0.7400,,https://www.irs.gov/pub/irs-soi/eo_dc.csv
THE PROJECT ON GOVERNMENT OVERSIGHT INC,521739443,irs-eo-bmf-capacity,501(c)(3),democracy,8.1427,0.0244,0.0977,0.7400,,https://www.irs.gov/pub/irs-soi/eo_dc.csv
ALPHA OMEGA SOCIAL ACTION AND SCHOLARSHIP FOUNDATION INC,521741766,irs-eo-bmf-capacity,501(c)(3),democracy,0.1438,0.0004,0.0017,0.7400,,https://www.irs.gov/pub/irs-soi/eo_dc.csv
AMERICAN INNS OF COURT FOUNDATION,521741953,irs-eo-bmf-capacity,501(c)(3),democracy,0.0929,0.0003,0.0011,0.7400,,https://www.irs.gov/pub/irs-soi/eo_dc.csv
NATIONAL WOMENS FOUNDATION,521743808,irs-eo-bmf-capacity,501(c)(3),democracy,0.2906,0.0009,0.0035,0.7400,,https://www.irs.gov/pub/irs-soi/eo_dc.csv
SUMMIT CHARITABLE FOUNDATION INC,521743817,irs-eo-bmf-capacity,501(c)(3),democracy,30.2234,0.0907,0.3627,0.7400,,https://www.irs.gov/pub/irs-soi/eo_dc.csv
INSTITUTE FOR THE ADVANCEMENT OF FOOD AND NUTRITION SCIENCES,521745052,irs-eo-bmf-capacity,501(c)(3),democracy,2.7711,0.0083,0.0333,0.7400,,https://www.irs.gov/pub/irs-soi/eo_dc.csv
ALLIANCE FOR HEALTH POLICY,521746328,irs-eo-bmf-capacity,501(c)(3),democracy,1.6405,0.0049,0.0197,0.7400,,https://www.irs.gov/pub/irs-soi/eo_dc.csv
ASSOCIATION FOR MACHINE TRANSLATION IN THE AMERICAS INC,521747514,irs-eo-bmf-capacity,501(c)(3),democracy,0.0231,0.0001,0.0003,0.7400,,https://www.irs.gov/pub/irs-soi/eo_dc.csv
FAMILIES AGAINST MANDATORY MINIMUMS FOUNDATION,521750246,irs-eo-bmf-capacity,501(c)(3),democracy,2.0126,0.0060,0.0242,0.7400,,https://www.irs.gov/pub/irs-soi/eo_dc.csv
COALITION FOR NONPROFIT HOUSING AND ECONOMIC DEVELOPMENT,521750323,irs-eo-bmf-capacity,501(c)(3),democracy,6.2742,0.0188,0.0753,0.7400,,https://www.irs.gov/pub/irs-soi/eo_dc.csv
THE NATIONAL PRESS CLUB JOURNALISM INSTITUTE INC,521750908,irs-eo-bmf-capacity,501(c)(3),democracy,4.7430,0.0142,0.0569,0.7400,,https://www.irs.gov/pub/irs-soi/eo_dc.csv
THE ROSTROPOVICH-VISHNEVSKAYA FOUNDATION,521752473,irs-eo-bmf-capacity,501(c)(3),democracy,0.3871,0.0012,0.0046,0.7400,,https://www.irs.gov/pub/irs-soi/eo_dc.csv
WASTE TO ENERGY ASSOCIATION,521754369,irs-eo-bmf-capacity,501(c)(6),energy,0.5565,0.0100,0.0067,0.3200,,https://www.irs.gov/pub/irs-soi/eo_dc.csv
COUNCIL ON STATE TAXATION,521754771,irs-eo-bmf-capacity,501(c)(6),finance,6.1728,0.1111,0.0741,0.3200,,https://www.irs.gov/pub/irs-soi/eo_dc.csv
ASIA POLICY POINT,521755366,irs-eo-bmf-capacity,501(c)(3),democracy,0.0875,0.0003,0.0010,0.7400,,https://www.irs.gov/pub/irs-soi/eo_dc.csv
CENTER FOR MIND-BODY MEDICINE,521755744,irs-eo-bmf-capacity,501(c)(3),democracy,5.7918,0.0174,0.0695,0.7400,,https://www.irs.gov/pub/irs-soi/eo_dc.csv
NATIONAL CENTER FOR FOOD AND AGRICULTURAL POLICY INC,521756034,irs-eo-bmf-capacity,501(c)(3),democracy,0.0002,0.0000,0.0000,0.7400,,https://www.irs.gov/pub/irs-soi/eo_dc.csv
WASHINGTON REGIONAL ASSOCIATION OF GRANTMAKERS,521756853,irs-eo-bmf-capacity,501(c)(3),democracy,1.7184,0.0052,0.0206,0.7400,,https://www.irs.gov/pub/irs-soi/eo_dc.csv
U S CHESS CENTER FOUNDATION,521758423,irs-eo-bmf-capacity,501(c)(3),democracy,0.5318,0.0016,0.0064,0.7400,,https://www.irs.gov/pub/irs-soi/eo_dc.csv
FRIEDRICH NAUMANN FOUNDATION,521758591,irs-eo-bmf-capacity,501(c)(3),democracy,1.3128,0.0039,0.0158,0.7400,,https://www.irs.gov/pub/irs-soi/eo_dc.csv
NATIONAL INSTITUTE OF MILITARY JUSTICE,521758837,irs-eo-bmf-capacity,501(c)(3),democracy,0.0035,0.0000,0.0000,0.7400,,https://www.irs.gov/pub/irs-soi/eo_dc.csv
FAITH AND POLITICS INSTITUTE,521759052,irs-eo-bmf-capacity,501(c)(3),democracy,2.8255,0.0085,0.0339,0.7400,,https://www.irs.gov/pub/irs-soi/eo_dc.csv
CIRCLE FOUNDATION INC,521760808,irs-eo-bmf-capacity,501(c)(3),democracy,0.6969,0.0021,0.0084,0.7400,,https://www.irs.gov/pub/irs-soi/eo_dc.csv
NATIONAL ENDANGERED SPECIES ACT REFORM COALITION,521763800,irs-eo-bmf-capacity,501(c)(6),democracy,0.1231,0.0022,0.0015,0.3200,,https://www.irs.gov/pub/irs-soi/eo_dc.csv
LIBRARY OF CONGRESS CHILD CARE ASSOCIATION,521764265,irs-eo-bmf-capacity,501(c)(3),democracy,2.2516,0.0068,0.0270,0.7400,,https://www.irs.gov/pub/irs-soi/eo_dc.csv
TIRE RECYCLING FOUNDATION INC,521765211,irs-eo-bmf-capacity,501(c)(3),democracy,0.2135,0.0006,0.0026,0.7400,,https://www.irs.gov/pub/irs-soi/eo_dc.csv
NATIONAL COMMUNITY REINVESTMENT COALITION INC,521766126,irs-eo-bmf-capacity,501(c)(3),democracy,40.0458,0.1201,0.4805,0.7400,,https://www.irs.gov/pub/irs-soi/eo_dc.csv
HTIW COALITION,521766217,irs-eo-bmf-capacity,501(c)(6),democracy,0.2325,0.0042,0.0028,0.3200,,https://www.irs.gov/pub/irs-soi/eo_dc.csv
HUNGARIAN-AMERICAN COALITION,521768656,irs-eo-bmf-capacity,501(c)(3),democracy,0.8228,0.0025,0.0099,0.7400,,https://www.irs.gov/pub/irs-soi/eo_dc.csv
NATIONAL WHISTLEBLOWER CENTER,521770068,irs-eo-bmf-capacity,501(c)(3),democracy,0.4399,0.0013,0.0053,0.7400,,https://www.irs.gov/pub/irs-soi/eo_dc.csv
ELLEN WILLS MARTIN FOUNDATION,521770268,irs-eo-bmf-capacity,501(c)(3),democracy,0.4079,0.0012,0.0049,0.7400,,https://www.irs.gov/pub/irs-soi/eo_dc.csv
AMERICAN INTERNATIONAL HEALTH ALLIANCE INC,521773753,irs-eo-bmf-capacity,501(c)(3),democracy,2.0209,0.0061,0.0243,0.7400,,https://www.irs.gov/pub/irs-soi/eo_dc.csv
NATIONAL BLACK MBA ASSOCIATION - INC - WASHINGTON D C CHAPTER,521774263,irs-eo-bmf-capacity,501(c)(3),democracy,0.0920,0.0003,0.0011,0.7400,,https://www.irs.gov/pub/irs-soi/eo_dc.csv
CONSORTIUM FOR SCHOOL NETWORKING,521774773,irs-eo-bmf-capacity,501(c)(3),democracy,5.4424,0.0163,0.0653,0.7400,,https://www.irs.gov/pub/irs-soi/eo_dc.csv
INSTITUTE FOR EDUCATION,521776349,irs-eo-bmf-capacity,501(c)(3),democracy,0.1396,0.0004,0.0017,0.7400,,https://www.irs.gov/pub/irs-soi/eo_dc.csv
U S-UKRAINE FOUNDATION,521778729,irs-eo-bmf-capacity,501(c)(3),democracy,0.8054,0.0024,0.0097,0.7400,,https://www.irs.gov/pub/irs-soi/eo_dc.csv
ASSOCIATION OF PLASTIC RECYCLERS INC,521779031,irs-eo-bmf-capacity,501(c)(6),democracy,5.0798,0.0914,0.0610,0.3200,,https://www.irs.gov/pub/irs-soi/eo_dc.csv
EURASIA FOUNDATION INC,521780162,irs-eo-bmf-capacity,501(c)(3),democracy,36.3624,0.1091,0.4363,0.7400,,https://www.irs.gov/pub/irs-soi/eo_dc.csv
BEECH STREET FOUNDATION,521781489,irs-eo-bmf-capacity,501(c)(3),democracy,0.7838,0.0024,0.0094,0.7400,,https://www.irs.gov/pub/irs-soi/eo_dc.csv
NATIONAL BREAST CANCER COALITION FUND,521782065,irs-eo-bmf-capacity,501(c)(3),democracy,4.5131,0.0135,0.0542,0.7400,,https://www.irs.gov/pub/irs-soi/eo_dc.csv
NATIONAL ASSOCIATION OF VETERANS RESEARCH AND EDUCATION FOUNDATIONS,521784596,irs-eo-bmf-capacity,501(c)(3),democracy,1.2964,0.0039,0.0156,0.7400,,https://www.irs.gov/pub/irs-soi/eo_dc.csv
WASHINGTON LAWYERS COMMITTEE FOR CIVIL RIGHTS & URBAN AFFAIRS,521784938,irs-eo-bmf-capacity,501(c)(3),democracy,4.0666,0.0122,0.0488,0.7400,,https://www.irs.gov/pub/irs-soi/eo_dc.csv
THURGOOD MARSHALL CHILD DEVELOPMENT CENTER INC,521785229,irs-eo-bmf-capacity,501(c)(3),democracy,1.9355,0.0058,0.0232,0.7400,,https://www.irs.gov/pub/irs-soi/eo_dc.csv
AFRICAN-AMERICAN CIVIL WAR MEMORIAL FREEDOM FOUNDATION,521785797,irs-eo-bmf-capacity,501(c)(3),democracy,2.4297,0.0073,0.0292,0.7400,,https://www.irs.gov/pub/irs-soi/eo_dc.csv
NATIONAL TIMBER HARVESTING AND TRANS SAFETY FOUNDATION INC,521786444,irs-eo-bmf-capacity,501(c)(3),democracy,0.0109,0.0000,0.0001,0.7400,,https://www.irs.gov/pub/irs-soi/eo_dc.csv
SINAI ASSISTED HOUSING FOUNDATION INC,521788685,irs-eo-bmf-capacity,501(c)(3),democracy,0.4282,0.0013,0.0051,0.7400,,https://www.irs.gov/pub/irs-soi/eo_dc.csv
ASSOCIATION OF WOMENS HEALTH OBSTETRIC AND NEONATAL NURSES,521788738,irs-eo-bmf-capacity,501(c)(3),democracy,18.2940,0.0549,0.2195,0.7400,,https://www.irs.gov/pub/irs-soi/eo_dc.csv
RESERVE OFFICERS ASSOCIATION MEMORIAL ENDOWMENT TRUST FUND,521788931,irs-eo-bmf-capacity,501(c)(3),democracy,0.1016,0.0003,0.0012,0.7400,,https://www.irs.gov/pub/irs-soi/eo_dc.csv
NATIONAL ARCHIVES FOUNDATION,521792608,irs-eo-bmf-capacity,501(c)(3),democracy,17.4253,0.0523,0.2091,0.7400,,https://www.irs.gov/pub/irs-soi/eo_dc.csv
FAMILY RESEARCH COUNCIL INC,521792772,irs-eo-bmf-capacity,501(c)(3),democracy,26.2092,0.0786,0.3145,0.7400,,https://www.irs.gov/pub/irs-soi/eo_dc.csv
SMART ELECTRIC POWER ALLIANCE,521794095,irs-eo-bmf-capacity,501(c)(3),energy,19.8756,0.0596,0.2385,0.7400,,https://www.irs.gov/pub/irs-soi/eo_dc.csv
NPR FOUNDATION,521795789,irs-eo-bmf-capacity,501(c)(3),democracy,22.9793,0.0689,0.2758,0.7400,,https://www.irs.gov/pub/irs-soi/eo_dc.csv
FOUNDATION FOR APPLIED RESEARCH IN GASTROINTESTINAL ONCOLOGY FARGO,521797893,irs-eo-bmf-capacity,501(c)(3),energy,0.1501,0.0005,0.0018,0.7400,,https://www.irs.gov/pub/irs-soi/eo_dc.csv
UNIVERSITY CLUB FOUNDATION INC,521799945,irs-eo-bmf-capacity,501(c)(3),democracy,0.3033,0.0009,0.0036,0.7400,,https://www.irs.gov/pub/irs-soi/eo_dc.csv
RENE MOAWAD FOUNDATION,521801228,irs-eo-bmf-capacity,501(c)(3),democracy,1.7213,0.0052,0.0207,0.7400,,https://www.irs.gov/pub/irs-soi/eo_dc.csv
EDUCATION FINANCE COUNCIL INC,521801566,irs-eo-bmf-capacity,501(c)(6),finance,1.5129,0.0272,0.0182,0.3200,,https://www.irs.gov/pub/irs-soi/eo_dc.csv
THE BUSINESS COUNCIL FOR SUSTAINABLE ENERGY,521801630,irs-eo-bmf-capacity,501(c)(6),energy,2.2470,0.0404,0.0270,0.3200,,https://www.irs.gov/pub/irs-soi/eo_dc.csv
MEDICAL DEVICE MANUFACTURES ASSOCIATION,521802000,irs-eo-bmf-capacity,501(c)(6),democracy,8.2102,0.1478,0.0985,0.3200,,https://www.irs.gov/pub/irs-soi/eo_dc.csv
FLOYD E DAVIS FAMILY FOUNDATION INC,521802121,irs-eo-bmf-capacity,501(c)(3),democracy,0.0573,0.0002,0.0007,0.7400,,https://www.irs.gov/pub/irs-soi/eo_dc.csv
AMERICAN FOREST AND PAPER ASSOCIATION INC,521802251,irs-eo-bmf-capacity,501(c)(6),democracy,27.0230,0.4864,0.3243,0.3200,,https://www.irs.gov/pub/irs-soi/eo_dc.csv
FAMILY RESEARCH COUNCIL ACTION,521805562,irs-eo-bmf-capacity,501(c)(4),democracy,1.4177,0.0354,0.0170,0.2000,,https://www.irs.gov/pub/irs-soi/eo_dc.csv
DC ACTION FOR CHILDREN TODAY DC ACT,521807264,irs-eo-bmf-capacity,501(c)(3),democracy,11.6740,0.0350,0.1401,0.7400,,https://www.irs.gov/pub/irs-soi/eo_dc.csv
CENTER FOR EVALUATION INNOVATION INC,521807655,irs-eo-bmf-capacity,501(c)(3),democracy,3.1299,0.0094,0.0376,0.7400,,https://www.irs.gov/pub/irs-soi/eo_dc.csv
NATIONAL ASSOCIATION OF BLACK SCUBA DIVERS,521807802,irs-eo-bmf-capacity,501(c)(3),democracy,0.1028,0.0003,0.0012,0.7400,,https://www.irs.gov/pub/irs-soi/eo_dc.csv
ASIAN PACIFIC AMERICAN BAR ASSOCIATION EDUCATIONAL FUND,521808563,irs-eo-bmf-capacity,501(c)(3),democracy,0.0606,0.0002,0.0007,0.7400,,https://www.irs.gov/pub/irs-soi/eo_dc.csv
INSTITUTE FOR SCIENCE & INTERNATIONAL SECURITY,521809804,irs-eo-bmf-capacity,501(c)(3),democracy,1.0279,0.0031,0.0123,0.7400,,https://www.irs.gov/pub/irs-soi/eo_dc.csv
AVIATION SUPPLIERS ASSOCIATION,521810339,irs-eo-bmf-capacity,501(c)(6),democracy,4.3865,0.0790,0.0526,0.3200,,https://www.irs.gov/pub/irs-soi/eo_dc.csv
THE COUNCIL FOUNDATION,521811691,irs-eo-bmf-capacity,501(c)(3),democracy,0.7189,0.0022,0.0086,0.7400,,https://www.irs.gov/pub/irs-soi/eo_dc.csv
PORTER FAMILY CHARITABLE FOUNDATION INC,521811780,irs-eo-bmf-capacity,501(c)(3),democracy,1.9356,0.0058,0.0232,0.7400,,https://www.irs.gov/pub/irs-soi/eo_dc.csv
INTERNATIONAL CENTER FOR NOT-FOR- PROFIT LAW INC,521818273,irs-eo-bmf-capacity,501(c)(3),democracy,13.0974,0.0393,0.1572,0.7400,,https://www.irs.gov/pub/irs-soi/eo_dc.csv
WOMENS FOREIGN POLICY GROUP INC,521818839,irs-eo-bmf-capacity,501(c)(3),democracy,0.4046,0.0012,0.0049,0.7400,,https://www.irs.gov/pub/irs-soi/eo_dc.csv
INSTITUTE FOR HIGHER EDUCATION POLICY,521818907,irs-eo-bmf-capacity,501(c)(3),democracy,8.8612,0.0266,0.1063,0.7400,,https://www.irs.gov/pub/irs-soi/eo_dc.csv
REAL ESTATE SERVICES PROVIDERS COUNCIL INC,521819597,irs-eo-bmf-capacity,501(c)(6),democracy,0.7642,0.0138,0.0092,0.3200,,https://www.irs.gov/pub/irs-soi/eo_dc.csv
AMERICAN AUSTRALIAN EDUCATION LEADERSHIP FOUNDATION INC,521821180,irs-eo-bmf-capacity,501(c)(3),democracy,0.0900,0.0003,0.0011,0.7400,,https://www.irs.gov/pub/irs-soi/eo_dc.csv
WILLIAM C PALEY FOUNDATION INCORPORATED,521821231,irs-eo-bmf-capacity,501(c)(3),democracy,0.0732,0.0002,0.0009,0.7400,,https://www.irs.gov/pub/irs-soi/eo_dc.csv
FULBRIGHT ASSOCIATION INC,521821935,irs-eo-bmf-capacity,501(c)(3),democracy,2.8393,0.0085,0.0341,0.7400,,https://www.irs.gov/pub/irs-soi/eo_dc.csv
U S GREEN BUILDING COUNCIL INC,521822816,irs-eo-bmf-capacity,501(c)(3),democracy,50.3095,0.1509,0.6037,0.7400,,https://www.irs.gov/pub/irs-soi/eo_dc.csv
THE COALITION AGAINST INSURANCE FRAUD,521826084,irs-eo-bmf-capacity,501(c)(4),finance,1.7344,0.0434,0.0208,0.2000,,https://www.irs.gov/pub/irs-soi/eo_dc.csv
NATIONAL COALITION FOR HOMELESS VETERANS,521826860,irs-eo-bmf-capacity,501(c)(3),democracy,1.6415,0.0049,0.0197,0.7400,,https://www.irs.gov/pub/irs-soi/eo_dc.csv
DESIGN-BUILD INSTITUTE OF AMERICA,521827718,irs-eo-bmf-capacity,501(c)(6),democracy,13.9550,0.2512,0.1675,0.3200,,https://www.irs.gov/pub/irs-soi/eo_dc.csv
SKINNER LEADERSHIP INSTITUTE INC,521830868,irs-eo-bmf-capacity,501(c)(3),democracy,0.9956,0.0030,0.0119,0.7400,,https://www.irs.gov/pub/irs-soi/eo_dc.csv
MOY FAMILY ASSOCIATION,521831939,irs-eo-bmf-capacity,501(c)(3),democracy,0.0529,0.0002,0.0006,0.7400,,https://www.irs.gov/pub/irs-soi/eo_dc.csv
THE WASHINGTON TIMES FOUNDATION INC,521832151,irs-eo-bmf-capacity,501(c)(3),democracy,0.2970,0.0009,0.0036,0.7400,,https://www.irs.gov/pub/irs-soi/eo_dc.csv
CORRECTIONAL VENDORS ASSOCIATION,521833594,irs-eo-bmf-capacity,501(c)(6),democracy,0.3115,0.0056,0.0037,0.3200,,https://www.irs.gov/pub/irs-soi/eo_dc.csv
AMERICAN KURDISH INFORMATION NETWORK,521834260,irs-eo-bmf-capacity,501(c)(3),democracy,0.0022,0.0000,0.0000,0.7400,,https://www.irs.gov/pub/irs-soi/eo_dc.csv
INDIAN GAMING ASSOCIATION,521834892,irs-eo-bmf-capacity,501(c)(6),democracy,8.8160,0.1587,0.1058,0.3200,,https://www.irs.gov/pub/irs-soi/eo_dc.csv
LGBTQ VICTORY INSTITUTE INC,521835268,irs-eo-bmf-capacity,501(c)(3),democracy,3.9206,0.0118,0.0470,0.7400,,https://www.irs.gov/pub/irs-soi/eo_dc.csv
APPLESEED FOUNDATION INC,521835698,irs-eo-bmf-capacity,501(c)(3),democracy,1.0540,0.0032,0.0126,0.7400,,https://www.irs.gov/pub/irs-soi/eo_dc.csv
KUUMBA LEARNING CENTER INC,521837571,irs-eo-bmf-capacity,501(c)(3),democracy,0.6118,0.0018,0.0073,0.7400,,https://www.irs.gov/pub/irs-soi/eo_dc.csv
THE AMEN FOUNDATION,521837798,irs-eo-bmf-capacity,501(c)(3),democracy,0.0752,0.0002,0.0009,0.7400,,https://www.irs.gov/pub/irs-soi/eo_dc.csv
BROOKLAND SENIOR DAY CARE CENTER INC,521838343,irs-eo-bmf-capacity,501(c)(3),democracy,1.2708,0.0038,0.0152,0.7400,,https://www.irs.gov/pub/irs-soi/eo_dc.csv
COMMITTEE FOR THE FUTURE INC,521842664,irs-eo-bmf-capacity,501(c)(3),democracy,0.2201,0.0007,0.0026,0.7400,,https://www.irs.gov/pub/irs-soi/eo_dc.csv
CONGRESSIONAL HUNGER CENTER,521842738,irs-eo-bmf-capacity,501(c)(3),democracy,3.8344,0.0115,0.0460,0.7400,,https://www.irs.gov/pub/irs-soi/eo_dc.csv
HUMAN RIGHTS ACTION CENTER,521844644,irs-eo-bmf-capacity,501(c)(3),democracy,0.0592,0.0002,0.0007,0.7400,,https://www.irs.gov/pub/irs-soi/eo_dc.csv
HILLEL THE FOUNDATION FOR JEWISH CAMPUS LIFE,521844823,irs-eo-bmf-capacity,501(c)(3),democracy,73.2170,0.2197,0.8786,0.7400,,https://www.irs.gov/pub/irs-soi/eo_dc.csv
ANTHONY J HYDE PARENT TEACHER ASSOCIATION,521844971,irs-eo-bmf-capacity,501(c)(3),democracy,0.2215,0.0007,0.0027,0.7400,,https://www.irs.gov/pub/irs-soi/eo_dc.csv
MODERN MILITARY ASSOCIATION OF AMERICA INC,521845000,irs-eo-bmf-capacity,501(c)(3),democracy,0.3725,0.0011,0.0045,0.7400,,https://www.irs.gov/pub/irs-soi/eo_dc.csv
COUNCIL ON GOVERNMENTAL RELATIONS,521847000,irs-eo-bmf-capacity,501(c)(3),democracy,3.3333,0.0100,0.0400,0.7400,,https://www.irs.gov/pub/irs-soi/eo_dc.csv
CIVICUS WORLD ALLIANCE FOR CITIZEN PARTICIPATION INC,521847010,irs-eo-bmf-capacity,501(c)(3),democracy,5.9941,0.0180,0.0719,0.7400,,https://www.irs.gov/pub/irs-soi/eo_dc.csv
CENTER FOR EDUCATION REFORM,521847187,irs-eo-bmf-capacity,501(c)(3),democracy,11.7492,0.0352,0.1410,0.7400,,https://www.irs.gov/pub/irs-soi/eo_dc.csv
HEARTH FOUNDATION INC,521850983,irs-eo-bmf-capacity,501(c)(3),democracy,0.1429,0.0004,0.0017,0.7400,,https://www.irs.gov/pub/irs-soi/eo_dc.csv
HYDROPOWER FOUNDATION INC,521851292,irs-eo-bmf-capacity,501(c)(3),democracy,0.2911,0.0009,0.0035,0.7400,,https://www.irs.gov/pub/irs-soi/eo_dc.csv
DANCE INSTITUTE OF WASHINGTON INC,521851373,irs-eo-bmf-capacity,501(c)(3),democracy,3.8161,0.0114,0.0458,0.7400,,https://www.irs.gov/pub/irs-soi/eo_dc.csv
ASSOCIATION FOR BEHAVIORAL HEALTH AND WELLNESS INC,521851690,irs-eo-bmf-capacity,501(c)(6),democracy,1.9535,0.0352,0.0234,0.3200,,https://www.irs.gov/pub/irs-soi/eo_dc.csv
INTERNATIONAL TAX & INVESTMENT CENTER,521852434,irs-eo-bmf-capacity,501(c)(3),finance,3.7465,0.0112,0.0450,0.7400,,https://www.irs.gov/pub/irs-soi/eo_dc.csv
VAN NESS STUDY CENTER INC,521853201,irs-eo-bmf-capacity,501(c)(3),democracy,0.1833,0.0005,0.0022,0.7400,,https://www.irs.gov/pub/irs-soi/eo_dc.csv
FRIEDMAN - FRENCH FOUNDATION INC,521853718,irs-eo-bmf-capacity,501(c)(3),democracy,5.2250,0.0157,0.0627,0.7400,,https://www.irs.gov/pub/irs-soi/eo_dc.csv
FLORENCE S MAHONEY FOUNDATION,521854092,irs-eo-bmf-capacity,501(c)(3),democracy,2.8942,0.0087,0.0347,0.7400,,https://www.irs.gov/pub/irs-soi/eo_dc.csv
THE AMERICAN UZBEKISTAN CHAMBER OF COMMERCE,521854631,irs-eo-bmf-capacity,501(c)(6),democracy,0.1986,0.0036,0.0024,0.3200,,https://www.irs.gov/pub/irs-soi/eo_dc.csv
FEDERAL ASIAN PACIFIC AMERICAN COUNCIL FAPAC,521860543,irs-eo-bmf-capacity,501(c)(3),democracy,0.3241,0.0010,0.0039,0.7400,,https://www.irs.gov/pub/irs-soi/eo_dc.csv
LENZNER FAMILY FOUNDATION,521861333,irs-eo-bmf-capacity,501(c)(3),democracy,0.3187,0.0010,0.0038,0.7400,,https://www.irs.gov/pub/irs-soi/eo_dc.csv
NATIONAL HISPANIC COUNCIL ON AGING HOUSING OF DIST OF COLUMBIA INC,521863130,irs-eo-bmf-capacity,501(c)(3),democracy,0.4682,0.0014,0.0056,0.7400,,https://www.irs.gov/pub/irs-soi/eo_dc.csv
NATIONAL HISPANIC COUNCIL ON AGING HOUSING OF GARDEN CITY KANSAS INC,521863133,irs-eo-bmf-capacity,501(c)(3),democracy,0.2946,0.0009,0.0035,0.7400,,https://www.irs.gov/pub/irs-soi/eo_dc.csv
DISTRICT OF COLUMBIA SCHOOL OF LAW FOUNDATION,521863674,irs-eo-bmf-capacity,501(c)(3),democracy,1.3603,0.0041,0.0163,0.7400,,https://www.irs.gov/pub/irs-soi/eo_dc.csv
INSTITUTE OF CARIBBEAN STUDIES,521864509,irs-eo-bmf-capacity,501(c)(3),democracy,0.0899,0.0003,0.0011,0.7400,,https://www.irs.gov/pub/irs-soi/eo_dc.csv
DISTRICT OF COLUMBIA ACADEMY OF FAMILY PHYSICIANS FOUNDATION,521866514,irs-eo-bmf-capacity,501(c)(3),democracy,0.0050,0.0000,0.0001,0.7400,,https://www.irs.gov/pub/irs-soi/eo_dc.csv
NATIONAL ASSOCIATION OF BROADCASTERS LEADERSHIP FOUNDATION,521866840,irs-eo-bmf-capacity,501(c)(3),democracy,2.6363,0.0079,0.0316,0.7400,,https://www.irs.gov/pub/irs-soi/eo_dc.csv
ALBERT L TUCKER AND ELIZABETH T TUCKER FOUNDATION,521866940,irs-eo-bmf-capacity,501(c)(3),democracy,0.2650,0.0008,0.0032,0.7400,,https://www.irs.gov/pub/irs-soi/eo_dc.csv
C-SPAN EDUCATION FOUNDATION,521867105,irs-eo-bmf-capacity,501(c)(3),democracy,0.4088,0.0012,0.0049,0.7400,,https://www.irs.gov/pub/irs-soi/eo_dc.csv
INTERNATIONAL WOMENS DEMOCRACY CENTER,521867900,irs-eo-bmf-capacity,501(c)(3),democracy,0.0520,0.0002,0.0006,0.7400,,https://www.irs.gov/pub/irs-soi/eo_dc.csv
INSTITUTE OF CONTEMPORARY PSYCHOTHERAPY INC,521869657,irs-eo-bmf-capacity,501(c)(3),democracy,0.1392,0.0004,0.0017,0.7400,,https://www.irs.gov/pub/irs-soi/eo_dc.csv
AMERICAN COUNCIL OF TRUSTEES AND ALUMNI,521870003,irs-eo-bmf-capacity,501(c)(3),democracy,5.4416,0.0163,0.0653,0.7400,,https://www.irs.gov/pub/irs-soi/eo_dc.csv
CITYBRIDGE FOUNDATION,521870074,irs-eo-bmf-capacity,501(c)(3),democracy,5.7121,0.0171,0.0685,0.7400,,https://www.irs.gov/pub/irs-soi/eo_dc.csv
NATIONAL CAPITOL AREA WOMENS PADDLING ASSOCIATION INC,521870408,irs-eo-bmf-capacity,501(c)(3),democracy,0.1186,0.0004,0.0014,0.7400,,https://www.irs.gov/pub/irs-soi/eo_dc.csv
WASHINGTON BUILDING CONGRESS FOUNDATION,521871777,irs-eo-bmf-capacity,501(c)(3),democracy,0.0782,0.0002,0.0009,0.7400,,https://www.irs.gov/pub/irs-soi/eo_dc.csv
COUNCIL ON COMPETITIVENESS,521872849,irs-eo-bmf-capacity,501(c)(3),democracy,3.2779,0.0098,0.0393,0.7400,,https://www.irs.gov/pub/irs-soi/eo_dc.csv
WILLIAM ORR DINGWALL FOUNDATION INC,521877552,irs-eo-bmf-capacity,501(c)(3),democracy,2.8340,0.0085,0.0340,0.7400,,https://www.irs.gov/pub/irs-soi/eo_dc.csv
HEALTH COALITION ON LIABILITY AND ACCESS,521878313,irs-eo-bmf-capacity,501(c)(6),democracy,0.1071,0.0019,0.0013,0.3200,,https://www.irs.gov/pub/irs-soi/eo_dc.csv
NATIONAL HISPANIC MEDICAL ASSOCIATION,521884446,irs-eo-bmf-capacity,501(c)(6),democracy,3.6572,0.0658,0.0439,0.3200,,https://www.irs.gov/pub/irs-soi/eo_dc.csv
RAPE ABUSE AND INCEST NATIONAL NETWORK INC,521886511,irs-eo-bmf-capacity,501(c)(3),democracy,21.3846,0.0642,0.2566,0.7400,,https://www.irs.gov/pub/irs-soi/eo_dc.csv
THE DISTRICT OF COLUMBIA CHILDRENS ADVOCACY CENTER,521888617,irs-eo-bmf-capacity,501(c)(3),democracy,4.9591,0.0149,0.0595,0.7400,,https://www.irs.gov/pub/irs-soi/eo_dc.csv
DISTRICT OF COLUMBIA APPLESEED CENTER FOR LAW AND JUSTICE INC,521891162,irs-eo-bmf-capacity,501(c)(3),democracy,3.4898,0.0105,0.0419,0.7400,,https://www.irs.gov/pub/irs-soi/eo_dc.csv
AMERICAN COLLEGE PERSONNEL ASSOCIATION EDUCATIONAL LDRSHP FDN,521892948,irs-eo-bmf-capacity,501(c)(3),democracy,0.1551,0.0005,0.0019,0.7400,,https://www.irs.gov/pub/irs-soi/eo_dc.csv
THE YOUNG WOMENS PROJECT,521898999,irs-eo-bmf-capacity,501(c)(3),democracy,0.9212,0.0028,0.0111,0.7400,,https://www.irs.gov/pub/irs-soi/eo_dc.csv
MIRIAM K AND LEONARD S MELROD FAM CHARITABLE FOUNDATION,521899899,irs-eo-bmf-capacity,501(c)(3),democracy,1.1116,0.0033,0.0133,0.7400,,https://www.irs.gov/pub/irs-soi/eo_dc.csv
VINYL ACETATE COUNCIL,521900152,irs-eo-bmf-capacity,501(c)(6),democracy,0.1483,0.0027,0.0018,0.3200,,https://www.irs.gov/pub/irs-soi/eo_dc.csv
LOG CABIN INSTITUTE,521901842,irs-eo-bmf-capacity,501(c)(3),democracy,0.9122,0.0027,0.0109,0.7400,,https://www.irs.gov/pub/irs-soi/eo_dc.csv
THE CENTER FOR EMPLOYMENT SECURITY EDUCATION AND RESEARCH INC,521902649,irs-eo-bmf-capacity,501(c)(3),democracy,45.7680,0.1373,0.5492,0.7400,,https://www.irs.gov/pub/irs-soi/eo_dc.csv
INTERNATIONAL LAW STUDENTS ASSOCIATION,521903945,irs-eo-bmf-capacity,501(c)(3),democracy,0.8258,0.0025,0.0099,0.7400,,https://www.irs.gov/pub/irs-soi/eo_dc.csv
BOMA FOUNDATION,521905266,irs-eo-bmf-capacity,501(c)(3),democracy,0.0290,0.0001,0.0003,0.7400,,https://www.irs.gov/pub/irs-soi/eo_dc.csv
CENTER FOR DEMOCRACY AND TECHNOLOGY,521905358,irs-eo-bmf-capacity,501(c)(3),technology,11.2726,0.0338,0.1353,0.7400,,https://www.irs.gov/pub/irs-soi/eo_dc.csv
THE PETER B TEELEY CHILDRENS CHARITIES FOUNDATION,521907059,irs-eo-bmf-capacity,501(c)(3),democracy,0.2378,0.0007,0.0029,0.7400,,https://www.irs.gov/pub/irs-soi/eo_dc.csv
THE LWH FAMILY FOUNDATION,521907069,irs-eo-bmf-capacity,501(c)(3),democracy,0.0092,0.0000,0.0001,0.7400,,https://www.irs.gov/pub/irs-soi/eo_dc.csv
WASHINGTON INTERNATIONAL TRADE FOUNDATION,521907420,irs-eo-bmf-capacity,501(c)(3),democracy,0.8503,0.0026,0.0102,0.7400,,https://www.irs.gov/pub/irs-soi/eo_dc.csv
WOODWARD WALSH FOUNDATION,521907452,irs-eo-bmf-capacity,501(c)(3),democracy,0.9317,0.0028,0.0112,0.7400,,https://www.irs.gov/pub/irs-soi/eo_dc.csv
KENNEDY INSTITUTE HOUSING CORPORATION,521910220,irs-eo-bmf-capacity,501(c)(3),democracy,0.2158,0.0006,0.0026,0.7400,,https://www.irs.gov/pub/irs-soi/eo_dc.csv
ALLIANCE OF CONCERNED MEN,521911379,irs-eo-bmf-capacity,501(c)(3),democracy,4.0719,0.0122,0.0489,0.7400,,https://www.irs.gov/pub/irs-soi/eo_dc.csv
MARIJUANA POLICY PROJECT,521911644,irs-eo-bmf-capacity,501(c)(4),democracy,0.5216,0.0130,0.0063,0.2000,,https://www.irs.gov/pub/irs-soi/eo_dc.csv
INTERNATIONAL ALLIANCE FOR RESPONSIBLE DRINKING INC,521912065,irs-eo-bmf-capacity,501(c)(4),democracy,7.0777,0.1769,0.0849,0.2000,,https://www.irs.gov/pub/irs-soi/eo_dc.csv
MU LAMBDA FOUNDATION,521912258,irs-eo-bmf-capacity,501(c)(3),democracy,0.0704,0.0002,0.0008,0.7400,,https://www.irs.gov/pub/irs-soi/eo_dc.csv
LIFE INSURANCE SETTLEMENT ASSOCIATION,521912672,irs-eo-bmf-capacity,501(c)(6),finance,1.2434,0.0224,0.0149,0.3200,,https://www.irs.gov/pub/irs-soi/eo_dc.csv
AFRICAN AMERICAN MUSIC ASSOCIATION INC,521914497,irs-eo-bmf-capacity,501(c)(3),democracy,0.0111,0.0000,0.0001,0.7400,,https://www.irs.gov/pub/irs-soi/eo_dc.csv
WOMENS CONGRESSIONAL POLICY INSTITUTE,521914894,irs-eo-bmf-capacity,501(c)(3),democracy,0.8727,0.0026,0.0105,0.7400,,https://www.irs.gov/pub/irs-soi/eo_dc.csv
CAPITAL TENNIS ASSOCIATION INC,521915324,irs-eo-bmf-capacity,501(c)(4),finance,0.2325,0.0058,0.0028,0.2000,,https://www.irs.gov/pub/irs-soi/eo_dc.csv
NATIONAL MINING ASSOCIATION,521916480,irs-eo-bmf-capacity,501(c)(6),democracy,48.1213,0.8662,0.5775,0.3200,,https://www.irs.gov/pub/irs-soi/eo_dc.csv
NATIONAL AIDS HOUSING COALITION INC,521917624,irs-eo-bmf-capacity,501(c)(3),democracy,0.3733,0.0011,0.0045,0.7400,,https://www.irs.gov/pub/irs-soi/eo_dc.csv
ASIAN PACIFIC AMERICAN INSTITUTE FOR CONGRESSIONAL STUDIES INC,521917903,irs-eo-bmf-capacity,501(c)(3),democracy,3.7266,0.0112,0.0447,0.7400,,https://www.irs.gov/pub/irs-soi/eo_dc.csv
NATIONAL HAND DANCE ASSOCIATION,521919391,irs-eo-bmf-capacity,501(c)(3),democracy,0.0117,0.0000,0.0001,0.7400,,https://www.irs.gov/pub/irs-soi/eo_dc.csv
CENTER FOR PROGRESSIVE DEVELOPMENT,521919395,irs-eo-bmf-capacity,501(c)(3),democracy,0.0579,0.0002,0.0007,0.7400,,https://www.irs.gov/pub/irs-soi/eo_dc.csv
NATIONAL COUNCIL OF NIGERIAN MUSLIMS IN THE USA,521919419,irs-eo-bmf-capacity,501(c)(3),democracy,1.3513,0.0041,0.0162,0.7400,,https://www.irs.gov/pub/irs-soi/eo_dc.csv
VICTIMS OF COMMUNISM MEMORIAL FOUNDATION INC,521920858,irs-eo-bmf-capacity,501(c)(3),democracy,5.2607,0.0158,0.0631,0.7400,,https://www.irs.gov/pub/irs-soi/eo_dc.csv
INTERNATIONAL ASSOCIATION OF HOMES AND SERVICES FOR THE AGING,521921433,irs-eo-bmf-capacity,501(c)(3),democracy,0.1015,0.0003,0.0012,0.7400,,https://www.irs.gov/pub/irs-soi/eo_dc.csv
THE DEA EDUCATIONAL FOUNDATION,521922097,irs-eo-bmf-capacity,501(c)(3),democracy,1.2156,0.0036,0.0146,0.7400,,https://www.irs.gov/pub/irs-soi/eo_dc.csv
HISPANIC BAR ASSOCIATION OF THE DISTRICT OF COLUMBIA FOUNDATION,521926348,irs-eo-bmf-capacity,501(c)(3),democracy,0.0126,0.0000,0.0002,0.7400,,https://www.irs.gov/pub/irs-soi/eo_dc.csv
CENTER FOR CHILDREN AND THEOLOGY,521926488,irs-eo-bmf-capacity,501(c)(3),democracy,0.0902,0.0003,0.0011,0.7400,,https://www.irs.gov/pub/irs-soi/eo_dc.csv
ASSOCIATION OF SCIENCE-TECHNOLOGY CENTERS INCORPORATED,521926756,irs-eo-bmf-capacity,501(c)(3),technology,11.4378,0.0343,0.1373,0.7400,,https://www.irs.gov/pub/irs-soi/eo_dc.csv
AMERICAS FUTURE FOUNDATION,521928321,irs-eo-bmf-capacity,501(c)(3),democracy,1.9420,0.0058,0.0233,0.7400,,https://www.irs.gov/pub/irs-soi/eo_dc.csv
AMERICAN ASSOCIATION OF PEOPLE WITH DISABILITIES,521930174,irs-eo-bmf-capacity,501(c)(3),democracy,4.8537,0.0146,0.0582,0.7400,,https://www.irs.gov/pub/irs-soi/eo_dc.csv
CENTER FOR STRATEGIC AND BUDGETARY ASSESSMENTS,521930922,irs-eo-bmf-capacity,501(c)(3),democracy,5.2477,0.0157,0.0630,0.7400,,https://www.irs.gov/pub/irs-soi/eo_dc.csv
NATIONAL ALLIANCE FOR CAREGIVING,521931357,irs-eo-bmf-capacity,501(c)(3),democracy,4.1812,0.0125,0.0502,0.7400,,https://www.irs.gov/pub/irs-soi/eo_dc.csv
ABA SECURITIES ASSOCIATION,521935145,irs-eo-bmf-capacity,501(c)(6),finance,0.4140,0.0075,0.0050,0.3200,,https://www.irs.gov/pub/irs-soi/eo_dc.csv
PINCHOT INSTITUTE FOR CONSERVATION,521935342,irs-eo-bmf-capacity,501(c)(3),democracy,1.2353,0.0037,0.0148,0.7400,,https://www.irs.gov/pub/irs-soi/eo_dc.csv
SUMMIT HEALTH INSTITUTE FOR RESEARCH AND EDUCATION INC,521936403,irs-eo-bmf-capacity,501(c)(3),democracy,0.1429,0.0004,0.0017,0.7400,,https://www.irs.gov/pub/irs-soi/eo_dc.csv
EMULSION POLYMERS COUNCIL,521937077,irs-eo-bmf-capacity,501(c)(6),democracy,0.0158,0.0003,0.0002,0.3200,,https://www.irs.gov/pub/irs-soi/eo_dc.csv
THE AERO CLUB FOUNDATION OF WASHINGTON,521937555,irs-eo-bmf-capacity,501(c)(3),democracy,0.0178,0.0001,0.0002,0.7400,,https://www.irs.gov/pub/irs-soi/eo_dc.csv
URBAN ALLIANCE FOUNDATION INC,521938443,irs-eo-bmf-capacity,501(c)(3),democracy,9.5509,0.0287,0.1146,0.7400,,https://www.irs.gov/pub/irs-soi/eo_dc.csv
RECREATION WISH LIST COMMITTEE OF WASHINGTON D C,521939752,irs-eo-bmf-capacity,501(c)(3),democracy,0.7142,0.0021,0.0086,0.7400,,https://www.irs.gov/pub/irs-soi/eo_dc.csv
THE AMERICAN COMMITTEES ON FOREIGN RELATIONS,521940191,irs-eo-bmf-capacity,501(c)(3),democracy,0.0807,0.0002,0.0010,0.7400,,https://www.irs.gov/pub/irs-soi/eo_dc.csv
SEE FOREVER FOUNDATION,521942257,irs-eo-bmf-capacity,501(c)(3),democracy,12.0343,0.0361,0.1444,0.7400,,https://www.irs.gov/pub/irs-soi/eo_dc.csv
ETHYLENE OXIDE STERILIZATION ASSOCIATION INC,521943649,irs-eo-bmf-capacity,501(c)(6),democracy,0.5757,0.0104,0.0069,0.3200,,https://www.irs.gov/pub/irs-soi/eo_dc.csv
GOVERNMENT AFFAIRS INSTITUTE INC,521943698,irs-eo-bmf-capacity,501(c)(3),democracy,2.7890,0.0084,0.0335,0.7400,,https://www.irs.gov/pub/irs-soi/eo_dc.csv
NATIONAL COUNCIL OF ELECTED COUNTY EXECUTIVES,521943986,irs-eo-bmf-capacity,501(c)(4),democracy,0.5387,0.0135,0.0065,0.2000,,https://www.irs.gov/pub/irs-soi/eo_dc.csv
CENTER FOR INSPIRED TEACHING,521944180,irs-eo-bmf-capacity,501(c)(3),democracy,0.5608,0.0017,0.0067,0.7400,,https://www.irs.gov/pub/irs-soi/eo_dc.csv
FOUNDATION FOR CHEMISTRY RESEARCH AND INITIATIVES,521945222,irs-eo-bmf-capacity,501(c)(3),democracy,3.0260,0.0091,0.0363,0.7400,,https://www.irs.gov/pub/irs-soi/eo_dc.csv
AMERICAN ASSOCIATION OF COLLEGES AND UNIVERSITIES,521945674,irs-eo-bmf-capacity,501(c)(3),democracy,19.1665,0.0575,0.2300,0.7400,,https://www.irs.gov/pub/irs-soi/eo_dc.csv
ASSOCIATION OF AMERICAN UNIVERSITIES,521947112,irs-eo-bmf-capacity,501(c)(3),democracy,12.1220,0.0364,0.1455,0.7400,,https://www.irs.gov/pub/irs-soi/eo_dc.csv
COUNCIL FOR LAB-LAS ENVIRONMENTAL RESEARCH INC,521947611,irs-eo-bmf-capacity,501(c)(6),energy,0.0662,0.0012,0.0008,0.3200,,https://www.irs.gov/pub/irs-soi/eo_dc.csv
THE UNITED STATES-UKRAINE BUSINESS COUNCIL,521948142,irs-eo-bmf-capacity,501(c)(6),democracy,1.0780,0.0194,0.0129,0.3200,,https://www.irs.gov/pub/irs-soi/eo_dc.csv
THE UNITED STATES-AZERBAIJAN CHAMBER OF COMMERCE INC,521949493,irs-eo-bmf-capacity,501(c)(6),democracy,0.2034,0.0037,0.0024,0.3200,,https://www.irs.gov/pub/irs-soi/eo_dc.csv
CENTER FOR TELEHEALTH AND E-HEALTH LAW INC,521950127,irs-eo-bmf-capacity,501(c)(3),democracy,0.4574,0.0014,0.0055,0.7400,,https://www.irs.gov/pub/irs-soi/eo_dc.csv
WASHINGTON AREA NEW AUTOMOBILE DLRS COMMUNITY SUPPORT FOUNDATION INC,521953149,irs-eo-bmf-capacity,501(c)(3),democracy,0.0283,0.0001,0.0003,0.7400,,https://www.irs.gov/pub/irs-soi/eo_dc.csv
CHEVY CHASE-BETHESDA COMMUNITY CHILDRENS CENTER INC,521953159,irs-eo-bmf-capacity,501(c)(3),democracy,1.4693,0.0044,0.0176,0.7400,,https://www.irs.gov/pub/irs-soi/eo_dc.csv
EPSCOR FOUNDATION,521953292,irs-eo-bmf-capacity,501(c)(3),democracy,0.2400,0.0007,0.0029,0.7400,,https://www.irs.gov/pub/irs-soi/eo_dc.csv
WASHINGTON INTERFAITH NETWORK,521956696,irs-eo-bmf-capacity,501(c)(3),democracy,0.7018,0.0021,0.0084,0.7400,,https://www.irs.gov/pub/irs-soi/eo_dc.csv
CORPORATE HEALTHCARE COALITION,521957322,irs-eo-bmf-capacity,501(c)(6),democracy,0.1100,0.0020,0.0013,0.3200,,https://www.irs.gov/pub/irs-soi/eo_dc.csv
THE ARAB AMERICAN INSTITUTE FOUNDATION,521959306,irs-eo-bmf-capacity,501(c)(3),democracy,1.1227,0.0034,0.0135,0.7400,,https://www.irs.gov/pub/irs-soi/eo_dc.csv
CHILDRENS LAW CENTER INCORPORATED,521961588,irs-eo-bmf-capacity,501(c)(3),democracy,15.1147,0.0453,0.1814,0.7400,,https://www.irs.gov/pub/irs-soi/eo_dc.csv
SCORE FOUNDATION,521962712,irs-eo-bmf-capacity,501(c)(3),democracy,2.4065,0.0072,0.0289,0.7400,,https://www.irs.gov/pub/irs-soi/eo_dc.csv
AMERICAN ASSOCIATION FOR JUSTICE ROBERT L HABUSH ENDOWMENT,521964499,irs-eo-bmf-capacity,501(c)(3),democracy,1.8710,0.0056,0.0225,0.7400,,https://www.irs.gov/pub/irs-soi/eo_dc.csv
INSTITUTE FOR AMERICAS FUTURE INC,521971942,irs-eo-bmf-capacity,501(c)(3),democracy,0.2030,0.0006,0.0024,0.7400,,https://www.irs.gov/pub/irs-soi/eo_dc.csv
NATIONAL NETWORK TO END DOMESTIC VIOLENCE INC,521973408,irs-eo-bmf-capacity,501(c)(3),democracy,8.0872,0.0243,0.0970,0.7400,,https://www.irs.gov/pub/irs-soi/eo_dc.csv
DUE PROCESS OF LAW FOUNDATION,521973930,irs-eo-bmf-capacity,501(c)(3),democracy,2.8365,0.0085,0.0340,0.7400,,https://www.irs.gov/pub/irs-soi/eo_dc.csv
WASHINGTON PROJECT FOR THE ARTS INC,521974695,irs-eo-bmf-capacity,501(c)(3),democracy,0.5850,0.0018,0.0070,0.7400,,https://www.irs.gov/pub/irs-soi/eo_dc.csv
TOBACCO FREE KIDS ACTION FUND,521974904,irs-eo-bmf-capacity,501(c)(4),democracy,48.2416,1.2060,0.5789,0.2000,,https://www.irs.gov/pub/irs-soi/eo_dc.csv
MARIJUANA POLICY PROJECT FOUNDATION,521975211,irs-eo-bmf-capacity,501(c)(3),democracy,0.9873,0.0030,0.0118,0.7400,,https://www.irs.gov/pub/irs-soi/eo_dc.csv
TUCKERS DAY CARE CENTER,521975739,irs-eo-bmf-capacity,501(c)(3),democracy,0.4560,0.0014,0.0055,0.7400,,https://www.irs.gov/pub/irs-soi/eo_dc.csv
CITY KIDS TO WILDERNESS PROJECT INC,521976304,irs-eo-bmf-capacity,501(c)(3),democracy,2.2288,0.0067,0.0267,0.7400,,https://www.irs.gov/pub/irs-soi/eo_dc.csv
NORMANSTONE FOUNDATION,521977430,irs-eo-bmf-capacity,501(c)(3),democracy,0.0012,0.0000,0.0000,0.7400,,https://www.irs.gov/pub/irs-soi/eo_dc.csv
UFCW CHARITY FOUNDATION,521979561,irs-eo-bmf-capacity,501(c)(3),democracy,0.9109,0.0027,0.0109,0.7400,,https://www.irs.gov/pub/irs-soi/eo_dc.csv
S CORPORATION ASSOCIATION INC,521980985,irs-eo-bmf-capacity,501(c)(6),democracy,0.6307,0.0114,0.0076,0.3200,,https://www.irs.gov/pub/irs-soi/eo_dc.csv
NOMIS YOUTH NETWORK,521983491,irs-eo-bmf-capacity,501(c)(3),democracy,0.0705,0.0002,0.0008,0.7400,,https://www.irs.gov/pub/irs-soi/eo_dc.csv
OROMO CENTER INC,521986697,irs-eo-bmf-capacity,501(c)(3),democracy,0.0191,0.0001,0.0002,0.7400,,https://www.irs.gov/pub/irs-soi/eo_dc.csv
PRO BONO INSTITUTE,521991509,irs-eo-bmf-capacity,501(c)(3),democracy,2.3841,0.0072,0.0286,0.7400,,https://www.irs.gov/pub/irs-soi/eo_dc.csv
COUNCIL FOR HIGHER EDUCATION ACCREDITATION,521994352,irs-eo-bmf-capacity,501(c)(3),finance,3.4812,0.0104,0.0418,0.7400,,https://www.irs.gov/pub/irs-soi/eo_dc.csv
JONATHAN OGDEN FOUNDATION INC,521995261,irs-eo-bmf-capacity,501(c)(3),democracy,0.1058,0.0003,0.0013,0.7400,,https://www.irs.gov/pub/irs-soi/eo_dc.csv
US-QATAR BUSINESS COUNCIL,521996441,irs-eo-bmf-capacity,501(c)(6),democracy,0.9682,0.0174,0.0116,0.3200,,https://www.irs.gov/pub/irs-soi/eo_dc.csv
WOMENS INSTITUTE FOR A SECURE RETIREMENT,521997317,irs-eo-bmf-capacity,501(c)(3),democracy,0.4464,0.0013,0.0054,0.7400,,https://www.irs.gov/pub/irs-soi/eo_dc.csv
ASSOCIATION OF CORPORATE COUNSEL,521997796,irs-eo-bmf-capacity,501(c)(6),democracy,10.9621,0.1973,0.1315,0.3200,,https://www.irs.gov/pub/irs-soi/eo_dc.csv
RAPIDAN FOUNDATION,521998317,irs-eo-bmf-capacity,501(c)(3),democracy,1.4542,0.0044,0.0175,0.7400,,https://www.irs.gov/pub/irs-soi/eo_dc.csv
DISTRICT OF COLUMBIA PRIMARY CARE ASSOCIATION,521999196,irs-eo-bmf-capacity,501(c)(3),democracy,7.0618,0.0212,0.0847,0.7400,,https://www.irs.gov/pub/irs-soi/eo_dc.csv
PROJECT GIVEBACK COMMUNITY SERVICE ORGANIZATION,521999574,irs-eo-bmf-capacity,501(c)(3),democracy,0.4288,0.0013,0.0051,0.7400,,https://www.irs.gov/pub/irs-soi/eo_dc.csv
KINGMAN PARK CIVIC ASSOCIATION ENVIRONMENTAL PROJECT INC,522001633,irs-eo-bmf-capacity,501(c)(3),energy,0.0001,0.0000,0.0000,0.7400,,https://www.irs.gov/pub/irs-soi/eo_dc.csv
ELEANOR & GEORGE KOKIKO SR FOUNDATION INC,522006451,irs-eo-bmf-capacity,501(c)(3),democracy,0.0635,0.0002,0.0008,0.7400,,https://www.irs.gov/pub/irs-soi/eo_dc.csv
BAXT FAMILY FOUNDATION INC,522006746,irs-eo-bmf-capacity,501(c)(3),democracy,0.0223,0.0001,0.0003,0.7400,,https://www.irs.gov/pub/irs-soi/eo_dc.csv
KIMSEY FOUNDATION,522007895,irs-eo-bmf-capacity,501(c)(3),democracy,2.9282,0.0088,0.0351,0.7400,,https://www.irs.gov/pub/irs-soi/eo_dc.csv
ASIAN AMERICAN GOVERNMENT EXECUTIVES NETWORK,522009381,irs-eo-bmf-capacity,501(c)(3),democracy,0.0347,0.0001,0.0004,0.7400,,https://www.irs.gov/pub/irs-soi/eo_dc.csv
NATIONAL ASSOCIATION OF TOWNS AND TOWNSHIPS,522014102,irs-eo-bmf-capacity,501(c)(4),democracy,0.2014,0.0050,0.0024,0.2000,,https://www.irs.gov/pub/irs-soi/eo_dc.csv
YOUTH LEADERSHIP FOUNDATION INC,522016259,irs-eo-bmf-capacity,501(c)(3),democracy,0.6589,0.0020,0.0079,0.7400,,https://www.irs.gov/pub/irs-soi/eo_dc.csv
TV PARENTAL GUIDELINES COUNCIL INC,522019266,irs-eo-bmf-capacity,501(c)(4),democracy,0.1500,0.0037,0.0018,0.2000,,https://www.irs.gov/pub/irs-soi/eo_dc.csv
NORTH AMERICAN LAMINATE FLOORING ASSOCIATION,522021174,irs-eo-bmf-capacity,501(c)(6),democracy,0.2904,0.0052,0.0035,0.3200,,https://www.irs.gov/pub/irs-soi/eo_dc.csv
ESTELLE FRIEDMAN GERVIS CHARITABLE FOUNDATION INC,522021210,irs-eo-bmf-capacity,501(c)(3),democracy,0.4316,0.0013,0.0052,0.7400,,https://www.irs.gov/pub/irs-soi/eo_dc.csv
THE NORML FOUNDATION,522021279,irs-eo-bmf-capacity,501(c)(3),democracy,0.3012,0.0009,0.0036,0.7400,,https://www.irs.gov/pub/irs-soi/eo_dc.csv
SAMUEL M LEVY FAMILY FOUNDATION,522022762,irs-eo-bmf-capacity,501(c)(3),democracy,0.1632,0.0005,0.0020,0.7400,,https://www.irs.gov/pub/irs-soi/eo_dc.csv
IRISH PEACE FOUNDATION INC,522022766,irs-eo-bmf-capacity,501(c)(3),democracy,0.0226,0.0001,0.0003,0.7400,,https://www.irs.gov/pub/irs-soi/eo_dc.csv
WOMENS BUSINESS ENTERPRISE NATIONAL COUNCIL,522023392,irs-eo-bmf-capacity,501(c)(3),democracy,16.9081,0.0507,0.2029,0.7400,,https://www.irs.gov/pub/irs-soi/eo_dc.csv
XAVIER ZUBIRI FOUNDATION OF NORTH AMERICA,522024618,irs-eo-bmf-capacity,501(c)(3),democracy,0.0008,0.0000,0.0000,0.7400,,https://www.irs.gov/pub/irs-soi/eo_dc.csv
SK SHURBERG-KLEIN FOUNDATION INC,522025779,irs-eo-bmf-capacity,501(c)(3),democracy,0.2222,0.0007,0.0027,0.7400,,https://www.irs.gov/pub/irs-soi/eo_dc.csv
ASIAN-PACIFIC ISLANDER DOMESTIC VIOLENCE RESOURCE PROJECT,522027991,irs-eo-bmf-capacity,501(c)(3),democracy,0.9450,0.0028,0.0113,0.7400,,https://www.irs.gov/pub/irs-soi/eo_dc.csv
CARBON UTILIZATION RESEARCH COUNCIL,522028570,irs-eo-bmf-capacity,501(c)(6),democracy,0.7460,0.0134,0.0090,0.3200,,https://www.irs.gov/pub/irs-soi/eo_dc.csv
WASHINGTON AREA WOMENS FOUNDATION INC,522028612,irs-eo-bmf-capacity,501(c)(3),democracy,2.4889,0.0075,0.0299,0.7400,,https://www.irs.gov/pub/irs-soi/eo_dc.csv
NATIONAL EMPLOYMENT OPPORTUNITY NETWORK ASSOCIATION,522030204,irs-eo-bmf-capacity,501(c)(6),democracy,0.3599,0.0065,0.0043,0.3200,,https://www.irs.gov/pub/irs-soi/eo_dc.csv
JUMPSTART COALITION FOR PERSONAL FINANCIAL LITERACY,522031287,irs-eo-bmf-capacity,501(c)(3),democracy,1.5764,0.0047,0.0189,0.7400,,https://www.irs.gov/pub/irs-soi/eo_dc.csv
STATE DEMOCRACY ACTION,522032544,irs-eo-bmf-capacity,501(c)(4),democracy,0.1250,0.0031,0.0015,0.2000,,https://www.irs.gov/pub/irs-soi/eo_dc.csv
INTERNATIONAL CHILD ART FOUNDATION,522032649,irs-eo-bmf-capacity,501(c)(3),democracy,0.0999,0.0003,0.0012,0.7400,,https://www.irs.gov/pub/irs-soi/eo_dc.csv
ARMENIAN NATIONAL INSTITUTE INC,522033969,irs-eo-bmf-capacity,501(c)(3),democracy,0.2546,0.0008,0.0031,0.7400,,https://www.irs.gov/pub/irs-soi/eo_dc.csv
HEART OF AMERICA FOUNDATION,522034127,irs-eo-bmf-capacity,501(c)(3),democracy,17.0629,0.0512,0.2048,0.7400,,https://www.irs.gov/pub/irs-soi/eo_dc.csv
DRCNET FOUNDATION INC,522034867,irs-eo-bmf-capacity,501(c)(3),democracy,0.0489,0.0001,0.0006,0.7400,,https://www.irs.gov/pub/irs-soi/eo_dc.csv
DC CHARTER SCHOOL ALLIANCE,522035104,irs-eo-bmf-capacity,501(c)(3),democracy,4.8401,0.0145,0.0581,0.7400,,https://www.irs.gov/pub/irs-soi/eo_dc.csv
AMERICAN BUS ASSOCIATION FOUNDATION INC,522036929,irs-eo-bmf-capacity,501(c)(3),democracy,0.7647,0.0023,0.0092,0.7400,,https://www.irs.gov/pub/irs-soi/eo_dc.csv
CARTER FOUNDATION,522037253,irs-eo-bmf-capacity,501(c)(3),democracy,0.2032,0.0006,0.0024,0.7400,,https://www.irs.gov/pub/irs-soi/eo_dc.csv
FOUNDATION FOR AMERICAS BLOOD CENTE RS,522038372,irs-eo-bmf-capacity,501(c)(3),democracy,0.0695,0.0002,0.0008,0.7400,,https://www.irs.gov/pub/irs-soi/eo_dc.csv
KNOWLEDGE ALLIANCE,522039765,irs-eo-bmf-capacity,501(c)(6),democracy,0.7388,0.0133,0.0089,0.3200,,https://www.irs.gov/pub/irs-soi/eo_dc.csv
JAPAN AUTOMOBILE TRANSPORT TECHNOLOGY ASSOCIATION,522044081,irs-eo-bmf-capacity,501(c)(6),technology,0.4704,0.0085,0.0056,0.3200,,https://www.irs.gov/pub/irs-soi/eo_dc.csv
ELECTRICITY CONSUMERS RESOURCE COUNCIL,522045847,irs-eo-bmf-capacity,501(c)(6),energy,0.6535,0.0118,0.0078,0.3200,,https://www.irs.gov/pub/irs-soi/eo_dc.csv
ALICE AND RUSSELL TRUE FOUNDATION,522048715,irs-eo-bmf-capacity,501(c)(3),democracy,0.9055,0.0027,0.0109,0.7400,,https://www.irs.gov/pub/irs-soi/eo_dc.csv
ENERGY COMMUNITIES ALLIANCE INC,522051797,irs-eo-bmf-capacity,501(c)(3),energy,2.7752,0.0083,0.0333,0.7400,,https://www.irs.gov/pub/irs-soi/eo_dc.csv
SIMMONS MEMORIAL FOUNDATION INC,522052109,irs-eo-bmf-capacity,501(c)(3),democracy,0.0151,0.0000,0.0002,0.7400,,https://www.irs.gov/pub/irs-soi/eo_dc.csv
ENVIRONMENTAL RESEARCH INSTITUTE OF THE STATES,522053377,irs-eo-bmf-capacity,501(c)(3),energy,2.2594,0.0068,0.0271,0.7400,,https://www.irs.gov/pub/irs-soi/eo_dc.csv
NATIONAL CENTER FOR FAMILY PHILANTHROPY INC,522055016,irs-eo-bmf-capacity,501(c)(3),democracy,7.4322,0.0223,0.0892,0.7400,,https://www.irs.gov/pub/irs-soi/eo_dc.csv
NATIONAL HISPANIC FOUNDATION FOR THE ARTS,522055110,irs-eo-bmf-capacity,501(c)(3),democracy,0.3790,0.0011,0.0045,0.7400,,https://www.irs.gov/pub/irs-soi/eo_dc.csv
NATIONAL REVERSE MORTGAGE LENDERS ASSOCIATION,522062500,irs-eo-bmf-capacity,501(c)(6),democracy,1.5856,0.0285,0.0190,0.3200,,https://www.irs.gov/pub/irs-soi/eo_dc.csv
NATIONAL FEDERATION OF FILIPINO AMERICAN ASSOCIATIONS,522063531,irs-eo-bmf-capacity,501(c)(3),democracy,0.1406,0.0004,0.0017,0.7400,,https://www.irs.gov/pub/irs-soi/eo_dc.csv
METROPOLITAN CLUB PRESERVATION FOUNDATION,522063793,irs-eo-bmf-capacity,501(c)(3),democracy,0.9464,0.0028,0.0114,0.7400,,https://www.irs.gov/pub/irs-soi/eo_dc.csv
CONSTITUTIONAL ACCOUNTABILITY CENTER,522063854,irs-eo-bmf-capacity,501(c)(3),democracy,2.9630,0.0089,0.0356,0.7400,,https://www.irs.gov/pub/irs-soi/eo_dc.csv
NATIONAL COALITION OF STD DIRECTORS,522065422,irs-eo-bmf-capacity,501(c)(3),democracy,4.6547,0.0140,0.0559,0.7400,,https://www.irs.gov/pub/irs-soi/eo_dc.csv
TAX COUNCIL POLICY INSTITUTE,522067808,irs-eo-bmf-capacity,501(c)(3),finance,0.8865,0.0027,0.0106,0.7400,,https://www.irs.gov/pub/irs-soi/eo_dc.csv
MIDDLE EAST MEDIA AND RESEARCH INSTITUTE INC,522068483,irs-eo-bmf-capacity,501(c)(3),democracy,9.5128,0.0285,0.1142,0.7400,,https://www.irs.gov/pub/irs-soi/eo_dc.csv
NORTHEAST-MIDWEST STATE FORESTERS ALLIANCE,522069225,irs-eo-bmf-capacity,501(c)(3),democracy,0.9369,0.0028,0.0112,0.7400,,https://www.irs.gov/pub/irs-soi/eo_dc.csv
ARDA INTERNATIONAL FOUNDATION INC,522070851,irs-eo-bmf-capacity,501(c)(3),democracy,1.3156,0.0039,0.0158,0.7400,,https://www.irs.gov/pub/irs-soi/eo_dc.csv
THELMA AND MELVIN LENKIN FAMILY CHARITABLE FOUNDATION INC,522071692,irs-eo-bmf-capacity,501(c)(3),democracy,0.5263,0.0016,0.0063,0.7400,,https://www.irs.gov/pub/irs-soi/eo_dc.csv
LULAC INSTITUTE INC,522072106,irs-eo-bmf-capacity,501(c)(3),democracy,2.8121,0.0084,0.0337,0.7400,,https://www.irs.gov/pub/irs-soi/eo_dc.csv
FAMILY FAITH AND FREEDOM FOUNDATION,522075175,irs-eo-bmf-capacity,501(c)(3),democracy,0.9333,0.0028,0.0112,0.7400,,https://www.irs.gov/pub/irs-soi/eo_dc.csv
CENTER FOR PRESERVATION INITIATIVES,522076790,irs-eo-bmf-capacity,501(c)(3),democracy,0.0564,0.0002,0.0007,0.7400,,https://www.irs.gov/pub/irs-soi/eo_dc.csv
PHOENIX CENTER FOR ADVANCED LEGAL & ECONOMIC PUBLIC POLICY STUDIES INC,522079266,irs-eo-bmf-capacity,501(c)(3),democracy,1.0162,0.0030,0.0122,0.7400,,https://www.irs.gov/pub/irs-soi/eo_dc.csv
WCOE RESOURCE CENTER INC,522079884,irs-eo-bmf-capacity,501(c)(3),democracy,0.0031,0.0000,0.0000,0.7400,,https://www.irs.gov/pub/irs-soi/eo_dc.csv
EMMAUS LEARNING CENTER,522080130,irs-eo-bmf-capacity,501(c)(3),democracy,0.0035,0.0000,0.0000,0.7400,,https://www.irs.gov/pub/irs-soi/eo_dc.csv
MEXICO-NORTH RESEARCH NETWORK INC,522082809,irs-eo-bmf-capacity,501(c)(3),democracy,0.3684,0.0011,0.0044,0.7400,,https://www.irs.gov/pub/irs-soi/eo_dc.csv
NATIONAL BUSINESS OFFICERS ASSOCIATION INC,522086855,irs-eo-bmf-capacity,501(c)(3),democracy,8.4268,0.0253,0.1011,0.7400,,https://www.irs.gov/pub/irs-soi/eo_dc.csv
CESAR CHAVEZ PUBLIC CHARTER SCHOOLS FOR PUBLIC POLICY,522088566,irs-eo-bmf-capacity,501(c)(3),democracy,14.4621,0.0434,0.1735,0.7400,,https://www.irs.gov/pub/irs-soi/eo_dc.csv
CULTURAL LANDSCAPE FOUNDATION,522092229,irs-eo-bmf-capacity,501(c)(3),democracy,1.8479,0.0055,0.0222,0.7400,,https://www.irs.gov/pub/irs-soi/eo_dc.csv
AMERICAN ANTI TRUST INSTITUTE INC,522093834,irs-eo-bmf-capacity,501(c)(3),democracy,0.9164,0.0027,0.0110,0.7400,,https://www.irs.gov/pub/irs-soi/eo_dc.csv
TRICOLORE COMMITTEE,522095542,irs-eo-bmf-capacity,501(c)(3),democracy,0.1243,0.0004,0.0015,0.7400,,https://www.irs.gov/pub/irs-soi/eo_dc.csv
NEW AMERICA FOUNDATION,522096845,irs-eo-bmf-capacity,501(c)(3),democracy,37.2339,0.1117,0.4468,0.7400,,https://www.irs.gov/pub/irs-soi/eo_dc.csv
VOICE ON NET COALITION INC,522101376,irs-eo-bmf-capacity,501(c)(6),democracy,0.3160,0.0057,0.0038,0.3200,,https://www.irs.gov/pub/irs-soi/eo_dc.csv
NATIONAL INSTITUTE FOR HEALTH CARE MANAGEMENT RESEARCH EDUC FDN,522102558,irs-eo-bmf-capacity,501(c)(3),democracy,3.4242,0.0103,0.0411,0.7400,,https://www.irs.gov/pub/irs-soi/eo_dc.csv
H-M FOUNDATION,522103450,irs-eo-bmf-capacity,501(c)(3),democracy,0.0055,0.0000,0.0001,0.7400,,https://www.irs.gov/pub/irs-soi/eo_dc.csv
NASP FOUNDATION INC,522104838,irs-eo-bmf-capacity,501(c)(3),democracy,0.2058,0.0006,0.0025,0.7400,,https://www.irs.gov/pub/irs-soi/eo_dc.csv
ALKYLPHENOLS & ETHOXYLATES RESEARCH COUNCIL INC,522106091,irs-eo-bmf-capacity,501(c)(6),democracy,0.4607,0.0083,0.0055,0.3200,,https://www.irs.gov/pub/irs-soi/eo_dc.csv
WASHINGTON ENGLISH CENTER,522106206,irs-eo-bmf-capacity,501(c)(3),democracy,1.4540,0.0044,0.0174,0.7400,,https://www.irs.gov/pub/irs-soi/eo_dc.csv
THOMAS ALVA EDISON FOUNDATION,522106274,irs-eo-bmf-capacity,501(c)(3),democracy,1.3106,0.0039,0.0157,0.7400,,https://www.irs.gov/pub/irs-soi/eo_dc.csv
NATIONAL HEALTHY START ASSOCIATION INC,522106570,irs-eo-bmf-capacity,501(c)(3),democracy,3.1320,0.0094,0.0376,0.7400,,https://www.irs.gov/pub/irs-soi/eo_dc.csv
JAMES F & SANDRA J FITZPATRICK CHARITABLE FOUNDATION INC,522106840,irs-eo-bmf-capacity,501(c)(3),democracy,0.1148,0.0003,0.0014,0.7400,,https://www.irs.gov/pub/irs-soi/eo_dc.csv
NATIONAL MITIGATION BANKING ASSOCIATION,522109080,irs-eo-bmf-capacity,501(c)(6),finance,0.6362,0.0115,0.0076,0.3200,,https://www.irs.gov/pub/irs-soi/eo_dc.csv
FRENCH-AMERICAN CULTURAL FOUNDATION,522109476,irs-eo-bmf-capacity,501(c)(3),democracy,0.6560,0.0020,0.0079,0.7400,,https://www.irs.gov/pub/irs-soi/eo_dc.csv
THE@LINDA AND ISAAC STERN CHARITABLE FOUNDATION,522112066,irs-eo-bmf-capacity,501(c)(3),democracy,0.0788,0.0002,0.0009,0.7400,,https://www.irs.gov/pub/irs-soi/eo_dc.csv
SITAR ARTS CENTER,522113471,irs-eo-bmf-capacity,501(c)(3),democracy,3.6732,0.0110,0.0441,0.7400,,https://www.irs.gov/pub/irs-soi/eo_dc.csv
AIR TRANSPORT ASSOCIATION OF AMERICA INC,522113962,irs-eo-bmf-capacity,501(c)(6),democracy,47.6513,0.8577,0.5718,0.3200,,https://www.irs.gov/pub/irs-soi/eo_dc.csv
RUSSERT FAMILY FOUNDATION INC,522115162,irs-eo-bmf-capacity,501(c)(3),democracy,0.3780,0.0011,0.0045,0.7400,,https://www.irs.gov/pub/irs-soi/eo_dc.csv
US OIL & GAS ASSOCIATION,522115828,irs-eo-bmf-capacity,501(c)(6),energy,0.3772,0.0068,0.0045,0.3200,,https://www.irs.gov/pub/irs-soi/eo_dc.csv
INTERNATIONAL BIOMETRICS & IDENTIFICATION ASSOCIATION,522120610,irs-eo-bmf-capacity,501(c)(6),democracy,0.2396,0.0043,0.0029,0.3200,,https://www.irs.gov/pub/irs-soi/eo_dc.csv
WASHINGTON JAZZ ART INSTITUTES,522120676,irs-eo-bmf-capacity,501(c)(3),democracy,0.0724,0.0002,0.0009,0.7400,,https://www.irs.gov/pub/irs-soi/eo_dc.csv
UNITED PHILANTHROPY FORUM,522122029,irs-eo-bmf-capacity,501(c)(3),democracy,2.6361,0.0079,0.0316,0.7400,,https://www.irs.gov/pub/irs-soi/eo_dc.csv
FORT DUPONT ICE HOCKEY FOUNDATION,522123478,irs-eo-bmf-capacity,501(c)(3),democracy,0.0020,0.0000,0.0000,0.7400,,https://www.irs.gov/pub/irs-soi/eo_dc.csv
ARCHIE EDWARDS BLUES HERITAGE FOUNDATION INC,522123865,irs-eo-bmf-capacity,501(c)(3),democracy,0.0624,0.0002,0.0007,0.7400,,https://www.irs.gov/pub/irs-soi/eo_dc.csv
DEBS-JONES-DOUGLASS INSTITUTE,522126660,irs-eo-bmf-capacity,501(c)(3),democracy,0.8053,0.0024,0.0097,0.7400,,https://www.irs.gov/pub/irs-soi/eo_dc.csv
CAPITOL HILL COOPERATIVE HOUSING ASSOCIATION INC,522127808,irs-eo-bmf-capacity,501(c)(4),democracy,2.0898,0.0522,0.0251,0.2000,,https://www.irs.gov/pub/irs-soi/eo_dc.csv
NATIONAL ASSOCIATION OF COUNTY BEHAVIORAL HEALTH & DEVELOPMENTAL,522128967,irs-eo-bmf-capacity,501(c)(3),democracy,0.3888,0.0012,0.0047,0.7400,,https://www.irs.gov/pub/irs-soi/eo_dc.csv
COALITION FOR D C REPRESENTATION EDUCATION FUND,522133517,irs-eo-bmf-capacity,501(c)(3),democracy,0.4659,0.0014,0.0056,0.7400,,https://www.irs.gov/pub/irs-soi/eo_dc.csv
FOREST TRENDS ASSOCIATION,522135531,irs-eo-bmf-capacity,501(c)(3),democracy,11.0916,0.0333,0.1331,0.7400,,https://www.irs.gov/pub/irs-soi/eo_dc.csv
ST JOHNS COMMUNITY SERVICES FOUNDATION INC,522137200,irs-eo-bmf-capacity,501(c)(3),democracy,0.3290,0.0010,0.0039,0.7400,,https://www.irs.gov/pub/irs-soi/eo_dc.csv
CAPITAL AREA IMMIGRANTS RIGHTS COALITION,522141497,irs-eo-bmf-capacity,501(c)(3),finance,13.6207,0.0409,0.1634,0.7400,,https://www.irs.gov/pub/irs-soi/eo_dc.csv
GROWING SEEDS CHILD DEVELOPMENT CENTER,522142357,irs-eo-bmf-capacity,501(c)(3),democracy,0.6614,0.0020,0.0079,0.7400,,https://www.irs.gov/pub/irs-soi/eo_dc.csv
ALLIANCE FOR AUTOMOTIVE INNOVATION,522143968,irs-eo-bmf-capacity,501(c)(6),democracy,30.3697,0.5467,0.3644,0.3200,,https://www.irs.gov/pub/irs-soi/eo_dc.csv
NATIONAL ASSOCIATION FOR OBJECTIVITY IN SCIENCE,522146905,irs-eo-bmf-capacity,501(c)(3),democracy,0.0048,0.0000,0.0001,0.7400,,https://www.irs.gov/pub/irs-soi/eo_dc.csv
NATIONAL COALITION FOR WOMEN WITH HEART DISEASE INC,522148006,irs-eo-bmf-capacity,501(c)(3),democracy,2.7811,0.0083,0.0334,0.7400,,https://www.irs.gov/pub/irs-soi/eo_dc.csv
ASIAN PACIFIC AMERICAN LEGAL RESOURCE CENTER,522148028,irs-eo-bmf-capacity,501(c)(3),democracy,0.8411,0.0025,0.0101,0.7400,,https://www.irs.gov/pub/irs-soi/eo_dc.csv
REUSABLE PALLET & CONTAINER COALITION,522152883,irs-eo-bmf-capacity,501(c)(6),democracy,0.5264,0.0095,0.0063,0.3200,,https://www.irs.gov/pub/irs-soi/eo_dc.csv
AMERICAN PSYCHIATRIC ASSOCIATION,522168499,irs-eo-bmf-capacity,501(c)(6),democracy,58.1995,1.0476,0.6984,0.3200,,https://www.irs.gov/pub/irs-soi/eo_dc.csv
HEINRICH BOELL FOUNDATION,522168529,irs-eo-bmf-capacity,501(c)(3),democracy,1.7846,0.0054,0.0214,0.7400,,https://www.irs.gov/pub/irs-soi/eo_dc.csv
THE WOMENS ALLIANCE,522168980,irs-eo-bmf-capacity,501(c)(3),democracy,0.1246,0.0004,0.0015,0.7400,,https://www.irs.gov/pub/irs-soi/eo_dc.csv
NATIONAL CENTER FOR HEALTH RESEARCH INCORPORATED,522169212,irs-eo-bmf-capacity,501(c)(3),democracy,0.1891,0.0006,0.0023,0.7400,,https://www.irs.gov/pub/irs-soi/eo_dc.csv
MAKASSED FOUNDATION OF AMERICA,522173898,irs-eo-bmf-capacity,501(c)(3),democracy,2.3940,0.0072,0.0287,0.7400,,https://www.irs.gov/pub/irs-soi/eo_dc.csv
COUNCIL OF GRADUATE SCHOOLS,522175852,irs-eo-bmf-capacity,501(c)(3),democracy,8.1119,0.0243,0.0973,0.7400,,https://www.irs.gov/pub/irs-soi/eo_dc.csv
INTERNATIONAL ASSOCIATION FOR HUMAN VALUES,522178069,irs-eo-bmf-capacity,501(c)(3),democracy,3.2924,0.0099,0.0395,0.7400,,https://www.irs.gov/pub/irs-soi/eo_dc.csv
POSTSECONDARY ELECTRONIC STANDARDS COUNCIL,522179499,irs-eo-bmf-capacity,501(c)(3),democracy,0.2890,0.0009,0.0035,0.7400,,https://www.irs.gov/pub/irs-soi/eo_dc.csv
FAIR LABOR ASSOCIATION,522183112,irs-eo-bmf-capacity,501(c)(3),democracy,11.4928,0.0345,0.1379,0.7400,,https://www.irs.gov/pub/irs-soi/eo_dc.csv
NHCAA INSTITUTE FOR HEALTH CARE FRAUD PREVENTION INC,522187972,irs-eo-bmf-capacity,501(c)(3),democracy,2.1253,0.0064,0.0255,0.7400,,https://www.irs.gov/pub/irs-soi/eo_dc.csv
PARTNERSHIP PROJECT INC,522192070,irs-eo-bmf-capacity,501(c)(3),democracy,29.1559,0.0875,0.3499,0.7400,,https://www.irs.gov/pub/irs-soi/eo_dc.csv
DEAF ABUSED WOMEN NETWORK,522192100,irs-eo-bmf-capacity,501(c)(3),democracy,0.6551,0.0020,0.0079,0.7400,,https://www.irs.gov/pub/irs-soi/eo_dc.csv
ASSOCIATION FOR PUBLIC POLICY ANALYSIS AND MANAGEMENT,522193861,irs-eo-bmf-capacity,501(c)(3),democracy,2.4513,0.0074,0.0294,0.7400,,https://www.irs.gov/pub/irs-soi/eo_dc.csv
AMERICAN CENTER FOR EDUCATION AND TESTING INC,522193942,irs-eo-bmf-capacity,501(c)(3),democracy,0.0541,0.0002,0.0006,0.7400,,https://www.irs.gov/pub/irs-soi/eo_dc.csv
LITTLE SAMARITANS CHILD DEVELOPMENT CENTER INC,522195205,irs-eo-bmf-capacity,501(c)(3),democracy,0.4921,0.0015,0.0059,0.7400,,https://www.irs.gov/pub/irs-soi/eo_dc.csv
W R TORRES FOUNDATION FOR THE BLIND,522196534,irs-eo-bmf-capacity,501(c)(3),democracy,0.1482,0.0004,0.0018,0.7400,,https://www.irs.gov/pub/irs-soi/eo_dc.csv
FAITH AND REASON INSTITUTE,522197517,irs-eo-bmf-capacity,501(c)(3),democracy,0.9751,0.0029,0.0117,0.7400,,https://www.irs.gov/pub/irs-soi/eo_dc.csv
SPAIN - USA FOUNDATION,522199703,irs-eo-bmf-capacity,501(c)(3),democracy,0.3174,0.0010,0.0038,0.7400,,https://www.irs.gov/pub/irs-soi/eo_dc.csv
UNITED STATES SECRET SERVICE EMPLOYEE RECREATION ASSOCIATION,522200788,irs-eo-bmf-capacity,501(c)(4),democracy,0.6534,0.0163,0.0078,0.2000,,https://www.irs.gov/pub/irs-soi/eo_dc.csv
CENTER FOR ECONOMIC AND POLICY RESEARCH,522204029,irs-eo-bmf-capacity,501(c)(3),democracy,3.2648,0.0098,0.0392,0.7400,,https://www.irs.gov/pub/irs-soi/eo_dc.csv
THE HANLEY FOUNDATION,522204367,irs-eo-bmf-capacity,501(c)(3),democracy,2.1453,0.0064,0.0257,0.7400,,https://www.irs.gov/pub/irs-soi/eo_dc.csv
CROWELL & MORING FOUNDATION,522207644,irs-eo-bmf-capacity,501(c)(3),democracy,0.2004,0.0006,0.0024,0.7400,,https://www.irs.gov/pub/irs-soi/eo_dc.csv
CITY TAVERN PRESERVATION FOUNDATION,522209770,irs-eo-bmf-capacity,501(c)(3),democracy,0.1766,0.0005,0.0021,0.7400,,https://www.irs.gov/pub/irs-soi/eo_dc.csv
AMAZON CONSERVATION ASSOCIATION,522211305,irs-eo-bmf-capacity,501(c)(3),democracy,4.7519,0.0143,0.0570,0.7400,,https://www.irs.gov/pub/irs-soi/eo_dc.csv
MONUMENTAL SPORTS & ENTERTAINMENT FOUNDATION,522215790,irs-eo-bmf-capacity,501(c)(3),democracy,3.5103,0.0105,0.0421,0.7400,,https://www.irs.gov/pub/irs-soi/eo_dc.csv
AMERICAN FRIENDS OF THE ALEXANDER VON HUMBOLDT FOUNDATION,522217136,irs-eo-bmf-capacity,501(c)(3),democracy,1.2203,0.0037,0.0146,0.7400,,https://www.irs.gov/pub/irs-soi/eo_dc.csv
MEDSTAR-GEORGETOWN MEDICAL CENTER INC,522218584,irs-eo-bmf-capacity,501(c)(3),democracy,1902.6897,5.7081,22.8323,0.7400,,https://www.irs.gov/pub/irs-soi/eo_dc.csv
JORDAN RIVER FOUNDATION,522218780,irs-eo-bmf-capacity,501(c)(3),democracy,1.0059,0.0030,0.0121,0.7400,,https://www.irs.gov/pub/irs-soi/eo_dc.csv
EDUCATION FOR PEACE IN IRAQ CENTER,522223500,irs-eo-bmf-capacity,501(c)(3),democracy,0.2775,0.0008,0.0033,0.7400,,https://www.irs.gov/pub/irs-soi/eo_dc.csv
THEATER ALLIANCE OF WASHINGTON DC,522224355,irs-eo-bmf-capacity,501(c)(3),democracy,0.7028,0.0021,0.0084,0.7400,,https://www.irs.gov/pub/irs-soi/eo_dc.csv
VOYAGER FOUNDATION INC,522224798,irs-eo-bmf-capacity,501(c)(3),democracy,0.0001,0.0000,0.0000,0.7400,,https://www.irs.gov/pub/irs-soi/eo_dc.csv
ELECTRONIC PRIVACY INFORMATION CENTER,522225921,irs-eo-bmf-capacity,501(c)(3),technology,3.0291,0.0091,0.0363,0.7400,,https://www.irs.gov/pub/irs-soi/eo_dc.csv
ACTION AFRICA INC,522233698,irs-eo-bmf-capacity,501(c)(3),democracy,0.1240,0.0004,0.0015,0.7400,,https://www.irs.gov/pub/irs-soi/eo_dc.csv
ENDANGERED SPECIES COALITION,522235210,irs-eo-bmf-capacity,501(c)(3),democracy,0.8913,0.0027,0.0107,0.7400,,https://www.irs.gov/pub/irs-soi/eo_dc.csv
FOUNDATION FOR NUCLEAR STUDIES,522236921,irs-eo-bmf-capacity,501(c)(3),democracy,0.2444,0.0007,0.0029,0.7400,,https://www.irs.gov/pub/irs-soi/eo_dc.csv
ANACOSTIA COMMUNITY BOATHOUSE ASSOCIATION,522238072,irs-eo-bmf-capacity,501(c)(3),democracy,0.2198,0.0007,0.0026,0.7400,,https://www.irs.gov/pub/irs-soi/eo_dc.csv
NATIONAL MARITIME HERITAGE FOUNDATION INC,522239202,irs-eo-bmf-capacity,501(c)(3),democracy,0.5258,0.0016,0.0063,0.7400,,https://www.irs.gov/pub/irs-soi/eo_dc.csv
FINANCIAL SERVICES FORUM,522241644,irs-eo-bmf-capacity,501(c)(6),democracy,27.4000,0.4932,0.3288,0.3200,,https://www.irs.gov/pub/irs-soi/eo_dc.csv
ACCESS TO RACIAL & CULTURAL HEALTH INSTITUTE INC,522241962,irs-eo-bmf-capacity,501(c)(3),democracy,0.5845,0.0018,0.0070,0.7400,,https://www.irs.gov/pub/irs-soi/eo_dc.csv
THE FORUM FOR YOUTH INVESTMENT,522242472,irs-eo-bmf-capacity,501(c)(3),democracy,3.5840,0.0108,0.0430,0.7400,,https://www.irs.gov/pub/irs-soi/eo_dc.csv
PUBLIC POLICY AND INTERNATIONAL AFFAIRS PROGRAM,522242998,irs-eo-bmf-capacity,501(c)(3),democracy,0.5218,0.0016,0.0063,0.7400,,https://www.irs.gov/pub/irs-soi/eo_dc.csv
INTELLECTUAL PROPERTY OWNERS EDUCATION FOUNDATION,522250648,irs-eo-bmf-capacity,501(c)(3),democracy,0.5659,0.0017,0.0068,0.7400,,https://www.irs.gov/pub/irs-soi/eo_dc.csv
ASSOCIATION FOR ACCESSIBLE MEDICINES,522252820,irs-eo-bmf-capacity,501(c)(6),democracy,21.5392,0.3877,0.2585,0.3200,,https://www.irs.gov/pub/irs-soi/eo_dc.csv
THE FREDA UTLEY FOUNDATION,522252964,irs-eo-bmf-capacity,501(c)(3),democracy,0.0601,0.0002,0.0007,0.7400,,https://www.irs.gov/pub/irs-soi/eo_dc.csv
COALITION TO STRENGTHEN AMERICAS HEALTHCARE,522253225,irs-eo-bmf-capacity,501(c)(4),democracy,29.3171,0.7329,0.3518,0.2000,,https://www.irs.gov/pub/irs-soi/eo_dc.csv
COALITION FOR LITIGATION JUSTICE INC,522253545,irs-eo-bmf-capacity,501(c)(6),democracy,0.7200,0.0130,0.0086,0.3200,,https://www.irs.gov/pub/irs-soi/eo_dc.csv
RPM NAUTICAL FOUNDATION,522253745,irs-eo-bmf-capacity,501(c)(3),democracy,1.8004,0.0054,0.0216,0.7400,,https://www.irs.gov/pub/irs-soi/eo_dc.csv
CAEAR COALITION INC,522254781,irs-eo-bmf-capacity,501(c)(4),democracy,0.0864,0.0022,0.0010,0.2000,,https://www.irs.gov/pub/irs-soi/eo_dc.csv
DUBER FAMILY FOUNDATION INC,522255935,irs-eo-bmf-capacity,501(c)(3),democracy,1.2383,0.0037,0.0149,0.7400,,https://www.irs.gov/pub/irs-soi/eo_dc.csv
EMERGING MARKETS FORUM,522259804,irs-eo-bmf-capacity,501(c)(3),democracy,0.1250,0.0004,0.0015,0.7400,,https://www.irs.gov/pub/irs-soi/eo_dc.csv
AMERICAN SENIORS HOUSING ASSOCIATION INC,522261594,irs-eo-bmf-capacity,501(c)(6),democracy,5.1094,0.0920,0.0613,0.3200,,https://www.irs.gov/pub/irs-soi/eo_dc.csv
WORLD SHIPPING COUNCIL,522265096,irs-eo-bmf-capacity,501(c)(6),democracy,8.9185,0.1605,0.1070,0.3200,,https://www.irs.gov/pub/irs-soi/eo_dc.csv
ASSOCIATION OF CATHOLIC COLLEGES AND UNIVERSITIES,522268177,irs-eo-bmf-capacity,501(c)(3),democracy,2.5576,0.0077,0.0307,0.7400,,https://www.irs.gov/pub/irs-soi/eo_dc.csv
TEWAARATON AWARD FOUNDATION,522268574,irs-eo-bmf-capacity,501(c)(3),democracy,0.0418,0.0001,0.0005,0.7400,,https://www.irs.gov/pub/irs-soi/eo_dc.csv
CONGRESSIONAL BLACK CAUCUS POLITICA L EDUCATION & LEADERSHIP INSTITUTE,522270607,irs-eo-bmf-capacity,501(c)(4),democracy,2.9141,0.0729,0.0350,0.2000,,https://www.irs.gov/pub/irs-soi/eo_dc.csv
UDEM FOUNDATION,522272401,irs-eo-bmf-capacity,501(c)(3),democracy,0.3303,0.0010,0.0040,0.7400,,https://www.irs.gov/pub/irs-soi/eo_dc.csv
THE COALITION OF BLACK TRADE,522274037,irs-eo-bmf-capacity,501(c)(3),democracy,0.1037,0.0003,0.0012,0.7400,,https://www.irs.gov/pub/irs-soi/eo_dc.csv
AMERICAN ASSOCIATION OF COLLEGIATE REGISTRARS AND ADMISSIONS OFFICERS,522274900,irs-eo-bmf-capacity,501(c)(3),democracy,11.9340,0.0358,0.1432,0.7400,,https://www.irs.gov/pub/irs-soi/eo_dc.csv
AFTERSCHOOL ALLIANCE,522275123,irs-eo-bmf-capacity,501(c)(3),democracy,10.6117,0.0318,0.1273,0.7400,,https://www.irs.gov/pub/irs-soi/eo_dc.csv
ACTIONAID USA,522277575,irs-eo-bmf-capacity,501(c)(3),democracy,2.7386,0.0082,0.0329,0.7400,,https://www.irs.gov/pub/irs-soi/eo_dc.csv
ALLIANCE FOR RETIRED AMERICANS,522277805,irs-eo-bmf-capacity,501(c)(4),democracy,8.0332,0.2008,0.0964,0.2000,,https://www.irs.gov/pub/irs-soi/eo_dc.csv
COALITION OF AIRLINE PILOTS ASSOCIATION,522277825,irs-eo-bmf-capacity,501(c)(6),democracy,0.6835,0.0123,0.0082,0.3200,,https://www.irs.gov/pub/irs-soi/eo_dc.csv
MIGRATION POLICY INSTITUTE,522279789,irs-eo-bmf-capacity,501(c)(3),democracy,6.8556,0.0206,0.0823,0.7400,,https://www.irs.gov/pub/irs-soi/eo_dc.csv
FOUNDATION FOR RESIDENTIAL AND REHAB SERVICES FOR OFFENDERS INC,522283368,irs-eo-bmf-capacity,501(c)(3),democracy,0.2119,0.0006,0.0025,0.7400,,https://www.irs.gov/pub/irs-soi/eo_dc.csv
S & R FOUNDATION,522284478,irs-eo-bmf-capacity,501(c)(3),democracy,70.5006,0.2115,0.8460,0.7400,,https://www.irs.gov/pub/irs-soi/eo_dc.csv
SQUIRE PATTON BOGGS FOUNDATION,522284635,irs-eo-bmf-capacity,501(c)(3),democracy,0.2637,0.0008,0.0032,0.7400,,https://www.irs.gov/pub/irs-soi/eo_dc.csv
JACKSON ART CENTER,522291438,irs-eo-bmf-capacity,501(c)(3),democracy,0.3073,0.0009,0.0037,0.7400,,https://www.irs.gov/pub/irs-soi/eo_dc.csv
STUDENTS FOR SENSIBLE DRUG POLICY FOUNDATION,522296291,irs-eo-bmf-capacity,501(c)(3),democracy,0.4770,0.0014,0.0057,0.7400,,https://www.irs.gov/pub/irs-soi/eo_dc.csv
WOMENS HIGH-TECH COALITION,522296554,irs-eo-bmf-capacity,501(c)(3),democracy,0.1049,0.0003,0.0013,0.7400,,https://www.irs.gov/pub/irs-soi/eo_dc.csv
CALVIN WOODLAND SR FOUNDATION,522297496,irs-eo-bmf-capacity,501(c)(3),democracy,0.0591,0.0002,0.0007,0.7400,,https://www.irs.gov/pub/irs-soi/eo_dc.csv
CWA JOE BEIRNE FOUNDATION,522298284,irs-eo-bmf-capacity,501(c)(3),democracy,0.1707,0.0005,0.0020,0.7400,,https://www.irs.gov/pub/irs-soi/eo_dc.csv
SCHOOL WITHOUT WALLS HOME & SCHOOL ASSOCIATION,522303014,irs-eo-bmf-capacity,501(c)(3),democracy,0.2841,0.0009,0.0034,0.7400,,https://www.irs.gov/pub/irs-soi/eo_dc.csv
ASSOCIATION OF HOME OFFICE UNDERWRITERS,522305267,irs-eo-bmf-capacity,501(c)(6),democracy,1.7425,0.0314,0.0209,0.3200,,https://www.irs.gov/pub/irs-soi/eo_dc.csv
SOUTH ASIAN BAR ASSOCIATION OF WASHINGTON D C,522305347,irs-eo-bmf-capacity,501(c)(6),democracy,0.0784,0.0014,0.0009,0.3200,,https://www.irs.gov/pub/irs-soi/eo_dc.csv
CHILDRENS ENVIRONMENTAL HEALTH NETWORK,522305620,irs-eo-bmf-capacity,501(c)(3),energy,1.3603,0.0041,0.0163,0.7400,,https://www.irs.gov/pub/irs-soi/eo_dc.csv
FEDERALLY IMPACTED SCHOOLS EDUCATIONAL FOUNDATION,522306508,irs-eo-bmf-capacity,501(c)(3),democracy,0.0675,0.0002,0.0008,0.7400,,https://www.irs.gov/pub/irs-soi/eo_dc.csv
EL HIBRI FOUNDATION,522306995,irs-eo-bmf-capacity,501(c)(3),democracy,18.0469,0.0541,0.2166,0.7400,,https://www.irs.gov/pub/irs-soi/eo_dc.csv
INSTITUTE FOR RECONSTRUCTIONAL AND INTRNL SECURITY THROUGH EDUCATION,522308013,irs-eo-bmf-capacity,501(c)(3),democracy,0.0313,0.0001,0.0004,0.7400,,https://www.irs.gov/pub/irs-soi/eo_dc.csv
CENTER FOR DIGITAL DEMOCRACY,522311577,irs-eo-bmf-capacity,501(c)(3),democracy,0.1055,0.0003,0.0013,0.7400,,https://www.irs.gov/pub/irs-soi/eo_dc.csv
AMERICAN CONSTITUTION SOCIETY FOR LAW AND POLICY,522313694,irs-eo-bmf-capacity,501(c)(3),democracy,5.5071,0.0165,0.0661,0.7400,,https://www.irs.gov/pub/irs-soi/eo_dc.csv
DCENTER INC,522313965,irs-eo-bmf-capacity,501(c)(3),democracy,0.7282,0.0022,0.0087,0.7400,,https://www.irs.gov/pub/irs-soi/eo_dc.csv
STEMPLER FAMILY FOUNDATION,522322578,irs-eo-bmf-capacity,501(c)(3),democracy,0.0627,0.0002,0.0008,0.7400,,https://www.irs.gov/pub/irs-soi/eo_dc.csv
NATIONAL PARTNERSHIP FOR WOMEN & FAMILIES ACTION FUND,522324155,irs-eo-bmf-capacity,501(c)(4),democracy,0.2397,0.0060,0.0029,0.2000,,https://www.irs.gov/pub/irs-soi/eo_dc.csv
ALLIANCE FOR JUSTICE ACTION CAMPAIGN,522330508,irs-eo-bmf-capacity,501(c)(4),democracy,0.6047,0.0151,0.0073,0.2000,,https://www.irs.gov/pub/irs-soi/eo_dc.csv
ADVOCACY PROJECT,522333129,irs-eo-bmf-capacity,501(c)(3),democracy,0.1484,0.0004,0.0018,0.7400,,https://www.irs.gov/pub/irs-soi/eo_dc.csv
INTERNATIONAL INSTITUTE FOR STRATEGIC STUDIES-U S,522335215,irs-eo-bmf-capacity,501(c)(3),democracy,0.9164,0.0027,0.0110,0.7400,,https://www.irs.gov/pub/irs-soi/eo_dc.csv
HEALTH AND ENVIRONMENTAL SCIENCES INSTITUTE,522337019,irs-eo-bmf-capacity,501(c)(3),energy,5.9064,0.0177,0.0709,0.7400,,https://www.irs.gov/pub/irs-soi/eo_dc.csv
SMALL ENVIRONMENTAL BUSINESS ACTION COALITION INC,522337987,irs-eo-bmf-capacity,501(c)(6),energy,0.0436,0.0008,0.0005,0.3200,,https://www.irs.gov/pub/irs-soi/eo_dc.csv
AMERICAN CANCER SOCIETY CANCER ACTION NETWORK INC,522340031,irs-eo-bmf-capacity,501(c)(4),democracy,11.5038,0.2876,0.1380,0.2000,,https://www.irs.gov/pub/irs-soi/eo_dc.csv
ASSOCIATION OF FLIGHT ATTENDANTS - DISASTER RELIEF FUND,522341209,irs-eo-bmf-capacity,501(c)(3),democracy,0.1257,0.0004,0.0015,0.7400,,https://www.irs.gov/pub/irs-soi/eo_dc.csv
US-ASEAN BUSINESS COUNCIL INC,522341318,irs-eo-bmf-capacity,501(c)(6),democracy,8.9440,0.1610,0.1073,0.3200,,https://www.irs.gov/pub/irs-soi/eo_dc.csv
CREDIT UNION MIRACLE DAY COMMITTEE INC,522341329,irs-eo-bmf-capacity,501(c)(3),finance,0.7267,0.0022,0.0087,0.7400,,https://www.irs.gov/pub/irs-soi/eo_dc.csv
GLOBALWORKS FOUNDATION,522341571,irs-eo-bmf-capacity,501(c)(3),democracy,0.2351,0.0007,0.0028,0.7400,,https://www.irs.gov/pub/irs-soi/eo_dc.csv
INSTITUTE OF INTERNAL AUDITORS,522342416,irs-eo-bmf-capacity,501(c)(6),democracy,0.1213,0.0022,0.0015,0.3200,,https://www.irs.gov/pub/irs-soi/eo_dc.csv
DISTRICT OF COLUMBIA ASSOCIATION OF LAND SURVEYORS INC,522344580,irs-eo-bmf-capacity,501(c)(6),democracy,0.0564,0.0010,0.0007,0.3200,,https://www.irs.gov/pub/irs-soi/eo_dc.csv
COUNCIL FOR AFFORDABLE HEALTH COVERAGE,522345058,irs-eo-bmf-capacity,501(c)(6),democracy,0.6869,0.0124,0.0082,0.3200,,https://www.irs.gov/pub/irs-soi/eo_dc.csv
U S COMMITTEE FOR HUMAN RIGHTS IN NORTH KOREA,522345895,irs-eo-bmf-capacity,501(c)(3),democracy,0.6422,0.0019,0.0077,0.7400,,https://www.irs.gov/pub/irs-soi/eo_dc.csv
INSTITUTE OF GRACE,522350837,irs-eo-bmf-capacity,501(c)(3),democracy,0.1981,0.0006,0.0024,0.7400,,https://www.irs.gov/pub/irs-soi/eo_dc.csv
CENTER FOR GLOBAL DEVELOPMENT,522351337,irs-eo-bmf-capacity,501(c)(3),democracy,23.5758,0.0707,0.2829,0.7400,,https://www.irs.gov/pub/irs-soi/eo_dc.csv
AMERICAN COUNCIL ON RENEWABLE ENERGY-ACORE,522353661,irs-eo-bmf-capacity,501(c)(3),energy,9.2453,0.0277,0.1109,0.7400,,https://www.irs.gov/pub/irs-soi/eo_dc.csv
ATLAS PERFORMING ARTS CENTER,522358563,irs-eo-bmf-capacity,501(c)(3),democracy,2.6691,0.0080,0.0320,0.7400,,https://www.irs.gov/pub/irs-soi/eo_dc.csv
AVALON THEATRE PROJECT INC,522360410,irs-eo-bmf-capacity,501(c)(3),democracy,2.5735,0.0077,0.0309,0.7400,,https://www.irs.gov/pub/irs-soi/eo_dc.csv
COURT OF APPEALS FOR VETERANS CLAIMS BAR ASSOCIATION,522361046,irs-eo-bmf-capacity,501(c)(3),democracy,0.0384,0.0001,0.0005,0.7400,,https://www.irs.gov/pub/irs-soi/eo_dc.csv
BANK INSURANCE & SECURITIES ASSOCIATION,522385104,irs-eo-bmf-capacity,501(c)(6),finance,3.1352,0.0564,0.0376,0.3200,,https://www.irs.gov/pub/irs-soi/eo_dc.csv
WORLD COATINGS COUNCIL INC,522389486,irs-eo-bmf-capacity,501(c)(6),democracy,0.1939,0.0035,0.0023,0.3200,,https://www.irs.gov/pub/irs-soi/eo_dc.csv
CENTER FOR RESPONSIBLE TRAVEL,522391916,irs-eo-bmf-capacity,501(c)(3),democracy,0.5855,0.0018,0.0070,0.7400,,https://www.irs.gov/pub/irs-soi/eo_dc.csv
THE CENTER FOR FREETHOUGHT EQUALITY,522448073,irs-eo-bmf-capacity,501(c)(4),democracy,0.3473,0.0087,0.0042,0.2000,,https://www.irs.gov/pub/irs-soi/eo_dc.csv
INTERNATIONAL EDUCATION COUNCIL,522671828,irs-eo-bmf-capacity,501(c)(6),democracy,0.1794,0.0032,0.0022,0.3200,,https://www.irs.gov/pub/irs-soi/eo_dc.csv
KIWANIS FOUNDATION OF THE DISTRICT OF COLUMBIA,526027301,irs-eo-bmf-capacity,501(c)(3),democracy,0.4601,0.0014,0.0055,0.7400,,https://www.irs.gov/pub/irs-soi/eo_dc.csv
MILLER & CHEVALIER CHARITABLE FOUNDATION,526035549,irs-eo-bmf-capacity,501(c)(3),democracy,0.2646,0.0008,0.0032,0.7400,,https://www.irs.gov/pub/irs-soi/eo_dc.csv
ISADORE AND BERTHA GUDELSKY FAMILY FOUNDATION INC,526036621,irs-eo-bmf-capacity,501(c)(3),democracy,3.9839,0.0120,0.0478,0.7400,,https://www.irs.gov/pub/irs-soi/eo_dc.csv
MORRIS AND GWENDOLYN CAFRITZ FOUNDATION,526036989,irs-eo-bmf-capacity,501(c)(3),democracy,199.1186,0.5974,2.3894,0.7400,,https://www.irs.gov/pub/irs-soi/eo_dc.csv
AMERICAN ASSOCIATION OF UNIVERSITY WOMEN INC,526037388,irs-eo-bmf-capacity,501(c)(3),democracy,22.3260,0.0670,0.2679,0.7400,,https://www.irs.gov/pub/irs-soi/eo_dc.csv
DAVID LLOYD KREEGER FOUNDATION,526037451,irs-eo-bmf-capacity,501(c)(3),democracy,6.8228,0.0205,0.0819,0.7400,,https://www.irs.gov/pub/irs-soi/eo_dc.csv
AMERICAN PHARMACISTS ASSOCIATION FOUNDATION,526039142,irs-eo-bmf-capacity,501(c)(3),democracy,4.6086,0.0138,0.0553,0.7400,,https://www.irs.gov/pub/irs-soi/eo_dc.csv
ROTARY FOUNDATION OF WASHINGTON DC,526040639,irs-eo-bmf-capacity,501(c)(3),democracy,0.7331,0.0022,0.0088,0.7400,,https://www.irs.gov/pub/irs-soi/eo_dc.csv
THE BERNSTEIN FAMILY FOUNDATION,526041822,irs-eo-bmf-capacity,501(c)(3),democracy,3.3417,0.0100,0.0401,0.7400,,https://www.irs.gov/pub/irs-soi/eo_dc.csv
AMERICAN ASSOCIATION OF COLLEGES FOR TEACHER EDUCATION,526041929,irs-eo-bmf-capacity,501(c)(3),democracy,4.8820,0.0146,0.0586,0.7400,,https://www.irs.gov/pub/irs-soi/eo_dc.csv
ELIAS GELMAN FAMILY FOUNDATION INC,526042342,irs-eo-bmf-capacity,501(c)(3),democracy,0.0089,0.0000,0.0001,0.7400,,https://www.irs.gov/pub/irs-soi/eo_dc.csv
MELVIN & ESTELLE GELMAN FOUNDATION INC,526042344,irs-eo-bmf-capacity,501(c)(3),democracy,0.9472,0.0028,0.0114,0.7400,,https://www.irs.gov/pub/irs-soi/eo_dc.csv
ALICE DEAL COMMUNITY ASSOCIATION INC,526042415,irs-eo-bmf-capacity,501(c)(3),democracy,0.4516,0.0014,0.0054,0.7400,,https://www.irs.gov/pub/irs-soi/eo_dc.csv
MASONIC FOUNDATION OF THE DISTRICT OF COLUMBIA,526042568,irs-eo-bmf-capacity,501(c)(3),democracy,2.6834,0.0081,0.0322,0.7400,,https://www.irs.gov/pub/irs-soi/eo_dc.csv
WHITE HOUSE NEWS PHOTOGRAPHERS ASSOCIATION,526043226,irs-eo-bmf-capacity,501(c)(6),democracy,0.2645,0.0048,0.0032,0.3200,,https://www.irs.gov/pub/irs-soi/eo_dc.csv
KASS AND BERGER FAMILY FOUNDATION,526043285,irs-eo-bmf-capacity,501(c)(3),democracy,0.0424,0.0001,0.0005,0.7400,,https://www.irs.gov/pub/irs-soi/eo_dc.csv
THE CHARLES I AND MARY KAPLAN FAMILY FOUNDATION,526043928,irs-eo-bmf-capacity,501(c)(3),democracy,2.1995,0.0066,0.0264,0.7400,,https://www.irs.gov/pub/irs-soi/eo_dc.csv
NCFC EDUCATION FOUNDATION,526045207,irs-eo-bmf-capacity,501(c)(3),democracy,0.0080,0.0000,0.0001,0.7400,,https://www.irs.gov/pub/irs-soi/eo_dc.csv
BOYS & GIRLS CLUBS OF GREATER WASHINGTON FOUNDATION,526045753,irs-eo-bmf-capacity,501(c)(3),democracy,0.5436,0.0016,0.0065,0.7400,,https://www.irs.gov/pub/irs-soi/eo_dc.csv
DIANE & NORMAN BERNSTEIN FOUNDATION,526047356,irs-eo-bmf-capacity,501(c)(3),democracy,7.7671,0.0233,0.0932,0.7400,,https://www.irs.gov/pub/irs-soi/eo_dc.csv
LAFAYETTE HOME AND SCHOOL ASSOCIATION D C PUBLIC SCHOOL,526049055,irs-eo-bmf-capacity,501(c)(3),democracy,0.3355,0.0010,0.0040,0.7400,,https://www.irs.gov/pub/irs-soi/eo_dc.csv
AMERICAN PSYCHOLOGICAL FOUNDATION INC,526051733,irs-eo-bmf-capacity,501(c)(3),democracy,9.2291,0.0277,0.1107,0.7400,,https://www.irs.gov/pub/irs-soi/eo_dc.csv
ST JOHNS MITE ASSOCIATION,526051971,irs-eo-bmf-capacity,501(c)(3),democracy,0.1370,0.0004,0.0016,0.7400,,https://www.irs.gov/pub/irs-soi/eo_dc.csv
BEN W MURCH HOME AND SCHOOL ASSOCIATION INC,526053804,irs-eo-bmf-capacity,501(c)(3),democracy,0.2274,0.0007,0.0027,0.7400,,https://www.irs.gov/pub/irs-soi/eo_dc.csv
AMERICAN COUNCIL OF INDEPENDENT LABORATORIES INC,526053960,irs-eo-bmf-capacity,501(c)(6),democracy,0.7017,0.0126,0.0084,0.3200,,https://www.irs.gov/pub/irs-soi/eo_dc.csv
PER JACOBSSON FOUNDATION,526054065,irs-eo-bmf-capacity,501(c)(3),democracy,0.0354,0.0001,0.0004,0.7400,,https://www.irs.gov/pub/irs-soi/eo_dc.csv
BENDER FOUNDATION INC,526054193,irs-eo-bmf-capacity,501(c)(3),democracy,15.4990,0.0465,0.1860,0.7400,,https://www.irs.gov/pub/irs-soi/eo_dc.csv
EQUIPMENT LEASING AND FINANCE ASSOCIATION INC,526054211,irs-eo-bmf-capacity,501(c)(6),finance,11.9267,0.2147,0.1431,0.3200,,https://www.irs.gov/pub/irs-soi/eo_dc.csv
ENERGY BAR ASSOCIATION,526054231,irs-eo-bmf-capacity,501(c)(6),energy,1.4160,0.0255,0.0170,0.3200,,https://www.irs.gov/pub/irs-soi/eo_dc.csv
PAN AMERICAN DEVELOPMENT FOUNDATION INC,526054268,irs-eo-bmf-capacity,501(c)(3),democracy,131.1149,0.3933,1.5734,0.7400,,https://www.irs.gov/pub/irs-soi/eo_dc.csv
SCOTTISH RITE FOUNDATION SOUTHERN JURISDICTION USA INC,526054737,irs-eo-bmf-capacity,501(c)(3),democracy,5.2005,0.0156,0.0624,0.7400,,https://www.irs.gov/pub/irs-soi/eo_dc.csv
NATIONAL COUNCIL OF STATE EDUCATION ASSOCIATION,526055214,irs-eo-bmf-capacity,501(c)(6),democracy,0.6121,0.0110,0.0073,0.3200,,https://www.irs.gov/pub/irs-soi/eo_dc.csv
FOUNDATION FOR MIDDLE EAST PEACE,526055574,irs-eo-bmf-capacity,501(c)(3),democracy,4.8443,0.0145,0.0581,0.7400,,https://www.irs.gov/pub/irs-soi/eo_dc.csv
SIGMA DELTA CHI FOUNDATION OF WASHINGTON D C,526055635,irs-eo-bmf-capacity,501(c)(3),democracy,0.0116,0.0000,0.0001,0.7400,,https://www.irs.gov/pub/irs-soi/eo_dc.csv
NATIONAL LEAGUE OF CITIES INSTITUTE INC,526055762,irs-eo-bmf-capacity,501(c)(3),democracy,21.2563,0.0638,0.2551,0.7400,,https://www.irs.gov/pub/irs-soi/eo_dc.csv
BROADCAST EDUCATION ASSOCIATION,526057288,irs-eo-bmf-capacity,501(c)(3),democracy,1.2502,0.0038,0.0150,0.7400,,https://www.irs.gov/pub/irs-soi/eo_dc.csv
ADJUTANTS GENERAL ASSOCIATION OF THE UNITED STATES,526057385,irs-eo-bmf-capacity,501(c)(4),democracy,0.1172,0.0029,0.0014,0.2000,,https://www.irs.gov/pub/irs-soi/eo_dc.csv
ALLIANCE FRANCAISE DE WASHINGTON INC,526057767,irs-eo-bmf-capacity,501(c)(3),democracy,1.6576,0.0050,0.0199,0.7400,,https://www.irs.gov/pub/irs-soi/eo_dc.csv
DACOR BACON HOUSE FOUNDATION,526059096,irs-eo-bmf-capacity,501(c)(3),democracy,1.7784,0.0053,0.0213,0.7400,,https://www.irs.gov/pub/irs-soi/eo_dc.csv
METROPOLITAN WASHINGTON COUNCIL OF GOVERNMENTS,526060391,irs-eo-bmf-capacity,501(c)(3),democracy,54.3782,0.1631,0.6525,0.7400,,https://www.irs.gov/pub/irs-soi/eo_dc.csv
AMERICAN COKE & COAL CHEMICALS INSTITUTE,526061634,irs-eo-bmf-capacity,501(c)(6),democracy,0.9603,0.0173,0.0115,0.3200,,https://www.irs.gov/pub/irs-soi/eo_dc.csv
WASHINGTON LITERACY CENTER,526063003,irs-eo-bmf-capacity,501(c)(3),democracy,2.2940,0.0069,0.0275,0.7400,,https://www.irs.gov/pub/irs-soi/eo_dc.csv
PHI BETA KAPPA FOUNDATION,526063291,irs-eo-bmf-capacity,501(c)(3),democracy,4.3679,0.0131,0.0524,0.7400,,https://www.irs.gov/pub/irs-soi/eo_dc.csv
GRANGE FOUNDATION,526063293,irs-eo-bmf-capacity,501(c)(3),democracy,0.1298,0.0004,0.0016,0.7400,,https://www.irs.gov/pub/irs-soi/eo_dc.csv
LANDSCAPE ARCHITECTURE FOUNDATION,526065505,irs-eo-bmf-capacity,501(c)(3),democracy,1.6959,0.0051,0.0204,0.7400,,https://www.irs.gov/pub/irs-soi/eo_dc.csv
FOUNDATION FOR THE PRESERVATION OF HISTORIC GEORGETOWN,526066122,irs-eo-bmf-capacity,501(c)(3),democracy,0.1362,0.0004,0.0016,0.7400,,https://www.irs.gov/pub/irs-soi/eo_dc.csv
HILLEL THE FOUNDATION FOR JEWISH CAMPUS LIFE,526066696,irs-eo-bmf-capacity,501(c)(3),democracy,0.6548,0.0020,0.0079,0.7400,,https://www.irs.gov/pub/irs-soi/eo_dc.csv
NATIONAL OCEAN INDUSTRIES ASSOCIATION,526067118,irs-eo-bmf-capacity,501(c)(6),democracy,3.9638,0.0713,0.0476,0.3200,,https://www.irs.gov/pub/irs-soi/eo_dc.csv
LONGVIEW FOUNDATION FOR EDUCATION IN WORLD AFFAIRS & INTL UNDERSTAND,526070327,irs-eo-bmf-capacity,501(c)(3),democracy,0.5680,0.0017,0.0068,0.7400,,https://www.irs.gov/pub/irs-soi/eo_dc.csv
TUDOR PLACE FOUNDATION INC,526070337,irs-eo-bmf-capacity,501(c)(3),democracy,1.8657,0.0056,0.0224,0.7400,,https://www.irs.gov/pub/irs-soi/eo_dc.csv
ALUMNI ASSOCIATION OF THE NATIONAL WAR COLLEGE,526071274,irs-eo-bmf-capacity,501(c)(3),democracy,0.0785,0.0002,0.0009,0.7400,,https://www.irs.gov/pub/irs-soi/eo_dc.csv
COSMOS CLUB FOUNDATION,526071375,irs-eo-bmf-capacity,501(c)(3),democracy,0.4306,0.0013,0.0052,0.7400,,https://www.irs.gov/pub/irs-soi/eo_dc.csv
CONGRESSIONAL CLUB MUSEUM AND FOUNDATION,526071828,irs-eo-bmf-capacity,501(c)(3),democracy,0.8571,0.0026,0.0103,0.7400,,https://www.irs.gov/pub/irs-soi/eo_dc.csv
HOWARD AND GERALDINE POLINGER FOUNDATION INC,526078041,irs-eo-bmf-capacity,501(c)(3),democracy,14.7026,0.0441,0.1764,0.7400,,https://www.irs.gov/pub/irs-soi/eo_dc.csv
THE FOUNDATION OF THE BAR ASSN OF T HE DISTRICT OF COLUMBIA,526078388,irs-eo-bmf-capacity,501(c)(3),democracy,0.0550,0.0002,0.0007,0.7400,,https://www.irs.gov/pub/irs-soi/eo_dc.csv
HILLEL THE FOUNDATION FOR JEWISH CAMPUS LIFE,526081729,irs-eo-bmf-capacity,501(c)(3),democracy,1.3316,0.0040,0.0160,0.7400,,https://www.irs.gov/pub/irs-soi/eo_dc.csv
WORLD FEDERALISTS ASSOCIATION,526081813,irs-eo-bmf-capacity,501(c)(3),democracy,0.3426,0.0010,0.0041,0.7400,,https://www.irs.gov/pub/irs-soi/eo_dc.csv
CENTER FOR STUDY OF RESPONSIVE LAW,526082290,irs-eo-bmf-capacity,501(c)(3),democracy,2.5693,0.0077,0.0308,0.7400,,https://www.irs.gov/pub/irs-soi/eo_dc.csv
NATIONAL ASSOCIATION OF REGIONAL COUNCILS,526082922,irs-eo-bmf-capacity,501(c)(3),democracy,1.2218,0.0037,0.0147,0.7400,,https://www.irs.gov/pub/irs-soi/eo_dc.csv
ASSOCIATION OF COMMUNITY COLLEGE TRUSTEES,526120210,irs-eo-bmf-capacity,501(c)(3),democracy,10.5362,0.0316,0.1264,0.7400,,https://www.irs.gov/pub/irs-soi/eo_dc.csv
TUDOR PLACE FOUNDATION INC 2,526189264,irs-eo-bmf-capacity,501(c)(3),democracy,0.4295,0.0013,0.0052,0.7400,,https://www.irs.gov/pub/irs-soi/eo_dc.csv
FOREST PRODUCTS INDUSTRY NATIONAL LABOR-MANAGEMENT COMMITTEE,526505964,irs-eo-bmf-capacity,501(c)(6),democracy,0.0660,0.0012,0.0008,0.3200,,https://www.irs.gov/pub/irs-soi/eo_dc.csv
MAXON FOUNDATION,526722157,irs-eo-bmf-capacity,501(c)(3),democracy,0.0320,0.0001,0.0004,0.7400,,https://www.irs.gov/pub/irs-soi/eo_dc.csv
VINCENT WILKINSON FOUNDATION,527318075,irs-eo-bmf-capacity,501(c)(3),democracy,0.1920,0.0006,0.0023,0.7400,,https://www.irs.gov/pub/irs-soi/eo_dc.csv
AMERICAN FINANICAL SERVICES ASSOCIATION,530025360,irs-eo-bmf-capacity,501(c)(6),democracy,12.7962,0.2303,0.1536,0.3200,,https://www.irs.gov/pub/irs-soi/eo_dc.csv
AAUW ACTION FUND INC,530025390,irs-eo-bmf-capacity,501(c)(4),democracy,0.0159,0.0004,0.0002,0.2000,,https://www.irs.gov/pub/irs-soi/eo_dc.csv
AMERICAN BEVERAGE ASSOCIATION,530025510,irs-eo-bmf-capacity,501(c)(6),democracy,103.7511,1.8675,1.2450,0.3200,,https://www.irs.gov/pub/irs-soi/eo_dc.csv
AMERICAN INSTITUTE OF ARCHITECTS,530025930,irs-eo-bmf-capacity,501(c)(6),democracy,70.0855,1.2615,0.8410,0.3200,,https://www.irs.gov/pub/irs-soi/eo_dc.csv
AMERICAN PHARMACISTS ASSOCIATION,530026265,irs-eo-bmf-capacity,501(c)(6),democracy,40.8213,0.7348,0.4899,0.3200,,https://www.irs.gov/pub/irs-soi/eo_dc.csv
AMERICAN ROAD AND TRANSPORTATION BUILDERS ASSOCIATION,530026395,irs-eo-bmf-capacity,501(c)(6),democracy,11.1091,0.2000,0.1333,0.3200,,https://www.irs.gov/pub/irs-soi/eo_dc.csv
AMERICAN SOCIETY OF ASSOCIATION EXECUTIVES,530026940,irs-eo-bmf-capacity,501(c)(6),democracy,24.3334,0.4380,0.2920,0.3200,,https://www.irs.gov/pub/irs-soi/eo_dc.csv
AMERICAN TRUCKING ASSOCIATIONS INC,530026970,irs-eo-bmf-capacity,501(c)(6),democracy,48.1096,0.8660,0.5773,0.3200,,https://www.irs.gov/pub/irs-soi/eo_dc.csv
ROADWAY SAFETY FOUNDATION,530030282,irs-eo-bmf-capacity,501(c)(3),democracy,0.5349,0.0016,0.0064,0.7400,,https://www.irs.gov/pub/irs-soi/eo_dc.csv
BAR ASSOCIATION OF THE DISTRICT OF COLUMBIA,530031750,irs-eo-bmf-capacity,501(c)(6),democracy,0.0886,0.0016,0.0011,0.3200,,https://www.irs.gov/pub/irs-soi/eo_dc.csv
CHAMBER OF COMMERCE OF THE UNITED STATES OF AMERICA,530045720,irs-eo-bmf-capacity,501(c)(6),democracy,225.8354,4.0650,2.7100,0.3200,,https://www.irs.gov/pub/irs-soi/eo_dc.csv
IF FOUNDATION,530078064,irs-eo-bmf-capacity,501(c)(3),democracy,3.8866,0.0117,0.0466,0.7400,,https://www.irs.gov/pub/irs-soi/eo_dc.csv
HOTEL ASSOCIATION OF WASHINGTON D C INC,530085970,irs-eo-bmf-capacity,501(c)(6),democracy,2.5789,0.0464,0.0309,0.3200,,https://www.irs.gov/pub/irs-soi/eo_dc.csv
EDIBLE OIL PRODUCERS ASSOCIATION,530088243,irs-eo-bmf-capacity,501(c)(6),energy,1.0993,0.0198,0.0132,0.3200,,https://www.irs.gov/pub/irs-soi/eo_dc.csv
INTER AMERICAN BAR ASSOCIATION,530088262,irs-eo-bmf-capacity,501(c)(6),democracy,0.1005,0.0018,0.0012,0.3200,,https://www.irs.gov/pub/irs-soi/eo_dc.csv
AMERICAN CHEMISTRY COUNCIL,530104410,irs-eo-bmf-capacity,501(c)(6),democracy,186.0850,3.3495,2.2330,0.3200,,https://www.irs.gov/pub/irs-soi/eo_dc.csv
CONSUMER BANKERS ASSOCIATION,530112431,irs-eo-bmf-capacity,501(c)(6),finance,20.2476,0.3645,0.2430,0.3200,,https://www.irs.gov/pub/irs-soi/eo_dc.csv
NATIONAL ASSOCIATION OF BEVERAGE IMPORTERS INC,530114590,irs-eo-bmf-capacity,501(c)(6),democracy,0.3336,0.0060,0.0040,0.3200,,https://www.irs.gov/pub/irs-soi/eo_dc.csv
NATIONAL ASSOCIATION OF BROADCASTERS,530114600,irs-eo-bmf-capacity,501(c)(6),democracy,71.5458,1.2878,0.8585,0.3200,,https://www.irs.gov/pub/irs-soi/eo_dc.csv
AMERICAN BUS ASSOCIATION INC,530114680,irs-eo-bmf-capacity,501(c)(6),democracy,3.9871,0.0718,0.0478,0.3200,,https://www.irs.gov/pub/irs-soi/eo_dc.csv
NATIONAL COUNCIL OF FARMER COOPERATIVES,530115150,irs-eo-bmf-capacity,501(c)(6),democracy,6.3113,0.1136,0.0757,0.3200,,https://www.irs.gov/pub/irs-soi/eo_dc.csv
NATIONAL ELECTRICAL CONTRACTORS ASSOCIATION INC,530115267,irs-eo-bmf-capacity,501(c)(6),energy,49.0951,0.8837,0.5891,0.3200,,https://www.irs.gov/pub/irs-soi/eo_dc.csv
DISTANCE EDUCATION & TRAINING COUNCIL,530115490,irs-eo-bmf-capacity,501(c)(6),democracy,4.6608,0.0839,0.0559,0.3200,,https://www.irs.gov/pub/irs-soi/eo_dc.csv
NATIONAL LUMBER AND BUILDING MATERIAL DEALERS ASSOCIATION,530115720,irs-eo-bmf-capacity,501(c)(6),democracy,0.7009,0.0126,0.0084,0.3200,,https://www.irs.gov/pub/irs-soi/eo_dc.csv
AMERICAN COATINGS ASSOCIATION INC,530115900,irs-eo-bmf-capacity,501(c)(6),democracy,12.1012,0.2178,0.1452,0.3200,,https://www.irs.gov/pub/irs-soi/eo_dc.csv
NATIONAL WATER RESOURCES ASSOCIATION INC,530116060,irs-eo-bmf-capacity,501(c)(4),democracy,0.6095,0.0152,0.0073,0.2000,,https://www.irs.gov/pub/irs-soi/eo_dc.csv
AMERICAN LOGISTICS ASSOCIATION,530130030,irs-eo-bmf-capacity,501(c)(6),democracy,1.6198,0.0292,0.0194,0.3200,,https://www.irs.gov/pub/irs-soi/eo_dc.csv
KINGSBURY CENTER INC,530132223,irs-eo-bmf-capacity,501(c)(3),democracy,0.1642,0.0005,0.0020,0.7400,,https://www.irs.gov/pub/irs-soi/eo_dc.csv
NATIONAL FOUNDATION FOR CREDIT COUNSELING INC,530132493,irs-eo-bmf-capacity,501(c)(3),finance,8.6213,0.0259,0.1035,0.7400,,https://www.irs.gov/pub/irs-soi/eo_dc.csv
TILE CONTRACTORS ASSOCIATION OF AMERICA INC,530155850,irs-eo-bmf-capacity,501(c)(6),procurement,0.2029,0.0037,0.0024,0.3200,,https://www.irs.gov/pub/irs-soi/eo_dc.csv
UNITED STATES BEET SUGAR ASSOCIATION,530159300,irs-eo-bmf-capacity,501(c)(6),democracy,4.6431,0.0836,0.0557,0.3200,,https://www.irs.gov/pub/irs-soi/eo_dc.csv
UNITED STATES TELECOM ASSOCIATION,530159345,irs-eo-bmf-capacity,501(c)(6),technology,19.0149,0.3423,0.2282,0.3200,,https://www.irs.gov/pub/irs-soi/eo_dc.csv
URBAN LAND INSTITUTE,530159845,irs-eo-bmf-capacity,501(c)(3),democracy,92.3284,0.2770,1.1079,0.7400,,https://www.irs.gov/pub/irs-soi/eo_dc.csv
WASHINGTON AREA NEW AUTOMOBILE DEALERS ASSOCIATION,530162520,irs-eo-bmf-capacity,501(c)(6),democracy,5.2635,0.0947,0.0632,0.3200,,https://www.irs.gov/pub/irs-soi/eo_dc.csv
HILLCREST CHILDRENS CENTER,530162650,irs-eo-bmf-capacity,501(c)(3),democracy,13.8025,0.0414,0.1656,0.7400,,https://www.irs.gov/pub/irs-soi/eo_dc.csv
RESTAURANT ASSOCIATION OF METROPOLITIAN WASHINGTON INC,530163480,irs-eo-bmf-capacity,501(c)(6),democracy,1.7683,0.0318,0.0212,0.3200,,https://www.irs.gov/pub/irs-soi/eo_dc.csv
NATIONAL COUNCIL OF NEGRO WOMEN INC,530173054,irs-eo-bmf-capacity,501(c)(3),democracy,11.6707,0.0350,0.1400,0.7400,,https://www.irs.gov/pub/irs-soi/eo_dc.csv
METROPOLITAN POLICE RELIEF ASSOCIATION OF THE DISTRICT OF COL,530173851,irs-eo-bmf-capacity,501(c)(4),democracy,1.0529,0.0263,0.0126,0.2000,,https://www.irs.gov/pub/irs-soi/eo_dc.csv
CONSUMER HEALTHCARE PRODUCTS ASSOCIATION,530175639,irs-eo-bmf-capacity,501(c)(6),democracy,22.8716,0.4117,0.2745,0.3200,,https://www.irs.gov/pub/irs-soi/eo_dc.csv
FRIENDS COMMITTEE ON NATIONAL LEGISLATION,530178883,irs-eo-bmf-capacity,501(c)(4),democracy,5.3305,0.1333,0.0640,0.2000,,https://www.irs.gov/pub/irs-soi/eo_dc.csv
AMERICANS FOR DEMOCRATIC ACTION INC,530180733,irs-eo-bmf-capacity,501(c)(4),democracy,0.1984,0.0050,0.0024,0.2000,,https://www.irs.gov/pub/irs-soi/eo_dc.csv
NATIONAL PETROLEUM COUNCIL,530182304,irs-eo-bmf-capacity,501(c)(6),democracy,5.4137,0.0974,0.0650,0.3200,,https://www.irs.gov/pub/irs-soi/eo_dc.csv
ASSOCIATION OF PUBLIC AND LAND-GRANT UNIVERSITIES,530183246,irs-eo-bmf-capacity,501(c)(3),democracy,20.1000,0.0603,0.2412,0.7400,,https://www.irs.gov/pub/irs-soi/eo_dc.csv
AMERICAN HIGHWAY USERS ALLIANCE,530186334,irs-eo-bmf-capacity,501(c)(6),democracy,1.2268,0.0221,0.0147,0.3200,,https://www.irs.gov/pub/irs-soi/eo_dc.csv
NATIONAL ASSOCIATION OF WHOLESALERS DISTRIBUTORS INC,530188893,irs-eo-bmf-capacity,501(c)(6),democracy,13.1310,0.2364,0.1576,0.3200,,https://www.irs.gov/pub/irs-soi/eo_dc.csv
NATIONAL ASSOCIATION OF COUNTIES,530190321,irs-eo-bmf-capacity,501(c)(4),democracy,28.9146,0.7229,0.3470,0.2000,,https://www.irs.gov/pub/irs-soi/eo_dc.csv
AMERICAN ASSOCIATION OF PORT AUTHORITIES INC,530193338,irs-eo-bmf-capacity,501(c)(6),democracy,8.2844,0.1491,0.0994,0.3200,,https://www.irs.gov/pub/irs-soi/eo_dc.csv
AID ASSOCIATION FOR THE BLIND OF THE DISTRICT OF COLUMBIA,530196564,irs-eo-bmf-capacity,501(c)(3),democracy,1.3807,0.0041,0.0166,0.7400,,https://www.irs.gov/pub/irs-soi/eo_dc.csv
AMERICAN ASSOCIATION FOR THE ADVANCEMENT OF SCIENCE,530196568,irs-eo-bmf-capacity,501(c)(3),democracy,129.4769,0.3884,1.5537,0.7400,,https://www.irs.gov/pub/irs-soi/eo_dc.csv
AMERICAN ASSOCIATION OF COMMUNITY COLLEGES,530196569,irs-eo-bmf-capacity,501(c)(3),democracy,25.6040,0.0768,0.3072,0.7400,,https://www.irs.gov/pub/irs-soi/eo_dc.csv
AMERICAN COUNCIL ON EDUCATION,530196573,irs-eo-bmf-capacity,501(c)(3),democracy,34.2852,0.1029,0.4114,0.7400,,https://www.irs.gov/pub/irs-soi/eo_dc.csv
NATIONAL AERONAUTIC ASSOCIATION OF U S A INC,530196615,irs-eo-bmf-capacity,501(c)(3),democracy,0.9458,0.0028,0.0113,0.7400,,https://www.irs.gov/pub/irs-soi/eo_dc.csv
NATIONAL CHILD RESEARCH CENTER,530196619,irs-eo-bmf-capacity,501(c)(3),democracy,8.4618,0.0254,0.1015,0.7400,,https://www.irs.gov/pub/irs-soi/eo_dc.csv
ALEXANDER GRAHAM BELL ASSOCIATION FOR THE DEAF AND HARD OF HEARING,530196644,irs-eo-bmf-capacity,501(c)(3),democracy,2.5428,0.0076,0.0305,0.7400,,https://www.irs.gov/pub/irs-soi/eo_dc.csv
COUNCIL OF CHIEF STATE SCHOOL OFFICERS,530198090,irs-eo-bmf-capacity,501(c)(3),democracy,29.2845,0.0879,0.3514,0.7400,,https://www.irs.gov/pub/irs-soi/eo_dc.csv
AMERICAN POLITICAL SCIENCE ASSOCIATION,530200001,irs-eo-bmf-capacity,501(c)(3),democracy,9.0876,0.0273,0.1091,0.7400,,https://www.irs.gov/pub/irs-soi/eo_dc.csv
MIDDLE EAST INSTITUTE,530204608,irs-eo-bmf-capacity,501(c)(3),democracy,8.3894,0.0252,0.1007,0.7400,,https://www.irs.gov/pub/irs-soi/eo_dc.csv
NATIONAL ASSOCIATION OF REGULATORY UTILITY COMMISSIONERS,530204609,irs-eo-bmf-capacity,501(c)(4),energy,17.6944,0.4424,0.2123,0.2000,,https://www.irs.gov/pub/irs-soi/eo_dc.csv
PLANNED PARENTHOOD ASSOCIATION OF METROPOLITAN WASHINGTON D C INC,530204621,irs-eo-bmf-capacity,501(c)(3),democracy,20.6607,0.0620,0.2479,0.7400,,https://www.irs.gov/pub/irs-soi/eo_dc.csv
AMERICAN ASSOCIATION OF STATE HIGHWAY & TRANSPORTATION OFFICIALS,530204654,irs-eo-bmf-capacity,501(c)(3),democracy,143.7546,0.4313,1.7251,0.7400,,https://www.irs.gov/pub/irs-soi/eo_dc.csv
EPISCOPAL CENTER FOR CHILDREN,530204692,irs-eo-bmf-capacity,501(c)(3),democracy,12.1309,0.0364,0.1456,0.7400,,https://www.irs.gov/pub/irs-soi/eo_dc.csv
WRITING INSTRUMENT MANUFACTURERS ASSOCIATION INC,530205846,irs-eo-bmf-capacity,501(c)(6),democracy,0.2071,0.0037,0.0025,0.3200,,https://www.irs.gov/pub/irs-soi/eo_dc.csv
SMITHSONIAN INSTITUTE,530206027,irs-eo-bmf-capacity,501(c)(3),democracy,1955.6200,5.8669,23.4674,0.7400,,https://www.irs.gov/pub/irs-soi/eo_dc.csv
YOUNG MENS CHRISTIAN ASSOCIATION,530207403,irs-eo-bmf-capacity,501(c)(3),democracy,49.2460,0.1477,0.5910,0.7400,,https://www.irs.gov/pub/irs-soi/eo_dc.csv
PHYLLIS WHEATLEY YOUNG WOMENS CHRISTIAN ASSOCIATION,530207404,irs-eo-bmf-capacity,501(c)(3),democracy,0.1896,0.0006,0.0023,0.7400,,https://www.irs.gov/pub/irs-soi/eo_dc.csv
CENTER ON CONSCIENCE & WAR,530207406,irs-eo-bmf-capacity,501(c)(3),democracy,0.1041,0.0003,0.0012,0.7400,,https://www.irs.gov/pub/irs-soi/eo_dc.csv
ASSOCIATION OF AMERICAN GEOGRAPHERS,530207414,irs-eo-bmf-capacity,501(c)(3),democracy,2.3895,0.0072,0.0287,0.7400,,https://www.irs.gov/pub/irs-soi/eo_dc.csv
NATIONAL SYMPHONY ORCHESTRA ASSOCIATION OF WASHINGTON D C,530208364,irs-eo-bmf-capacity,501(c)(3),democracy,0.4553,0.0014,0.0055,0.7400,,https://www.irs.gov/pub/irs-soi/eo_dc.csv
NORTH AMERICAN REGION OF THE AIRPORTS COUNCIL INTERNATIONAL,530209303,irs-eo-bmf-capacity,501(c)(6),democracy,21.7959,0.3923,0.2616,0.3200,,https://www.irs.gov/pub/irs-soi/eo_dc.csv
ALUMNAE ASSOCIATION OF TRINITY COLLEGE,530209631,irs-eo-bmf-capacity,501(c)(3),democracy,0.0256,0.0001,0.0003,0.7400,,https://www.irs.gov/pub/irs-soi/eo_dc.csv
THE WASHINGTON BALTIMORE CENTER FOR PSYCHOANALYSIS INC,530213312,irs-eo-bmf-capacity,501(c)(3),democracy,1.4749,0.0044,0.0177,0.7400,,https://www.irs.gov/pub/irs-soi/eo_dc.csv
NATIONAL PARKING ASSOCIATION INC,530215136,irs-eo-bmf-capacity,501(c)(6),democracy,4.5389,0.0817,0.0545,0.3200,,https://www.irs.gov/pub/irs-soi/eo_dc.csv
FOREIGN AFFAIRS RECREATION ASSOCIATION,530217160,irs-eo-bmf-capacity,501(c)(3),democracy,1.4068,0.0042,0.0169,0.7400,,https://www.irs.gov/pub/irs-soi/eo_dc.csv
AMERICAN ISRAEL PUBLIC AFFAIRS COMMITTEE,530217164,irs-eo-bmf-capacity,501(c)(4),democracy,156.4487,3.9112,1.8774,0.2000,,https://www.irs.gov/pub/irs-soi/eo_dc.csv
AMERICAN HISTORICAL ASSOCIATION,530217487,irs-eo-bmf-capacity,501(c)(3),democracy,4.8344,0.0145,0.0580,0.7400,,https://www.irs.gov/pub/irs-soi/eo_dc.csv
AMERICAN ENTERPRISE INSTITUTE FOR PUBLIC POLICY RESEARCH,530218495,irs-eo-bmf-capacity,501(c)(3),democracy,75.3723,0.2261,0.9045,0.7400,,https://www.irs.gov/pub/irs-soi/eo_dc.csv
THE ASSOCIATION FOR THE STUDY OF AFRICAN AMERICAN LIFE AND HISTORY,530219640,irs-eo-bmf-capacity,501(c)(3),democracy,2.5556,0.0077,0.0307,0.7400,,https://www.irs.gov/pub/irs-soi/eo_dc.csv
FEDERAL CITY COUNCIL,530219643,irs-eo-bmf-capacity,501(c)(3),democracy,3.8850,0.0117,0.0466,0.7400,,https://www.irs.gov/pub/irs-soi/eo_dc.csv
NCTA-THE INTERNET & TELEVISION ASSOCIATION,530222396,irs-eo-bmf-capacity,501(c)(6),technology,67.5462,1.2158,0.8106,0.3200,,https://www.irs.gov/pub/irs-soi/eo_dc.csv
NATIONAL PARKS CONSERVATION ASSOCIATION,530225165,irs-eo-bmf-capacity,501(c)(3),democracy,51.6183,0.1549,0.6194,0.7400,,https://www.irs.gov/pub/irs-soi/eo_dc.csv
WASHINGTON CHAPTER OF THE AMERICAN INSTITUTE OF ARCHITECTS INC,530225668,irs-eo-bmf-capacity,501(c)(6),democracy,2.0703,0.0373,0.0248,0.3200,,https://www.irs.gov/pub/irs-soi/eo_dc.csv
BUSINESS COUNCIL INC,530226281,irs-eo-bmf-capacity,501(c)(6),democracy,7.2083,0.1297,0.0865,0.3200,,https://www.irs.gov/pub/irs-soi/eo_dc.csv
US TRAVEL ASSOCIATION,530231139,irs-eo-bmf-capacity,501(c)(6),democracy,36.4505,0.6561,0.4374,0.3200,,https://www.irs.gov/pub/irs-soi/eo_dc.csv
INSTITUTE OF TRANSPORTATION ENGINEERS INC,530232732,irs-eo-bmf-capacity,501(c)(3),democracy,8.1892,0.0246,0.0983,0.7400,,https://www.irs.gov/pub/irs-soi/eo_dc.csv
CAN MANUFACTURERS INSTITUTE,530236207,irs-eo-bmf-capacity,501(c)(6),democracy,9.1668,0.1650,0.1100,0.3200,,https://www.irs.gov/pub/irs-soi/eo_dc.csv
BNAI BRITH HILLEL FOUNDATION,530238141,irs-eo-bmf-capacity,501(c)(3),democracy,0.0189,0.0001,0.0002,0.7400,,https://www.irs.gov/pub/irs-soi/eo_dc.csv
NATIONAL AIR TRAN ASSOCIATION,530238820,irs-eo-bmf-capacity,501(c)(6),democracy,4.6447,0.0836,0.0557,0.3200,,https://www.irs.gov/pub/irs-soi/eo_dc.csv
NATIONAL ASSOCIATION OF COUNTIES RESEARCH FOUNDATION,530241255,irs-eo-bmf-capacity,501(c)(3),democracy,11.8845,0.0357,0.1426,0.7400,,https://www.irs.gov/pub/irs-soi/eo_dc.csv
EUGENE & AGNES E MEYER FOUNDATION,530241716,irs-eo-bmf-capacity,501(c)(3),democracy,33.2669,0.0998,0.3992,0.7400,,https://www.irs.gov/pub/irs-soi/eo_dc.csv
PROJECT HOPE - THE PEOPLE-TO-PEOPLE HEALTH FOUNDATION INC,530242962,irs-eo-bmf-capacity,501(c)(3),democracy,186.4871,0.5595,2.2378,0.7400,,https://www.irs.gov/pub/irs-soi/eo_dc.csv
JOHN F KENNEDY CENTER FOR THE PERFORMING ARTS,530245017,irs-eo-bmf-capacity,501(c)(3),democracy,306.8772,0.9206,3.6825,0.7400,,https://www.irs.gov/pub/irs-soi/eo_dc.csv
ARMY DISTAFF FOUNDATION INC,530246852,irs-eo-bmf-capacity,501(c)(3),democracy,24.3577,0.0731,0.2923,0.7400,,https://www.irs.gov/pub/irs-soi/eo_dc.csv
BNAI BRITH FOUNDATION OF THE UNITED STATES,530257218,irs-eo-bmf-capacity,501(c)(3),democracy,1.7132,0.0051,0.0206,0.7400,,https://www.irs.gov/pub/irs-soi/eo_dc.csv
UNITED NATIONS ASSOCIATION OF THE USA CAPITAL AREA DIVISION,530257462,irs-eo-bmf-capacity,501(c)(3),finance,0.3467,0.0010,0.0042,0.7400,,https://www.irs.gov/pub/irs-soi/eo_dc.csv
SULPHUR INSTITUTE,530257818,irs-eo-bmf-capacity,501(c)(6),democracy,1.8890,0.0340,0.0227,0.3200,,https://www.irs.gov/pub/irs-soi/eo_dc.csv
LT JOSEPH P KENNEDY INSTITUTE,530258035,irs-eo-bmf-capacity,501(c)(3),democracy,8.9981,0.0270,0.1080,0.7400,,https://www.irs.gov/pub/irs-soi/eo_dc.csv
PEARL AND IVY EDUCATIONAL FOUNDATION INC,530258477,irs-eo-bmf-capacity,501(c)(3),democracy,0.2417,0.0007,0.0029,0.7400,,https://www.irs.gov/pub/irs-soi/eo_dc.csv
AMERICAN APPAREL AND FOOTWEAR ASSOCIATION,530258503,irs-eo-bmf-capacity,501(c)(6),democracy,8.0554,0.1450,0.0967,0.3200,,https://www.irs.gov/pub/irs-soi/eo_dc.csv
AMERICAN LAND TITLE ASSOCIATION,530259366,irs-eo-bmf-capacity,501(c)(6),democracy,13.2226,0.2380,0.1587,0.3200,,https://www.irs.gov/pub/irs-soi/eo_dc.csv
AMERICAN PILOTS ASSOCIATION INC,530259463,irs-eo-bmf-capacity,501(c)(6),democracy,4.2966,0.0773,0.0516,0.3200,,https://www.irs.gov/pub/irs-soi/eo_dc.csv
MERIDIAN INTERNATIONAL CENTER,530259663,irs-eo-bmf-capacity,501(c)(3),democracy,47.6279,0.1429,0.5715,0.7400,,https://www.irs.gov/pub/irs-soi/eo_dc.csv
SMALL BUSINESS INVESTOR ALLIANCE INC,530259837,irs-eo-bmf-capacity,501(c)(6),democracy,7.3146,0.1317,0.0878,0.3200,,https://www.irs.gov/pub/irs-soi/eo_dc.csv
INTERNATIONAL BRIDGE TUNNEL AND TURNPIKE ASSOCIATION,530259945,irs-eo-bmf-capacity,501(c)(6),democracy,7.4495,0.1341,0.0894,0.3200,,https://www.irs.gov/pub/irs-soi/eo_dc.csv
NATIONAL ASSOCIATION OF COLLEGE AND,530259954,irs-eo-bmf-capacity,501(c)(3),democracy,20.0338,0.0601,0.2404,0.7400,,https://www.irs.gov/pub/irs-soi/eo_dc.csv
AMERICAN HEALTH CARE ASSOCIATION AND SUBSIDIARY,530260105,irs-eo-bmf-capacity,501(c)(6),democracy,44.0219,0.7924,0.5283,0.3200,,https://www.irs.gov/pub/irs-soi/eo_dc.csv
US GRAINS & BIOPRODUCTS COUNCIL,530260714,irs-eo-bmf-capacity,501(c)(6),democracy,35.5411,0.6397,0.4265,0.3200,,https://www.irs.gov/pub/irs-soi/eo_dc.csv
COMPOSITE CAN & TUBE INSTITUTE,530261035,irs-eo-bmf-capacity,501(c)(6),democracy,0.0855,0.0015,0.0010,0.3200,,https://www.irs.gov/pub/irs-soi/eo_dc.csv
AMERICAN SHORT LINE AND REGIONAL RAILROAD ASSOCIATION,536000080,irs-eo-bmf-capacity,501(c)(6),democracy,8.7912,0.1582,0.1055,0.3200,,https://www.irs.gov/pub/irs-soi/eo_dc.csv
ASSOCIATION OF AMERICAN RAILROADS,536000125,irs-eo-bmf-capacity,501(c)(6),democracy,70.1673,1.2630,0.8420,0.3200,,https://www.irs.gov/pub/irs-soi/eo_dc.csv
THE INTERIOR DEPARTMENT RECREATION ASSOCIATION,536009404,irs-eo-bmf-capacity,501(c)(4),energy,0.1635,0.0041,0.0020,0.2000,,https://www.irs.gov/pub/irs-soi/eo_dc.csv
NATIONAL CHICKEN COUNCIL INC,540579473,irs-eo-bmf-capacity,501(c)(6),democracy,4.3382,0.0781,0.0521,0.3200,,https://www.irs.gov/pub/irs-soi/eo_dc.csv
PUBLIC WELFARE FOUNDATION INC,540597601,irs-eo-bmf-capacity,501(c)(3),democracy,45.6866,0.1371,0.5482,0.7400,,https://www.irs.gov/pub/irs-soi/eo_dc.csv
GIRL SCOUT COUNCIL OF THE NATIONS CAPITAL,540732966,irs-eo-bmf-capacity,501(c)(3),finance,22.0120,0.0660,0.2641,0.7400,,https://www.irs.gov/pub/irs-soi/eo_dc.csv
ACCREDITING COUNCIL FOR CONTINUING EDUCATION & TRAINING INC,540975037,irs-eo-bmf-capacity,501(c)(3),finance,3.1991,0.0096,0.0384,0.7400,,https://www.irs.gov/pub/irs-soi/eo_dc.csv
DOOR & HARDWARE INSTITUTE,540985621,irs-eo-bmf-capacity,501(c)(6),democracy,3.6827,0.0663,0.0442,0.3200,,https://www.irs.gov/pub/irs-soi/eo_dc.csv
AMERICAN ASSOCIATION FOR PHYSICIAN LEADERSHIP INC,541032555,irs-eo-bmf-capacity,501(c)(3),democracy,8.6761,0.0260,0.1041,0.7400,,https://www.irs.gov/pub/irs-soi/eo_dc.csv
NATIONAL SURGICAL ASSISTANT ASSOCIATION,541123342,irs-eo-bmf-capacity,501(c)(6),democracy,1.1860,0.0213,0.0142,0.3200,,https://www.irs.gov/pub/irs-soi/eo_dc.csv
PUBLIC LANDS ALLIANCE,541123356,irs-eo-bmf-capacity,501(c)(3),democracy,1.4127,0.0042,0.0170,0.7400,,https://www.irs.gov/pub/irs-soi/eo_dc.csv
SOUTHEASTERN UNIVERSITIES RESEARCH ASSOCIATION INC,541156453,irs-eo-bmf-capacity,501(c)(3),democracy,242.0744,0.7262,2.9049,0.7400,,https://www.irs.gov/pub/irs-soi/eo_dc.csv
NATIONAL COUNCIL OF HIGHER EDUCATION LOAN PROGRAMS INC,541204566,irs-eo-bmf-capacity,501(c)(3),democracy,0.8574,0.0026,0.0103,0.7400,,https://www.irs.gov/pub/irs-soi/eo_dc.csv
NATIONAL GROCERS ASSOCIATION,541210751,irs-eo-bmf-capacity,501(c)(6),democracy,8.8429,0.1592,0.1061,0.3200,,https://www.irs.gov/pub/irs-soi/eo_dc.csv
INTERNATIONAL LACTATION CONSULTANT ASSOCIATION,541329096,irs-eo-bmf-capacity,501(c)(3),democracy,0.4662,0.0014,0.0056,0.7400,,https://www.irs.gov/pub/irs-soi/eo_dc.csv
ATA LITIGATION CENTER,541332836,irs-eo-bmf-capacity,501(c)(6),democracy,0.3393,0.0061,0.0041,0.3200,,https://www.irs.gov/pub/irs-soi/eo_dc.csv
AMERICAN ALLIANCE FOR THEATRE AND EDUCATION,541376482,irs-eo-bmf-capacity,501(c)(3),democracy,0.1983,0.0006,0.0024,0.7400,,https://www.irs.gov/pub/irs-soi/eo_dc.csv
ALLIANCE FOR AGING RESEARCH,541379174,irs-eo-bmf-capacity,501(c)(3),democracy,4.6026,0.0138,0.0552,0.7400,,https://www.irs.gov/pub/irs-soi/eo_dc.csv
UNITED STATES COURT OF FEDERAL CLAIMS BAR ASSOCIATION,541433072,irs-eo-bmf-capacity,501(c)(3),democracy,0.0511,0.0002,0.0006,0.7400,,https://www.irs.gov/pub/irs-soi/eo_dc.csv
AMERICAN GAS FOUNDATION,541501306,irs-eo-bmf-capacity,501(c)(3),energy,0.5606,0.0017,0.0067,0.7400,,https://www.irs.gov/pub/irs-soi/eo_dc.csv
CENTER FOR PUBLIC INTEGRITY,541512177,irs-eo-bmf-capacity,501(c)(3),democracy,0.8917,0.0027,0.0107,0.7400,,https://www.irs.gov/pub/irs-soi/eo_dc.csv
WOMEN IN GOVERNMENT FOUNDATION INC,541527192,irs-eo-bmf-capacity,501(c)(3),democracy,1.7234,0.0052,0.0207,0.7400,,https://www.irs.gov/pub/irs-soi/eo_dc.csv
EQUIPMENT LEASING AND FINANCE FOUNDATION,541527848,irs-eo-bmf-capacity,501(c)(3),finance,1.0316,0.0031,0.0124,0.7400,,https://www.irs.gov/pub/irs-soi/eo_dc.csv
WELLNESS SLEEP & CIRCADIAN NETWORK INC,541545170,irs-eo-bmf-capacity,501(c)(3),democracy,0.4171,0.0013,0.0050,0.7400,,https://www.irs.gov/pub/irs-soi/eo_dc.csv
AUSTRALIA AMERICA ASSOCIATION,541552730,irs-eo-bmf-capacity,501(c)(6),democracy,0.0125,0.0002,0.0002,0.3200,,https://www.irs.gov/pub/irs-soi/eo_dc.csv
THE NATIONAL ENVIRONMENTAL EDUCATION AND TRAINING FOUNDATION,541557043,irs-eo-bmf-capacity,501(c)(3),energy,4.5186,0.0136,0.0542,0.7400,,https://www.irs.gov/pub/irs-soi/eo_dc.csv
AMERICAN PSYCHOLOGICAL ASSOCIATION INC,541572590,irs-eo-bmf-capacity,501(c)(3),democracy,10.7828,0.0323,0.1294,0.7400,,https://www.irs.gov/pub/irs-soi/eo_dc.csv
SENIORS COALITION INC,541586416,irs-eo-bmf-capacity,501(c)(4),democracy,2.1197,0.0530,0.0254,0.2000,,https://www.irs.gov/pub/irs-soi/eo_dc.csv
FREEDOM FORUM INC,541604427,irs-eo-bmf-capacity,501(c)(3),democracy,99.5058,0.2985,1.1941,0.7400,,https://www.irs.gov/pub/irs-soi/eo_dc.csv
EANGUS WE CARE FOR AMERICA FOUNDATION INC,541614300,irs-eo-bmf-capacity,501(c)(3),democracy,0.6968,0.0021,0.0084,0.7400,,https://www.irs.gov/pub/irs-soi/eo_dc.csv
CITIZENS UNITED FOUNDATION,541626748,irs-eo-bmf-capacity,501(c)(3),democracy,3.5740,0.0107,0.0429,0.7400,,https://www.irs.gov/pub/irs-soi/eo_dc.csv
NGA RESEARCH AND EDUCATION FOUNDATION,541634757,irs-eo-bmf-capacity,501(c)(3),democracy,2.2232,0.0067,0.0267,0.7400,,https://www.irs.gov/pub/irs-soi/eo_dc.csv
KEY BRIDGE FOUNDATION FOR EDUCATION AND RESEARCH,541671884,irs-eo-bmf-capacity,501(c)(3),democracy,0.5708,0.0017,0.0068,0.7400,,https://www.irs.gov/pub/irs-soi/eo_dc.csv
COALITION FOR INTEGRITY INC,541688204,irs-eo-bmf-capacity,501(c)(3),democracy,0.1729,0.0005,0.0021,0.7400,,https://www.irs.gov/pub/irs-soi/eo_dc.csv
WORLD COCOA FOUNDATION INC,541715875,irs-eo-bmf-capacity,501(c)(3),democracy,6.9596,0.0209,0.0835,0.7400,,https://www.irs.gov/pub/irs-soi/eo_dc.csv
KARAMAH-A MUSLIM WOMEN LAWYERS COMMITTEE FOR HUMAN RIGHTS INC,541726932,irs-eo-bmf-capacity,501(c)(3),democracy,0.0127,0.0000,0.0002,0.7400,,https://www.irs.gov/pub/irs-soi/eo_dc.csv
CORPORATE ENVIRONMENTAL ENFORCEMENT COUNCIL INC,541737277,irs-eo-bmf-capacity,501(c)(6),energy,0.2300,0.0041,0.0028,0.3200,,https://www.irs.gov/pub/irs-soi/eo_dc.csv
INDIAN PAINTBRUSH FOUNDATION,541739160,irs-eo-bmf-capacity,501(c)(3),democracy,201.7368,0.6052,2.4208,0.7400,,https://www.irs.gov/pub/irs-soi/eo_dc.csv
SCHOOL-BASED HEALTH ALLIANCE,541752058,irs-eo-bmf-capacity,501(c)(3),democracy,35.8431,0.1075,0.4301,0.7400,,https://www.irs.gov/pub/irs-soi/eo_dc.csv
GAS TURBINE ASSOCIATION INC,541760523,irs-eo-bmf-capacity,501(c)(6),energy,0.1345,0.0024,0.0016,0.3200,,https://www.irs.gov/pub/irs-soi/eo_dc.csv
AN-BRYCE FOUNDATION,541766299,irs-eo-bmf-capacity,501(c)(3),democracy,8.4868,0.0255,0.1018,0.7400,,https://www.irs.gov/pub/irs-soi/eo_dc.csv
AMERICAN-RUSSIAN EDUCATIONAL CENTER INC,541784559,irs-eo-bmf-capacity,501(c)(3),democracy,0.3008,0.0009,0.0036,0.7400,,https://www.irs.gov/pub/irs-soi/eo_dc.csv
ASMC FOUNDATION,541824272,irs-eo-bmf-capacity,501(c)(3),democracy,0.2908,0.0009,0.0035,0.7400,,https://www.irs.gov/pub/irs-soi/eo_dc.csv
ENERGY SOLUTIONS CENTER INC,541825542,irs-eo-bmf-capacity,501(c)(6),energy,1.7114,0.0308,0.0205,0.3200,,https://www.irs.gov/pub/irs-soi/eo_dc.csv
TRIANGLE CHILD DEVELOPMENT CENTER,541831744,irs-eo-bmf-capacity,501(c)(3),democracy,0.0002,0.0000,0.0000,0.7400,,https://www.irs.gov/pub/irs-soi/eo_dc.csv
NATIONAL JOB CORPS ASSOCIATION INC,541838765,irs-eo-bmf-capacity,501(c)(6),democracy,1.0395,0.0187,0.0125,0.3200,,https://www.irs.gov/pub/irs-soi/eo_dc.csv
AMERICAS PROMISE-THE ALLIANCE FOR YOUTH,541848713,irs-eo-bmf-capacity,501(c)(3),democracy,5.1906,0.0156,0.0623,0.7400,,https://www.irs.gov/pub/irs-soi/eo_dc.csv
STEPHEN CASE FOUNDATION,541848791,irs-eo-bmf-capacity,501(c)(3),democracy,0.1577,0.0005,0.0019,0.7400,,https://www.irs.gov/pub/irs-soi/eo_dc.csv
SEED FOUNDATION INC,541850819,irs-eo-bmf-capacity,501(c)(3),democracy,4.9579,0.0149,0.0595,0.7400,,https://www.irs.gov/pub/irs-soi/eo_dc.csv
CENTER FOR RELIGION AND DIPLOMACY INC,541853311,irs-eo-bmf-capacity,501(c)(3),democracy,1.1810,0.0035,0.0142,0.7400,,https://www.irs.gov/pub/irs-soi/eo_dc.csv
SHIPBUILDERS COUNCIL OF AMERICA,541854827,irs-eo-bmf-capacity,501(c)(6),democracy,1.7759,0.0320,0.0213,0.3200,,https://www.irs.gov/pub/irs-soi/eo_dc.csv
DOOR SECURITY AND SAFETY FOUNDATION,541864674,irs-eo-bmf-capacity,501(c)(3),democracy,0.2075,0.0006,0.0025,0.7400,,https://www.irs.gov/pub/irs-soi/eo_dc.csv
EMERGENCY DEPARTMENT PRACTICE MANAGEMENT ASSOCIATION INC,541869643,irs-eo-bmf-capacity,501(c)(6),energy,1.7121,0.0308,0.0205,0.3200,,https://www.irs.gov/pub/irs-soi/eo_dc.csv
AIRPORT MINORITY ADVISORY COUNCIL EDUCATIONAL & SCHOLARSHIP PROG INC,541873905,irs-eo-bmf-capacity,501(c)(3),democracy,0.2590,0.0008,0.0031,0.7400,,https://www.irs.gov/pub/irs-soi/eo_dc.csv
COUNCIL OF FEDERAL HOME LOAN BANKS,541877922,irs-eo-bmf-capacity,501(c)(6),finance,7.1441,0.1286,0.0857,0.3200,,https://www.irs.gov/pub/irs-soi/eo_dc.csv
AMERICA-GEORGIA BUSINESS DEVELOPMENT COUNCIL,541878031,irs-eo-bmf-capacity,501(c)(6),democracy,0.1849,0.0033,0.0022,0.3200,,https://www.irs.gov/pub/irs-soi/eo_dc.csv
CENTER FOR CLIMATE AND ENERGY SOLUTIONS INC,541892252,irs-eo-bmf-capacity,501(c)(3),energy,15.2583,0.0458,0.1831,0.7400,,https://www.irs.gov/pub/irs-soi/eo_dc.csv
ASSOCIATION FOUNDATION GROUP INC,541895746,irs-eo-bmf-capacity,501(c)(4),democracy,0.0104,0.0003,0.0001,0.2000,,https://www.irs.gov/pub/irs-soi/eo_dc.csv
FITNESS ASSOCIATION OF THE BUREAU OF THE CENSUS INC,541911894,irs-eo-bmf-capacity,501(c)(4),democracy,0.0018,0.0000,0.0000,0.2000,,https://www.irs.gov/pub/irs-soi/eo_dc.csv
DIGITAL MEDIA ASSOCIATION,541920927,irs-eo-bmf-capacity,501(c)(6),democracy,2.6956,0.0485,0.0323,0.3200,,https://www.irs.gov/pub/irs-soi/eo_dc.csv
FERNANDEZ FOUNDATION INC,541928658,irs-eo-bmf-capacity,501(c)(3),democracy,0.3043,0.0009,0.0037,0.7400,,https://www.irs.gov/pub/irs-soi/eo_dc.csv
NATIONAL GUARD YOUTH FOUNDATION,541940978,irs-eo-bmf-capacity,501(c)(3),democracy,0.1464,0.0004,0.0018,0.7400,,https://www.irs.gov/pub/irs-soi/eo_dc.csv
THE DOBRANSKI FOUNDATION INC,541964689,irs-eo-bmf-capacity,501(c)(3),democracy,0.3019,0.0009,0.0036,0.7400,,https://www.irs.gov/pub/irs-soi/eo_dc.csv
PRODUCT QUALITY RESEARCH INSTITUTE INC,541972348,irs-eo-bmf-capacity,501(c)(3),democracy,0.1095,0.0003,0.0013,0.7400,,https://www.irs.gov/pub/irs-soi/eo_dc.csv
TIC COUNCIL AMERICAS INC,541974394,irs-eo-bmf-capacity,501(c)(6),democracy,0.3286,0.0059,0.0039,0.3200,,https://www.irs.gov/pub/irs-soi/eo_dc.csv
MID-ATLANTIC INNOCENCE PROJECT,541993334,irs-eo-bmf-capacity,501(c)(3),democracy,1.5676,0.0047,0.0188,0.7400,,https://www.irs.gov/pub/irs-soi/eo_dc.csv
NJCA FOUNDATION FOR YOUTH OPPORTUNITES,541993719,irs-eo-bmf-capacity,501(c)(3),democracy,0.0594,0.0002,0.0007,0.7400,,https://www.irs.gov/pub/irs-soi/eo_dc.csv
FIRST HIJRAH FOUNDATION FHF INC,542022387,irs-eo-bmf-capacity,501(c)(3),democracy,1.2777,0.0038,0.0153,0.7400,,https://www.irs.gov/pub/irs-soi/eo_dc.csv
CONGRESSIONAL COALITION ON ADOPTION INSTITUTE,542035617,irs-eo-bmf-capacity,501(c)(3),democracy,0.7249,0.0022,0.0087,0.7400,,https://www.irs.gov/pub/irs-soi/eo_dc.csv
AMERICAN TRANSPORTATION RESEARCH INSTITUTE INC,542039775,irs-eo-bmf-capacity,501(c)(3),democracy,2.6553,0.0080,0.0319,0.7400,,https://www.irs.gov/pub/irs-soi/eo_dc.csv
OMEGA FOUNDATION,542075805,irs-eo-bmf-capacity,501(c)(3),democracy,1.1435,0.0034,0.0137,0.7400,,https://www.irs.gov/pub/irs-soi/eo_dc.csv
MERCY CENTER FOUNDATION USA INC,542124269,irs-eo-bmf-capacity,501(c)(3),democracy,0.3992,0.0012,0.0048,0.7400,,https://www.irs.gov/pub/irs-soi/eo_dc.csv
PERSONALIZED MEDICINE COALITION,542134884,irs-eo-bmf-capacity,501(c)(3),democracy,2.7906,0.0084,0.0335,0.7400,,https://www.irs.gov/pub/irs-soi/eo_dc.csv
COMMITTEE FOR THE REPUBLIC,542148706,irs-eo-bmf-capacity,501(c)(3),democracy,0.0574,0.0002,0.0007,0.7400,,https://www.irs.gov/pub/irs-soi/eo_dc.csv
FRIDAY MORNING MUSIC CLUB FOUNDATION INCORPORATED,546060149,irs-eo-bmf-capacity,501(c)(3),democracy,0.1847,0.0006,0.0022,0.7400,,https://www.irs.gov/pub/irs-soi/eo_dc.csv
ZIENTS FAM FOUNDATION TR 02032003,546520936,irs-eo-bmf-capacity,501(c)(3),democracy,7.3809,0.0221,0.0886,0.7400,,https://www.irs.gov/pub/irs-soi/eo_dc.csv
THE@JOAN L AND ROBERT C GILKISON FAMILY FOUNDATION,546767925,irs-eo-bmf-capacity,501(c)(3),democracy,2.7033,0.0081,0.0324,0.7400,,https://www.irs.gov/pub/irs-soi/eo_dc.csv
FOUNDATION FOR PEACE,550810709,irs-eo-bmf-capacity,501(c)(3),democracy,1.0165,0.0030,0.0122,0.7400,,https://www.irs.gov/pub/irs-soi/eo_dc.csv
NATIONAL ALLIANCE OF FAITH AND JUSTICE,550851833,irs-eo-bmf-capacity,501(c)(3),democracy,1.3790,0.0041,0.0165,0.7400,,https://www.irs.gov/pub/irs-soi/eo_dc.csv
THE VOTER PARTICIPATION CENTER,550889748,irs-eo-bmf-capacity,501(c)(3),democracy,57.9689,0.1739,0.6956,0.7400,,https://www.irs.gov/pub/irs-soi/eo_dc.csv
ASSOCIATION OF FARMWORKER OPPORTUNITY PROGRAMS AFOP,561009730,irs-eo-bmf-capacity,501(c)(3),democracy,1.4180,0.0043,0.0170,0.7400,,https://www.irs.gov/pub/irs-soi/eo_dc.csv
DOLPHIN FOUNDATION INC,562227227,irs-eo-bmf-capacity,501(c)(3),democracy,0.0038,0.0000,0.0000,0.7400,,https://www.irs.gov/pub/irs-soi/eo_dc.csv
CAROL AND GENE LUDWIG FAMILY FOUNDATION,562305290,irs-eo-bmf-capacity,501(c)(3),democracy,119.9228,0.3598,1.4391,0.7400,,https://www.irs.gov/pub/irs-soi/eo_dc.csv
EDO ASSOCIATION WASHINGTON D C METROPOLIS,562318087,irs-eo-bmf-capacity,501(c)(3),democracy,0.0619,0.0002,0.0007,0.7400,,https://www.irs.gov/pub/irs-soi/eo_dc.csv
INFRAGARD NATIONAL MEMBERS ALLIANCE INC,562354957,irs-eo-bmf-capacity,501(c)(3),democracy,0.8176,0.0025,0.0098,0.7400,,https://www.irs.gov/pub/irs-soi/eo_dc.csv
OAK HILL CEMETERY HISTORIC PRESERVATION FOUNDATION,562369785,irs-eo-bmf-capacity,501(c)(3),democracy,0.2237,0.0007,0.0027,0.7400,,https://www.irs.gov/pub/irs-soi/eo_dc.csv
NATIONAL CAPITAL COALITION TO PREVENT UNDERAGE DRINKING,562436821,irs-eo-bmf-capacity,501(c)(3),finance,0.4330,0.0013,0.0052,0.7400,,https://www.irs.gov/pub/irs-soi/eo_dc.csv
NAILBA CHARITABLE FOUNDATION,562448850,irs-eo-bmf-capacity,501(c)(3),democracy,0.2709,0.0008,0.0033,0.7400,,https://www.irs.gov/pub/irs-soi/eo_dc.csv
NEW LEADERS COUNCIL,562581640,irs-eo-bmf-capacity,501(c)(3),democracy,1.0332,0.0031,0.0124,0.7400,,https://www.irs.gov/pub/irs-soi/eo_dc.csv
JUST FOREIGN POLICY,562587092,irs-eo-bmf-capacity,501(c)(3),democracy,0.3150,0.0009,0.0038,0.7400,,https://www.irs.gov/pub/irs-soi/eo_dc.csv
COPYRIGHT ALLIANCE,562628005,irs-eo-bmf-capacity,501(c)(4),democracy,1.8489,0.0462,0.0222,0.2000,,https://www.irs.gov/pub/irs-soi/eo_dc.csv
NATIONAL SIGMA BETA CLUB FOUNDATION INC,562660440,irs-eo-bmf-capacity,501(c)(3),democracy,0.0343,0.0001,0.0004,0.7400,,https://www.irs.gov/pub/irs-soi/eo_dc.csv
NATIONAL ASSOCIATION FOR STATE COMMUNITY SERVICES PROGRAMS,570715943,irs-eo-bmf-capacity,501(c)(6),democracy,2.9464,0.0530,0.0354,0.3200,,https://www.irs.gov/pub/irs-soi/eo_dc.csv
NATIONAL ASSOCIATION OF EMS PHYSICIANS INC,570820621,irs-eo-bmf-capacity,501(c)(6),democracy,3.3299,0.0599,0.0400,0.3200,,https://www.irs.gov/pub/irs-soi/eo_dc.csv
KIDS CORNER DAY CARE CENTER,571160557,irs-eo-bmf-capacity,501(c)(3),democracy,1.0997,0.0033,0.0132,0.7400,,https://www.irs.gov/pub/irs-soi/eo_dc.csv
US OVERSEAS COOPERATIVE DEVELOPMENT COUNCIL INCORPORATED,571199394,irs-eo-bmf-capacity,501(c)(6),democracy,2.1136,0.0380,0.0254,0.3200,,https://www.irs.gov/pub/irs-soi/eo_dc.csv
FOUNDATION FOR PRIVATE EMPLOYEE OWNERSHIP,571209294,irs-eo-bmf-capacity,501(c)(3),democracy,0.0075,0.0000,0.0001,0.7400,,https://www.irs.gov/pub/irs-soi/eo_dc.csv
GLUTAMATE ASSOCIATION,581281771,irs-eo-bmf-capacity,501(c)(6),democracy,0.2319,0.0042,0.0028,0.3200,,https://www.irs.gov/pub/irs-soi/eo_dc.csv
INTERNATIONAL FOOD ADDITIVIES COUNCIL,581400220,irs-eo-bmf-capacity,501(c)(6),democracy,0.7064,0.0127,0.0085,0.3200,,https://www.irs.gov/pub/irs-soi/eo_dc.csv
NATIONAL PEACE CORPS ASSOCIATION,581431113,irs-eo-bmf-capacity,501(c)(3),democracy,0.7336,0.0022,0.0088,0.7400,,https://www.irs.gov/pub/irs-soi/eo_dc.csv
FOUNDATION FOR FINANCIAL PLANNING INC,581446336,irs-eo-bmf-capacity,501(c)(3),democracy,3.3956,0.0102,0.0407,0.7400,,https://www.irs.gov/pub/irs-soi/eo_dc.csv
ASSOCIATION OF DEFENSE COMMUNITIES,581483433,irs-eo-bmf-capacity,501(c)(3),procurement,1.9640,0.0059,0.0236,0.7400,,https://www.irs.gov/pub/irs-soi/eo_dc.csv
THE ASSOCIATION OF NURSES IN AIDS CARE,581849791,irs-eo-bmf-capacity,501(c)(3),democracy,1.3057,0.0039,0.0157,0.7400,,https://www.irs.gov/pub/irs-soi/eo_dc.csv
NATIONAL ASSOCIATION FOR THE ADVANC OF ORTHOTICS & PROSTHETICS,581854805,irs-eo-bmf-capacity,501(c)(6),democracy,0.4788,0.0086,0.0057,0.3200,,https://www.irs.gov/pub/irs-soi/eo_dc.csv
NATIONAL LESBIAN AND GAY LAW ASSOCIATION,581953681,irs-eo-bmf-capacity,501(c)(6),democracy,0.5785,0.0104,0.0069,0.3200,,https://www.irs.gov/pub/irs-soi/eo_dc.csv
FLORIDA A & M UNIVERSITY NATIONAL ALUMNI ASSOCIATION INC,582070975,irs-eo-bmf-capacity,501(c)(3),democracy,0.0361,0.0001,0.0004,0.7400,,https://www.irs.gov/pub/irs-soi/eo_dc.csv
AMERICAN CULTURAL RESOURCES ASSOCIATION INC,582169324,irs-eo-bmf-capacity,501(c)(6),democracy,0.2785,0.0050,0.0033,0.3200,,https://www.irs.gov/pub/irs-soi/eo_dc.csv
NATIONAL ASSOCIATION OF CHILDRENS HOSPITALS INC,582176067,irs-eo-bmf-capacity,501(c)(6),democracy,12.0774,0.2174,0.1449,0.3200,,https://www.irs.gov/pub/irs-soi/eo_dc.csv
NATIONAL EMPLOYMENT LAW COUNCIL INC,582226629,irs-eo-bmf-capacity,501(c)(6),democracy,0.6278,0.0113,0.0075,0.3200,,https://www.irs.gov/pub/irs-soi/eo_dc.csv
UNITED NATIONS FOUNDATION INC,582368165,irs-eo-bmf-capacity,501(c)(3),democracy,77.0133,0.2310,0.9242,0.7400,,https://www.irs.gov/pub/irs-soi/eo_dc.csv
ASSOCIATION OF STATE SERVICE COMMISSIONS,582505548,irs-eo-bmf-capacity,501(c)(3),democracy,3.3549,0.0101,0.0403,0.7400,,https://www.irs.gov/pub/irs-soi/eo_dc.csv
NATIONAL BUSINESS COALITION ON E-COMMERCE AND PRIVACY INC,582533465,irs-eo-bmf-capacity,501(c)(6),technology,0.3350,0.0060,0.0040,0.3200,,https://www.irs.gov/pub/irs-soi/eo_dc.csv
CHIEF EXECUTIVE LEADERSHIP INSTITUTE OF THE YALE SCHOOL OF MA,582617787,irs-eo-bmf-capacity,501(c)(3),democracy,2.9189,0.0088,0.0350,0.7400,,https://www.irs.gov/pub/irs-soi/eo_dc.csv
NATIONAL ASSOCIATION OF MORTGAGE BROKERS INC,591673989,irs-eo-bmf-capacity,501(c)(6),democracy,1.8525,0.0333,0.0222,0.3200,,https://www.irs.gov/pub/irs-soi/eo_dc.csv
PUBLIC JUSTICE FOUNDATION,591730478,irs-eo-bmf-capacity,501(c)(3),democracy,11.7301,0.0352,0.1408,0.7400,,https://www.irs.gov/pub/irs-soi/eo_dc.csv
ERNEST AND ROSE SAMUELS FOUNDATION INC,591733119,irs-eo-bmf-capacity,501(c)(3),democracy,0.6265,0.0019,0.0075,0.7400,,https://www.irs.gov/pub/irs-soi/eo_dc.csv
HOSPICE FOUNDATION OF AMERICA INC,592219888,irs-eo-bmf-capacity,501(c)(3),democracy,1.6823,0.0050,0.0202,0.7400,,https://www.irs.gov/pub/irs-soi/eo_dc.csv
NATIONAL DISABILITY RIGHTS NETWORK INC,592333653,irs-eo-bmf-capacity,501(c)(3),democracy,9.2978,0.0279,0.1116,0.7400,,https://www.irs.gov/pub/irs-soi/eo_dc.csv
NATIONAL FORUM FOR BLACK PUBLIC ADMINISTRATORS INC,592364093,irs-eo-bmf-capacity,501(c)(3),democracy,3.4451,0.0103,0.0413,0.7400,,https://www.irs.gov/pub/irs-soi/eo_dc.csv
HISPANIC NATIONAL BAR FOUNDATION INC,592681611,irs-eo-bmf-capacity,501(c)(3),democracy,0.3057,0.0009,0.0037,0.7400,,https://www.irs.gov/pub/irs-soi/eo_dc.csv
TRAA EDUCATION FOUNDATION INC,592872191,irs-eo-bmf-capacity,501(c)(3),democracy,0.0951,0.0003,0.0011,0.7400,,https://www.irs.gov/pub/irs-soi/eo_dc.csv
FOUNDATION FOR THE MALCOLM BALDRIGE NATIONAL QUALITY AWARD INC,592891462,irs-eo-bmf-capacity,501(c)(3),democracy,0.5130,0.0015,0.0062,0.7400,,https://www.irs.gov/pub/irs-soi/eo_dc.csv
DAVIES JUICE PRODUCTS ASSOCIATION SCHOLARSHIP FOUNDATION INC,593205090,irs-eo-bmf-capacity,501(c)(3),democracy,0.0094,0.0000,0.0001,0.7400,,https://www.irs.gov/pub/irs-soi/eo_dc.csv
JELKS FAMILY FOUNDATION INC,593270436,irs-eo-bmf-capacity,501(c)(3),democracy,0.4700,0.0014,0.0056,0.7400,,https://www.irs.gov/pub/irs-soi/eo_dc.csv
NATIONAL ASSOCIATION OF WOMEN LAW ENFORCEMENT EXECUTIVE INC,593364946,irs-eo-bmf-capacity,501(c)(6),democracy,0.1912,0.0034,0.0023,0.3200,,https://www.irs.gov/pub/irs-soi/eo_dc.csv
LALIT K & ANUBHA GUPTA FAMILY FOUNDATION INC,593414979,irs-eo-bmf-capacity,501(c)(3),democracy,0.9340,0.0028,0.0112,0.7400,,https://www.irs.gov/pub/irs-soi/eo_dc.csv
ASSOCIATION OF MEDICAL DEVICE REPROCESSORS INC,593500400,irs-eo-bmf-capacity,501(c)(6),democracy,0.6126,0.0110,0.0074,0.3200,,https://www.irs.gov/pub/irs-soi/eo_dc.csv
UNITED STATES BREASTFEEDING COMMITTEE INC,593674883,irs-eo-bmf-capacity,501(c)(3),democracy,1.4650,0.0044,0.0176,0.7400,,https://www.irs.gov/pub/irs-soi/eo_dc.csv
TREATED WOOD COUNCIL INC,593733840,irs-eo-bmf-capacity,501(c)(6),democracy,0.7514,0.0135,0.0090,0.3200,,https://www.irs.gov/pub/irs-soi/eo_dc.csv
AIA FOUNDATION,593819154,irs-eo-bmf-capacity,501(c)(3),democracy,0.9972,0.0030,0.0120,0.7400,,https://www.irs.gov/pub/irs-soi/eo_dc.csv
NATIONAL JUICE PRODUCTS ASSOCIATION INC,596159377,irs-eo-bmf-capacity,501(c)(6),democracy,0.9709,0.0175,0.0117,0.3200,,https://www.irs.gov/pub/irs-soi/eo_dc.csv
NORMAN R RALES AND RUTH RALES FOUNDATION,596874589,irs-eo-bmf-capacity,501(c)(3),democracy,27.0487,0.0811,0.3246,0.7400,,https://www.irs.gov/pub/irs-soi/eo_dc.csv
NATIONAL ASSOCIATION OF STATE ELECTION DIRECTORS,611228741,irs-eo-bmf-capacity,501(c)(3),democracy,0.5446,0.0016,0.0065,0.7400,,https://www.irs.gov/pub/irs-soi/eo_dc.csv
ASSOCIATION OF CLINICIANS FOR THE UNDERSERVED INC,611298728,irs-eo-bmf-capacity,501(c)(3),democracy,3.4795,0.0104,0.0418,0.7400,,https://www.irs.gov/pub/irs-soi/eo_dc.csv
NATIONAL ASSOCIATION OF SECRETARIES OF STATE INC,611332655,irs-eo-bmf-capacity,501(c)(3),democracy,1.7086,0.0051,0.0205,0.7400,,https://www.irs.gov/pub/irs-soi/eo_dc.csv
NATIONAL ASSOCIATION OF STATE TREASURERS FOUNDATION INC,611370611,irs-eo-bmf-capacity,501(c)(3),democracy,7.6515,0.0230,0.0918,0.7400,,https://www.irs.gov/pub/irs-soi/eo_dc.csv
ALLIANCE FOR GRAY MARKET AND COUNTERFEIT ABATEMENT,611403643,irs-eo-bmf-capacity,501(c)(6),democracy,0.1650,0.0030,0.0020,0.3200,,https://www.irs.gov/pub/irs-soi/eo_dc.csv
JCM FOUNDATION,611409457,irs-eo-bmf-capacity,501(c)(3),democracy,0.9553,0.0029,0.0115,0.7400,,https://www.irs.gov/pub/irs-soi/eo_dc.csv
CONSUMER ACTION NETWORK,611443121,irs-eo-bmf-capacity,501(c)(3),democracy,0.3034,0.0009,0.0036,0.7400,,https://www.irs.gov/pub/irs-soi/eo_dc.csv
AMERICAN JEWISH INTERNATIONAL RELATIONS INSTITUTE,611486810,irs-eo-bmf-capacity,501(c)(3),democracy,0.1534,0.0005,0.0018,0.7400,,https://www.irs.gov/pub/irs-soi/eo_dc.csv
W7 FOUNDATION,611547835,irs-eo-bmf-capacity,501(c)(3),democracy,0.0060,0.0000,0.0001,0.7400,,https://www.irs.gov/pub/irs-soi/eo_dc.csv
MARC COALITION INC,611592703,irs-eo-bmf-capacity,501(c)(6),democracy,0.3250,0.0059,0.0039,0.3200,,https://www.irs.gov/pub/irs-soi/eo_dc.csv
INTERNATIONAL ASSOCIATION OF FIRE FIGHTERS FOUNDATION,611629460,irs-eo-bmf-capacity,501(c)(3),democracy,3.1952,0.0096,0.0383,0.7400,,https://www.irs.gov/pub/irs-soi/eo_dc.csv
BHP FOUNDATION,611714573,irs-eo-bmf-capacity,501(c)(3),democracy,89.0009,0.2670,1.0680,0.7400,,https://www.irs.gov/pub/irs-soi/eo_dc.csv
TRIGGER PROJECT,611976144,irs-eo-bmf-capacity,501(c)(3),democracy,0.9404,0.0028,0.0113,0.7400,,https://www.irs.gov/pub/irs-soi/eo_dc.csv
GALENA-YORKTOWN FOUNDATION,616356354,irs-eo-bmf-capacity,501(c)(3),democracy,8.3527,0.0251,0.1002,0.7400,,https://www.irs.gov/pub/irs-soi/eo_dc.csv
AIRPORT MINORITY ADVISORY COUNCIL,621398266,irs-eo-bmf-capacity,501(c)(6),democracy,3.7588,0.0677,0.0451,0.3200,,https://www.irs.gov/pub/irs-soi/eo_dc.csv
COTTON COUNCIL INTERNATIONAL,626046706,irs-eo-bmf-capacity,501(c)(6),democracy,29.8627,0.5375,0.3584,0.3200,,https://www.irs.gov/pub/irs-soi/eo_dc.csv
NATIONAL ASSOCIATION OF BLACK OWNED BROADCASTERS,630773764,irs-eo-bmf-capacity,501(c)(6),democracy,0.9290,0.0167,0.0111,0.3200,,https://www.irs.gov/pub/irs-soi/eo_dc.csv
NATIONAL CHILDRENS ALLIANCE INC,631044781,irs-eo-bmf-capacity,501(c)(3),democracy,30.5295,0.0916,0.3664,0.7400,,https://www.irs.gov/pub/irs-soi/eo_dc.csv
ASSOCIATION OF EQUIPMENT MANAGEMENT PROFESSIONALS INC,640665249,irs-eo-bmf-capacity,501(c)(6),democracy,1.7049,0.0307,0.0205,0.3200,,https://www.irs.gov/pub/irs-soi/eo_dc.csv
STANLEY & PEARL GOODMAN CHARITABLE FOUNDATION INC,650231916,irs-eo-bmf-capacity,501(c)(3),democracy,0.4070,0.0012,0.0049,0.7400,,https://www.irs.gov/pub/irs-soi/eo_dc.csv
NATIONAL ALLIANCE OF HEALTHCARE PURCHASER COALITIONS INC,650328971,irs-eo-bmf-capacity,501(c)(6),democracy,3.8249,0.0688,0.0459,0.3200,,https://www.irs.gov/pub/irs-soi/eo_dc.csv
LOUIS J KURIANSKY FOUNDATION INC,650363659,irs-eo-bmf-capacity,501(c)(3),democracy,1.3593,0.0041,0.0163,0.7400,,https://www.irs.gov/pub/irs-soi/eo_dc.csv
ASSOCIATION OF SMALL FOUNDATIONS,650617866,irs-eo-bmf-capacity,501(c)(3),democracy,3.7304,0.0112,0.0448,0.7400,,https://www.irs.gov/pub/irs-soi/eo_dc.csv
PULMONARY HYPERTENSION ASSOCIATION INC,650880021,irs-eo-bmf-capacity,501(c)(3),democracy,8.4606,0.0254,0.1015,0.7400,,https://www.irs.gov/pub/irs-soi/eo_dc.csv
ALLIANCE OF COMMUNITY HEALTH PLANS INC,651167245,irs-eo-bmf-capacity,501(c)(4),democracy,9.8558,0.2464,0.1183,0.2000,,https://www.irs.gov/pub/irs-soi/eo_dc.csv
NATIONAL AFRICAN AMERICAN DRUG POLICY COALITION INC,651279123,irs-eo-bmf-capacity,501(c)(3),democracy,0.4062,0.0012,0.0049,0.7400,,https://www.irs.gov/pub/irs-soi/eo_dc.csv
COUNCIL ON RADIONUCLIDES & RADIOPHARMACEUTICALS,680299230,irs-eo-bmf-capacity,501(c)(6),democracy,1.0376,0.0187,0.0125,0.3200,,https://www.irs.gov/pub/irs-soi/eo_dc.csv
NETWORK FOR GOOD INC,680480736,irs-eo-bmf-capacity,501(c)(3),democracy,204.4390,0.6133,2.4533,0.7400,,https://www.irs.gov/pub/irs-soi/eo_dc.csv
NATIONAL COUNCIL ON INTERPRETING IN HEALTH CARE,680486368,irs-eo-bmf-capacity,501(c)(3),democracy,0.1088,0.0003,0.0013,0.7400,,https://www.irs.gov/pub/irs-soi/eo_dc.csv
NATIONAL ASSOCIATION OF AMERICAN VETERANS INC,680615923,irs-eo-bmf-capacity,501(c)(3),democracy,0.0571,0.0002,0.0007,0.7400,,https://www.irs.gov/pub/irs-soi/eo_dc.csv
WOOD PRODUCTS COUNCIL,680643679,irs-eo-bmf-capacity,501(c)(6),democracy,11.2054,0.2017,0.1345,0.3200,,https://www.irs.gov/pub/irs-soi/eo_dc.csv
CLIMATE REALITY ACTION FUND,680666110,irs-eo-bmf-capacity,501(c)(4),energy,2.9586,0.0740,0.0355,0.2000,,https://www.irs.gov/pub/irs-soi/eo_dc.csv
OCEAN FOUNDATION,710863908,irs-eo-bmf-capacity,501(c)(3),democracy,13.1961,0.0396,0.1584,0.7400,,https://www.irs.gov/pub/irs-soi/eo_dc.csv
AMERICAN INSTITUTE OF ARCHITECTS COLLEGE OF FELLOWS FUND INC,710887547,irs-eo-bmf-capacity,501(c)(3),democracy,0.3713,0.0011,0.0045,0.7400,,https://www.irs.gov/pub/irs-soi/eo_dc.csv
FRAMEWORKS INSTITUTE,710891642,irs-eo-bmf-capacity,501(c)(3),democracy,5.9528,0.0179,0.0714,0.7400,,https://www.irs.gov/pub/irs-soi/eo_dc.csv
OSA FOUNDATION INC,710913500,irs-eo-bmf-capacity,501(c)(3),democracy,6.0133,0.0180,0.0722,0.7400,,https://www.irs.gov/pub/irs-soi/eo_dc.csv
GIRLS GOTTA RUN FOUNDATION INCORPORATED,711004251,irs-eo-bmf-capacity,501(c)(3),democracy,0.2551,0.0008,0.0031,0.7400,,https://www.irs.gov/pub/irs-soi/eo_dc.csv
DISTRICT ALLIANCE FOR SAFE HOUSING INC,711019574,irs-eo-bmf-capacity,501(c)(3),democracy,6.9734,0.0209,0.0837,0.7400,,https://www.irs.gov/pub/irs-soi/eo_dc.csv
BERTELSMANN FOUNDATION NORTH AMERICA INC,711048702,irs-eo-bmf-capacity,501(c)(3),democracy,2.5944,0.0078,0.0311,0.7400,,https://www.irs.gov/pub/irs-soi/eo_dc.csv
COUNCIL FOR NATIONAL POLICY,720921017,irs-eo-bmf-capacity,501(c)(3),democracy,4.0894,0.0123,0.0491,0.7400,,https://www.irs.gov/pub/irs-soi/eo_dc.csv
NATIONAL ASSOCIATION OF MULTICULTURAL EDUCATION,721193754,irs-eo-bmf-capacity,501(c)(3),democracy,0.3295,0.0010,0.0040,0.7400,,https://www.irs.gov/pub/irs-soi/eo_dc.csv
NATIONAL ASSOCIATION OF STATE DIRECTORS OF MIGRANT EDUCATION,721366400,irs-eo-bmf-capacity,501(c)(3),democracy,0.7197,0.0022,0.0086,0.7400,,https://www.irs.gov/pub/irs-soi/eo_dc.csv
INDEPENDENT PETROLEUM ASSOCIATION OF AMERICA,730296927,irs-eo-bmf-capacity,501(c)(6),democracy,4.8830,0.0879,0.0586,0.3200,,https://www.irs.gov/pub/irs-soi/eo_dc.csv
INTERSTATE NATURAL GAS ASSOCIATION OF AMERICA,730529079,irs-eo-bmf-capacity,501(c)(6),energy,8.1701,0.1471,0.0980,0.3200,,https://www.irs.gov/pub/irs-soi/eo_dc.csv
NATIONAL COUNCIL OF ARCHITECTURAL REGISTRATION BOARDS,730684309,irs-eo-bmf-capacity,501(c)(6),democracy,44.5718,0.8023,0.5349,0.3200,,https://www.irs.gov/pub/irs-soi/eo_dc.csv
NATIONAL ASSOCIATION OF BUSINESS POLITICAL ACTION COMMITTEES,731072564,irs-eo-bmf-capacity,501(c)(6),democracy,1.7788,0.0320,0.0213,0.3200,,https://www.irs.gov/pub/irs-soi/eo_dc.csv
ASSOCIATION FOR PSYCHOLOGICAL SCIENCE,731345573,irs-eo-bmf-capacity,501(c)(3),democracy,6.2966,0.0189,0.0756,0.7400,,https://www.irs.gov/pub/irs-soi/eo_dc.csv
GRAMEEN FOUNDATION USA,731502797,irs-eo-bmf-capacity,501(c)(3),democracy,8.4395,0.0253,0.1013,0.7400,,https://www.irs.gov/pub/irs-soi/eo_dc.csv
M V MAYO CHARITABLE FOUNDATION,731587573,irs-eo-bmf-capacity,501(c)(3),democracy,1.2892,0.0039,0.0155,0.7400,,https://www.irs.gov/pub/irs-soi/eo_dc.csv
NATIONAL IRANIAN AMERICAN COUNCIL,731626026,irs-eo-bmf-capacity,501(c)(3),democracy,1.1360,0.0034,0.0136,0.7400,,https://www.irs.gov/pub/irs-soi/eo_dc.csv
BIPARTISAN POLICY CENTER INC,731628382,irs-eo-bmf-capacity,501(c)(3),democracy,37.8358,0.1135,0.4540,0.7400,,https://www.irs.gov/pub/irs-soi/eo_dc.csv
THE PCRM FOUNDATION,731669893,irs-eo-bmf-capacity,501(c)(3),democracy,0.7660,0.0023,0.0092,0.7400,,https://www.irs.gov/pub/irs-soi/eo_dc.csv
THE CENTER FOR ADVANCED DEFENSE STUDIES INC,731681366,irs-eo-bmf-capacity,501(c)(3),procurement,15.1550,0.0455,0.1819,0.7400,,https://www.irs.gov/pub/irs-soi/eo_dc.csv
COMMUNITY DEVELOPMENT BANKERS ASSOCIATION CDBA,731688515,irs-eo-bmf-capacity,501(c)(3),finance,1.3764,0.0041,0.0165,0.7400,,https://www.irs.gov/pub/irs-soi/eo_dc.csv
THE MATZ FAMILY FOUNDATION,731700495,irs-eo-bmf-capacity,501(c)(3),democracy,0.4577,0.0014,0.0055,0.7400,,https://www.irs.gov/pub/irs-soi/eo_dc.csv
SURETY FOUNDATION INCORPORATED,731728689,irs-eo-bmf-capacity,501(c)(3),democracy,0.2295,0.0007,0.0028,0.7400,,https://www.irs.gov/pub/irs-soi/eo_dc.csv
NATIONAL ASSOCIATION OF CONSERVATION DISTRICTS INC,741162773,irs-eo-bmf-capacity,501(c)(3),democracy,25.0619,0.0752,0.3007,0.7400,,https://www.irs.gov/pub/irs-soi/eo_dc.csv
NATIONAL ASSOCIATION OF CRIMINAL DEFENSE LAWYERS INC,741916260,irs-eo-bmf-capacity,501(c)(6),procurement,10.2547,0.1846,0.1231,0.3200,,https://www.irs.gov/pub/irs-soi/eo_dc.csv
NATIONAL COUNCIL ON INDEPENDENT LIVING,742291620,irs-eo-bmf-capacity,501(c)(3),democracy,1.5797,0.0047,0.0190,0.7400,,https://www.irs.gov/pub/irs-soi/eo_dc.csv
NATIONAL WILDLIFE FEDERATION ACTION FUND,742556532,irs-eo-bmf-capacity,501(c)(4),democracy,2.8993,0.0725,0.0348,0.2000,,https://www.irs.gov/pub/irs-soi/eo_dc.csv
AMERICAN TELEMEDICINE ASSOCIATION,742676503,irs-eo-bmf-capacity,501(c)(3),democracy,6.2289,0.0187,0.0747,0.7400,,https://www.irs.gov/pub/irs-soi/eo_dc.csv
BORDER TRADE ALLIANCE,742683270,irs-eo-bmf-capacity,501(c)(6),democracy,0.4246,0.0076,0.0051,0.3200,,https://www.irs.gov/pub/irs-soi/eo_dc.csv
NATIONAL GUARD EXECUTIVE DIRECTORS ASSOCIATION,742720242,irs-eo-bmf-capacity,501(c)(3),democracy,0.2056,0.0006,0.0025,0.7400,,https://www.irs.gov/pub/irs-soi/eo_dc.csv
NATIONAL ASSOCIATION OF TRIBAL HISTORIC PRESERVATION OFFICERS INC,742893040,irs-eo-bmf-capacity,501(c)(3),democracy,3.3738,0.0101,0.0405,0.7400,,https://www.irs.gov/pub/irs-soi/eo_dc.csv
US MEXICO FOUNDATION,742984884,irs-eo-bmf-capacity,501(c)(3),democracy,2.8083,0.0084,0.0337,0.7400,,https://www.irs.gov/pub/irs-soi/eo_dc.csv
ALLAFRICA FOUNDATION,743015254,irs-eo-bmf-capacity,501(c)(3),democracy,0.4420,0.0013,0.0053,0.7400,,https://www.irs.gov/pub/irs-soi/eo_dc.csv
CENTER FOR US GLOBAL LEADERSHIP,743093659,irs-eo-bmf-capacity,501(c)(3),democracy,13.2324,0.0397,0.1588,0.7400,,https://www.irs.gov/pub/irs-soi/eo_dc.csv
NATIONAL ASSOCIATION FOR BILINGUAL EDUCATION,746265861,irs-eo-bmf-capacity,501(c)(3),democracy,4.0813,0.0122,0.0490,0.7400,,https://www.irs.gov/pub/irs-soi/eo_dc.csv
RURAL CELLULAR ASSOCIATION,752454806,irs-eo-bmf-capacity,501(c)(6),democracy,4.9343,0.0888,0.0592,0.3200,,https://www.irs.gov/pub/irs-soi/eo_dc.csv
GLOBAL WORKSPACE ASSOCIATION INC,752486668,irs-eo-bmf-capacity,501(c)(6),democracy,0.4310,0.0078,0.0052,0.3200,,https://www.irs.gov/pub/irs-soi/eo_dc.csv
NATIONAL AIR TRAFFIC CONTROLLERS ASSOCIATION CHARITABLE FOUNDATION,752556496,irs-eo-bmf-capacity,501(c)(3),democracy,0.2898,0.0009,0.0035,0.7400,,https://www.irs.gov/pub/irs-soi/eo_dc.csv
MESOTHELIOMA APPLIED RESEARCH FOUNDATION INC,752816066,irs-eo-bmf-capacity,501(c)(3),democracy,2.0181,0.0061,0.0242,0.7400,,https://www.irs.gov/pub/irs-soi/eo_dc.csv
EXTRUDED POLYSTYRENE FOAM ASSOCIATION,752987711,irs-eo-bmf-capacity,501(c)(6),democracy,0.3250,0.0059,0.0039,0.3200,,https://www.irs.gov/pub/irs-soi/eo_dc.csv
INSTITUTIONAL LP ASSOCIATION,753028947,irs-eo-bmf-capacity,501(c)(6),democracy,13.9193,0.2505,0.1670,0.3200,,https://www.irs.gov/pub/irs-soi/eo_dc.csv
NLN FOUNDATION FOR NURSING EDUCATION,753032867,irs-eo-bmf-capacity,501(c)(3),democracy,0.4650,0.0014,0.0056,0.7400,,https://www.irs.gov/pub/irs-soi/eo_dc.csv
D C PEARLS III FOUNDATION,753062797,irs-eo-bmf-capacity,501(c)(3),democracy,0.1055,0.0003,0.0013,0.7400,,https://www.irs.gov/pub/irs-soi/eo_dc.csv
UNITED STATES-ALGERIA BUSINESS COUNCIL INC,753078512,irs-eo-bmf-capacity,501(c)(6),democracy,0.4320,0.0078,0.0052,0.3200,,https://www.irs.gov/pub/irs-soi/eo_dc.csv
HOME CARE ASSOCIATION OF AMERICA,753096397,irs-eo-bmf-capacity,501(c)(6),democracy,2.5803,0.0464,0.0310,0.3200,,https://www.irs.gov/pub/irs-soi/eo_dc.csv
MILLENNIUM WATER ALLIANCE,753098460,irs-eo-bmf-capacity,501(c)(3),democracy,6.0207,0.0181,0.0722,0.7400,,https://www.irs.gov/pub/irs-soi/eo_dc.csv
REFUSER SOLIDARITY NETWORK INC,753103052,irs-eo-bmf-capacity,501(c)(3),democracy,0.3165,0.0009,0.0038,0.7400,,https://www.irs.gov/pub/irs-soi/eo_dc.csv
DAVID S WYMAN INSTITUTE FOR HOLOCAUST STUDIES,753103476,irs-eo-bmf-capacity,501(c)(3),democracy,0.0356,0.0001,0.0004,0.7400,,https://www.irs.gov/pub/irs-soi/eo_dc.csv
CENTER FOR CIVILIANS IN CONFLICT,753130860,irs-eo-bmf-capacity,501(c)(3),democracy,11.2995,0.0339,0.1356,0.7400,,https://www.irs.gov/pub/irs-soi/eo_dc.csv
FOUNDATION FOR WORKFORCE MOBILITY,753138889,irs-eo-bmf-capacity,501(c)(3),democracy,0.0225,0.0001,0.0003,0.7400,,https://www.irs.gov/pub/irs-soi/eo_dc.csv
EQUATORIAN SOUTH SUDANESE COMMUNITY ASSOCIATION-USA,753152177,irs-eo-bmf-capacity,501(c)(3),democracy,0.0401,0.0001,0.0005,0.7400,,https://www.irs.gov/pub/irs-soi/eo_dc.csv
NATIONAL ASSOCIATION OF DEALER COUNSEL,753167591,irs-eo-bmf-capacity,501(c)(6),democracy,0.7199,0.0130,0.0086,0.3200,,https://www.irs.gov/pub/irs-soi/eo_dc.csv
CAPE VERDE JEWISH HERITAGE PROJECT INC,753230697,irs-eo-bmf-capacity,501(c)(3),democracy,0.0071,0.0000,0.0001,0.7400,,https://www.irs.gov/pub/irs-soi/eo_dc.csv
THE NATIONAL FENCING FOUNDATION OF WASHINGTON DC INC,753248889,irs-eo-bmf-capacity,501(c)(3),democracy,0.0254,0.0001,0.0003,0.7400,,https://www.irs.gov/pub/irs-soi/eo_dc.csv
TURQUOISE MOUNTAIN FOUNDATION,753256903,irs-eo-bmf-capacity,501(c)(3),democracy,0.9514,0.0029,0.0114,0.7400,,https://www.irs.gov/pub/irs-soi/eo_dc.csv
AMERICAN ASSOCIATION OF CREDIT UNION LEAGUES,756046595,irs-eo-bmf-capacity,501(c)(6),finance,1.2888,0.0232,0.0155,0.3200,,https://www.irs.gov/pub/irs-soi/eo_dc.csv
TEXAS SPEECH LANGUAGE HEARING ASSOCIATION,756084159,irs-eo-bmf-capacity,501(c)(6),democracy,1.4661,0.0264,0.0176,0.3200,,https://www.irs.gov/pub/irs-soi/eo_dc.csv
INSTITUTE FOR ENERGY RESEARCH,760149778,irs-eo-bmf-capacity,501(c)(3),energy,2.2648,0.0068,0.0272,0.7400,,https://www.irs.gov/pub/irs-soi/eo_dc.csv
CHALLENGER CENTER FOR SPACE SCIENCE EDUCATION,760192067,irs-eo-bmf-capacity,501(c)(3),democracy,6.5823,0.0197,0.0790,0.7400,,https://www.irs.gov/pub/irs-soi/eo_dc.csv
MELANOMA RESEARCH FOUNDATION,760514428,irs-eo-bmf-capacity,501(c)(3),democracy,7.4138,0.0222,0.0890,0.7400,,https://www.irs.gov/pub/irs-soi/eo_dc.csv
INTERNATIONAL DOOR ASSOCIATION SCHOLARSHIP FOUNDATION,760708763,irs-eo-bmf-capacity,501(c)(3),democracy,0.1040,0.0003,0.0012,0.7400,,https://www.irs.gov/pub/irs-soi/eo_dc.csv
HEALTHY AMERICAS FOUNDATION,760724246,irs-eo-bmf-capacity,501(c)(3),democracy,1.0961,0.0033,0.0132,0.7400,,https://www.irs.gov/pub/irs-soi/eo_dc.csv
REAL ESTATE INFORMATION SHARING AND ANALYSIS CENTER,760734271,irs-eo-bmf-capacity,501(c)(6),democracy,0.0600,0.0011,0.0007,0.3200,,https://www.irs.gov/pub/irs-soi/eo_dc.csv
INDUSTRIAL TRUCK STANDARDS DEVELOPMENT FOUNDATION INC,760779106,irs-eo-bmf-capacity,501(c)(3),democracy,0.1589,0.0005,0.0019,0.7400,,https://www.irs.gov/pub/irs-soi/eo_dc.csv
COMMUNITY COALITIONS HEALTH INSTITUTE,760801205,irs-eo-bmf-capacity,501(c)(3),democracy,0.0125,0.0000,0.0002,0.7400,,https://www.irs.gov/pub/irs-soi/eo_dc.csv
CENTER FOR CHILDRENS LAW AND POLICY INC,760816129,irs-eo-bmf-capacity,501(c)(3),democracy,1.0988,0.0033,0.0132,0.7400,,https://www.irs.gov/pub/irs-soi/eo_dc.csv
NOMA IMPROVEMENT ASSOCIATION,760832248,irs-eo-bmf-capacity,501(c)(6),democracy,4.4204,0.0796,0.0530,0.3200,,https://www.irs.gov/pub/irs-soi/eo_dc.csv
NATIONAL ASIAN PACIFIC AMERICAN BAR ASSOCIATION,770233358,irs-eo-bmf-capacity,501(c)(6),democracy,5.1974,0.0936,0.0624,0.3200,,https://www.irs.gov/pub/irs-soi/eo_dc.csv
MANAGED FUNDS ASSOCIATION,770277826,irs-eo-bmf-capacity,501(c)(6),democracy,31.7076,0.5707,0.3805,0.3200,,https://www.irs.gov/pub/irs-soi/eo_dc.csv
LAOGAI RESEARCH FOUNDATION,770304957,irs-eo-bmf-capacity,501(c)(3),democracy,0.0409,0.0001,0.0005,0.7400,,https://www.irs.gov/pub/irs-soi/eo_dc.csv
ASSOCIATION OF LITERARY SCHOLARS,770402721,irs-eo-bmf-capacity,501(c)(3),democracy,0.0694,0.0002,0.0008,0.7400,,https://www.irs.gov/pub/irs-soi/eo_dc.csv
AMERICAN BIOMASS ENERGY ASSOCIATION,770508798,irs-eo-bmf-capacity,501(c)(6),energy,0.4631,0.0083,0.0056,0.3200,,https://www.irs.gov/pub/irs-soi/eo_dc.csv
VRADENBURG FOUNDATION,770529620,irs-eo-bmf-capacity,501(c)(3),democracy,0.2150,0.0006,0.0026,0.7400,,https://www.irs.gov/pub/irs-soi/eo_dc.csv
AMERICAN-KUWAITI ALLIANCE,770595231,irs-eo-bmf-capacity,501(c)(6),democracy,0.0025,0.0000,0.0000,0.3200,,https://www.irs.gov/pub/irs-soi/eo_dc.csv
CAIR FOUNDATION INC,770646756,irs-eo-bmf-capacity,501(c)(3),democracy,9.3796,0.0281,0.1126,0.7400,,https://www.irs.gov/pub/irs-soi/eo_dc.csv
CITY PARKS ALLIANCE INC,800015566,irs-eo-bmf-capacity,501(c)(3),democracy,1.7209,0.0052,0.0207,0.7400,,https://www.irs.gov/pub/irs-soi/eo_dc.csv
HEURICH HOUSE FOUNDATION,800061139,irs-eo-bmf-capacity,501(c)(3),democracy,0.8335,0.0025,0.0100,0.7400,,https://www.irs.gov/pub/irs-soi/eo_dc.csv
INTER-AMERICAN DEFENSE COLLEGE FOUNDATION,800118265,irs-eo-bmf-capacity,501(c)(3),procurement,0.0448,0.0001,0.0005,0.7400,,https://www.irs.gov/pub/irs-soi/eo_dc.csv
BELFAST-BELTWAY BOXING PROJECT,800213668,irs-eo-bmf-capacity,501(c)(3),democracy,0.2880,0.0009,0.0035,0.7400,,https://www.irs.gov/pub/irs-soi/eo_dc.csv
ACHP ALUMNI FOUNDATION,800315568,irs-eo-bmf-capacity,501(c)(3),democracy,0.0347,0.0001,0.0004,0.7400,,https://www.irs.gov/pub/irs-soi/eo_dc.csv
AMERICAN ASSOCIATION OF UNIVERSITY PROFESSORS,800320904,irs-eo-bmf-capacity,501(c)(6),democracy,12.1809,0.2193,0.1462,0.3200,,https://www.irs.gov/pub/irs-soi/eo_dc.csv
AAUP FOUNDATION,800320933,irs-eo-bmf-capacity,501(c)(3),democracy,0.7407,0.0022,0.0089,0.7400,,https://www.irs.gov/pub/irs-soi/eo_dc.csv
ADVANCED ENERGY INSTITUTE,800373801,irs-eo-bmf-capacity,501(c)(3),energy,8.6255,0.0259,0.1035,0.7400,,https://www.irs.gov/pub/irs-soi/eo_dc.csv
CLEAN AIR INSTITUTE,800429122,irs-eo-bmf-capacity,501(c)(3),energy,0.3226,0.0010,0.0039,0.7400,,https://www.irs.gov/pub/irs-soi/eo_dc.csv
WASHINGTON MONTHLY INSTITUTE INC,800434806,irs-eo-bmf-capacity,501(c)(3),democracy,2.0759,0.0062,0.0249,0.7400,,https://www.irs.gov/pub/irs-soi/eo_dc.csv
UNITED STATES HIGH SPEED RAIL ASSOCIATION INC,800446620,irs-eo-bmf-capacity,501(c)(6),democracy,1.0131,0.0182,0.0122,0.3200,,https://www.irs.gov/pub/irs-soi/eo_dc.csv
US BLACK CHAMBER OF COMMERCE INC,800483124,irs-eo-bmf-capacity,501(c)(6),democracy,3.0090,0.0542,0.0361,0.3200,,https://www.irs.gov/pub/irs-soi/eo_dc.csv
DARFUR WOMEN ACTION GROUP,800593976,irs-eo-bmf-capacity,501(c)(3),democracy,0.1985,0.0006,0.0024,0.7400,,https://www.irs.gov/pub/irs-soi/eo_dc.csv
NATIONAL CHRISTOPHER COLUMBUS ASSOCIATION INC,800617636,irs-eo-bmf-capacity,501(c)(3),democracy,0.0048,0.0000,0.0001,0.7400,,https://www.irs.gov/pub/irs-soi/eo_dc.csv
ASSOCIATION OF PSYCHOLOGY TRAINING CLINICS,800621658,irs-eo-bmf-capacity,501(c)(6),democracy,0.1048,0.0019,0.0013,0.3200,,https://www.irs.gov/pub/irs-soi/eo_dc.csv
CHEMICAL USERS COALITION,800639165,irs-eo-bmf-capacity,501(c)(6),democracy,0.3900,0.0070,0.0047,0.3200,,https://www.irs.gov/pub/irs-soi/eo_dc.csv
INTERNATIONAL SECURITY FOUNDATION,800719130,irs-eo-bmf-capacity,501(c)(3),democracy,1.5338,0.0046,0.0184,0.7400,,https://www.irs.gov/pub/irs-soi/eo_dc.csv
WYSS CENTER FOR INNOVATION INC,800878079,irs-eo-bmf-capacity,501(c)(3),democracy,0.0007,0.0000,0.0000,0.7400,,https://www.irs.gov/pub/irs-soi/eo_dc.csv
AMERICAN LOGGERS COUNCIL,810505992,irs-eo-bmf-capacity,501(c)(6),democracy,1.4923,0.0269,0.0179,0.3200,,https://www.irs.gov/pub/irs-soi/eo_dc.csv
INSTITUTE FOR RESEARCH MIDDLE EASTERN POLICY INC,810586523,irs-eo-bmf-capacity,501(c)(3),democracy,0.3948,0.0012,0.0047,0.7400,,https://www.irs.gov/pub/irs-soi/eo_dc.csv
INTERFAITH ALLIANCE FOUNDATION,810587332,irs-eo-bmf-capacity,501(c)(3),democracy,2.7348,0.0082,0.0328,0.7400,,https://www.irs.gov/pub/irs-soi/eo_dc.csv
INTERNATIONAL CENTER ON NONVIOLENT CONFLICT,810589779,irs-eo-bmf-capacity,501(c)(3),democracy,1.6477,0.0049,0.0198,0.7400,,https://www.irs.gov/pub/irs-soi/eo_dc.csv
PARTNERSHIP PROJECT ACTION FUND,810606786,irs-eo-bmf-capacity,501(c)(4),democracy,7.0814,0.1770,0.0850,0.2000,,https://www.irs.gov/pub/irs-soi/eo_dc.csv
INSTITUTE FOR GOVERNANCE AND SUSTAINABLE DEVELOPMENT INC,810616238,irs-eo-bmf-capacity,501(c)(3),democracy,13.0229,0.0391,0.1563,0.7400,,https://www.irs.gov/pub/irs-soi/eo_dc.csv
OPEN GOAL PROJECT,810689175,irs-eo-bmf-capacity,501(c)(3),democracy,0.6730,0.0020,0.0081,0.7400,,https://www.irs.gov/pub/irs-soi/eo_dc.csv
ASIA GROUP FOUNDATION,810737670,irs-eo-bmf-capacity,501(c)(3),democracy,0.2150,0.0006,0.0026,0.7400,,https://www.irs.gov/pub/irs-soi/eo_dc.csv
SHORT LINE SAFETY INSTITUTE,810740934,irs-eo-bmf-capacity,501(c)(3),democracy,4.1117,0.0123,0.0493,0.7400,,https://www.irs.gov/pub/irs-soi/eo_dc.csv
FREEDOM NETWORK USA INC,810758952,irs-eo-bmf-capacity,501(c)(3),democracy,2.4442,0.0073,0.0293,0.7400,,https://www.irs.gov/pub/irs-soi/eo_dc.csv
NATIONAL PARKS ACTION FUND,810773791,irs-eo-bmf-capacity,501(c)(4),democracy,0.1176,0.0029,0.0014,0.2000,,https://www.irs.gov/pub/irs-soi/eo_dc.csv
LEHMAN-SMITH DESIGN FOUNDATION INC,810817187,irs-eo-bmf-capacity,501(c)(3),democracy,0.2032,0.0006,0.0024,0.7400,,https://www.irs.gov/pub/irs-soi/eo_dc.csv
GLOBAL SOLAR COUNCIL,810846624,irs-eo-bmf-capacity,501(c)(6),democracy,0.6222,0.0112,0.0075,0.3200,,https://www.irs.gov/pub/irs-soi/eo_dc.csv
GREENWOLD FAMILY FOUNDATION,810856940,irs-eo-bmf-capacity,501(c)(3),democracy,0.0051,0.0000,0.0001,0.7400,,https://www.irs.gov/pub/irs-soi/eo_dc.csv
TIGRAY COMMUNITY ASSOCIATION WASHINGTON DC METROPOLITAN AREA,810926376,irs-eo-bmf-capacity,501(c)(3),democracy,0.1589,0.0005,0.0019,0.7400,,https://www.irs.gov/pub/irs-soi/eo_dc.csv
NATIONAL ASSOCIATION OF NONPROFIT ORGANIZATIONS & EXECUTIVES,810932733,irs-eo-bmf-capacity,501(c)(3),democracy,0.1262,0.0004,0.0015,0.7400,,https://www.irs.gov/pub/irs-soi/eo_dc.csv
RELIGIOUS FREEDOM INSTITUTE INC,810983298,irs-eo-bmf-capacity,501(c)(3),democracy,1.7161,0.0051,0.0206,0.7400,,https://www.irs.gov/pub/irs-soi/eo_dc.csv
US NIGERIA COUNCIL FOR FOOD SECURIT Y TRADE AND INVESTMENT INC,810993968,irs-eo-bmf-capacity,501(c)(3),democracy,0.1576,0.0005,0.0019,0.7400,,https://www.irs.gov/pub/irs-soi/eo_dc.csv
DERMATOLOGY PA FOUNDATION INC,811072003,irs-eo-bmf-capacity,501(c)(3),democracy,0.0604,0.0002,0.0007,0.7400,,https://www.irs.gov/pub/irs-soi/eo_dc.csv
CENTER FOR CONSERVATION PEACEBUILDING,811255639,irs-eo-bmf-capacity,501(c)(3),democracy,0.1195,0.0004,0.0014,0.7400,,https://www.irs.gov/pub/irs-soi/eo_dc.csv
LILY AND EARLE M PILGRIM ART FOUNDATION,811279945,irs-eo-bmf-capacity,501(c)(3),democracy,0.0792,0.0002,0.0010,0.7400,,https://www.irs.gov/pub/irs-soi/eo_dc.csv
ALLIANCE TO COUNTER CRIME ONLINE,811296749,irs-eo-bmf-capacity,501(c)(3),democracy,0.1079,0.0003,0.0013,0.7400,,https://www.irs.gov/pub/irs-soi/eo_dc.csv
ALLIANCE TO FIGHT FOR HEALTH CARE,811362774,irs-eo-bmf-capacity,501(c)(4),democracy,1.4225,0.0356,0.0171,0.2000,,https://www.irs.gov/pub/irs-soi/eo_dc.csv
CASPIAN POLICY CENTER,811369797,irs-eo-bmf-capacity,501(c)(3),democracy,2.5785,0.0077,0.0309,0.7400,,https://www.irs.gov/pub/irs-soi/eo_dc.csv
PRESIDENTIAL EXPERIENCE FOUNDATION,811486856,irs-eo-bmf-capacity,501(c)(3),democracy,0.0025,0.0000,0.0000,0.7400,,https://www.irs.gov/pub/irs-soi/eo_dc.csv
GOOD PROJECTS,811491594,irs-eo-bmf-capacity,501(c)(3),democracy,2.0452,0.0061,0.0245,0.7400,,https://www.irs.gov/pub/irs-soi/eo_dc.csv
ASSOCIATION OF STATE AND TRIBAL HOME VISITING INITIATIVES,811505864,irs-eo-bmf-capacity,501(c)(3),democracy,0.4419,0.0013,0.0053,0.7400,,https://www.irs.gov/pub/irs-soi/eo_dc.csv
CAMPAIGN FOR TRAUMA INFORMED POLICY AND PRACTICE,811599494,irs-eo-bmf-capacity,501(c)(3),democracy,0.3002,0.0009,0.0036,0.7400,,https://www.irs.gov/pub/irs-soi/eo_dc.csv
COLLATERAL CONSEQUENCES RESOURCE CENTER INC,811645613,irs-eo-bmf-capacity,501(c)(3),democracy,0.1688,0.0005,0.0020,0.7400,,https://www.irs.gov/pub/irs-soi/eo_dc.csv
MENENGAGE GLOBAL ALLIANCE,811666828,irs-eo-bmf-capacity,501(c)(3),democracy,2.3719,0.0071,0.0285,0.7400,,https://www.irs.gov/pub/irs-soi/eo_dc.csv
CENTER FOR US POLICY,811689167,irs-eo-bmf-capacity,501(c)(3),democracy,0.0430,0.0001,0.0005,0.7400,,https://www.irs.gov/pub/irs-soi/eo_dc.csv
ALPHAMUNDI FOUNDATION INC,811764879,irs-eo-bmf-capacity,501(c)(3),democracy,0.5375,0.0016,0.0065,0.7400,,https://www.irs.gov/pub/irs-soi/eo_dc.csv
TRANSCAUCASIAN TRAIL ASSOCIATION,811767446,irs-eo-bmf-capacity,501(c)(3),democracy,0.0920,0.0003,0.0011,0.7400,,https://www.irs.gov/pub/irs-soi/eo_dc.csv
NATIONAL TURKEY FEDERATION FOUNDATION,811823264,irs-eo-bmf-capacity,501(c)(3),democracy,0.0828,0.0002,0.0010,0.7400,,https://www.irs.gov/pub/irs-soi/eo_dc.csv
TECHCONGRESS FOUNDATION,811839685,irs-eo-bmf-capacity,501(c)(3),democracy,4.6277,0.0139,0.0555,0.7400,,https://www.irs.gov/pub/irs-soi/eo_dc.csv
YUNUS EMRE FOUNDATION INC,811910434,irs-eo-bmf-capacity,501(c)(3),democracy,5.0073,0.0150,0.0601,0.7400,,https://www.irs.gov/pub/irs-soi/eo_dc.csv
DC DEFENSE LAWYERS ASSOCIATION INC,812029814,irs-eo-bmf-capacity,501(c)(6),procurement,0.0863,0.0016,0.0010,0.3200,,https://www.irs.gov/pub/irs-soi/eo_dc.csv
TAXPAYERS PROTECTION ALLIANCE FOUNDATION INC,812132166,irs-eo-bmf-capacity,501(c)(3),finance,0.2801,0.0008,0.0034,0.7400,,https://www.irs.gov/pub/irs-soi/eo_dc.csv
VOTER REGISTRATION PROJECT EDUCATION FUND,812169516,irs-eo-bmf-capacity,501(c)(3),democracy,8.1748,0.0245,0.0981,0.7400,,https://www.irs.gov/pub/irs-soi/eo_dc.csv
INDIAN AMERICAN IMPACT PROJECT,812175987,irs-eo-bmf-capacity,501(c)(3),democracy,0.0606,0.0002,0.0007,0.7400,,https://www.irs.gov/pub/irs-soi/eo_dc.csv
HONORED FOUNDATION,812204859,irs-eo-bmf-capacity,501(c)(3),democracy,0.3831,0.0011,0.0046,0.7400,,https://www.irs.gov/pub/irs-soi/eo_dc.csv
WHALE SANCTUARY PROJECT,812276219,irs-eo-bmf-capacity,501(c)(3),democracy,2.2699,0.0068,0.0272,0.7400,,https://www.irs.gov/pub/irs-soi/eo_dc.csv
MARION BARRY JR LEGACY FOUNDATION,812285779,irs-eo-bmf-capacity,501(c)(3),democracy,0.0102,0.0000,0.0001,0.7400,,https://www.irs.gov/pub/irs-soi/eo_dc.csv
SECOND AMENDMENT INSTITUTE,812368599,irs-eo-bmf-capacity,501(c)(3),democracy,0.0729,0.0002,0.0009,0.7400,,https://www.irs.gov/pub/irs-soi/eo_dc.csv
GUARDIAN ORG FOUNDATION,812404459,irs-eo-bmf-capacity,501(c)(3),democracy,5.9611,0.0179,0.0715,0.7400,,https://www.irs.gov/pub/irs-soi/eo_dc.csv
CARAVANSERAI PROJECT,812497638,irs-eo-bmf-capacity,501(c)(3),democracy,1.0074,0.0030,0.0121,0.7400,,https://www.irs.gov/pub/irs-soi/eo_dc.csv
CENTER FOR CARBON REMOVAL,812560407,irs-eo-bmf-capacity,501(c)(3),democracy,10.4294,0.0313,0.1252,0.7400,,https://www.irs.gov/pub/irs-soi/eo_dc.csv
GAIL D BASSIN FAMILY FOUNDATION,812581702,irs-eo-bmf-capacity,501(c)(3),democracy,0.4575,0.0014,0.0055,0.7400,,https://www.irs.gov/pub/irs-soi/eo_dc.csv
ROBERT J SICILIANO CHARITABLE FOUNDATION,812592328,irs-eo-bmf-capacity,501(c)(3),democracy,0.0035,0.0000,0.0000,0.7400,,https://www.irs.gov/pub/irs-soi/eo_dc.csv
GOVERNMENT RELATIONS ASSOCIATION INC,812610735,irs-eo-bmf-capacity,501(c)(6),democracy,0.0346,0.0006,0.0004,0.3200,,https://www.irs.gov/pub/irs-soi/eo_dc.csv
PARENTSTOGETHER ACTION,812699957,irs-eo-bmf-capacity,501(c)(4),democracy,5.0174,0.1254,0.0602,0.2000,,https://www.irs.gov/pub/irs-soi/eo_dc.csv
CIVIC LEADERSHIP PROJECT INC,812866927,irs-eo-bmf-capacity,501(c)(3),democracy,1.1591,0.0035,0.0139,0.7400,,https://www.irs.gov/pub/irs-soi/eo_dc.csv
COMMERCIAL DRONE ALLIANCE,812931755,irs-eo-bmf-capacity,501(c)(6),democracy,1.5781,0.0284,0.0189,0.3200,,https://www.irs.gov/pub/irs-soi/eo_dc.csv
KARNA CHARITIES INTERNATIONAL FOUNDATION,812944776,irs-eo-bmf-capacity,501(c)(3),democracy,0.4209,0.0013,0.0051,0.7400,,https://www.irs.gov/pub/irs-soi/eo_dc.csv
CLIMATE LEADERSHIP COUNCIL INC,813115310,irs-eo-bmf-capacity,501(c)(3),energy,3.9583,0.0119,0.0475,0.7400,,https://www.irs.gov/pub/irs-soi/eo_dc.csv
AUTONOMOUS VEHICLE INDUSTRY ASSOCIATION,813117705,irs-eo-bmf-capacity,501(c)(6),democracy,1.9596,0.0353,0.0235,0.3200,,https://www.irs.gov/pub/irs-soi/eo_dc.csv
OPEN IMAGERY NETWORK INC,813160991,irs-eo-bmf-capacity,501(c)(3),democracy,4.3527,0.0131,0.0522,0.7400,,https://www.irs.gov/pub/irs-soi/eo_dc.csv
314ACTION,813165165,irs-eo-bmf-capacity,501(c)(4),democracy,6.3109,0.1578,0.0757,0.2000,,https://www.irs.gov/pub/irs-soi/eo_dc.csv
ARMENIAN LEGAL CENTER FOR JUSTICE AND HUMAN RIGHTS,813169906,irs-eo-bmf-capacity,501(c)(3),democracy,0.2291,0.0007,0.0027,0.7400,,https://www.irs.gov/pub/irs-soi/eo_dc.csv
NATIONAL YOUTH JUSTICE NETWORK,813221807,irs-eo-bmf-capacity,501(c)(3),democracy,0.3182,0.0010,0.0038,0.7400,,https://www.irs.gov/pub/irs-soi/eo_dc.csv
IDEVELOPMENT & ECONOMIC ASSOCIATION,813307864,irs-eo-bmf-capacity,501(c)(6),democracy,0.6404,0.0115,0.0077,0.3200,,https://www.irs.gov/pub/irs-soi/eo_dc.csv
URBAN LEARNING AND TEACHING CENTER,813314763,irs-eo-bmf-capacity,501(c)(3),democracy,0.3832,0.0011,0.0046,0.7400,,https://www.irs.gov/pub/irs-soi/eo_dc.csv
BLUEGRASS COUNTRY FOUNDATION,813321942,irs-eo-bmf-capacity,501(c)(3),democracy,0.1918,0.0006,0.0023,0.7400,,https://www.irs.gov/pub/irs-soi/eo_dc.csv
POLICY ACADEMIES,813333541,irs-eo-bmf-capacity,501(c)(3),democracy,0.3737,0.0011,0.0045,0.7400,,https://www.irs.gov/pub/irs-soi/eo_dc.csv
NATIONAL ASSOCIATION FOR THE ADVANCEMENT OF RETURNING CITIZENS,813348943,irs-eo-bmf-capacity,501(c)(4),democracy,5.3470,0.1337,0.0642,0.2000,,https://www.irs.gov/pub/irs-soi/eo_dc.csv
HEADACHE & MIGRAINE POLICY FORUM,813355588,irs-eo-bmf-capacity,501(c)(4),democracy,0.2594,0.0065,0.0031,0.2000,,https://www.irs.gov/pub/irs-soi/eo_dc.csv
MERCHANT ROW ASSOCIATION CORP,813425510,irs-eo-bmf-capacity,501(c)(3),democracy,0.3460,0.0010,0.0042,0.7400,,https://www.irs.gov/pub/irs-soi/eo_dc.csv
WORLD INSTITUTE FOR SCIENCE RELIGION AND CULTURE INC,813500340,irs-eo-bmf-capacity,501(c)(3),democracy,0.2525,0.0008,0.0030,0.7400,,https://www.irs.gov/pub/irs-soi/eo_dc.csv
INNOVATIVE LENDING PLATFORM ASSOCIATION,813600428,irs-eo-bmf-capacity,501(c)(6),technology,0.5443,0.0098,0.0065,0.3200,,https://www.irs.gov/pub/irs-soi/eo_dc.csv
PAYNE ELEMENTARY SCHOOL PARENTS TEACHERS STUDENTS ASSOCIATION,813654908,irs-eo-bmf-capacity,501(c)(3),democracy,0.2800,0.0008,0.0034,0.7400,,https://www.irs.gov/pub/irs-soi/eo_dc.csv
GLOBAL ZERO ACTION,813724752,irs-eo-bmf-capacity,501(c)(4),democracy,0.0002,0.0000,0.0000,0.2000,,https://www.irs.gov/pub/irs-soi/eo_dc.csv
CENTER FOR ELECTION INNOVATION AND RESEARCH INC,813815137,irs-eo-bmf-capacity,501(c)(3),democracy,1.9780,0.0059,0.0237,0.7400,,https://www.irs.gov/pub/irs-soi/eo_dc.csv
AMERICAN FINTECH COUNCIL,813819306,irs-eo-bmf-capacity,501(c)(6),democracy,4.1309,0.0744,0.0496,0.3200,,https://www.irs.gov/pub/irs-soi/eo_dc.csv
NATIONAL MLTSS HEALTH PLAN ASSOCIATION,813841361,irs-eo-bmf-capacity,501(c)(6),democracy,1.2091,0.0218,0.0145,0.3200,,https://www.irs.gov/pub/irs-soi/eo_dc.csv
PROJECT DESTINED INC,813858986,irs-eo-bmf-capacity,501(c)(3),democracy,1.4424,0.0043,0.0173,0.7400,,https://www.irs.gov/pub/irs-soi/eo_dc.csv
THE SFIG FOUNDATION INC,813982260,irs-eo-bmf-capacity,501(c)(3),democracy,0.0177,0.0001,0.0002,0.7400,,https://www.irs.gov/pub/irs-soi/eo_dc.csv
FORSYTHIA FOUNDATION INC,813990775,irs-eo-bmf-capacity,501(c)(3),democracy,6.6185,0.0199,0.0794,0.7400,,https://www.irs.gov/pub/irs-soi/eo_dc.csv
SOFTWARE EDUCATION FOUNDATION,814001808,irs-eo-bmf-capacity,501(c)(3),technology,2.3777,0.0071,0.0285,0.7400,,https://www.irs.gov/pub/irs-soi/eo_dc.csv
KREWE OF PYROS FOUNDATION,814021084,irs-eo-bmf-capacity,501(c)(3),democracy,0.9268,0.0028,0.0111,0.7400,,https://www.irs.gov/pub/irs-soi/eo_dc.csv
RESTAURANT LAW CENTER,814099133,irs-eo-bmf-capacity,501(c)(6),democracy,0.6667,0.0120,0.0080,0.3200,,https://www.irs.gov/pub/irs-soi/eo_dc.csv
STATE DEMOCRACY ACTION FUND,814100201,irs-eo-bmf-capacity,501(c)(4),democracy,2.6191,0.0655,0.0314,0.2000,,https://www.irs.gov/pub/irs-soi/eo_dc.csv
US-CHINA NEW PERSPECTIVES FOUNDATION,814119193,irs-eo-bmf-capacity,501(c)(3),democracy,0.0782,0.0002,0.0009,0.7400,,https://www.irs.gov/pub/irs-soi/eo_dc.csv
NINA BREKELMANS MEMORIAL FOUNDATION,814119208,irs-eo-bmf-capacity,501(c)(3),democracy,0.0001,0.0000,0.0000,0.7400,,https://www.irs.gov/pub/irs-soi/eo_dc.csv
US-KYRGYZSTAN BUSINESS COUNCIL,814139027,irs-eo-bmf-capacity,501(c)(6),democracy,0.0819,0.0015,0.0010,0.3200,,https://www.irs.gov/pub/irs-soi/eo_dc.csv
ISWF BROADCASTIN NETWORK INC,814174424,irs-eo-bmf-capacity,501(c)(3),democracy,0.1560,0.0005,0.0019,0.7400,,https://www.irs.gov/pub/irs-soi/eo_dc.csv
SAMU FOUNDATION,814198808,irs-eo-bmf-capacity,501(c)(3),democracy,19.7468,0.0592,0.2370,0.7400,,https://www.irs.gov/pub/irs-soi/eo_dc.csv
WALLACE GENETIC FOUNDATION II INC,814236372,irs-eo-bmf-capacity,501(c)(3),democracy,13.7333,0.0412,0.1648,0.7400,,https://www.irs.gov/pub/irs-soi/eo_dc.csv
JENCO FOUNDATION INC,814274352,irs-eo-bmf-capacity,501(c)(3),democracy,0.4968,0.0015,0.0060,0.7400,,https://www.irs.gov/pub/irs-soi/eo_dc.csv
NATIONAL GO CENTER INC,814279719,irs-eo-bmf-capacity,501(c)(3),democracy,0.0872,0.0003,0.0010,0.7400,,https://www.irs.gov/pub/irs-soi/eo_dc.csv
FLAG STAR FOOTBALL FOUNDATION,814384680,irs-eo-bmf-capacity,501(c)(3),democracy,2.5335,0.0076,0.0304,0.7400,,https://www.irs.gov/pub/irs-soi/eo_dc.csv
DERMA CARE ACCESS NETWORK,814464567,irs-eo-bmf-capacity,501(c)(4),democracy,0.1450,0.0036,0.0017,0.2000,,https://www.irs.gov/pub/irs-soi/eo_dc.csv
FRIENDS OF THE TRUMAN FOUNDATION,814483070,irs-eo-bmf-capacity,501(c)(3),democracy,0.2751,0.0008,0.0033,0.7400,,https://www.irs.gov/pub/irs-soi/eo_dc.csv
COALITION FOR BETTER ADS,814575786,irs-eo-bmf-capacity,501(c)(6),democracy,0.9237,0.0166,0.0111,0.3200,,https://www.irs.gov/pub/irs-soi/eo_dc.csv
AFRICAN MIDDLE EASTERN LEADERSHIP PROJECT,814648053,irs-eo-bmf-capacity,501(c)(3),democracy,0.7033,0.0021,0.0084,0.7400,,https://www.irs.gov/pub/irs-soi/eo_dc.csv
SHURE FAMILY CHARITABLE FOUNDATION INC,814678030,irs-eo-bmf-capacity,501(c)(3),democracy,0.1184,0.0004,0.0014,0.7400,,https://www.irs.gov/pub/irs-soi/eo_dc.csv
ALLIANCE TO PREVENT LEGIONNAIRES DISEASE,814716485,irs-eo-bmf-capacity,501(c)(4),democracy,0.7470,0.0187,0.0090,0.2000,,https://www.irs.gov/pub/irs-soi/eo_dc.csv
JORGE & BESSY GRANADOS FOUNDATION,814752985,irs-eo-bmf-capacity,501(c)(3),democracy,0.0006,0.0000,0.0000,0.7400,,https://www.irs.gov/pub/irs-soi/eo_dc.csv
PROTECT DEMOCRACY PROJECT,814777062,irs-eo-bmf-capacity,501(c)(3),democracy,55.4829,0.1664,0.6658,0.7400,,https://www.irs.gov/pub/irs-soi/eo_dc.csv
DISTRICT OF COLUMBIA HEAD START ASSOCIATION,814804076,irs-eo-bmf-capacity,501(c)(3),democracy,0.1607,0.0005,0.0019,0.7400,,https://www.irs.gov/pub/irs-soi/eo_dc.csv
SPECIAL NEEDS PLAN ALLIANCE INC,814850675,irs-eo-bmf-capacity,501(c)(6),democracy,1.8867,0.0340,0.0226,0.3200,,https://www.irs.gov/pub/irs-soi/eo_dc.csv
CENTER DC,814900617,irs-eo-bmf-capacity,501(c)(3),democracy,0.3540,0.0011,0.0042,0.7400,,https://www.irs.gov/pub/irs-soi/eo_dc.csv
INDIVISIBLE PROJECT,814944067,irs-eo-bmf-capacity,501(c)(4),democracy,10.4014,0.2600,0.1248,0.2000,,https://www.irs.gov/pub/irs-soi/eo_dc.csv
PARTNERSGLOBAL INSTITUTE,814999795,irs-eo-bmf-capacity,501(c)(3),democracy,0.0213,0.0001,0.0003,0.7400,,https://www.irs.gov/pub/irs-soi/eo_dc.csv
INTERNATIONAL COUNCIL OF BEVERAGES ASSOCIATIONS,815008989,irs-eo-bmf-capacity,501(c)(6),democracy,1.1152,0.0201,0.0134,0.3200,,https://www.irs.gov/pub/irs-soi/eo_dc.csv
WHO SPEAKS FOR ME PROJECT,815025896,irs-eo-bmf-capacity,501(c)(3),democracy,0.2955,0.0009,0.0035,0.7400,,https://www.irs.gov/pub/irs-soi/eo_dc.csv
TADALLIANCE,815122876,irs-eo-bmf-capacity,501(c)(3),democracy,0.0458,0.0001,0.0005,0.7400,,https://www.irs.gov/pub/irs-soi/eo_dc.csv
LANTRY FAMILY FOUNDATION,815123339,irs-eo-bmf-capacity,501(c)(3),democracy,0.1852,0.0006,0.0022,0.7400,,https://www.irs.gov/pub/irs-soi/eo_dc.csv
SMILE & OLIVE FOUNDATION,815129089,irs-eo-bmf-capacity,501(c)(3),democracy,0.1658,0.0005,0.0020,0.7400,,https://www.irs.gov/pub/irs-soi/eo_dc.csv
ARTS ADMINISTRATORS OF COLOR DMV NETWORK,815158298,irs-eo-bmf-capacity,501(c)(3),democracy,0.1187,0.0004,0.0014,0.7400,,https://www.irs.gov/pub/irs-soi/eo_dc.csv
OLD SOLDIERS HOME FOUNDATION INC,815214355,irs-eo-bmf-capacity,501(c)(3),democracy,0.0433,0.0001,0.0005,0.7400,,https://www.irs.gov/pub/irs-soi/eo_dc.csv
RESPONSIBLE BATTERY COALITION INC,815250375,irs-eo-bmf-capacity,501(c)(4),democracy,1.1335,0.0283,0.0136,0.2000,,https://www.irs.gov/pub/irs-soi/eo_dc.csv
JAPAN INSTITUTE FOR SOCIAL INNOVATION AND ENTREPRENEURSHIP,815395732,irs-eo-bmf-capacity,501(c)(3),democracy,0.0262,0.0001,0.0003,0.7400,,https://www.irs.gov/pub/irs-soi/eo_dc.csv
US LUMBER COALITION INC,815413647,irs-eo-bmf-capacity,501(c)(6),democracy,7.5482,0.1359,0.0906,0.3200,,https://www.irs.gov/pub/irs-soi/eo_dc.csv
CAPITOL HILL JAZZ FOUNDATION,815436769,irs-eo-bmf-capacity,501(c)(3),democracy,0.1149,0.0003,0.0014,0.7400,,https://www.irs.gov/pub/irs-soi/eo_dc.csv
FAIR ELECTIONS CENTER,815447067,irs-eo-bmf-capacity,501(c)(3),democracy,9.2945,0.0279,0.1115,0.7400,,https://www.irs.gov/pub/irs-soi/eo_dc.csv
NATIONAL BARLEY GROWERS ASSOCIATION,820441037,irs-eo-bmf-capacity,501(c)(6),democracy,0.3556,0.0064,0.0043,0.3200,,https://www.irs.gov/pub/irs-soi/eo_dc.csv
PRIORITIES USA FOUNDATION,820675521,irs-eo-bmf-capacity,501(c)(3),democracy,18.8587,0.0566,0.2263,0.7400,,https://www.irs.gov/pub/irs-soi/eo_dc.csv
NATIONAL REDISTRICTING ACTION FUND,820738281,irs-eo-bmf-capacity,501(c)(4),democracy,2.9223,0.0731,0.0351,0.2000,,https://www.irs.gov/pub/irs-soi/eo_dc.csv
NATIONAL REDISTRICTING FOUNDATION,820757693,irs-eo-bmf-capacity,501(c)(3),democracy,5.3540,0.0161,0.0642,0.7400,,https://www.irs.gov/pub/irs-soi/eo_dc.csv
JOSEPH ROBERT SHAW FOUNDATION INC,820765105,irs-eo-bmf-capacity,501(c)(3),democracy,0.2733,0.0008,0.0033,0.7400,,https://www.irs.gov/pub/irs-soi/eo_dc.csv
LEONINE FORUM INC,820932756,irs-eo-bmf-capacity,501(c)(3),democracy,1.3191,0.0040,0.0158,0.7400,,https://www.irs.gov/pub/irs-soi/eo_dc.csv
JAPAN ELECTRIC POWER INFORMATION CENTER USA,820983150,irs-eo-bmf-capacity,501(c)(3),energy,1.4470,0.0043,0.0174,0.7400,,https://www.irs.gov/pub/irs-soi/eo_dc.csv
AMERICAN COMMON GROUND COUNCIL INC,820993460,irs-eo-bmf-capacity,501(c)(3),democracy,1.0464,0.0031,0.0126,0.7400,,https://www.irs.gov/pub/irs-soi/eo_dc.csv
DEMOCRACY FORWARD FOUNDATION,821007988,irs-eo-bmf-capacity,501(c)(3),democracy,65.7359,0.1972,0.7888,0.7400,,https://www.irs.gov/pub/irs-soi/eo_dc.csv
CREATIVE FAMILIES ASSOCIATION,821090880,irs-eo-bmf-capacity,501(c)(3),democracy,0.0265,0.0001,0.0003,0.7400,,https://www.irs.gov/pub/irs-soi/eo_dc.csv
CASA ITALIANA SOCIOCULTURAL CENTER,821104516,irs-eo-bmf-capacity,501(c)(3),democracy,0.1663,0.0005,0.0020,0.7400,,https://www.irs.gov/pub/irs-soi/eo_dc.csv
ACT FOR NIH FOUNDATION INC,821130166,irs-eo-bmf-capacity,501(c)(3),democracy,1.6116,0.0048,0.0193,0.7400,,https://www.irs.gov/pub/irs-soi/eo_dc.csv
COALITION FOR DEEP SPACE EXPLORATION,821165446,irs-eo-bmf-capacity,501(c)(6),democracy,1.3255,0.0239,0.0159,0.3200,,https://www.irs.gov/pub/irs-soi/eo_dc.csv
KING SEJONG INSTITUTE WASHINGTON DC,821188989,irs-eo-bmf-capacity,501(c)(3),democracy,0.1799,0.0005,0.0022,0.7400,,https://www.irs.gov/pub/irs-soi/eo_dc.csv
TI-HWA FOUNDATION,821197136,irs-eo-bmf-capacity,501(c)(3),democracy,0.3076,0.0009,0.0037,0.7400,,https://www.irs.gov/pub/irs-soi/eo_dc.csv
AMERICAN COALITION FOR PUBLIC RADIO,821246245,irs-eo-bmf-capacity,501(c)(4),democracy,0.2329,0.0058,0.0028,0.2000,,https://www.irs.gov/pub/irs-soi/eo_dc.csv
NATIONAL COALITION FOR ACCESS TO AUTISM SERVICES,821276103,irs-eo-bmf-capacity,501(c)(6),democracy,0.3169,0.0057,0.0038,0.3200,,https://www.irs.gov/pub/irs-soi/eo_dc.csv
ASOP GLOBAL FOUNDATION,821305616,irs-eo-bmf-capacity,501(c)(3),democracy,0.0345,0.0001,0.0004,0.7400,,https://www.irs.gov/pub/irs-soi/eo_dc.csv
ENVIRONMENTAL PROTECTION NETWORK,821378870,irs-eo-bmf-capacity,501(c)(3),energy,3.8483,0.0115,0.0462,0.7400,,https://www.irs.gov/pub/irs-soi/eo_dc.csv
CENTER ON CIVIC ENGAGEMENT,821464673,irs-eo-bmf-capacity,501(c)(3),democracy,0.4184,0.0013,0.0050,0.7400,,https://www.irs.gov/pub/irs-soi/eo_dc.csv
CONSERVATIVE PARTNERSHIP INSTITUTE,821470217,irs-eo-bmf-capacity,501(c)(3),democracy,34.4906,0.1035,0.4139,0.7400,,https://www.irs.gov/pub/irs-soi/eo_dc.csv
ALLIANCE FOR TRANSPARENT & AFFORDABLE PRESCRIPTIONS,821470716,irs-eo-bmf-capacity,501(c)(3),democracy,0.1375,0.0004,0.0017,0.7400,,https://www.irs.gov/pub/irs-soi/eo_dc.csv
AGRICULTURAL NUTRIENT POLICY COUNCIL,821548560,irs-eo-bmf-capacity,501(c)(6),democracy,0.2720,0.0049,0.0033,0.3200,,https://www.irs.gov/pub/irs-soi/eo_dc.csv
TECH INVENTORS ALLIANCE,821595397,irs-eo-bmf-capacity,501(c)(6),democracy,1.3202,0.0238,0.0158,0.3200,,https://www.irs.gov/pub/irs-soi/eo_dc.csv
BOOZ ALLEN FOUNDATION,821656917,irs-eo-bmf-capacity,501(c)(3),democracy,0.0347,0.0001,0.0004,0.7400,,https://www.irs.gov/pub/irs-soi/eo_dc.csv
CENTER FOR CLIMATE INTEGRITY,821659823,irs-eo-bmf-capacity,501(c)(3),energy,8.2354,0.0247,0.0988,0.7400,,https://www.irs.gov/pub/irs-soi/eo_dc.csv
LEAD BY EXAMPLE FOUNDATION INC,821742554,irs-eo-bmf-capacity,501(c)(3),democracy,0.0002,0.0000,0.0000,0.7400,,https://www.irs.gov/pub/irs-soi/eo_dc.csv
CHINESE AMERICAN MUSEUM FOUNDATION,821782141,irs-eo-bmf-capacity,501(c)(3),democracy,0.8506,0.0026,0.0102,0.7400,,https://www.irs.gov/pub/irs-soi/eo_dc.csv
RAISING A VILLAGE FOUNDATION,821828402,irs-eo-bmf-capacity,501(c)(3),democracy,0.7904,0.0024,0.0095,0.7400,,https://www.irs.gov/pub/irs-soi/eo_dc.csv
ADAMS MORGAN COMMUNITY ALLIANCE,821834452,irs-eo-bmf-capacity,501(c)(3),democracy,0.0234,0.0001,0.0003,0.7400,,https://www.irs.gov/pub/irs-soi/eo_dc.csv
DC KINCARE ALLIANCE,821855402,irs-eo-bmf-capacity,501(c)(3),democracy,0.6428,0.0019,0.0077,0.7400,,https://www.irs.gov/pub/irs-soi/eo_dc.csv
BINITIE FAMILY FOUNDATION,821859509,irs-eo-bmf-capacity,501(c)(3),democracy,0.0461,0.0001,0.0006,0.7400,,https://www.irs.gov/pub/irs-soi/eo_dc.csv
HYO JEONG INTERNATIONAL FOUNDATION FOR THE UNITY OF THE SCIENCES,821898138,irs-eo-bmf-capacity,501(c)(3),democracy,0.4955,0.0015,0.0059,0.7400,,https://www.irs.gov/pub/irs-soi/eo_dc.csv
PROJECT TRANSFORMATION DC,821906281,irs-eo-bmf-capacity,501(c)(3),democracy,0.2584,0.0008,0.0031,0.7400,,https://www.irs.gov/pub/irs-soi/eo_dc.csv
JEWISH DEMOCRATIC COUNCIL OF AMERICA,821919054,irs-eo-bmf-capacity,501(c)(4),democracy,2.5783,0.0645,0.0309,0.2000,,https://www.irs.gov/pub/irs-soi/eo_dc.csv
WITH HONOR ACTION INC,821940227,irs-eo-bmf-capacity,501(c)(4),democracy,6.5360,0.1634,0.0784,0.2000,,https://www.irs.gov/pub/irs-soi/eo_dc.csv
EARTHJUSTICE ACTION,821981944,irs-eo-bmf-capacity,501(c)(4),democracy,6.3842,0.1596,0.0766,0.2000,,https://www.irs.gov/pub/irs-soi/eo_dc.csv
AMERICAN CONSERVATION COALITION ACTION INC,822038028,irs-eo-bmf-capacity,501(c)(4),democracy,2.4894,0.0622,0.0299,0.2000,,https://www.irs.gov/pub/irs-soi/eo_dc.csv
COLLEGE GURL FOUNDATION,822172490,irs-eo-bmf-capacity,501(c)(3),democracy,0.8449,0.0025,0.0101,0.7400,,https://www.irs.gov/pub/irs-soi/eo_dc.csv
UNION MARKET COALITION,822211933,irs-eo-bmf-capacity,501(c)(4),democracy,0.3077,0.0077,0.0037,0.2000,,https://www.irs.gov/pub/irs-soi/eo_dc.csv
HEALTH INNOVATION ALLIANCE,822295762,irs-eo-bmf-capacity,501(c)(4),democracy,0.2550,0.0064,0.0031,0.2000,,https://www.irs.gov/pub/irs-soi/eo_dc.csv
DC POLICY CENTER,822380479,irs-eo-bmf-capacity,501(c)(3),democracy,1.3173,0.0040,0.0158,0.7400,,https://www.irs.gov/pub/irs-soi/eo_dc.csv
FUTURE NOW ACTION,822390410,irs-eo-bmf-capacity,501(c)(4),democracy,24.7553,0.6189,0.2971,0.2000,,https://www.irs.gov/pub/irs-soi/eo_dc.csv
NATIONAL DEFENSE INFORMATION SHARING AND ANALYSIS CENTER,822397014,irs-eo-bmf-capacity,501(c)(4),procurement,2.7649,0.0691,0.0332,0.2000,,https://www.irs.gov/pub/irs-soi/eo_dc.csv
MULTICULTURAL MEDIA & CORRESPONDENTS ASSOCIATION,822412952,irs-eo-bmf-capacity,501(c)(3),democracy,0.4270,0.0013,0.0051,0.7400,,https://www.irs.gov/pub/irs-soi/eo_dc.csv
OUTSOURCING FACILITIES ASSOCIATION,822421445,irs-eo-bmf-capacity,501(c)(6),democracy,0.1648,0.0030,0.0020,0.3200,,https://www.irs.gov/pub/irs-soi/eo_dc.csv
INSTITUTE FOR ACCOUNTABLE CARE,822461803,irs-eo-bmf-capacity,501(c)(3),democracy,1.2147,0.0036,0.0146,0.7400,,https://www.irs.gov/pub/irs-soi/eo_dc.csv
OPEN MARKETS INSTITUTE,822529375,irs-eo-bmf-capacity,501(c)(3),democracy,2.8716,0.0086,0.0345,0.7400,,https://www.irs.gov/pub/irs-soi/eo_dc.csv
CLUB FOR GROWTH FOUNDATION INC,822552404,irs-eo-bmf-capacity,501(c)(3),democracy,2.1743,0.0065,0.0261,0.7400,,https://www.irs.gov/pub/irs-soi/eo_dc.csv
METROLAB NETWORK INC,822626675,irs-eo-bmf-capacity,501(c)(3),democracy,0.6973,0.0021,0.0084,0.7400,,https://www.irs.gov/pub/irs-soi/eo_dc.csv
UNIVISION ORG FOUNDATION,822659345,irs-eo-bmf-capacity,501(c)(3),democracy,1.1051,0.0033,0.0133,0.7400,,https://www.irs.gov/pub/irs-soi/eo_dc.csv
ASSOCIATION OF PROFESSIONAL SOCIAL COMPLIANCE AUDITORS INC,822693737,irs-eo-bmf-capacity,501(c)(6),democracy,4.2975,0.0774,0.0516,0.3200,,https://www.irs.gov/pub/irs-soi/eo_dc.csv
RANDI RUBOVITS-SEITZ FOUNDATION INC,822745467,irs-eo-bmf-capacity,501(c)(3),democracy,0.0026,0.0000,0.0000,0.7400,,https://www.irs.gov/pub/irs-soi/eo_dc.csv
FAMILY ONLINE SAFETY INSTITUTE - US,822774079,irs-eo-bmf-capacity,501(c)(3),democracy,2.5810,0.0077,0.0310,0.7400,,https://www.irs.gov/pub/irs-soi/eo_dc.csv
LIBERIAN EDUCATION ACHIEVEMENT & RESOURCE NETWORK,822918466,irs-eo-bmf-capacity,501(c)(3),democracy,0.3000,0.0009,0.0036,0.7400,,https://www.irs.gov/pub/irs-soi/eo_dc.csv
URBAN RURAL ACTION,822940446,irs-eo-bmf-capacity,501(c)(3),democracy,0.9952,0.0030,0.0119,0.7400,,https://www.irs.gov/pub/irs-soi/eo_dc.csv
AOBA EDUCATIONAL FOUNDATION,822947514,irs-eo-bmf-capacity,501(c)(3),democracy,0.2617,0.0008,0.0031,0.7400,,https://www.irs.gov/pub/irs-soi/eo_dc.csv
DEAFNA FOUNDATION INC,822961856,irs-eo-bmf-capacity,501(c)(3),democracy,0.2054,0.0006,0.0025,0.7400,,https://www.irs.gov/pub/irs-soi/eo_dc.csv
TRUCKING CARES FOUNDATION,823015119,irs-eo-bmf-capacity,501(c)(3),democracy,0.7976,0.0024,0.0096,0.7400,,https://www.irs.gov/pub/irs-soi/eo_dc.csv
COUNCIL ON STRATEGIC RISKS,823106472,irs-eo-bmf-capacity,501(c)(3),democracy,6.4456,0.0193,0.0773,0.7400,,https://www.irs.gov/pub/irs-soi/eo_dc.csv
WILLIAM H GRAY III MEMORIAL FOUNDATION,823217990,irs-eo-bmf-capacity,501(c)(3),democracy,0.5006,0.0015,0.0060,0.7400,,https://www.irs.gov/pub/irs-soi/eo_dc.csv
CENTER FOR INNOVATIVE GOVERNANCE RESEARCH,823264419,irs-eo-bmf-capacity,501(c)(3),democracy,3.2259,0.0097,0.0387,0.7400,,https://www.irs.gov/pub/irs-soi/eo_dc.csv
COALITION FOR EPIDEMIC PREPAREDNESS INNOVATIONS US CEPI US,823285540,irs-eo-bmf-capacity,501(c)(4),energy,9.8064,0.2452,0.1177,0.2000,,https://www.irs.gov/pub/irs-soi/eo_dc.csv
NATIONAL SENIORS POLICY CENTER,823304242,irs-eo-bmf-capacity,501(c)(4),democracy,7.0929,0.1773,0.0851,0.2000,,https://www.irs.gov/pub/irs-soi/eo_dc.csv
NATIONAL STUDENT LEGAL DEFENSE NETWORK,823474942,irs-eo-bmf-capacity,501(c)(3),procurement,4.6780,0.0140,0.0561,0.7400,,https://www.irs.gov/pub/irs-soi/eo_dc.csv
ENGINE FOUNDATION INC,823475407,irs-eo-bmf-capacity,501(c)(3),democracy,0.4618,0.0014,0.0055,0.7400,,https://www.irs.gov/pub/irs-soi/eo_dc.csv
WASHINGTON INSTITUTE FOR LEADERSHIP,823493429,irs-eo-bmf-capacity,501(c)(3),democracy,0.0602,0.0002,0.0007,0.7400,,https://www.irs.gov/pub/irs-soi/eo_dc.csv
GREATER WASHINGTON DC BLACK CHAMBERS,823593199,irs-eo-bmf-capacity,501(c)(3),democracy,0.5559,0.0017,0.0067,0.7400,,https://www.irs.gov/pub/irs-soi/eo_dc.csv
UNITED STATES HISPANIC CHAMBER OF COMMERCE EDUCATIONAL FUND,823593693,irs-eo-bmf-capacity,501(c)(3),democracy,1.6302,0.0049,0.0196,0.7400,,https://www.irs.gov/pub/irs-soi/eo_dc.csv
BREADCOIN FOUNDATION LTD,823636054,irs-eo-bmf-capacity,501(c)(3),democracy,0.8531,0.0026,0.0102,0.7400,,https://www.irs.gov/pub/irs-soi/eo_dc.csv
AMERICAN MUSLIM AND MULTIFAITH WOMENS EMPOWERMENT COUNCIL,823637225,irs-eo-bmf-capacity,501(c)(3),democracy,0.4002,0.0012,0.0048,0.7400,,https://www.irs.gov/pub/irs-soi/eo_dc.csv
WOMANIUM FOUNDATION,823647011,irs-eo-bmf-capacity,501(c)(3),democracy,0.2857,0.0009,0.0034,0.7400,,https://www.irs.gov/pub/irs-soi/eo_dc.csv
TRARON CENTER,823648072,irs-eo-bmf-capacity,501(c)(3),democracy,0.4859,0.0015,0.0058,0.7400,,https://www.irs.gov/pub/irs-soi/eo_dc.csv
ACI-NA RELIEF FOUNDATION,823648422,irs-eo-bmf-capacity,501(c)(3),democracy,0.0100,0.0000,0.0001,0.7400,,https://www.irs.gov/pub/irs-soi/eo_dc.csv
INTERNATIONAL SCHOOL YANGON ASSOCIATION,823656770,irs-eo-bmf-capacity,501(c)(3),democracy,18.7777,0.0563,0.2253,0.7400,,https://www.irs.gov/pub/irs-soi/eo_dc.csv
EARTHWORKS ACTION FUND,823658089,irs-eo-bmf-capacity,501(c)(4),democracy,0.3347,0.0084,0.0040,0.2000,,https://www.irs.gov/pub/irs-soi/eo_dc.csv
RETURNED PEACE CORPS VOLUNTEERS ALLIANCE FOR UKRAINE,823661452,irs-eo-bmf-capacity,501(c)(3),democracy,0.0328,0.0001,0.0004,0.7400,,https://www.irs.gov/pub/irs-soi/eo_dc.csv
CENTER FOR A SECURE FREE SOCIETY INC,823787512,irs-eo-bmf-capacity,501(c)(3),democracy,0.3629,0.0011,0.0044,0.7400,,https://www.irs.gov/pub/irs-soi/eo_dc.csv
AMERICAN CONSERVATION COALITION INC,823815628,irs-eo-bmf-capacity,501(c)(3),democracy,7.4248,0.0223,0.0891,0.7400,,https://www.irs.gov/pub/irs-soi/eo_dc.csv
WHITMAN-WALKER INSTITUTE INC,823871397,irs-eo-bmf-capacity,501(c)(3),democracy,7.4845,0.0225,0.0898,0.7400,,https://www.irs.gov/pub/irs-soi/eo_dc.csv
WHITMAN-WALKER FOUNDATION INC,823889980,irs-eo-bmf-capacity,501(c)(3),democracy,5.8034,0.0174,0.0696,0.7400,,https://www.irs.gov/pub/irs-soi/eo_dc.csv
LUMINATE FOUNDATION INC,823941326,irs-eo-bmf-capacity,501(c)(3),democracy,0.8743,0.0026,0.0105,0.7400,,https://www.irs.gov/pub/irs-soi/eo_dc.csv
EQUAL CITIZENS FOUNDATION,823949758,irs-eo-bmf-capacity,501(c)(3),democracy,0.2692,0.0008,0.0032,0.7400,,https://www.irs.gov/pub/irs-soi/eo_dc.csv
CENTRI TECH FOUNDATION,824044837,irs-eo-bmf-capacity,501(c)(3),democracy,1.2825,0.0038,0.0154,0.7400,,https://www.irs.gov/pub/irs-soi/eo_dc.csv
CENTER FOR CYBERSECURITY POLICY AND LAW,824117300,irs-eo-bmf-capacity,501(c)(6),democracy,3.5937,0.0647,0.0431,0.3200,,https://www.irs.gov/pub/irs-soi/eo_dc.csv
CLAUSE 40 FOUNDATION,824127219,irs-eo-bmf-capacity,501(c)(3),democracy,0.0673,0.0002,0.0008,0.7400,,https://www.irs.gov/pub/irs-soi/eo_dc.csv
DUE PROCESS INSTITUTE,824145852,irs-eo-bmf-capacity,501(c)(4),democracy,0.9769,0.0244,0.0117,0.2000,,https://www.irs.gov/pub/irs-soi/eo_dc.csv
FUTURE FORWARD USA ACTION,824170762,irs-eo-bmf-capacity,501(c)(4),democracy,615.2623,15.3816,7.3831,0.2000,,https://www.irs.gov/pub/irs-soi/eo_dc.csv
CATALONIA AMERICA COUNCIL,824241192,irs-eo-bmf-capacity,501(c)(3),democracy,0.0974,0.0003,0.0012,0.7400,,https://www.irs.gov/pub/irs-soi/eo_dc.csv
WORLD HONGIK FOUNDATION,824242671,irs-eo-bmf-capacity,501(c)(3),democracy,0.0521,0.0002,0.0006,0.7400,,https://www.irs.gov/pub/irs-soi/eo_dc.csv
HORNING FAMILY FOUNDATION,824301386,irs-eo-bmf-capacity,501(c)(3),democracy,1.2303,0.0037,0.0148,0.7400,,https://www.irs.gov/pub/irs-soi/eo_dc.csv
NEWDEAL FORUM,824346598,irs-eo-bmf-capacity,501(c)(3),democracy,0.7932,0.0024,0.0095,0.7400,,https://www.irs.gov/pub/irs-soi/eo_dc.csv
ENVIRONMENTAL PEACEBUILDING ASSOCIATION,824519652,irs-eo-bmf-capacity,501(c)(6),energy,0.0308,0.0006,0.0004,0.3200,,https://www.irs.gov/pub/irs-soi/eo_dc.csv
END CITIZENS UNITED-LET AMERICA VOTE ACTION FUND,824671419,irs-eo-bmf-capacity,501(c)(4),democracy,1.4884,0.0372,0.0179,0.2000,,https://www.irs.gov/pub/irs-soi/eo_dc.csv
NEXTGEN CHAMBER OF COMMERCE FOUNDATION,824835903,irs-eo-bmf-capacity,501(c)(3),democracy,0.3027,0.0009,0.0036,0.7400,,https://www.irs.gov/pub/irs-soi/eo_dc.csv
JOSEPH RAINEY CENTER FOR PUBLIC POLICY INCORPORATED,824929758,irs-eo-bmf-capacity,501(c)(3),democracy,2.5778,0.0077,0.0309,0.7400,,https://www.irs.gov/pub/irs-soi/eo_dc.csv
CAPITOL HILL COUNSELING AND RESOURCE CENTER INC,824987692,irs-eo-bmf-capacity,501(c)(3),democracy,0.0519,0.0002,0.0006,0.7400,,https://www.irs.gov/pub/irs-soi/eo_dc.csv
ELLEN JOHNSON SIRLEAF PRESIDENTIAL FOUNDATION,825028424,irs-eo-bmf-capacity,501(c)(3),democracy,0.2027,0.0006,0.0024,0.7400,,https://www.irs.gov/pub/irs-soi/eo_dc.csv
INDEPENDENT DEALER AND TRADER ASSOCIATION,825055391,irs-eo-bmf-capacity,501(c)(6),democracy,0.3412,0.0061,0.0041,0.3200,,https://www.irs.gov/pub/irs-soi/eo_dc.csv
TRANSATLANTIC LEADERSHIP NETWORK,825072663,irs-eo-bmf-capacity,501(c)(3),democracy,0.6973,0.0021,0.0084,0.7400,,https://www.irs.gov/pub/irs-soi/eo_dc.csv
CENTER ACTION FUND,825150240,irs-eo-bmf-capacity,501(c)(4),democracy,0.0977,0.0024,0.0012,0.2000,,https://www.irs.gov/pub/irs-soi/eo_dc.csv
FDRLST MEDIA FOUNDATION,825231385,irs-eo-bmf-capacity,501(c)(3),democracy,3.0266,0.0091,0.0363,0.7400,,https://www.irs.gov/pub/irs-soi/eo_dc.csv
WASHINGTON DC COMMUNITY YOUTH FOUNDATION INC,825300471,irs-eo-bmf-capacity,501(c)(3),democracy,0.0006,0.0000,0.0000,0.7400,,https://www.irs.gov/pub/irs-soi/eo_dc.csv
WHITINGS NECK EQUESTRIAN FOUNDATION INC,825353378,irs-eo-bmf-capacity,501(c)(3),democracy,0.0122,0.0000,0.0001,0.7400,,https://www.irs.gov/pub/irs-soi/eo_dc.csv
GOOD WORDS FOUNDATION,825368680,irs-eo-bmf-capacity,501(c)(3),democracy,98.7025,0.2961,1.1844,0.7400,,https://www.irs.gov/pub/irs-soi/eo_dc.csv
MODERN CLASSROOMS PROJECT INC,825421304,irs-eo-bmf-capacity,501(c)(3),democracy,13.8269,0.0415,0.1659,0.7400,,https://www.irs.gov/pub/irs-soi/eo_dc.csv
CLIMATE SOLUTIONS FOUNDATION INC,825509939,irs-eo-bmf-capacity,501(c)(3),energy,0.7700,0.0023,0.0092,0.7400,,https://www.irs.gov/pub/irs-soi/eo_dc.csv
NATIONAL VOTE AT HOME INSTITUTE,825515680,irs-eo-bmf-capacity,501(c)(3),democracy,0.5370,0.0016,0.0064,0.7400,,https://www.irs.gov/pub/irs-soi/eo_dc.csv
WAY TO WIN ACTION FUND INCORPORATED,825528039,irs-eo-bmf-capacity,501(c)(4),democracy,28.5044,0.7126,0.3421,0.2000,,https://www.irs.gov/pub/irs-soi/eo_dc.csv
NATIONAL ASSOCIATION OF STUDENT FINANCIAL AID ADMINISTRATORS,830211970,irs-eo-bmf-capacity,501(c)(3),democracy,15.3521,0.0461,0.1842,0.7400,,https://www.irs.gov/pub/irs-soi/eo_dc.csv
