canonicalActorId,primaryName,actorType,ldaClientId,fecCommitteeId,uei,docketSubmitterId,intermediaryId,sourceSystems,parentActorId,country,state,reviewStatus,reviewer,reviewDate,confirmedIdentifiers,evidenceRule,confidenceScore,notes
cand-f29de1091095,50CAN ACTION FUND INC,reviewed_nonprofit_or_intermediary,not_observed_in_reviewed_exact_id_slice,not_observed_in_reviewed_exact_id_slice,not_observed_in_reviewed_exact_id_slice,not_observed_in_reviewed_exact_id_slice,454698768,IRS/ProPublica dark-money bridge; Intermediary bridge,not_reviewed_for_parent_subsidiary_scope,not_reviewed_for_jurisdiction_scope,not_reviewed_for_jurisdiction_scope,reviewed_exact_identifier_match,codex-source-audit,2026-06-28,EIN=454698768,exact-shared-ein-dark-money-intermediary-v1,0.9500,"reviewed exact-identifier slice from cross-venue adjudication; broader source-product, source-readiness, and calibrated policy-simulation gates remain blocked until row-count, issue-comparability, false-match, and observed pre/post comparison requirements pass"
cand-826ecd9df274,A PHILIP RANDOLPH INSTITUTE INC,reviewed_nonprofit_or_intermediary,not_observed_in_reviewed_exact_id_slice,not_observed_in_reviewed_exact_id_slice,not_observed_in_reviewed_exact_id_slice,not_observed_in_reviewed_exact_id_slice,132548181,IRS/ProPublica dark-money bridge; Intermediary bridge,not_reviewed_for_parent_subsidiary_scope,not_reviewed_for_jurisdiction_scope,not_reviewed_for_jurisdiction_scope,reviewed_exact_identifier_match,codex-source-audit,2026-06-28,EIN=132548181,exact-shared-ein-dark-money-intermediary-v1,0.9500,"reviewed exact-identifier slice from cross-venue adjudication; broader source-product, source-readiness, and calibrated policy-simulation gates remain blocked until row-count, issue-comparability, false-match, and observed pre/post comparison requirements pass"
cand-1f1ead9e4ee1,ADULT VACCINE ACCESS COALITION,reviewed_nonprofit_or_intermediary,not_observed_in_reviewed_exact_id_slice,not_observed_in_reviewed_exact_id_slice,not_observed_in_reviewed_exact_id_slice,not_observed_in_reviewed_exact_id_slice,472933563,IRS/ProPublica dark-money bridge; Intermediary bridge,not_reviewed_for_parent_subsidiary_scope,not_reviewed_for_jurisdiction_scope,not_reviewed_for_jurisdiction_scope,reviewed_exact_identifier_match,codex-source-audit,2026-06-28,EIN=472933563,exact-shared-ein-dark-money-intermediary-v1,0.9500,"reviewed exact-identifier slice from cross-venue adjudication; broader source-product, source-readiness, and calibrated policy-simulation gates remain blocked until row-count, issue-comparability, false-match, and observed pre/post comparison requirements pass"
cand-8c1c5f5b17be,ADVANCED BIOFUELS ASSOCIATION,reviewed_nonprofit_or_intermediary,not_observed_in_reviewed_exact_id_slice,not_observed_in_reviewed_exact_id_slice,not_observed_in_reviewed_exact_id_slice,not_observed_in_reviewed_exact_id_slice,264484456,IRS/ProPublica dark-money bridge; Intermediary bridge,not_reviewed_for_parent_subsidiary_scope,not_reviewed_for_jurisdiction_scope,not_reviewed_for_jurisdiction_scope,reviewed_exact_identifier_match,codex-source-audit,2026-06-28,EIN=264484456,exact-shared-ein-dark-money-intermediary-v1,0.9500,"reviewed exact-identifier slice from cross-venue adjudication; broader source-product, source-readiness, and calibrated policy-simulation gates remain blocked until row-count, issue-comparability, false-match, and observed pre/post comparison requirements pass"
cand-9948f2974958,ADVANCED MEDICAL TECHNOLOGY ASSOCIATION,reviewed_nonprofit_or_intermediary,not_observed_in_reviewed_exact_id_slice,not_observed_in_reviewed_exact_id_slice,not_observed_in_reviewed_exact_id_slice,not_observed_in_reviewed_exact_id_slice,521006053,IRS/ProPublica dark-money bridge; Intermediary bridge,not_reviewed_for_parent_subsidiary_scope,not_reviewed_for_jurisdiction_scope,not_reviewed_for_jurisdiction_scope,reviewed_exact_identifier_match,codex-source-audit,2026-06-28,EIN=521006053,exact-shared-ein-dark-money-intermediary-v1,0.9500,"reviewed exact-identifier slice from cross-venue adjudication; broader source-product, source-readiness, and calibrated policy-simulation gates remain blocked until row-count, issue-comparability, false-match, and observed pre/post comparison requirements pass"
cand-8dd6b3bb25e1,ADVANCED WOODY BIOMASS ALLIANCE,reviewed_nonprofit_or_intermediary,not_observed_in_reviewed_exact_id_slice,not_observed_in_reviewed_exact_id_slice,not_observed_in_reviewed_exact_id_slice,not_observed_in_reviewed_exact_id_slice,275484284,IRS/ProPublica dark-money bridge; Intermediary bridge,not_reviewed_for_parent_subsidiary_scope,not_reviewed_for_jurisdiction_scope,not_reviewed_for_jurisdiction_scope,reviewed_exact_identifier_match,codex-source-audit,2026-06-28,EIN=275484284,exact-shared-ein-dark-money-intermediary-v1,0.9500,"reviewed exact-identifier slice from cross-venue adjudication; broader source-product, source-readiness, and calibrated policy-simulation gates remain blocked until row-count, issue-comparability, false-match, and observed pre/post comparison requirements pass"
cand-bffc1d50b4d6,AIRCRAFT FLEET RECYCLING ASSOCIATION,reviewed_nonprofit_or_intermediary,not_observed_in_reviewed_exact_id_slice,not_observed_in_reviewed_exact_id_slice,not_observed_in_reviewed_exact_id_slice,not_observed_in_reviewed_exact_id_slice,208230675,IRS/ProPublica dark-money bridge; Intermediary bridge,not_reviewed_for_parent_subsidiary_scope,not_reviewed_for_jurisdiction_scope,not_reviewed_for_jurisdiction_scope,reviewed_exact_identifier_match,codex-source-audit,2026-06-28,EIN=208230675,exact-shared-ein-dark-money-intermediary-v1,0.9500,"reviewed exact-identifier slice from cross-venue adjudication; broader source-product, source-readiness, and calibrated policy-simulation gates remain blocked until row-count, issue-comparability, false-match, and observed pre/post comparison requirements pass"
cand-ff5bcf90e253,ALASKA WILDERNESS LEAGUE ACTION INC,reviewed_nonprofit_or_intermediary,not_observed_in_reviewed_exact_id_slice,not_observed_in_reviewed_exact_id_slice,not_observed_in_reviewed_exact_id_slice,not_observed_in_reviewed_exact_id_slice,300233489,IRS/ProPublica dark-money bridge; Intermediary bridge,not_reviewed_for_parent_subsidiary_scope,not_reviewed_for_jurisdiction_scope,not_reviewed_for_jurisdiction_scope,reviewed_exact_identifier_match,codex-source-audit,2026-06-28,EIN=300233489,exact-shared-ein-dark-money-intermediary-v1,0.9500,"reviewed exact-identifier slice from cross-venue adjudication; broader source-product, source-readiness, and calibrated policy-simulation gates remain blocked until row-count, issue-comparability, false-match, and observed pre/post comparison requirements pass"
cand-d8f170bbb61e,ALLIANCE FOR A STRONGER FDA INC,reviewed_nonprofit_or_intermediary,not_observed_in_reviewed_exact_id_slice,not_observed_in_reviewed_exact_id_slice,not_observed_in_reviewed_exact_id_slice,not_observed_in_reviewed_exact_id_slice,204669553,IRS/ProPublica dark-money bridge; Intermediary bridge,not_reviewed_for_parent_subsidiary_scope,not_reviewed_for_jurisdiction_scope,not_reviewed_for_jurisdiction_scope,reviewed_exact_identifier_match,codex-source-audit,2026-06-28,EIN=204669553,exact-shared-ein-dark-money-intermediary-v1,0.9500,"reviewed exact-identifier slice from cross-venue adjudication; broader source-product, source-readiness, and calibrated policy-simulation gates remain blocked until row-count, issue-comparability, false-match, and observed pre/post comparison requirements pass"
cand-beb35a131185,ALLIANCE FOR CONNECTED CARE,reviewed_nonprofit_or_intermediary,not_observed_in_reviewed_exact_id_slice,not_observed_in_reviewed_exact_id_slice,not_observed_in_reviewed_exact_id_slice,not_observed_in_reviewed_exact_id_slice,464263046,IRS/ProPublica dark-money bridge; Intermediary bridge,not_reviewed_for_parent_subsidiary_scope,not_reviewed_for_jurisdiction_scope,not_reviewed_for_jurisdiction_scope,reviewed_exact_identifier_match,codex-source-audit,2026-06-28,EIN=464263046,exact-shared-ein-dark-money-intermediary-v1,0.9500,"reviewed exact-identifier slice from cross-venue adjudication; broader source-product, source-readiness, and calibrated policy-simulation gates remain blocked until row-count, issue-comparability, false-match, and observed pre/post comparison requirements pass"
cand-2f4776f5615e,ALLIANCE FOR FLEXIBLE POLYURETHANE FOAM INC,reviewed_nonprofit_or_intermediary,not_observed_in_reviewed_exact_id_slice,not_observed_in_reviewed_exact_id_slice,not_observed_in_reviewed_exact_id_slice,not_observed_in_reviewed_exact_id_slice,331218219,IRS/ProPublica dark-money bridge; Intermediary bridge,not_reviewed_for_parent_subsidiary_scope,not_reviewed_for_jurisdiction_scope,not_reviewed_for_jurisdiction_scope,reviewed_exact_identifier_match,codex-source-audit,2026-06-28,EIN=331218219,exact-shared-ein-dark-money-intermediary-v1,0.9500,"reviewed exact-identifier slice from cross-venue adjudication; broader source-product, source-readiness, and calibrated policy-simulation gates remain blocked until row-count, issue-comparability, false-match, and observed pre/post comparison requirements pass"
cand-e4cba166fdc8,ALLIANCE FOR PATIENT ACCESS,reviewed_nonprofit_or_intermediary,not_observed_in_reviewed_exact_id_slice,not_observed_in_reviewed_exact_id_slice,not_observed_in_reviewed_exact_id_slice,not_observed_in_reviewed_exact_id_slice,205130312,IRS/ProPublica dark-money bridge; Intermediary bridge,not_reviewed_for_parent_subsidiary_scope,not_reviewed_for_jurisdiction_scope,not_reviewed_for_jurisdiction_scope,reviewed_exact_identifier_match,codex-source-audit,2026-06-28,EIN=205130312,exact-shared-ein-dark-money-intermediary-v1,0.9500,"reviewed exact-identifier slice from cross-venue adjudication; broader source-product, source-readiness, and calibrated policy-simulation gates remain blocked until row-count, issue-comparability, false-match, and observed pre/post comparison requirements pass"
cand-c0240d2a5cf8,ALLIANCE FOR REGENERATIVE MEDICINE,reviewed_nonprofit_or_intermediary,not_observed_in_reviewed_exact_id_slice,not_observed_in_reviewed_exact_id_slice,not_observed_in_reviewed_exact_id_slice,not_observed_in_reviewed_exact_id_slice,270486705,IRS/ProPublica dark-money bridge; Intermediary bridge,not_reviewed_for_parent_subsidiary_scope,not_reviewed_for_jurisdiction_scope,not_reviewed_for_jurisdiction_scope,reviewed_exact_identifier_match,codex-source-audit,2026-06-28,EIN=270486705,exact-shared-ein-dark-money-intermediary-v1,0.9500,"reviewed exact-identifier slice from cross-venue adjudication; broader source-product, source-readiness, and calibrated policy-simulation gates remain blocked until row-count, issue-comparability, false-match, and observed pre/post comparison requirements pass"
cand-8814946618ce,ALLIANCE FOR SAFE ONLINE PHARMACIES,reviewed_nonprofit_or_intermediary,not_observed_in_reviewed_exact_id_slice,not_observed_in_reviewed_exact_id_slice,not_observed_in_reviewed_exact_id_slice,not_observed_in_reviewed_exact_id_slice,463155025,IRS/ProPublica dark-money bridge; Intermediary bridge,not_reviewed_for_parent_subsidiary_scope,not_reviewed_for_jurisdiction_scope,not_reviewed_for_jurisdiction_scope,reviewed_exact_identifier_match,codex-source-audit,2026-06-28,EIN=463155025,exact-shared-ein-dark-money-intermediary-v1,0.9500,"reviewed exact-identifier slice from cross-venue adjudication; broader source-product, source-readiness, and calibrated policy-simulation gates remain blocked until row-count, issue-comparability, false-match, and observed pre/post comparison requirements pass"
cand-5745845f94a0,ALLIANCE FOR TELECOMMUNICATIONS INDUSTRY SOLUTIONS,reviewed_nonprofit_intermediary_with_procurement_link,not_observed_in_reviewed_exact_id_slice,not_observed_in_reviewed_exact_id_slice,LJ6FBY1LX2L3,not_observed_in_reviewed_exact_id_slice,133182027,IRS/ProPublica dark-money bridge; Intermediary bridge; USAspending agency actions,not_reviewed_for_parent_subsidiary_scope,not_reviewed_for_jurisdiction_scope,not_reviewed_for_jurisdiction_scope,reviewed_exact_identifier_match,codex-source-audit,2026-06-28,EIN=133182027; PIID_UEI=693JJ321P000048|693JJ321P000048|LJ6FBY1LX2L3;1333ND24PNB770039|1333ND24PNB770039|LJ6FBY1LX2L3,exact-shared-ein-plus-usaspending-piid-uei-v1,0.9000,"reviewed exact-identifier slice from cross-venue adjudication; broader source-product, source-readiness, and calibrated policy-simulation gates remain blocked until row-count, issue-comparability, false-match, and observed pre/post comparison requirements pass"
cand-a1cc40d8c26e,ALLIANCE FOR YOUTH ACTION,reviewed_nonprofit_or_intermediary,not_observed_in_reviewed_exact_id_slice,not_observed_in_reviewed_exact_id_slice,not_observed_in_reviewed_exact_id_slice,not_observed_in_reviewed_exact_id_slice,462914731,IRS/ProPublica dark-money bridge; Intermediary bridge,not_reviewed_for_parent_subsidiary_scope,not_reviewed_for_jurisdiction_scope,not_reviewed_for_jurisdiction_scope,reviewed_exact_identifier_match,codex-source-audit,2026-06-28,EIN=462914731,exact-shared-ein-dark-money-intermediary-v1,0.9500,"reviewed exact-identifier slice from cross-venue adjudication; broader source-product, source-readiness, and calibrated policy-simulation gates remain blocked until row-count, issue-comparability, false-match, and observed pre/post comparison requirements pass"
cand-a3ed10250ca7,ALLIANCE OF HEALTH CARE SHARING MINISTRIES INC,reviewed_nonprofit_or_intermediary,not_observed_in_reviewed_exact_id_slice,not_observed_in_reviewed_exact_id_slice,not_observed_in_reviewed_exact_id_slice,not_observed_in_reviewed_exact_id_slice,260886401,IRS/ProPublica dark-money bridge; Intermediary bridge,not_reviewed_for_parent_subsidiary_scope,not_reviewed_for_jurisdiction_scope,not_reviewed_for_jurisdiction_scope,reviewed_exact_identifier_match,codex-source-audit,2026-06-28,EIN=260886401,exact-shared-ein-dark-money-intermediary-v1,0.9500,"reviewed exact-identifier slice from cross-venue adjudication; broader source-product, source-readiness, and calibrated policy-simulation gates remain blocked until row-count, issue-comparability, false-match, and observed pre/post comparison requirements pass"
cand-07ce6b3e4f19,ALLIANCE OF NONPROFIT MAILERS,reviewed_nonprofit_or_intermediary,not_observed_in_reviewed_exact_id_slice,not_observed_in_reviewed_exact_id_slice,not_observed_in_reviewed_exact_id_slice,not_observed_in_reviewed_exact_id_slice,521349816,IRS/ProPublica dark-money bridge; Intermediary bridge,not_reviewed_for_parent_subsidiary_scope,not_reviewed_for_jurisdiction_scope,not_reviewed_for_jurisdiction_scope,reviewed_exact_identifier_match,codex-source-audit,2026-06-28,EIN=521349816,exact-shared-ein-dark-money-intermediary-v1,0.9500,"reviewed exact-identifier slice from cross-venue adjudication; broader source-product, source-readiness, and calibrated policy-simulation gates remain blocked until row-count, issue-comparability, false-match, and observed pre/post comparison requirements pass"
cand-51880653f98f,ALLIANCE OF US STARTUPS AND INVENTORS FOR JOBS,reviewed_nonprofit_or_intermediary,not_observed_in_reviewed_exact_id_slice,not_observed_in_reviewed_exact_id_slice,not_observed_in_reviewed_exact_id_slice,not_observed_in_reviewed_exact_id_slice,464394329,IRS/ProPublica dark-money bridge; Intermediary bridge,not_reviewed_for_parent_subsidiary_scope,not_reviewed_for_jurisdiction_scope,not_reviewed_for_jurisdiction_scope,reviewed_exact_identifier_match,codex-source-audit,2026-06-28,EIN=464394329,exact-shared-ein-dark-money-intermediary-v1,0.9500,"reviewed exact-identifier slice from cross-venue adjudication; broader source-product, source-readiness, and calibrated policy-simulation gates remain blocked until row-count, issue-comparability, false-match, and observed pre/post comparison requirements pass"
cand-2baa779c041d,AMERICAN AMBULANCE ASSOCIATION,reviewed_nonprofit_or_intermediary,not_observed_in_reviewed_exact_id_slice,not_observed_in_reviewed_exact_id_slice,not_observed_in_reviewed_exact_id_slice,not_observed_in_reviewed_exact_id_slice,060924858,IRS/ProPublica dark-money bridge; Intermediary bridge,not_reviewed_for_parent_subsidiary_scope,not_reviewed_for_jurisdiction_scope,not_reviewed_for_jurisdiction_scope,reviewed_exact_identifier_match,codex-source-audit,2026-06-28,EIN=060924858,exact-shared-ein-dark-money-intermediary-v1,0.9500,"reviewed exact-identifier slice from cross-venue adjudication; broader source-product, source-readiness, and calibrated policy-simulation gates remain blocked until row-count, issue-comparability, false-match, and observed pre/post comparison requirements pass"
cand-1c20e699fdf8,AMERICAN ASSOCIATION FOR AFFIRMATIVE ACTION,reviewed_nonprofit_or_intermediary,not_observed_in_reviewed_exact_id_slice,not_observed_in_reviewed_exact_id_slice,not_observed_in_reviewed_exact_id_slice,not_observed_in_reviewed_exact_id_slice,310896714,IRS/ProPublica dark-money bridge; Intermediary bridge,not_reviewed_for_parent_subsidiary_scope,not_reviewed_for_jurisdiction_scope,not_reviewed_for_jurisdiction_scope,reviewed_exact_identifier_match,codex-source-audit,2026-06-28,EIN=310896714,exact-shared-ein-dark-money-intermediary-v1,0.9500,"reviewed exact-identifier slice from cross-venue adjudication; broader source-product, source-readiness, and calibrated policy-simulation gates remain blocked until row-count, issue-comparability, false-match, and observed pre/post comparison requirements pass"
cand-f7178708cc78,AMERICAN ASSOCIATION FOR JUSTICE,reviewed_nonprofit_or_intermediary,not_observed_in_reviewed_exact_id_slice,not_observed_in_reviewed_exact_id_slice,not_observed_in_reviewed_exact_id_slice,not_observed_in_reviewed_exact_id_slice,042114561,IRS/ProPublica dark-money bridge; Intermediary bridge,not_reviewed_for_parent_subsidiary_scope,not_reviewed_for_jurisdiction_scope,not_reviewed_for_jurisdiction_scope,reviewed_exact_identifier_match,codex-source-audit,2026-06-28,EIN=042114561,exact-shared-ein-dark-money-intermediary-v1,0.9500,"reviewed exact-identifier slice from cross-venue adjudication; broader source-product, source-readiness, and calibrated policy-simulation gates remain blocked until row-count, issue-comparability, false-match, and observed pre/post comparison requirements pass"
cand-9ae6bbdec7a0,AMERICAN ASSOCIATION OF CHILD AND ADOLESCENT PSYCHIATRY,reviewed_nonprofit_or_intermediary,not_observed_in_reviewed_exact_id_slice,not_observed_in_reviewed_exact_id_slice,not_observed_in_reviewed_exact_id_slice,not_observed_in_reviewed_exact_id_slice,463269663,IRS/ProPublica dark-money bridge; Intermediary bridge,not_reviewed_for_parent_subsidiary_scope,not_reviewed_for_jurisdiction_scope,not_reviewed_for_jurisdiction_scope,reviewed_exact_identifier_match,codex-source-audit,2026-06-28,EIN=463269663,exact-shared-ein-dark-money-intermediary-v1,0.9500,"reviewed exact-identifier slice from cross-venue adjudication; broader source-product, source-readiness, and calibrated policy-simulation gates remain blocked until row-count, issue-comparability, false-match, and observed pre/post comparison requirements pass"
cand-08f25d003690,AMERICAN ASSOCIATION OF COSMETOLOGY SCHOOLS INC,reviewed_nonprofit_or_intermediary,not_observed_in_reviewed_exact_id_slice,not_observed_in_reviewed_exact_id_slice,not_observed_in_reviewed_exact_id_slice,not_observed_in_reviewed_exact_id_slice,136163824,IRS/ProPublica dark-money bridge; Intermediary bridge,not_reviewed_for_parent_subsidiary_scope,not_reviewed_for_jurisdiction_scope,not_reviewed_for_jurisdiction_scope,reviewed_exact_identifier_match,codex-source-audit,2026-06-28,EIN=136163824,exact-shared-ein-dark-money-intermediary-v1,0.9500,"reviewed exact-identifier slice from cross-venue adjudication; broader source-product, source-readiness, and calibrated policy-simulation gates remain blocked until row-count, issue-comparability, false-match, and observed pre/post comparison requirements pass"
cand-c1ad13278d87,AMERICAN ASSOCIATION OF CROP INSURERS,reviewed_nonprofit_or_intermediary,not_observed_in_reviewed_exact_id_slice,not_observed_in_reviewed_exact_id_slice,not_observed_in_reviewed_exact_id_slice,not_observed_in_reviewed_exact_id_slice,363223956,IRS/ProPublica dark-money bridge; Intermediary bridge,not_reviewed_for_parent_subsidiary_scope,not_reviewed_for_jurisdiction_scope,not_reviewed_for_jurisdiction_scope,reviewed_exact_identifier_match,codex-source-audit,2026-06-28,EIN=363223956,exact-shared-ein-dark-money-intermediary-v1,0.9500,"reviewed exact-identifier slice from cross-venue adjudication; broader source-product, source-readiness, and calibrated policy-simulation gates remain blocked until row-count, issue-comparability, false-match, and observed pre/post comparison requirements pass"
cand-f88fd65ae080,AMERICAN ASSOCIATION OF EXPORTERS & IMPORTERS,reviewed_nonprofit_or_intermediary,not_observed_in_reviewed_exact_id_slice,not_observed_in_reviewed_exact_id_slice,not_observed_in_reviewed_exact_id_slice,not_observed_in_reviewed_exact_id_slice,135266640,IRS/ProPublica dark-money bridge; Intermediary bridge,not_reviewed_for_parent_subsidiary_scope,not_reviewed_for_jurisdiction_scope,not_reviewed_for_jurisdiction_scope,reviewed_exact_identifier_match,codex-source-audit,2026-06-28,EIN=135266640,exact-shared-ein-dark-money-intermediary-v1,0.9500,"reviewed exact-identifier slice from cross-venue adjudication; broader source-product, source-readiness, and calibrated policy-simulation gates remain blocked until row-count, issue-comparability, false-match, and observed pre/post comparison requirements pass"
cand-95050b6a7b48,AMERICAN ASSOCIATION OF PATHOLOGISTS ASSISTANTS,reviewed_nonprofit_or_intermediary,not_observed_in_reviewed_exact_id_slice,not_observed_in_reviewed_exact_id_slice,not_observed_in_reviewed_exact_id_slice,not_observed_in_reviewed_exact_id_slice,310921680,IRS/ProPublica dark-money bridge; Intermediary bridge,not_reviewed_for_parent_subsidiary_scope,not_reviewed_for_jurisdiction_scope,not_reviewed_for_jurisdiction_scope,reviewed_exact_identifier_match,codex-source-audit,2026-06-28,EIN=310921680,exact-shared-ein-dark-money-intermediary-v1,0.9500,"reviewed exact-identifier slice from cross-venue adjudication; broader source-product, source-readiness, and calibrated policy-simulation gates remain blocked until row-count, issue-comparability, false-match, and observed pre/post comparison requirements pass"
cand-7ef06b2f8cc4,AMERICAN ASSOCIATION OF PUBLIC INSURANCE ADJUSTERS,reviewed_nonprofit_or_intermediary,not_observed_in_reviewed_exact_id_slice,not_observed_in_reviewed_exact_id_slice,not_observed_in_reviewed_exact_id_slice,not_observed_in_reviewed_exact_id_slice,271606890,IRS/ProPublica dark-money bridge; Intermediary bridge,not_reviewed_for_parent_subsidiary_scope,not_reviewed_for_jurisdiction_scope,not_reviewed_for_jurisdiction_scope,reviewed_exact_identifier_match,codex-source-audit,2026-06-28,EIN=271606890,exact-shared-ein-dark-money-intermediary-v1,0.9500,"reviewed exact-identifier slice from cross-venue adjudication; broader source-product, source-readiness, and calibrated policy-simulation gates remain blocked until row-count, issue-comparability, false-match, and observed pre/post comparison requirements pass"
cand-d86bba0032dc,AMERICAN AUTOMOTIVE POLICY COUNCIL INC,reviewed_nonprofit_or_intermediary,not_observed_in_reviewed_exact_id_slice,not_observed_in_reviewed_exact_id_slice,not_observed_in_reviewed_exact_id_slice,not_observed_in_reviewed_exact_id_slice,271157879,IRS/ProPublica dark-money bridge; Intermediary bridge,not_reviewed_for_parent_subsidiary_scope,not_reviewed_for_jurisdiction_scope,not_reviewed_for_jurisdiction_scope,reviewed_exact_identifier_match,codex-source-audit,2026-06-28,EIN=271157879,exact-shared-ein-dark-money-intermediary-v1,0.9500,"reviewed exact-identifier slice from cross-venue adjudication; broader source-product, source-readiness, and calibrated policy-simulation gates remain blocked until row-count, issue-comparability, false-match, and observed pre/post comparison requirements pass"
cand-5d1da86118e5,AMERICAN BENEFITS COUNCIL,reviewed_nonprofit_or_intermediary,not_observed_in_reviewed_exact_id_slice,not_observed_in_reviewed_exact_id_slice,not_observed_in_reviewed_exact_id_slice,not_observed_in_reviewed_exact_id_slice,066100040,IRS/ProPublica dark-money bridge; Intermediary bridge,not_reviewed_for_parent_subsidiary_scope,not_reviewed_for_jurisdiction_scope,not_reviewed_for_jurisdiction_scope,reviewed_exact_identifier_match,codex-source-audit,2026-06-28,EIN=066100040,exact-shared-ein-dark-money-intermediary-v1,0.9500,"reviewed exact-identifier slice from cross-venue adjudication; broader source-product, source-readiness, and calibrated policy-simulation gates remain blocked until row-count, issue-comparability, false-match, and observed pre/post comparison requirements pass"
cand-43f2c282c903,AMERICAN BIO-RECOVERY ASSOCIATION,reviewed_nonprofit_or_intermediary,not_observed_in_reviewed_exact_id_slice,not_observed_in_reviewed_exact_id_slice,not_observed_in_reviewed_exact_id_slice,not_observed_in_reviewed_exact_id_slice,201333381,IRS/ProPublica dark-money bridge; Intermediary bridge,not_reviewed_for_parent_subsidiary_scope,not_reviewed_for_jurisdiction_scope,not_reviewed_for_jurisdiction_scope,reviewed_exact_identifier_match,codex-source-audit,2026-06-28,EIN=201333381,exact-shared-ein-dark-money-intermediary-v1,0.9500,"reviewed exact-identifier slice from cross-venue adjudication; broader source-product, source-readiness, and calibrated policy-simulation gates remain blocked until row-count, issue-comparability, false-match, and observed pre/post comparison requirements pass"
cand-cac123fc889a,AMERICAN BIOGAS COUNCIL,reviewed_nonprofit_or_intermediary,not_observed_in_reviewed_exact_id_slice,not_observed_in_reviewed_exact_id_slice,not_observed_in_reviewed_exact_id_slice,not_observed_in_reviewed_exact_id_slice,272221142,IRS/ProPublica dark-money bridge; Intermediary bridge,not_reviewed_for_parent_subsidiary_scope,not_reviewed_for_jurisdiction_scope,not_reviewed_for_jurisdiction_scope,reviewed_exact_identifier_match,codex-source-audit,2026-06-28,EIN=272221142,exact-shared-ein-dark-money-intermediary-v1,0.9500,"reviewed exact-identifier slice from cross-venue adjudication; broader source-product, source-readiness, and calibrated policy-simulation gates remain blocked until row-count, issue-comparability, false-match, and observed pre/post comparison requirements pass"
cand-0a6c913a83b0,AMERICAN CAR RENTAL ASSOCIATION,reviewed_nonprofit_or_intermediary,not_observed_in_reviewed_exact_id_slice,not_observed_in_reviewed_exact_id_slice,not_observed_in_reviewed_exact_id_slice,not_observed_in_reviewed_exact_id_slice,203027881,IRS/ProPublica dark-money bridge; Intermediary bridge,not_reviewed_for_parent_subsidiary_scope,not_reviewed_for_jurisdiction_scope,not_reviewed_for_jurisdiction_scope,reviewed_exact_identifier_match,codex-source-audit,2026-06-28,EIN=203027881,exact-shared-ein-dark-money-intermediary-v1,0.9500,"reviewed exact-identifier slice from cross-venue adjudication; broader source-product, source-readiness, and calibrated policy-simulation gates remain blocked until row-count, issue-comparability, false-match, and observed pre/post comparison requirements pass"
cand-7d9250b22f63,AMERICAN CHAMBER OF COMMERCE IN EGYPT INC,reviewed_nonprofit_or_intermediary,not_observed_in_reviewed_exact_id_slice,not_observed_in_reviewed_exact_id_slice,not_observed_in_reviewed_exact_id_slice,not_observed_in_reviewed_exact_id_slice,472947843,IRS/ProPublica dark-money bridge; Intermediary bridge,not_reviewed_for_parent_subsidiary_scope,not_reviewed_for_jurisdiction_scope,not_reviewed_for_jurisdiction_scope,reviewed_exact_identifier_match,codex-source-audit,2026-06-28,EIN=472947843,exact-shared-ein-dark-money-intermediary-v1,0.9500,"reviewed exact-identifier slice from cross-venue adjudication; broader source-product, source-readiness, and calibrated policy-simulation gates remain blocked until row-count, issue-comparability, false-match, and observed pre/post comparison requirements pass"
cand-5fe086c58d6d,AMERICAN CLEANING INSTITUTE,reviewed_nonprofit_or_intermediary,not_observed_in_reviewed_exact_id_slice,not_observed_in_reviewed_exact_id_slice,not_observed_in_reviewed_exact_id_slice,not_observed_in_reviewed_exact_id_slice,130452400,IRS/ProPublica dark-money bridge; Intermediary bridge,not_reviewed_for_parent_subsidiary_scope,not_reviewed_for_jurisdiction_scope,not_reviewed_for_jurisdiction_scope,reviewed_exact_identifier_match,codex-source-audit,2026-06-28,EIN=130452400,exact-shared-ein-dark-money-intermediary-v1,0.9500,"reviewed exact-identifier slice from cross-venue adjudication; broader source-product, source-readiness, and calibrated policy-simulation gates remain blocked until row-count, issue-comparability, false-match, and observed pre/post comparison requirements pass"
cand-66a540fb5699,AMERICAN CLINICAL LABORATORY ASSOCIATION,reviewed_nonprofit_or_intermediary,not_observed_in_reviewed_exact_id_slice,not_observed_in_reviewed_exact_id_slice,not_observed_in_reviewed_exact_id_slice,not_observed_in_reviewed_exact_id_slice,237173945,IRS/ProPublica dark-money bridge; Intermediary bridge,not_reviewed_for_parent_subsidiary_scope,not_reviewed_for_jurisdiction_scope,not_reviewed_for_jurisdiction_scope,reviewed_exact_identifier_match,codex-source-audit,2026-06-28,EIN=237173945,exact-shared-ein-dark-money-intermediary-v1,0.9500,"reviewed exact-identifier slice from cross-venue adjudication; broader source-product, source-readiness, and calibrated policy-simulation gates remain blocked until row-count, issue-comparability, false-match, and observed pre/post comparison requirements pass"
cand-18b1a3e16ac7,AMERICAN COALITION FOR TAXPAYER RIGHTS INC,reviewed_nonprofit_or_intermediary,not_observed_in_reviewed_exact_id_slice,not_observed_in_reviewed_exact_id_slice,not_observed_in_reviewed_exact_id_slice,not_observed_in_reviewed_exact_id_slice,452940662,IRS/ProPublica dark-money bridge; Intermediary bridge,not_reviewed_for_parent_subsidiary_scope,not_reviewed_for_jurisdiction_scope,not_reviewed_for_jurisdiction_scope,reviewed_exact_identifier_match,codex-source-audit,2026-06-28,EIN=452940662,exact-shared-ein-dark-money-intermediary-v1,0.9500,"reviewed exact-identifier slice from cross-venue adjudication; broader source-product, source-readiness, and calibrated policy-simulation gates remain blocked until row-count, issue-comparability, false-match, and observed pre/post comparison requirements pass"
cand-3b73cde74ddd,AMERICAN COUNCIL FOR CAPITAL FORMATION,reviewed_nonprofit_or_intermediary,not_observed_in_reviewed_exact_id_slice,not_observed_in_reviewed_exact_id_slice,not_observed_in_reviewed_exact_id_slice,not_observed_in_reviewed_exact_id_slice,520991278,IRS/ProPublica dark-money bridge; Intermediary bridge,not_reviewed_for_parent_subsidiary_scope,not_reviewed_for_jurisdiction_scope,not_reviewed_for_jurisdiction_scope,reviewed_exact_identifier_match,codex-source-audit,2026-06-28,EIN=520991278,exact-shared-ein-dark-money-intermediary-v1,0.9500,"reviewed exact-identifier slice from cross-venue adjudication; broader source-product, source-readiness, and calibrated policy-simulation gates remain blocked until row-count, issue-comparability, false-match, and observed pre/post comparison requirements pass"
cand-d3d938e08ef2,AMERICAN COUNCIL OF ENGINEERING COMPANIES INC,reviewed_nonprofit_or_intermediary,not_observed_in_reviewed_exact_id_slice,not_observed_in_reviewed_exact_id_slice,not_observed_in_reviewed_exact_id_slice,not_observed_in_reviewed_exact_id_slice,520745115,IRS/ProPublica dark-money bridge; Intermediary bridge,not_reviewed_for_parent_subsidiary_scope,not_reviewed_for_jurisdiction_scope,not_reviewed_for_jurisdiction_scope,reviewed_exact_identifier_match,codex-source-audit,2026-06-28,EIN=520745115,exact-shared-ein-dark-money-intermediary-v1,0.9500,"reviewed exact-identifier slice from cross-venue adjudication; broader source-product, source-readiness, and calibrated policy-simulation gates remain blocked until row-count, issue-comparability, false-match, and observed pre/post comparison requirements pass"
cand-dafa53c5301f,AMERICAN COUNCIL OF LIFE INSURERS INC,reviewed_nonprofit_or_intermediary,not_observed_in_reviewed_exact_id_slice,not_observed_in_reviewed_exact_id_slice,not_observed_in_reviewed_exact_id_slice,not_observed_in_reviewed_exact_id_slice,521044350,IRS/ProPublica dark-money bridge; Intermediary bridge,not_reviewed_for_parent_subsidiary_scope,not_reviewed_for_jurisdiction_scope,not_reviewed_for_jurisdiction_scope,reviewed_exact_identifier_match,codex-source-audit,2026-06-28,EIN=521044350,exact-shared-ein-dark-money-intermediary-v1,0.9500,"reviewed exact-identifier slice from cross-venue adjudication; broader source-product, source-readiness, and calibrated policy-simulation gates remain blocked until row-count, issue-comparability, false-match, and observed pre/post comparison requirements pass"
cand-10bfcc576140,AMERICAN DENTAL ASSISTANTS ASSOCIATION,reviewed_nonprofit_or_intermediary,not_observed_in_reviewed_exact_id_slice,not_observed_in_reviewed_exact_id_slice,not_observed_in_reviewed_exact_id_slice,not_observed_in_reviewed_exact_id_slice,350830295,IRS/ProPublica dark-money bridge; Intermediary bridge,not_reviewed_for_parent_subsidiary_scope,not_reviewed_for_jurisdiction_scope,not_reviewed_for_jurisdiction_scope,reviewed_exact_identifier_match,codex-source-audit,2026-06-28,EIN=350830295,exact-shared-ein-dark-money-intermediary-v1,0.9500,"reviewed exact-identifier slice from cross-venue adjudication; broader source-product, source-readiness, and calibrated policy-simulation gates remain blocked until row-count, issue-comparability, false-match, and observed pre/post comparison requirements pass"
cand-c7924b0a5778,AMERICAN ENERGY ALLIANCE,reviewed_nonprofit_or_intermediary,not_observed_in_reviewed_exact_id_slice,not_observed_in_reviewed_exact_id_slice,not_observed_in_reviewed_exact_id_slice,not_observed_in_reviewed_exact_id_slice,262731617,IRS/ProPublica dark-money bridge; Intermediary bridge,not_reviewed_for_parent_subsidiary_scope,not_reviewed_for_jurisdiction_scope,not_reviewed_for_jurisdiction_scope,reviewed_exact_identifier_match,codex-source-audit,2026-06-28,EIN=262731617,exact-shared-ein-dark-money-intermediary-v1,0.9500,"reviewed exact-identifier slice from cross-venue adjudication; broader source-product, source-readiness, and calibrated policy-simulation gates remain blocked until row-count, issue-comparability, false-match, and observed pre/post comparison requirements pass"
cand-a92bbe0c55ce,AMERICAN EXPLORATION & PRODUCTION COUNCIL INC,reviewed_nonprofit_or_intermediary,not_observed_in_reviewed_exact_id_slice,not_observed_in_reviewed_exact_id_slice,not_observed_in_reviewed_exact_id_slice,not_observed_in_reviewed_exact_id_slice,521042125,IRS/ProPublica dark-money bridge; Intermediary bridge,not_reviewed_for_parent_subsidiary_scope,not_reviewed_for_jurisdiction_scope,not_reviewed_for_jurisdiction_scope,reviewed_exact_identifier_match,codex-source-audit,2026-06-28,EIN=521042125,exact-shared-ein-dark-money-intermediary-v1,0.9500,"reviewed exact-identifier slice from cross-venue adjudication; broader source-product, source-readiness, and calibrated policy-simulation gates remain blocked until row-count, issue-comparability, false-match, and observed pre/post comparison requirements pass"
cand-d5522e62fad7,AMERICAN GAS ASSOCIATION,reviewed_nonprofit_or_intermediary,not_observed_in_reviewed_exact_id_slice,not_observed_in_reviewed_exact_id_slice,not_observed_in_reviewed_exact_id_slice,not_observed_in_reviewed_exact_id_slice,130431590,IRS/ProPublica dark-money bridge; Intermediary bridge,not_reviewed_for_parent_subsidiary_scope,not_reviewed_for_jurisdiction_scope,not_reviewed_for_jurisdiction_scope,reviewed_exact_identifier_match,codex-source-audit,2026-06-28,EIN=130431590,exact-shared-ein-dark-money-intermediary-v1,0.9500,"reviewed exact-identifier slice from cross-venue adjudication; broader source-product, source-readiness, and calibrated policy-simulation gates remain blocked until row-count, issue-comparability, false-match, and observed pre/post comparison requirements pass"
cand-3c450a719fd1,AMERICAN GREAT LAKES PORTS ASSOCIATION INC,reviewed_nonprofit_or_intermediary,not_observed_in_reviewed_exact_id_slice,not_observed_in_reviewed_exact_id_slice,not_observed_in_reviewed_exact_id_slice,not_observed_in_reviewed_exact_id_slice,200050293,IRS/ProPublica dark-money bridge; Intermediary bridge,not_reviewed_for_parent_subsidiary_scope,not_reviewed_for_jurisdiction_scope,not_reviewed_for_jurisdiction_scope,reviewed_exact_identifier_match,codex-source-audit,2026-06-28,EIN=200050293,exact-shared-ein-dark-money-intermediary-v1,0.9500,"reviewed exact-identifier slice from cross-venue adjudication; broader source-product, source-readiness, and calibrated policy-simulation gates remain blocked until row-count, issue-comparability, false-match, and observed pre/post comparison requirements pass"
cand-cfd03613b902,AMERICAN HEALTH QUALITY ASSOCIATION,reviewed_nonprofit_or_intermediary,not_observed_in_reviewed_exact_id_slice,not_observed_in_reviewed_exact_id_slice,not_observed_in_reviewed_exact_id_slice,not_observed_in_reviewed_exact_id_slice,237392554,IRS/ProPublica dark-money bridge; Intermediary bridge,not_reviewed_for_parent_subsidiary_scope,not_reviewed_for_jurisdiction_scope,not_reviewed_for_jurisdiction_scope,reviewed_exact_identifier_match,codex-source-audit,2026-06-28,EIN=237392554,exact-shared-ein-dark-money-intermediary-v1,0.9500,"reviewed exact-identifier slice from cross-venue adjudication; broader source-product, source-readiness, and calibrated policy-simulation gates remain blocked until row-count, issue-comparability, false-match, and observed pre/post comparison requirements pass"
cand-33c27236e8a9,AMERICAN HELLENIC INSTITUTE INC,reviewed_nonprofit_or_intermediary,not_observed_in_reviewed_exact_id_slice,not_observed_in_reviewed_exact_id_slice,not_observed_in_reviewed_exact_id_slice,not_observed_in_reviewed_exact_id_slice,521006027,IRS/ProPublica dark-money bridge; Intermediary bridge,not_reviewed_for_parent_subsidiary_scope,not_reviewed_for_jurisdiction_scope,not_reviewed_for_jurisdiction_scope,reviewed_exact_identifier_match,codex-source-audit,2026-06-28,EIN=521006027,exact-shared-ein-dark-money-intermediary-v1,0.9500,"reviewed exact-identifier slice from cross-venue adjudication; broader source-product, source-readiness, and calibrated policy-simulation gates remain blocked until row-count, issue-comparability, false-match, and observed pre/post comparison requirements pass"
cand-9496f73c7fb7,AMERICAN HOTEL & LODGING ASSOCIATION DIRECTORY CORPORATION,reviewed_nonprofit_or_intermediary,not_observed_in_reviewed_exact_id_slice,not_observed_in_reviewed_exact_id_slice,not_observed_in_reviewed_exact_id_slice,not_observed_in_reviewed_exact_id_slice,130432130,IRS/ProPublica dark-money bridge; Intermediary bridge,not_reviewed_for_parent_subsidiary_scope,not_reviewed_for_jurisdiction_scope,not_reviewed_for_jurisdiction_scope,reviewed_exact_identifier_match,codex-source-audit,2026-06-28,EIN=130432130,exact-shared-ein-dark-money-intermediary-v1,0.9500,"reviewed exact-identifier slice from cross-venue adjudication; broader source-product, source-readiness, and calibrated policy-simulation gates remain blocked until row-count, issue-comparability, false-match, and observed pre/post comparison requirements pass"
cand-2d2d9cbda29f,AMERICAN IMMIGRATION LAWYERS ASSOCIATION,reviewed_nonprofit_or_intermediary,not_observed_in_reviewed_exact_id_slice,not_observed_in_reviewed_exact_id_slice,not_observed_in_reviewed_exact_id_slice,not_observed_in_reviewed_exact_id_slice,237085097,IRS/ProPublica dark-money bridge; Intermediary bridge,not_reviewed_for_parent_subsidiary_scope,not_reviewed_for_jurisdiction_scope,not_reviewed_for_jurisdiction_scope,reviewed_exact_identifier_match,codex-source-audit,2026-06-28,EIN=237085097,exact-shared-ein-dark-money-intermediary-v1,0.9500,"reviewed exact-identifier slice from cross-venue adjudication; broader source-product, source-readiness, and calibrated policy-simulation gates remain blocked until row-count, issue-comparability, false-match, and observed pre/post comparison requirements pass"
cand-49be9bd8c18d,AMERICAN INSTITUTE FOR CONSERVATION,reviewed_nonprofit_or_intermediary,not_observed_in_reviewed_exact_id_slice,not_observed_in_reviewed_exact_id_slice,not_observed_in_reviewed_exact_id_slice,not_observed_in_reviewed_exact_id_slice,237291856,IRS/ProPublica dark-money bridge; Intermediary bridge,not_reviewed_for_parent_subsidiary_scope,not_reviewed_for_jurisdiction_scope,not_reviewed_for_jurisdiction_scope,reviewed_exact_identifier_match,codex-source-audit,2026-06-28,EIN=237291856,exact-shared-ein-dark-money-intermediary-v1,0.9500,"reviewed exact-identifier slice from cross-venue adjudication; broader source-product, source-readiness, and calibrated policy-simulation gates remain blocked until row-count, issue-comparability, false-match, and observed pre/post comparison requirements pass"
cand-e4b4110348d5,AMERICAN IRON AND STEEL INSTITUTE,reviewed_nonprofit_or_intermediary,not_observed_in_reviewed_exact_id_slice,not_observed_in_reviewed_exact_id_slice,not_observed_in_reviewed_exact_id_slice,not_observed_in_reviewed_exact_id_slice,131832448,IRS/ProPublica dark-money bridge; Intermediary bridge,not_reviewed_for_parent_subsidiary_scope,not_reviewed_for_jurisdiction_scope,not_reviewed_for_jurisdiction_scope,reviewed_exact_identifier_match,codex-source-audit,2026-06-28,EIN=131832448,exact-shared-ein-dark-money-intermediary-v1,0.9500,"reviewed exact-identifier slice from cross-venue adjudication; broader source-product, source-readiness, and calibrated policy-simulation gates remain blocked until row-count, issue-comparability, false-match, and observed pre/post comparison requirements pass"
cand-d16752748267,AMERICAN LEGAL FINANCE ASSOCIATION INC,reviewed_nonprofit_or_intermediary,not_observed_in_reviewed_exact_id_slice,not_observed_in_reviewed_exact_id_slice,not_observed_in_reviewed_exact_id_slice,not_observed_in_reviewed_exact_id_slice,201402214,IRS/ProPublica dark-money bridge; Intermediary bridge,not_reviewed_for_parent_subsidiary_scope,not_reviewed_for_jurisdiction_scope,not_reviewed_for_jurisdiction_scope,reviewed_exact_identifier_match,codex-source-audit,2026-06-28,EIN=201402214,exact-shared-ein-dark-money-intermediary-v1,0.9500,"reviewed exact-identifier slice from cross-venue adjudication; broader source-product, source-readiness, and calibrated policy-simulation gates remain blocked until row-count, issue-comparability, false-match, and observed pre/post comparison requirements pass"
cand-cedda632b366,AMERICAN MEDICAL REHABILITATION PROVIDERS ASSOCIATION,reviewed_nonprofit_or_intermediary,not_observed_in_reviewed_exact_id_slice,not_observed_in_reviewed_exact_id_slice,not_observed_in_reviewed_exact_id_slice,not_observed_in_reviewed_exact_id_slice,364184771,IRS/ProPublica dark-money bridge; Intermediary bridge,not_reviewed_for_parent_subsidiary_scope,not_reviewed_for_jurisdiction_scope,not_reviewed_for_jurisdiction_scope,reviewed_exact_identifier_match,codex-source-audit,2026-06-28,EIN=364184771,exact-shared-ein-dark-money-intermediary-v1,0.9500,"reviewed exact-identifier slice from cross-venue adjudication; broader source-product, source-readiness, and calibrated policy-simulation gates remain blocked until row-count, issue-comparability, false-match, and observed pre/post comparison requirements pass"
cand-eb4e602fa546,AMERICAN PROPERTY OWNERS ALLIANCE,reviewed_nonprofit_or_intermediary,not_observed_in_reviewed_exact_id_slice,not_observed_in_reviewed_exact_id_slice,not_observed_in_reviewed_exact_id_slice,not_observed_in_reviewed_exact_id_slice,364956297,IRS/ProPublica dark-money bridge; Intermediary bridge,not_reviewed_for_parent_subsidiary_scope,not_reviewed_for_jurisdiction_scope,not_reviewed_for_jurisdiction_scope,reviewed_exact_identifier_match,codex-source-audit,2026-06-28,EIN=364956297,exact-shared-ein-dark-money-intermediary-v1,0.9500,"reviewed exact-identifier slice from cross-venue adjudication; broader source-product, source-readiness, and calibrated policy-simulation gates remain blocked until row-count, issue-comparability, false-match, and observed pre/post comparison requirements pass"
cand-372cc95f9387,AMERICAN PUBLIC GAS ASSOCIATION,reviewed_nonprofit_or_intermediary,not_observed_in_reviewed_exact_id_slice,not_observed_in_reviewed_exact_id_slice,not_observed_in_reviewed_exact_id_slice,not_observed_in_reviewed_exact_id_slice,520805605,IRS/ProPublica dark-money bridge; Intermediary bridge,not_reviewed_for_parent_subsidiary_scope,not_reviewed_for_jurisdiction_scope,not_reviewed_for_jurisdiction_scope,reviewed_exact_identifier_match,codex-source-audit,2026-06-28,EIN=520805605,exact-shared-ein-dark-money-intermediary-v1,0.9500,"reviewed exact-identifier slice from cross-venue adjudication; broader source-product, source-readiness, and calibrated policy-simulation gates remain blocked until row-count, issue-comparability, false-match, and observed pre/post comparison requirements pass"
cand-98c41d93fe2a,AMERICAN PUBLIC TRANSIT ASSOCIATION,reviewed_nonprofit_or_intermediary,not_observed_in_reviewed_exact_id_slice,not_observed_in_reviewed_exact_id_slice,not_observed_in_reviewed_exact_id_slice,not_observed_in_reviewed_exact_id_slice,521007647,IRS/ProPublica dark-money bridge; Intermediary bridge,not_reviewed_for_parent_subsidiary_scope,not_reviewed_for_jurisdiction_scope,not_reviewed_for_jurisdiction_scope,reviewed_exact_identifier_match,codex-source-audit,2026-06-28,EIN=521007647,exact-shared-ein-dark-money-intermediary-v1,0.9500,"reviewed exact-identifier slice from cross-venue adjudication; broader source-product, source-readiness, and calibrated policy-simulation gates remain blocked until row-count, issue-comparability, false-match, and observed pre/post comparison requirements pass"
cand-7533f25d29df,AMERICAN SMALL MANUFACTURERS COALITION,reviewed_nonprofit_or_intermediary,not_observed_in_reviewed_exact_id_slice,not_observed_in_reviewed_exact_id_slice,not_observed_in_reviewed_exact_id_slice,not_observed_in_reviewed_exact_id_slice,382945771,IRS/ProPublica dark-money bridge; Intermediary bridge,not_reviewed_for_parent_subsidiary_scope,not_reviewed_for_jurisdiction_scope,not_reviewed_for_jurisdiction_scope,reviewed_exact_identifier_match,codex-source-audit,2026-06-28,EIN=382945771,exact-shared-ein-dark-money-intermediary-v1,0.9500,"reviewed exact-identifier slice from cross-venue adjudication; broader source-product, source-readiness, and calibrated policy-simulation gates remain blocked until row-count, issue-comparability, false-match, and observed pre/post comparison requirements pass"
cand-4b31022571c3,AMERICAN SPICE TRADE ASSOCIATION INC,reviewed_nonprofit_or_intermediary,not_observed_in_reviewed_exact_id_slice,not_observed_in_reviewed_exact_id_slice,not_observed_in_reviewed_exact_id_slice,not_observed_in_reviewed_exact_id_slice,134924480,IRS/ProPublica dark-money bridge; Intermediary bridge,not_reviewed_for_parent_subsidiary_scope,not_reviewed_for_jurisdiction_scope,not_reviewed_for_jurisdiction_scope,reviewed_exact_identifier_match,codex-source-audit,2026-06-28,EIN=134924480,exact-shared-ein-dark-money-intermediary-v1,0.9500,"reviewed exact-identifier slice from cross-venue adjudication; broader source-product, source-readiness, and calibrated policy-simulation gates remain blocked until row-count, issue-comparability, false-match, and observed pre/post comparison requirements pass"
cand-fadf34716bf0,AMERICAN SUSTAINABLE BUSINESS COUNCIL INC,reviewed_nonprofit_or_intermediary,not_observed_in_reviewed_exact_id_slice,not_observed_in_reviewed_exact_id_slice,not_observed_in_reviewed_exact_id_slice,not_observed_in_reviewed_exact_id_slice,452387029,IRS/ProPublica dark-money bridge; Intermediary bridge,not_reviewed_for_parent_subsidiary_scope,not_reviewed_for_jurisdiction_scope,not_reviewed_for_jurisdiction_scope,reviewed_exact_identifier_match,codex-source-audit,2026-06-28,EIN=452387029,exact-shared-ein-dark-money-intermediary-v1,0.9500,"reviewed exact-identifier slice from cross-venue adjudication; broader source-product, source-readiness, and calibrated policy-simulation gates remain blocked until row-count, issue-comparability, false-match, and observed pre/post comparison requirements pass"
cand-13830216a448,AMERICAN TELEVISION ALLIANCE,reviewed_nonprofit_or_intermediary,not_observed_in_reviewed_exact_id_slice,not_observed_in_reviewed_exact_id_slice,not_observed_in_reviewed_exact_id_slice,not_observed_in_reviewed_exact_id_slice,273085241,IRS/ProPublica dark-money bridge; Intermediary bridge,not_reviewed_for_parent_subsidiary_scope,not_reviewed_for_jurisdiction_scope,not_reviewed_for_jurisdiction_scope,reviewed_exact_identifier_match,codex-source-audit,2026-06-28,EIN=273085241,exact-shared-ein-dark-money-intermediary-v1,0.9500,"reviewed exact-identifier slice from cross-venue adjudication; broader source-product, source-readiness, and calibrated policy-simulation gates remain blocked until row-count, issue-comparability, false-match, and observed pre/post comparison requirements pass"
cand-aa571f18dc05,AMERICAN THERAPEUTIC RECREATION ASSOCIATION,reviewed_nonprofit_or_intermediary,not_observed_in_reviewed_exact_id_slice,not_observed_in_reviewed_exact_id_slice,not_observed_in_reviewed_exact_id_slice,not_observed_in_reviewed_exact_id_slice,382632462,IRS/ProPublica dark-money bridge; Intermediary bridge,not_reviewed_for_parent_subsidiary_scope,not_reviewed_for_jurisdiction_scope,not_reviewed_for_jurisdiction_scope,reviewed_exact_identifier_match,codex-source-audit,2026-06-28,EIN=382632462,exact-shared-ein-dark-money-intermediary-v1,0.9500,"reviewed exact-identifier slice from cross-venue adjudication; broader source-product, source-readiness, and calibrated policy-simulation gates remain blocked until row-count, issue-comparability, false-match, and observed pre/post comparison requirements pass"
cand-21685df19cf7,AMERICAN TORT REFORM ASSOCIATION,reviewed_nonprofit_or_intermediary,not_observed_in_reviewed_exact_id_slice,not_observed_in_reviewed_exact_id_slice,not_observed_in_reviewed_exact_id_slice,not_observed_in_reviewed_exact_id_slice,521464785,IRS/ProPublica dark-money bridge; Intermediary bridge,not_reviewed_for_parent_subsidiary_scope,not_reviewed_for_jurisdiction_scope,not_reviewed_for_jurisdiction_scope,reviewed_exact_identifier_match,codex-source-audit,2026-06-28,EIN=521464785,exact-shared-ein-dark-money-intermediary-v1,0.9500,"reviewed exact-identifier slice from cross-venue adjudication; broader source-product, source-readiness, and calibrated policy-simulation gates remain blocked until row-count, issue-comparability, false-match, and observed pre/post comparison requirements pass"
cand-749d0c5b960b,AMERICAN-ARAB ANTI-DISCRIMINATION COMMITTEE,reviewed_nonprofit_or_intermediary,not_observed_in_reviewed_exact_id_slice,not_observed_in_reviewed_exact_id_slice,not_observed_in_reviewed_exact_id_slice,not_observed_in_reviewed_exact_id_slice,521180441,IRS/ProPublica dark-money bridge; Intermediary bridge,not_reviewed_for_parent_subsidiary_scope,not_reviewed_for_jurisdiction_scope,not_reviewed_for_jurisdiction_scope,reviewed_exact_identifier_match,codex-source-audit,2026-06-28,EIN=521180441,exact-shared-ein-dark-money-intermediary-v1,0.9500,"reviewed exact-identifier slice from cross-venue adjudication; broader source-product, source-readiness, and calibrated policy-simulation gates remain blocked until row-count, issue-comparability, false-match, and observed pre/post comparison requirements pass"
cand-899592c4a500,AMERICAN-CENTRAL EUROPEAN BUSINESS ASSOCIATION,reviewed_nonprofit_or_intermediary,not_observed_in_reviewed_exact_id_slice,not_observed_in_reviewed_exact_id_slice,not_observed_in_reviewed_exact_id_slice,not_observed_in_reviewed_exact_id_slice,474968121,IRS/ProPublica dark-money bridge; Intermediary bridge,not_reviewed_for_parent_subsidiary_scope,not_reviewed_for_jurisdiction_scope,not_reviewed_for_jurisdiction_scope,reviewed_exact_identifier_match,codex-source-audit,2026-06-28,EIN=474968121,exact-shared-ein-dark-money-intermediary-v1,0.9500,"reviewed exact-identifier slice from cross-venue adjudication; broader source-product, source-readiness, and calibrated policy-simulation gates remain blocked until row-count, issue-comparability, false-match, and observed pre/post comparison requirements pass"
cand-aa756701541d,AMERICANS FOR THE ARTS ACTION FUND,reviewed_nonprofit_or_intermediary,not_observed_in_reviewed_exact_id_slice,not_observed_in_reviewed_exact_id_slice,not_observed_in_reviewed_exact_id_slice,not_observed_in_reviewed_exact_id_slice,201427963,IRS/ProPublica dark-money bridge; Intermediary bridge,not_reviewed_for_parent_subsidiary_scope,not_reviewed_for_jurisdiction_scope,not_reviewed_for_jurisdiction_scope,reviewed_exact_identifier_match,codex-source-audit,2026-06-28,EIN=201427963,exact-shared-ein-dark-money-intermediary-v1,0.9500,"reviewed exact-identifier slice from cross-venue adjudication; broader source-product, source-readiness, and calibrated policy-simulation gates remain blocked until row-count, issue-comparability, false-match, and observed pre/post comparison requirements pass"
cand-c2803df9b761,ANIMAL HEALTH INSTITUTE,reviewed_nonprofit_or_intermediary,not_observed_in_reviewed_exact_id_slice,not_observed_in_reviewed_exact_id_slice,not_observed_in_reviewed_exact_id_slice,not_observed_in_reviewed_exact_id_slice,420707629,IRS/ProPublica dark-money bridge; Intermediary bridge,not_reviewed_for_parent_subsidiary_scope,not_reviewed_for_jurisdiction_scope,not_reviewed_for_jurisdiction_scope,reviewed_exact_identifier_match,codex-source-audit,2026-06-28,EIN=420707629,exact-shared-ein-dark-money-intermediary-v1,0.9500,"reviewed exact-identifier slice from cross-venue adjudication; broader source-product, source-readiness, and calibrated policy-simulation gates remain blocked until row-count, issue-comparability, false-match, and observed pre/post comparison requirements pass"
cand-6157c3cca620,APPLE PROCESSORS ASSOCIATION,reviewed_nonprofit_or_intermediary,not_observed_in_reviewed_exact_id_slice,not_observed_in_reviewed_exact_id_slice,not_observed_in_reviewed_exact_id_slice,not_observed_in_reviewed_exact_id_slice,521527990,IRS/ProPublica dark-money bridge; Intermediary bridge,not_reviewed_for_parent_subsidiary_scope,not_reviewed_for_jurisdiction_scope,not_reviewed_for_jurisdiction_scope,reviewed_exact_identifier_match,codex-source-audit,2026-06-28,EIN=521527990,exact-shared-ein-dark-money-intermediary-v1,0.9500,"reviewed exact-identifier slice from cross-venue adjudication; broader source-product, source-readiness, and calibrated policy-simulation gates remain blocked until row-count, issue-comparability, false-match, and observed pre/post comparison requirements pass"
cand-3d9b48c1a6d4,APPLICATION DEVELOPERS ALLIANCE,reviewed_nonprofit_or_intermediary,not_observed_in_reviewed_exact_id_slice,not_observed_in_reviewed_exact_id_slice,not_observed_in_reviewed_exact_id_slice,not_observed_in_reviewed_exact_id_slice,453969025,IRS/ProPublica dark-money bridge; Intermediary bridge,not_reviewed_for_parent_subsidiary_scope,not_reviewed_for_jurisdiction_scope,not_reviewed_for_jurisdiction_scope,reviewed_exact_identifier_match,codex-source-audit,2026-06-28,EIN=453969025,exact-shared-ein-dark-money-intermediary-v1,0.9500,"reviewed exact-identifier slice from cross-venue adjudication; broader source-product, source-readiness, and calibrated policy-simulation gates remain blocked until row-count, issue-comparability, false-match, and observed pre/post comparison requirements pass"
cand-b1665a8d706c,ARAB AMERICAN INSTITUTE,reviewed_nonprofit_or_intermediary,not_observed_in_reviewed_exact_id_slice,not_observed_in_reviewed_exact_id_slice,not_observed_in_reviewed_exact_id_slice,not_observed_in_reviewed_exact_id_slice,521395040,IRS/ProPublica dark-money bridge; Intermediary bridge,not_reviewed_for_parent_subsidiary_scope,not_reviewed_for_jurisdiction_scope,not_reviewed_for_jurisdiction_scope,reviewed_exact_identifier_match,codex-source-audit,2026-06-28,EIN=521395040,exact-shared-ein-dark-money-intermediary-v1,0.9500,"reviewed exact-identifier slice from cross-venue adjudication; broader source-product, source-readiness, and calibrated policy-simulation gates remain blocked until row-count, issue-comparability, false-match, and observed pre/post comparison requirements pass"
cand-88b99691b59f,ARDA RESORT OWNERS COALITION,reviewed_nonprofit_or_intermediary,not_observed_in_reviewed_exact_id_slice,not_observed_in_reviewed_exact_id_slice,not_observed_in_reviewed_exact_id_slice,not_observed_in_reviewed_exact_id_slice,461457252,IRS/ProPublica dark-money bridge; Intermediary bridge,not_reviewed_for_parent_subsidiary_scope,not_reviewed_for_jurisdiction_scope,not_reviewed_for_jurisdiction_scope,reviewed_exact_identifier_match,codex-source-audit,2026-06-28,EIN=461457252,exact-shared-ein-dark-money-intermediary-v1,0.9500,"reviewed exact-identifier slice from cross-venue adjudication; broader source-product, source-readiness, and calibrated policy-simulation gates remain blocked until row-count, issue-comparability, false-match, and observed pre/post comparison requirements pass"
cand-ab78b82f0ada,ARMENIAN NATIONAL COMMITTEE OF AMERICA,reviewed_nonprofit_or_intermediary,not_observed_in_reviewed_exact_id_slice,not_observed_in_reviewed_exact_id_slice,not_observed_in_reviewed_exact_id_slice,not_observed_in_reviewed_exact_id_slice,521492274,IRS/ProPublica dark-money bridge; Intermediary bridge,not_reviewed_for_parent_subsidiary_scope,not_reviewed_for_jurisdiction_scope,not_reviewed_for_jurisdiction_scope,reviewed_exact_identifier_match,codex-source-audit,2026-06-28,EIN=521492274,exact-shared-ein-dark-money-intermediary-v1,0.9500,"reviewed exact-identifier slice from cross-venue adjudication; broader source-product, source-readiness, and calibrated policy-simulation gates remain blocked until row-count, issue-comparability, false-match, and observed pre/post comparison requirements pass"
cand-2d6281ab377b,ASSOCIATION FOR CONSUMER DEBT RELIEF,reviewed_nonprofit_or_intermediary,not_observed_in_reviewed_exact_id_slice,not_observed_in_reviewed_exact_id_slice,not_observed_in_reviewed_exact_id_slice,not_observed_in_reviewed_exact_id_slice,203796648,IRS/ProPublica dark-money bridge; Intermediary bridge,not_reviewed_for_parent_subsidiary_scope,not_reviewed_for_jurisdiction_scope,not_reviewed_for_jurisdiction_scope,reviewed_exact_identifier_match,codex-source-audit,2026-06-28,EIN=203796648,exact-shared-ein-dark-money-intermediary-v1,0.9500,"reviewed exact-identifier slice from cross-venue adjudication; broader source-product, source-readiness, and calibrated policy-simulation gates remain blocked until row-count, issue-comparability, false-match, and observed pre/post comparison requirements pass"
cand-82509c0964aa,ASSOCIATION FOR DRESSINGS & SAUCES,reviewed_nonprofit_or_intermediary,not_observed_in_reviewed_exact_id_slice,not_observed_in_reviewed_exact_id_slice,not_observed_in_reviewed_exact_id_slice,not_observed_in_reviewed_exact_id_slice,510245131,IRS/ProPublica dark-money bridge; Intermediary bridge,not_reviewed_for_parent_subsidiary_scope,not_reviewed_for_jurisdiction_scope,not_reviewed_for_jurisdiction_scope,reviewed_exact_identifier_match,codex-source-audit,2026-06-28,EIN=510245131,exact-shared-ein-dark-money-intermediary-v1,0.9500,"reviewed exact-identifier slice from cross-venue adjudication; broader source-product, source-readiness, and calibrated policy-simulation gates remain blocked until row-count, issue-comparability, false-match, and observed pre/post comparison requirements pass"
cand-c577c281cd40,ASSOCIATION FOR HEALTH CENTER AFFILIATED HEALTH PLANS,reviewed_nonprofit_or_intermediary,not_observed_in_reviewed_exact_id_slice,not_observed_in_reviewed_exact_id_slice,not_observed_in_reviewed_exact_id_slice,not_observed_in_reviewed_exact_id_slice,050509791,IRS/ProPublica dark-money bridge; Intermediary bridge,not_reviewed_for_parent_subsidiary_scope,not_reviewed_for_jurisdiction_scope,not_reviewed_for_jurisdiction_scope,reviewed_exact_identifier_match,codex-source-audit,2026-06-28,EIN=050509791,exact-shared-ein-dark-money-intermediary-v1,0.9500,"reviewed exact-identifier slice from cross-venue adjudication; broader source-product, source-readiness, and calibrated policy-simulation gates remain blocked until row-count, issue-comparability, false-match, and observed pre/post comparison requirements pass"
cand-30488f95b461,ASSOCIATION OF ADMINISTRATORS OF INTERSTATE COMPACT ON,reviewed_nonprofit_or_intermediary,not_observed_in_reviewed_exact_id_slice,not_observed_in_reviewed_exact_id_slice,not_observed_in_reviewed_exact_id_slice,not_observed_in_reviewed_exact_id_slice,521479559,IRS/ProPublica dark-money bridge; Intermediary bridge,not_reviewed_for_parent_subsidiary_scope,not_reviewed_for_jurisdiction_scope,not_reviewed_for_jurisdiction_scope,reviewed_exact_identifier_match,codex-source-audit,2026-06-28,EIN=521479559,exact-shared-ein-dark-money-intermediary-v1,0.9500,"reviewed exact-identifier slice from cross-venue adjudication; broader source-product, source-readiness, and calibrated policy-simulation gates remain blocked until row-count, issue-comparability, false-match, and observed pre/post comparison requirements pass"
cand-d939d0a41ab3,ASSOCIATION OF AFRICAN AMERICAN FINANCIAL ADVISORS,reviewed_nonprofit_or_intermediary,not_observed_in_reviewed_exact_id_slice,not_observed_in_reviewed_exact_id_slice,not_observed_in_reviewed_exact_id_slice,not_observed_in_reviewed_exact_id_slice,384034837,IRS/ProPublica dark-money bridge; Intermediary bridge,not_reviewed_for_parent_subsidiary_scope,not_reviewed_for_jurisdiction_scope,not_reviewed_for_jurisdiction_scope,reviewed_exact_identifier_match,codex-source-audit,2026-06-28,EIN=384034837,exact-shared-ein-dark-money-intermediary-v1,0.9500,"reviewed exact-identifier slice from cross-venue adjudication; broader source-product, source-readiness, and calibrated policy-simulation gates remain blocked until row-count, issue-comparability, false-match, and observed pre/post comparison requirements pass"
cand-2b1570f1b2a4,ASSOCIATION OF AMERICAN PUBLISHERS INC,reviewed_nonprofit_or_intermediary,not_observed_in_reviewed_exact_id_slice,not_observed_in_reviewed_exact_id_slice,not_observed_in_reviewed_exact_id_slice,not_observed_in_reviewed_exact_id_slice,132660200,IRS/ProPublica dark-money bridge; Intermediary bridge,not_reviewed_for_parent_subsidiary_scope,not_reviewed_for_jurisdiction_scope,not_reviewed_for_jurisdiction_scope,reviewed_exact_identifier_match,codex-source-audit,2026-06-28,EIN=132660200,exact-shared-ein-dark-money-intermediary-v1,0.9500,"reviewed exact-identifier slice from cross-venue adjudication; broader source-product, source-readiness, and calibrated policy-simulation gates remain blocked until row-count, issue-comparability, false-match, and observed pre/post comparison requirements pass"
cand-fe1eb5d097ec,ASSOCIATION OF BITUMINOUS CONTRACTORS INC,reviewed_nonprofit_or_intermediary,not_observed_in_reviewed_exact_id_slice,not_observed_in_reviewed_exact_id_slice,not_observed_in_reviewed_exact_id_slice,not_observed_in_reviewed_exact_id_slice,237118181,IRS/ProPublica dark-money bridge; Intermediary bridge,not_reviewed_for_parent_subsidiary_scope,not_reviewed_for_jurisdiction_scope,not_reviewed_for_jurisdiction_scope,reviewed_exact_identifier_match,codex-source-audit,2026-06-28,EIN=237118181,exact-shared-ein-dark-money-intermediary-v1,0.9500,"reviewed exact-identifier slice from cross-venue adjudication; broader source-product, source-readiness, and calibrated policy-simulation gates remain blocked until row-count, issue-comparability, false-match, and observed pre/post comparison requirements pass"
cand-9c7cbdd231db,ASSOCIATION OF CHANGE MANAGEMENT PROFESSIONALS DISTRICT OF COLUMBIA,reviewed_nonprofit_or_intermediary,not_observed_in_reviewed_exact_id_slice,not_observed_in_reviewed_exact_id_slice,not_observed_in_reviewed_exact_id_slice,not_observed_in_reviewed_exact_id_slice,464748207,IRS/ProPublica dark-money bridge; Intermediary bridge,not_reviewed_for_parent_subsidiary_scope,not_reviewed_for_jurisdiction_scope,not_reviewed_for_jurisdiction_scope,reviewed_exact_identifier_match,codex-source-audit,2026-06-28,EIN=464748207,exact-shared-ein-dark-money-intermediary-v1,0.9500,"reviewed exact-identifier slice from cross-venue adjudication; broader source-product, source-readiness, and calibrated policy-simulation gates remain blocked until row-count, issue-comparability, false-match, and observed pre/post comparison requirements pass"
cand-c4ce747a04aa,ASSOCIATION OF CLINICAL RESEARCH ORGANIZATIONS,reviewed_nonprofit_or_intermediary,not_observed_in_reviewed_exact_id_slice,not_observed_in_reviewed_exact_id_slice,not_observed_in_reviewed_exact_id_slice,not_observed_in_reviewed_exact_id_slice,020542064,IRS/ProPublica dark-money bridge; Intermediary bridge,not_reviewed_for_parent_subsidiary_scope,not_reviewed_for_jurisdiction_scope,not_reviewed_for_jurisdiction_scope,reviewed_exact_identifier_match,codex-source-audit,2026-06-28,EIN=020542064,exact-shared-ein-dark-money-intermediary-v1,0.9500,"reviewed exact-identifier slice from cross-venue adjudication; broader source-product, source-readiness, and calibrated policy-simulation gates remain blocked until row-count, issue-comparability, false-match, and observed pre/post comparison requirements pass"
cand-d4bc8a687925,ASSOCIATION OF CORPORATE COUNSEL,reviewed_nonprofit_or_intermediary,not_observed_in_reviewed_exact_id_slice,not_observed_in_reviewed_exact_id_slice,not_observed_in_reviewed_exact_id_slice,not_observed_in_reviewed_exact_id_slice,521267965,IRS/ProPublica dark-money bridge; Intermediary bridge,not_reviewed_for_parent_subsidiary_scope,not_reviewed_for_jurisdiction_scope,not_reviewed_for_jurisdiction_scope,reviewed_exact_identifier_match,codex-source-audit,2026-06-28,EIN=521267965,exact-shared-ein-dark-money-intermediary-v1,0.9500,"reviewed exact-identifier slice from cross-venue adjudication; broader source-product, source-readiness, and calibrated policy-simulation gates remain blocked until row-count, issue-comparability, false-match, and observed pre/post comparison requirements pass"
cand-1032eaf31afb,ASSOCIATION OF DENTAL SUPPORT ORGANIZATIONS,reviewed_nonprofit_or_intermediary,not_observed_in_reviewed_exact_id_slice,not_observed_in_reviewed_exact_id_slice,not_observed_in_reviewed_exact_id_slice,not_observed_in_reviewed_exact_id_slice,260170284,IRS/ProPublica dark-money bridge; Intermediary bridge,not_reviewed_for_parent_subsidiary_scope,not_reviewed_for_jurisdiction_scope,not_reviewed_for_jurisdiction_scope,reviewed_exact_identifier_match,codex-source-audit,2026-06-28,EIN=260170284,exact-shared-ein-dark-money-intermediary-v1,0.9500,"reviewed exact-identifier slice from cross-venue adjudication; broader source-product, source-readiness, and calibrated policy-simulation gates remain blocked until row-count, issue-comparability, false-match, and observed pre/post comparison requirements pass"
cand-b429d9f44c09,ASSOCIATION OF EDISON ILLUMINATING COMPANIES,reviewed_nonprofit_or_intermediary,not_observed_in_reviewed_exact_id_slice,not_observed_in_reviewed_exact_id_slice,not_observed_in_reviewed_exact_id_slice,not_observed_in_reviewed_exact_id_slice,130453115,IRS/ProPublica dark-money bridge; Intermediary bridge,not_reviewed_for_parent_subsidiary_scope,not_reviewed_for_jurisdiction_scope,not_reviewed_for_jurisdiction_scope,reviewed_exact_identifier_match,codex-source-audit,2026-06-28,EIN=130453115,exact-shared-ein-dark-money-intermediary-v1,0.9500,"reviewed exact-identifier slice from cross-venue adjudication; broader source-product, source-readiness, and calibrated policy-simulation gates remain blocked until row-count, issue-comparability, false-match, and observed pre/post comparison requirements pass"
cand-fd2b03a8220b,ASSOCIATION OF FEDERAL COMMUNICATIONS CONSULTING ENGINEER,reviewed_nonprofit_or_intermediary,not_observed_in_reviewed_exact_id_slice,not_observed_in_reviewed_exact_id_slice,not_observed_in_reviewed_exact_id_slice,not_observed_in_reviewed_exact_id_slice,521126368,IRS/ProPublica dark-money bridge; Intermediary bridge,not_reviewed_for_parent_subsidiary_scope,not_reviewed_for_jurisdiction_scope,not_reviewed_for_jurisdiction_scope,reviewed_exact_identifier_match,codex-source-audit,2026-06-28,EIN=521126368,exact-shared-ein-dark-money-intermediary-v1,0.9500,"reviewed exact-identifier slice from cross-venue adjudication; broader source-product, source-readiness, and calibrated policy-simulation gates remain blocked until row-count, issue-comparability, false-match, and observed pre/post comparison requirements pass"
cand-e2c58cc1df41,ASSOCIATION OF FISH AND WILDLIFE AGENCIES,reviewed_nonprofit_or_intermediary,not_observed_in_reviewed_exact_id_slice,not_observed_in_reviewed_exact_id_slice,not_observed_in_reviewed_exact_id_slice,not_observed_in_reviewed_exact_id_slice,416029770,IRS/ProPublica dark-money bridge; Intermediary bridge,not_reviewed_for_parent_subsidiary_scope,not_reviewed_for_jurisdiction_scope,not_reviewed_for_jurisdiction_scope,reviewed_exact_identifier_match,codex-source-audit,2026-06-28,EIN=416029770,exact-shared-ein-dark-money-intermediary-v1,0.9500,"reviewed exact-identifier slice from cross-venue adjudication; broader source-product, source-readiness, and calibrated policy-simulation gates remain blocked until row-count, issue-comparability, false-match, and observed pre/post comparison requirements pass"
cand-864bafa083fe,ASSOCIATION OF FREESTANDING RADIATION ONCOLOGY CENTERS,reviewed_nonprofit_or_intermediary,not_observed_in_reviewed_exact_id_slice,not_observed_in_reviewed_exact_id_slice,not_observed_in_reviewed_exact_id_slice,not_observed_in_reviewed_exact_id_slice,330236945,IRS/ProPublica dark-money bridge; Intermediary bridge,not_reviewed_for_parent_subsidiary_scope,not_reviewed_for_jurisdiction_scope,not_reviewed_for_jurisdiction_scope,reviewed_exact_identifier_match,codex-source-audit,2026-06-28,EIN=330236945,exact-shared-ein-dark-money-intermediary-v1,0.9500,"reviewed exact-identifier slice from cross-venue adjudication; broader source-product, source-readiness, and calibrated policy-simulation gates remain blocked until row-count, issue-comparability, false-match, and observed pre/post comparison requirements pass"
cand-c3220178b11b,ASSOCIATION OF HOME APPLIANCE MANUFACTURERS,reviewed_nonprofit_or_intermediary,not_observed_in_reviewed_exact_id_slice,not_observed_in_reviewed_exact_id_slice,not_observed_in_reviewed_exact_id_slice,not_observed_in_reviewed_exact_id_slice,362615812,IRS/ProPublica dark-money bridge; Intermediary bridge,not_reviewed_for_parent_subsidiary_scope,not_reviewed_for_jurisdiction_scope,not_reviewed_for_jurisdiction_scope,reviewed_exact_identifier_match,codex-source-audit,2026-06-28,EIN=362615812,exact-shared-ein-dark-money-intermediary-v1,0.9500,"reviewed exact-identifier slice from cross-venue adjudication; broader source-product, source-readiness, and calibrated policy-simulation gates remain blocked until row-count, issue-comparability, false-match, and observed pre/post comparison requirements pass"
cand-8b8e7dd502b6,ASSOCIATION OF INTERNATIONAL EDUCATION ADMINISTRATORS,reviewed_nonprofit_or_intermediary,not_observed_in_reviewed_exact_id_slice,not_observed_in_reviewed_exact_id_slice,not_observed_in_reviewed_exact_id_slice,not_observed_in_reviewed_exact_id_slice,431427422,IRS/ProPublica dark-money bridge; Intermediary bridge,not_reviewed_for_parent_subsidiary_scope,not_reviewed_for_jurisdiction_scope,not_reviewed_for_jurisdiction_scope,reviewed_exact_identifier_match,codex-source-audit,2026-06-28,EIN=431427422,exact-shared-ein-dark-money-intermediary-v1,0.9500,"reviewed exact-identifier slice from cross-venue adjudication; broader source-product, source-readiness, and calibrated policy-simulation gates remain blocked until row-count, issue-comparability, false-match, and observed pre/post comparison requirements pass"
cand-29773778185f,ASSOCIATION OF METROPOLITAN WATER AGENCIES,reviewed_nonprofit_or_intermediary,not_observed_in_reviewed_exact_id_slice,not_observed_in_reviewed_exact_id_slice,not_observed_in_reviewed_exact_id_slice,not_observed_in_reviewed_exact_id_slice,521263300,IRS/ProPublica dark-money bridge; Intermediary bridge,not_reviewed_for_parent_subsidiary_scope,not_reviewed_for_jurisdiction_scope,not_reviewed_for_jurisdiction_scope,reviewed_exact_identifier_match,codex-source-audit,2026-06-28,EIN=521263300,exact-shared-ein-dark-money-intermediary-v1,0.9500,"reviewed exact-identifier slice from cross-venue adjudication; broader source-product, source-readiness, and calibrated policy-simulation gates remain blocked until row-count, issue-comparability, false-match, and observed pre/post comparison requirements pass"
cand-c1a13623a8b8,ASSOCIATION OF PROFESSIONAL FUTURISTS,reviewed_nonprofit_or_intermediary,not_observed_in_reviewed_exact_id_slice,not_observed_in_reviewed_exact_id_slice,not_observed_in_reviewed_exact_id_slice,not_observed_in_reviewed_exact_id_slice,432019676,IRS/ProPublica dark-money bridge; Intermediary bridge,not_reviewed_for_parent_subsidiary_scope,not_reviewed_for_jurisdiction_scope,not_reviewed_for_jurisdiction_scope,reviewed_exact_identifier_match,codex-source-audit,2026-06-28,EIN=432019676,exact-shared-ein-dark-money-intermediary-v1,0.9500,"reviewed exact-identifier slice from cross-venue adjudication; broader source-product, source-readiness, and calibrated policy-simulation gates remain blocked until row-count, issue-comparability, false-match, and observed pre/post comparison requirements pass"
cand-30d145744dc5,ASSOCIATION OF STATE & TERRITORIAL SOLID WASTE MANAGEMENT OFFICIALS,reviewed_nonprofit_or_intermediary,not_observed_in_reviewed_exact_id_slice,not_observed_in_reviewed_exact_id_slice,not_observed_in_reviewed_exact_id_slice,not_observed_in_reviewed_exact_id_slice,237446280,IRS/ProPublica dark-money bridge; Intermediary bridge,not_reviewed_for_parent_subsidiary_scope,not_reviewed_for_jurisdiction_scope,not_reviewed_for_jurisdiction_scope,reviewed_exact_identifier_match,codex-source-audit,2026-06-28,EIN=237446280,exact-shared-ein-dark-money-intermediary-v1,0.9500,"reviewed exact-identifier slice from cross-venue adjudication; broader source-product, source-readiness, and calibrated policy-simulation gates remain blocked until row-count, issue-comparability, false-match, and observed pre/post comparison requirements pass"
cand-708b45c36f98,ASSOCIATION OF TEST PUBLISHERS,reviewed_nonprofit_or_intermediary,not_observed_in_reviewed_exact_id_slice,not_observed_in_reviewed_exact_id_slice,not_observed_in_reviewed_exact_id_slice,not_observed_in_reviewed_exact_id_slice,363918100,IRS/ProPublica dark-money bridge; Intermediary bridge,not_reviewed_for_parent_subsidiary_scope,not_reviewed_for_jurisdiction_scope,not_reviewed_for_jurisdiction_scope,reviewed_exact_identifier_match,codex-source-audit,2026-06-28,EIN=363918100,exact-shared-ein-dark-money-intermediary-v1,0.9500,"reviewed exact-identifier slice from cross-venue adjudication; broader source-product, source-readiness, and calibrated policy-simulation gates remain blocked until row-count, issue-comparability, false-match, and observed pre/post comparison requirements pass"
cand-d0cfa6c2bfcb,ASSOCIATION OF UNIVERSITY TECHNOLOGY MANAGERS,reviewed_nonprofit_or_intermediary,not_observed_in_reviewed_exact_id_slice,not_observed_in_reviewed_exact_id_slice,not_observed_in_reviewed_exact_id_slice,not_observed_in_reviewed_exact_id_slice,363011951,IRS/ProPublica dark-money bridge; Intermediary bridge,not_reviewed_for_parent_subsidiary_scope,not_reviewed_for_jurisdiction_scope,not_reviewed_for_jurisdiction_scope,reviewed_exact_identifier_match,codex-source-audit,2026-06-28,EIN=363011951,exact-shared-ein-dark-money-intermediary-v1,0.9500,"reviewed exact-identifier slice from cross-venue adjudication; broader source-product, source-readiness, and calibrated policy-simulation gates remain blocked until row-count, issue-comparability, false-match, and observed pre/post comparison requirements pass"
cand-4eb24709d09b,ASSOCIATION OF VALUE AIRLINES,reviewed_nonprofit_or_intermediary,not_observed_in_reviewed_exact_id_slice,not_observed_in_reviewed_exact_id_slice,not_observed_in_reviewed_exact_id_slice,not_observed_in_reviewed_exact_id_slice,334355463,IRS/ProPublica dark-money bridge; Intermediary bridge,not_reviewed_for_parent_subsidiary_scope,not_reviewed_for_jurisdiction_scope,not_reviewed_for_jurisdiction_scope,reviewed_exact_identifier_match,codex-source-audit,2026-06-28,EIN=334355463,exact-shared-ein-dark-money-intermediary-v1,0.9500,"reviewed exact-identifier slice from cross-venue adjudication; broader source-product, source-readiness, and calibrated policy-simulation gates remain blocked until row-count, issue-comparability, false-match, and observed pre/post comparison requirements pass"
cand-19c31cd51b3b,ASSOCIATION OF VETERINARY BIOLOGICS COMPANIES,reviewed_nonprofit_or_intermediary,not_observed_in_reviewed_exact_id_slice,not_observed_in_reviewed_exact_id_slice,not_observed_in_reviewed_exact_id_slice,not_observed_in_reviewed_exact_id_slice,481178853,IRS/ProPublica dark-money bridge; Intermediary bridge,not_reviewed_for_parent_subsidiary_scope,not_reviewed_for_jurisdiction_scope,not_reviewed_for_jurisdiction_scope,reviewed_exact_identifier_match,codex-source-audit,2026-06-28,EIN=481178853,exact-shared-ein-dark-money-intermediary-v1,0.9500,"reviewed exact-identifier slice from cross-venue adjudication; broader source-product, source-readiness, and calibrated policy-simulation gates remain blocked until row-count, issue-comparability, false-match, and observed pre/post comparison requirements pass"
cand-7a37fccbe43a,ASSOCIATION OF WOMEN IN INTL TRADE INC,reviewed_nonprofit_or_intermediary,not_observed_in_reviewed_exact_id_slice,not_observed_in_reviewed_exact_id_slice,not_observed_in_reviewed_exact_id_slice,not_observed_in_reviewed_exact_id_slice,521558277,IRS/ProPublica dark-money bridge; Intermediary bridge,not_reviewed_for_parent_subsidiary_scope,not_reviewed_for_jurisdiction_scope,not_reviewed_for_jurisdiction_scope,reviewed_exact_identifier_match,codex-source-audit,2026-06-28,EIN=521558277,exact-shared-ein-dark-money-intermediary-v1,0.9500,"reviewed exact-identifier slice from cross-venue adjudication; broader source-product, source-readiness, and calibrated policy-simulation gates remain blocked until row-count, issue-comparability, false-match, and observed pre/post comparison requirements pass"
cand-7b6e745473d3,Ab Foundation,reviewed_nonprofit_or_intermediary,not_observed_in_reviewed_exact_id_slice,not_observed_in_reviewed_exact_id_slice,not_observed_in_reviewed_exact_id_slice,not_observed_in_reviewed_exact_id_slice,275278038,IRS/ProPublica dark-money bridge; Intermediary bridge,not_reviewed_for_parent_subsidiary_scope,not_reviewed_for_jurisdiction_scope,not_reviewed_for_jurisdiction_scope,reviewed_exact_identifier_match,codex-source-audit,2026-06-28,EIN=275278038,exact-shared-ein-dark-money-intermediary-v1,0.9500,"reviewed exact-identifier slice from cross-venue adjudication; broader source-product, source-readiness, and calibrated policy-simulation gates remain blocked until row-count, issue-comparability, false-match, and observed pre/post comparison requirements pass"
cand-66ed8a647503,American Action Network Inc,reviewed_nonprofit_or_intermediary,not_observed_in_reviewed_exact_id_slice,not_observed_in_reviewed_exact_id_slice,not_observed_in_reviewed_exact_id_slice,not_observed_in_reviewed_exact_id_slice,270730508,IRS/ProPublica dark-money bridge; Intermediary bridge,not_reviewed_for_parent_subsidiary_scope,not_reviewed_for_jurisdiction_scope,not_reviewed_for_jurisdiction_scope,reviewed_exact_identifier_match,codex-source-audit,2026-06-28,EIN=270730508,exact-shared-ein-dark-money-intermediary-v1,0.9500,"reviewed exact-identifier slice from cross-venue adjudication; broader source-product, source-readiness, and calibrated policy-simulation gates remain blocked until row-count, issue-comparability, false-match, and observed pre/post comparison requirements pass"
cand-b905d6833296,American Petroleum Institute,reviewed_nonprofit_or_intermediary,not_observed_in_reviewed_exact_id_slice,not_observed_in_reviewed_exact_id_slice,not_observed_in_reviewed_exact_id_slice,not_observed_in_reviewed_exact_id_slice,130433430,IRS/ProPublica dark-money bridge; Intermediary bridge,not_reviewed_for_parent_subsidiary_scope,not_reviewed_for_jurisdiction_scope,not_reviewed_for_jurisdiction_scope,reviewed_exact_identifier_match,codex-source-audit,2026-06-28,EIN=130433430,exact-shared-ein-dark-money-intermediary-v1,0.9500,"reviewed exact-identifier slice from cross-venue adjudication; broader source-product, source-readiness, and calibrated policy-simulation gates remain blocked until row-count, issue-comparability, false-match, and observed pre/post comparison requirements pass"
cand-9de92054c1b8,B S A BUSINESS SOFTWARE ALLIANCE,reviewed_nonprofit_or_intermediary,not_observed_in_reviewed_exact_id_slice,not_observed_in_reviewed_exact_id_slice,not_observed_in_reviewed_exact_id_slice,not_observed_in_reviewed_exact_id_slice,061242574,IRS/ProPublica dark-money bridge; Intermediary bridge,not_reviewed_for_parent_subsidiary_scope,not_reviewed_for_jurisdiction_scope,not_reviewed_for_jurisdiction_scope,reviewed_exact_identifier_match,codex-source-audit,2026-06-28,EIN=061242574,exact-shared-ein-dark-money-intermediary-v1,0.9500,"reviewed exact-identifier slice from cross-venue adjudication; broader source-product, source-readiness, and calibrated policy-simulation gates remain blocked until row-count, issue-comparability, false-match, and observed pre/post comparison requirements pass"
cand-7ceee4e987b3,BALLOT INITIATIVE STRATEGY CENTER INC,reviewed_nonprofit_or_intermediary,not_observed_in_reviewed_exact_id_slice,not_observed_in_reviewed_exact_id_slice,not_observed_in_reviewed_exact_id_slice,not_observed_in_reviewed_exact_id_slice,043411708,IRS/ProPublica dark-money bridge; Intermediary bridge,not_reviewed_for_parent_subsidiary_scope,not_reviewed_for_jurisdiction_scope,not_reviewed_for_jurisdiction_scope,reviewed_exact_identifier_match,codex-source-audit,2026-06-28,EIN=043411708,exact-shared-ein-dark-money-intermediary-v1,0.9500,"reviewed exact-identifier slice from cross-venue adjudication; broader source-product, source-readiness, and calibrated policy-simulation gates remain blocked until row-count, issue-comparability, false-match, and observed pre/post comparison requirements pass"
cand-2c073e1ecc1a,BANK POLICY INSTITUTE,reviewed_nonprofit_or_intermediary,not_observed_in_reviewed_exact_id_slice,not_observed_in_reviewed_exact_id_slice,not_observed_in_reviewed_exact_id_slice,not_observed_in_reviewed_exact_id_slice,360753125,IRS/ProPublica dark-money bridge; Intermediary bridge,not_reviewed_for_parent_subsidiary_scope,not_reviewed_for_jurisdiction_scope,not_reviewed_for_jurisdiction_scope,reviewed_exact_identifier_match,codex-source-audit,2026-06-28,EIN=360753125,exact-shared-ein-dark-money-intermediary-v1,0.9500,"reviewed exact-identifier slice from cross-venue adjudication; broader source-product, source-readiness, and calibrated policy-simulation gates remain blocked until row-count, issue-comparability, false-match, and observed pre/post comparison requirements pass"
cand-7e3f9823f3f5,BEER INSTITUTE INC,reviewed_nonprofit_or_intermediary,not_observed_in_reviewed_exact_id_slice,not_observed_in_reviewed_exact_id_slice,not_observed_in_reviewed_exact_id_slice,not_observed_in_reviewed_exact_id_slice,521439662,IRS/ProPublica dark-money bridge; Intermediary bridge,not_reviewed_for_parent_subsidiary_scope,not_reviewed_for_jurisdiction_scope,not_reviewed_for_jurisdiction_scope,reviewed_exact_identifier_match,codex-source-audit,2026-06-28,EIN=521439662,exact-shared-ein-dark-money-intermediary-v1,0.9500,"reviewed exact-identifier slice from cross-venue adjudication; broader source-product, source-readiness, and calibrated policy-simulation gates remain blocked until row-count, issue-comparability, false-match, and observed pre/post comparison requirements pass"
cand-b873bf167c67,BERGER ACTION FUND INC,reviewed_nonprofit_or_intermediary,not_observed_in_reviewed_exact_id_slice,not_observed_in_reviewed_exact_id_slice,not_observed_in_reviewed_exact_id_slice,not_observed_in_reviewed_exact_id_slice,208948868,IRS/ProPublica dark-money bridge; Intermediary bridge,not_reviewed_for_parent_subsidiary_scope,not_reviewed_for_jurisdiction_scope,not_reviewed_for_jurisdiction_scope,reviewed_exact_identifier_match,codex-source-audit,2026-06-28,EIN=208948868,exact-shared-ein-dark-money-intermediary-v1,0.9500,"reviewed exact-identifier slice from cross-venue adjudication; broader source-product, source-readiness, and calibrated policy-simulation gates remain blocked until row-count, issue-comparability, false-match, and observed pre/post comparison requirements pass"
cand-9039fe1ea797,BETTER MEDICARE ALLIANCE INC,reviewed_nonprofit_or_intermediary,not_observed_in_reviewed_exact_id_slice,not_observed_in_reviewed_exact_id_slice,not_observed_in_reviewed_exact_id_slice,not_observed_in_reviewed_exact_id_slice,474633356,IRS/ProPublica dark-money bridge; Intermediary bridge,not_reviewed_for_parent_subsidiary_scope,not_reviewed_for_jurisdiction_scope,not_reviewed_for_jurisdiction_scope,reviewed_exact_identifier_match,codex-source-audit,2026-06-28,EIN=474633356,exact-shared-ein-dark-money-intermediary-v1,0.9500,"reviewed exact-identifier slice from cross-venue adjudication; broader source-product, source-readiness, and calibrated policy-simulation gates remain blocked until row-count, issue-comparability, false-match, and observed pre/post comparison requirements pass"
cand-c1c2795ce560,BIPARTISAN POLICY CENTER ACTION INC,reviewed_nonprofit_or_intermediary,not_observed_in_reviewed_exact_id_slice,not_observed_in_reviewed_exact_id_slice,not_observed_in_reviewed_exact_id_slice,not_observed_in_reviewed_exact_id_slice,261299114,IRS/ProPublica dark-money bridge; Intermediary bridge,not_reviewed_for_parent_subsidiary_scope,not_reviewed_for_jurisdiction_scope,not_reviewed_for_jurisdiction_scope,reviewed_exact_identifier_match,codex-source-audit,2026-06-28,EIN=261299114,exact-shared-ein-dark-money-intermediary-v1,0.9500,"reviewed exact-identifier slice from cross-venue adjudication; broader source-product, source-readiness, and calibrated policy-simulation gates remain blocked until row-count, issue-comparability, false-match, and observed pre/post comparison requirements pass"
cand-ea303ec8846e,BUILDERS HARDWARE MANUFACTURERS ASSOCIATION,reviewed_nonprofit_or_intermediary,not_observed_in_reviewed_exact_id_slice,not_observed_in_reviewed_exact_id_slice,not_observed_in_reviewed_exact_id_slice,not_observed_in_reviewed_exact_id_slice,060602255,IRS/ProPublica dark-money bridge; Intermediary bridge,not_reviewed_for_parent_subsidiary_scope,not_reviewed_for_jurisdiction_scope,not_reviewed_for_jurisdiction_scope,reviewed_exact_identifier_match,codex-source-audit,2026-06-28,EIN=060602255,exact-shared-ein-dark-money-intermediary-v1,0.9500,"reviewed exact-identifier slice from cross-venue adjudication; broader source-product, source-readiness, and calibrated policy-simulation gates remain blocked until row-count, issue-comparability, false-match, and observed pre/post comparison requirements pass"
cand-4af010acb4b3,BUILDING OWNERS & MANAGERS ASSOCIATION INTERNATIONAL,reviewed_nonprofit_or_intermediary,not_observed_in_reviewed_exact_id_slice,not_observed_in_reviewed_exact_id_slice,not_observed_in_reviewed_exact_id_slice,not_observed_in_reviewed_exact_id_slice,361520580,IRS/ProPublica dark-money bridge; Intermediary bridge,not_reviewed_for_parent_subsidiary_scope,not_reviewed_for_jurisdiction_scope,not_reviewed_for_jurisdiction_scope,reviewed_exact_identifier_match,codex-source-audit,2026-06-28,EIN=361520580,exact-shared-ein-dark-money-intermediary-v1,0.9500,"reviewed exact-identifier slice from cross-venue adjudication; broader source-product, source-readiness, and calibrated policy-simulation gates remain blocked until row-count, issue-comparability, false-match, and observed pre/post comparison requirements pass"
cand-77accfaa0bcd,BUSINESS-GOVERNMENT RELATIONS COUNCIL,reviewed_nonprofit_or_intermediary,not_observed_in_reviewed_exact_id_slice,not_observed_in_reviewed_exact_id_slice,not_observed_in_reviewed_exact_id_slice,not_observed_in_reviewed_exact_id_slice,520852291,IRS/ProPublica dark-money bridge; Intermediary bridge,not_reviewed_for_parent_subsidiary_scope,not_reviewed_for_jurisdiction_scope,not_reviewed_for_jurisdiction_scope,reviewed_exact_identifier_match,codex-source-audit,2026-06-28,EIN=520852291,exact-shared-ein-dark-money-intermediary-v1,0.9500,"reviewed exact-identifier slice from cross-venue adjudication; broader source-product, source-readiness, and calibrated policy-simulation gates remain blocked until row-count, issue-comparability, false-match, and observed pre/post comparison requirements pass"
cand-cc2a68ba0311,CALORIE CONTROL COUNCIL,reviewed_nonprofit_or_intermediary,not_observed_in_reviewed_exact_id_slice,not_observed_in_reviewed_exact_id_slice,not_observed_in_reviewed_exact_id_slice,not_observed_in_reviewed_exact_id_slice,366191936,IRS/ProPublica dark-money bridge; Intermediary bridge,not_reviewed_for_parent_subsidiary_scope,not_reviewed_for_jurisdiction_scope,not_reviewed_for_jurisdiction_scope,reviewed_exact_identifier_match,codex-source-audit,2026-06-28,EIN=366191936,exact-shared-ein-dark-money-intermediary-v1,0.9500,"reviewed exact-identifier slice from cross-venue adjudication; broader source-product, source-readiness, and calibrated policy-simulation gates remain blocked until row-count, issue-comparability, false-match, and observed pre/post comparison requirements pass"
cand-fba332bc61b2,CANADIAN-AMERICAN BUSINESS COUNCIL INC,reviewed_nonprofit_or_intermediary,not_observed_in_reviewed_exact_id_slice,not_observed_in_reviewed_exact_id_slice,not_observed_in_reviewed_exact_id_slice,not_observed_in_reviewed_exact_id_slice,521542724,IRS/ProPublica dark-money bridge; Intermediary bridge,not_reviewed_for_parent_subsidiary_scope,not_reviewed_for_jurisdiction_scope,not_reviewed_for_jurisdiction_scope,reviewed_exact_identifier_match,codex-source-audit,2026-06-28,EIN=521542724,exact-shared-ein-dark-money-intermediary-v1,0.9500,"reviewed exact-identifier slice from cross-venue adjudication; broader source-product, source-readiness, and calibrated policy-simulation gates remain blocked until row-count, issue-comparability, false-match, and observed pre/post comparison requirements pass"
cand-c2fcf52f0ceb,CARDIOVASCULAR COALITION INC,reviewed_nonprofit_or_intermediary,not_observed_in_reviewed_exact_id_slice,not_observed_in_reviewed_exact_id_slice,not_observed_in_reviewed_exact_id_slice,not_observed_in_reviewed_exact_id_slice,475564846,IRS/ProPublica dark-money bridge; Intermediary bridge,not_reviewed_for_parent_subsidiary_scope,not_reviewed_for_jurisdiction_scope,not_reviewed_for_jurisdiction_scope,reviewed_exact_identifier_match,codex-source-audit,2026-06-28,EIN=475564846,exact-shared-ein-dark-money-intermediary-v1,0.9500,"reviewed exact-identifier slice from cross-venue adjudication; broader source-product, source-readiness, and calibrated policy-simulation gates remain blocked until row-count, issue-comparability, false-match, and observed pre/post comparison requirements pass"
cand-608f24d79298,CARE ACTION NOW INCORPORATED,reviewed_nonprofit_or_intermediary,not_observed_in_reviewed_exact_id_slice,not_observed_in_reviewed_exact_id_slice,not_observed_in_reviewed_exact_id_slice,not_observed_in_reviewed_exact_id_slice,261728410,IRS/ProPublica dark-money bridge; Intermediary bridge,not_reviewed_for_parent_subsidiary_scope,not_reviewed_for_jurisdiction_scope,not_reviewed_for_jurisdiction_scope,reviewed_exact_identifier_match,codex-source-audit,2026-06-28,EIN=261728410,exact-shared-ein-dark-money-intermediary-v1,0.9500,"reviewed exact-identifier slice from cross-venue adjudication; broader source-product, source-readiness, and calibrated policy-simulation gates remain blocked until row-count, issue-comparability, false-match, and observed pre/post comparison requirements pass"
cand-df0f451e17e2,CARE CONTINUUM ALLIANCE INC,reviewed_nonprofit_or_intermediary,not_observed_in_reviewed_exact_id_slice,not_observed_in_reviewed_exact_id_slice,not_observed_in_reviewed_exact_id_slice,not_observed_in_reviewed_exact_id_slice,043448475,IRS/ProPublica dark-money bridge; Intermediary bridge,not_reviewed_for_parent_subsidiary_scope,not_reviewed_for_jurisdiction_scope,not_reviewed_for_jurisdiction_scope,reviewed_exact_identifier_match,codex-source-audit,2026-06-28,EIN=043448475,exact-shared-ein-dark-money-intermediary-v1,0.9500,"reviewed exact-identifier slice from cross-venue adjudication; broader source-product, source-readiness, and calibrated policy-simulation gates remain blocked until row-count, issue-comparability, false-match, and observed pre/post comparison requirements pass"
cand-93c782efa823,CARGO AIRLINE ASSOCIATION,reviewed_nonprofit_or_intermediary,not_observed_in_reviewed_exact_id_slice,not_observed_in_reviewed_exact_id_slice,not_observed_in_reviewed_exact_id_slice,not_observed_in_reviewed_exact_id_slice,521245222,IRS/ProPublica dark-money bridge; Intermediary bridge,not_reviewed_for_parent_subsidiary_scope,not_reviewed_for_jurisdiction_scope,not_reviewed_for_jurisdiction_scope,reviewed_exact_identifier_match,codex-source-audit,2026-06-28,EIN=521245222,exact-shared-ein-dark-money-intermediary-v1,0.9500,"reviewed exact-identifier slice from cross-venue adjudication; broader source-product, source-readiness, and calibrated policy-simulation gates remain blocked until row-count, issue-comparability, false-match, and observed pre/post comparison requirements pass"
cand-84effb0861b8,CCDC COMMON AREA ASSOCIATION,reviewed_nonprofit_or_intermediary,not_observed_in_reviewed_exact_id_slice,not_observed_in_reviewed_exact_id_slice,not_observed_in_reviewed_exact_id_slice,not_observed_in_reviewed_exact_id_slice,455506410,IRS/ProPublica dark-money bridge; Intermediary bridge,not_reviewed_for_parent_subsidiary_scope,not_reviewed_for_jurisdiction_scope,not_reviewed_for_jurisdiction_scope,reviewed_exact_identifier_match,codex-source-audit,2026-06-28,EIN=455506410,exact-shared-ein-dark-money-intermediary-v1,0.9500,"reviewed exact-identifier slice from cross-venue adjudication; broader source-product, source-readiness, and calibrated policy-simulation gates remain blocked until row-count, issue-comparability, false-match, and observed pre/post comparison requirements pass"
cand-bf64b0ba1a39,CELLULOSE INSULATION MANUFACTURERS ASSOCIATION,reviewed_nonprofit_or_intermediary,not_observed_in_reviewed_exact_id_slice,not_observed_in_reviewed_exact_id_slice,not_observed_in_reviewed_exact_id_slice,not_observed_in_reviewed_exact_id_slice,311096862,IRS/ProPublica dark-money bridge; Intermediary bridge,not_reviewed_for_parent_subsidiary_scope,not_reviewed_for_jurisdiction_scope,not_reviewed_for_jurisdiction_scope,reviewed_exact_identifier_match,codex-source-audit,2026-06-28,EIN=311096862,exact-shared-ein-dark-money-intermediary-v1,0.9500,"reviewed exact-identifier slice from cross-venue adjudication; broader source-product, source-readiness, and calibrated policy-simulation gates remain blocked until row-count, issue-comparability, false-match, and observed pre/post comparison requirements pass"
cand-20dbf0df1a79,CENTER FOR AMERICAN PROGRESS ACTION FUND,reviewed_nonprofit_or_intermediary,not_observed_in_reviewed_exact_id_slice,not_observed_in_reviewed_exact_id_slice,not_observed_in_reviewed_exact_id_slice,not_observed_in_reviewed_exact_id_slice,300192708,IRS/ProPublica dark-money bridge; Intermediary bridge,not_reviewed_for_parent_subsidiary_scope,not_reviewed_for_jurisdiction_scope,not_reviewed_for_jurisdiction_scope,reviewed_exact_identifier_match,codex-source-audit,2026-06-28,EIN=300192708,exact-shared-ein-dark-money-intermediary-v1,0.9500,"reviewed exact-identifier slice from cross-venue adjudication; broader source-product, source-readiness, and calibrated policy-simulation gates remain blocked until row-count, issue-comparability, false-match, and observed pre/post comparison requirements pass"
cand-7ed407902b64,CENTER FOR COMMUNITY CHANGE ACTION,reviewed_nonprofit_or_intermediary,not_observed_in_reviewed_exact_id_slice,not_observed_in_reviewed_exact_id_slice,not_observed_in_reviewed_exact_id_slice,not_observed_in_reviewed_exact_id_slice,270061100,IRS/ProPublica dark-money bridge; Intermediary bridge,not_reviewed_for_parent_subsidiary_scope,not_reviewed_for_jurisdiction_scope,not_reviewed_for_jurisdiction_scope,reviewed_exact_identifier_match,codex-source-audit,2026-06-28,EIN=270061100,exact-shared-ein-dark-money-intermediary-v1,0.9500,"reviewed exact-identifier slice from cross-venue adjudication; broader source-product, source-readiness, and calibrated policy-simulation gates remain blocked until row-count, issue-comparability, false-match, and observed pre/post comparison requirements pass"
cand-b99c6fc4db9d,CENTER FOR INNOVATIVE POLICY,reviewed_nonprofit_or_intermediary,not_observed_in_reviewed_exact_id_slice,not_observed_in_reviewed_exact_id_slice,not_observed_in_reviewed_exact_id_slice,not_observed_in_reviewed_exact_id_slice,020747896,IRS/ProPublica dark-money bridge; Intermediary bridge,not_reviewed_for_parent_subsidiary_scope,not_reviewed_for_jurisdiction_scope,not_reviewed_for_jurisdiction_scope,reviewed_exact_identifier_match,codex-source-audit,2026-06-28,EIN=020747896,exact-shared-ein-dark-money-intermediary-v1,0.9500,"reviewed exact-identifier slice from cross-venue adjudication; broader source-product, source-readiness, and calibrated policy-simulation gates remain blocked until row-count, issue-comparability, false-match, and observed pre/post comparison requirements pass"
cand-baf59616285d,CENTER FOR POPULAR DEMOCRACY ACTION FUND,reviewed_nonprofit_or_intermediary,not_observed_in_reviewed_exact_id_slice,not_observed_in_reviewed_exact_id_slice,not_observed_in_reviewed_exact_id_slice,not_observed_in_reviewed_exact_id_slice,453860271,IRS/ProPublica dark-money bridge; Intermediary bridge,not_reviewed_for_parent_subsidiary_scope,not_reviewed_for_jurisdiction_scope,not_reviewed_for_jurisdiction_scope,reviewed_exact_identifier_match,codex-source-audit,2026-06-28,EIN=453860271,exact-shared-ein-dark-money-intermediary-v1,0.9500,"reviewed exact-identifier slice from cross-venue adjudication; broader source-product, source-readiness, and calibrated policy-simulation gates remain blocked until row-count, issue-comparability, false-match, and observed pre/post comparison requirements pass"
cand-d4262e54f05c,CENTER FOR VOTER INFORMATION,reviewed_nonprofit_or_intermediary,not_observed_in_reviewed_exact_id_slice,not_observed_in_reviewed_exact_id_slice,not_observed_in_reviewed_exact_id_slice,not_observed_in_reviewed_exact_id_slice,030554750,IRS/ProPublica dark-money bridge; Intermediary bridge,not_reviewed_for_parent_subsidiary_scope,not_reviewed_for_jurisdiction_scope,not_reviewed_for_jurisdiction_scope,reviewed_exact_identifier_match,codex-source-audit,2026-06-28,EIN=030554750,exact-shared-ein-dark-money-intermediary-v1,0.9500,"reviewed exact-identifier slice from cross-venue adjudication; broader source-product, source-readiness, and calibrated policy-simulation gates remain blocked until row-count, issue-comparability, false-match, and observed pre/post comparison requirements pass"
cand-c9b97e952b8b,CENTER FOR WORKPLACE COMPLIANCE,reviewed_nonprofit_or_intermediary,not_observed_in_reviewed_exact_id_slice,not_observed_in_reviewed_exact_id_slice,not_observed_in_reviewed_exact_id_slice,not_observed_in_reviewed_exact_id_slice,521067287,IRS/ProPublica dark-money bridge; Intermediary bridge,not_reviewed_for_parent_subsidiary_scope,not_reviewed_for_jurisdiction_scope,not_reviewed_for_jurisdiction_scope,reviewed_exact_identifier_match,codex-source-audit,2026-06-28,EIN=521067287,exact-shared-ein-dark-money-intermediary-v1,0.9500,"reviewed exact-identifier slice from cross-venue adjudication; broader source-product, source-readiness, and calibrated policy-simulation gates remain blocked until row-count, issue-comparability, false-match, and observed pre/post comparison requirements pass"
cand-2df60d908f06,CERTIFICATION INSTITUTE FOR RESEARCH QUALITY INC,reviewed_nonprofit_or_intermediary,not_observed_in_reviewed_exact_id_slice,not_observed_in_reviewed_exact_id_slice,not_observed_in_reviewed_exact_id_slice,not_observed_in_reviewed_exact_id_slice,271484712,IRS/ProPublica dark-money bridge; Intermediary bridge,not_reviewed_for_parent_subsidiary_scope,not_reviewed_for_jurisdiction_scope,not_reviewed_for_jurisdiction_scope,reviewed_exact_identifier_match,codex-source-audit,2026-06-28,EIN=271484712,exact-shared-ein-dark-money-intermediary-v1,0.9500,"reviewed exact-identifier slice from cross-venue adjudication; broader source-product, source-readiness, and calibrated policy-simulation gates remain blocked until row-count, issue-comparability, false-match, and observed pre/post comparison requirements pass"
cand-1925086c2ba6,CERTIFIED AUTOMOTIVE PARTS ASSOCIATION,reviewed_nonprofit_or_intermediary,not_observed_in_reviewed_exact_id_slice,not_observed_in_reviewed_exact_id_slice,not_observed_in_reviewed_exact_id_slice,not_observed_in_reviewed_exact_id_slice,521555372,IRS/ProPublica dark-money bridge; Intermediary bridge,not_reviewed_for_parent_subsidiary_scope,not_reviewed_for_jurisdiction_scope,not_reviewed_for_jurisdiction_scope,reviewed_exact_identifier_match,codex-source-audit,2026-06-28,EIN=521555372,exact-shared-ein-dark-money-intermediary-v1,0.9500,"reviewed exact-identifier slice from cross-venue adjudication; broader source-product, source-readiness, and calibrated policy-simulation gates remain blocked until row-count, issue-comparability, false-match, and observed pre/post comparison requirements pass"
cand-b66c8e22c7c0,CHAMBER OF DIGITAL COMMERCE,reviewed_nonprofit_or_intermediary,not_observed_in_reviewed_exact_id_slice,not_observed_in_reviewed_exact_id_slice,not_observed_in_reviewed_exact_id_slice,not_observed_in_reviewed_exact_id_slice,471183361,IRS/ProPublica dark-money bridge; Intermediary bridge,not_reviewed_for_parent_subsidiary_scope,not_reviewed_for_jurisdiction_scope,not_reviewed_for_jurisdiction_scope,reviewed_exact_identifier_match,codex-source-audit,2026-06-28,EIN=471183361,exact-shared-ein-dark-money-intermediary-v1,0.9500,"reviewed exact-identifier slice from cross-venue adjudication; broader source-product, source-readiness, and calibrated policy-simulation gates remain blocked until row-count, issue-comparability, false-match, and observed pre/post comparison requirements pass"
cand-bef67e10aa24,CHAMBER OF SHIPPING OF AMERICA,reviewed_nonprofit_or_intermediary,not_observed_in_reviewed_exact_id_slice,not_observed_in_reviewed_exact_id_slice,not_observed_in_reviewed_exact_id_slice,not_observed_in_reviewed_exact_id_slice,520886646,IRS/ProPublica dark-money bridge; Intermediary bridge,not_reviewed_for_parent_subsidiary_scope,not_reviewed_for_jurisdiction_scope,not_reviewed_for_jurisdiction_scope,reviewed_exact_identifier_match,codex-source-audit,2026-06-28,EIN=520886646,exact-shared-ein-dark-money-intermediary-v1,0.9500,"reviewed exact-identifier slice from cross-venue adjudication; broader source-product, source-readiness, and calibrated policy-simulation gates remain blocked until row-count, issue-comparability, false-match, and observed pre/post comparison requirements pass"
cand-4035025bebbd,CHARTER SCHOOLS ACTION FUND,reviewed_nonprofit_or_intermediary,not_observed_in_reviewed_exact_id_slice,not_observed_in_reviewed_exact_id_slice,not_observed_in_reviewed_exact_id_slice,not_observed_in_reviewed_exact_id_slice,472045681,IRS/ProPublica dark-money bridge; Intermediary bridge,not_reviewed_for_parent_subsidiary_scope,not_reviewed_for_jurisdiction_scope,not_reviewed_for_jurisdiction_scope,reviewed_exact_identifier_match,codex-source-audit,2026-06-28,EIN=472045681,exact-shared-ein-dark-money-intermediary-v1,0.9500,"reviewed exact-identifier slice from cross-venue adjudication; broader source-product, source-readiness, and calibrated policy-simulation gates remain blocked until row-count, issue-comparability, false-match, and observed pre/post comparison requirements pass"
cand-17e92f3fbf8d,CHEESE IMPORTERS ASSOCIATION OF AMERICA INC,reviewed_nonprofit_or_intermediary,not_observed_in_reviewed_exact_id_slice,not_observed_in_reviewed_exact_id_slice,not_observed_in_reviewed_exact_id_slice,not_observed_in_reviewed_exact_id_slice,136162023,IRS/ProPublica dark-money bridge; Intermediary bridge,not_reviewed_for_parent_subsidiary_scope,not_reviewed_for_jurisdiction_scope,not_reviewed_for_jurisdiction_scope,reviewed_exact_identifier_match,codex-source-audit,2026-06-28,EIN=136162023,exact-shared-ein-dark-money-intermediary-v1,0.9500,"reviewed exact-identifier slice from cross-venue adjudication; broader source-product, source-readiness, and calibrated policy-simulation gates remain blocked until row-count, issue-comparability, false-match, and observed pre/post comparison requirements pass"
cand-f8ea5de6c801,CHEMICAL INDUSTRY LABOR MANAGEMENT COMMITTEE TRUST,reviewed_nonprofit_or_intermediary,not_observed_in_reviewed_exact_id_slice,not_observed_in_reviewed_exact_id_slice,not_observed_in_reviewed_exact_id_slice,not_observed_in_reviewed_exact_id_slice,475075084,IRS/ProPublica dark-money bridge; Intermediary bridge,not_reviewed_for_parent_subsidiary_scope,not_reviewed_for_jurisdiction_scope,not_reviewed_for_jurisdiction_scope,reviewed_exact_identifier_match,codex-source-audit,2026-06-28,EIN=475075084,exact-shared-ein-dark-money-intermediary-v1,0.9500,"reviewed exact-identifier slice from cross-venue adjudication; broader source-product, source-readiness, and calibrated policy-simulation gates remain blocked until row-count, issue-comparability, false-match, and observed pre/post comparison requirements pass"
cand-7238d4657623,CHLORINATED PARAFFINS INDUSTRY ASSOCIATION,reviewed_nonprofit_or_intermediary,not_observed_in_reviewed_exact_id_slice,not_observed_in_reviewed_exact_id_slice,not_observed_in_reviewed_exact_id_slice,not_observed_in_reviewed_exact_id_slice,521534760,IRS/ProPublica dark-money bridge; Intermediary bridge,not_reviewed_for_parent_subsidiary_scope,not_reviewed_for_jurisdiction_scope,not_reviewed_for_jurisdiction_scope,reviewed_exact_identifier_match,codex-source-audit,2026-06-28,EIN=521534760,exact-shared-ein-dark-money-intermediary-v1,0.9500,"reviewed exact-identifier slice from cross-venue adjudication; broader source-product, source-readiness, and calibrated policy-simulation gates remain blocked until row-count, issue-comparability, false-match, and observed pre/post comparison requirements pass"
cand-599c0eb0b0ca,CNP ACTION INC,reviewed_nonprofit_or_intermediary,not_observed_in_reviewed_exact_id_slice,not_observed_in_reviewed_exact_id_slice,not_observed_in_reviewed_exact_id_slice,not_observed_in_reviewed_exact_id_slice,521530983,IRS/ProPublica dark-money bridge; Intermediary bridge,not_reviewed_for_parent_subsidiary_scope,not_reviewed_for_jurisdiction_scope,not_reviewed_for_jurisdiction_scope,reviewed_exact_identifier_match,codex-source-audit,2026-06-28,EIN=521530983,exact-shared-ein-dark-money-intermediary-v1,0.9500,"reviewed exact-identifier slice from cross-venue adjudication; broader source-product, source-readiness, and calibrated policy-simulation gates remain blocked until row-count, issue-comparability, false-match, and observed pre/post comparison requirements pass"
cand-18a5b8ba6f7b,COALITION FOR ACCESS NOW,reviewed_nonprofit_or_intermediary,not_observed_in_reviewed_exact_id_slice,not_observed_in_reviewed_exact_id_slice,not_observed_in_reviewed_exact_id_slice,not_observed_in_reviewed_exact_id_slice,473126658,IRS/ProPublica dark-money bridge; Intermediary bridge,not_reviewed_for_parent_subsidiary_scope,not_reviewed_for_jurisdiction_scope,not_reviewed_for_jurisdiction_scope,reviewed_exact_identifier_match,codex-source-audit,2026-06-28,EIN=473126658,exact-shared-ein-dark-money-intermediary-v1,0.9500,"reviewed exact-identifier slice from cross-venue adjudication; broader source-product, source-readiness, and calibrated policy-simulation gates remain blocked until row-count, issue-comparability, false-match, and observed pre/post comparison requirements pass"
cand-cf5688bdbffd,COALITION FOR AMERICAS GATEWAYS AND TRADE CORRIDORS,reviewed_nonprofit_or_intermediary,not_observed_in_reviewed_exact_id_slice,not_observed_in_reviewed_exact_id_slice,not_observed_in_reviewed_exact_id_slice,not_observed_in_reviewed_exact_id_slice,300599859,IRS/ProPublica dark-money bridge; Intermediary bridge,not_reviewed_for_parent_subsidiary_scope,not_reviewed_for_jurisdiction_scope,not_reviewed_for_jurisdiction_scope,reviewed_exact_identifier_match,codex-source-audit,2026-06-28,EIN=300599859,exact-shared-ein-dark-money-intermediary-v1,0.9500,"reviewed exact-identifier slice from cross-venue adjudication; broader source-product, source-readiness, and calibrated policy-simulation gates remain blocked until row-count, issue-comparability, false-match, and observed pre/post comparison requirements pass"
cand-547a380adc5e,COALITION FOR COMMON SENSE IN GOVT PROCUREMENT,reviewed_nonprofit_or_intermediary,not_observed_in_reviewed_exact_id_slice,not_observed_in_reviewed_exact_id_slice,not_observed_in_reviewed_exact_id_slice,not_observed_in_reviewed_exact_id_slice,521173228,IRS/ProPublica dark-money bridge; Intermediary bridge,not_reviewed_for_parent_subsidiary_scope,not_reviewed_for_jurisdiction_scope,not_reviewed_for_jurisdiction_scope,reviewed_exact_identifier_match,codex-source-audit,2026-06-28,EIN=521173228,exact-shared-ein-dark-money-intermediary-v1,0.9500,"reviewed exact-identifier slice from cross-venue adjudication; broader source-product, source-readiness, and calibrated policy-simulation gates remain blocked until row-count, issue-comparability, false-match, and observed pre/post comparison requirements pass"
cand-a9c9a1deb5f8,COALITION OF SERVICE INDUSTRIES INC,reviewed_nonprofit_or_intermediary,not_observed_in_reviewed_exact_id_slice,not_observed_in_reviewed_exact_id_slice,not_observed_in_reviewed_exact_id_slice,not_observed_in_reviewed_exact_id_slice,521279682,IRS/ProPublica dark-money bridge; Intermediary bridge,not_reviewed_for_parent_subsidiary_scope,not_reviewed_for_jurisdiction_scope,not_reviewed_for_jurisdiction_scope,reviewed_exact_identifier_match,codex-source-audit,2026-06-28,EIN=521279682,exact-shared-ein-dark-money-intermediary-v1,0.9500,"reviewed exact-identifier slice from cross-venue adjudication; broader source-product, source-readiness, and calibrated policy-simulation gates remain blocked until row-count, issue-comparability, false-match, and observed pre/post comparison requirements pass"
cand-e31887c02ee1,COALITIONS FOR AMERICA,reviewed_nonprofit_or_intermediary,not_observed_in_reviewed_exact_id_slice,not_observed_in_reviewed_exact_id_slice,not_observed_in_reviewed_exact_id_slice,not_observed_in_reviewed_exact_id_slice,521096056,IRS/ProPublica dark-money bridge; Intermediary bridge,not_reviewed_for_parent_subsidiary_scope,not_reviewed_for_jurisdiction_scope,not_reviewed_for_jurisdiction_scope,reviewed_exact_identifier_match,codex-source-audit,2026-06-28,EIN=521096056,exact-shared-ein-dark-money-intermediary-v1,0.9500,"reviewed exact-identifier slice from cross-venue adjudication; broader source-product, source-readiness, and calibrated policy-simulation gates remain blocked until row-count, issue-comparability, false-match, and observed pre/post comparison requirements pass"
cand-a6b4211a12af,COIN CENTER INC,reviewed_nonprofit_or_intermediary,not_observed_in_reviewed_exact_id_slice,not_observed_in_reviewed_exact_id_slice,not_observed_in_reviewed_exact_id_slice,not_observed_in_reviewed_exact_id_slice,471315917,IRS/ProPublica dark-money bridge; Intermediary bridge,not_reviewed_for_parent_subsidiary_scope,not_reviewed_for_jurisdiction_scope,not_reviewed_for_jurisdiction_scope,reviewed_exact_identifier_match,codex-source-audit,2026-06-28,EIN=471315917,exact-shared-ein-dark-money-intermediary-v1,0.9500,"reviewed exact-identifier slice from cross-venue adjudication; broader source-product, source-readiness, and calibrated policy-simulation gates remain blocked until row-count, issue-comparability, false-match, and observed pre/post comparison requirements pass"
cand-cedb82377bc5,COLD FINISHED STEEL BAR INSTITUTE NFP,reviewed_nonprofit_or_intermediary,not_observed_in_reviewed_exact_id_slice,not_observed_in_reviewed_exact_id_slice,not_observed_in_reviewed_exact_id_slice,not_observed_in_reviewed_exact_id_slice,202683139,IRS/ProPublica dark-money bridge; Intermediary bridge,not_reviewed_for_parent_subsidiary_scope,not_reviewed_for_jurisdiction_scope,not_reviewed_for_jurisdiction_scope,reviewed_exact_identifier_match,codex-source-audit,2026-06-28,EIN=202683139,exact-shared-ein-dark-money-intermediary-v1,0.9500,"reviewed exact-identifier slice from cross-venue adjudication; broader source-product, source-readiness, and calibrated policy-simulation gates remain blocked until row-count, issue-comparability, false-match, and observed pre/post comparison requirements pass"
cand-7485a67e9a9a,COMMITTEE FOR EDUCATION FUNDING,reviewed_nonprofit_or_intermediary,not_observed_in_reviewed_exact_id_slice,not_observed_in_reviewed_exact_id_slice,not_observed_in_reviewed_exact_id_slice,not_observed_in_reviewed_exact_id_slice,520891509,IRS/ProPublica dark-money bridge; Intermediary bridge,not_reviewed_for_parent_subsidiary_scope,not_reviewed_for_jurisdiction_scope,not_reviewed_for_jurisdiction_scope,reviewed_exact_identifier_match,codex-source-audit,2026-06-28,EIN=520891509,exact-shared-ein-dark-money-intermediary-v1,0.9500,"reviewed exact-identifier slice from cross-venue adjudication; broader source-product, source-readiness, and calibrated policy-simulation gates remain blocked until row-count, issue-comparability, false-match, and observed pre/post comparison requirements pass"
cand-e91c4b2ff626,COMMITTEE FOR JUSTICE,reviewed_nonprofit_or_intermediary,not_observed_in_reviewed_exact_id_slice,not_observed_in_reviewed_exact_id_slice,not_observed_in_reviewed_exact_id_slice,not_observed_in_reviewed_exact_id_slice,043693799,IRS/ProPublica dark-money bridge; Intermediary bridge,not_reviewed_for_parent_subsidiary_scope,not_reviewed_for_jurisdiction_scope,not_reviewed_for_jurisdiction_scope,reviewed_exact_identifier_match,codex-source-audit,2026-06-28,EIN=043693799,exact-shared-ein-dark-money-intermediary-v1,0.9500,"reviewed exact-identifier slice from cross-venue adjudication; broader source-product, source-readiness, and calibrated policy-simulation gates remain blocked until row-count, issue-comparability, false-match, and observed pre/post comparison requirements pass"
cand-ae18ee6031f5,COMMITTEE IN SOLIDARITY WITH THE PEOPLE OF EL SALVADOR,reviewed_nonprofit_or_intermediary,not_observed_in_reviewed_exact_id_slice,not_observed_in_reviewed_exact_id_slice,not_observed_in_reviewed_exact_id_slice,not_observed_in_reviewed_exact_id_slice,521496935,IRS/ProPublica dark-money bridge; Intermediary bridge,not_reviewed_for_parent_subsidiary_scope,not_reviewed_for_jurisdiction_scope,not_reviewed_for_jurisdiction_scope,reviewed_exact_identifier_match,codex-source-audit,2026-06-28,EIN=521496935,exact-shared-ein-dark-money-intermediary-v1,0.9500,"reviewed exact-identifier slice from cross-venue adjudication; broader source-product, source-readiness, and calibrated policy-simulation gates remain blocked until row-count, issue-comparability, false-match, and observed pre/post comparison requirements pass"
cand-c13182a9b9b8,COMMITTEE ON INVESTMENT OF EMPLOYEE BENEFIT ASSETS INC,reviewed_nonprofit_or_intermediary,not_observed_in_reviewed_exact_id_slice,not_observed_in_reviewed_exact_id_slice,not_observed_in_reviewed_exact_id_slice,not_observed_in_reviewed_exact_id_slice,475104757,IRS/ProPublica dark-money bridge; Intermediary bridge,not_reviewed_for_parent_subsidiary_scope,not_reviewed_for_jurisdiction_scope,not_reviewed_for_jurisdiction_scope,reviewed_exact_identifier_match,codex-source-audit,2026-06-28,EIN=475104757,exact-shared-ein-dark-money-intermediary-v1,0.9500,"reviewed exact-identifier slice from cross-venue adjudication; broader source-product, source-readiness, and calibrated policy-simulation gates remain blocked until row-count, issue-comparability, false-match, and observed pre/post comparison requirements pass"
cand-6fda46cfe077,COMMITTEE ON PIPE & TUBE IMPORTS,reviewed_nonprofit_or_intermediary,not_observed_in_reviewed_exact_id_slice,not_observed_in_reviewed_exact_id_slice,not_observed_in_reviewed_exact_id_slice,not_observed_in_reviewed_exact_id_slice,521390829,IRS/ProPublica dark-money bridge; Intermediary bridge,not_reviewed_for_parent_subsidiary_scope,not_reviewed_for_jurisdiction_scope,not_reviewed_for_jurisdiction_scope,reviewed_exact_identifier_match,codex-source-audit,2026-06-28,EIN=521390829,exact-shared-ein-dark-money-intermediary-v1,0.9500,"reviewed exact-identifier slice from cross-venue adjudication; broader source-product, source-readiness, and calibrated policy-simulation gates remain blocked until row-count, issue-comparability, false-match, and observed pre/post comparison requirements pass"
cand-092f257e1894,COMMITTEE TO SUPPORT THE ANTITRUST LAWS,reviewed_nonprofit_or_intermediary,not_observed_in_reviewed_exact_id_slice,not_observed_in_reviewed_exact_id_slice,not_observed_in_reviewed_exact_id_slice,not_observed_in_reviewed_exact_id_slice,521499360,IRS/ProPublica dark-money bridge; Intermediary bridge,not_reviewed_for_parent_subsidiary_scope,not_reviewed_for_jurisdiction_scope,not_reviewed_for_jurisdiction_scope,reviewed_exact_identifier_match,codex-source-audit,2026-06-28,EIN=521499360,exact-shared-ein-dark-money-intermediary-v1,0.9500,"reviewed exact-identifier slice from cross-venue adjudication; broader source-product, source-readiness, and calibrated policy-simulation gates remain blocked until row-count, issue-comparability, false-match, and observed pre/post comparison requirements pass"
cand-878654f190df,COMMODITY MARKET COUNCIL,reviewed_nonprofit_or_intermediary,not_observed_in_reviewed_exact_id_slice,not_observed_in_reviewed_exact_id_slice,not_observed_in_reviewed_exact_id_slice,not_observed_in_reviewed_exact_id_slice,521420879,IRS/ProPublica dark-money bridge; Intermediary bridge,not_reviewed_for_parent_subsidiary_scope,not_reviewed_for_jurisdiction_scope,not_reviewed_for_jurisdiction_scope,reviewed_exact_identifier_match,codex-source-audit,2026-06-28,EIN=521420879,exact-shared-ein-dark-money-intermediary-v1,0.9500,"reviewed exact-identifier slice from cross-venue adjudication; broader source-product, source-readiness, and calibrated policy-simulation gates remain blocked until row-count, issue-comparability, false-match, and observed pre/post comparison requirements pass"
cand-64adcbc313b4,COMPLEX INSURANCE CLAIMS LITIGATION ASSOCIATION INC,reviewed_nonprofit_or_intermediary,not_observed_in_reviewed_exact_id_slice,not_observed_in_reviewed_exact_id_slice,not_observed_in_reviewed_exact_id_slice,not_observed_in_reviewed_exact_id_slice,510296468,IRS/ProPublica dark-money bridge; Intermediary bridge,not_reviewed_for_parent_subsidiary_scope,not_reviewed_for_jurisdiction_scope,not_reviewed_for_jurisdiction_scope,reviewed_exact_identifier_match,codex-source-audit,2026-06-28,EIN=510296468,exact-shared-ein-dark-money-intermediary-v1,0.9500,"reviewed exact-identifier slice from cross-venue adjudication; broader source-product, source-readiness, and calibrated policy-simulation gates remain blocked until row-count, issue-comparability, false-match, and observed pre/post comparison requirements pass"
cand-f18e67a52c6c,CONSUMER DATA INDUSTRY ASSOCIATION INC,reviewed_nonprofit_or_intermediary,not_observed_in_reviewed_exact_id_slice,not_observed_in_reviewed_exact_id_slice,not_observed_in_reviewed_exact_id_slice,not_observed_in_reviewed_exact_id_slice,430164315,IRS/ProPublica dark-money bridge; Intermediary bridge,not_reviewed_for_parent_subsidiary_scope,not_reviewed_for_jurisdiction_scope,not_reviewed_for_jurisdiction_scope,reviewed_exact_identifier_match,codex-source-audit,2026-06-28,EIN=430164315,exact-shared-ein-dark-money-intermediary-v1,0.9500,"reviewed exact-identifier slice from cross-venue adjudication; broader source-product, source-readiness, and calibrated policy-simulation gates remain blocked until row-count, issue-comparability, false-match, and observed pre/post comparison requirements pass"
cand-9c97a0fb312e,CONTACT LENS INSTITUTE,reviewed_nonprofit_or_intermediary,not_observed_in_reviewed_exact_id_slice,not_observed_in_reviewed_exact_id_slice,not_observed_in_reviewed_exact_id_slice,not_observed_in_reviewed_exact_id_slice,521309154,IRS/ProPublica dark-money bridge; Intermediary bridge,not_reviewed_for_parent_subsidiary_scope,not_reviewed_for_jurisdiction_scope,not_reviewed_for_jurisdiction_scope,reviewed_exact_identifier_match,codex-source-audit,2026-06-28,EIN=521309154,exact-shared-ein-dark-money-intermediary-v1,0.9500,"reviewed exact-identifier slice from cross-venue adjudication; broader source-product, source-readiness, and calibrated policy-simulation gates remain blocked until row-count, issue-comparability, false-match, and observed pre/post comparison requirements pass"
cand-962f587c7257,CONTINUING MEDICAL EDUCATION COALITION INC,reviewed_nonprofit_or_intermediary,not_observed_in_reviewed_exact_id_slice,not_observed_in_reviewed_exact_id_slice,not_observed_in_reviewed_exact_id_slice,not_observed_in_reviewed_exact_id_slice,364692342,IRS/ProPublica dark-money bridge; Intermediary bridge,not_reviewed_for_parent_subsidiary_scope,not_reviewed_for_jurisdiction_scope,not_reviewed_for_jurisdiction_scope,reviewed_exact_identifier_match,codex-source-audit,2026-06-28,EIN=364692342,exact-shared-ein-dark-money-intermediary-v1,0.9500,"reviewed exact-identifier slice from cross-venue adjudication; broader source-product, source-readiness, and calibrated policy-simulation gates remain blocked until row-count, issue-comparability, false-match, and observed pre/post comparison requirements pass"
cand-07356898065b,CORN REFINERS ASSOCIATION INC,reviewed_nonprofit_or_intermediary,not_observed_in_reviewed_exact_id_slice,not_observed_in_reviewed_exact_id_slice,not_observed_in_reviewed_exact_id_slice,not_observed_in_reviewed_exact_id_slice,520230814,IRS/ProPublica dark-money bridge; Intermediary bridge,not_reviewed_for_parent_subsidiary_scope,not_reviewed_for_jurisdiction_scope,not_reviewed_for_jurisdiction_scope,reviewed_exact_identifier_match,codex-source-audit,2026-06-28,EIN=520230814,exact-shared-ein-dark-money-intermediary-v1,0.9500,"reviewed exact-identifier slice from cross-venue adjudication; broader source-product, source-readiness, and calibrated policy-simulation gates remain blocked until row-count, issue-comparability, false-match, and observed pre/post comparison requirements pass"
cand-fb1de2fa89e2,CORNET ASSOCIATION OF AMERICA,reviewed_nonprofit_or_intermediary,not_observed_in_reviewed_exact_id_slice,not_observed_in_reviewed_exact_id_slice,not_observed_in_reviewed_exact_id_slice,not_observed_in_reviewed_exact_id_slice,272521668,IRS/ProPublica dark-money bridge; Intermediary bridge,not_reviewed_for_parent_subsidiary_scope,not_reviewed_for_jurisdiction_scope,not_reviewed_for_jurisdiction_scope,reviewed_exact_identifier_match,codex-source-audit,2026-06-28,EIN=272521668,exact-shared-ein-dark-money-intermediary-v1,0.9500,"reviewed exact-identifier slice from cross-venue adjudication; broader source-product, source-readiness, and calibrated policy-simulation gates remain blocked until row-count, issue-comparability, false-match, and observed pre/post comparison requirements pass"
cand-3df4637714d3,COUNCIL FOR A LIVABLE WORLD,reviewed_nonprofit_or_intermediary,not_observed_in_reviewed_exact_id_slice,not_observed_in_reviewed_exact_id_slice,not_observed_in_reviewed_exact_id_slice,not_observed_in_reviewed_exact_id_slice,520746112,IRS/ProPublica dark-money bridge; Intermediary bridge,not_reviewed_for_parent_subsidiary_scope,not_reviewed_for_jurisdiction_scope,not_reviewed_for_jurisdiction_scope,reviewed_exact_identifier_match,codex-source-audit,2026-06-28,EIN=520746112,exact-shared-ein-dark-money-intermediary-v1,0.9500,"reviewed exact-identifier slice from cross-venue adjudication; broader source-product, source-readiness, and calibrated policy-simulation gates remain blocked until row-count, issue-comparability, false-match, and observed pre/post comparison requirements pass"
cand-95b6a55f6fbe,COUNCIL FOR CITIZENS AGAINST GOVERNMENT WASTE,reviewed_nonprofit_or_intermediary,not_observed_in_reviewed_exact_id_slice,not_observed_in_reviewed_exact_id_slice,not_observed_in_reviewed_exact_id_slice,not_observed_in_reviewed_exact_id_slice,521369152,IRS/ProPublica dark-money bridge; Intermediary bridge,not_reviewed_for_parent_subsidiary_scope,not_reviewed_for_jurisdiction_scope,not_reviewed_for_jurisdiction_scope,reviewed_exact_identifier_match,codex-source-audit,2026-06-28,EIN=521369152,exact-shared-ein-dark-money-intermediary-v1,0.9500,"reviewed exact-identifier slice from cross-venue adjudication; broader source-product, source-readiness, and calibrated policy-simulation gates remain blocked until row-count, issue-comparability, false-match, and observed pre/post comparison requirements pass"
cand-91c51574084b,COUNCIL FOR QUALITY RESPIRATORY CARE,reviewed_nonprofit_or_intermediary,not_observed_in_reviewed_exact_id_slice,not_observed_in_reviewed_exact_id_slice,not_observed_in_reviewed_exact_id_slice,not_observed_in_reviewed_exact_id_slice,205120363,IRS/ProPublica dark-money bridge; Intermediary bridge,not_reviewed_for_parent_subsidiary_scope,not_reviewed_for_jurisdiction_scope,not_reviewed_for_jurisdiction_scope,reviewed_exact_identifier_match,codex-source-audit,2026-06-28,EIN=205120363,exact-shared-ein-dark-money-intermediary-v1,0.9500,"reviewed exact-identifier slice from cross-venue adjudication; broader source-product, source-readiness, and calibrated policy-simulation gates remain blocked until row-count, issue-comparability, false-match, and observed pre/post comparison requirements pass"
cand-0654f97b5a4a,COUNCIL FOR RESPONSIBLE NUTRITION,reviewed_nonprofit_or_intermediary,not_observed_in_reviewed_exact_id_slice,not_observed_in_reviewed_exact_id_slice,not_observed_in_reviewed_exact_id_slice,not_observed_in_reviewed_exact_id_slice,520975324,IRS/ProPublica dark-money bridge; Intermediary bridge,not_reviewed_for_parent_subsidiary_scope,not_reviewed_for_jurisdiction_scope,not_reviewed_for_jurisdiction_scope,reviewed_exact_identifier_match,codex-source-audit,2026-06-28,EIN=520975324,exact-shared-ein-dark-money-intermediary-v1,0.9500,"reviewed exact-identifier slice from cross-venue adjudication; broader source-product, source-readiness, and calibrated policy-simulation gates remain blocked until row-count, issue-comparability, false-match, and observed pre/post comparison requirements pass"
cand-6fcc19af3603,COUNCIL OF INSTITUTIONAL INVESTORS,reviewed_nonprofit_or_intermediary,not_observed_in_reviewed_exact_id_slice,not_observed_in_reviewed_exact_id_slice,not_observed_in_reviewed_exact_id_slice,not_observed_in_reviewed_exact_id_slice,521380217,IRS/ProPublica dark-money bridge; Intermediary bridge,not_reviewed_for_parent_subsidiary_scope,not_reviewed_for_jurisdiction_scope,not_reviewed_for_jurisdiction_scope,reviewed_exact_identifier_match,codex-source-audit,2026-06-28,EIN=521380217,exact-shared-ein-dark-money-intermediary-v1,0.9500,"reviewed exact-identifier slice from cross-venue adjudication; broader source-product, source-readiness, and calibrated policy-simulation gates remain blocked until row-count, issue-comparability, false-match, and observed pre/post comparison requirements pass"
cand-f9ba150681ae,COUNCIL OF INSURANCE AGENTS & BROKERS,reviewed_nonprofit_or_intermediary,not_observed_in_reviewed_exact_id_slice,not_observed_in_reviewed_exact_id_slice,not_observed_in_reviewed_exact_id_slice,not_observed_in_reviewed_exact_id_slice,131952497,IRS/ProPublica dark-money bridge; Intermediary bridge,not_reviewed_for_parent_subsidiary_scope,not_reviewed_for_jurisdiction_scope,not_reviewed_for_jurisdiction_scope,reviewed_exact_identifier_match,codex-source-audit,2026-06-28,EIN=131952497,exact-shared-ein-dark-money-intermediary-v1,0.9500,"reviewed exact-identifier slice from cross-venue adjudication; broader source-product, source-readiness, and calibrated policy-simulation gates remain blocked until row-count, issue-comparability, false-match, and observed pre/post comparison requirements pass"
cand-f5068de46fb9,COUNCIL OF LARGE PUBLIC HOUSING AUTHORITIES INC,reviewed_nonprofit_or_intermediary,not_observed_in_reviewed_exact_id_slice,not_observed_in_reviewed_exact_id_slice,not_observed_in_reviewed_exact_id_slice,not_observed_in_reviewed_exact_id_slice,042752972,IRS/ProPublica dark-money bridge; Intermediary bridge,not_reviewed_for_parent_subsidiary_scope,not_reviewed_for_jurisdiction_scope,not_reviewed_for_jurisdiction_scope,reviewed_exact_identifier_match,codex-source-audit,2026-06-28,EIN=042752972,exact-shared-ein-dark-money-intermediary-v1,0.9500,"reviewed exact-identifier slice from cross-venue adjudication; broader source-product, source-readiness, and calibrated policy-simulation gates remain blocked until row-count, issue-comparability, false-match, and observed pre/post comparison requirements pass"
cand-81f6b7aa7e13,CREDIT UNION NATIONAL ASSOCIATION INC,reviewed_nonprofit_or_intermediary,not_observed_in_reviewed_exact_id_slice,not_observed_in_reviewed_exact_id_slice,not_observed_in_reviewed_exact_id_slice,not_observed_in_reviewed_exact_id_slice,237065623,IRS/ProPublica dark-money bridge; Intermediary bridge,not_reviewed_for_parent_subsidiary_scope,not_reviewed_for_jurisdiction_scope,not_reviewed_for_jurisdiction_scope,reviewed_exact_identifier_match,codex-source-audit,2026-06-28,EIN=237065623,exact-shared-ein-dark-money-intermediary-v1,0.9500,"reviewed exact-identifier slice from cross-venue adjudication; broader source-product, source-readiness, and calibrated policy-simulation gates remain blocked until row-count, issue-comparability, false-match, and observed pre/post comparison requirements pass"
cand-391f4955b5c9,CRUISE LINES INTERNATIONAL ASSOCIATION INC,reviewed_nonprofit_or_intermediary,not_observed_in_reviewed_exact_id_slice,not_observed_in_reviewed_exact_id_slice,not_observed_in_reviewed_exact_id_slice,not_observed_in_reviewed_exact_id_slice,132600946,IRS/ProPublica dark-money bridge; Intermediary bridge,not_reviewed_for_parent_subsidiary_scope,not_reviewed_for_jurisdiction_scope,not_reviewed_for_jurisdiction_scope,reviewed_exact_identifier_match,codex-source-audit,2026-06-28,EIN=132600946,exact-shared-ein-dark-money-intermediary-v1,0.9500,"reviewed exact-identifier slice from cross-venue adjudication; broader source-product, source-readiness, and calibrated policy-simulation gates remain blocked until row-count, issue-comparability, false-match, and observed pre/post comparison requirements pass"
cand-bfd86131258e,CTIA-THE WIRELESS ASSOCIATION,reviewed_nonprofit_or_intermediary,not_observed_in_reviewed_exact_id_slice,not_observed_in_reviewed_exact_id_slice,not_observed_in_reviewed_exact_id_slice,not_observed_in_reviewed_exact_id_slice,521347628,IRS/ProPublica dark-money bridge; Intermediary bridge,not_reviewed_for_parent_subsidiary_scope,not_reviewed_for_jurisdiction_scope,not_reviewed_for_jurisdiction_scope,reviewed_exact_identifier_match,codex-source-audit,2026-06-28,EIN=521347628,exact-shared-ein-dark-money-intermediary-v1,0.9500,"reviewed exact-identifier slice from cross-venue adjudication; broader source-product, source-readiness, and calibrated policy-simulation gates remain blocked until row-count, issue-comparability, false-match, and observed pre/post comparison requirements pass"
cand-0b37409f13f4,DC HISPANIC CONTRACTORS ASSOCIATION,reviewed_nonprofit_or_intermediary,not_observed_in_reviewed_exact_id_slice,not_observed_in_reviewed_exact_id_slice,not_observed_in_reviewed_exact_id_slice,not_observed_in_reviewed_exact_id_slice,205325447,IRS/ProPublica dark-money bridge; Intermediary bridge,not_reviewed_for_parent_subsidiary_scope,not_reviewed_for_jurisdiction_scope,not_reviewed_for_jurisdiction_scope,reviewed_exact_identifier_match,codex-source-audit,2026-06-28,EIN=205325447,exact-shared-ein-dark-money-intermediary-v1,0.9500,"reviewed exact-identifier slice from cross-venue adjudication; broader source-product, source-readiness, and calibrated policy-simulation gates remain blocked until row-count, issue-comparability, false-match, and observed pre/post comparison requirements pass"
cand-dec83dba212f,DEFENSE CREDIT UNION COUNCIL INC,reviewed_nonprofit_or_intermediary,not_observed_in_reviewed_exact_id_slice,not_observed_in_reviewed_exact_id_slice,not_observed_in_reviewed_exact_id_slice,not_observed_in_reviewed_exact_id_slice,391405036,IRS/ProPublica dark-money bridge; Intermediary bridge,not_reviewed_for_parent_subsidiary_scope,not_reviewed_for_jurisdiction_scope,not_reviewed_for_jurisdiction_scope,reviewed_exact_identifier_match,codex-source-audit,2026-06-28,EIN=391405036,exact-shared-ein-dark-money-intermediary-v1,0.9500,"reviewed exact-identifier slice from cross-venue adjudication; broader source-product, source-readiness, and calibrated policy-simulation gates remain blocked until row-count, issue-comparability, false-match, and observed pre/post comparison requirements pass"
cand-c405ee69963b,DEFINED CONTRIBUTION ALTERNATIVES ASSOCIATION,reviewed_nonprofit_or_intermediary,not_observed_in_reviewed_exact_id_slice,not_observed_in_reviewed_exact_id_slice,not_observed_in_reviewed_exact_id_slice,not_observed_in_reviewed_exact_id_slice,364813561,IRS/ProPublica dark-money bridge; Intermediary bridge,not_reviewed_for_parent_subsidiary_scope,not_reviewed_for_jurisdiction_scope,not_reviewed_for_jurisdiction_scope,reviewed_exact_identifier_match,codex-source-audit,2026-06-28,EIN=364813561,exact-shared-ein-dark-money-intermediary-v1,0.9500,"reviewed exact-identifier slice from cross-venue adjudication; broader source-product, source-readiness, and calibrated policy-simulation gates remain blocked until row-count, issue-comparability, false-match, and observed pre/post comparison requirements pass"
cand-a00cd309fdcf,DEPARTMENT OF LABOR FITNESS ASSOCIATION INC,reviewed_nonprofit_or_intermediary,not_observed_in_reviewed_exact_id_slice,not_observed_in_reviewed_exact_id_slice,not_observed_in_reviewed_exact_id_slice,not_observed_in_reviewed_exact_id_slice,521568668,IRS/ProPublica dark-money bridge; Intermediary bridge,not_reviewed_for_parent_subsidiary_scope,not_reviewed_for_jurisdiction_scope,not_reviewed_for_jurisdiction_scope,reviewed_exact_identifier_match,codex-source-audit,2026-06-28,EIN=521568668,exact-shared-ein-dark-money-intermediary-v1,0.9500,"reviewed exact-identifier slice from cross-venue adjudication; broader source-product, source-readiness, and calibrated policy-simulation gates remain blocked until row-count, issue-comparability, false-match, and observed pre/post comparison requirements pass"
cand-5e5dd2cc441b,DESTINATION MARKETING ASSOCIATION INTERNATIONAL,reviewed_nonprofit_or_intermediary,not_observed_in_reviewed_exact_id_slice,not_observed_in_reviewed_exact_id_slice,not_observed_in_reviewed_exact_id_slice,not_observed_in_reviewed_exact_id_slice,310507334,IRS/ProPublica dark-money bridge; Intermediary bridge,not_reviewed_for_parent_subsidiary_scope,not_reviewed_for_jurisdiction_scope,not_reviewed_for_jurisdiction_scope,reviewed_exact_identifier_match,codex-source-audit,2026-06-28,EIN=310507334,exact-shared-ein-dark-money-intermediary-v1,0.9500,"reviewed exact-identifier slice from cross-venue adjudication; broader source-product, source-readiness, and calibrated policy-simulation gates remain blocked until row-count, issue-comparability, false-match, and observed pre/post comparison requirements pass"
cand-eabe498141a7,DIGITAL CITIZENS ACTION ALLIANCE,reviewed_nonprofit_or_intermediary,not_observed_in_reviewed_exact_id_slice,not_observed_in_reviewed_exact_id_slice,not_observed_in_reviewed_exact_id_slice,not_observed_in_reviewed_exact_id_slice,460820996,IRS/ProPublica dark-money bridge; Intermediary bridge,not_reviewed_for_parent_subsidiary_scope,not_reviewed_for_jurisdiction_scope,not_reviewed_for_jurisdiction_scope,reviewed_exact_identifier_match,codex-source-audit,2026-06-28,EIN=460820996,exact-shared-ein-dark-money-intermediary-v1,0.9500,"reviewed exact-identifier slice from cross-venue adjudication; broader source-product, source-readiness, and calibrated policy-simulation gates remain blocked until row-count, issue-comparability, false-match, and observed pre/post comparison requirements pass"
cand-03b59df7486d,DIRECT SELLING ASSOCIATION,reviewed_nonprofit_or_intermediary,not_observed_in_reviewed_exact_id_slice,not_observed_in_reviewed_exact_id_slice,not_observed_in_reviewed_exact_id_slice,not_observed_in_reviewed_exact_id_slice,410659918,IRS/ProPublica dark-money bridge; Intermediary bridge,not_reviewed_for_parent_subsidiary_scope,not_reviewed_for_jurisdiction_scope,not_reviewed_for_jurisdiction_scope,reviewed_exact_identifier_match,codex-source-audit,2026-06-28,EIN=410659918,exact-shared-ein-dark-money-intermediary-v1,0.9500,"reviewed exact-identifier slice from cross-venue adjudication; broader source-product, source-readiness, and calibrated policy-simulation gates remain blocked until row-count, issue-comparability, false-match, and observed pre/post comparison requirements pass"
cand-f9c049f65bc5,DISTILLED SPIRITS COUNCIL OF THE UNITED STATES INC,reviewed_nonprofit_or_intermediary,not_observed_in_reviewed_exact_id_slice,not_observed_in_reviewed_exact_id_slice,not_observed_in_reviewed_exact_id_slice,not_observed_in_reviewed_exact_id_slice,520971454,IRS/ProPublica dark-money bridge; Intermediary bridge,not_reviewed_for_parent_subsidiary_scope,not_reviewed_for_jurisdiction_scope,not_reviewed_for_jurisdiction_scope,reviewed_exact_identifier_match,codex-source-audit,2026-06-28,EIN=520971454,exact-shared-ein-dark-money-intermediary-v1,0.9500,"reviewed exact-identifier slice from cross-venue adjudication; broader source-product, source-readiness, and calibrated policy-simulation gates remain blocked until row-count, issue-comparability, false-match, and observed pre/post comparison requirements pass"
cand-c10f34e012b0,DISTRICT OF COLUMBIA ASSOCIATION OF NURSE ANESTHETISTS,reviewed_nonprofit_or_intermediary,not_observed_in_reviewed_exact_id_slice,not_observed_in_reviewed_exact_id_slice,not_observed_in_reviewed_exact_id_slice,not_observed_in_reviewed_exact_id_slice,521033380,IRS/ProPublica dark-money bridge; Intermediary bridge,not_reviewed_for_parent_subsidiary_scope,not_reviewed_for_jurisdiction_scope,not_reviewed_for_jurisdiction_scope,reviewed_exact_identifier_match,codex-source-audit,2026-06-28,EIN=521033380,exact-shared-ein-dark-money-intermediary-v1,0.9500,"reviewed exact-identifier slice from cross-venue adjudication; broader source-product, source-readiness, and calibrated policy-simulation gates remain blocked until row-count, issue-comparability, false-match, and observed pre/post comparison requirements pass"
cand-079e026b538d,DISTRICT OF COLUMBIA BUILDING INDUSTRY ASSOCIATION,reviewed_nonprofit_or_intermediary,not_observed_in_reviewed_exact_id_slice,not_observed_in_reviewed_exact_id_slice,not_observed_in_reviewed_exact_id_slice,not_observed_in_reviewed_exact_id_slice,521088411,IRS/ProPublica dark-money bridge; Intermediary bridge,not_reviewed_for_parent_subsidiary_scope,not_reviewed_for_jurisdiction_scope,not_reviewed_for_jurisdiction_scope,reviewed_exact_identifier_match,codex-source-audit,2026-06-28,EIN=521088411,exact-shared-ein-dark-money-intermediary-v1,0.9500,"reviewed exact-identifier slice from cross-venue adjudication; broader source-product, source-readiness, and calibrated policy-simulation gates remain blocked until row-count, issue-comparability, false-match, and observed pre/post comparison requirements pass"
cand-ff3c9e883527,DISTRICT OF COLUMBIA CHAMBER OF COMMERCE,reviewed_nonprofit_or_intermediary,not_observed_in_reviewed_exact_id_slice,not_observed_in_reviewed_exact_id_slice,not_observed_in_reviewed_exact_id_slice,not_observed_in_reviewed_exact_id_slice,237158230,IRS/ProPublica dark-money bridge; Intermediary bridge,not_reviewed_for_parent_subsidiary_scope,not_reviewed_for_jurisdiction_scope,not_reviewed_for_jurisdiction_scope,reviewed_exact_identifier_match,codex-source-audit,2026-06-28,EIN=237158230,exact-shared-ein-dark-money-intermediary-v1,0.9500,"reviewed exact-identifier slice from cross-venue adjudication; broader source-product, source-readiness, and calibrated policy-simulation gates remain blocked until row-count, issue-comparability, false-match, and observed pre/post comparison requirements pass"
cand-d3be94585fed,DISTRICT OF COLUMBIA HEALTH CARE ASSOCIATION,reviewed_nonprofit_or_intermediary,not_observed_in_reviewed_exact_id_slice,not_observed_in_reviewed_exact_id_slice,not_observed_in_reviewed_exact_id_slice,not_observed_in_reviewed_exact_id_slice,510342646,IRS/ProPublica dark-money bridge; Intermediary bridge,not_reviewed_for_parent_subsidiary_scope,not_reviewed_for_jurisdiction_scope,not_reviewed_for_jurisdiction_scope,reviewed_exact_identifier_match,codex-source-audit,2026-06-28,EIN=510342646,exact-shared-ein-dark-money-intermediary-v1,0.9500,"reviewed exact-identifier slice from cross-venue adjudication; broader source-product, source-readiness, and calibrated policy-simulation gates remain blocked until row-count, issue-comparability, false-match, and observed pre/post comparison requirements pass"
cand-40c281a618b7,DISTRICT OF COLUMBIA HOME HEALTH ASSOCIATION,reviewed_nonprofit_or_intermediary,not_observed_in_reviewed_exact_id_slice,not_observed_in_reviewed_exact_id_slice,not_observed_in_reviewed_exact_id_slice,not_observed_in_reviewed_exact_id_slice,453786264,IRS/ProPublica dark-money bridge; Intermediary bridge,not_reviewed_for_parent_subsidiary_scope,not_reviewed_for_jurisdiction_scope,not_reviewed_for_jurisdiction_scope,reviewed_exact_identifier_match,codex-source-audit,2026-06-28,EIN=453786264,exact-shared-ein-dark-money-intermediary-v1,0.9500,"reviewed exact-identifier slice from cross-venue adjudication; broader source-product, source-readiness, and calibrated policy-simulation gates remain blocked until row-count, issue-comparability, false-match, and observed pre/post comparison requirements pass"
cand-337aaa3c36fb,DISTRICT OF COLUMBIA HOSPITAL ASSOCIATION,reviewed_nonprofit_or_intermediary,not_observed_in_reviewed_exact_id_slice,not_observed_in_reviewed_exact_id_slice,not_observed_in_reviewed_exact_id_slice,not_observed_in_reviewed_exact_id_slice,521135713,IRS/ProPublica dark-money bridge; Intermediary bridge,not_reviewed_for_parent_subsidiary_scope,not_reviewed_for_jurisdiction_scope,not_reviewed_for_jurisdiction_scope,reviewed_exact_identifier_match,codex-source-audit,2026-06-28,EIN=521135713,exact-shared-ein-dark-money-intermediary-v1,0.9500,"reviewed exact-identifier slice from cross-venue adjudication; broader source-product, source-readiness, and calibrated policy-simulation gates remain blocked until row-count, issue-comparability, false-match, and observed pre/post comparison requirements pass"
cand-ff21bbff913a,EATING DISORDERS COALITION FOR RESEARCH POLICY AND ACTION INC,reviewed_nonprofit_or_intermediary,not_observed_in_reviewed_exact_id_slice,not_observed_in_reviewed_exact_id_slice,not_observed_in_reviewed_exact_id_slice,not_observed_in_reviewed_exact_id_slice,208067474,IRS/ProPublica dark-money bridge; Intermediary bridge,not_reviewed_for_parent_subsidiary_scope,not_reviewed_for_jurisdiction_scope,not_reviewed_for_jurisdiction_scope,reviewed_exact_identifier_match,codex-source-audit,2026-06-28,EIN=208067474,exact-shared-ein-dark-money-intermediary-v1,0.9500,"reviewed exact-identifier slice from cross-venue adjudication; broader source-product, source-readiness, and calibrated policy-simulation gates remain blocked until row-count, issue-comparability, false-match, and observed pre/post comparison requirements pass"
cand-91ca3975167f,EDISON ELECTRIC INSTITUTE,reviewed_nonprofit_or_intermediary,not_observed_in_reviewed_exact_id_slice,not_observed_in_reviewed_exact_id_slice,not_observed_in_reviewed_exact_id_slice,not_observed_in_reviewed_exact_id_slice,130659550,IRS/ProPublica dark-money bridge; Intermediary bridge,not_reviewed_for_parent_subsidiary_scope,not_reviewed_for_jurisdiction_scope,not_reviewed_for_jurisdiction_scope,reviewed_exact_identifier_match,codex-source-audit,2026-06-28,EIN=130659550,exact-shared-ein-dark-money-intermediary-v1,0.9500,"reviewed exact-identifier slice from cross-venue adjudication; broader source-product, source-readiness, and calibrated policy-simulation gates remain blocked until row-count, issue-comparability, false-match, and observed pre/post comparison requirements pass"
cand-93a8c93d2de7,ELECTRIC POWER SUPPLY ASSOCIATION,reviewed_nonprofit_or_intermediary,not_observed_in_reviewed_exact_id_slice,not_observed_in_reviewed_exact_id_slice,not_observed_in_reviewed_exact_id_slice,not_observed_in_reviewed_exact_id_slice,521497342,IRS/ProPublica dark-money bridge; Intermediary bridge,not_reviewed_for_parent_subsidiary_scope,not_reviewed_for_jurisdiction_scope,not_reviewed_for_jurisdiction_scope,reviewed_exact_identifier_match,codex-source-audit,2026-06-28,EIN=521497342,exact-shared-ein-dark-money-intermediary-v1,0.9500,"reviewed exact-identifier slice from cross-venue adjudication; broader source-product, source-readiness, and calibrated policy-simulation gates remain blocked until row-count, issue-comparability, false-match, and observed pre/post comparison requirements pass"
cand-cd8fdd4b2a37,ELECTRIFICATION COALITION ALLIANCE INC,reviewed_nonprofit_or_intermediary,not_observed_in_reviewed_exact_id_slice,not_observed_in_reviewed_exact_id_slice,not_observed_in_reviewed_exact_id_slice,not_observed_in_reviewed_exact_id_slice,010927325,IRS/ProPublica dark-money bridge; Intermediary bridge,not_reviewed_for_parent_subsidiary_scope,not_reviewed_for_jurisdiction_scope,not_reviewed_for_jurisdiction_scope,reviewed_exact_identifier_match,codex-source-audit,2026-06-28,EIN=010927325,exact-shared-ein-dark-money-intermediary-v1,0.9500,"reviewed exact-identifier slice from cross-venue adjudication; broader source-product, source-readiness, and calibrated policy-simulation gates remain blocked until row-count, issue-comparability, false-match, and observed pre/post comparison requirements pass"
cand-0466e4403f64,ELECTRONIC PAYMENTS COALITION INC,reviewed_nonprofit_or_intermediary,not_observed_in_reviewed_exact_id_slice,not_observed_in_reviewed_exact_id_slice,not_observed_in_reviewed_exact_id_slice,not_observed_in_reviewed_exact_id_slice,474908678,IRS/ProPublica dark-money bridge; Intermediary bridge,not_reviewed_for_parent_subsidiary_scope,not_reviewed_for_jurisdiction_scope,not_reviewed_for_jurisdiction_scope,reviewed_exact_identifier_match,codex-source-audit,2026-06-28,EIN=474908678,exact-shared-ein-dark-money-intermediary-v1,0.9500,"reviewed exact-identifier slice from cross-venue adjudication; broader source-product, source-readiness, and calibrated policy-simulation gates remain blocked until row-count, issue-comparability, false-match, and observed pre/post comparison requirements pass"
cand-6c1941bd8b98,EMILYS LIST ACTION,reviewed_nonprofit_or_intermediary,not_observed_in_reviewed_exact_id_slice,not_observed_in_reviewed_exact_id_slice,not_observed_in_reviewed_exact_id_slice,not_observed_in_reviewed_exact_id_slice,461067490,IRS/ProPublica dark-money bridge; Intermediary bridge,not_reviewed_for_parent_subsidiary_scope,not_reviewed_for_jurisdiction_scope,not_reviewed_for_jurisdiction_scope,reviewed_exact_identifier_match,codex-source-audit,2026-06-28,EIN=461067490,exact-shared-ein-dark-money-intermediary-v1,0.9500,"reviewed exact-identifier slice from cross-venue adjudication; broader source-product, source-readiness, and calibrated policy-simulation gates remain blocked until row-count, issue-comparability, false-match, and observed pre/post comparison requirements pass"
cand-63631db52e66,EMISSIONS MARKETING ASSOCIATION,reviewed_nonprofit_or_intermediary,not_observed_in_reviewed_exact_id_slice,not_observed_in_reviewed_exact_id_slice,not_observed_in_reviewed_exact_id_slice,not_observed_in_reviewed_exact_id_slice,391867387,IRS/ProPublica dark-money bridge; Intermediary bridge,not_reviewed_for_parent_subsidiary_scope,not_reviewed_for_jurisdiction_scope,not_reviewed_for_jurisdiction_scope,reviewed_exact_identifier_match,codex-source-audit,2026-06-28,EIN=391867387,exact-shared-ein-dark-money-intermediary-v1,0.9500,"reviewed exact-identifier slice from cross-venue adjudication; broader source-product, source-readiness, and calibrated policy-simulation gates remain blocked until row-count, issue-comparability, false-match, and observed pre/post comparison requirements pass"
cand-225ff1ef13a4,EMPLOYEE BENEFIT RESEARCH INSTITUTE,reviewed_nonprofit_or_intermediary,not_observed_in_reviewed_exact_id_slice,not_observed_in_reviewed_exact_id_slice,not_observed_in_reviewed_exact_id_slice,not_observed_in_reviewed_exact_id_slice,521134631,IRS/ProPublica dark-money bridge; Intermediary bridge,not_reviewed_for_parent_subsidiary_scope,not_reviewed_for_jurisdiction_scope,not_reviewed_for_jurisdiction_scope,reviewed_exact_identifier_match,codex-source-audit,2026-06-28,EIN=521134631,exact-shared-ein-dark-money-intermediary-v1,0.9500,"reviewed exact-identifier slice from cross-venue adjudication; broader source-product, source-readiness, and calibrated policy-simulation gates remain blocked until row-count, issue-comparability, false-match, and observed pre/post comparison requirements pass"
cand-7835e6481445,EMPLOYERS COUNCIL ON FLEXIBLE COMPENSATION,reviewed_nonprofit_or_intermediary,not_observed_in_reviewed_exact_id_slice,not_observed_in_reviewed_exact_id_slice,not_observed_in_reviewed_exact_id_slice,not_observed_in_reviewed_exact_id_slice,521243095,IRS/ProPublica dark-money bridge; Intermediary bridge,not_reviewed_for_parent_subsidiary_scope,not_reviewed_for_jurisdiction_scope,not_reviewed_for_jurisdiction_scope,reviewed_exact_identifier_match,codex-source-audit,2026-06-28,EIN=521243095,exact-shared-ein-dark-money-intermediary-v1,0.9500,"reviewed exact-identifier slice from cross-venue adjudication; broader source-product, source-readiness, and calibrated policy-simulation gates remain blocked until row-count, issue-comparability, false-match, and observed pre/post comparison requirements pass"
cand-48b92ffb84b2,ENERGY EQUIPMENT AND INFRASTRUCTURE ALLIANCE,reviewed_nonprofit_or_intermediary,not_observed_in_reviewed_exact_id_slice,not_observed_in_reviewed_exact_id_slice,not_observed_in_reviewed_exact_id_slice,not_observed_in_reviewed_exact_id_slice,320374377,IRS/ProPublica dark-money bridge; Intermediary bridge,not_reviewed_for_parent_subsidiary_scope,not_reviewed_for_jurisdiction_scope,not_reviewed_for_jurisdiction_scope,reviewed_exact_identifier_match,codex-source-audit,2026-06-28,EIN=320374377,exact-shared-ein-dark-money-intermediary-v1,0.9500,"reviewed exact-identifier slice from cross-venue adjudication; broader source-product, source-readiness, and calibrated policy-simulation gates remain blocked until row-count, issue-comparability, false-match, and observed pre/post comparison requirements pass"
cand-80d917263944,ENERGY INFRASTRUCTURE COUNCIL,reviewed_nonprofit_or_intermediary,not_observed_in_reviewed_exact_id_slice,not_observed_in_reviewed_exact_id_slice,not_observed_in_reviewed_exact_id_slice,not_observed_in_reviewed_exact_id_slice,521527852,IRS/ProPublica dark-money bridge; Intermediary bridge,not_reviewed_for_parent_subsidiary_scope,not_reviewed_for_jurisdiction_scope,not_reviewed_for_jurisdiction_scope,reviewed_exact_identifier_match,codex-source-audit,2026-06-28,EIN=521527852,exact-shared-ein-dark-money-intermediary-v1,0.9500,"reviewed exact-identifier slice from cross-venue adjudication; broader source-product, source-readiness, and calibrated policy-simulation gates remain blocked until row-count, issue-comparability, false-match, and observed pre/post comparison requirements pass"
cand-7bae7148667a,ENGINE ADVOCACY,reviewed_nonprofit_or_intermediary,not_observed_in_reviewed_exact_id_slice,not_observed_in_reviewed_exact_id_slice,not_observed_in_reviewed_exact_id_slice,not_observed_in_reviewed_exact_id_slice,461064620,IRS/ProPublica dark-money bridge; Intermediary bridge,not_reviewed_for_parent_subsidiary_scope,not_reviewed_for_jurisdiction_scope,not_reviewed_for_jurisdiction_scope,reviewed_exact_identifier_match,codex-source-audit,2026-06-28,EIN=461064620,exact-shared-ein-dark-money-intermediary-v1,0.9500,"reviewed exact-identifier slice from cross-venue adjudication; broader source-product, source-readiness, and calibrated policy-simulation gates remain blocked until row-count, issue-comparability, false-match, and observed pre/post comparison requirements pass"
cand-d41e5539989d,ENTERTAINMENT SOFTWARE ASSOCIATION,reviewed_nonprofit_or_intermediary,not_observed_in_reviewed_exact_id_slice,not_observed_in_reviewed_exact_id_slice,not_observed_in_reviewed_exact_id_slice,not_observed_in_reviewed_exact_id_slice,133768378,IRS/ProPublica dark-money bridge; Intermediary bridge,not_reviewed_for_parent_subsidiary_scope,not_reviewed_for_jurisdiction_scope,not_reviewed_for_jurisdiction_scope,reviewed_exact_identifier_match,codex-source-audit,2026-06-28,EIN=133768378,exact-shared-ein-dark-money-intermediary-v1,0.9500,"reviewed exact-identifier slice from cross-venue adjudication; broader source-product, source-readiness, and calibrated policy-simulation gates remain blocked until row-count, issue-comparability, false-match, and observed pre/post comparison requirements pass"
cand-739cb6bb5c7a,ENVIRONMENTAL COUNCIL OF STATES INC,reviewed_nonprofit_or_intermediary,not_observed_in_reviewed_exact_id_slice,not_observed_in_reviewed_exact_id_slice,not_observed_in_reviewed_exact_id_slice,not_observed_in_reviewed_exact_id_slice,363962169,IRS/ProPublica dark-money bridge; Intermediary bridge,not_reviewed_for_parent_subsidiary_scope,not_reviewed_for_jurisdiction_scope,not_reviewed_for_jurisdiction_scope,reviewed_exact_identifier_match,codex-source-audit,2026-06-28,EIN=363962169,exact-shared-ein-dark-money-intermediary-v1,0.9500,"reviewed exact-identifier slice from cross-venue adjudication; broader source-product, source-readiness, and calibrated policy-simulation gates remain blocked until row-count, issue-comparability, false-match, and observed pre/post comparison requirements pass"
cand-dbe8cd7b71e0,ENVIRONMENTAL TECHNOLOGY COUNCIL,reviewed_nonprofit_or_intermediary,not_observed_in_reviewed_exact_id_slice,not_observed_in_reviewed_exact_id_slice,not_observed_in_reviewed_exact_id_slice,not_observed_in_reviewed_exact_id_slice,521253715,IRS/ProPublica dark-money bridge; Intermediary bridge,not_reviewed_for_parent_subsidiary_scope,not_reviewed_for_jurisdiction_scope,not_reviewed_for_jurisdiction_scope,reviewed_exact_identifier_match,codex-source-audit,2026-06-28,EIN=521253715,exact-shared-ein-dark-money-intermediary-v1,0.9500,"reviewed exact-identifier slice from cross-venue adjudication; broader source-product, source-readiness, and calibrated policy-simulation gates remain blocked until row-count, issue-comparability, false-match, and observed pre/post comparison requirements pass"
cand-6f381cff8ef6,ENZYME TECHNICAL ASSOCIATION,reviewed_nonprofit_or_intermediary,not_observed_in_reviewed_exact_id_slice,not_observed_in_reviewed_exact_id_slice,not_observed_in_reviewed_exact_id_slice,not_observed_in_reviewed_exact_id_slice,521376033,IRS/ProPublica dark-money bridge; Intermediary bridge,not_reviewed_for_parent_subsidiary_scope,not_reviewed_for_jurisdiction_scope,not_reviewed_for_jurisdiction_scope,reviewed_exact_identifier_match,codex-source-audit,2026-06-28,EIN=521376033,exact-shared-ein-dark-money-intermediary-v1,0.9500,"reviewed exact-identifier slice from cross-venue adjudication; broader source-product, source-readiness, and calibrated policy-simulation gates remain blocked until row-count, issue-comparability, false-match, and observed pre/post comparison requirements pass"
cand-6e8b3a15ed27,EQUIPMENT SERVICES ASSOCIATION,reviewed_nonprofit_or_intermediary,not_observed_in_reviewed_exact_id_slice,not_observed_in_reviewed_exact_id_slice,not_observed_in_reviewed_exact_id_slice,not_observed_in_reviewed_exact_id_slice,237139970,IRS/ProPublica dark-money bridge; Intermediary bridge,not_reviewed_for_parent_subsidiary_scope,not_reviewed_for_jurisdiction_scope,not_reviewed_for_jurisdiction_scope,reviewed_exact_identifier_match,codex-source-audit,2026-06-28,EIN=237139970,exact-shared-ein-dark-money-intermediary-v1,0.9500,"reviewed exact-identifier slice from cross-venue adjudication; broader source-product, source-readiness, and calibrated policy-simulation gates remain blocked until row-count, issue-comparability, false-match, and observed pre/post comparison requirements pass"
cand-4b7899f9d578,ERA COALITION INC,reviewed_nonprofit_or_intermediary,not_observed_in_reviewed_exact_id_slice,not_observed_in_reviewed_exact_id_slice,not_observed_in_reviewed_exact_id_slice,not_observed_in_reviewed_exact_id_slice,471170242,IRS/ProPublica dark-money bridge; Intermediary bridge,not_reviewed_for_parent_subsidiary_scope,not_reviewed_for_jurisdiction_scope,not_reviewed_for_jurisdiction_scope,reviewed_exact_identifier_match,codex-source-audit,2026-06-28,EIN=471170242,exact-shared-ein-dark-money-intermediary-v1,0.9500,"reviewed exact-identifier slice from cross-venue adjudication; broader source-product, source-readiness, and calibrated policy-simulation gates remain blocked until row-count, issue-comparability, false-match, and observed pre/post comparison requirements pass"
cand-bd3f437b4103,ERISA INDUSTRY COMMITTEE,reviewed_nonprofit_or_intermediary,not_observed_in_reviewed_exact_id_slice,not_observed_in_reviewed_exact_id_slice,not_observed_in_reviewed_exact_id_slice,not_observed_in_reviewed_exact_id_slice,521077961,IRS/ProPublica dark-money bridge; Intermediary bridge,not_reviewed_for_parent_subsidiary_scope,not_reviewed_for_jurisdiction_scope,not_reviewed_for_jurisdiction_scope,reviewed_exact_identifier_match,codex-source-audit,2026-06-28,EIN=521077961,exact-shared-ein-dark-money-intermediary-v1,0.9500,"reviewed exact-identifier slice from cross-venue adjudication; broader source-product, source-readiness, and calibrated policy-simulation gates remain blocked until row-count, issue-comparability, false-match, and observed pre/post comparison requirements pass"
cand-a2a3bbc2ca2a,FAA MANAGERS ASSOCIATION INC,reviewed_nonprofit_or_intermediary,not_observed_in_reviewed_exact_id_slice,not_observed_in_reviewed_exact_id_slice,not_observed_in_reviewed_exact_id_slice,not_observed_in_reviewed_exact_id_slice,371426448,IRS/ProPublica dark-money bridge; Intermediary bridge,not_reviewed_for_parent_subsidiary_scope,not_reviewed_for_jurisdiction_scope,not_reviewed_for_jurisdiction_scope,reviewed_exact_identifier_match,codex-source-audit,2026-06-28,EIN=371426448,exact-shared-ein-dark-money-intermediary-v1,0.9500,"reviewed exact-identifier slice from cross-venue adjudication; broader source-product, source-readiness, and calibrated policy-simulation gates remain blocked until row-count, issue-comparability, false-match, and observed pre/post comparison requirements pass"
cand-ed6efc4b3162,FAITH IN PUBLIC LIFE ACTION FUND,reviewed_nonprofit_or_intermediary,not_observed_in_reviewed_exact_id_slice,not_observed_in_reviewed_exact_id_slice,not_observed_in_reviewed_exact_id_slice,not_observed_in_reviewed_exact_id_slice,263827419,IRS/ProPublica dark-money bridge; Intermediary bridge,not_reviewed_for_parent_subsidiary_scope,not_reviewed_for_jurisdiction_scope,not_reviewed_for_jurisdiction_scope,reviewed_exact_identifier_match,codex-source-audit,2026-06-28,EIN=263827419,exact-shared-ein-dark-money-intermediary-v1,0.9500,"reviewed exact-identifier slice from cross-venue adjudication; broader source-product, source-readiness, and calibrated policy-simulation gates remain blocked until row-count, issue-comparability, false-match, and observed pre/post comparison requirements pass"
cand-41573ed616a0,FAMILY ENTERPRISE USA ACTION INC,reviewed_nonprofit_or_intermediary,not_observed_in_reviewed_exact_id_slice,not_observed_in_reviewed_exact_id_slice,not_observed_in_reviewed_exact_id_slice,not_observed_in_reviewed_exact_id_slice,463253100,IRS/ProPublica dark-money bridge; Intermediary bridge,not_reviewed_for_parent_subsidiary_scope,not_reviewed_for_jurisdiction_scope,not_reviewed_for_jurisdiction_scope,reviewed_exact_identifier_match,codex-source-audit,2026-06-28,EIN=463253100,exact-shared-ein-dark-money-intermediary-v1,0.9500,"reviewed exact-identifier slice from cross-venue adjudication; broader source-product, source-readiness, and calibrated policy-simulation gates remain blocked until row-count, issue-comparability, false-match, and observed pre/post comparison requirements pass"
cand-7620afb7c0ed,FARM CREDIT COUNCIL,reviewed_nonprofit_or_intermediary,not_observed_in_reviewed_exact_id_slice,not_observed_in_reviewed_exact_id_slice,not_observed_in_reviewed_exact_id_slice,not_observed_in_reviewed_exact_id_slice,521275264,IRS/ProPublica dark-money bridge; Intermediary bridge,not_reviewed_for_parent_subsidiary_scope,not_reviewed_for_jurisdiction_scope,not_reviewed_for_jurisdiction_scope,reviewed_exact_identifier_match,codex-source-audit,2026-06-28,EIN=521275264,exact-shared-ein-dark-money-intermediary-v1,0.9500,"reviewed exact-identifier slice from cross-venue adjudication; broader source-product, source-readiness, and calibrated policy-simulation gates remain blocked until row-count, issue-comparability, false-match, and observed pre/post comparison requirements pass"
cand-4a3fc09cc33a,FEDERAL CIRCUIT BAR ASSOCIATION,reviewed_nonprofit_or_intermediary,not_observed_in_reviewed_exact_id_slice,not_observed_in_reviewed_exact_id_slice,not_observed_in_reviewed_exact_id_slice,not_observed_in_reviewed_exact_id_slice,521491377,IRS/ProPublica dark-money bridge; Intermediary bridge,not_reviewed_for_parent_subsidiary_scope,not_reviewed_for_jurisdiction_scope,not_reviewed_for_jurisdiction_scope,reviewed_exact_identifier_match,codex-source-audit,2026-06-28,EIN=521491377,exact-shared-ein-dark-money-intermediary-v1,0.9500,"reviewed exact-identifier slice from cross-venue adjudication; broader source-product, source-readiness, and calibrated policy-simulation gates remain blocked until row-count, issue-comparability, false-match, and observed pre/post comparison requirements pass"
cand-909c264979ec,FEDERAL ENERGY REGULATORY COMMISSION FITNESS CENTER ORGANIZA,reviewed_nonprofit_or_intermediary,not_observed_in_reviewed_exact_id_slice,not_observed_in_reviewed_exact_id_slice,not_observed_in_reviewed_exact_id_slice,not_observed_in_reviewed_exact_id_slice,521568129,IRS/ProPublica dark-money bridge; Intermediary bridge,not_reviewed_for_parent_subsidiary_scope,not_reviewed_for_jurisdiction_scope,not_reviewed_for_jurisdiction_scope,reviewed_exact_identifier_match,codex-source-audit,2026-06-28,EIN=521568129,exact-shared-ein-dark-money-intermediary-v1,0.9500,"reviewed exact-identifier slice from cross-venue adjudication; broader source-product, source-readiness, and calibrated policy-simulation gates remain blocked until row-count, issue-comparability, false-match, and observed pre/post comparison requirements pass"
cand-364704ee41bd,FINANCIAL SERVICE CENTERS OF NEW YORK INC A TRADE ASSOCIATION,reviewed_nonprofit_or_intermediary,not_observed_in_reviewed_exact_id_slice,not_observed_in_reviewed_exact_id_slice,not_observed_in_reviewed_exact_id_slice,not_observed_in_reviewed_exact_id_slice,136110520,IRS/ProPublica dark-money bridge; Intermediary bridge,not_reviewed_for_parent_subsidiary_scope,not_reviewed_for_jurisdiction_scope,not_reviewed_for_jurisdiction_scope,reviewed_exact_identifier_match,codex-source-audit,2026-06-28,EIN=136110520,exact-shared-ein-dark-money-intermediary-v1,0.9500,"reviewed exact-identifier slice from cross-venue adjudication; broader source-product, source-readiness, and calibrated policy-simulation gates remain blocked until row-count, issue-comparability, false-match, and observed pre/post comparison requirements pass"
cand-1a5a150a4060,FINANCIAL SERVICES INNOVATION COALITION FSIC,reviewed_nonprofit_or_intermediary,not_observed_in_reviewed_exact_id_slice,not_observed_in_reviewed_exact_id_slice,not_observed_in_reviewed_exact_id_slice,not_observed_in_reviewed_exact_id_slice,454436072,IRS/ProPublica dark-money bridge; Intermediary bridge,not_reviewed_for_parent_subsidiary_scope,not_reviewed_for_jurisdiction_scope,not_reviewed_for_jurisdiction_scope,reviewed_exact_identifier_match,codex-source-audit,2026-06-28,EIN=454436072,exact-shared-ein-dark-money-intermediary-v1,0.9500,"reviewed exact-identifier slice from cross-venue adjudication; broader source-product, source-readiness, and calibrated policy-simulation gates remain blocked until row-count, issue-comparability, false-match, and observed pre/post comparison requirements pass"
cand-230fff88d51d,FINANCIAL SERVICES INSTITUTE INC,reviewed_nonprofit_or_intermediary,not_observed_in_reviewed_exact_id_slice,not_observed_in_reviewed_exact_id_slice,not_observed_in_reviewed_exact_id_slice,not_observed_in_reviewed_exact_id_slice,200587793,IRS/ProPublica dark-money bridge; Intermediary bridge,not_reviewed_for_parent_subsidiary_scope,not_reviewed_for_jurisdiction_scope,not_reviewed_for_jurisdiction_scope,reviewed_exact_identifier_match,codex-source-audit,2026-06-28,EIN=200587793,exact-shared-ein-dark-money-intermediary-v1,0.9500,"reviewed exact-identifier slice from cross-venue adjudication; broader source-product, source-readiness, and calibrated policy-simulation gates remain blocked until row-count, issue-comparability, false-match, and observed pre/post comparison requirements pass"
cand-a641f549e2b1,FIX THE DEBT COALITION INC,reviewed_nonprofit_or_intermediary,not_observed_in_reviewed_exact_id_slice,not_observed_in_reviewed_exact_id_slice,not_observed_in_reviewed_exact_id_slice,not_observed_in_reviewed_exact_id_slice,461321030,IRS/ProPublica dark-money bridge; Intermediary bridge,not_reviewed_for_parent_subsidiary_scope,not_reviewed_for_jurisdiction_scope,not_reviewed_for_jurisdiction_scope,reviewed_exact_identifier_match,codex-source-audit,2026-06-28,EIN=461321030,exact-shared-ein-dark-money-intermediary-v1,0.9500,"reviewed exact-identifier slice from cross-venue adjudication; broader source-product, source-readiness, and calibrated policy-simulation gates remain blocked until row-count, issue-comparability, false-match, and observed pre/post comparison requirements pass"
cand-290ff3926585,FLAVOR & EXTRACT MANUFACTURERS ASSOCIATION OF THE UNITED STATES,reviewed_nonprofit_or_intermediary,not_observed_in_reviewed_exact_id_slice,not_observed_in_reviewed_exact_id_slice,not_observed_in_reviewed_exact_id_slice,not_observed_in_reviewed_exact_id_slice,237104346,IRS/ProPublica dark-money bridge; Intermediary bridge,not_reviewed_for_parent_subsidiary_scope,not_reviewed_for_jurisdiction_scope,not_reviewed_for_jurisdiction_scope,reviewed_exact_identifier_match,codex-source-audit,2026-06-28,EIN=237104346,exact-shared-ein-dark-money-intermediary-v1,0.9500,"reviewed exact-identifier slice from cross-venue adjudication; broader source-product, source-readiness, and calibrated policy-simulation gates remain blocked until row-count, issue-comparability, false-match, and observed pre/post comparison requirements pass"
cand-1726ec25f4be,FOOD & WATER ACTION FUND,reviewed_nonprofit_or_intermediary,not_observed_in_reviewed_exact_id_slice,not_observed_in_reviewed_exact_id_slice,not_observed_in_reviewed_exact_id_slice,not_observed_in_reviewed_exact_id_slice,320160436,IRS/ProPublica dark-money bridge; Intermediary bridge,not_reviewed_for_parent_subsidiary_scope,not_reviewed_for_jurisdiction_scope,not_reviewed_for_jurisdiction_scope,reviewed_exact_identifier_match,codex-source-audit,2026-06-28,EIN=320160436,exact-shared-ein-dark-money-intermediary-v1,0.9500,"reviewed exact-identifier slice from cross-venue adjudication; broader source-product, source-readiness, and calibrated policy-simulation gates remain blocked until row-count, issue-comparability, false-match, and observed pre/post comparison requirements pass"
cand-7b1717ef622b,FOREST RESOURCES ASSOCIATION INC,reviewed_nonprofit_or_intermediary,not_observed_in_reviewed_exact_id_slice,not_observed_in_reviewed_exact_id_slice,not_observed_in_reviewed_exact_id_slice,not_observed_in_reviewed_exact_id_slice,521331738,IRS/ProPublica dark-money bridge; Intermediary bridge,not_reviewed_for_parent_subsidiary_scope,not_reviewed_for_jurisdiction_scope,not_reviewed_for_jurisdiction_scope,reviewed_exact_identifier_match,codex-source-audit,2026-06-28,EIN=521331738,exact-shared-ein-dark-money-intermediary-v1,0.9500,"reviewed exact-identifier slice from cross-venue adjudication; broader source-product, source-readiness, and calibrated policy-simulation gates remain blocked until row-count, issue-comparability, false-match, and observed pre/post comparison requirements pass"
cand-d8d6e172b053,FOUNDATION FOR ADVANCING ALCOHOL RESPONSIBILITY,reviewed_nonprofit_or_intermediary,not_observed_in_reviewed_exact_id_slice,not_observed_in_reviewed_exact_id_slice,not_observed_in_reviewed_exact_id_slice,not_observed_in_reviewed_exact_id_slice,363704297,IRS/ProPublica dark-money bridge; Intermediary bridge,not_reviewed_for_parent_subsidiary_scope,not_reviewed_for_jurisdiction_scope,not_reviewed_for_jurisdiction_scope,reviewed_exact_identifier_match,codex-source-audit,2026-06-28,EIN=363704297,exact-shared-ein-dark-money-intermediary-v1,0.9500,"reviewed exact-identifier slice from cross-venue adjudication; broader source-product, source-readiness, and calibrated policy-simulation gates remain blocked until row-count, issue-comparability, false-match, and observed pre/post comparison requirements pass"
cand-28421a9c56e7,FOUNDATION FOR AMERICAN SECURITY AND FREEDOM INC,reviewed_nonprofit_or_intermediary,not_observed_in_reviewed_exact_id_slice,not_observed_in_reviewed_exact_id_slice,not_observed_in_reviewed_exact_id_slice,not_observed_in_reviewed_exact_id_slice,472671140,IRS/ProPublica dark-money bridge; Intermediary bridge,not_reviewed_for_parent_subsidiary_scope,not_reviewed_for_jurisdiction_scope,not_reviewed_for_jurisdiction_scope,reviewed_exact_identifier_match,codex-source-audit,2026-06-28,EIN=472671140,exact-shared-ein-dark-money-intermediary-v1,0.9500,"reviewed exact-identifier slice from cross-venue adjudication; broader source-product, source-readiness, and calibrated policy-simulation gates remain blocked until row-count, issue-comparability, false-match, and observed pre/post comparison requirements pass"
cand-3707412354d2,FRATERNITY AND SORORITY ACTION FUND,reviewed_nonprofit_or_intermediary,not_observed_in_reviewed_exact_id_slice,not_observed_in_reviewed_exact_id_slice,not_observed_in_reviewed_exact_id_slice,not_observed_in_reviewed_exact_id_slice,474906970,IRS/ProPublica dark-money bridge; Intermediary bridge,not_reviewed_for_parent_subsidiary_scope,not_reviewed_for_jurisdiction_scope,not_reviewed_for_jurisdiction_scope,reviewed_exact_identifier_match,codex-source-audit,2026-06-28,EIN=474906970,exact-shared-ein-dark-money-intermediary-v1,0.9500,"reviewed exact-identifier slice from cross-venue adjudication; broader source-product, source-readiness, and calibrated policy-simulation gates remain blocked until row-count, issue-comparability, false-match, and observed pre/post comparison requirements pass"
cand-cda39cbb6c45,FREE PRESS ACTION FUND,reviewed_nonprofit_or_intermediary,not_observed_in_reviewed_exact_id_slice,not_observed_in_reviewed_exact_id_slice,not_observed_in_reviewed_exact_id_slice,not_observed_in_reviewed_exact_id_slice,043771598,IRS/ProPublica dark-money bridge; Intermediary bridge,not_reviewed_for_parent_subsidiary_scope,not_reviewed_for_jurisdiction_scope,not_reviewed_for_jurisdiction_scope,reviewed_exact_identifier_match,codex-source-audit,2026-06-28,EIN=043771598,exact-shared-ein-dark-money-intermediary-v1,0.9500,"reviewed exact-identifier slice from cross-venue adjudication; broader source-product, source-readiness, and calibrated policy-simulation gates remain blocked until row-count, issue-comparability, false-match, and observed pre/post comparison requirements pass"
cand-afeda474f4be,FRENCH AMERICAN CHAMBER OF COMMERCE OF WASHINGTON DC,reviewed_nonprofit_or_intermediary,not_observed_in_reviewed_exact_id_slice,not_observed_in_reviewed_exact_id_slice,not_observed_in_reviewed_exact_id_slice,not_observed_in_reviewed_exact_id_slice,521496682,IRS/ProPublica dark-money bridge; Intermediary bridge,not_reviewed_for_parent_subsidiary_scope,not_reviewed_for_jurisdiction_scope,not_reviewed_for_jurisdiction_scope,reviewed_exact_identifier_match,codex-source-audit,2026-06-28,EIN=521496682,exact-shared-ein-dark-money-intermediary-v1,0.9500,"reviewed exact-identifier slice from cross-venue adjudication; broader source-product, source-readiness, and calibrated policy-simulation gates remain blocked until row-count, issue-comparability, false-match, and observed pre/post comparison requirements pass"
cand-6bc4b06693fe,FRIENDS OF THE EARTH-ACTION-INC,reviewed_nonprofit_or_intermediary,not_observed_in_reviewed_exact_id_slice,not_observed_in_reviewed_exact_id_slice,not_observed_in_reviewed_exact_id_slice,not_observed_in_reviewed_exact_id_slice,132644641,IRS/ProPublica dark-money bridge; Intermediary bridge,not_reviewed_for_parent_subsidiary_scope,not_reviewed_for_jurisdiction_scope,not_reviewed_for_jurisdiction_scope,reviewed_exact_identifier_match,codex-source-audit,2026-06-28,EIN=132644641,exact-shared-ein-dark-money-intermediary-v1,0.9500,"reviewed exact-identifier slice from cross-venue adjudication; broader source-product, source-readiness, and calibrated policy-simulation gates remain blocked until row-count, issue-comparability, false-match, and observed pre/post comparison requirements pass"
cand-7f78cc33a76d,FUTURES INDUSTRY ASSOCIATION,reviewed_nonprofit_or_intermediary,not_observed_in_reviewed_exact_id_slice,not_observed_in_reviewed_exact_id_slice,not_observed_in_reviewed_exact_id_slice,not_observed_in_reviewed_exact_id_slice,135642275,IRS/ProPublica dark-money bridge; Intermediary bridge,not_reviewed_for_parent_subsidiary_scope,not_reviewed_for_jurisdiction_scope,not_reviewed_for_jurisdiction_scope,reviewed_exact_identifier_match,codex-source-audit,2026-06-28,EIN=135642275,exact-shared-ein-dark-money-intermediary-v1,0.9500,"reviewed exact-identifier slice from cross-venue adjudication; broader source-product, source-readiness, and calibrated policy-simulation gates remain blocked until row-count, issue-comparability, false-match, and observed pre/post comparison requirements pass"
cand-fc52d9e6b652,GENERAL AVIATION MANUFACTURERS ASSOCIATION INC,reviewed_nonprofit_or_intermediary,not_observed_in_reviewed_exact_id_slice,not_observed_in_reviewed_exact_id_slice,not_observed_in_reviewed_exact_id_slice,not_observed_in_reviewed_exact_id_slice,520897278,IRS/ProPublica dark-money bridge; Intermediary bridge,not_reviewed_for_parent_subsidiary_scope,not_reviewed_for_jurisdiction_scope,not_reviewed_for_jurisdiction_scope,reviewed_exact_identifier_match,codex-source-audit,2026-06-28,EIN=520897278,exact-shared-ein-dark-money-intermediary-v1,0.9500,"reviewed exact-identifier slice from cross-venue adjudication; broader source-product, source-readiness, and calibrated policy-simulation gates remain blocked until row-count, issue-comparability, false-match, and observed pre/post comparison requirements pass"
cand-cdb0372a6c35,GERMAN AMERICAN BUSINESS COUNCIL INC,reviewed_nonprofit_or_intermediary,not_observed_in_reviewed_exact_id_slice,not_observed_in_reviewed_exact_id_slice,not_observed_in_reviewed_exact_id_slice,not_observed_in_reviewed_exact_id_slice,201842368,IRS/ProPublica dark-money bridge; Intermediary bridge,not_reviewed_for_parent_subsidiary_scope,not_reviewed_for_jurisdiction_scope,not_reviewed_for_jurisdiction_scope,reviewed_exact_identifier_match,codex-source-audit,2026-06-28,EIN=201842368,exact-shared-ein-dark-money-intermediary-v1,0.9500,"reviewed exact-identifier slice from cross-venue adjudication; broader source-product, source-readiness, and calibrated policy-simulation gates remain blocked until row-count, issue-comparability, false-match, and observed pre/post comparison requirements pass"
cand-1d9b19037be3,GLOBAL ALLIANCE FOR PATIENT ACCESS,reviewed_nonprofit_or_intermediary,not_observed_in_reviewed_exact_id_slice,not_observed_in_reviewed_exact_id_slice,not_observed_in_reviewed_exact_id_slice,not_observed_in_reviewed_exact_id_slice,464320131,IRS/ProPublica dark-money bridge; Intermediary bridge,not_reviewed_for_parent_subsidiary_scope,not_reviewed_for_jurisdiction_scope,not_reviewed_for_jurisdiction_scope,reviewed_exact_identifier_match,codex-source-audit,2026-06-28,EIN=464320131,exact-shared-ein-dark-money-intermediary-v1,0.9500,"reviewed exact-identifier slice from cross-venue adjudication; broader source-product, source-readiness, and calibrated policy-simulation gates remain blocked until row-count, issue-comparability, false-match, and observed pre/post comparison requirements pass"
cand-c726f137939d,GLOBAL BUSINESS ALLIANCE INC,reviewed_nonprofit_or_intermediary,not_observed_in_reviewed_exact_id_slice,not_observed_in_reviewed_exact_id_slice,not_observed_in_reviewed_exact_id_slice,not_observed_in_reviewed_exact_id_slice,133218529,IRS/ProPublica dark-money bridge; Intermediary bridge,not_reviewed_for_parent_subsidiary_scope,not_reviewed_for_jurisdiction_scope,not_reviewed_for_jurisdiction_scope,reviewed_exact_identifier_match,codex-source-audit,2026-06-28,EIN=133218529,exact-shared-ein-dark-money-intermediary-v1,0.9500,"reviewed exact-identifier slice from cross-venue adjudication; broader source-product, source-readiness, and calibrated policy-simulation gates remain blocked until row-count, issue-comparability, false-match, and observed pre/post comparison requirements pass"
cand-125699fcd7ad,GPS INNOVATION ALLIANCE,reviewed_nonprofit_or_intermediary,not_observed_in_reviewed_exact_id_slice,not_observed_in_reviewed_exact_id_slice,not_observed_in_reviewed_exact_id_slice,not_observed_in_reviewed_exact_id_slice,464171871,IRS/ProPublica dark-money bridge; Intermediary bridge,not_reviewed_for_parent_subsidiary_scope,not_reviewed_for_jurisdiction_scope,not_reviewed_for_jurisdiction_scope,reviewed_exact_identifier_match,codex-source-audit,2026-06-28,EIN=464171871,exact-shared-ein-dark-money-intermediary-v1,0.9500,"reviewed exact-identifier slice from cross-venue adjudication; broader source-product, source-readiness, and calibrated policy-simulation gates remain blocked until row-count, issue-comparability, false-match, and observed pre/post comparison requirements pass"
cand-77e4cd3f26cd,GRAIN FOODS FOUNDATION,reviewed_nonprofit_or_intermediary,not_observed_in_reviewed_exact_id_slice,not_observed_in_reviewed_exact_id_slice,not_observed_in_reviewed_exact_id_slice,not_observed_in_reviewed_exact_id_slice,201329442,IRS/ProPublica dark-money bridge; Intermediary bridge,not_reviewed_for_parent_subsidiary_scope,not_reviewed_for_jurisdiction_scope,not_reviewed_for_jurisdiction_scope,reviewed_exact_identifier_match,codex-source-audit,2026-06-28,EIN=201329442,exact-shared-ein-dark-money-intermediary-v1,0.9500,"reviewed exact-identifier slice from cross-venue adjudication; broader source-product, source-readiness, and calibrated policy-simulation gates remain blocked until row-count, issue-comparability, false-match, and observed pre/post comparison requirements pass"
cand-a1f33e95e07c,GREATER WASHINGTON BUSINESS AVIATION ASSOCIATION INC,reviewed_nonprofit_or_intermediary,not_observed_in_reviewed_exact_id_slice,not_observed_in_reviewed_exact_id_slice,not_observed_in_reviewed_exact_id_slice,not_observed_in_reviewed_exact_id_slice,202207198,IRS/ProPublica dark-money bridge; Intermediary bridge,not_reviewed_for_parent_subsidiary_scope,not_reviewed_for_jurisdiction_scope,not_reviewed_for_jurisdiction_scope,reviewed_exact_identifier_match,codex-source-audit,2026-06-28,EIN=202207198,exact-shared-ein-dark-money-intermediary-v1,0.9500,"reviewed exact-identifier slice from cross-venue adjudication; broader source-product, source-readiness, and calibrated policy-simulation gates remain blocked until row-count, issue-comparability, false-match, and observed pre/post comparison requirements pass"
cand-1206f63ca992,GREATER WASHINGTON HISPANIC CHAMBER OF COMMERCE INC,reviewed_nonprofit_or_intermediary,not_observed_in_reviewed_exact_id_slice,not_observed_in_reviewed_exact_id_slice,not_observed_in_reviewed_exact_id_slice,not_observed_in_reviewed_exact_id_slice,223860377,IRS/ProPublica dark-money bridge; Intermediary bridge,not_reviewed_for_parent_subsidiary_scope,not_reviewed_for_jurisdiction_scope,not_reviewed_for_jurisdiction_scope,reviewed_exact_identifier_match,codex-source-audit,2026-06-28,EIN=223860377,exact-shared-ein-dark-money-intermediary-v1,0.9500,"reviewed exact-identifier slice from cross-venue adjudication; broader source-product, source-readiness, and calibrated policy-simulation gates remain blocked until row-count, issue-comparability, false-match, and observed pre/post comparison requirements pass"
cand-d8dd2f80b5bc,GROUP OF 50 FOUNDATION INC,reviewed_nonprofit_or_intermediary,not_observed_in_reviewed_exact_id_slice,not_observed_in_reviewed_exact_id_slice,not_observed_in_reviewed_exact_id_slice,not_observed_in_reviewed_exact_id_slice,271441903,IRS/ProPublica dark-money bridge; Intermediary bridge,not_reviewed_for_parent_subsidiary_scope,not_reviewed_for_jurisdiction_scope,not_reviewed_for_jurisdiction_scope,reviewed_exact_identifier_match,codex-source-audit,2026-06-28,EIN=271441903,exact-shared-ein-dark-money-intermediary-v1,0.9500,"reviewed exact-identifier slice from cross-venue adjudication; broader source-product, source-readiness, and calibrated policy-simulation gates remain blocked until row-count, issue-comparability, false-match, and observed pre/post comparison requirements pass"
cand-4d178a47faa0,HEALTHCARE DISTRIBUTION ALLIANCE HDA,reviewed_nonprofit_or_intermediary,not_observed_in_reviewed_exact_id_slice,not_observed_in_reviewed_exact_id_slice,not_observed_in_reviewed_exact_id_slice,not_observed_in_reviewed_exact_id_slice,131088150,IRS/ProPublica dark-money bridge; Intermediary bridge,not_reviewed_for_parent_subsidiary_scope,not_reviewed_for_jurisdiction_scope,not_reviewed_for_jurisdiction_scope,reviewed_exact_identifier_match,codex-source-audit,2026-06-28,EIN=131088150,exact-shared-ein-dark-money-intermediary-v1,0.9500,"reviewed exact-identifier slice from cross-venue adjudication; broader source-product, source-readiness, and calibrated policy-simulation gates remain blocked until row-count, issue-comparability, false-match, and observed pre/post comparison requirements pass"
cand-ddff9d402f53,HEALTHCARE LEADERSHIP COUNCIL,reviewed_nonprofit_or_intermediary,not_observed_in_reviewed_exact_id_slice,not_observed_in_reviewed_exact_id_slice,not_observed_in_reviewed_exact_id_slice,not_observed_in_reviewed_exact_id_slice,363668803,IRS/ProPublica dark-money bridge; Intermediary bridge,not_reviewed_for_parent_subsidiary_scope,not_reviewed_for_jurisdiction_scope,not_reviewed_for_jurisdiction_scope,reviewed_exact_identifier_match,codex-source-audit,2026-06-28,EIN=363668803,exact-shared-ein-dark-money-intermediary-v1,0.9500,"reviewed exact-identifier slice from cross-venue adjudication; broader source-product, source-readiness, and calibrated policy-simulation gates remain blocked until row-count, issue-comparability, false-match, and observed pre/post comparison requirements pass"
cand-27ebccb3f0c3,HEALTHY MARKETS ASSOCIATION,reviewed_nonprofit_or_intermediary,not_observed_in_reviewed_exact_id_slice,not_observed_in_reviewed_exact_id_slice,not_observed_in_reviewed_exact_id_slice,not_observed_in_reviewed_exact_id_slice,472168025,IRS/ProPublica dark-money bridge; Intermediary bridge,not_reviewed_for_parent_subsidiary_scope,not_reviewed_for_jurisdiction_scope,not_reviewed_for_jurisdiction_scope,reviewed_exact_identifier_match,codex-source-audit,2026-06-28,EIN=472168025,exact-shared-ein-dark-money-intermediary-v1,0.9500,"reviewed exact-identifier slice from cross-venue adjudication; broader source-product, source-readiness, and calibrated policy-simulation gates remain blocked until row-count, issue-comparability, false-match, and observed pre/post comparison requirements pass"
cand-ca1976b4b229,HEARING INDUSTRIES ASSOCIATION INC,reviewed_nonprofit_or_intermediary,not_observed_in_reviewed_exact_id_slice,not_observed_in_reviewed_exact_id_slice,not_observed_in_reviewed_exact_id_slice,not_observed_in_reviewed_exact_id_slice,426100157,IRS/ProPublica dark-money bridge; Intermediary bridge,not_reviewed_for_parent_subsidiary_scope,not_reviewed_for_jurisdiction_scope,not_reviewed_for_jurisdiction_scope,reviewed_exact_identifier_match,codex-source-audit,2026-06-28,EIN=426100157,exact-shared-ein-dark-money-intermediary-v1,0.9500,"reviewed exact-identifier slice from cross-venue adjudication; broader source-product, source-readiness, and calibrated policy-simulation gates remain blocked until row-count, issue-comparability, false-match, and observed pre/post comparison requirements pass"
cand-7c3d9280aced,HERITAGE ACTION FOR AMERICA,reviewed_nonprofit_or_intermediary,not_observed_in_reviewed_exact_id_slice,not_observed_in_reviewed_exact_id_slice,not_observed_in_reviewed_exact_id_slice,not_observed_in_reviewed_exact_id_slice,272244700,IRS/ProPublica dark-money bridge; Intermediary bridge,not_reviewed_for_parent_subsidiary_scope,not_reviewed_for_jurisdiction_scope,not_reviewed_for_jurisdiction_scope,reviewed_exact_identifier_match,codex-source-audit,2026-06-28,EIN=272244700,exact-shared-ein-dark-money-intermediary-v1,0.9500,"reviewed exact-identifier slice from cross-venue adjudication; broader source-product, source-readiness, and calibrated policy-simulation gates remain blocked until row-count, issue-comparability, false-match, and observed pre/post comparison requirements pass"
cand-819550b8a898,HIGHER EDUCATION VIDEO GAME ALLIANCE,reviewed_nonprofit_or_intermediary,not_observed_in_reviewed_exact_id_slice,not_observed_in_reviewed_exact_id_slice,not_observed_in_reviewed_exact_id_slice,not_observed_in_reviewed_exact_id_slice,475563763,IRS/ProPublica dark-money bridge; Intermediary bridge,not_reviewed_for_parent_subsidiary_scope,not_reviewed_for_jurisdiction_scope,not_reviewed_for_jurisdiction_scope,reviewed_exact_identifier_match,codex-source-audit,2026-06-28,EIN=475563763,exact-shared-ein-dark-money-intermediary-v1,0.9500,"reviewed exact-identifier slice from cross-venue adjudication; broader source-product, source-readiness, and calibrated policy-simulation gates remain blocked until row-count, issue-comparability, false-match, and observed pre/post comparison requirements pass"
cand-747e31544a1f,HISPANIC BAR ASSOCIATION OF THE DISTRICT OF COLUMBIA,reviewed_nonprofit_or_intermediary,not_observed_in_reviewed_exact_id_slice,not_observed_in_reviewed_exact_id_slice,not_observed_in_reviewed_exact_id_slice,not_observed_in_reviewed_exact_id_slice,521120701,IRS/ProPublica dark-money bridge; Intermediary bridge,not_reviewed_for_parent_subsidiary_scope,not_reviewed_for_jurisdiction_scope,not_reviewed_for_jurisdiction_scope,reviewed_exact_identifier_match,codex-source-audit,2026-06-28,EIN=521120701,exact-shared-ein-dark-money-intermediary-v1,0.9500,"reviewed exact-identifier slice from cross-venue adjudication; broader source-product, source-readiness, and calibrated policy-simulation gates remain blocked until row-count, issue-comparability, false-match, and observed pre/post comparison requirements pass"
cand-ed233db10893,HISPANIC LOBBYISTS ASSOCIATION INCORPORATED,reviewed_nonprofit_or_intermediary,not_observed_in_reviewed_exact_id_slice,not_observed_in_reviewed_exact_id_slice,not_observed_in_reviewed_exact_id_slice,not_observed_in_reviewed_exact_id_slice,206609063,IRS/ProPublica dark-money bridge; Intermediary bridge,not_reviewed_for_parent_subsidiary_scope,not_reviewed_for_jurisdiction_scope,not_reviewed_for_jurisdiction_scope,reviewed_exact_identifier_match,codex-source-audit,2026-06-28,EIN=206609063,exact-shared-ein-dark-money-intermediary-v1,0.9500,"reviewed exact-identifier slice from cross-venue adjudication; broader source-product, source-readiness, and calibrated policy-simulation gates remain blocked until row-count, issue-comparability, false-match, and observed pre/post comparison requirements pass"
cand-8c57517ef633,HISPANIC NATIONAL BAR ASSOCIATION,reviewed_nonprofit_or_intermediary,not_observed_in_reviewed_exact_id_slice,not_observed_in_reviewed_exact_id_slice,not_observed_in_reviewed_exact_id_slice,not_observed_in_reviewed_exact_id_slice,521333974,IRS/ProPublica dark-money bridge; Intermediary bridge,not_reviewed_for_parent_subsidiary_scope,not_reviewed_for_jurisdiction_scope,not_reviewed_for_jurisdiction_scope,reviewed_exact_identifier_match,codex-source-audit,2026-06-28,EIN=521333974,exact-shared-ein-dark-money-intermediary-v1,0.9500,"reviewed exact-identifier slice from cross-venue adjudication; broader source-product, source-readiness, and calibrated policy-simulation gates remain blocked until row-count, issue-comparability, false-match, and observed pre/post comparison requirements pass"
cand-41a20d6a0055,HOME FASHION PRODUCTS ASSOCIATION,reviewed_nonprofit_or_intermediary,not_observed_in_reviewed_exact_id_slice,not_observed_in_reviewed_exact_id_slice,not_observed_in_reviewed_exact_id_slice,not_observed_in_reviewed_exact_id_slice,237069954,IRS/ProPublica dark-money bridge; Intermediary bridge,not_reviewed_for_parent_subsidiary_scope,not_reviewed_for_jurisdiction_scope,not_reviewed_for_jurisdiction_scope,reviewed_exact_identifier_match,codex-source-audit,2026-06-28,EIN=237069954,exact-shared-ein-dark-money-intermediary-v1,0.9500,"reviewed exact-identifier slice from cross-venue adjudication; broader source-product, source-readiness, and calibrated policy-simulation gates remain blocked until row-count, issue-comparability, false-match, and observed pre/post comparison requirements pass"
cand-cd463409d639,HOMELAND SECURITY & DEFENSE BUSINESS COUNCIL,reviewed_nonprofit_or_intermediary,not_observed_in_reviewed_exact_id_slice,not_observed_in_reviewed_exact_id_slice,not_observed_in_reviewed_exact_id_slice,not_observed_in_reviewed_exact_id_slice,320131567,IRS/ProPublica dark-money bridge; Intermediary bridge,not_reviewed_for_parent_subsidiary_scope,not_reviewed_for_jurisdiction_scope,not_reviewed_for_jurisdiction_scope,reviewed_exact_identifier_match,codex-source-audit,2026-06-28,EIN=320131567,exact-shared-ein-dark-money-intermediary-v1,0.9500,"reviewed exact-identifier slice from cross-venue adjudication; broader source-product, source-readiness, and calibrated policy-simulation gates remain blocked until row-count, issue-comparability, false-match, and observed pre/post comparison requirements pass"
cand-f015aab443ed,HOUSEHOLD & COMMERICAL PRODUCTS ASSOCIATION INC,reviewed_nonprofit_or_intermediary,not_observed_in_reviewed_exact_id_slice,not_observed_in_reviewed_exact_id_slice,not_observed_in_reviewed_exact_id_slice,not_observed_in_reviewed_exact_id_slice,131084295,IRS/ProPublica dark-money bridge; Intermediary bridge,not_reviewed_for_parent_subsidiary_scope,not_reviewed_for_jurisdiction_scope,not_reviewed_for_jurisdiction_scope,reviewed_exact_identifier_match,codex-source-audit,2026-06-28,EIN=131084295,exact-shared-ein-dark-money-intermediary-v1,0.9500,"reviewed exact-identifier slice from cross-venue adjudication; broader source-product, source-readiness, and calibrated policy-simulation gates remain blocked until row-count, issue-comparability, false-match, and observed pre/post comparison requirements pass"
cand-b4f9faa5ab3b,IMMIGRANT INVESTORS ASSOCIATION INC,reviewed_nonprofit_or_intermediary,not_observed_in_reviewed_exact_id_slice,not_observed_in_reviewed_exact_id_slice,not_observed_in_reviewed_exact_id_slice,not_observed_in_reviewed_exact_id_slice,202897226,IRS/ProPublica dark-money bridge; Intermediary bridge,not_reviewed_for_parent_subsidiary_scope,not_reviewed_for_jurisdiction_scope,not_reviewed_for_jurisdiction_scope,reviewed_exact_identifier_match,codex-source-audit,2026-06-28,EIN=202897226,exact-shared-ein-dark-money-intermediary-v1,0.9500,"reviewed exact-identifier slice from cross-venue adjudication; broader source-product, source-readiness, and calibrated policy-simulation gates remain blocked until row-count, issue-comparability, false-match, and observed pre/post comparison requirements pass"
cand-0f1b19bdafdd,IMMIGRANTS LIST CIVIC ACTION INC,reviewed_nonprofit_or_intermediary,not_observed_in_reviewed_exact_id_slice,not_observed_in_reviewed_exact_id_slice,not_observed_in_reviewed_exact_id_slice,not_observed_in_reviewed_exact_id_slice,352317275,IRS/ProPublica dark-money bridge; Intermediary bridge,not_reviewed_for_parent_subsidiary_scope,not_reviewed_for_jurisdiction_scope,not_reviewed_for_jurisdiction_scope,reviewed_exact_identifier_match,codex-source-audit,2026-06-28,EIN=352317275,exact-shared-ein-dark-money-intermediary-v1,0.9500,"reviewed exact-identifier slice from cross-venue adjudication; broader source-product, source-readiness, and calibrated policy-simulation gates remain blocked until row-count, issue-comparability, false-match, and observed pre/post comparison requirements pass"
cand-f0814d6abbd5,INDEPENDENT BAKERS ASSOCIATION INC,reviewed_nonprofit_or_intermediary,not_observed_in_reviewed_exact_id_slice,not_observed_in_reviewed_exact_id_slice,not_observed_in_reviewed_exact_id_slice,not_observed_in_reviewed_exact_id_slice,136271761,IRS/ProPublica dark-money bridge; Intermediary bridge,not_reviewed_for_parent_subsidiary_scope,not_reviewed_for_jurisdiction_scope,not_reviewed_for_jurisdiction_scope,reviewed_exact_identifier_match,codex-source-audit,2026-06-28,EIN=136271761,exact-shared-ein-dark-money-intermediary-v1,0.9500,"reviewed exact-identifier slice from cross-venue adjudication; broader source-product, source-readiness, and calibrated policy-simulation gates remain blocked until row-count, issue-comparability, false-match, and observed pre/post comparison requirements pass"
cand-d1136d2eec1b,INDEX INDUSTRY ASSOCIATION,reviewed_nonprofit_or_intermediary,not_observed_in_reviewed_exact_id_slice,not_observed_in_reviewed_exact_id_slice,not_observed_in_reviewed_exact_id_slice,not_observed_in_reviewed_exact_id_slice,455007478,IRS/ProPublica dark-money bridge; Intermediary bridge,not_reviewed_for_parent_subsidiary_scope,not_reviewed_for_jurisdiction_scope,not_reviewed_for_jurisdiction_scope,reviewed_exact_identifier_match,codex-source-audit,2026-06-28,EIN=455007478,exact-shared-ein-dark-money-intermediary-v1,0.9500,"reviewed exact-identifier slice from cross-venue adjudication; broader source-product, source-readiness, and calibrated policy-simulation gates remain blocked until row-count, issue-comparability, false-match, and observed pre/post comparison requirements pass"
cand-82c3c8c70516,INDUSTRIAL TRUCK ASSOCIATION,reviewed_nonprofit_or_intermediary,not_observed_in_reviewed_exact_id_slice,not_observed_in_reviewed_exact_id_slice,not_observed_in_reviewed_exact_id_slice,not_observed_in_reviewed_exact_id_slice,251124211,IRS/ProPublica dark-money bridge; Intermediary bridge,not_reviewed_for_parent_subsidiary_scope,not_reviewed_for_jurisdiction_scope,not_reviewed_for_jurisdiction_scope,reviewed_exact_identifier_match,codex-source-audit,2026-06-28,EIN=251124211,exact-shared-ein-dark-money-intermediary-v1,0.9500,"reviewed exact-identifier slice from cross-venue adjudication; broader source-product, source-readiness, and calibrated policy-simulation gates remain blocked until row-count, issue-comparability, false-match, and observed pre/post comparison requirements pass"
cand-9b6c1138e4d5,INDUSTRY COUNCIL FOR EMERGENCY RESPONSE TECHNOLOGIES INC,reviewed_nonprofit_or_intermediary,not_observed_in_reviewed_exact_id_slice,not_observed_in_reviewed_exact_id_slice,not_observed_in_reviewed_exact_id_slice,not_observed_in_reviewed_exact_id_slice,203878470,IRS/ProPublica dark-money bridge; Intermediary bridge,not_reviewed_for_parent_subsidiary_scope,not_reviewed_for_jurisdiction_scope,not_reviewed_for_jurisdiction_scope,reviewed_exact_identifier_match,codex-source-audit,2026-06-28,EIN=203878470,exact-shared-ein-dark-money-intermediary-v1,0.9500,"reviewed exact-identifier slice from cross-venue adjudication; broader source-product, source-readiness, and calibrated policy-simulation gates remain blocked until row-count, issue-comparability, false-match, and observed pre/post comparison requirements pass"
cand-643b14fc1d99,INFIN A FINANCIAL SERVICES ALLIANCE INC,reviewed_nonprofit_or_intermediary,not_observed_in_reviewed_exact_id_slice,not_observed_in_reviewed_exact_id_slice,not_observed_in_reviewed_exact_id_slice,not_observed_in_reviewed_exact_id_slice,222838938,IRS/ProPublica dark-money bridge; Intermediary bridge,not_reviewed_for_parent_subsidiary_scope,not_reviewed_for_jurisdiction_scope,not_reviewed_for_jurisdiction_scope,reviewed_exact_identifier_match,codex-source-audit,2026-06-28,EIN=222838938,exact-shared-ein-dark-money-intermediary-v1,0.9500,"reviewed exact-identifier slice from cross-venue adjudication; broader source-product, source-readiness, and calibrated policy-simulation gates remain blocked until row-count, issue-comparability, false-match, and observed pre/post comparison requirements pass"
cand-4a14b2a395da,INFORMATION TECHNOLOGY INDUSTRY COUNCIL LTD,reviewed_nonprofit_or_intermediary,not_observed_in_reviewed_exact_id_slice,not_observed_in_reviewed_exact_id_slice,not_observed_in_reviewed_exact_id_slice,not_observed_in_reviewed_exact_id_slice,131954338,IRS/ProPublica dark-money bridge; Intermediary bridge,not_reviewed_for_parent_subsidiary_scope,not_reviewed_for_jurisdiction_scope,not_reviewed_for_jurisdiction_scope,reviewed_exact_identifier_match,codex-source-audit,2026-06-28,EIN=131954338,exact-shared-ein-dark-money-intermediary-v1,0.9500,"reviewed exact-identifier slice from cross-venue adjudication; broader source-product, source-readiness, and calibrated policy-simulation gates remain blocked until row-count, issue-comparability, false-match, and observed pre/post comparison requirements pass"
cand-78125177014a,INSIGHTS ASSOCIATION INC,reviewed_nonprofit_or_intermediary,not_observed_in_reviewed_exact_id_slice,not_observed_in_reviewed_exact_id_slice,not_observed_in_reviewed_exact_id_slice,not_observed_in_reviewed_exact_id_slice,132942996,IRS/ProPublica dark-money bridge; Intermediary bridge,not_reviewed_for_parent_subsidiary_scope,not_reviewed_for_jurisdiction_scope,not_reviewed_for_jurisdiction_scope,reviewed_exact_identifier_match,codex-source-audit,2026-06-28,EIN=132942996,exact-shared-ein-dark-money-intermediary-v1,0.9500,"reviewed exact-identifier slice from cross-venue adjudication; broader source-product, source-readiness, and calibrated policy-simulation gates remain blocked until row-count, issue-comparability, false-match, and observed pre/post comparison requirements pass"
cand-5ba3fe8bb1e0,INSTITUTE FOR PORTFOLIO ALTERNATIVES INC,reviewed_nonprofit_or_intermediary,not_observed_in_reviewed_exact_id_slice,not_observed_in_reviewed_exact_id_slice,not_observed_in_reviewed_exact_id_slice,not_observed_in_reviewed_exact_id_slice,222597521,IRS/ProPublica dark-money bridge; Intermediary bridge,not_reviewed_for_parent_subsidiary_scope,not_reviewed_for_jurisdiction_scope,not_reviewed_for_jurisdiction_scope,reviewed_exact_identifier_match,codex-source-audit,2026-06-28,EIN=222597521,exact-shared-ein-dark-money-intermediary-v1,0.9500,"reviewed exact-identifier slice from cross-venue adjudication; broader source-product, source-readiness, and calibrated policy-simulation gates remain blocked until row-count, issue-comparability, false-match, and observed pre/post comparison requirements pass"
cand-7fbf57985931,INSTITUTE FOR TRUTH IN MARKETING INC,reviewed_nonprofit_or_intermediary,not_observed_in_reviewed_exact_id_slice,not_observed_in_reviewed_exact_id_slice,not_observed_in_reviewed_exact_id_slice,not_observed_in_reviewed_exact_id_slice,473475721,IRS/ProPublica dark-money bridge; Intermediary bridge,not_reviewed_for_parent_subsidiary_scope,not_reviewed_for_jurisdiction_scope,not_reviewed_for_jurisdiction_scope,reviewed_exact_identifier_match,codex-source-audit,2026-06-28,EIN=473475721,exact-shared-ein-dark-money-intermediary-v1,0.9500,"reviewed exact-identifier slice from cross-venue adjudication; broader source-product, source-readiness, and calibrated policy-simulation gates remain blocked until row-count, issue-comparability, false-match, and observed pre/post comparison requirements pass"
cand-4105ba8c2dcc,INSTITUTE OF INTERNATIONAL CONTAINER LESSORS LTD,reviewed_nonprofit_or_intermediary,not_observed_in_reviewed_exact_id_slice,not_observed_in_reviewed_exact_id_slice,not_observed_in_reviewed_exact_id_slice,not_observed_in_reviewed_exact_id_slice,237309986,IRS/ProPublica dark-money bridge; Intermediary bridge,not_reviewed_for_parent_subsidiary_scope,not_reviewed_for_jurisdiction_scope,not_reviewed_for_jurisdiction_scope,reviewed_exact_identifier_match,codex-source-audit,2026-06-28,EIN=237309986,exact-shared-ein-dark-money-intermediary-v1,0.9500,"reviewed exact-identifier slice from cross-venue adjudication; broader source-product, source-readiness, and calibrated policy-simulation gates remain blocked until row-count, issue-comparability, false-match, and observed pre/post comparison requirements pass"
cand-49314b5d02ba,INSTITUTE OF INTERNATIONAL FINANCE INC,reviewed_nonprofit_or_intermediary,not_observed_in_reviewed_exact_id_slice,not_observed_in_reviewed_exact_id_slice,not_observed_in_reviewed_exact_id_slice,not_observed_in_reviewed_exact_id_slice,521289843,IRS/ProPublica dark-money bridge; Intermediary bridge,not_reviewed_for_parent_subsidiary_scope,not_reviewed_for_jurisdiction_scope,not_reviewed_for_jurisdiction_scope,reviewed_exact_identifier_match,codex-source-audit,2026-06-28,EIN=521289843,exact-shared-ein-dark-money-intermediary-v1,0.9500,"reviewed exact-identifier slice from cross-venue adjudication; broader source-product, source-readiness, and calibrated policy-simulation gates remain blocked until row-count, issue-comparability, false-match, and observed pre/post comparison requirements pass"
cand-dfc8b0b8a2f6,INSTITUTE OF MAKERS OF EXPLOSIVES,reviewed_nonprofit_or_intermediary,not_observed_in_reviewed_exact_id_slice,not_observed_in_reviewed_exact_id_slice,not_observed_in_reviewed_exact_id_slice,not_observed_in_reviewed_exact_id_slice,130870910,IRS/ProPublica dark-money bridge; Intermediary bridge,not_reviewed_for_parent_subsidiary_scope,not_reviewed_for_jurisdiction_scope,not_reviewed_for_jurisdiction_scope,reviewed_exact_identifier_match,codex-source-audit,2026-06-28,EIN=130870910,exact-shared-ein-dark-money-intermediary-v1,0.9500,"reviewed exact-identifier slice from cross-venue adjudication; broader source-product, source-readiness, and calibrated policy-simulation gates remain blocked until row-count, issue-comparability, false-match, and observed pre/post comparison requirements pass"
cand-1dceab4ff845,INSTITUTE OF MANAGEMENT CONSULTANTS USA INC,reviewed_nonprofit_or_intermediary,not_observed_in_reviewed_exact_id_slice,not_observed_in_reviewed_exact_id_slice,not_observed_in_reviewed_exact_id_slice,not_observed_in_reviewed_exact_id_slice,133532599,IRS/ProPublica dark-money bridge; Intermediary bridge,not_reviewed_for_parent_subsidiary_scope,not_reviewed_for_jurisdiction_scope,not_reviewed_for_jurisdiction_scope,reviewed_exact_identifier_match,codex-source-audit,2026-06-28,EIN=133532599,exact-shared-ein-dark-money-intermediary-v1,0.9500,"reviewed exact-identifier slice from cross-venue adjudication; broader source-product, source-readiness, and calibrated policy-simulation gates remain blocked until row-count, issue-comparability, false-match, and observed pre/post comparison requirements pass"
cand-87af0b74428c,INSTITUTE OF SCRAP RECYCLING INDUSTRIES INC,reviewed_nonprofit_or_intermediary,not_observed_in_reviewed_exact_id_slice,not_observed_in_reviewed_exact_id_slice,not_observed_in_reviewed_exact_id_slice,not_observed_in_reviewed_exact_id_slice,311205596,IRS/ProPublica dark-money bridge; Intermediary bridge,not_reviewed_for_parent_subsidiary_scope,not_reviewed_for_jurisdiction_scope,not_reviewed_for_jurisdiction_scope,reviewed_exact_identifier_match,codex-source-audit,2026-06-28,EIN=311205596;521572944,exact-shared-ein-dark-money-intermediary-v1,0.9500,"reviewed exact-identifier slice from cross-venue adjudication; broader source-product, source-readiness, and calibrated policy-simulation gates remain blocked until row-count, issue-comparability, false-match, and observed pre/post comparison requirements pass"
cand-729990e844e8,INSTITUTIONAL LONGEVTY MARKETS ASSOCIATION INC,reviewed_nonprofit_or_intermediary,not_observed_in_reviewed_exact_id_slice,not_observed_in_reviewed_exact_id_slice,not_observed_in_reviewed_exact_id_slice,not_observed_in_reviewed_exact_id_slice,208769162,IRS/ProPublica dark-money bridge; Intermediary bridge,not_reviewed_for_parent_subsidiary_scope,not_reviewed_for_jurisdiction_scope,not_reviewed_for_jurisdiction_scope,reviewed_exact_identifier_match,codex-source-audit,2026-06-28,EIN=208769162,exact-shared-ein-dark-money-intermediary-v1,0.9500,"reviewed exact-identifier slice from cross-venue adjudication; broader source-product, source-readiness, and calibrated policy-simulation gates remain blocked until row-count, issue-comparability, false-match, and observed pre/post comparison requirements pass"
cand-5abfffbe09eb,INSURED RETIREMENT INSTITUTE INC,reviewed_nonprofit_or_intermediary,not_observed_in_reviewed_exact_id_slice,not_observed_in_reviewed_exact_id_slice,not_observed_in_reviewed_exact_id_slice,not_observed_in_reviewed_exact_id_slice,061328907,IRS/ProPublica dark-money bridge; Intermediary bridge,not_reviewed_for_parent_subsidiary_scope,not_reviewed_for_jurisdiction_scope,not_reviewed_for_jurisdiction_scope,reviewed_exact_identifier_match,codex-source-audit,2026-06-28,EIN=061328907,exact-shared-ein-dark-money-intermediary-v1,0.9500,"reviewed exact-identifier slice from cross-venue adjudication; broader source-product, source-readiness, and calibrated policy-simulation gates remain blocked until row-count, issue-comparability, false-match, and observed pre/post comparison requirements pass"
cand-cc5d773019d2,INTEGRATIVE HEALTHCARE POLICY CONSORTIUM,reviewed_nonprofit_or_intermediary,not_observed_in_reviewed_exact_id_slice,not_observed_in_reviewed_exact_id_slice,not_observed_in_reviewed_exact_id_slice,not_observed_in_reviewed_exact_id_slice,200219280,IRS/ProPublica dark-money bridge; Intermediary bridge,not_reviewed_for_parent_subsidiary_scope,not_reviewed_for_jurisdiction_scope,not_reviewed_for_jurisdiction_scope,reviewed_exact_identifier_match,codex-source-audit,2026-06-28,EIN=200219280,exact-shared-ein-dark-money-intermediary-v1,0.9500,"reviewed exact-identifier slice from cross-venue adjudication; broader source-product, source-readiness, and calibrated policy-simulation gates remain blocked until row-count, issue-comparability, false-match, and observed pre/post comparison requirements pass"
cand-169dd34e4ebb,INTELLECTUAL PROPERTY OWNERS ASSOCIATION,reviewed_nonprofit_or_intermediary,not_observed_in_reviewed_exact_id_slice,not_observed_in_reviewed_exact_id_slice,not_observed_in_reviewed_exact_id_slice,not_observed_in_reviewed_exact_id_slice,520948513,IRS/ProPublica dark-money bridge; Intermediary bridge,not_reviewed_for_parent_subsidiary_scope,not_reviewed_for_jurisdiction_scope,not_reviewed_for_jurisdiction_scope,reviewed_exact_identifier_match,codex-source-audit,2026-06-28,EIN=520948513,exact-shared-ein-dark-money-intermediary-v1,0.9500,"reviewed exact-identifier slice from cross-venue adjudication; broader source-product, source-readiness, and calibrated policy-simulation gates remain blocked until row-count, issue-comparability, false-match, and observed pre/post comparison requirements pass"
cand-fc5f2c680caa,INTERNATIONAL ASSOCIATION OF AIRPORT DUTY FREE STORES INC,reviewed_nonprofit_or_intermediary,not_observed_in_reviewed_exact_id_slice,not_observed_in_reviewed_exact_id_slice,not_observed_in_reviewed_exact_id_slice,not_observed_in_reviewed_exact_id_slice,521283024,IRS/ProPublica dark-money bridge; Intermediary bridge,not_reviewed_for_parent_subsidiary_scope,not_reviewed_for_jurisdiction_scope,not_reviewed_for_jurisdiction_scope,reviewed_exact_identifier_match,codex-source-audit,2026-06-28,EIN=521283024,exact-shared-ein-dark-money-intermediary-v1,0.9500,"reviewed exact-identifier slice from cross-venue adjudication; broader source-product, source-readiness, and calibrated policy-simulation gates remain blocked until row-count, issue-comparability, false-match, and observed pre/post comparison requirements pass"
cand-d2fecb201453,INTERNATIONAL ASSOCIATION OF COLOR MANUFACTURERS INC,reviewed_nonprofit_or_intermediary,not_observed_in_reviewed_exact_id_slice,not_observed_in_reviewed_exact_id_slice,not_observed_in_reviewed_exact_id_slice,not_observed_in_reviewed_exact_id_slice,521070715,IRS/ProPublica dark-money bridge; Intermediary bridge,not_reviewed_for_parent_subsidiary_scope,not_reviewed_for_jurisdiction_scope,not_reviewed_for_jurisdiction_scope,reviewed_exact_identifier_match,codex-source-audit,2026-06-28,EIN=521070715,exact-shared-ein-dark-money-intermediary-v1,0.9500,"reviewed exact-identifier slice from cross-venue adjudication; broader source-product, source-readiness, and calibrated policy-simulation gates remain blocked until row-count, issue-comparability, false-match, and observed pre/post comparison requirements pass"
cand-ab6c05707b98,INTERNATIONAL BAR ASSOCIATION,reviewed_nonprofit_or_intermediary,not_observed_in_reviewed_exact_id_slice,not_observed_in_reviewed_exact_id_slice,not_observed_in_reviewed_exact_id_slice,not_observed_in_reviewed_exact_id_slice,131660722,IRS/ProPublica dark-money bridge; Intermediary bridge,not_reviewed_for_parent_subsidiary_scope,not_reviewed_for_jurisdiction_scope,not_reviewed_for_jurisdiction_scope,reviewed_exact_identifier_match,codex-source-audit,2026-06-28,EIN=131660722,exact-shared-ein-dark-money-intermediary-v1,0.9500,"reviewed exact-identifier slice from cross-venue adjudication; broader source-product, source-readiness, and calibrated policy-simulation gates remain blocked until row-count, issue-comparability, false-match, and observed pre/post comparison requirements pass"
cand-117f9f8eb9cc,INTERNATIONAL CHEWING GUM ASSOCIATION,reviewed_nonprofit_or_intermediary,not_observed_in_reviewed_exact_id_slice,not_observed_in_reviewed_exact_id_slice,not_observed_in_reviewed_exact_id_slice,not_observed_in_reviewed_exact_id_slice,300630080,IRS/ProPublica dark-money bridge; Intermediary bridge,not_reviewed_for_parent_subsidiary_scope,not_reviewed_for_jurisdiction_scope,not_reviewed_for_jurisdiction_scope,reviewed_exact_identifier_match,codex-source-audit,2026-06-28,EIN=300630080,exact-shared-ein-dark-money-intermediary-v1,0.9500,"reviewed exact-identifier slice from cross-venue adjudication; broader source-product, source-readiness, and calibrated policy-simulation gates remain blocked until row-count, issue-comparability, false-match, and observed pre/post comparison requirements pass"
cand-8a2b45002a6f,INTERNATIONAL CLAIM ASSOCIATION,reviewed_nonprofit_or_intermediary,not_observed_in_reviewed_exact_id_slice,not_observed_in_reviewed_exact_id_slice,not_observed_in_reviewed_exact_id_slice,not_observed_in_reviewed_exact_id_slice,116062801,IRS/ProPublica dark-money bridge; Intermediary bridge,not_reviewed_for_parent_subsidiary_scope,not_reviewed_for_jurisdiction_scope,not_reviewed_for_jurisdiction_scope,reviewed_exact_identifier_match,codex-source-audit,2026-06-28,EIN=116062801,exact-shared-ein-dark-money-intermediary-v1,0.9500,"reviewed exact-identifier slice from cross-venue adjudication; broader source-product, source-readiness, and calibrated policy-simulation gates remain blocked until row-count, issue-comparability, false-match, and observed pre/post comparison requirements pass"
cand-74ab0ee6e139,INTERNATIONAL CYANIDE MANAGEMENT INSTITUTE,reviewed_nonprofit_or_intermediary,not_observed_in_reviewed_exact_id_slice,not_observed_in_reviewed_exact_id_slice,not_observed_in_reviewed_exact_id_slice,not_observed_in_reviewed_exact_id_slice,030492609,IRS/ProPublica dark-money bridge; Intermediary bridge,not_reviewed_for_parent_subsidiary_scope,not_reviewed_for_jurisdiction_scope,not_reviewed_for_jurisdiction_scope,reviewed_exact_identifier_match,codex-source-audit,2026-06-28,EIN=030492609,exact-shared-ein-dark-money-intermediary-v1,0.9500,"reviewed exact-identifier slice from cross-venue adjudication; broader source-product, source-readiness, and calibrated policy-simulation gates remain blocked until row-count, issue-comparability, false-match, and observed pre/post comparison requirements pass"
cand-89838eae89b7,INTERNATIONAL DOOR ASSOCIATION INC,reviewed_nonprofit_or_intermediary,not_observed_in_reviewed_exact_id_slice,not_observed_in_reviewed_exact_id_slice,not_observed_in_reviewed_exact_id_slice,not_observed_in_reviewed_exact_id_slice,311411356,IRS/ProPublica dark-money bridge; Intermediary bridge,not_reviewed_for_parent_subsidiary_scope,not_reviewed_for_jurisdiction_scope,not_reviewed_for_jurisdiction_scope,reviewed_exact_identifier_match,codex-source-audit,2026-06-28,EIN=311411356,exact-shared-ein-dark-money-intermediary-v1,0.9500,"reviewed exact-identifier slice from cross-venue adjudication; broader source-product, source-readiness, and calibrated policy-simulation gates remain blocked until row-count, issue-comparability, false-match, and observed pre/post comparison requirements pass"
cand-688842cc5ba2,INTERNATIONAL FLIGHT SERVICES ASSOCIATION INC,reviewed_nonprofit_or_intermediary,not_observed_in_reviewed_exact_id_slice,not_observed_in_reviewed_exact_id_slice,not_observed_in_reviewed_exact_id_slice,not_observed_in_reviewed_exact_id_slice,510160065,IRS/ProPublica dark-money bridge; Intermediary bridge,not_reviewed_for_parent_subsidiary_scope,not_reviewed_for_jurisdiction_scope,not_reviewed_for_jurisdiction_scope,reviewed_exact_identifier_match,codex-source-audit,2026-06-28,EIN=510160065,exact-shared-ein-dark-money-intermediary-v1,0.9500,"reviewed exact-identifier slice from cross-venue adjudication; broader source-product, source-readiness, and calibrated policy-simulation gates remain blocked until row-count, issue-comparability, false-match, and observed pre/post comparison requirements pass"
cand-3cd83743db2c,INTERNATIONAL FORUM,reviewed_nonprofit_or_intermediary,not_observed_in_reviewed_exact_id_slice,not_observed_in_reviewed_exact_id_slice,not_observed_in_reviewed_exact_id_slice,not_observed_in_reviewed_exact_id_slice,510174950,IRS/ProPublica dark-money bridge; Intermediary bridge,not_reviewed_for_parent_subsidiary_scope,not_reviewed_for_jurisdiction_scope,not_reviewed_for_jurisdiction_scope,reviewed_exact_identifier_match,codex-source-audit,2026-06-28,EIN=510174950,exact-shared-ein-dark-money-intermediary-v1,0.9500,"reviewed exact-identifier slice from cross-venue adjudication; broader source-product, source-readiness, and calibrated policy-simulation gates remain blocked until row-count, issue-comparability, false-match, and observed pre/post comparison requirements pass"
cand-43f446e60f53,INTERNATIONAL FRANCHISE ASSOCIATION INC,reviewed_nonprofit_or_intermediary,not_observed_in_reviewed_exact_id_slice,not_observed_in_reviewed_exact_id_slice,not_observed_in_reviewed_exact_id_slice,not_observed_in_reviewed_exact_id_slice,366108621,IRS/ProPublica dark-money bridge; Intermediary bridge,not_reviewed_for_parent_subsidiary_scope,not_reviewed_for_jurisdiction_scope,not_reviewed_for_jurisdiction_scope,reviewed_exact_identifier_match,codex-source-audit,2026-06-28,EIN=366108621,exact-shared-ein-dark-money-intermediary-v1,0.9500,"reviewed exact-identifier slice from cross-venue adjudication; broader source-product, source-readiness, and calibrated policy-simulation gates remain blocked until row-count, issue-comparability, false-match, and observed pre/post comparison requirements pass"
cand-a3fc0c930e81,INTERNATIONAL FURNITURE RENTAL ASSOCIATION INC,reviewed_nonprofit_or_intermediary,not_observed_in_reviewed_exact_id_slice,not_observed_in_reviewed_exact_id_slice,not_observed_in_reviewed_exact_id_slice,not_observed_in_reviewed_exact_id_slice,222133285,IRS/ProPublica dark-money bridge; Intermediary bridge,not_reviewed_for_parent_subsidiary_scope,not_reviewed_for_jurisdiction_scope,not_reviewed_for_jurisdiction_scope,reviewed_exact_identifier_match,codex-source-audit,2026-06-28,EIN=222133285,exact-shared-ein-dark-money-intermediary-v1,0.9500,"reviewed exact-identifier slice from cross-venue adjudication; broader source-product, source-readiness, and calibrated policy-simulation gates remain blocked until row-count, issue-comparability, false-match, and observed pre/post comparison requirements pass"
cand-08d8a12e7fe4,INTERNATIONAL HYDRALYZED PROTEIN COUNCIL,reviewed_nonprofit_or_intermediary,not_observed_in_reviewed_exact_id_slice,not_observed_in_reviewed_exact_id_slice,not_observed_in_reviewed_exact_id_slice,not_observed_in_reviewed_exact_id_slice,521091972,IRS/ProPublica dark-money bridge; Intermediary bridge,not_reviewed_for_parent_subsidiary_scope,not_reviewed_for_jurisdiction_scope,not_reviewed_for_jurisdiction_scope,reviewed_exact_identifier_match,codex-source-audit,2026-06-28,EIN=521091972,exact-shared-ein-dark-money-intermediary-v1,0.9500,"reviewed exact-identifier slice from cross-venue adjudication; broader source-product, source-readiness, and calibrated policy-simulation gates remain blocked until row-count, issue-comparability, false-match, and observed pre/post comparison requirements pass"
cand-9fb8b027b3a4,INTERNATIONAL LIQUID TERMINALS ASSOCIATION,reviewed_nonprofit_or_intermediary,not_observed_in_reviewed_exact_id_slice,not_observed_in_reviewed_exact_id_slice,not_observed_in_reviewed_exact_id_slice,not_observed_in_reviewed_exact_id_slice,521038765,IRS/ProPublica dark-money bridge; Intermediary bridge,not_reviewed_for_parent_subsidiary_scope,not_reviewed_for_jurisdiction_scope,not_reviewed_for_jurisdiction_scope,reviewed_exact_identifier_match,codex-source-audit,2026-06-28,EIN=521038765,exact-shared-ein-dark-money-intermediary-v1,0.9500,"reviewed exact-identifier slice from cross-venue adjudication; broader source-product, source-readiness, and calibrated policy-simulation gates remain blocked until row-count, issue-comparability, false-match, and observed pre/post comparison requirements pass"
cand-587f9cff773a,INTERNATIONAL SEA GLASS ASSOCIATION INC,reviewed_nonprofit_or_intermediary,not_observed_in_reviewed_exact_id_slice,not_observed_in_reviewed_exact_id_slice,not_observed_in_reviewed_exact_id_slice,not_observed_in_reviewed_exact_id_slice,205383052,IRS/ProPublica dark-money bridge; Intermediary bridge,not_reviewed_for_parent_subsidiary_scope,not_reviewed_for_jurisdiction_scope,not_reviewed_for_jurisdiction_scope,reviewed_exact_identifier_match,codex-source-audit,2026-06-28,EIN=205383052,exact-shared-ein-dark-money-intermediary-v1,0.9500,"reviewed exact-identifier slice from cross-venue adjudication; broader source-product, source-readiness, and calibrated policy-simulation gates remain blocked until row-count, issue-comparability, false-match, and observed pre/post comparison requirements pass"
cand-377418c6fb1a,INTERNATIONAL SEALING DISTRIBUTION ASSOCIATION,reviewed_nonprofit_or_intermediary,not_observed_in_reviewed_exact_id_slice,not_observed_in_reviewed_exact_id_slice,not_observed_in_reviewed_exact_id_slice,not_observed_in_reviewed_exact_id_slice,411722960,IRS/ProPublica dark-money bridge; Intermediary bridge,not_reviewed_for_parent_subsidiary_scope,not_reviewed_for_jurisdiction_scope,not_reviewed_for_jurisdiction_scope,reviewed_exact_identifier_match,codex-source-audit,2026-06-28,EIN=411722960,exact-shared-ein-dark-money-intermediary-v1,0.9500,"reviewed exact-identifier slice from cross-venue adjudication; broader source-product, source-readiness, and calibrated policy-simulation gates remain blocked until row-count, issue-comparability, false-match, and observed pre/post comparison requirements pass"
cand-64eb180b9a40,INTERNATIONAL TECHNICAL CARAMEL ASSOCIATION INC,reviewed_nonprofit_or_intermediary,not_observed_in_reviewed_exact_id_slice,not_observed_in_reviewed_exact_id_slice,not_observed_in_reviewed_exact_id_slice,not_observed_in_reviewed_exact_id_slice,521072092,IRS/ProPublica dark-money bridge; Intermediary bridge,not_reviewed_for_parent_subsidiary_scope,not_reviewed_for_jurisdiction_scope,not_reviewed_for_jurisdiction_scope,reviewed_exact_identifier_match,codex-source-audit,2026-06-28,EIN=521072092,exact-shared-ein-dark-money-intermediary-v1,0.9500,"reviewed exact-identifier slice from cross-venue adjudication; broader source-product, source-readiness, and calibrated policy-simulation gates remain blocked until row-count, issue-comparability, false-match, and observed pre/post comparison requirements pass"
cand-aea7a37c8f81,INTERNATIONAL TRADE COMMISSION TRIAL LAWYERS ASSOCIATION,reviewed_nonprofit_or_intermediary,not_observed_in_reviewed_exact_id_slice,not_observed_in_reviewed_exact_id_slice,not_observed_in_reviewed_exact_id_slice,not_observed_in_reviewed_exact_id_slice,521411407,IRS/ProPublica dark-money bridge; Intermediary bridge,not_reviewed_for_parent_subsidiary_scope,not_reviewed_for_jurisdiction_scope,not_reviewed_for_jurisdiction_scope,reviewed_exact_identifier_match,codex-source-audit,2026-06-28,EIN=521411407,exact-shared-ein-dark-money-intermediary-v1,0.9500,"reviewed exact-identifier slice from cross-venue adjudication; broader source-product, source-readiness, and calibrated policy-simulation gates remain blocked until row-count, issue-comparability, false-match, and observed pre/post comparison requirements pass"
cand-97885a307768,INTERNATIONAL VALVE SPRING WIRE MANUFACTURERS ASSOCIATION,reviewed_nonprofit_or_intermediary,not_observed_in_reviewed_exact_id_slice,not_observed_in_reviewed_exact_id_slice,not_observed_in_reviewed_exact_id_slice,not_observed_in_reviewed_exact_id_slice,521483835,IRS/ProPublica dark-money bridge; Intermediary bridge,not_reviewed_for_parent_subsidiary_scope,not_reviewed_for_jurisdiction_scope,not_reviewed_for_jurisdiction_scope,reviewed_exact_identifier_match,codex-source-audit,2026-06-28,EIN=521483835,exact-shared-ein-dark-money-intermediary-v1,0.9500,"reviewed exact-identifier slice from cross-venue adjudication; broader source-product, source-readiness, and calibrated policy-simulation gates remain blocked until row-count, issue-comparability, false-match, and observed pre/post comparison requirements pass"
cand-54cc89147873,INVESTMENT ADVISER ASSOCIATION,reviewed_nonprofit_or_intermediary,not_observed_in_reviewed_exact_id_slice,not_observed_in_reviewed_exact_id_slice,not_observed_in_reviewed_exact_id_slice,not_observed_in_reviewed_exact_id_slice,136130873,IRS/ProPublica dark-money bridge; Intermediary bridge,not_reviewed_for_parent_subsidiary_scope,not_reviewed_for_jurisdiction_scope,not_reviewed_for_jurisdiction_scope,reviewed_exact_identifier_match,codex-source-audit,2026-06-28,EIN=136130873,exact-shared-ein-dark-money-intermediary-v1,0.9500,"reviewed exact-identifier slice from cross-venue adjudication; broader source-product, source-readiness, and calibrated policy-simulation gates remain blocked until row-count, issue-comparability, false-match, and observed pre/post comparison requirements pass"
cand-42ee0d4c22b9,INVESTMENT COMPANY INSTITUTE,reviewed_nonprofit_or_intermediary,not_observed_in_reviewed_exact_id_slice,not_observed_in_reviewed_exact_id_slice,not_observed_in_reviewed_exact_id_slice,not_observed_in_reviewed_exact_id_slice,135266605,IRS/ProPublica dark-money bridge; Intermediary bridge,not_reviewed_for_parent_subsidiary_scope,not_reviewed_for_jurisdiction_scope,not_reviewed_for_jurisdiction_scope,reviewed_exact_identifier_match,codex-source-audit,2026-06-28,EIN=135266605,exact-shared-ein-dark-money-intermediary-v1,0.9500,"reviewed exact-identifier slice from cross-venue adjudication; broader source-product, source-readiness, and calibrated policy-simulation gates remain blocked until row-count, issue-comparability, false-match, and observed pre/post comparison requirements pass"
cand-3cd3309719f3,JUSTICE ACTION NETWORK,reviewed_nonprofit_or_intermediary,not_observed_in_reviewed_exact_id_slice,not_observed_in_reviewed_exact_id_slice,not_observed_in_reviewed_exact_id_slice,not_observed_in_reviewed_exact_id_slice,472975432,IRS/ProPublica dark-money bridge; Intermediary bridge,not_reviewed_for_parent_subsidiary_scope,not_reviewed_for_jurisdiction_scope,not_reviewed_for_jurisdiction_scope,reviewed_exact_identifier_match,codex-source-audit,2026-06-28,EIN=472975432,exact-shared-ein-dark-money-intermediary-v1,0.9500,"reviewed exact-identifier slice from cross-venue adjudication; broader source-product, source-readiness, and calibrated policy-simulation gates remain blocked until row-count, issue-comparability, false-match, and observed pre/post comparison requirements pass"
cand-6e85a24df8b0,KOREA ECONOMIC INSTITUTE OF AMERICA,reviewed_nonprofit_or_intermediary,not_observed_in_reviewed_exact_id_slice,not_observed_in_reviewed_exact_id_slice,not_observed_in_reviewed_exact_id_slice,not_observed_in_reviewed_exact_id_slice,521238765,IRS/ProPublica dark-money bridge; Intermediary bridge,not_reviewed_for_parent_subsidiary_scope,not_reviewed_for_jurisdiction_scope,not_reviewed_for_jurisdiction_scope,reviewed_exact_identifier_match,codex-source-audit,2026-06-28,EIN=521238765,exact-shared-ein-dark-money-intermediary-v1,0.9500,"reviewed exact-identifier slice from cross-venue adjudication; broader source-product, source-readiness, and calibrated policy-simulation gates remain blocked until row-count, issue-comparability, false-match, and observed pre/post comparison requirements pass"
cand-141a459de804,LARGE PUBLIC POWER COUNCIL,reviewed_nonprofit_or_intermediary,not_observed_in_reviewed_exact_id_slice,not_observed_in_reviewed_exact_id_slice,not_observed_in_reviewed_exact_id_slice,not_observed_in_reviewed_exact_id_slice,061242756,IRS/ProPublica dark-money bridge; Intermediary bridge,not_reviewed_for_parent_subsidiary_scope,not_reviewed_for_jurisdiction_scope,not_reviewed_for_jurisdiction_scope,reviewed_exact_identifier_match,codex-source-audit,2026-06-28,EIN=061242756,exact-shared-ein-dark-money-intermediary-v1,0.9500,"reviewed exact-identifier slice from cross-venue adjudication; broader source-product, source-readiness, and calibrated policy-simulation gates remain blocked until row-count, issue-comparability, false-match, and observed pre/post comparison requirements pass"
cand-a2c9585d951b,LATINO CORPORATE DIRECTORS ASSOCIATION,reviewed_nonprofit_or_intermediary,not_observed_in_reviewed_exact_id_slice,not_observed_in_reviewed_exact_id_slice,not_observed_in_reviewed_exact_id_slice,not_observed_in_reviewed_exact_id_slice,461866372,IRS/ProPublica dark-money bridge; Intermediary bridge,not_reviewed_for_parent_subsidiary_scope,not_reviewed_for_jurisdiction_scope,not_reviewed_for_jurisdiction_scope,reviewed_exact_identifier_match,codex-source-audit,2026-06-28,EIN=461866372,exact-shared-ein-dark-money-intermediary-v1,0.9500,"reviewed exact-identifier slice from cross-venue adjudication; broader source-product, source-readiness, and calibrated policy-simulation gates remain blocked until row-count, issue-comparability, false-match, and observed pre/post comparison requirements pass"
cand-9c4258565aba,LIGHTER ASSOCIATION INC,reviewed_nonprofit_or_intermediary,not_observed_in_reviewed_exact_id_slice,not_observed_in_reviewed_exact_id_slice,not_observed_in_reviewed_exact_id_slice,not_observed_in_reviewed_exact_id_slice,521498417,IRS/ProPublica dark-money bridge; Intermediary bridge,not_reviewed_for_parent_subsidiary_scope,not_reviewed_for_jurisdiction_scope,not_reviewed_for_jurisdiction_scope,reviewed_exact_identifier_match,codex-source-audit,2026-06-28,EIN=521498417,exact-shared-ein-dark-money-intermediary-v1,0.9500,"reviewed exact-identifier slice from cross-venue adjudication; broader source-product, source-readiness, and calibrated policy-simulation gates remain blocked until row-count, issue-comparability, false-match, and observed pre/post comparison requirements pass"
cand-fd84d9554a12,LONE STAR ENERGY STORAGE ALLIANCE,reviewed_nonprofit_or_intermediary,not_observed_in_reviewed_exact_id_slice,not_observed_in_reviewed_exact_id_slice,not_observed_in_reviewed_exact_id_slice,not_observed_in_reviewed_exact_id_slice,332202405,IRS/ProPublica dark-money bridge; Intermediary bridge,not_reviewed_for_parent_subsidiary_scope,not_reviewed_for_jurisdiction_scope,not_reviewed_for_jurisdiction_scope,reviewed_exact_identifier_match,codex-source-audit,2026-06-28,EIN=332202405,exact-shared-ein-dark-money-intermediary-v1,0.9500,"reviewed exact-identifier slice from cross-venue adjudication; broader source-product, source-readiness, and calibrated policy-simulation gates remain blocked until row-count, issue-comparability, false-match, and observed pre/post comparison requirements pass"
cand-beb734416ad7,MANUFACTURED HOUSING ASSOCIATION FOR REGULATORY REFORM,reviewed_nonprofit_or_intermediary,not_observed_in_reviewed_exact_id_slice,not_observed_in_reviewed_exact_id_slice,not_observed_in_reviewed_exact_id_slice,not_observed_in_reviewed_exact_id_slice,521402909,IRS/ProPublica dark-money bridge; Intermediary bridge,not_reviewed_for_parent_subsidiary_scope,not_reviewed_for_jurisdiction_scope,not_reviewed_for_jurisdiction_scope,reviewed_exact_identifier_match,codex-source-audit,2026-06-28,EIN=521402909,exact-shared-ein-dark-money-intermediary-v1,0.9500,"reviewed exact-identifier slice from cross-venue adjudication; broader source-product, source-readiness, and calibrated policy-simulation gates remain blocked until row-count, issue-comparability, false-match, and observed pre/post comparison requirements pass"
cand-1b6c2c019c9f,MARITIME INSTITUTE FOR RESEARCH AND INDUSTRIAL DEVELOPMENT,reviewed_nonprofit_or_intermediary,not_observed_in_reviewed_exact_id_slice,not_observed_in_reviewed_exact_id_slice,not_observed_in_reviewed_exact_id_slice,not_observed_in_reviewed_exact_id_slice,521171303,IRS/ProPublica dark-money bridge; Intermediary bridge,not_reviewed_for_parent_subsidiary_scope,not_reviewed_for_jurisdiction_scope,not_reviewed_for_jurisdiction_scope,reviewed_exact_identifier_match,codex-source-audit,2026-06-28,EIN=521171303,exact-shared-ein-dark-money-intermediary-v1,0.9500,"reviewed exact-identifier slice from cross-venue adjudication; broader source-product, source-readiness, and calibrated policy-simulation gates remain blocked until row-count, issue-comparability, false-match, and observed pre/post comparison requirements pass"
cand-29ce4f6c9366,MDV SOLAR ENERGY INDUSTRY ASSOCIATION,reviewed_nonprofit_or_intermediary,not_observed_in_reviewed_exact_id_slice,not_observed_in_reviewed_exact_id_slice,not_observed_in_reviewed_exact_id_slice,not_observed_in_reviewed_exact_id_slice,521373539,IRS/ProPublica dark-money bridge; Intermediary bridge,not_reviewed_for_parent_subsidiary_scope,not_reviewed_for_jurisdiction_scope,not_reviewed_for_jurisdiction_scope,reviewed_exact_identifier_match,codex-source-audit,2026-06-28,EIN=521373539,exact-shared-ein-dark-money-intermediary-v1,0.9500,"reviewed exact-identifier slice from cross-venue adjudication; broader source-product, source-readiness, and calibrated policy-simulation gates remain blocked until row-count, issue-comparability, false-match, and observed pre/post comparison requirements pass"
cand-f16ad590e1e2,MEAT IMPORT COUNCIL OF AMERICA INC,reviewed_nonprofit_or_intermediary,not_observed_in_reviewed_exact_id_slice,not_observed_in_reviewed_exact_id_slice,not_observed_in_reviewed_exact_id_slice,not_observed_in_reviewed_exact_id_slice,136174442,IRS/ProPublica dark-money bridge; Intermediary bridge,not_reviewed_for_parent_subsidiary_scope,not_reviewed_for_jurisdiction_scope,not_reviewed_for_jurisdiction_scope,reviewed_exact_identifier_match,codex-source-audit,2026-06-28,EIN=136174442,exact-shared-ein-dark-money-intermediary-v1,0.9500,"reviewed exact-identifier slice from cross-venue adjudication; broader source-product, source-readiness, and calibrated policy-simulation gates remain blocked until row-count, issue-comparability, false-match, and observed pre/post comparison requirements pass"
cand-0920cb1e8919,MID-ATLANTIC VENTURE ASSOCIATION INC BALTIMORE-WASHINGTON CHAPTER,reviewed_nonprofit_or_intermediary,not_observed_in_reviewed_exact_id_slice,not_observed_in_reviewed_exact_id_slice,not_observed_in_reviewed_exact_id_slice,not_observed_in_reviewed_exact_id_slice,521565676,IRS/ProPublica dark-money bridge; Intermediary bridge,not_reviewed_for_parent_subsidiary_scope,not_reviewed_for_jurisdiction_scope,not_reviewed_for_jurisdiction_scope,reviewed_exact_identifier_match,codex-source-audit,2026-06-28,EIN=521565676,exact-shared-ein-dark-money-intermediary-v1,0.9500,"reviewed exact-identifier slice from cross-venue adjudication; broader source-product, source-readiness, and calibrated policy-simulation gates remain blocked until row-count, issue-comparability, false-match, and observed pre/post comparison requirements pass"
cand-4be04be2ac1f,MODIFICATION AND REPLACEMENT PARTS ASSOCIATION INC,reviewed_nonprofit_or_intermediary,not_observed_in_reviewed_exact_id_slice,not_observed_in_reviewed_exact_id_slice,not_observed_in_reviewed_exact_id_slice,not_observed_in_reviewed_exact_id_slice,260499742,IRS/ProPublica dark-money bridge; Intermediary bridge,not_reviewed_for_parent_subsidiary_scope,not_reviewed_for_jurisdiction_scope,not_reviewed_for_jurisdiction_scope,reviewed_exact_identifier_match,codex-source-audit,2026-06-28,EIN=260499742,exact-shared-ein-dark-money-intermediary-v1,0.9500,"reviewed exact-identifier slice from cross-venue adjudication; broader source-product, source-readiness, and calibrated policy-simulation gates remain blocked until row-count, issue-comparability, false-match, and observed pre/post comparison requirements pass"
cand-a3291e7ddf95,MORTGAGE BANKERS ASSOCIATION OF AMERICA,reviewed_nonprofit_or_intermediary,not_observed_in_reviewed_exact_id_slice,not_observed_in_reviewed_exact_id_slice,not_observed_in_reviewed_exact_id_slice,not_observed_in_reviewed_exact_id_slice,361505650,IRS/ProPublica dark-money bridge; Intermediary bridge,not_reviewed_for_parent_subsidiary_scope,not_reviewed_for_jurisdiction_scope,not_reviewed_for_jurisdiction_scope,reviewed_exact_identifier_match,codex-source-audit,2026-06-28,EIN=361505650,exact-shared-ein-dark-money-intermediary-v1,0.9500,"reviewed exact-identifier slice from cross-venue adjudication; broader source-product, source-readiness, and calibrated policy-simulation gates remain blocked until row-count, issue-comparability, false-match, and observed pre/post comparison requirements pass"
cand-1392add461a1,NATIONAL AFRICAN-AMERICAN INSURANCE ASSOCIATION,reviewed_nonprofit_or_intermediary,not_observed_in_reviewed_exact_id_slice,not_observed_in_reviewed_exact_id_slice,not_observed_in_reviewed_exact_id_slice,not_observed_in_reviewed_exact_id_slice,311471178,IRS/ProPublica dark-money bridge; Intermediary bridge,not_reviewed_for_parent_subsidiary_scope,not_reviewed_for_jurisdiction_scope,not_reviewed_for_jurisdiction_scope,reviewed_exact_identifier_match,codex-source-audit,2026-06-28,EIN=311471178,exact-shared-ein-dark-money-intermediary-v1,0.9500,"reviewed exact-identifier slice from cross-venue adjudication; broader source-product, source-readiness, and calibrated policy-simulation gates remain blocked until row-count, issue-comparability, false-match, and observed pre/post comparison requirements pass"
cand-63115faf9766,NATIONAL ALLIANCE OF FOREST OWNERS,reviewed_nonprofit_or_intermediary,not_observed_in_reviewed_exact_id_slice,not_observed_in_reviewed_exact_id_slice,not_observed_in_reviewed_exact_id_slice,not_observed_in_reviewed_exact_id_slice,262095012,IRS/ProPublica dark-money bridge; Intermediary bridge,not_reviewed_for_parent_subsidiary_scope,not_reviewed_for_jurisdiction_scope,not_reviewed_for_jurisdiction_scope,reviewed_exact_identifier_match,codex-source-audit,2026-06-28,EIN=262095012,exact-shared-ein-dark-money-intermediary-v1,0.9500,"reviewed exact-identifier slice from cross-venue adjudication; broader source-product, source-readiness, and calibrated policy-simulation gates remain blocked until row-count, issue-comparability, false-match, and observed pre/post comparison requirements pass"
cand-703c84534b94,NATIONAL ASIAN & PACIFIC ISLANDER AMERICAN CHAMBER OF COMMERCE & ENT,reviewed_nonprofit_or_intermediary,not_observed_in_reviewed_exact_id_slice,not_observed_in_reviewed_exact_id_slice,not_observed_in_reviewed_exact_id_slice,not_observed_in_reviewed_exact_id_slice,462071116,IRS/ProPublica dark-money bridge; Intermediary bridge,not_reviewed_for_parent_subsidiary_scope,not_reviewed_for_jurisdiction_scope,not_reviewed_for_jurisdiction_scope,reviewed_exact_identifier_match,codex-source-audit,2026-06-28,EIN=462071116,exact-shared-ein-dark-money-intermediary-v1,0.9500,"reviewed exact-identifier slice from cross-venue adjudication; broader source-product, source-readiness, and calibrated policy-simulation gates remain blocked until row-count, issue-comparability, false-match, and observed pre/post comparison requirements pass"
cand-08d64d221941,NATIONAL ASSOC OF EPILEPSY CENTERS,reviewed_nonprofit_or_intermediary,not_observed_in_reviewed_exact_id_slice,not_observed_in_reviewed_exact_id_slice,not_observed_in_reviewed_exact_id_slice,not_observed_in_reviewed_exact_id_slice,411596217,IRS/ProPublica dark-money bridge; Intermediary bridge,not_reviewed_for_parent_subsidiary_scope,not_reviewed_for_jurisdiction_scope,not_reviewed_for_jurisdiction_scope,reviewed_exact_identifier_match,codex-source-audit,2026-06-28,EIN=411596217,exact-shared-ein-dark-money-intermediary-v1,0.9500,"reviewed exact-identifier slice from cross-venue adjudication; broader source-product, source-readiness, and calibrated policy-simulation gates remain blocked until row-count, issue-comparability, false-match, and observed pre/post comparison requirements pass"
cand-f4de3a619e3c,NATIONAL ASSOCIATION FOR BEHAVIORAL HEALTHCARE,reviewed_nonprofit_or_intermediary,not_observed_in_reviewed_exact_id_slice,not_observed_in_reviewed_exact_id_slice,not_observed_in_reviewed_exact_id_slice,not_observed_in_reviewed_exact_id_slice,221661978,IRS/ProPublica dark-money bridge; Intermediary bridge,not_reviewed_for_parent_subsidiary_scope,not_reviewed_for_jurisdiction_scope,not_reviewed_for_jurisdiction_scope,reviewed_exact_identifier_match,codex-source-audit,2026-06-28,EIN=221661978,exact-shared-ein-dark-money-intermediary-v1,0.9500,"reviewed exact-identifier slice from cross-venue adjudication; broader source-product, source-readiness, and calibrated policy-simulation gates remain blocked until row-count, issue-comparability, false-match, and observed pre/post comparison requirements pass"
cand-9c4a6dde7214,NATIONAL ASSOCIATION FOR BIOMEDICAL RESEARCH,reviewed_nonprofit_or_intermediary,not_observed_in_reviewed_exact_id_slice,not_observed_in_reviewed_exact_id_slice,not_observed_in_reviewed_exact_id_slice,not_observed_in_reviewed_exact_id_slice,042688181,IRS/ProPublica dark-money bridge; Intermediary bridge,not_reviewed_for_parent_subsidiary_scope,not_reviewed_for_jurisdiction_scope,not_reviewed_for_jurisdiction_scope,reviewed_exact_identifier_match,codex-source-audit,2026-06-28,EIN=042688181,exact-shared-ein-dark-money-intermediary-v1,0.9500,"reviewed exact-identifier slice from cross-venue adjudication; broader source-product, source-readiness, and calibrated policy-simulation gates remain blocked until row-count, issue-comparability, false-match, and observed pre/post comparison requirements pass"
cand-9a6e44184e77,NATIONAL ASSOCIATION FOR BUSINESS ECONOMICS,reviewed_nonprofit_or_intermediary,not_observed_in_reviewed_exact_id_slice,not_observed_in_reviewed_exact_id_slice,not_observed_in_reviewed_exact_id_slice,not_observed_in_reviewed_exact_id_slice,136133105,IRS/ProPublica dark-money bridge; Intermediary bridge,not_reviewed_for_parent_subsidiary_scope,not_reviewed_for_jurisdiction_scope,not_reviewed_for_jurisdiction_scope,reviewed_exact_identifier_match,codex-source-audit,2026-06-28,EIN=136133105,exact-shared-ein-dark-money-intermediary-v1,0.9500,"reviewed exact-identifier slice from cross-venue adjudication; broader source-product, source-readiness, and calibrated policy-simulation gates remain blocked until row-count, issue-comparability, false-match, and observed pre/post comparison requirements pass"
cand-50d472e893d8,NATIONAL ASSOCIATION FOR SURFACE FINISHING INC,reviewed_nonprofit_or_intermediary,not_observed_in_reviewed_exact_id_slice,not_observed_in_reviewed_exact_id_slice,not_observed_in_reviewed_exact_id_slice,not_observed_in_reviewed_exact_id_slice,352013643,IRS/ProPublica dark-money bridge; Intermediary bridge,not_reviewed_for_parent_subsidiary_scope,not_reviewed_for_jurisdiction_scope,not_reviewed_for_jurisdiction_scope,reviewed_exact_identifier_match,codex-source-audit,2026-06-28,EIN=352013643,exact-shared-ein-dark-money-intermediary-v1,0.9500,"reviewed exact-identifier slice from cross-venue adjudication; broader source-product, source-readiness, and calibrated policy-simulation gates remain blocked until row-count, issue-comparability, false-match, and observed pre/post comparison requirements pass"
cand-ece7ad8325da,NATIONAL ASSOCIATION OF ACOS,reviewed_nonprofit_or_intermediary,not_observed_in_reviewed_exact_id_slice,not_observed_in_reviewed_exact_id_slice,not_observed_in_reviewed_exact_id_slice,not_observed_in_reviewed_exact_id_slice,461581524,IRS/ProPublica dark-money bridge; Intermediary bridge,not_reviewed_for_parent_subsidiary_scope,not_reviewed_for_jurisdiction_scope,not_reviewed_for_jurisdiction_scope,reviewed_exact_identifier_match,codex-source-audit,2026-06-28,EIN=461581524,exact-shared-ein-dark-money-intermediary-v1,0.9500,"reviewed exact-identifier slice from cross-venue adjudication; broader source-product, source-readiness, and calibrated policy-simulation gates remain blocked until row-count, issue-comparability, false-match, and observed pre/post comparison requirements pass"
cand-7757e3fa2437,NATIONAL ASSOCIATION OF BENEFITS AND INSURANCE PROFESSIONALS,reviewed_nonprofit_or_intermediary,not_observed_in_reviewed_exact_id_slice,not_observed_in_reviewed_exact_id_slice,not_observed_in_reviewed_exact_id_slice,not_observed_in_reviewed_exact_id_slice,362144394,IRS/ProPublica dark-money bridge; Intermediary bridge,not_reviewed_for_parent_subsidiary_scope,not_reviewed_for_jurisdiction_scope,not_reviewed_for_jurisdiction_scope,reviewed_exact_identifier_match,codex-source-audit,2026-06-28,EIN=362144394,exact-shared-ein-dark-money-intermediary-v1,0.9500,"reviewed exact-identifier slice from cross-venue adjudication; broader source-product, source-readiness, and calibrated policy-simulation gates remain blocked until row-count, issue-comparability, false-match, and observed pre/post comparison requirements pass"
cand-fb17b8703aa7,NATIONAL ASSOCIATION OF BOND LAWYERS,reviewed_nonprofit_or_intermediary,not_observed_in_reviewed_exact_id_slice,not_observed_in_reviewed_exact_id_slice,not_observed_in_reviewed_exact_id_slice,not_observed_in_reviewed_exact_id_slice,363016503,IRS/ProPublica dark-money bridge; Intermediary bridge,not_reviewed_for_parent_subsidiary_scope,not_reviewed_for_jurisdiction_scope,not_reviewed_for_jurisdiction_scope,reviewed_exact_identifier_match,codex-source-audit,2026-06-28,EIN=363016503,exact-shared-ein-dark-money-intermediary-v1,0.9500,"reviewed exact-identifier slice from cross-venue adjudication; broader source-product, source-readiness, and calibrated policy-simulation gates remain blocked until row-count, issue-comparability, false-match, and observed pre/post comparison requirements pass"
cand-23f044c3ccca,NATIONAL ASSOCIATION OF CLEAN WATER AGENCIES,reviewed_nonprofit_or_intermediary,not_observed_in_reviewed_exact_id_slice,not_observed_in_reviewed_exact_id_slice,not_observed_in_reviewed_exact_id_slice,not_observed_in_reviewed_exact_id_slice,237088488,IRS/ProPublica dark-money bridge; Intermediary bridge,not_reviewed_for_parent_subsidiary_scope,not_reviewed_for_jurisdiction_scope,not_reviewed_for_jurisdiction_scope,reviewed_exact_identifier_match,codex-source-audit,2026-06-28,EIN=237088488,exact-shared-ein-dark-money-intermediary-v1,0.9500,"reviewed exact-identifier slice from cross-venue adjudication; broader source-product, source-readiness, and calibrated policy-simulation gates remain blocked until row-count, issue-comparability, false-match, and observed pre/post comparison requirements pass"
cand-11781c61dfc3,NATIONAL ASSOCIATION OF CONSUMER ADVOCATES INC,reviewed_nonprofit_or_intermediary,not_observed_in_reviewed_exact_id_slice,not_observed_in_reviewed_exact_id_slice,not_observed_in_reviewed_exact_id_slice,not_observed_in_reviewed_exact_id_slice,043239354,IRS/ProPublica dark-money bridge; Intermediary bridge,not_reviewed_for_parent_subsidiary_scope,not_reviewed_for_jurisdiction_scope,not_reviewed_for_jurisdiction_scope,reviewed_exact_identifier_match,codex-source-audit,2026-06-28,EIN=043239354,exact-shared-ein-dark-money-intermediary-v1,0.9500,"reviewed exact-identifier slice from cross-venue adjudication; broader source-product, source-readiness, and calibrated policy-simulation gates remain blocked until row-count, issue-comparability, false-match, and observed pre/post comparison requirements pass"
cand-1086fcbf035f,NATIONAL ASSOCIATION OF COUNTY ADMINISTRATORS INC,reviewed_nonprofit_or_intermediary,not_observed_in_reviewed_exact_id_slice,not_observed_in_reviewed_exact_id_slice,not_observed_in_reviewed_exact_id_slice,not_observed_in_reviewed_exact_id_slice,521557554,IRS/ProPublica dark-money bridge; Intermediary bridge,not_reviewed_for_parent_subsidiary_scope,not_reviewed_for_jurisdiction_scope,not_reviewed_for_jurisdiction_scope,reviewed_exact_identifier_match,codex-source-audit,2026-06-28,EIN=521557554,exact-shared-ein-dark-money-intermediary-v1,0.9500,"reviewed exact-identifier slice from cross-venue adjudication; broader source-product, source-readiness, and calibrated policy-simulation gates remain blocked until row-count, issue-comparability, false-match, and observed pre/post comparison requirements pass"
cand-171c299ca4a3,NATIONAL ASSOCIATION OF COUNTY VETERANS SERVICE OFFICERS,reviewed_nonprofit_or_intermediary,not_observed_in_reviewed_exact_id_slice,not_observed_in_reviewed_exact_id_slice,not_observed_in_reviewed_exact_id_slice,not_observed_in_reviewed_exact_id_slice,382942975,IRS/ProPublica dark-money bridge; Intermediary bridge,not_reviewed_for_parent_subsidiary_scope,not_reviewed_for_jurisdiction_scope,not_reviewed_for_jurisdiction_scope,reviewed_exact_identifier_match,codex-source-audit,2026-06-28,EIN=382942975,exact-shared-ein-dark-money-intermediary-v1,0.9500,"reviewed exact-identifier slice from cross-venue adjudication; broader source-product, source-readiness, and calibrated policy-simulation gates remain blocked until row-count, issue-comparability, false-match, and observed pre/post comparison requirements pass"
cand-e04db6f78c30,NATIONAL ASSOCIATION OF DEVELOPMENT ORGANIZATIONS,reviewed_nonprofit_or_intermediary,not_observed_in_reviewed_exact_id_slice,not_observed_in_reviewed_exact_id_slice,not_observed_in_reviewed_exact_id_slice,not_observed_in_reviewed_exact_id_slice,411261188,IRS/ProPublica dark-money bridge; Intermediary bridge,not_reviewed_for_parent_subsidiary_scope,not_reviewed_for_jurisdiction_scope,not_reviewed_for_jurisdiction_scope,reviewed_exact_identifier_match,codex-source-audit,2026-06-28,EIN=411261188,exact-shared-ein-dark-money-intermediary-v1,0.9500,"reviewed exact-identifier slice from cross-venue adjudication; broader source-product, source-readiness, and calibrated policy-simulation gates remain blocked until row-count, issue-comparability, false-match, and observed pre/post comparison requirements pass"
cand-5523acae645f,NATIONAL ASSOCIATION OF ENERGY SERVICE COMPANIES,reviewed_nonprofit_or_intermediary,not_observed_in_reviewed_exact_id_slice,not_observed_in_reviewed_exact_id_slice,not_observed_in_reviewed_exact_id_slice,not_observed_in_reviewed_exact_id_slice,521318222,IRS/ProPublica dark-money bridge; Intermediary bridge,not_reviewed_for_parent_subsidiary_scope,not_reviewed_for_jurisdiction_scope,not_reviewed_for_jurisdiction_scope,reviewed_exact_identifier_match,codex-source-audit,2026-06-28,EIN=521318222,exact-shared-ein-dark-money-intermediary-v1,0.9500,"reviewed exact-identifier slice from cross-venue adjudication; broader source-product, source-readiness, and calibrated policy-simulation gates remain blocked until row-count, issue-comparability, false-match, and observed pre/post comparison requirements pass"
cand-08cb26682005,NATIONAL ASSOCIATION OF ENROLLED AGENTS,reviewed_nonprofit_or_intermediary,not_observed_in_reviewed_exact_id_slice,not_observed_in_reviewed_exact_id_slice,not_observed_in_reviewed_exact_id_slice,not_observed_in_reviewed_exact_id_slice,237183380,IRS/ProPublica dark-money bridge; Intermediary bridge,not_reviewed_for_parent_subsidiary_scope,not_reviewed_for_jurisdiction_scope,not_reviewed_for_jurisdiction_scope,reviewed_exact_identifier_match,codex-source-audit,2026-06-28,EIN=237183380,exact-shared-ein-dark-money-intermediary-v1,0.9500,"reviewed exact-identifier slice from cross-venue adjudication; broader source-product, source-readiness, and calibrated policy-simulation gates remain blocked until row-count, issue-comparability, false-match, and observed pre/post comparison requirements pass"
cand-e7eab27f5b76,NATIONAL ASSOCIATION OF FEDERALLY IMPACTED SCHOOLS,reviewed_nonprofit_or_intermediary,not_observed_in_reviewed_exact_id_slice,not_observed_in_reviewed_exact_id_slice,not_observed_in_reviewed_exact_id_slice,not_observed_in_reviewed_exact_id_slice,237257037,IRS/ProPublica dark-money bridge; Intermediary bridge,not_reviewed_for_parent_subsidiary_scope,not_reviewed_for_jurisdiction_scope,not_reviewed_for_jurisdiction_scope,reviewed_exact_identifier_match,codex-source-audit,2026-06-28,EIN=237257037,exact-shared-ein-dark-money-intermediary-v1,0.9500,"reviewed exact-identifier slice from cross-venue adjudication; broader source-product, source-readiness, and calibrated policy-simulation gates remain blocked until row-count, issue-comparability, false-match, and observed pre/post comparison requirements pass"
cand-ca0bf65c187d,NATIONAL ASSOCIATION OF FOREIGN,reviewed_nonprofit_or_intermediary,not_observed_in_reviewed_exact_id_slice,not_observed_in_reviewed_exact_id_slice,not_observed_in_reviewed_exact_id_slice,not_observed_in_reviewed_exact_id_slice,237417702,IRS/ProPublica dark-money bridge; Intermediary bridge,not_reviewed_for_parent_subsidiary_scope,not_reviewed_for_jurisdiction_scope,not_reviewed_for_jurisdiction_scope,reviewed_exact_identifier_match,codex-source-audit,2026-06-28,EIN=237417702,exact-shared-ein-dark-money-intermediary-v1,0.9500,"reviewed exact-identifier slice from cross-venue adjudication; broader source-product, source-readiness, and calibrated policy-simulation gates remain blocked until row-count, issue-comparability, false-match, and observed pre/post comparison requirements pass"
cand-491f62a2d338,NATIONAL ASSOCIATION OF GOVERNMENT ARCHIVES AND RECORDS ADMINISTRATIO,reviewed_nonprofit_or_intermediary,not_observed_in_reviewed_exact_id_slice,not_observed_in_reviewed_exact_id_slice,not_observed_in_reviewed_exact_id_slice,not_observed_in_reviewed_exact_id_slice,141665466,IRS/ProPublica dark-money bridge; Intermediary bridge,not_reviewed_for_parent_subsidiary_scope,not_reviewed_for_jurisdiction_scope,not_reviewed_for_jurisdiction_scope,reviewed_exact_identifier_match,codex-source-audit,2026-06-28,EIN=141665466,exact-shared-ein-dark-money-intermediary-v1,0.9500,"reviewed exact-identifier slice from cross-venue adjudication; broader source-product, source-readiness, and calibrated policy-simulation gates remain blocked until row-count, issue-comparability, false-match, and observed pre/post comparison requirements pass"
cand-f8cba69d3624,NATIONAL ASSOCIATION OF HEALTHCARE ACCESS MANAGEMENT,reviewed_nonprofit_or_intermediary,not_observed_in_reviewed_exact_id_slice,not_observed_in_reviewed_exact_id_slice,not_observed_in_reviewed_exact_id_slice,not_observed_in_reviewed_exact_id_slice,341272668,IRS/ProPublica dark-money bridge; Intermediary bridge,not_reviewed_for_parent_subsidiary_scope,not_reviewed_for_jurisdiction_scope,not_reviewed_for_jurisdiction_scope,reviewed_exact_identifier_match,codex-source-audit,2026-06-28,EIN=341272668,exact-shared-ein-dark-money-intermediary-v1,0.9500,"reviewed exact-identifier slice from cross-venue adjudication; broader source-product, source-readiness, and calibrated policy-simulation gates remain blocked until row-count, issue-comparability, false-match, and observed pre/post comparison requirements pass"
cand-afe59dc0a35d,NATIONAL ASSOCIATION OF HISPANIC PUBLICATIONS INC,reviewed_nonprofit_or_intermediary,not_observed_in_reviewed_exact_id_slice,not_observed_in_reviewed_exact_id_slice,not_observed_in_reviewed_exact_id_slice,not_observed_in_reviewed_exact_id_slice,113707849,IRS/ProPublica dark-money bridge; Intermediary bridge,not_reviewed_for_parent_subsidiary_scope,not_reviewed_for_jurisdiction_scope,not_reviewed_for_jurisdiction_scope,reviewed_exact_identifier_match,codex-source-audit,2026-06-28,EIN=113707849,exact-shared-ein-dark-money-intermediary-v1,0.9500,"reviewed exact-identifier slice from cross-venue adjudication; broader source-product, source-readiness, and calibrated policy-simulation gates remain blocked until row-count, issue-comparability, false-match, and observed pre/post comparison requirements pass"
cand-9ca4b30517fc,NATIONAL ASSOCIATION OF INVESTMENT COS,reviewed_nonprofit_or_intermediary,not_observed_in_reviewed_exact_id_slice,not_observed_in_reviewed_exact_id_slice,not_observed_in_reviewed_exact_id_slice,not_observed_in_reviewed_exact_id_slice,222072345,IRS/ProPublica dark-money bridge; Intermediary bridge,not_reviewed_for_parent_subsidiary_scope,not_reviewed_for_jurisdiction_scope,not_reviewed_for_jurisdiction_scope,reviewed_exact_identifier_match,codex-source-audit,2026-06-28,EIN=222072345,exact-shared-ein-dark-money-intermediary-v1,0.9500,"reviewed exact-identifier slice from cross-venue adjudication; broader source-product, source-readiness, and calibrated policy-simulation gates remain blocked until row-count, issue-comparability, false-match, and observed pre/post comparison requirements pass"
cand-ca1dd3ee01c7,NATIONAL ASSOCIATION OF LOCAL HOUSING FINANCE AGENCIES,reviewed_nonprofit_or_intermediary,not_observed_in_reviewed_exact_id_slice,not_observed_in_reviewed_exact_id_slice,not_observed_in_reviewed_exact_id_slice,not_observed_in_reviewed_exact_id_slice,521293119,IRS/ProPublica dark-money bridge; Intermediary bridge,not_reviewed_for_parent_subsidiary_scope,not_reviewed_for_jurisdiction_scope,not_reviewed_for_jurisdiction_scope,reviewed_exact_identifier_match,codex-source-audit,2026-06-28,EIN=521293119,exact-shared-ein-dark-money-intermediary-v1,0.9500,"reviewed exact-identifier slice from cross-venue adjudication; broader source-product, source-readiness, and calibrated policy-simulation gates remain blocked until row-count, issue-comparability, false-match, and observed pre/post comparison requirements pass"
cand-1a1841690bf7,NATIONAL ASSOCIATION OF LONG TERM CARE ADMINISTRATOR BOARDS INC,reviewed_nonprofit_or_intermediary,not_observed_in_reviewed_exact_id_slice,not_observed_in_reviewed_exact_id_slice,not_observed_in_reviewed_exact_id_slice,not_observed_in_reviewed_exact_id_slice,237155858,IRS/ProPublica dark-money bridge; Intermediary bridge,not_reviewed_for_parent_subsidiary_scope,not_reviewed_for_jurisdiction_scope,not_reviewed_for_jurisdiction_scope,reviewed_exact_identifier_match,codex-source-audit,2026-06-28,EIN=237155858,exact-shared-ein-dark-money-intermediary-v1,0.9500,"reviewed exact-identifier slice from cross-venue adjudication; broader source-product, source-readiness, and calibrated policy-simulation gates remain blocked until row-count, issue-comparability, false-match, and observed pre/post comparison requirements pass"
cand-972301852f3d,NATIONAL ASSOCIATION OF MANUFACTURERS OF THE USA,reviewed_nonprofit_or_intermediary,not_observed_in_reviewed_exact_id_slice,not_observed_in_reviewed_exact_id_slice,not_observed_in_reviewed_exact_id_slice,not_observed_in_reviewed_exact_id_slice,131084330,IRS/ProPublica dark-money bridge; Intermediary bridge,not_reviewed_for_parent_subsidiary_scope,not_reviewed_for_jurisdiction_scope,not_reviewed_for_jurisdiction_scope,reviewed_exact_identifier_match,codex-source-audit,2026-06-28,EIN=131084330,exact-shared-ein-dark-money-intermediary-v1,0.9500,"reviewed exact-identifier slice from cross-venue adjudication; broader source-product, source-readiness, and calibrated policy-simulation gates remain blocked until row-count, issue-comparability, false-match, and observed pre/post comparison requirements pass"
cand-ce32c950d756,NATIONAL ASSOCIATION OF NUCLEAR PHARMACIES,reviewed_nonprofit_or_intermediary,not_observed_in_reviewed_exact_id_slice,not_observed_in_reviewed_exact_id_slice,not_observed_in_reviewed_exact_id_slice,not_observed_in_reviewed_exact_id_slice,274030019,IRS/ProPublica dark-money bridge; Intermediary bridge,not_reviewed_for_parent_subsidiary_scope,not_reviewed_for_jurisdiction_scope,not_reviewed_for_jurisdiction_scope,reviewed_exact_identifier_match,codex-source-audit,2026-06-28,EIN=274030019,exact-shared-ein-dark-money-intermediary-v1,0.9500,"reviewed exact-identifier slice from cross-venue adjudication; broader source-product, source-readiness, and calibrated policy-simulation gates remain blocked until row-count, issue-comparability, false-match, and observed pre/post comparison requirements pass"
cand-4c21a6b4cd83,NATIONAL ASSOCIATION OF PRIVATE SPECIAL EDUCATION CENTERS,reviewed_nonprofit_or_intermediary,not_observed_in_reviewed_exact_id_slice,not_observed_in_reviewed_exact_id_slice,not_observed_in_reviewed_exact_id_slice,not_observed_in_reviewed_exact_id_slice,237277189,IRS/ProPublica dark-money bridge; Intermediary bridge,not_reviewed_for_parent_subsidiary_scope,not_reviewed_for_jurisdiction_scope,not_reviewed_for_jurisdiction_scope,reviewed_exact_identifier_match,codex-source-audit,2026-06-28,EIN=237277189,exact-shared-ein-dark-money-intermediary-v1,0.9500,"reviewed exact-identifier slice from cross-venue adjudication; broader source-product, source-readiness, and calibrated policy-simulation gates remain blocked until row-count, issue-comparability, false-match, and observed pre/post comparison requirements pass"
cand-c39965a519b0,NATIONAL ASSOCIATION OF REAL ESTATE INVESTMENT TRUST INC,reviewed_nonprofit_or_intermediary,not_observed_in_reviewed_exact_id_slice,not_observed_in_reviewed_exact_id_slice,not_observed_in_reviewed_exact_id_slice,not_observed_in_reviewed_exact_id_slice,273586050,IRS/ProPublica dark-money bridge; Intermediary bridge,not_reviewed_for_parent_subsidiary_scope,not_reviewed_for_jurisdiction_scope,not_reviewed_for_jurisdiction_scope,reviewed_exact_identifier_match,codex-source-audit,2026-06-28,EIN=273586050,exact-shared-ein-dark-money-intermediary-v1,0.9500,"reviewed exact-identifier slice from cross-venue adjudication; broader source-product, source-readiness, and calibrated policy-simulation gates remain blocked until row-count, issue-comparability, false-match, and observed pre/post comparison requirements pass"
cand-15012e9b3aaa,NATIONAL ASSOCIATION OF REHABILITATION AGENCIES,reviewed_nonprofit_or_intermediary,not_observed_in_reviewed_exact_id_slice,not_observed_in_reviewed_exact_id_slice,not_observed_in_reviewed_exact_id_slice,not_observed_in_reviewed_exact_id_slice,311026576,IRS/ProPublica dark-money bridge; Intermediary bridge,not_reviewed_for_parent_subsidiary_scope,not_reviewed_for_jurisdiction_scope,not_reviewed_for_jurisdiction_scope,reviewed_exact_identifier_match,codex-source-audit,2026-06-28,EIN=311026576,exact-shared-ein-dark-money-intermediary-v1,0.9500,"reviewed exact-identifier slice from cross-venue adjudication; broader source-product, source-readiness, and calibrated policy-simulation gates remain blocked until row-count, issue-comparability, false-match, and observed pre/post comparison requirements pass"
cand-ae7951b7c865,NATIONAL ASSOCIATION OF SECURITIES PROFESSIONALS,reviewed_nonprofit_or_intermediary,not_observed_in_reviewed_exact_id_slice,not_observed_in_reviewed_exact_id_slice,not_observed_in_reviewed_exact_id_slice,not_observed_in_reviewed_exact_id_slice,133314582,IRS/ProPublica dark-money bridge; Intermediary bridge,not_reviewed_for_parent_subsidiary_scope,not_reviewed_for_jurisdiction_scope,not_reviewed_for_jurisdiction_scope,reviewed_exact_identifier_match,codex-source-audit,2026-06-28,EIN=133314582,exact-shared-ein-dark-money-intermediary-v1,0.9500,"reviewed exact-identifier slice from cross-venue adjudication; broader source-product, source-readiness, and calibrated policy-simulation gates remain blocked until row-count, issue-comparability, false-match, and observed pre/post comparison requirements pass"
cand-ed540213eb19,NATIONAL ASSOCIATION OF SECURITY CO INC,reviewed_nonprofit_or_intermediary,not_observed_in_reviewed_exact_id_slice,not_observed_in_reviewed_exact_id_slice,not_observed_in_reviewed_exact_id_slice,not_observed_in_reviewed_exact_id_slice,133005663,IRS/ProPublica dark-money bridge; Intermediary bridge,not_reviewed_for_parent_subsidiary_scope,not_reviewed_for_jurisdiction_scope,not_reviewed_for_jurisdiction_scope,reviewed_exact_identifier_match,codex-source-audit,2026-06-28,EIN=133005663,exact-shared-ein-dark-money-intermediary-v1,0.9500,"reviewed exact-identifier slice from cross-venue adjudication; broader source-product, source-readiness, and calibrated policy-simulation gates remain blocked until row-count, issue-comparability, false-match, and observed pre/post comparison requirements pass"
cand-e5573ef41e28,NATIONAL ASSOCIATION OF SOCIAL WORKERS INC,reviewed_nonprofit_or_intermediary,not_observed_in_reviewed_exact_id_slice,not_observed_in_reviewed_exact_id_slice,not_observed_in_reviewed_exact_id_slice,not_observed_in_reviewed_exact_id_slice,135643515,IRS/ProPublica dark-money bridge; Intermediary bridge,not_reviewed_for_parent_subsidiary_scope,not_reviewed_for_jurisdiction_scope,not_reviewed_for_jurisdiction_scope,reviewed_exact_identifier_match,codex-source-audit,2026-06-28,EIN=135643515,exact-shared-ein-dark-money-intermediary-v1,0.9500,"reviewed exact-identifier slice from cross-venue adjudication; broader source-product, source-readiness, and calibrated policy-simulation gates remain blocked until row-count, issue-comparability, false-match, and observed pre/post comparison requirements pass"
cand-87db0cd46c0b,NATIONAL ASSOCIATION OF SPECIALTY PHARMACY INC,reviewed_nonprofit_or_intermediary,not_observed_in_reviewed_exact_id_slice,not_observed_in_reviewed_exact_id_slice,not_observed_in_reviewed_exact_id_slice,not_observed_in_reviewed_exact_id_slice,460917764,IRS/ProPublica dark-money bridge; Intermediary bridge,not_reviewed_for_parent_subsidiary_scope,not_reviewed_for_jurisdiction_scope,not_reviewed_for_jurisdiction_scope,reviewed_exact_identifier_match,codex-source-audit,2026-06-28,EIN=460917764,exact-shared-ein-dark-money-intermediary-v1,0.9500,"reviewed exact-identifier slice from cross-venue adjudication; broader source-product, source-readiness, and calibrated policy-simulation gates remain blocked until row-count, issue-comparability, false-match, and observed pre/post comparison requirements pass"
cand-6dc6336783a5,NATIONAL ASSOCIATION OF STATE WORKFORCE AGENCIES,reviewed_nonprofit_or_intermediary,not_observed_in_reviewed_exact_id_slice,not_observed_in_reviewed_exact_id_slice,not_observed_in_reviewed_exact_id_slice,not_observed_in_reviewed_exact_id_slice,520978073,IRS/ProPublica dark-money bridge; Intermediary bridge,not_reviewed_for_parent_subsidiary_scope,not_reviewed_for_jurisdiction_scope,not_reviewed_for_jurisdiction_scope,reviewed_exact_identifier_match,codex-source-audit,2026-06-28,EIN=520978073,exact-shared-ein-dark-money-intermediary-v1,0.9500,"reviewed exact-identifier slice from cross-venue adjudication; broader source-product, source-readiness, and calibrated policy-simulation gates remain blocked until row-count, issue-comparability, false-match, and observed pre/post comparison requirements pass"
cand-b5e8ea6e0d56,NATIONAL ASSOCIATION OF THEATRE OWNERS,reviewed_nonprofit_or_intermediary,not_observed_in_reviewed_exact_id_slice,not_observed_in_reviewed_exact_id_slice,not_observed_in_reviewed_exact_id_slice,not_observed_in_reviewed_exact_id_slice,131580907,IRS/ProPublica dark-money bridge; Intermediary bridge,not_reviewed_for_parent_subsidiary_scope,not_reviewed_for_jurisdiction_scope,not_reviewed_for_jurisdiction_scope,reviewed_exact_identifier_match,codex-source-audit,2026-06-28,EIN=131580907,exact-shared-ein-dark-money-intermediary-v1,0.9500,"reviewed exact-identifier slice from cross-venue adjudication; broader source-product, source-readiness, and calibrated policy-simulation gates remain blocked until row-count, issue-comparability, false-match, and observed pre/post comparison requirements pass"
cand-2929cb3ef415,NATIONAL ASSOCIATION OF TOBACCO OUTLETS INC,reviewed_nonprofit_or_intermediary,not_observed_in_reviewed_exact_id_slice,not_observed_in_reviewed_exact_id_slice,not_observed_in_reviewed_exact_id_slice,not_observed_in_reviewed_exact_id_slice,412000075,IRS/ProPublica dark-money bridge; Intermediary bridge,not_reviewed_for_parent_subsidiary_scope,not_reviewed_for_jurisdiction_scope,not_reviewed_for_jurisdiction_scope,reviewed_exact_identifier_match,codex-source-audit,2026-06-28,EIN=412000075,exact-shared-ein-dark-money-intermediary-v1,0.9500,"reviewed exact-identifier slice from cross-venue adjudication; broader source-product, source-readiness, and calibrated policy-simulation gates remain blocked until row-count, issue-comparability, false-match, and observed pre/post comparison requirements pass"
cand-516a1b0ba9ef,NATIONAL ASSOCIATION OF WATERFRONT EMPLOYERS,reviewed_nonprofit_or_intermediary,not_observed_in_reviewed_exact_id_slice,not_observed_in_reviewed_exact_id_slice,not_observed_in_reviewed_exact_id_slice,not_observed_in_reviewed_exact_id_slice,237333287,IRS/ProPublica dark-money bridge; Intermediary bridge,not_reviewed_for_parent_subsidiary_scope,not_reviewed_for_jurisdiction_scope,not_reviewed_for_jurisdiction_scope,reviewed_exact_identifier_match,codex-source-audit,2026-06-28,EIN=237333287,exact-shared-ein-dark-money-intermediary-v1,0.9500,"reviewed exact-identifier slice from cross-venue adjudication; broader source-product, source-readiness, and calibrated policy-simulation gates remain blocked until row-count, issue-comparability, false-match, and observed pre/post comparison requirements pass"
cand-83c70b947a22,NATIONAL ASSOCIATION OF WHEAT GROWERS,reviewed_nonprofit_or_intermediary,not_observed_in_reviewed_exact_id_slice,not_observed_in_reviewed_exact_id_slice,not_observed_in_reviewed_exact_id_slice,not_observed_in_reviewed_exact_id_slice,480668648,IRS/ProPublica dark-money bridge; Intermediary bridge,not_reviewed_for_parent_subsidiary_scope,not_reviewed_for_jurisdiction_scope,not_reviewed_for_jurisdiction_scope,reviewed_exact_identifier_match,codex-source-audit,2026-06-28,EIN=480668648,exact-shared-ein-dark-money-intermediary-v1,0.9500,"reviewed exact-identifier slice from cross-venue adjudication; broader source-product, source-readiness, and calibrated policy-simulation gates remain blocked until row-count, issue-comparability, false-match, and observed pre/post comparison requirements pass"
cand-b62084c8fe71,NATIONAL ASSOCIATION OF WOMEN BUSINESS OWNERS,reviewed_nonprofit_or_intermediary,not_observed_in_reviewed_exact_id_slice,not_observed_in_reviewed_exact_id_slice,not_observed_in_reviewed_exact_id_slice,not_observed_in_reviewed_exact_id_slice,237425967,IRS/ProPublica dark-money bridge; Intermediary bridge,not_reviewed_for_parent_subsidiary_scope,not_reviewed_for_jurisdiction_scope,not_reviewed_for_jurisdiction_scope,reviewed_exact_identifier_match,codex-source-audit,2026-06-28,EIN=237425967,exact-shared-ein-dark-money-intermediary-v1,0.9500,"reviewed exact-identifier slice from cross-venue adjudication; broader source-product, source-readiness, and calibrated policy-simulation gates remain blocked until row-count, issue-comparability, false-match, and observed pre/post comparison requirements pass"
cand-604aada61db8,NATIONAL ASSOCIATION PRINTING INK MANUFACTURERS INC,reviewed_nonprofit_or_intermediary,not_observed_in_reviewed_exact_id_slice,not_observed_in_reviewed_exact_id_slice,not_observed_in_reviewed_exact_id_slice,not_observed_in_reviewed_exact_id_slice,131084380,IRS/ProPublica dark-money bridge; Intermediary bridge,not_reviewed_for_parent_subsidiary_scope,not_reviewed_for_jurisdiction_scope,not_reviewed_for_jurisdiction_scope,reviewed_exact_identifier_match,codex-source-audit,2026-06-28,EIN=131084380,exact-shared-ein-dark-money-intermediary-v1,0.9500,"reviewed exact-identifier slice from cross-venue adjudication; broader source-product, source-readiness, and calibrated policy-simulation gates remain blocked until row-count, issue-comparability, false-match, and observed pre/post comparison requirements pass"
cand-42ff89e34904,NATIONAL BANKERS ASSOCIATION INC,reviewed_nonprofit_or_intermediary,not_observed_in_reviewed_exact_id_slice,not_observed_in_reviewed_exact_id_slice,not_observed_in_reviewed_exact_id_slice,not_observed_in_reviewed_exact_id_slice,520884907,IRS/ProPublica dark-money bridge; Intermediary bridge,not_reviewed_for_parent_subsidiary_scope,not_reviewed_for_jurisdiction_scope,not_reviewed_for_jurisdiction_scope,reviewed_exact_identifier_match,codex-source-audit,2026-06-28,EIN=520884907,exact-shared-ein-dark-money-intermediary-v1,0.9500,"reviewed exact-identifier slice from cross-venue adjudication; broader source-product, source-readiness, and calibrated policy-simulation gates remain blocked until row-count, issue-comparability, false-match, and observed pre/post comparison requirements pass"
cand-cef99c730918,NATIONAL BAR ASSOCIATION INC,reviewed_nonprofit_or_intermediary,not_observed_in_reviewed_exact_id_slice,not_observed_in_reviewed_exact_id_slice,not_observed_in_reviewed_exact_id_slice,not_observed_in_reviewed_exact_id_slice,480793589,IRS/ProPublica dark-money bridge; Intermediary bridge,not_reviewed_for_parent_subsidiary_scope,not_reviewed_for_jurisdiction_scope,not_reviewed_for_jurisdiction_scope,reviewed_exact_identifier_match,codex-source-audit,2026-06-28,EIN=480793589,exact-shared-ein-dark-money-intermediary-v1,0.9500,"reviewed exact-identifier slice from cross-venue adjudication; broader source-product, source-readiness, and calibrated policy-simulation gates remain blocked until row-count, issue-comparability, false-match, and observed pre/post comparison requirements pass"
cand-4c7f44575b1d,NATIONAL BREAST CANCER COALITION,reviewed_nonprofit_or_intermediary,not_observed_in_reviewed_exact_id_slice,not_observed_in_reviewed_exact_id_slice,not_observed_in_reviewed_exact_id_slice,not_observed_in_reviewed_exact_id_slice,232693372,IRS/ProPublica dark-money bridge; Intermediary bridge,not_reviewed_for_parent_subsidiary_scope,not_reviewed_for_jurisdiction_scope,not_reviewed_for_jurisdiction_scope,reviewed_exact_identifier_match,codex-source-audit,2026-06-28,EIN=232693372,exact-shared-ein-dark-money-intermediary-v1,0.9500,"reviewed exact-identifier slice from cross-venue adjudication; broader source-product, source-readiness, and calibrated policy-simulation gates remain blocked until row-count, issue-comparability, false-match, and observed pre/post comparison requirements pass"
cand-9a3fc12e9944,NATIONAL BUS TRAFFIC ASSOCIATION INCORPORATED,reviewed_nonprofit_or_intermediary,not_observed_in_reviewed_exact_id_slice,not_observed_in_reviewed_exact_id_slice,not_observed_in_reviewed_exact_id_slice,not_observed_in_reviewed_exact_id_slice,361521425,IRS/ProPublica dark-money bridge; Intermediary bridge,not_reviewed_for_parent_subsidiary_scope,not_reviewed_for_jurisdiction_scope,not_reviewed_for_jurisdiction_scope,reviewed_exact_identifier_match,codex-source-audit,2026-06-28,EIN=361521425,exact-shared-ein-dark-money-intermediary-v1,0.9500,"reviewed exact-identifier slice from cross-venue adjudication; broader source-product, source-readiness, and calibrated policy-simulation gates remain blocked until row-count, issue-comparability, false-match, and observed pre/post comparison requirements pass"
cand-1357c9034636,NATIONAL CANDLE ASSOCIATION,reviewed_nonprofit_or_intermediary,not_observed_in_reviewed_exact_id_slice,not_observed_in_reviewed_exact_id_slice,not_observed_in_reviewed_exact_id_slice,not_observed_in_reviewed_exact_id_slice,510187148,IRS/ProPublica dark-money bridge; Intermediary bridge,not_reviewed_for_parent_subsidiary_scope,not_reviewed_for_jurisdiction_scope,not_reviewed_for_jurisdiction_scope,reviewed_exact_identifier_match,codex-source-audit,2026-06-28,EIN=510187148,exact-shared-ein-dark-money-intermediary-v1,0.9500,"reviewed exact-identifier slice from cross-venue adjudication; broader source-product, source-readiness, and calibrated policy-simulation gates remain blocked until row-count, issue-comparability, false-match, and observed pre/post comparison requirements pass"
cand-13a6f3b0beba,NATIONAL CERTIFICATION COUNCIL FOR ACTIVITY PROFESSIONALS,reviewed_nonprofit_or_intermediary,not_observed_in_reviewed_exact_id_slice,not_observed_in_reviewed_exact_id_slice,not_observed_in_reviewed_exact_id_slice,not_observed_in_reviewed_exact_id_slice,363479935,IRS/ProPublica dark-money bridge; Intermediary bridge,not_reviewed_for_parent_subsidiary_scope,not_reviewed_for_jurisdiction_scope,not_reviewed_for_jurisdiction_scope,reviewed_exact_identifier_match,codex-source-audit,2026-06-28,EIN=363479935,exact-shared-ein-dark-money-intermediary-v1,0.9500,"reviewed exact-identifier slice from cross-venue adjudication; broader source-product, source-readiness, and calibrated policy-simulation gates remain blocked until row-count, issue-comparability, false-match, and observed pre/post comparison requirements pass"
cand-d2b4b77882ff,NATIONAL COMMITTEE FOR A HUMAN LIFE AMENDMENT INC,reviewed_nonprofit_or_intermediary,not_observed_in_reviewed_exact_id_slice,not_observed_in_reviewed_exact_id_slice,not_observed_in_reviewed_exact_id_slice,not_observed_in_reviewed_exact_id_slice,520991848,IRS/ProPublica dark-money bridge; Intermediary bridge,not_reviewed_for_parent_subsidiary_scope,not_reviewed_for_jurisdiction_scope,not_reviewed_for_jurisdiction_scope,reviewed_exact_identifier_match,codex-source-audit,2026-06-28,EIN=520991848,exact-shared-ein-dark-money-intermediary-v1,0.9500,"reviewed exact-identifier slice from cross-venue adjudication; broader source-product, source-readiness, and calibrated policy-simulation gates remain blocked until row-count, issue-comparability, false-match, and observed pre/post comparison requirements pass"
cand-c472d9b02c6a,NATIONAL COMMITTEE TO PRESERVE SOCIAL SECURITY AND MEDICARE,reviewed_nonprofit_or_intermediary,not_observed_in_reviewed_exact_id_slice,not_observed_in_reviewed_exact_id_slice,not_observed_in_reviewed_exact_id_slice,not_observed_in_reviewed_exact_id_slice,521312579,IRS/ProPublica dark-money bridge; Intermediary bridge,not_reviewed_for_parent_subsidiary_scope,not_reviewed_for_jurisdiction_scope,not_reviewed_for_jurisdiction_scope,reviewed_exact_identifier_match,codex-source-audit,2026-06-28,EIN=521312579,exact-shared-ein-dark-money-intermediary-v1,0.9500,"reviewed exact-identifier slice from cross-venue adjudication; broader source-product, source-readiness, and calibrated policy-simulation gates remain blocked until row-count, issue-comparability, false-match, and observed pre/post comparison requirements pass"
cand-04d52943108f,NATIONAL COMMUNITY ACTION FOUNDATION INC,reviewed_nonprofit_or_intermediary,not_observed_in_reviewed_exact_id_slice,not_observed_in_reviewed_exact_id_slice,not_observed_in_reviewed_exact_id_slice,not_observed_in_reviewed_exact_id_slice,521219782,IRS/ProPublica dark-money bridge; Intermediary bridge,not_reviewed_for_parent_subsidiary_scope,not_reviewed_for_jurisdiction_scope,not_reviewed_for_jurisdiction_scope,reviewed_exact_identifier_match,codex-source-audit,2026-06-28,EIN=521219782,exact-shared-ein-dark-money-intermediary-v1,0.9500,"reviewed exact-identifier slice from cross-venue adjudication; broader source-product, source-readiness, and calibrated policy-simulation gates remain blocked until row-count, issue-comparability, false-match, and observed pre/post comparison requirements pass"
cand-5a9781ee7e21,NATIONAL CONFECTIONERS ASSOCIATION,reviewed_nonprofit_or_intermediary,not_observed_in_reviewed_exact_id_slice,not_observed_in_reviewed_exact_id_slice,not_observed_in_reviewed_exact_id_slice,not_observed_in_reviewed_exact_id_slice,361521980,IRS/ProPublica dark-money bridge; Intermediary bridge,not_reviewed_for_parent_subsidiary_scope,not_reviewed_for_jurisdiction_scope,not_reviewed_for_jurisdiction_scope,reviewed_exact_identifier_match,codex-source-audit,2026-06-28,EIN=361521980,exact-shared-ein-dark-money-intermediary-v1,0.9500,"reviewed exact-identifier slice from cross-venue adjudication; broader source-product, source-readiness, and calibrated policy-simulation gates remain blocked until row-count, issue-comparability, false-match, and observed pre/post comparison requirements pass"
cand-c451305d73cf,NATIONAL COORDINATING COMMITTEE FOR MULTIEMPLOYER PLANS,reviewed_nonprofit_or_intermediary,not_observed_in_reviewed_exact_id_slice,not_observed_in_reviewed_exact_id_slice,not_observed_in_reviewed_exact_id_slice,not_observed_in_reviewed_exact_id_slice,521041104,IRS/ProPublica dark-money bridge; Intermediary bridge,not_reviewed_for_parent_subsidiary_scope,not_reviewed_for_jurisdiction_scope,not_reviewed_for_jurisdiction_scope,reviewed_exact_identifier_match,codex-source-audit,2026-06-28,EIN=521041104,exact-shared-ein-dark-money-intermediary-v1,0.9500,"reviewed exact-identifier slice from cross-venue adjudication; broader source-product, source-readiness, and calibrated policy-simulation gates remain blocked until row-count, issue-comparability, false-match, and observed pre/post comparison requirements pass"
cand-ea4e5ffd3d9a,NATIONAL COUNCIL OF RESISTANCE - US REPRESENTATIVE OFFICE -- NCRI-US,reviewed_nonprofit_or_intermediary,not_observed_in_reviewed_exact_id_slice,not_observed_in_reviewed_exact_id_slice,not_observed_in_reviewed_exact_id_slice,not_observed_in_reviewed_exact_id_slice,461427425,IRS/ProPublica dark-money bridge; Intermediary bridge,not_reviewed_for_parent_subsidiary_scope,not_reviewed_for_jurisdiction_scope,not_reviewed_for_jurisdiction_scope,reviewed_exact_identifier_match,codex-source-audit,2026-06-28,EIN=461427425,exact-shared-ein-dark-money-intermediary-v1,0.9500,"reviewed exact-identifier slice from cross-venue adjudication; broader source-product, source-readiness, and calibrated policy-simulation gates remain blocked until row-count, issue-comparability, false-match, and observed pre/post comparison requirements pass"
cand-4dd53d629020,NATIONAL COUNCIL OF TEXTILE ORGANIZATIONS,reviewed_nonprofit_or_intermediary,not_observed_in_reviewed_exact_id_slice,not_observed_in_reviewed_exact_id_slice,not_observed_in_reviewed_exact_id_slice,not_observed_in_reviewed_exact_id_slice,200767664,IRS/ProPublica dark-money bridge; Intermediary bridge,not_reviewed_for_parent_subsidiary_scope,not_reviewed_for_jurisdiction_scope,not_reviewed_for_jurisdiction_scope,reviewed_exact_identifier_match,codex-source-audit,2026-06-28,EIN=200767664,exact-shared-ein-dark-money-intermediary-v1,0.9500,"reviewed exact-identifier slice from cross-venue adjudication; broader source-product, source-readiness, and calibrated policy-simulation gates remain blocked until row-count, issue-comparability, false-match, and observed pre/post comparison requirements pass"
cand-9fbdfc561088,NATIONAL COUNCIL OF URBAN EDUCATION ASSOCIATES NCUEA,reviewed_nonprofit_or_intermediary,not_observed_in_reviewed_exact_id_slice,not_observed_in_reviewed_exact_id_slice,not_observed_in_reviewed_exact_id_slice,not_observed_in_reviewed_exact_id_slice,521320900,IRS/ProPublica dark-money bridge; Intermediary bridge,not_reviewed_for_parent_subsidiary_scope,not_reviewed_for_jurisdiction_scope,not_reviewed_for_jurisdiction_scope,reviewed_exact_identifier_match,codex-source-audit,2026-06-28,EIN=521320900,exact-shared-ein-dark-money-intermediary-v1,0.9500,"reviewed exact-identifier slice from cross-venue adjudication; broader source-product, source-readiness, and calibrated policy-simulation gates remain blocked until row-count, issue-comparability, false-match, and observed pre/post comparison requirements pass"
cand-e732826e9cd0,NATIONAL COUNCIL ON INTERNATIONAL TRADE DEVELOPMENT,reviewed_nonprofit_or_intermediary,not_observed_in_reviewed_exact_id_slice,not_observed_in_reviewed_exact_id_slice,not_observed_in_reviewed_exact_id_slice,not_observed_in_reviewed_exact_id_slice,132595386,IRS/ProPublica dark-money bridge; Intermediary bridge,not_reviewed_for_parent_subsidiary_scope,not_reviewed_for_jurisdiction_scope,not_reviewed_for_jurisdiction_scope,reviewed_exact_identifier_match,codex-source-audit,2026-06-28,EIN=132595386,exact-shared-ein-dark-money-intermediary-v1,0.9500,"reviewed exact-identifier slice from cross-venue adjudication; broader source-product, source-readiness, and calibrated policy-simulation gates remain blocked until row-count, issue-comparability, false-match, and observed pre/post comparison requirements pass"
cand-1285121d9bef,NATIONAL CREDITORS BAR ASSOCIATION,reviewed_nonprofit_or_intermediary,not_observed_in_reviewed_exact_id_slice,not_observed_in_reviewed_exact_id_slice,not_observed_in_reviewed_exact_id_slice,not_observed_in_reviewed_exact_id_slice,431654633,IRS/ProPublica dark-money bridge; Intermediary bridge,not_reviewed_for_parent_subsidiary_scope,not_reviewed_for_jurisdiction_scope,not_reviewed_for_jurisdiction_scope,reviewed_exact_identifier_match,codex-source-audit,2026-06-28,EIN=431654633,exact-shared-ein-dark-money-intermediary-v1,0.9500,"reviewed exact-identifier slice from cross-venue adjudication; broader source-product, source-readiness, and calibrated policy-simulation gates remain blocked until row-count, issue-comparability, false-match, and observed pre/post comparison requirements pass"
cand-60b881a138c3,NATIONAL DEMOLITION ASSOCIATION,reviewed_nonprofit_or_intermediary,not_observed_in_reviewed_exact_id_slice,not_observed_in_reviewed_exact_id_slice,not_observed_in_reviewed_exact_id_slice,not_observed_in_reviewed_exact_id_slice,237193442,IRS/ProPublica dark-money bridge; Intermediary bridge,not_reviewed_for_parent_subsidiary_scope,not_reviewed_for_jurisdiction_scope,not_reviewed_for_jurisdiction_scope,reviewed_exact_identifier_match,codex-source-audit,2026-06-28,EIN=237193442,exact-shared-ein-dark-money-intermediary-v1,0.9500,"reviewed exact-identifier slice from cross-venue adjudication; broader source-product, source-readiness, and calibrated policy-simulation gates remain blocked until row-count, issue-comparability, false-match, and observed pre/post comparison requirements pass"
cand-ffaf38dc9943,NATIONAL FILIPINO AMERICAN LAWYERS ASSOCIATION,reviewed_nonprofit_or_intermediary,not_observed_in_reviewed_exact_id_slice,not_observed_in_reviewed_exact_id_slice,not_observed_in_reviewed_exact_id_slice,not_observed_in_reviewed_exact_id_slice,464051671,IRS/ProPublica dark-money bridge; Intermediary bridge,not_reviewed_for_parent_subsidiary_scope,not_reviewed_for_jurisdiction_scope,not_reviewed_for_jurisdiction_scope,reviewed_exact_identifier_match,codex-source-audit,2026-06-28,EIN=464051671,exact-shared-ein-dark-money-intermediary-v1,0.9500,"reviewed exact-identifier slice from cross-venue adjudication; broader source-product, source-readiness, and calibrated policy-simulation gates remain blocked until row-count, issue-comparability, false-match, and observed pre/post comparison requirements pass"
cand-a17ddd6050aa,NATIONAL FOREIGN TRADE COUNCIL INC,reviewed_nonprofit_or_intermediary,not_observed_in_reviewed_exact_id_slice,not_observed_in_reviewed_exact_id_slice,not_observed_in_reviewed_exact_id_slice,not_observed_in_reviewed_exact_id_slice,135266965,IRS/ProPublica dark-money bridge; Intermediary bridge,not_reviewed_for_parent_subsidiary_scope,not_reviewed_for_jurisdiction_scope,not_reviewed_for_jurisdiction_scope,reviewed_exact_identifier_match,codex-source-audit,2026-06-28,EIN=135266965,exact-shared-ein-dark-money-intermediary-v1,0.9500,"reviewed exact-identifier slice from cross-venue adjudication; broader source-product, source-readiness, and calibrated policy-simulation gates remain blocked until row-count, issue-comparability, false-match, and observed pre/post comparison requirements pass"
cand-dec56eb8134e,NATIONAL GAY & LESBIAN CHAMBER OF COMMERCE,reviewed_nonprofit_or_intermediary,not_observed_in_reviewed_exact_id_slice,not_observed_in_reviewed_exact_id_slice,not_observed_in_reviewed_exact_id_slice,not_observed_in_reviewed_exact_id_slice,134219714,IRS/ProPublica dark-money bridge; Intermediary bridge,not_reviewed_for_parent_subsidiary_scope,not_reviewed_for_jurisdiction_scope,not_reviewed_for_jurisdiction_scope,reviewed_exact_identifier_match,codex-source-audit,2026-06-28,EIN=134219714,exact-shared-ein-dark-money-intermediary-v1,0.9500,"reviewed exact-identifier slice from cross-venue adjudication; broader source-product, source-readiness, and calibrated policy-simulation gates remain blocked until row-count, issue-comparability, false-match, and observed pre/post comparison requirements pass"
cand-6dc1b1e2898f,NATIONAL HEALTH CARE ANTI-FRAUD ASSOCIATION,reviewed_nonprofit_or_intermediary,not_observed_in_reviewed_exact_id_slice,not_observed_in_reviewed_exact_id_slice,not_observed_in_reviewed_exact_id_slice,not_observed_in_reviewed_exact_id_slice,521473117,IRS/ProPublica dark-money bridge; Intermediary bridge,not_reviewed_for_parent_subsidiary_scope,not_reviewed_for_jurisdiction_scope,not_reviewed_for_jurisdiction_scope,reviewed_exact_identifier_match,codex-source-audit,2026-06-28,EIN=521473117,exact-shared-ein-dark-money-intermediary-v1,0.9500,"reviewed exact-identifier slice from cross-venue adjudication; broader source-product, source-readiness, and calibrated policy-simulation gates remain blocked until row-count, issue-comparability, false-match, and observed pre/post comparison requirements pass"
cand-fa464f3a96a1,NATIONAL HEMP ASSOCIATION INC,reviewed_nonprofit_or_intermediary,not_observed_in_reviewed_exact_id_slice,not_observed_in_reviewed_exact_id_slice,not_observed_in_reviewed_exact_id_slice,not_observed_in_reviewed_exact_id_slice,465495823,IRS/ProPublica dark-money bridge; Intermediary bridge,not_reviewed_for_parent_subsidiary_scope,not_reviewed_for_jurisdiction_scope,not_reviewed_for_jurisdiction_scope,reviewed_exact_identifier_match,codex-source-audit,2026-06-28,EIN=465495823,exact-shared-ein-dark-money-intermediary-v1,0.9500,"reviewed exact-identifier slice from cross-venue adjudication; broader source-product, source-readiness, and calibrated policy-simulation gates remain blocked until row-count, issue-comparability, false-match, and observed pre/post comparison requirements pass"
cand-4bd3e69095a0,NATIONAL HOUSING REHABILITATION ASSOCIATION,reviewed_nonprofit_or_intermediary,not_observed_in_reviewed_exact_id_slice,not_observed_in_reviewed_exact_id_slice,not_observed_in_reviewed_exact_id_slice,not_observed_in_reviewed_exact_id_slice,237248114,IRS/ProPublica dark-money bridge; Intermediary bridge,not_reviewed_for_parent_subsidiary_scope,not_reviewed_for_jurisdiction_scope,not_reviewed_for_jurisdiction_scope,reviewed_exact_identifier_match,codex-source-audit,2026-06-28,EIN=237248114,exact-shared-ein-dark-money-intermediary-v1,0.9500,"reviewed exact-identifier slice from cross-venue adjudication; broader source-product, source-readiness, and calibrated policy-simulation gates remain blocked until row-count, issue-comparability, false-match, and observed pre/post comparison requirements pass"
cand-f11ede9ed437,NATIONAL HUMANITIES ALLIANCE,reviewed_nonprofit_or_intermediary,not_observed_in_reviewed_exact_id_slice,not_observed_in_reviewed_exact_id_slice,not_observed_in_reviewed_exact_id_slice,not_observed_in_reviewed_exact_id_slice,521395619,IRS/ProPublica dark-money bridge; Intermediary bridge,not_reviewed_for_parent_subsidiary_scope,not_reviewed_for_jurisdiction_scope,not_reviewed_for_jurisdiction_scope,reviewed_exact_identifier_match,codex-source-audit,2026-06-28,EIN=521395619,exact-shared-ein-dark-money-intermediary-v1,0.9500,"reviewed exact-identifier slice from cross-venue adjudication; broader source-product, source-readiness, and calibrated policy-simulation gates remain blocked until row-count, issue-comparability, false-match, and observed pre/post comparison requirements pass"
cand-22256a620829,NATIONAL HYDROPOWER ASSOCIATION INC,reviewed_nonprofit_or_intermediary,not_observed_in_reviewed_exact_id_slice,not_observed_in_reviewed_exact_id_slice,not_observed_in_reviewed_exact_id_slice,not_observed_in_reviewed_exact_id_slice,521339888,IRS/ProPublica dark-money bridge; Intermediary bridge,not_reviewed_for_parent_subsidiary_scope,not_reviewed_for_jurisdiction_scope,not_reviewed_for_jurisdiction_scope,reviewed_exact_identifier_match,codex-source-audit,2026-06-28,EIN=521339888,exact-shared-ein-dark-money-intermediary-v1,0.9500,"reviewed exact-identifier slice from cross-venue adjudication; broader source-product, source-readiness, and calibrated policy-simulation gates remain blocked until row-count, issue-comparability, false-match, and observed pre/post comparison requirements pass"
cand-3c811b743faf,NATIONAL IMMIGRATION FORUM ACTION FUND,reviewed_nonprofit_or_intermediary,not_observed_in_reviewed_exact_id_slice,not_observed_in_reviewed_exact_id_slice,not_observed_in_reviewed_exact_id_slice,not_observed_in_reviewed_exact_id_slice,264718617,IRS/ProPublica dark-money bridge; Intermediary bridge,not_reviewed_for_parent_subsidiary_scope,not_reviewed_for_jurisdiction_scope,not_reviewed_for_jurisdiction_scope,reviewed_exact_identifier_match,codex-source-audit,2026-06-28,EIN=264718617,exact-shared-ein-dark-money-intermediary-v1,0.9500,"reviewed exact-identifier slice from cross-venue adjudication; broader source-product, source-readiness, and calibrated policy-simulation gates remain blocked until row-count, issue-comparability, false-match, and observed pre/post comparison requirements pass"
cand-4352591928d2,NATIONAL INSTALLMENT LENDERS ASSOCIATION,reviewed_nonprofit_or_intermediary,not_observed_in_reviewed_exact_id_slice,not_observed_in_reviewed_exact_id_slice,not_observed_in_reviewed_exact_id_slice,not_observed_in_reviewed_exact_id_slice,263881154,IRS/ProPublica dark-money bridge; Intermediary bridge,not_reviewed_for_parent_subsidiary_scope,not_reviewed_for_jurisdiction_scope,not_reviewed_for_jurisdiction_scope,reviewed_exact_identifier_match,codex-source-audit,2026-06-28,EIN=263881154,exact-shared-ein-dark-money-intermediary-v1,0.9500,"reviewed exact-identifier slice from cross-venue adjudication; broader source-product, source-readiness, and calibrated policy-simulation gates remain blocked until row-count, issue-comparability, false-match, and observed pre/post comparison requirements pass"
cand-92a0ec3bf0a1,NATIONAL INSTITUTES FOR WATER RESOURCES INC,reviewed_nonprofit_or_intermediary,not_observed_in_reviewed_exact_id_slice,not_observed_in_reviewed_exact_id_slice,not_observed_in_reviewed_exact_id_slice,not_observed_in_reviewed_exact_id_slice,020449162,IRS/ProPublica dark-money bridge; Intermediary bridge,not_reviewed_for_parent_subsidiary_scope,not_reviewed_for_jurisdiction_scope,not_reviewed_for_jurisdiction_scope,reviewed_exact_identifier_match,codex-source-audit,2026-06-28,EIN=020449162,exact-shared-ein-dark-money-intermediary-v1,0.9500,"reviewed exact-identifier slice from cross-venue adjudication; broader source-product, source-readiness, and calibrated policy-simulation gates remain blocked until row-count, issue-comparability, false-match, and observed pre/post comparison requirements pass"
cand-1db87fd7655e,NATIONAL LEASED HOUSING ASSOCIATION,reviewed_nonprofit_or_intermediary,not_observed_in_reviewed_exact_id_slice,not_observed_in_reviewed_exact_id_slice,not_observed_in_reviewed_exact_id_slice,not_observed_in_reviewed_exact_id_slice,237304915,IRS/ProPublica dark-money bridge; Intermediary bridge,not_reviewed_for_parent_subsidiary_scope,not_reviewed_for_jurisdiction_scope,not_reviewed_for_jurisdiction_scope,reviewed_exact_identifier_match,codex-source-audit,2026-06-28,EIN=237304915,exact-shared-ein-dark-money-intermediary-v1,0.9500,"reviewed exact-identifier slice from cross-venue adjudication; broader source-product, source-readiness, and calibrated policy-simulation gates remain blocked until row-count, issue-comparability, false-match, and observed pre/post comparison requirements pass"
cand-94af4d88e782,NATIONAL LGBTQ TASK FORCE ACTION FUND INC,reviewed_nonprofit_or_intermediary,not_observed_in_reviewed_exact_id_slice,not_observed_in_reviewed_exact_id_slice,not_observed_in_reviewed_exact_id_slice,not_observed_in_reviewed_exact_id_slice,132772832,IRS/ProPublica dark-money bridge; Intermediary bridge,not_reviewed_for_parent_subsidiary_scope,not_reviewed_for_jurisdiction_scope,not_reviewed_for_jurisdiction_scope,reviewed_exact_identifier_match,codex-source-audit,2026-06-28,EIN=132772832,exact-shared-ein-dark-money-intermediary-v1,0.9500,"reviewed exact-identifier slice from cross-venue adjudication; broader source-product, source-readiness, and calibrated policy-simulation gates remain blocked until row-count, issue-comparability, false-match, and observed pre/post comparison requirements pass"
cand-c8f2deae816d,NATIONAL LOW INCOME HOUSING POLICY CENTER,reviewed_nonprofit_or_intermediary,not_observed_in_reviewed_exact_id_slice,not_observed_in_reviewed_exact_id_slice,not_observed_in_reviewed_exact_id_slice,not_observed_in_reviewed_exact_id_slice,521137799,IRS/ProPublica dark-money bridge; Intermediary bridge,not_reviewed_for_parent_subsidiary_scope,not_reviewed_for_jurisdiction_scope,not_reviewed_for_jurisdiction_scope,reviewed_exact_identifier_match,codex-source-audit,2026-06-28,EIN=521137799,exact-shared-ein-dark-money-intermediary-v1,0.9500,"reviewed exact-identifier slice from cross-venue adjudication; broader source-product, source-readiness, and calibrated policy-simulation gates remain blocked until row-count, issue-comparability, false-match, and observed pre/post comparison requirements pass"
cand-5a0c1e9f6ed4,NATIONAL MARITIME SAFETY ASSOCIATION INC,reviewed_nonprofit_or_intermediary,not_observed_in_reviewed_exact_id_slice,not_observed_in_reviewed_exact_id_slice,not_observed_in_reviewed_exact_id_slice,not_observed_in_reviewed_exact_id_slice,232119829,IRS/ProPublica dark-money bridge; Intermediary bridge,not_reviewed_for_parent_subsidiary_scope,not_reviewed_for_jurisdiction_scope,not_reviewed_for_jurisdiction_scope,reviewed_exact_identifier_match,codex-source-audit,2026-06-28,EIN=232119829,exact-shared-ein-dark-money-intermediary-v1,0.9500,"reviewed exact-identifier slice from cross-venue adjudication; broader source-product, source-readiness, and calibrated policy-simulation gates remain blocked until row-count, issue-comparability, false-match, and observed pre/post comparison requirements pass"
cand-383d508b90a8,NATIONAL MULTIFAMILY HOUSING COUNCIL,reviewed_nonprofit_or_intermediary,not_observed_in_reviewed_exact_id_slice,not_observed_in_reviewed_exact_id_slice,not_observed_in_reviewed_exact_id_slice,not_observed_in_reviewed_exact_id_slice,521127504,IRS/ProPublica dark-money bridge; Intermediary bridge,not_reviewed_for_parent_subsidiary_scope,not_reviewed_for_jurisdiction_scope,not_reviewed_for_jurisdiction_scope,reviewed_exact_identifier_match,codex-source-audit,2026-06-28,EIN=521127504,exact-shared-ein-dark-money-intermediary-v1,0.9500,"reviewed exact-identifier slice from cross-venue adjudication; broader source-product, source-readiness, and calibrated policy-simulation gates remain blocked until row-count, issue-comparability, false-match, and observed pre/post comparison requirements pass"
cand-2be24a9fb21c,NATIONAL NATIVE AMERICAN HUMAN RESOURCES ASSOCIATION,reviewed_nonprofit_or_intermediary,not_observed_in_reviewed_exact_id_slice,not_observed_in_reviewed_exact_id_slice,not_observed_in_reviewed_exact_id_slice,not_observed_in_reviewed_exact_id_slice,450477831,IRS/ProPublica dark-money bridge; Intermediary bridge,not_reviewed_for_parent_subsidiary_scope,not_reviewed_for_jurisdiction_scope,not_reviewed_for_jurisdiction_scope,reviewed_exact_identifier_match,codex-source-audit,2026-06-28,EIN=450477831,exact-shared-ein-dark-money-intermediary-v1,0.9500,"reviewed exact-identifier slice from cross-venue adjudication; broader source-product, source-readiness, and calibrated policy-simulation gates remain blocked until row-count, issue-comparability, false-match, and observed pre/post comparison requirements pass"
cand-2a75c6a27195,NATIONAL NEIGHBORWORKS ASSOCIATION,reviewed_nonprofit_or_intermediary,not_observed_in_reviewed_exact_id_slice,not_observed_in_reviewed_exact_id_slice,not_observed_in_reviewed_exact_id_slice,not_observed_in_reviewed_exact_id_slice,364194807,IRS/ProPublica dark-money bridge; Intermediary bridge,not_reviewed_for_parent_subsidiary_scope,not_reviewed_for_jurisdiction_scope,not_reviewed_for_jurisdiction_scope,reviewed_exact_identifier_match,codex-source-audit,2026-06-28,EIN=364194807,exact-shared-ein-dark-money-intermediary-v1,0.9500,"reviewed exact-identifier slice from cross-venue adjudication; broader source-product, source-readiness, and calibrated policy-simulation gates remain blocked until row-count, issue-comparability, false-match, and observed pre/post comparison requirements pass"
cand-d563abc9fc9b,NATIONAL NEWSPAPERS PUBLISHERS ASSOCIATION,reviewed_nonprofit_or_intermediary,not_observed_in_reviewed_exact_id_slice,not_observed_in_reviewed_exact_id_slice,not_observed_in_reviewed_exact_id_slice,not_observed_in_reviewed_exact_id_slice,520982972,IRS/ProPublica dark-money bridge; Intermediary bridge,not_reviewed_for_parent_subsidiary_scope,not_reviewed_for_jurisdiction_scope,not_reviewed_for_jurisdiction_scope,reviewed_exact_identifier_match,codex-source-audit,2026-06-28,EIN=520982972,exact-shared-ein-dark-money-intermediary-v1,0.9500,"reviewed exact-identifier slice from cross-venue adjudication; broader source-product, source-readiness, and calibrated policy-simulation gates remain blocked until row-count, issue-comparability, false-match, and observed pre/post comparison requirements pass"
cand-aa4be1131b53,NATIONAL PASTA ASSOCIATION,reviewed_nonprofit_or_intermediary,not_observed_in_reviewed_exact_id_slice,not_observed_in_reviewed_exact_id_slice,not_observed_in_reviewed_exact_id_slice,not_observed_in_reviewed_exact_id_slice,361524090,IRS/ProPublica dark-money bridge; Intermediary bridge,not_reviewed_for_parent_subsidiary_scope,not_reviewed_for_jurisdiction_scope,not_reviewed_for_jurisdiction_scope,reviewed_exact_identifier_match,codex-source-audit,2026-06-28,EIN=361524090,exact-shared-ein-dark-money-intermediary-v1,0.9500,"reviewed exact-identifier slice from cross-venue adjudication; broader source-product, source-readiness, and calibrated policy-simulation gates remain blocked until row-count, issue-comparability, false-match, and observed pre/post comparison requirements pass"
cand-9d1ec0b555c2,NATIONAL PHARMACEUTICAL COUNCIL INC,reviewed_nonprofit_or_intermediary,not_observed_in_reviewed_exact_id_slice,not_observed_in_reviewed_exact_id_slice,not_observed_in_reviewed_exact_id_slice,not_observed_in_reviewed_exact_id_slice,131772100,IRS/ProPublica dark-money bridge; Intermediary bridge,not_reviewed_for_parent_subsidiary_scope,not_reviewed_for_jurisdiction_scope,not_reviewed_for_jurisdiction_scope,reviewed_exact_identifier_match,codex-source-audit,2026-06-28,EIN=131772100,exact-shared-ein-dark-money-intermediary-v1,0.9500,"reviewed exact-identifier slice from cross-venue adjudication; broader source-product, source-readiness, and calibrated policy-simulation gates remain blocked until row-count, issue-comparability, false-match, and observed pre/post comparison requirements pass"
cand-34711f4df30c,NATIONAL POSTAL POLICY COUNCIL INC,reviewed_nonprofit_or_intermediary,not_observed_in_reviewed_exact_id_slice,not_observed_in_reviewed_exact_id_slice,not_observed_in_reviewed_exact_id_slice,not_observed_in_reviewed_exact_id_slice,521333251,IRS/ProPublica dark-money bridge; Intermediary bridge,not_reviewed_for_parent_subsidiary_scope,not_reviewed_for_jurisdiction_scope,not_reviewed_for_jurisdiction_scope,reviewed_exact_identifier_match,codex-source-audit,2026-06-28,EIN=521333251,exact-shared-ein-dark-money-intermediary-v1,0.9500,"reviewed exact-identifier slice from cross-venue adjudication; broader source-product, source-readiness, and calibrated policy-simulation gates remain blocked until row-count, issue-comparability, false-match, and observed pre/post comparison requirements pass"
cand-c77e4907785a,NATIONAL PROPANE GAS ASSOCIATION INC,reviewed_nonprofit_or_intermediary,not_observed_in_reviewed_exact_id_slice,not_observed_in_reviewed_exact_id_slice,not_observed_in_reviewed_exact_id_slice,not_observed_in_reviewed_exact_id_slice,362087363,IRS/ProPublica dark-money bridge; Intermediary bridge,not_reviewed_for_parent_subsidiary_scope,not_reviewed_for_jurisdiction_scope,not_reviewed_for_jurisdiction_scope,reviewed_exact_identifier_match,codex-source-audit,2026-06-28,EIN=362087363,exact-shared-ein-dark-money-intermediary-v1,0.9500,"reviewed exact-identifier slice from cross-venue adjudication; broader source-product, source-readiness, and calibrated policy-simulation gates remain blocked until row-count, issue-comparability, false-match, and observed pre/post comparison requirements pass"
cand-972901000bd9,NATIONAL PUBLIC EDUCATION ACTION,reviewed_nonprofit_or_intermediary,not_observed_in_reviewed_exact_id_slice,not_observed_in_reviewed_exact_id_slice,not_observed_in_reviewed_exact_id_slice,not_observed_in_reviewed_exact_id_slice,262819027,IRS/ProPublica dark-money bridge; Intermediary bridge,not_reviewed_for_parent_subsidiary_scope,not_reviewed_for_jurisdiction_scope,not_reviewed_for_jurisdiction_scope,reviewed_exact_identifier_match,codex-source-audit,2026-06-28,EIN=262819027,exact-shared-ein-dark-money-intermediary-v1,0.9500,"reviewed exact-identifier slice from cross-venue adjudication; broader source-product, source-readiness, and calibrated policy-simulation gates remain blocked until row-count, issue-comparability, false-match, and observed pre/post comparison requirements pass"
cand-3025abd05833,NATIONAL PUBLIC PENSION COALITION,reviewed_nonprofit_or_intermediary,not_observed_in_reviewed_exact_id_slice,not_observed_in_reviewed_exact_id_slice,not_observed_in_reviewed_exact_id_slice,not_observed_in_reviewed_exact_id_slice,205939282,IRS/ProPublica dark-money bridge; Intermediary bridge,not_reviewed_for_parent_subsidiary_scope,not_reviewed_for_jurisdiction_scope,not_reviewed_for_jurisdiction_scope,reviewed_exact_identifier_match,codex-source-audit,2026-06-28,EIN=205939282,exact-shared-ein-dark-money-intermediary-v1,0.9500,"reviewed exact-identifier slice from cross-venue adjudication; broader source-product, source-readiness, and calibrated policy-simulation gates remain blocked until row-count, issue-comparability, false-match, and observed pre/post comparison requirements pass"
cand-2c00d423c031,NATIONAL RAILROAD CONSTRUCTION & MAINTENANCE ASSOCIATION,reviewed_nonprofit_or_intermediary,not_observed_in_reviewed_exact_id_slice,not_observed_in_reviewed_exact_id_slice,not_observed_in_reviewed_exact_id_slice,not_observed_in_reviewed_exact_id_slice,370990937,IRS/ProPublica dark-money bridge; Intermediary bridge,not_reviewed_for_parent_subsidiary_scope,not_reviewed_for_jurisdiction_scope,not_reviewed_for_jurisdiction_scope,reviewed_exact_identifier_match,codex-source-audit,2026-06-28,EIN=370990937,exact-shared-ein-dark-money-intermediary-v1,0.9500,"reviewed exact-identifier slice from cross-venue adjudication; broader source-product, source-readiness, and calibrated policy-simulation gates remain blocked until row-count, issue-comparability, false-match, and observed pre/post comparison requirements pass"
cand-59fdc99634fb,NATIONAL SPECIAL DISTRICTS ASSOCIATION,reviewed_nonprofit_or_intermediary,not_observed_in_reviewed_exact_id_slice,not_observed_in_reviewed_exact_id_slice,not_observed_in_reviewed_exact_id_slice,not_observed_in_reviewed_exact_id_slice,332638989,IRS/ProPublica dark-money bridge; Intermediary bridge,not_reviewed_for_parent_subsidiary_scope,not_reviewed_for_jurisdiction_scope,not_reviewed_for_jurisdiction_scope,reviewed_exact_identifier_match,codex-source-audit,2026-06-28,EIN=332638989,exact-shared-ein-dark-money-intermediary-v1,0.9500,"reviewed exact-identifier slice from cross-venue adjudication; broader source-product, source-readiness, and calibrated policy-simulation gates remain blocked until row-count, issue-comparability, false-match, and observed pre/post comparison requirements pass"
cand-b1f398d665c7,NATIONAL U S - ARAB CHAMBER OF COMMERCE INC,reviewed_nonprofit_or_intermediary,not_observed_in_reviewed_exact_id_slice,not_observed_in_reviewed_exact_id_slice,not_observed_in_reviewed_exact_id_slice,not_observed_in_reviewed_exact_id_slice,521529937,IRS/ProPublica dark-money bridge; Intermediary bridge,not_reviewed_for_parent_subsidiary_scope,not_reviewed_for_jurisdiction_scope,not_reviewed_for_jurisdiction_scope,reviewed_exact_identifier_match,codex-source-audit,2026-06-28,EIN=521529937,exact-shared-ein-dark-money-intermediary-v1,0.9500,"reviewed exact-identifier slice from cross-venue adjudication; broader source-product, source-readiness, and calibrated policy-simulation gates remain blocked until row-count, issue-comparability, false-match, and observed pre/post comparison requirements pass"
cand-3458da42c713,NATIONAL UTILITY CONTRACTORS ASSOCIATION INC,reviewed_nonprofit_or_intermediary,not_observed_in_reviewed_exact_id_slice,not_observed_in_reviewed_exact_id_slice,not_observed_in_reviewed_exact_id_slice,not_observed_in_reviewed_exact_id_slice,454687582,IRS/ProPublica dark-money bridge; Intermediary bridge,not_reviewed_for_parent_subsidiary_scope,not_reviewed_for_jurisdiction_scope,not_reviewed_for_jurisdiction_scope,reviewed_exact_identifier_match,codex-source-audit,2026-06-28,EIN=454687582,exact-shared-ein-dark-money-intermediary-v1,0.9500,"reviewed exact-identifier slice from cross-venue adjudication; broader source-product, source-readiness, and calibrated policy-simulation gates remain blocked until row-count, issue-comparability, false-match, and observed pre/post comparison requirements pass"
cand-b9fe54fe5bca,NATIONAL VENTURE CAPITAL ASSOCIATION,reviewed_nonprofit_or_intermediary,not_observed_in_reviewed_exact_id_slice,not_observed_in_reviewed_exact_id_slice,not_observed_in_reviewed_exact_id_slice,not_observed_in_reviewed_exact_id_slice,521296842,IRS/ProPublica dark-money bridge; Intermediary bridge,not_reviewed_for_parent_subsidiary_scope,not_reviewed_for_jurisdiction_scope,not_reviewed_for_jurisdiction_scope,reviewed_exact_identifier_match,codex-source-audit,2026-06-28,EIN=521296842,exact-shared-ein-dark-money-intermediary-v1,0.9500,"reviewed exact-identifier slice from cross-venue adjudication; broader source-product, source-readiness, and calibrated policy-simulation gates remain blocked until row-count, issue-comparability, false-match, and observed pre/post comparison requirements pass"
cand-b67031c5b8a7,NATIONAL VETERAN SMALL BUSINESS COALITION,reviewed_nonprofit_or_intermediary,not_observed_in_reviewed_exact_id_slice,not_observed_in_reviewed_exact_id_slice,not_observed_in_reviewed_exact_id_slice,not_observed_in_reviewed_exact_id_slice,272901001,IRS/ProPublica dark-money bridge; Intermediary bridge,not_reviewed_for_parent_subsidiary_scope,not_reviewed_for_jurisdiction_scope,not_reviewed_for_jurisdiction_scope,reviewed_exact_identifier_match,codex-source-audit,2026-06-28,EIN=272901001,exact-shared-ein-dark-money-intermediary-v1,0.9500,"reviewed exact-identifier slice from cross-venue adjudication; broader source-product, source-readiness, and calibrated policy-simulation gates remain blocked until row-count, issue-comparability, false-match, and observed pre/post comparison requirements pass"
cand-dc91a3067e18,NATIONAL WOMENS LAW CENTER ACTION FUND,reviewed_nonprofit_or_intermediary,not_observed_in_reviewed_exact_id_slice,not_observed_in_reviewed_exact_id_slice,not_observed_in_reviewed_exact_id_slice,not_observed_in_reviewed_exact_id_slice,460639645,IRS/ProPublica dark-money bridge; Intermediary bridge,not_reviewed_for_parent_subsidiary_scope,not_reviewed_for_jurisdiction_scope,not_reviewed_for_jurisdiction_scope,reviewed_exact_identifier_match,codex-source-audit,2026-06-28,EIN=460639645,exact-shared-ein-dark-money-intermediary-v1,0.9500,"reviewed exact-identifier slice from cross-venue adjudication; broader source-product, source-readiness, and calibrated policy-simulation gates remain blocked until row-count, issue-comparability, false-match, and observed pre/post comparison requirements pass"
cand-8c0953025cbf,NATIVE AMERICAN CONTRACTORS ASSOCIATION,reviewed_nonprofit_or_intermediary,not_observed_in_reviewed_exact_id_slice,not_observed_in_reviewed_exact_id_slice,not_observed_in_reviewed_exact_id_slice,not_observed_in_reviewed_exact_id_slice,200438232,IRS/ProPublica dark-money bridge; Intermediary bridge,not_reviewed_for_parent_subsidiary_scope,not_reviewed_for_jurisdiction_scope,not_reviewed_for_jurisdiction_scope,reviewed_exact_identifier_match,codex-source-audit,2026-06-28,EIN=200438232,exact-shared-ein-dark-money-intermediary-v1,0.9500,"reviewed exact-identifier slice from cross-venue adjudication; broader source-product, source-readiness, and calibrated policy-simulation gates remain blocked until row-count, issue-comparability, false-match, and observed pre/post comparison requirements pass"
cand-6951bccd6811,NATIVE AMERICAN FINANCIAL SERVICES ASSOCIATION,reviewed_nonprofit_or_intermediary,not_observed_in_reviewed_exact_id_slice,not_observed_in_reviewed_exact_id_slice,not_observed_in_reviewed_exact_id_slice,not_observed_in_reviewed_exact_id_slice,455572815,IRS/ProPublica dark-money bridge; Intermediary bridge,not_reviewed_for_parent_subsidiary_scope,not_reviewed_for_jurisdiction_scope,not_reviewed_for_jurisdiction_scope,reviewed_exact_identifier_match,codex-source-audit,2026-06-28,EIN=455572815,exact-shared-ein-dark-money-intermediary-v1,0.9500,"reviewed exact-identifier slice from cross-venue adjudication; broader source-product, source-readiness, and calibrated policy-simulation gates remain blocked until row-count, issue-comparability, false-match, and observed pre/post comparison requirements pass"
cand-abf8bd8239ed,NATURAL GAS SUPPLY ASSOCIATION,reviewed_nonprofit_or_intermediary,not_observed_in_reviewed_exact_id_slice,not_observed_in_reviewed_exact_id_slice,not_observed_in_reviewed_exact_id_slice,not_observed_in_reviewed_exact_id_slice,520823671,IRS/ProPublica dark-money bridge; Intermediary bridge,not_reviewed_for_parent_subsidiary_scope,not_reviewed_for_jurisdiction_scope,not_reviewed_for_jurisdiction_scope,reviewed_exact_identifier_match,codex-source-audit,2026-06-28,EIN=520823671,exact-shared-ein-dark-money-intermediary-v1,0.9500,"reviewed exact-identifier slice from cross-venue adjudication; broader source-product, source-readiness, and calibrated policy-simulation gates remain blocked until row-count, issue-comparability, false-match, and observed pre/post comparison requirements pass"
cand-77e951dcc3ac,NEW MARKETS TAX CREDIT COALITION,reviewed_nonprofit_or_intermediary,not_observed_in_reviewed_exact_id_slice,not_observed_in_reviewed_exact_id_slice,not_observed_in_reviewed_exact_id_slice,not_observed_in_reviewed_exact_id_slice,331028007,IRS/ProPublica dark-money bridge; Intermediary bridge,not_reviewed_for_parent_subsidiary_scope,not_reviewed_for_jurisdiction_scope,not_reviewed_for_jurisdiction_scope,reviewed_exact_identifier_match,codex-source-audit,2026-06-28,EIN=331028007,exact-shared-ein-dark-money-intermediary-v1,0.9500,"reviewed exact-identifier slice from cross-venue adjudication; broader source-product, source-readiness, and calibrated policy-simulation gates remain blocked until row-count, issue-comparability, false-match, and observed pre/post comparison requirements pass"
cand-df4782fe8f3e,NEW YORK SOCIETY OF ASSOCIATION EXECUTIVES INC,reviewed_nonprofit_or_intermediary,not_observed_in_reviewed_exact_id_slice,not_observed_in_reviewed_exact_id_slice,not_observed_in_reviewed_exact_id_slice,not_observed_in_reviewed_exact_id_slice,237368380,IRS/ProPublica dark-money bridge; Intermediary bridge,not_reviewed_for_parent_subsidiary_scope,not_reviewed_for_jurisdiction_scope,not_reviewed_for_jurisdiction_scope,reviewed_exact_identifier_match,codex-source-audit,2026-06-28,EIN=237368380,exact-shared-ein-dark-money-intermediary-v1,0.9500,"reviewed exact-identifier slice from cross-venue adjudication; broader source-product, source-readiness, and calibrated policy-simulation gates remain blocked until row-count, issue-comparability, false-match, and observed pre/post comparison requirements pass"
cand-af8bdeb9e9f4,NISKANEN CENTER FOR PUBLIC POLICY INC,reviewed_nonprofit_or_intermediary,not_observed_in_reviewed_exact_id_slice,not_observed_in_reviewed_exact_id_slice,not_observed_in_reviewed_exact_id_slice,not_observed_in_reviewed_exact_id_slice,474946572,IRS/ProPublica dark-money bridge; Intermediary bridge,not_reviewed_for_parent_subsidiary_scope,not_reviewed_for_jurisdiction_scope,not_reviewed_for_jurisdiction_scope,reviewed_exact_identifier_match,codex-source-audit,2026-06-28,EIN=474946572,exact-shared-ein-dark-money-intermediary-v1,0.9500,"reviewed exact-identifier slice from cross-venue adjudication; broader source-product, source-readiness, and calibrated policy-simulation gates remain blocked until row-count, issue-comparability, false-match, and observed pre/post comparison requirements pass"
cand-483a01ce5e5f,NONPROFIT KIDNEY CARE ALLIANCE,reviewed_nonprofit_or_intermediary,not_observed_in_reviewed_exact_id_slice,not_observed_in_reviewed_exact_id_slice,not_observed_in_reviewed_exact_id_slice,not_observed_in_reviewed_exact_id_slice,461904678,IRS/ProPublica dark-money bridge; Intermediary bridge,not_reviewed_for_parent_subsidiary_scope,not_reviewed_for_jurisdiction_scope,not_reviewed_for_jurisdiction_scope,reviewed_exact_identifier_match,codex-source-audit,2026-06-28,EIN=461904678,exact-shared-ein-dark-money-intermediary-v1,0.9500,"reviewed exact-identifier slice from cross-venue adjudication; broader source-product, source-readiness, and calibrated policy-simulation gates remain blocked until row-count, issue-comparability, false-match, and observed pre/post comparison requirements pass"
cand-111b16cca8db,NORTH AMERICAN METALS COUNCIL,reviewed_nonprofit_or_intermediary,not_observed_in_reviewed_exact_id_slice,not_observed_in_reviewed_exact_id_slice,not_observed_in_reviewed_exact_id_slice,not_observed_in_reviewed_exact_id_slice,201320884,IRS/ProPublica dark-money bridge; Intermediary bridge,not_reviewed_for_parent_subsidiary_scope,not_reviewed_for_jurisdiction_scope,not_reviewed_for_jurisdiction_scope,reviewed_exact_identifier_match,codex-source-audit,2026-06-28,EIN=201320884,exact-shared-ein-dark-money-intermediary-v1,0.9500,"reviewed exact-identifier slice from cross-venue adjudication; broader source-product, source-readiness, and calibrated policy-simulation gates remain blocked until row-count, issue-comparability, false-match, and observed pre/post comparison requirements pass"
cand-c01ef271413f,NORWEGIAN-AMERICAN CHAMBER OF COMMERCE MID-ATLANTIC CHAPTER INC,reviewed_nonprofit_or_intermediary,not_observed_in_reviewed_exact_id_slice,not_observed_in_reviewed_exact_id_slice,not_observed_in_reviewed_exact_id_slice,not_observed_in_reviewed_exact_id_slice,050536672,IRS/ProPublica dark-money bridge; Intermediary bridge,not_reviewed_for_parent_subsidiary_scope,not_reviewed_for_jurisdiction_scope,not_reviewed_for_jurisdiction_scope,reviewed_exact_identifier_match,codex-source-audit,2026-06-28,EIN=050536672,exact-shared-ein-dark-money-intermediary-v1,0.9500,"reviewed exact-identifier slice from cross-venue adjudication; broader source-product, source-readiness, and calibrated policy-simulation gates remain blocked until row-count, issue-comparability, false-match, and observed pre/post comparison requirements pass"
cand-1d09521c7b04,NORWEGIAN-AMERICAN DEFENSE HOMELAND SECURITY INDUSTRY COUNCIL,reviewed_nonprofit_or_intermediary,not_observed_in_reviewed_exact_id_slice,not_observed_in_reviewed_exact_id_slice,not_observed_in_reviewed_exact_id_slice,not_observed_in_reviewed_exact_id_slice,461045605,IRS/ProPublica dark-money bridge; Intermediary bridge,not_reviewed_for_parent_subsidiary_scope,not_reviewed_for_jurisdiction_scope,not_reviewed_for_jurisdiction_scope,reviewed_exact_identifier_match,codex-source-audit,2026-06-28,EIN=461045605,exact-shared-ein-dark-money-intermediary-v1,0.9500,"reviewed exact-identifier slice from cross-venue adjudication; broader source-product, source-readiness, and calibrated policy-simulation gates remain blocked until row-count, issue-comparability, false-match, and observed pre/post comparison requirements pass"
cand-6d5cb43f8282,NUCLEAR ENERGY INSTITUTE INC,reviewed_nonprofit_or_intermediary,not_observed_in_reviewed_exact_id_slice,not_observed_in_reviewed_exact_id_slice,not_observed_in_reviewed_exact_id_slice,not_observed_in_reviewed_exact_id_slice,521209124,IRS/ProPublica dark-money bridge; Intermediary bridge,not_reviewed_for_parent_subsidiary_scope,not_reviewed_for_jurisdiction_scope,not_reviewed_for_jurisdiction_scope,reviewed_exact_identifier_match,codex-source-audit,2026-06-28,EIN=521209124,exact-shared-ein-dark-money-intermediary-v1,0.9500,"reviewed exact-identifier slice from cross-venue adjudication; broader source-product, source-readiness, and calibrated policy-simulation gates remain blocked until row-count, issue-comparability, false-match, and observed pre/post comparison requirements pass"
cand-19d10453154f,National Restaurant Association,reviewed_nonprofit_or_intermediary,not_observed_in_reviewed_exact_id_slice,not_observed_in_reviewed_exact_id_slice,not_observed_in_reviewed_exact_id_slice,not_observed_in_reviewed_exact_id_slice,361525480,IRS/ProPublica dark-money bridge; Intermediary bridge,not_reviewed_for_parent_subsidiary_scope,not_reviewed_for_jurisdiction_scope,not_reviewed_for_jurisdiction_scope,reviewed_exact_identifier_match,codex-source-audit,2026-06-28,EIN=361525480,exact-shared-ein-dark-money-intermediary-v1,0.9500,"reviewed exact-identifier slice from cross-venue adjudication; broader source-product, source-readiness, and calibrated policy-simulation gates remain blocked until row-count, issue-comparability, false-match, and observed pre/post comparison requirements pass"
cand-ecb36ee150f1,OCEAN CARRIER EQUIPMENT MANAGEMENT ASSOCIATION INC,reviewed_nonprofit_or_intermediary,not_observed_in_reviewed_exact_id_slice,not_observed_in_reviewed_exact_id_slice,not_observed_in_reviewed_exact_id_slice,not_observed_in_reviewed_exact_id_slice,202563404,IRS/ProPublica dark-money bridge; Intermediary bridge,not_reviewed_for_parent_subsidiary_scope,not_reviewed_for_jurisdiction_scope,not_reviewed_for_jurisdiction_scope,reviewed_exact_identifier_match,codex-source-audit,2026-06-28,EIN=202563404,exact-shared-ein-dark-money-intermediary-v1,0.9500,"reviewed exact-identifier slice from cross-venue adjudication; broader source-product, source-readiness, and calibrated policy-simulation gates remain blocked until row-count, issue-comparability, false-match, and observed pre/post comparison requirements pass"
cand-cf3bfcd283a6,OIL AND NATURAL GAS INDUSTRY LABOR MANAGEMENT COMMITTEE,reviewed_nonprofit_or_intermediary,not_observed_in_reviewed_exact_id_slice,not_observed_in_reviewed_exact_id_slice,not_observed_in_reviewed_exact_id_slice,not_observed_in_reviewed_exact_id_slice,270567842,IRS/ProPublica dark-money bridge; Intermediary bridge,not_reviewed_for_parent_subsidiary_scope,not_reviewed_for_jurisdiction_scope,not_reviewed_for_jurisdiction_scope,reviewed_exact_identifier_match,codex-source-audit,2026-06-28,EIN=270567842,exact-shared-ein-dark-money-intermediary-v1,0.9500,"reviewed exact-identifier slice from cross-venue adjudication; broader source-product, source-readiness, and calibrated policy-simulation gates remain blocked until row-count, issue-comparability, false-match, and observed pre/post comparison requirements pass"
cand-2a2f7643b85b,ONE ACTION,reviewed_nonprofit_or_intermediary,not_observed_in_reviewed_exact_id_slice,not_observed_in_reviewed_exact_id_slice,not_observed_in_reviewed_exact_id_slice,not_observed_in_reviewed_exact_id_slice,020544768,IRS/ProPublica dark-money bridge; Intermediary bridge,not_reviewed_for_parent_subsidiary_scope,not_reviewed_for_jurisdiction_scope,not_reviewed_for_jurisdiction_scope,reviewed_exact_identifier_match,codex-source-audit,2026-06-28,EIN=020544768,exact-shared-ein-dark-money-intermediary-v1,0.9500,"reviewed exact-identifier slice from cross-venue adjudication; broader source-product, source-readiness, and calibrated policy-simulation gates remain blocked until row-count, issue-comparability, false-match, and observed pre/post comparison requirements pass"
cand-3b1e1ffa0df0,ORGANIC AND NATURAL HEALTH ASSOCIATION,reviewed_nonprofit_or_intermediary,not_observed_in_reviewed_exact_id_slice,not_observed_in_reviewed_exact_id_slice,not_observed_in_reviewed_exact_id_slice,not_observed_in_reviewed_exact_id_slice,471332618,IRS/ProPublica dark-money bridge; Intermediary bridge,not_reviewed_for_parent_subsidiary_scope,not_reviewed_for_jurisdiction_scope,not_reviewed_for_jurisdiction_scope,reviewed_exact_identifier_match,codex-source-audit,2026-06-28,EIN=471332618,exact-shared-ein-dark-money-intermediary-v1,0.9500,"reviewed exact-identifier slice from cross-venue adjudication; broader source-product, source-readiness, and calibrated policy-simulation gates remain blocked until row-count, issue-comparability, false-match, and observed pre/post comparison requirements pass"
cand-b9e3b9be6673,ORGANIC TRADE ASSOCIATION,reviewed_nonprofit_or_intermediary,not_observed_in_reviewed_exact_id_slice,not_observed_in_reviewed_exact_id_slice,not_observed_in_reviewed_exact_id_slice,not_observed_in_reviewed_exact_id_slice,232341522,IRS/ProPublica dark-money bridge; Intermediary bridge,not_reviewed_for_parent_subsidiary_scope,not_reviewed_for_jurisdiction_scope,not_reviewed_for_jurisdiction_scope,reviewed_exact_identifier_match,codex-source-audit,2026-06-28,EIN=232341522,exact-shared-ein-dark-money-intermediary-v1,0.9500,"reviewed exact-identifier slice from cross-venue adjudication; broader source-product, source-readiness, and calibrated policy-simulation gates remain blocked until row-count, issue-comparability, false-match, and observed pre/post comparison requirements pass"
cand-067ab1f0b704,OUT-OF-HOME ADVERTISING ASSOCIATION OF AMERICA,reviewed_nonprofit_or_intermediary,not_observed_in_reviewed_exact_id_slice,not_observed_in_reviewed_exact_id_slice,not_observed_in_reviewed_exact_id_slice,not_observed_in_reviewed_exact_id_slice,361589720,IRS/ProPublica dark-money bridge; Intermediary bridge,not_reviewed_for_parent_subsidiary_scope,not_reviewed_for_jurisdiction_scope,not_reviewed_for_jurisdiction_scope,reviewed_exact_identifier_match,codex-source-audit,2026-06-28,EIN=361589720,exact-shared-ein-dark-money-intermediary-v1,0.9500,"reviewed exact-identifier slice from cross-venue adjudication; broader source-product, source-readiness, and calibrated policy-simulation gates remain blocked until row-count, issue-comparability, false-match, and observed pre/post comparison requirements pass"
cand-1fd20eda2d60,PERFORMING ARTS ALLIANCE INC,reviewed_nonprofit_or_intermediary,not_observed_in_reviewed_exact_id_slice,not_observed_in_reviewed_exact_id_slice,not_observed_in_reviewed_exact_id_slice,not_observed_in_reviewed_exact_id_slice,521101177,IRS/ProPublica dark-money bridge; Intermediary bridge,not_reviewed_for_parent_subsidiary_scope,not_reviewed_for_jurisdiction_scope,not_reviewed_for_jurisdiction_scope,reviewed_exact_identifier_match,codex-source-audit,2026-06-28,EIN=521101177,exact-shared-ein-dark-money-intermediary-v1,0.9500,"reviewed exact-identifier slice from cross-venue adjudication; broader source-product, source-readiness, and calibrated policy-simulation gates remain blocked until row-count, issue-comparability, false-match, and observed pre/post comparison requirements pass"
cand-be7ae305322e,PERSONAL CARE PRODUCTS COUNCIL,reviewed_nonprofit_or_intermediary,not_observed_in_reviewed_exact_id_slice,not_observed_in_reviewed_exact_id_slice,not_observed_in_reviewed_exact_id_slice,not_observed_in_reviewed_exact_id_slice,131390920,IRS/ProPublica dark-money bridge; Intermediary bridge,not_reviewed_for_parent_subsidiary_scope,not_reviewed_for_jurisdiction_scope,not_reviewed_for_jurisdiction_scope,reviewed_exact_identifier_match,codex-source-audit,2026-06-28,EIN=131390920,exact-shared-ein-dark-money-intermediary-v1,0.9500,"reviewed exact-identifier slice from cross-venue adjudication; broader source-product, source-readiness, and calibrated policy-simulation gates remain blocked until row-count, issue-comparability, false-match, and observed pre/post comparison requirements pass"
cand-7348bd0c6322,PET FOOD INSTITUTE,reviewed_nonprofit_or_intermediary,not_observed_in_reviewed_exact_id_slice,not_observed_in_reviewed_exact_id_slice,not_observed_in_reviewed_exact_id_slice,not_observed_in_reviewed_exact_id_slice,200055176,IRS/ProPublica dark-money bridge; Intermediary bridge,not_reviewed_for_parent_subsidiary_scope,not_reviewed_for_jurisdiction_scope,not_reviewed_for_jurisdiction_scope,reviewed_exact_identifier_match,codex-source-audit,2026-06-28,EIN=200055176,exact-shared-ein-dark-money-intermediary-v1,0.9500,"reviewed exact-identifier slice from cross-venue adjudication; broader source-product, source-readiness, and calibrated policy-simulation gates remain blocked until row-count, issue-comparability, false-match, and observed pre/post comparison requirements pass"
cand-87fc48721187,PET INDUSTRY JOINT ADVISORY COUNCIL,reviewed_nonprofit_or_intermediary,not_observed_in_reviewed_exact_id_slice,not_observed_in_reviewed_exact_id_slice,not_observed_in_reviewed_exact_id_slice,not_observed_in_reviewed_exact_id_slice,237400898,IRS/ProPublica dark-money bridge; Intermediary bridge,not_reviewed_for_parent_subsidiary_scope,not_reviewed_for_jurisdiction_scope,not_reviewed_for_jurisdiction_scope,reviewed_exact_identifier_match,codex-source-audit,2026-06-28,EIN=237400898,exact-shared-ein-dark-money-intermediary-v1,0.9500,"reviewed exact-identifier slice from cross-venue adjudication; broader source-product, source-readiness, and calibrated policy-simulation gates remain blocked until row-count, issue-comparability, false-match, and observed pre/post comparison requirements pass"
cand-7d0de965448d,PHARMACEUTICAL CARE MANAGEMENT ASSOCIATION,reviewed_nonprofit_or_intermediary,not_observed_in_reviewed_exact_id_slice,not_observed_in_reviewed_exact_id_slice,not_observed_in_reviewed_exact_id_slice,not_observed_in_reviewed_exact_id_slice,383676760,IRS/ProPublica dark-money bridge; Intermediary bridge,not_reviewed_for_parent_subsidiary_scope,not_reviewed_for_jurisdiction_scope,not_reviewed_for_jurisdiction_scope,reviewed_exact_identifier_match,codex-source-audit,2026-06-28,EIN=383676760,exact-shared-ein-dark-money-intermediary-v1,0.9500,"reviewed exact-identifier slice from cross-venue adjudication; broader source-product, source-readiness, and calibrated policy-simulation gates remain blocked until row-count, issue-comparability, false-match, and observed pre/post comparison requirements pass"
cand-a535bfd70063,PIPE TOBACCO COUNCIL INC,reviewed_nonprofit_or_intermediary,not_observed_in_reviewed_exact_id_slice,not_observed_in_reviewed_exact_id_slice,not_observed_in_reviewed_exact_id_slice,not_observed_in_reviewed_exact_id_slice,521570660,IRS/ProPublica dark-money bridge; Intermediary bridge,not_reviewed_for_parent_subsidiary_scope,not_reviewed_for_jurisdiction_scope,not_reviewed_for_jurisdiction_scope,reviewed_exact_identifier_match,codex-source-audit,2026-06-28,EIN=521570660,exact-shared-ein-dark-money-intermediary-v1,0.9500,"reviewed exact-identifier slice from cross-venue adjudication; broader source-product, source-readiness, and calibrated policy-simulation gates remain blocked until row-count, issue-comparability, false-match, and observed pre/post comparison requirements pass"
cand-a3cec1110cd8,PIPER M-CLASS OWNERS AND PILOTS ASSOCIATION INC,reviewed_nonprofit_or_intermediary,not_observed_in_reviewed_exact_id_slice,not_observed_in_reviewed_exact_id_slice,not_observed_in_reviewed_exact_id_slice,not_observed_in_reviewed_exact_id_slice,223352499,IRS/ProPublica dark-money bridge; Intermediary bridge,not_reviewed_for_parent_subsidiary_scope,not_reviewed_for_jurisdiction_scope,not_reviewed_for_jurisdiction_scope,reviewed_exact_identifier_match,codex-source-audit,2026-06-28,EIN=223352499,exact-shared-ein-dark-money-intermediary-v1,0.9500,"reviewed exact-identifier slice from cross-venue adjudication; broader source-product, source-readiness, and calibrated policy-simulation gates remain blocked until row-count, issue-comparability, false-match, and observed pre/post comparison requirements pass"
cand-e01d25306095,PLASTICS INDUSTRY ASSOCIATION INC,reviewed_nonprofit_or_intermediary,not_observed_in_reviewed_exact_id_slice,not_observed_in_reviewed_exact_id_slice,not_observed_in_reviewed_exact_id_slice,not_observed_in_reviewed_exact_id_slice,131325282,IRS/ProPublica dark-money bridge; Intermediary bridge,not_reviewed_for_parent_subsidiary_scope,not_reviewed_for_jurisdiction_scope,not_reviewed_for_jurisdiction_scope,reviewed_exact_identifier_match,codex-source-audit,2026-06-28,EIN=131325282,exact-shared-ein-dark-money-intermediary-v1,0.9500,"reviewed exact-identifier slice from cross-venue adjudication; broader source-product, source-readiness, and calibrated policy-simulation gates remain blocked until row-count, issue-comparability, false-match, and observed pre/post comparison requirements pass"
cand-93c28747dbe8,POINT OF CARE COMMUNICATION COUNCIL,reviewed_nonprofit_or_intermediary,not_observed_in_reviewed_exact_id_slice,not_observed_in_reviewed_exact_id_slice,not_observed_in_reviewed_exact_id_slice,not_observed_in_reviewed_exact_id_slice,462945494,IRS/ProPublica dark-money bridge; Intermediary bridge,not_reviewed_for_parent_subsidiary_scope,not_reviewed_for_jurisdiction_scope,not_reviewed_for_jurisdiction_scope,reviewed_exact_identifier_match,codex-source-audit,2026-06-28,EIN=462945494,exact-shared-ein-dark-money-intermediary-v1,0.9500,"reviewed exact-identifier slice from cross-venue adjudication; broader source-product, source-readiness, and calibrated policy-simulation gates remain blocked until row-count, issue-comparability, false-match, and observed pre/post comparison requirements pass"
cand-7870fdc4e2b3,POPULATION CONNECTION ACTION FUND,reviewed_nonprofit_or_intermediary,not_observed_in_reviewed_exact_id_slice,not_observed_in_reviewed_exact_id_slice,not_observed_in_reviewed_exact_id_slice,not_observed_in_reviewed_exact_id_slice,463083014,IRS/ProPublica dark-money bridge; Intermediary bridge,not_reviewed_for_parent_subsidiary_scope,not_reviewed_for_jurisdiction_scope,not_reviewed_for_jurisdiction_scope,reviewed_exact_identifier_match,codex-source-audit,2026-06-28,EIN=463083014,exact-shared-ein-dark-money-intermediary-v1,0.9500,"reviewed exact-identifier slice from cross-venue adjudication; broader source-product, source-readiness, and calibrated policy-simulation gates remain blocked until row-count, issue-comparability, false-match, and observed pre/post comparison requirements pass"
cand-b9471c6446f3,PRESERVATION ACTION,reviewed_nonprofit_or_intermediary,not_observed_in_reviewed_exact_id_slice,not_observed_in_reviewed_exact_id_slice,not_observed_in_reviewed_exact_id_slice,not_observed_in_reviewed_exact_id_slice,237437445,IRS/ProPublica dark-money bridge; Intermediary bridge,not_reviewed_for_parent_subsidiary_scope,not_reviewed_for_jurisdiction_scope,not_reviewed_for_jurisdiction_scope,reviewed_exact_identifier_match,codex-source-audit,2026-06-28,EIN=237437445,exact-shared-ein-dark-money-intermediary-v1,0.9500,"reviewed exact-identifier slice from cross-venue adjudication; broader source-product, source-readiness, and calibrated policy-simulation gates remain blocked until row-count, issue-comparability, false-match, and observed pre/post comparison requirements pass"
cand-39a4ab767128,PUBLIC AFFAIRS COUNCIL INC,reviewed_nonprofit_or_intermediary,not_observed_in_reviewed_exact_id_slice,not_observed_in_reviewed_exact_id_slice,not_observed_in_reviewed_exact_id_slice,not_observed_in_reviewed_exact_id_slice,131790733,IRS/ProPublica dark-money bridge; Intermediary bridge,not_reviewed_for_parent_subsidiary_scope,not_reviewed_for_jurisdiction_scope,not_reviewed_for_jurisdiction_scope,reviewed_exact_identifier_match,codex-source-audit,2026-06-28,EIN=131790733,exact-shared-ein-dark-money-intermediary-v1,0.9500,"reviewed exact-identifier slice from cross-venue adjudication; broader source-product, source-readiness, and calibrated policy-simulation gates remain blocked until row-count, issue-comparability, false-match, and observed pre/post comparison requirements pass"
cand-cfda01fb0508,PUBLIC HOUSING AUTHORITIES DIRECTORS ASSOCIATION,reviewed_nonprofit_or_intermediary,not_observed_in_reviewed_exact_id_slice,not_observed_in_reviewed_exact_id_slice,not_observed_in_reviewed_exact_id_slice,not_observed_in_reviewed_exact_id_slice,222763123,IRS/ProPublica dark-money bridge; Intermediary bridge,not_reviewed_for_parent_subsidiary_scope,not_reviewed_for_jurisdiction_scope,not_reviewed_for_jurisdiction_scope,reviewed_exact_identifier_match,codex-source-audit,2026-06-28,EIN=222763123,exact-shared-ein-dark-money-intermediary-v1,0.9500,"reviewed exact-identifier slice from cross-venue adjudication; broader source-product, source-readiness, and calibrated policy-simulation gates remain blocked until row-count, issue-comparability, false-match, and observed pre/post comparison requirements pass"
cand-15fe5dc95135,PUBLIC POLICY FUND INC,reviewed_nonprofit_or_intermediary,not_observed_in_reviewed_exact_id_slice,not_observed_in_reviewed_exact_id_slice,not_observed_in_reviewed_exact_id_slice,not_observed_in_reviewed_exact_id_slice,205734264,IRS/ProPublica dark-money bridge; Intermediary bridge,not_reviewed_for_parent_subsidiary_scope,not_reviewed_for_jurisdiction_scope,not_reviewed_for_jurisdiction_scope,reviewed_exact_identifier_match,codex-source-audit,2026-06-28,EIN=205734264,exact-shared-ein-dark-money-intermediary-v1,0.9500,"reviewed exact-identifier slice from cross-venue adjudication; broader source-product, source-readiness, and calibrated policy-simulation gates remain blocked until row-count, issue-comparability, false-match, and observed pre/post comparison requirements pass"
cand-7407cb4755b7,PUERTO RICO STATEHOOD COUNCIL,reviewed_nonprofit_or_intermediary,not_observed_in_reviewed_exact_id_slice,not_observed_in_reviewed_exact_id_slice,not_observed_in_reviewed_exact_id_slice,not_observed_in_reviewed_exact_id_slice,461462011,IRS/ProPublica dark-money bridge; Intermediary bridge,not_reviewed_for_parent_subsidiary_scope,not_reviewed_for_jurisdiction_scope,not_reviewed_for_jurisdiction_scope,reviewed_exact_identifier_match,codex-source-audit,2026-06-28,EIN=461462011,exact-shared-ein-dark-money-intermediary-v1,0.9500,"reviewed exact-identifier slice from cross-venue adjudication; broader source-product, source-readiness, and calibrated policy-simulation gates remain blocked until row-count, issue-comparability, false-match, and observed pre/post comparison requirements pass"
cand-b979c216eeb4,RADIO TELEVISION NEWS DIRECTORS ASSOCIATION,reviewed_nonprofit_or_intermediary,not_observed_in_reviewed_exact_id_slice,not_observed_in_reviewed_exact_id_slice,not_observed_in_reviewed_exact_id_slice,not_observed_in_reviewed_exact_id_slice,521452178,IRS/ProPublica dark-money bridge; Intermediary bridge,not_reviewed_for_parent_subsidiary_scope,not_reviewed_for_jurisdiction_scope,not_reviewed_for_jurisdiction_scope,reviewed_exact_identifier_match,codex-source-audit,2026-06-28,EIN=521452178,exact-shared-ein-dark-money-intermediary-v1,0.9500,"reviewed exact-identifier slice from cross-venue adjudication; broader source-product, source-readiness, and calibrated policy-simulation gates remain blocked until row-count, issue-comparability, false-match, and observed pre/post comparison requirements pass"
cand-3dc63396dfb0,RAILWAY ENGINEERING-MAINTENANCE SUPPLIERS ASSOCIATION,reviewed_nonprofit_or_intermediary,not_observed_in_reviewed_exact_id_slice,not_observed_in_reviewed_exact_id_slice,not_observed_in_reviewed_exact_id_slice,not_observed_in_reviewed_exact_id_slice,362269390,IRS/ProPublica dark-money bridge; Intermediary bridge,not_reviewed_for_parent_subsidiary_scope,not_reviewed_for_jurisdiction_scope,not_reviewed_for_jurisdiction_scope,reviewed_exact_identifier_match,codex-source-audit,2026-06-28,EIN=362269390,exact-shared-ein-dark-money-intermediary-v1,0.9500,"reviewed exact-identifier slice from cross-venue adjudication; broader source-product, source-readiness, and calibrated policy-simulation gates remain blocked until row-count, issue-comparability, false-match, and observed pre/post comparison requirements pass"
cand-e03552699047,RAILWAY SUPPLY INSTITUTE INC,reviewed_nonprofit_or_intermediary,not_observed_in_reviewed_exact_id_slice,not_observed_in_reviewed_exact_id_slice,not_observed_in_reviewed_exact_id_slice,not_observed_in_reviewed_exact_id_slice,362483079,IRS/ProPublica dark-money bridge; Intermediary bridge,not_reviewed_for_parent_subsidiary_scope,not_reviewed_for_jurisdiction_scope,not_reviewed_for_jurisdiction_scope,reviewed_exact_identifier_match,codex-source-audit,2026-06-28,EIN=362483079,exact-shared-ein-dark-money-intermediary-v1,0.9500,"reviewed exact-identifier slice from cross-venue adjudication; broader source-product, source-readiness, and calibrated policy-simulation gates remain blocked until row-count, issue-comparability, false-match, and observed pre/post comparison requirements pass"
cand-234eb4eee234,REAL ESTATE VALUATION ADVOCACY ASSOCIATION,reviewed_nonprofit_or_intermediary,not_observed_in_reviewed_exact_id_slice,not_observed_in_reviewed_exact_id_slice,not_observed_in_reviewed_exact_id_slice,not_observed_in_reviewed_exact_id_slice,454238569,IRS/ProPublica dark-money bridge; Intermediary bridge,not_reviewed_for_parent_subsidiary_scope,not_reviewed_for_jurisdiction_scope,not_reviewed_for_jurisdiction_scope,reviewed_exact_identifier_match,codex-source-audit,2026-06-28,EIN=454238569,exact-shared-ein-dark-money-intermediary-v1,0.9500,"reviewed exact-identifier slice from cross-venue adjudication; broader source-product, source-readiness, and calibrated policy-simulation gates remain blocked until row-count, issue-comparability, false-match, and observed pre/post comparison requirements pass"
cand-ae7307f7f83a,RECORD INDUSTRY ASSOCIATION OF AMERICA INC,reviewed_nonprofit_or_intermediary,not_observed_in_reviewed_exact_id_slice,not_observed_in_reviewed_exact_id_slice,not_observed_in_reviewed_exact_id_slice,not_observed_in_reviewed_exact_id_slice,131669037,IRS/ProPublica dark-money bridge; Intermediary bridge,not_reviewed_for_parent_subsidiary_scope,not_reviewed_for_jurisdiction_scope,not_reviewed_for_jurisdiction_scope,reviewed_exact_identifier_match,codex-source-audit,2026-06-28,EIN=131669037,exact-shared-ein-dark-money-intermediary-v1,0.9500,"reviewed exact-identifier slice from cross-venue adjudication; broader source-product, source-readiness, and calibrated policy-simulation gates remain blocked until row-count, issue-comparability, false-match, and observed pre/post comparison requirements pass"
cand-a8c1c6bd3aed,REGIONAL AIRLINE ASSOCIATION,reviewed_nonprofit_or_intermediary,not_observed_in_reviewed_exact_id_slice,not_observed_in_reviewed_exact_id_slice,not_observed_in_reviewed_exact_id_slice,not_observed_in_reviewed_exact_id_slice,521039526,IRS/ProPublica dark-money bridge; Intermediary bridge,not_reviewed_for_parent_subsidiary_scope,not_reviewed_for_jurisdiction_scope,not_reviewed_for_jurisdiction_scope,reviewed_exact_identifier_match,codex-source-audit,2026-06-28,EIN=521039526,exact-shared-ein-dark-money-intermediary-v1,0.9500,"reviewed exact-identifier slice from cross-venue adjudication; broader source-product, source-readiness, and calibrated policy-simulation gates remain blocked until row-count, issue-comparability, false-match, and observed pre/post comparison requirements pass"
cand-4ff05a7e2f33,REINSURANCE ASSOCIATION OF AMERICA,reviewed_nonprofit_or_intermediary,not_observed_in_reviewed_exact_id_slice,not_observed_in_reviewed_exact_id_slice,not_observed_in_reviewed_exact_id_slice,not_observed_in_reviewed_exact_id_slice,520882723,IRS/ProPublica dark-money bridge; Intermediary bridge,not_reviewed_for_parent_subsidiary_scope,not_reviewed_for_jurisdiction_scope,not_reviewed_for_jurisdiction_scope,reviewed_exact_identifier_match,codex-source-audit,2026-06-28,EIN=520882723,exact-shared-ein-dark-money-intermediary-v1,0.9500,"reviewed exact-identifier slice from cross-venue adjudication; broader source-product, source-readiness, and calibrated policy-simulation gates remain blocked until row-count, issue-comparability, false-match, and observed pre/post comparison requirements pass"
cand-46e4e3c8a762,RENEW MASSACHUSETTS COALITION INC,reviewed_nonprofit_or_intermediary,not_observed_in_reviewed_exact_id_slice,not_observed_in_reviewed_exact_id_slice,not_observed_in_reviewed_exact_id_slice,not_observed_in_reviewed_exact_id_slice,043405595,IRS/ProPublica dark-money bridge; Intermediary bridge,not_reviewed_for_parent_subsidiary_scope,not_reviewed_for_jurisdiction_scope,not_reviewed_for_jurisdiction_scope,reviewed_exact_identifier_match,codex-source-audit,2026-06-28,EIN=043405595,exact-shared-ein-dark-money-intermediary-v1,0.9500,"reviewed exact-identifier slice from cross-venue adjudication; broader source-product, source-readiness, and calibrated policy-simulation gates remain blocked until row-count, issue-comparability, false-match, and observed pre/post comparison requirements pass"
cand-8600b0801364,RENEWABLE FUELS ASSOCIATION,reviewed_nonprofit_or_intermediary,not_observed_in_reviewed_exact_id_slice,not_observed_in_reviewed_exact_id_slice,not_observed_in_reviewed_exact_id_slice,not_observed_in_reviewed_exact_id_slice,521203707,IRS/ProPublica dark-money bridge; Intermediary bridge,not_reviewed_for_parent_subsidiary_scope,not_reviewed_for_jurisdiction_scope,not_reviewed_for_jurisdiction_scope,reviewed_exact_identifier_match,codex-source-audit,2026-06-28,EIN=521203707,exact-shared-ein-dark-money-intermediary-v1,0.9500,"reviewed exact-identifier slice from cross-venue adjudication; broader source-product, source-readiness, and calibrated policy-simulation gates remain blocked until row-count, issue-comparability, false-match, and observed pre/post comparison requirements pass"
cand-8456cf7994f3,REPUBLICAN GOVERNORS PUBLIC POLICY COMMITTEE,reviewed_nonprofit_or_intermediary,not_observed_in_reviewed_exact_id_slice,not_observed_in_reviewed_exact_id_slice,not_observed_in_reviewed_exact_id_slice,not_observed_in_reviewed_exact_id_slice,200309803,IRS/ProPublica dark-money bridge; Intermediary bridge,not_reviewed_for_parent_subsidiary_scope,not_reviewed_for_jurisdiction_scope,not_reviewed_for_jurisdiction_scope,reviewed_exact_identifier_match,codex-source-audit,2026-06-28,EIN=200309803,exact-shared-ein-dark-money-intermediary-v1,0.9500,"reviewed exact-identifier slice from cross-venue adjudication; broader source-product, source-readiness, and calibrated policy-simulation gates remain blocked until row-count, issue-comparability, false-match, and observed pre/post comparison requirements pass"
cand-347539e51be8,REPUBLICAN JEWISH COALITION,reviewed_nonprofit_or_intermediary,not_observed_in_reviewed_exact_id_slice,not_observed_in_reviewed_exact_id_slice,not_observed_in_reviewed_exact_id_slice,not_observed_in_reviewed_exact_id_slice,521386172,IRS/ProPublica dark-money bridge; Intermediary bridge,not_reviewed_for_parent_subsidiary_scope,not_reviewed_for_jurisdiction_scope,not_reviewed_for_jurisdiction_scope,reviewed_exact_identifier_match,codex-source-audit,2026-06-28,EIN=521386172,exact-shared-ein-dark-money-intermediary-v1,0.9500,"reviewed exact-identifier slice from cross-venue adjudication; broader source-product, source-readiness, and calibrated policy-simulation gates remain blocked until row-count, issue-comparability, false-match, and observed pre/post comparison requirements pass"
cand-58893355e0ae,RETAIL INDUSTRY LEADERS ASSOCIATION INC,reviewed_nonprofit_or_intermediary,not_observed_in_reviewed_exact_id_slice,not_observed_in_reviewed_exact_id_slice,not_observed_in_reviewed_exact_id_slice,not_observed_in_reviewed_exact_id_slice,042395151,IRS/ProPublica dark-money bridge; Intermediary bridge,not_reviewed_for_parent_subsidiary_scope,not_reviewed_for_jurisdiction_scope,not_reviewed_for_jurisdiction_scope,reviewed_exact_identifier_match,codex-source-audit,2026-06-28,EIN=042395151,exact-shared-ein-dark-money-intermediary-v1,0.9500,"reviewed exact-identifier slice from cross-venue adjudication; broader source-product, source-readiness, and calibrated policy-simulation gates remain blocked until row-count, issue-comparability, false-match, and observed pre/post comparison requirements pass"
cand-c7fa21da700d,RETAIL LITIGATION CENTER INC,reviewed_nonprofit_or_intermediary,not_observed_in_reviewed_exact_id_slice,not_observed_in_reviewed_exact_id_slice,not_observed_in_reviewed_exact_id_slice,not_observed_in_reviewed_exact_id_slice,272188600,IRS/ProPublica dark-money bridge; Intermediary bridge,not_reviewed_for_parent_subsidiary_scope,not_reviewed_for_jurisdiction_scope,not_reviewed_for_jurisdiction_scope,reviewed_exact_identifier_match,codex-source-audit,2026-06-28,EIN=272188600,exact-shared-ein-dark-money-intermediary-v1,0.9500,"reviewed exact-identifier slice from cross-venue adjudication; broader source-product, source-readiness, and calibrated policy-simulation gates remain blocked until row-count, issue-comparability, false-match, and observed pre/post comparison requirements pass"
cand-5383585bfd30,SCHILLER INSTITUTE INC,reviewed_nonprofit_or_intermediary,not_observed_in_reviewed_exact_id_slice,not_observed_in_reviewed_exact_id_slice,not_observed_in_reviewed_exact_id_slice,not_observed_in_reviewed_exact_id_slice,521349184,IRS/ProPublica dark-money bridge; Intermediary bridge,not_reviewed_for_parent_subsidiary_scope,not_reviewed_for_jurisdiction_scope,not_reviewed_for_jurisdiction_scope,reviewed_exact_identifier_match,codex-source-audit,2026-06-28,EIN=521349184,exact-shared-ein-dark-money-intermediary-v1,0.9500,"reviewed exact-identifier slice from cross-venue adjudication; broader source-product, source-readiness, and calibrated policy-simulation gates remain blocked until row-count, issue-comparability, false-match, and observed pre/post comparison requirements pass"
cand-efa81097becf,SECULAR COALITION FOR AMERICA INC,reviewed_nonprofit_or_intermediary,not_observed_in_reviewed_exact_id_slice,not_observed_in_reviewed_exact_id_slice,not_observed_in_reviewed_exact_id_slice,not_observed_in_reviewed_exact_id_slice,260058528,IRS/ProPublica dark-money bridge; Intermediary bridge,not_reviewed_for_parent_subsidiary_scope,not_reviewed_for_jurisdiction_scope,not_reviewed_for_jurisdiction_scope,reviewed_exact_identifier_match,codex-source-audit,2026-06-28,EIN=260058528,exact-shared-ein-dark-money-intermediary-v1,0.9500,"reviewed exact-identifier slice from cross-venue adjudication; broader source-product, source-readiness, and calibrated policy-simulation gates remain blocked until row-count, issue-comparability, false-match, and observed pre/post comparison requirements pass"
cand-8959689fb938,SECURING AMERICAS FUTURE ENERGY ALLIANCE INC,reviewed_nonprofit_or_intermediary,not_observed_in_reviewed_exact_id_slice,not_observed_in_reviewed_exact_id_slice,not_observed_in_reviewed_exact_id_slice,not_observed_in_reviewed_exact_id_slice,201728102,IRS/ProPublica dark-money bridge; Intermediary bridge,not_reviewed_for_parent_subsidiary_scope,not_reviewed_for_jurisdiction_scope,not_reviewed_for_jurisdiction_scope,reviewed_exact_identifier_match,codex-source-audit,2026-06-28,EIN=201728102,exact-shared-ein-dark-money-intermediary-v1,0.9500,"reviewed exact-identifier slice from cross-venue adjudication; broader source-product, source-readiness, and calibrated policy-simulation gates remain blocked until row-count, issue-comparability, false-match, and observed pre/post comparison requirements pass"
cand-dbfa191e20b0,SECURITY HARDWARE DISTRIBUTORS ASSOCIATION INC,reviewed_nonprofit_or_intermediary,not_observed_in_reviewed_exact_id_slice,not_observed_in_reviewed_exact_id_slice,not_observed_in_reviewed_exact_id_slice,not_observed_in_reviewed_exact_id_slice,112301434,IRS/ProPublica dark-money bridge; Intermediary bridge,not_reviewed_for_parent_subsidiary_scope,not_reviewed_for_jurisdiction_scope,not_reviewed_for_jurisdiction_scope,reviewed_exact_identifier_match,codex-source-audit,2026-06-28,EIN=112301434,exact-shared-ein-dark-money-intermediary-v1,0.9500,"reviewed exact-identifier slice from cross-venue adjudication; broader source-product, source-readiness, and calibrated policy-simulation gates remain blocked until row-count, issue-comparability, false-match, and observed pre/post comparison requirements pass"
cand-e92edda1ce9d,SILVER INSTITUTE INC,reviewed_nonprofit_or_intermediary,not_observed_in_reviewed_exact_id_slice,not_observed_in_reviewed_exact_id_slice,not_observed_in_reviewed_exact_id_slice,not_observed_in_reviewed_exact_id_slice,237108453,IRS/ProPublica dark-money bridge; Intermediary bridge,not_reviewed_for_parent_subsidiary_scope,not_reviewed_for_jurisdiction_scope,not_reviewed_for_jurisdiction_scope,reviewed_exact_identifier_match,codex-source-audit,2026-06-28,EIN=237108453,exact-shared-ein-dark-money-intermediary-v1,0.9500,"reviewed exact-identifier slice from cross-venue adjudication; broader source-product, source-readiness, and calibrated policy-simulation gates remain blocked until row-count, issue-comparability, false-match, and observed pre/post comparison requirements pass"
cand-0b4f3fdf9171,SMALL AND SEASONAL BUSINESS LEGAL CENTER,reviewed_nonprofit_or_intermediary,not_observed_in_reviewed_exact_id_slice,not_observed_in_reviewed_exact_id_slice,not_observed_in_reviewed_exact_id_slice,not_observed_in_reviewed_exact_id_slice,473408517,IRS/ProPublica dark-money bridge; Intermediary bridge,not_reviewed_for_parent_subsidiary_scope,not_reviewed_for_jurisdiction_scope,not_reviewed_for_jurisdiction_scope,reviewed_exact_identifier_match,codex-source-audit,2026-06-28,EIN=473408517,exact-shared-ein-dark-money-intermediary-v1,0.9500,"reviewed exact-identifier slice from cross-venue adjudication; broader source-product, source-readiness, and calibrated policy-simulation gates remain blocked until row-count, issue-comparability, false-match, and observed pre/post comparison requirements pass"
cand-8b08589d4bea,SMALL UAV COALITION INC,reviewed_nonprofit_or_intermediary,not_observed_in_reviewed_exact_id_slice,not_observed_in_reviewed_exact_id_slice,not_observed_in_reviewed_exact_id_slice,not_observed_in_reviewed_exact_id_slice,471867920,IRS/ProPublica dark-money bridge; Intermediary bridge,not_reviewed_for_parent_subsidiary_scope,not_reviewed_for_jurisdiction_scope,not_reviewed_for_jurisdiction_scope,reviewed_exact_identifier_match,codex-source-audit,2026-06-28,EIN=471867920,exact-shared-ein-dark-money-intermediary-v1,0.9500,"reviewed exact-identifier slice from cross-venue adjudication; broader source-product, source-readiness, and calibrated policy-simulation gates remain blocked until row-count, issue-comparability, false-match, and observed pre/post comparison requirements pass"
cand-a45f3d18f26f,SOFTWARE PUBLISHERS ASSOCIATION,reviewed_nonprofit_or_intermediary,not_observed_in_reviewed_exact_id_slice,not_observed_in_reviewed_exact_id_slice,not_observed_in_reviewed_exact_id_slice,not_observed_in_reviewed_exact_id_slice,521329859,IRS/ProPublica dark-money bridge; Intermediary bridge,not_reviewed_for_parent_subsidiary_scope,not_reviewed_for_jurisdiction_scope,not_reviewed_for_jurisdiction_scope,reviewed_exact_identifier_match,codex-source-audit,2026-06-28,EIN=521329859,exact-shared-ein-dark-money-intermediary-v1,0.9500,"reviewed exact-identifier slice from cross-venue adjudication; broader source-product, source-readiness, and calibrated policy-simulation gates remain blocked until row-count, issue-comparability, false-match, and observed pre/post comparison requirements pass"
cand-65c538d6d1f7,SOLAR ENERGY INDUSTRIES ASSOCIATION INC,reviewed_nonprofit_or_intermediary,not_observed_in_reviewed_exact_id_slice,not_observed_in_reviewed_exact_id_slice,not_observed_in_reviewed_exact_id_slice,not_observed_in_reviewed_exact_id_slice,521072179,IRS/ProPublica dark-money bridge; Intermediary bridge,not_reviewed_for_parent_subsidiary_scope,not_reviewed_for_jurisdiction_scope,not_reviewed_for_jurisdiction_scope,reviewed_exact_identifier_match,codex-source-audit,2026-06-28,EIN=521072179,exact-shared-ein-dark-money-intermediary-v1,0.9500,"reviewed exact-identifier slice from cross-venue adjudication; broader source-product, source-readiness, and calibrated policy-simulation gates remain blocked until row-count, issue-comparability, false-match, and observed pre/post comparison requirements pass"
cand-3b551f7a0d2a,SORPTIVE MINERALS INSTITUTE,reviewed_nonprofit_or_intermediary,not_observed_in_reviewed_exact_id_slice,not_observed_in_reviewed_exact_id_slice,not_observed_in_reviewed_exact_id_slice,not_observed_in_reviewed_exact_id_slice,237076764,IRS/ProPublica dark-money bridge; Intermediary bridge,not_reviewed_for_parent_subsidiary_scope,not_reviewed_for_jurisdiction_scope,not_reviewed_for_jurisdiction_scope,reviewed_exact_identifier_match,codex-source-audit,2026-06-28,EIN=237076764,exact-shared-ein-dark-money-intermediary-v1,0.9500,"reviewed exact-identifier slice from cross-venue adjudication; broader source-product, source-readiness, and calibrated policy-simulation gates remain blocked until row-count, issue-comparability, false-match, and observed pre/post comparison requirements pass"
cand-baaa9163632b,SPORTS AND FITNESS INDUSTRY ASSOCIATION,reviewed_nonprofit_or_intermediary,not_observed_in_reviewed_exact_id_slice,not_observed_in_reviewed_exact_id_slice,not_observed_in_reviewed_exact_id_slice,not_observed_in_reviewed_exact_id_slice,360753520,IRS/ProPublica dark-money bridge; Intermediary bridge,not_reviewed_for_parent_subsidiary_scope,not_reviewed_for_jurisdiction_scope,not_reviewed_for_jurisdiction_scope,reviewed_exact_identifier_match,codex-source-audit,2026-06-28,EIN=360753520,exact-shared-ein-dark-money-intermediary-v1,0.9500,"reviewed exact-identifier slice from cross-venue adjudication; broader source-product, source-readiness, and calibrated policy-simulation gates remain blocked until row-count, issue-comparability, false-match, and observed pre/post comparison requirements pass"
cand-6be3489ca5f7,SPORTS FANS COALITION INC,reviewed_nonprofit_or_intermediary,not_observed_in_reviewed_exact_id_slice,not_observed_in_reviewed_exact_id_slice,not_observed_in_reviewed_exact_id_slice,not_observed_in_reviewed_exact_id_slice,270757185,IRS/ProPublica dark-money bridge; Intermediary bridge,not_reviewed_for_parent_subsidiary_scope,not_reviewed_for_jurisdiction_scope,not_reviewed_for_jurisdiction_scope,reviewed_exact_identifier_match,codex-source-audit,2026-06-28,EIN=270757185,exact-shared-ein-dark-money-intermediary-v1,0.9500,"reviewed exact-identifier slice from cross-venue adjudication; broader source-product, source-readiness, and calibrated policy-simulation gates remain blocked until row-count, issue-comparability, false-match, and observed pre/post comparison requirements pass"
cand-e3422eb2785e,STATE GOVERNMENT LEADERSHIP FOUNDATION,reviewed_nonprofit_or_intermediary,not_observed_in_reviewed_exact_id_slice,not_observed_in_reviewed_exact_id_slice,not_observed_in_reviewed_exact_id_slice,not_observed_in_reviewed_exact_id_slice,200505849,IRS/ProPublica dark-money bridge; Intermediary bridge,not_reviewed_for_parent_subsidiary_scope,not_reviewed_for_jurisdiction_scope,not_reviewed_for_jurisdiction_scope,reviewed_exact_identifier_match,codex-source-audit,2026-06-28,EIN=200505849,exact-shared-ein-dark-money-intermediary-v1,0.9500,"reviewed exact-identifier slice from cross-venue adjudication; broader source-product, source-readiness, and calibrated policy-simulation gates remain blocked until row-count, issue-comparability, false-match, and observed pre/post comparison requirements pass"
cand-b743102d6ac5,STEM EDUCATION COALITION INC,reviewed_nonprofit_or_intermediary,not_observed_in_reviewed_exact_id_slice,not_observed_in_reviewed_exact_id_slice,not_observed_in_reviewed_exact_id_slice,not_observed_in_reviewed_exact_id_slice,472094530,IRS/ProPublica dark-money bridge; Intermediary bridge,not_reviewed_for_parent_subsidiary_scope,not_reviewed_for_jurisdiction_scope,not_reviewed_for_jurisdiction_scope,reviewed_exact_identifier_match,codex-source-audit,2026-06-28,EIN=472094530,exact-shared-ein-dark-money-intermediary-v1,0.9500,"reviewed exact-identifier slice from cross-venue adjudication; broader source-product, source-readiness, and calibrated policy-simulation gates remain blocked until row-count, issue-comparability, false-match, and observed pre/post comparison requirements pass"
cand-df6c72253d8e,STOP CHILD PREDATORS COALITION,reviewed_nonprofit_or_intermediary,not_observed_in_reviewed_exact_id_slice,not_observed_in_reviewed_exact_id_slice,not_observed_in_reviewed_exact_id_slice,not_observed_in_reviewed_exact_id_slice,300348385,IRS/ProPublica dark-money bridge; Intermediary bridge,not_reviewed_for_parent_subsidiary_scope,not_reviewed_for_jurisdiction_scope,not_reviewed_for_jurisdiction_scope,reviewed_exact_identifier_match,codex-source-audit,2026-06-28,EIN=300348385,exact-shared-ein-dark-money-intermediary-v1,0.9500,"reviewed exact-identifier slice from cross-venue adjudication; broader source-product, source-readiness, and calibrated policy-simulation gates remain blocked until row-count, issue-comparability, false-match, and observed pre/post comparison requirements pass"
cand-5058c0d3892a,STRUCTURAL ENGINEERING ASSOCIATION OF METROPOLITAN WASHINGTON,reviewed_nonprofit_or_intermediary,not_observed_in_reviewed_exact_id_slice,not_observed_in_reviewed_exact_id_slice,not_observed_in_reviewed_exact_id_slice,not_observed_in_reviewed_exact_id_slice,205863317,IRS/ProPublica dark-money bridge; Intermediary bridge,not_reviewed_for_parent_subsidiary_scope,not_reviewed_for_jurisdiction_scope,not_reviewed_for_jurisdiction_scope,reviewed_exact_identifier_match,codex-source-audit,2026-06-28,EIN=205863317,exact-shared-ein-dark-money-intermediary-v1,0.9500,"reviewed exact-identifier slice from cross-venue adjudication; broader source-product, source-readiness, and calibrated policy-simulation gates remain blocked until row-count, issue-comparability, false-match, and observed pre/post comparison requirements pass"
cand-c6dda9874e7a,SUGAR ASSOCIATION INC,reviewed_nonprofit_or_intermediary,not_observed_in_reviewed_exact_id_slice,not_observed_in_reviewed_exact_id_slice,not_observed_in_reviewed_exact_id_slice,not_observed_in_reviewed_exact_id_slice,132614920,IRS/ProPublica dark-money bridge; Intermediary bridge,not_reviewed_for_parent_subsidiary_scope,not_reviewed_for_jurisdiction_scope,not_reviewed_for_jurisdiction_scope,reviewed_exact_identifier_match,codex-source-audit,2026-06-28,EIN=132614920,exact-shared-ein-dark-money-intermediary-v1,0.9500,"reviewed exact-identifier slice from cross-venue adjudication; broader source-product, source-readiness, and calibrated policy-simulation gates remain blocked until row-count, issue-comparability, false-match, and observed pre/post comparison requirements pass"
cand-b71ba00d1496,SURETY & FIDELITY ASSOCIATION OF AMERICA,reviewed_nonprofit_or_intermediary,not_observed_in_reviewed_exact_id_slice,not_observed_in_reviewed_exact_id_slice,not_observed_in_reviewed_exact_id_slice,not_observed_in_reviewed_exact_id_slice,260003391,IRS/ProPublica dark-money bridge; Intermediary bridge,not_reviewed_for_parent_subsidiary_scope,not_reviewed_for_jurisdiction_scope,not_reviewed_for_jurisdiction_scope,reviewed_exact_identifier_match,codex-source-audit,2026-06-28,EIN=260003391,exact-shared-ein-dark-money-intermediary-v1,0.9500,"reviewed exact-identifier slice from cross-venue adjudication; broader source-product, source-readiness, and calibrated policy-simulation gates remain blocked until row-count, issue-comparability, false-match, and observed pre/post comparison requirements pass"
cand-5ff5e0f1faa2,SWEDISH-AMERICAN CHAMBER OF COMMERCE OF THE USA INC,reviewed_nonprofit_or_intermediary,not_observed_in_reviewed_exact_id_slice,not_observed_in_reviewed_exact_id_slice,not_observed_in_reviewed_exact_id_slice,not_observed_in_reviewed_exact_id_slice,133871781,IRS/ProPublica dark-money bridge; Intermediary bridge,not_reviewed_for_parent_subsidiary_scope,not_reviewed_for_jurisdiction_scope,not_reviewed_for_jurisdiction_scope,reviewed_exact_identifier_match,codex-source-audit,2026-06-28,EIN=133871781,exact-shared-ein-dark-money-intermediary-v1,0.9500,"reviewed exact-identifier slice from cross-venue adjudication; broader source-product, source-readiness, and calibrated policy-simulation gates remain blocked until row-count, issue-comparability, false-match, and observed pre/post comparison requirements pass"
cand-ac3e99c31f4b,SWEETENER USERS ASSOCIATION,reviewed_nonprofit_or_intermediary,not_observed_in_reviewed_exact_id_slice,not_observed_in_reviewed_exact_id_slice,not_observed_in_reviewed_exact_id_slice,not_observed_in_reviewed_exact_id_slice,521493563,IRS/ProPublica dark-money bridge; Intermediary bridge,not_reviewed_for_parent_subsidiary_scope,not_reviewed_for_jurisdiction_scope,not_reviewed_for_jurisdiction_scope,reviewed_exact_identifier_match,codex-source-audit,2026-06-28,EIN=521493563,exact-shared-ein-dark-money-intermediary-v1,0.9500,"reviewed exact-identifier slice from cross-venue adjudication; broader source-product, source-readiness, and calibrated policy-simulation gates remain blocked until row-count, issue-comparability, false-match, and observed pre/post comparison requirements pass"
cand-cb00df762e1f,TAX COUNCIL,reviewed_nonprofit_or_intermediary,not_observed_in_reviewed_exact_id_slice,not_observed_in_reviewed_exact_id_slice,not_observed_in_reviewed_exact_id_slice,not_observed_in_reviewed_exact_id_slice,520845970,IRS/ProPublica dark-money bridge; Intermediary bridge,not_reviewed_for_parent_subsidiary_scope,not_reviewed_for_jurisdiction_scope,not_reviewed_for_jurisdiction_scope,reviewed_exact_identifier_match,codex-source-audit,2026-06-28,EIN=520845970,exact-shared-ein-dark-money-intermediary-v1,0.9500,"reviewed exact-identifier slice from cross-venue adjudication; broader source-product, source-readiness, and calibrated policy-simulation gates remain blocked until row-count, issue-comparability, false-match, and observed pre/post comparison requirements pass"
cand-7223b22ffda1,TAX EXECUTIVES INSTITUTE INC,reviewed_nonprofit_or_intermediary,not_observed_in_reviewed_exact_id_slice,not_observed_in_reviewed_exact_id_slice,not_observed_in_reviewed_exact_id_slice,not_observed_in_reviewed_exact_id_slice,520239291,IRS/ProPublica dark-money bridge; Intermediary bridge,not_reviewed_for_parent_subsidiary_scope,not_reviewed_for_jurisdiction_scope,not_reviewed_for_jurisdiction_scope,reviewed_exact_identifier_match,codex-source-audit,2026-06-28,EIN=520239291,exact-shared-ein-dark-money-intermediary-v1,0.9500,"reviewed exact-identifier slice from cross-venue adjudication; broader source-product, source-readiness, and calibrated policy-simulation gates remain blocked until row-count, issue-comparability, false-match, and observed pre/post comparison requirements pass"
cand-18542109f41f,TAXPAYERS PROTECTION ALLIANCE,reviewed_nonprofit_or_intermediary,not_observed_in_reviewed_exact_id_slice,not_observed_in_reviewed_exact_id_slice,not_observed_in_reviewed_exact_id_slice,not_observed_in_reviewed_exact_id_slice,450702828,IRS/ProPublica dark-money bridge; Intermediary bridge,not_reviewed_for_parent_subsidiary_scope,not_reviewed_for_jurisdiction_scope,not_reviewed_for_jurisdiction_scope,reviewed_exact_identifier_match,codex-source-audit,2026-06-28,EIN=450702828,exact-shared-ein-dark-money-intermediary-v1,0.9500,"reviewed exact-identifier slice from cross-venue adjudication; broader source-product, source-readiness, and calibrated policy-simulation gates remain blocked until row-count, issue-comparability, false-match, and observed pre/post comparison requirements pass"
cand-2cff623c3dc2,THE AFFORDABLE HOUSING TAX CREDIT COALITION,reviewed_nonprofit_or_intermediary,not_observed_in_reviewed_exact_id_slice,not_observed_in_reviewed_exact_id_slice,not_observed_in_reviewed_exact_id_slice,not_observed_in_reviewed_exact_id_slice,521564149,IRS/ProPublica dark-money bridge; Intermediary bridge,not_reviewed_for_parent_subsidiary_scope,not_reviewed_for_jurisdiction_scope,not_reviewed_for_jurisdiction_scope,reviewed_exact_identifier_match,codex-source-audit,2026-06-28,EIN=521564149,exact-shared-ein-dark-money-intermediary-v1,0.9500,"reviewed exact-identifier slice from cross-venue adjudication; broader source-product, source-readiness, and calibrated policy-simulation gates remain blocked until row-count, issue-comparability, false-match, and observed pre/post comparison requirements pass"
cand-85a0e6bda2e1,THE ASSOCIATION FOR HOSE & ACCESSORIES DISTRIBUTION,reviewed_nonprofit_or_intermediary,not_observed_in_reviewed_exact_id_slice,not_observed_in_reviewed_exact_id_slice,not_observed_in_reviewed_exact_id_slice,not_observed_in_reviewed_exact_id_slice,232324931,IRS/ProPublica dark-money bridge; Intermediary bridge,not_reviewed_for_parent_subsidiary_scope,not_reviewed_for_jurisdiction_scope,not_reviewed_for_jurisdiction_scope,reviewed_exact_identifier_match,codex-source-audit,2026-06-28,EIN=232324931,exact-shared-ein-dark-money-intermediary-v1,0.9500,"reviewed exact-identifier slice from cross-venue adjudication; broader source-product, source-readiness, and calibrated policy-simulation gates remain blocked until row-count, issue-comparability, false-match, and observed pre/post comparison requirements pass"
cand-0678168fbf9b,THE CLINICAL RESEARCH FORUM INC,reviewed_nonprofit_or_intermediary,not_observed_in_reviewed_exact_id_slice,not_observed_in_reviewed_exact_id_slice,not_observed_in_reviewed_exact_id_slice,not_observed_in_reviewed_exact_id_slice,043809491,IRS/ProPublica dark-money bridge; Intermediary bridge,not_reviewed_for_parent_subsidiary_scope,not_reviewed_for_jurisdiction_scope,not_reviewed_for_jurisdiction_scope,reviewed_exact_identifier_match,codex-source-audit,2026-06-28,EIN=043809491,exact-shared-ein-dark-money-intermediary-v1,0.9500,"reviewed exact-identifier slice from cross-venue adjudication; broader source-product, source-readiness, and calibrated policy-simulation gates remain blocked until row-count, issue-comparability, false-match, and observed pre/post comparison requirements pass"
cand-ddb5d545257a,THE FAIRNESS PROJECT,reviewed_nonprofit_or_intermediary,not_observed_in_reviewed_exact_id_slice,not_observed_in_reviewed_exact_id_slice,not_observed_in_reviewed_exact_id_slice,not_observed_in_reviewed_exact_id_slice,371779557,IRS/ProPublica dark-money bridge; Intermediary bridge,not_reviewed_for_parent_subsidiary_scope,not_reviewed_for_jurisdiction_scope,not_reviewed_for_jurisdiction_scope,reviewed_exact_identifier_match,codex-source-audit,2026-06-28,EIN=371779557,exact-shared-ein-dark-money-intermediary-v1,0.9500,"reviewed exact-identifier slice from cross-venue adjudication; broader source-product, source-readiness, and calibrated policy-simulation gates remain blocked until row-count, issue-comparability, false-match, and observed pre/post comparison requirements pass"
cand-daf754ed1e53,THE IRANIAN-AMERICAN BAR ASSOCIATION,reviewed_nonprofit_or_intermediary,not_observed_in_reviewed_exact_id_slice,not_observed_in_reviewed_exact_id_slice,not_observed_in_reviewed_exact_id_slice,not_observed_in_reviewed_exact_id_slice,311787382,IRS/ProPublica dark-money bridge; Intermediary bridge,not_reviewed_for_parent_subsidiary_scope,not_reviewed_for_jurisdiction_scope,not_reviewed_for_jurisdiction_scope,reviewed_exact_identifier_match,codex-source-audit,2026-06-28,EIN=311787382,exact-shared-ein-dark-money-intermediary-v1,0.9500,"reviewed exact-identifier slice from cross-venue adjudication; broader source-product, source-readiness, and calibrated policy-simulation gates remain blocked until row-count, issue-comparability, false-match, and observed pre/post comparison requirements pass"
cand-6845c6d90585,THE NETWORK,reviewed_nonprofit_or_intermediary,not_observed_in_reviewed_exact_id_slice,not_observed_in_reviewed_exact_id_slice,not_observed_in_reviewed_exact_id_slice,not_observed_in_reviewed_exact_id_slice,520984255,IRS/ProPublica dark-money bridge; Intermediary bridge,not_reviewed_for_parent_subsidiary_scope,not_reviewed_for_jurisdiction_scope,not_reviewed_for_jurisdiction_scope,reviewed_exact_identifier_match,codex-source-audit,2026-06-28,EIN=520984255,exact-shared-ein-dark-money-intermediary-v1,0.9500,"reviewed exact-identifier slice from cross-venue adjudication; broader source-product, source-readiness, and calibrated policy-simulation gates remain blocked until row-count, issue-comparability, false-match, and observed pre/post comparison requirements pass"
cand-76bd97ce86d8,THE PALISADES CITIZENS ASSOCIATION INCORPORATED,reviewed_nonprofit_or_intermediary,not_observed_in_reviewed_exact_id_slice,not_observed_in_reviewed_exact_id_slice,not_observed_in_reviewed_exact_id_slice,not_observed_in_reviewed_exact_id_slice,520040356,IRS/ProPublica dark-money bridge; Intermediary bridge,not_reviewed_for_parent_subsidiary_scope,not_reviewed_for_jurisdiction_scope,not_reviewed_for_jurisdiction_scope,reviewed_exact_identifier_match,codex-source-audit,2026-06-28,EIN=520040356,exact-shared-ein-dark-money-intermediary-v1,0.9500,"reviewed exact-identifier slice from cross-venue adjudication; broader source-product, source-readiness, and calibrated policy-simulation gates remain blocked until row-count, issue-comparability, false-match, and observed pre/post comparison requirements pass"
cand-8615552d8b28,THIRD PARTY PAYMENT PROCESSORS ASSOCIATION LLC,reviewed_nonprofit_or_intermediary,not_observed_in_reviewed_exact_id_slice,not_observed_in_reviewed_exact_id_slice,not_observed_in_reviewed_exact_id_slice,not_observed_in_reviewed_exact_id_slice,463295294,IRS/ProPublica dark-money bridge; Intermediary bridge,not_reviewed_for_parent_subsidiary_scope,not_reviewed_for_jurisdiction_scope,not_reviewed_for_jurisdiction_scope,reviewed_exact_identifier_match,codex-source-audit,2026-06-28,EIN=463295294,exact-shared-ein-dark-money-intermediary-v1,0.9500,"reviewed exact-identifier slice from cross-venue adjudication; broader source-product, source-readiness, and calibrated policy-simulation gates remain blocked until row-count, issue-comparability, false-match, and observed pre/post comparison requirements pass"
cand-2b82de344fed,TRIAL LAWYERS ASSOCIATION OF METROPOLITIAN WASHINGTON DC,reviewed_nonprofit_or_intermediary,not_observed_in_reviewed_exact_id_slice,not_observed_in_reviewed_exact_id_slice,not_observed_in_reviewed_exact_id_slice,not_observed_in_reviewed_exact_id_slice,521437736,IRS/ProPublica dark-money bridge; Intermediary bridge,not_reviewed_for_parent_subsidiary_scope,not_reviewed_for_jurisdiction_scope,not_reviewed_for_jurisdiction_scope,reviewed_exact_identifier_match,codex-source-audit,2026-06-28,EIN=521437736,exact-shared-ein-dark-money-intermediary-v1,0.9500,"reviewed exact-identifier slice from cross-venue adjudication; broader source-product, source-readiness, and calibrated policy-simulation gates remain blocked until row-count, issue-comparability, false-match, and observed pre/post comparison requirements pass"
cand-996b6616279b,TRUMAN NATIONAL SECURITY PROJECT INC,reviewed_nonprofit_or_intermediary,not_observed_in_reviewed_exact_id_slice,not_observed_in_reviewed_exact_id_slice,not_observed_in_reviewed_exact_id_slice,not_observed_in_reviewed_exact_id_slice,201597444,IRS/ProPublica dark-money bridge; Intermediary bridge,not_reviewed_for_parent_subsidiary_scope,not_reviewed_for_jurisdiction_scope,not_reviewed_for_jurisdiction_scope,reviewed_exact_identifier_match,codex-source-audit,2026-06-28,EIN=201597444,exact-shared-ein-dark-money-intermediary-v1,0.9500,"reviewed exact-identifier slice from cross-venue adjudication; broader source-product, source-readiness, and calibrated policy-simulation gates remain blocked until row-count, issue-comparability, false-match, and observed pre/post comparison requirements pass"
cand-cf10b8e81354,U S RUSSIA FOUNDATION FOR ECNOMIC ADVANCEMENT AND THE RULE OF LAW,reviewed_nonprofit_or_intermediary,not_observed_in_reviewed_exact_id_slice,not_observed_in_reviewed_exact_id_slice,not_observed_in_reviewed_exact_id_slice,not_observed_in_reviewed_exact_id_slice,010732928,IRS/ProPublica dark-money bridge; Intermediary bridge,not_reviewed_for_parent_subsidiary_scope,not_reviewed_for_jurisdiction_scope,not_reviewed_for_jurisdiction_scope,reviewed_exact_identifier_match,codex-source-audit,2026-06-28,EIN=010732928,exact-shared-ein-dark-money-intermediary-v1,0.9500,"reviewed exact-identifier slice from cross-venue adjudication; broader source-product, source-readiness, and calibrated policy-simulation gates remain blocked until row-count, issue-comparability, false-match, and observed pre/post comparison requirements pass"
cand-215558e65472,UNIDOSUS ACTION FUND INC,reviewed_nonprofit_or_intermediary,not_observed_in_reviewed_exact_id_slice,not_observed_in_reviewed_exact_id_slice,not_observed_in_reviewed_exact_id_slice,not_observed_in_reviewed_exact_id_slice,455341145,IRS/ProPublica dark-money bridge; Intermediary bridge,not_reviewed_for_parent_subsidiary_scope,not_reviewed_for_jurisdiction_scope,not_reviewed_for_jurisdiction_scope,reviewed_exact_identifier_match,codex-source-audit,2026-06-28,EIN=455341145,exact-shared-ein-dark-money-intermediary-v1,0.9500,"reviewed exact-identifier slice from cross-venue adjudication; broader source-product, source-readiness, and calibrated policy-simulation gates remain blocked until row-count, issue-comparability, false-match, and observed pre/post comparison requirements pass"
cand-39e5d5fb45ce,UNITED STATES ADVANCED CERAMICS ASSOCIATION,reviewed_nonprofit_or_intermediary,not_observed_in_reviewed_exact_id_slice,not_observed_in_reviewed_exact_id_slice,not_observed_in_reviewed_exact_id_slice,not_observed_in_reviewed_exact_id_slice,521459687,IRS/ProPublica dark-money bridge; Intermediary bridge,not_reviewed_for_parent_subsidiary_scope,not_reviewed_for_jurisdiction_scope,not_reviewed_for_jurisdiction_scope,reviewed_exact_identifier_match,codex-source-audit,2026-06-28,EIN=521459687,exact-shared-ein-dark-money-intermediary-v1,0.9500,"reviewed exact-identifier slice from cross-venue adjudication; broader source-product, source-readiness, and calibrated policy-simulation gates remain blocked until row-count, issue-comparability, false-match, and observed pre/post comparison requirements pass"
cand-51eda8e1f221,UNITED STATES ADVANCED TELEVISION SYSTEMS COMMITTEE,reviewed_nonprofit_or_intermediary,not_observed_in_reviewed_exact_id_slice,not_observed_in_reviewed_exact_id_slice,not_observed_in_reviewed_exact_id_slice,not_observed_in_reviewed_exact_id_slice,521324090,IRS/ProPublica dark-money bridge; Intermediary bridge,not_reviewed_for_parent_subsidiary_scope,not_reviewed_for_jurisdiction_scope,not_reviewed_for_jurisdiction_scope,reviewed_exact_identifier_match,codex-source-audit,2026-06-28,EIN=521324090,exact-shared-ein-dark-money-intermediary-v1,0.9500,"reviewed exact-identifier slice from cross-venue adjudication; broader source-product, source-readiness, and calibrated policy-simulation gates remain blocked until row-count, issue-comparability, false-match, and observed pre/post comparison requirements pass"
cand-83ddf3c57471,UNITED STATES FOOTWEAR MANUFACTURERS ASSOCIATION INC,reviewed_nonprofit_or_intermediary,not_observed_in_reviewed_exact_id_slice,not_observed_in_reviewed_exact_id_slice,not_observed_in_reviewed_exact_id_slice,not_observed_in_reviewed_exact_id_slice,042943719,IRS/ProPublica dark-money bridge; Intermediary bridge,not_reviewed_for_parent_subsidiary_scope,not_reviewed_for_jurisdiction_scope,not_reviewed_for_jurisdiction_scope,reviewed_exact_identifier_match,codex-source-audit,2026-06-28,EIN=042943719,exact-shared-ein-dark-money-intermediary-v1,0.9500,"reviewed exact-identifier slice from cross-venue adjudication; broader source-product, source-readiness, and calibrated policy-simulation gates remain blocked until row-count, issue-comparability, false-match, and observed pre/post comparison requirements pass"
cand-c6608b7d23cc,UNITED STATES HISPANIC CHAMBER OF COMMERCE,reviewed_nonprofit_or_intermediary,not_observed_in_reviewed_exact_id_slice,not_observed_in_reviewed_exact_id_slice,not_observed_in_reviewed_exact_id_slice,not_observed_in_reviewed_exact_id_slice,431249249,IRS/ProPublica dark-money bridge; Intermediary bridge,not_reviewed_for_parent_subsidiary_scope,not_reviewed_for_jurisdiction_scope,not_reviewed_for_jurisdiction_scope,reviewed_exact_identifier_match,codex-source-audit,2026-06-28,EIN=431249249,exact-shared-ein-dark-money-intermediary-v1,0.9500,"reviewed exact-identifier slice from cross-venue adjudication; broader source-product, source-readiness, and calibrated policy-simulation gates remain blocked until row-count, issue-comparability, false-match, and observed pre/post comparison requirements pass"
cand-9fe02cbb80ae,URBAN SERVING UNIVERSITIES COALITION INC,reviewed_nonprofit_or_intermediary,not_observed_in_reviewed_exact_id_slice,not_observed_in_reviewed_exact_id_slice,not_observed_in_reviewed_exact_id_slice,not_observed_in_reviewed_exact_id_slice,432065865,IRS/ProPublica dark-money bridge; Intermediary bridge,not_reviewed_for_parent_subsidiary_scope,not_reviewed_for_jurisdiction_scope,not_reviewed_for_jurisdiction_scope,reviewed_exact_identifier_match,codex-source-audit,2026-06-28,EIN=432065865,exact-shared-ein-dark-money-intermediary-v1,0.9500,"reviewed exact-identifier slice from cross-venue adjudication; broader source-product, source-readiness, and calibrated policy-simulation gates remain blocked until row-count, issue-comparability, false-match, and observed pre/post comparison requirements pass"
cand-21054fc23222,US - UAE BUSINESS COUNCIL,reviewed_nonprofit_or_intermediary,not_observed_in_reviewed_exact_id_slice,not_observed_in_reviewed_exact_id_slice,not_observed_in_reviewed_exact_id_slice,not_observed_in_reviewed_exact_id_slice,271382753,IRS/ProPublica dark-money bridge; Intermediary bridge,not_reviewed_for_parent_subsidiary_scope,not_reviewed_for_jurisdiction_scope,not_reviewed_for_jurisdiction_scope,reviewed_exact_identifier_match,codex-source-audit,2026-06-28,EIN=271382753,exact-shared-ein-dark-money-intermediary-v1,0.9500,"reviewed exact-identifier slice from cross-venue adjudication; broader source-product, source-readiness, and calibrated policy-simulation gates remain blocked until row-count, issue-comparability, false-match, and observed pre/post comparison requirements pass"
cand-8f76419481ff,US CHINA BUSINESS COUNCIL,reviewed_nonprofit_or_intermediary,not_observed_in_reviewed_exact_id_slice,not_observed_in_reviewed_exact_id_slice,not_observed_in_reviewed_exact_id_slice,not_observed_in_reviewed_exact_id_slice,237275160,IRS/ProPublica dark-money bridge; Intermediary bridge,not_reviewed_for_parent_subsidiary_scope,not_reviewed_for_jurisdiction_scope,not_reviewed_for_jurisdiction_scope,reviewed_exact_identifier_match,codex-source-audit,2026-06-28,EIN=237275160,exact-shared-ein-dark-money-intermediary-v1,0.9500,"reviewed exact-identifier slice from cross-venue adjudication; broader source-product, source-readiness, and calibrated policy-simulation gates remain blocked until row-count, issue-comparability, false-match, and observed pre/post comparison requirements pass"
cand-6c229ec9454f,US FOUNDATION FOR LIBERTY INCORPORATED,reviewed_nonprofit_or_intermediary,not_observed_in_reviewed_exact_id_slice,not_observed_in_reviewed_exact_id_slice,not_observed_in_reviewed_exact_id_slice,not_observed_in_reviewed_exact_id_slice,461147062,IRS/ProPublica dark-money bridge; Intermediary bridge,not_reviewed_for_parent_subsidiary_scope,not_reviewed_for_jurisdiction_scope,not_reviewed_for_jurisdiction_scope,reviewed_exact_identifier_match,codex-source-audit,2026-06-28,EIN=461147062,exact-shared-ein-dark-money-intermediary-v1,0.9500,"reviewed exact-identifier slice from cross-venue adjudication; broader source-product, source-readiness, and calibrated policy-simulation gates remain blocked until row-count, issue-comparability, false-match, and observed pre/post comparison requirements pass"
cand-00423245e785,US PAN ASIAN AMERICAN CHAMBER OF COMMERCE,reviewed_nonprofit_or_intermediary,not_observed_in_reviewed_exact_id_slice,not_observed_in_reviewed_exact_id_slice,not_observed_in_reviewed_exact_id_slice,not_observed_in_reviewed_exact_id_slice,521399806,IRS/ProPublica dark-money bridge; Intermediary bridge,not_reviewed_for_parent_subsidiary_scope,not_reviewed_for_jurisdiction_scope,not_reviewed_for_jurisdiction_scope,reviewed_exact_identifier_match,codex-source-audit,2026-06-28,EIN=521399806,exact-shared-ein-dark-money-intermediary-v1,0.9500,"reviewed exact-identifier slice from cross-venue adjudication; broader source-product, source-readiness, and calibrated policy-simulation gates remain blocked until row-count, issue-comparability, false-match, and observed pre/post comparison requirements pass"
cand-1dbbb4aff19c,US SIF-THE FORUM FOR SUSTAINABLE AND RESPONSIBLE INVESTMENT INC,reviewed_nonprofit_or_intermediary,not_observed_in_reviewed_exact_id_slice,not_observed_in_reviewed_exact_id_slice,not_observed_in_reviewed_exact_id_slice,not_observed_in_reviewed_exact_id_slice,222701978,IRS/ProPublica dark-money bridge; Intermediary bridge,not_reviewed_for_parent_subsidiary_scope,not_reviewed_for_jurisdiction_scope,not_reviewed_for_jurisdiction_scope,reviewed_exact_identifier_match,codex-source-audit,2026-06-28,EIN=222701978,exact-shared-ein-dark-money-intermediary-v1,0.9500,"reviewed exact-identifier slice from cross-venue adjudication; broader source-product, source-readiness, and calibrated policy-simulation gates remain blocked until row-count, issue-comparability, false-match, and observed pre/post comparison requirements pass"
cand-b0086170ae15,US-KURDISTAN BUSINESS COUNCIL,reviewed_nonprofit_or_intermediary,not_observed_in_reviewed_exact_id_slice,not_observed_in_reviewed_exact_id_slice,not_observed_in_reviewed_exact_id_slice,not_observed_in_reviewed_exact_id_slice,453638424,IRS/ProPublica dark-money bridge; Intermediary bridge,not_reviewed_for_parent_subsidiary_scope,not_reviewed_for_jurisdiction_scope,not_reviewed_for_jurisdiction_scope,reviewed_exact_identifier_match,codex-source-audit,2026-06-28,EIN=453638424,exact-shared-ein-dark-money-intermediary-v1,0.9500,"reviewed exact-identifier slice from cross-venue adjudication; broader source-product, source-readiness, and calibrated policy-simulation gates remain blocked until row-count, issue-comparability, false-match, and observed pre/post comparison requirements pass"
cand-924ddd539ebf,US-LIBYA BUSINESS COUNCIL,reviewed_nonprofit_or_intermediary,not_observed_in_reviewed_exact_id_slice,not_observed_in_reviewed_exact_id_slice,not_observed_in_reviewed_exact_id_slice,not_observed_in_reviewed_exact_id_slice,202569685,IRS/ProPublica dark-money bridge; Intermediary bridge,not_reviewed_for_parent_subsidiary_scope,not_reviewed_for_jurisdiction_scope,not_reviewed_for_jurisdiction_scope,reviewed_exact_identifier_match,codex-source-audit,2026-06-28,EIN=202569685,exact-shared-ein-dark-money-intermediary-v1,0.9500,"reviewed exact-identifier slice from cross-venue adjudication; broader source-product, source-readiness, and calibrated policy-simulation gates remain blocked until row-count, issue-comparability, false-match, and observed pre/post comparison requirements pass"
cand-2819f7024ac9,USAGAINSTALZHEIMERS ACTION,reviewed_nonprofit_or_intermediary,not_observed_in_reviewed_exact_id_slice,not_observed_in_reviewed_exact_id_slice,not_observed_in_reviewed_exact_id_slice,not_observed_in_reviewed_exact_id_slice,271538205,IRS/ProPublica dark-money bridge; Intermediary bridge,not_reviewed_for_parent_subsidiary_scope,not_reviewed_for_jurisdiction_scope,not_reviewed_for_jurisdiction_scope,reviewed_exact_identifier_match,codex-source-audit,2026-06-28,EIN=271538205,exact-shared-ein-dark-money-intermediary-v1,0.9500,"reviewed exact-identifier slice from cross-venue adjudication; broader source-product, source-readiness, and calibrated policy-simulation gates remain blocked until row-count, issue-comparability, false-match, and observed pre/post comparison requirements pass"
cand-2e831125e10e,VINEGAR INSTITUTE,reviewed_nonprofit_or_intermediary,not_observed_in_reviewed_exact_id_slice,not_observed_in_reviewed_exact_id_slice,not_observed_in_reviewed_exact_id_slice,not_observed_in_reviewed_exact_id_slice,237083944,IRS/ProPublica dark-money bridge; Intermediary bridge,not_reviewed_for_parent_subsidiary_scope,not_reviewed_for_jurisdiction_scope,not_reviewed_for_jurisdiction_scope,reviewed_exact_identifier_match,codex-source-audit,2026-06-28,EIN=237083944,exact-shared-ein-dark-money-intermediary-v1,0.9500,"reviewed exact-identifier slice from cross-venue adjudication; broader source-product, source-readiness, and calibrated policy-simulation gates remain blocked until row-count, issue-comparability, false-match, and observed pre/post comparison requirements pass"
cand-9700fe76c719,VINYL INSTITUTE INC,reviewed_nonprofit_or_intermediary,not_observed_in_reviewed_exact_id_slice,not_observed_in_reviewed_exact_id_slice,not_observed_in_reviewed_exact_id_slice,not_observed_in_reviewed_exact_id_slice,510391748,IRS/ProPublica dark-money bridge; Intermediary bridge,not_reviewed_for_parent_subsidiary_scope,not_reviewed_for_jurisdiction_scope,not_reviewed_for_jurisdiction_scope,reviewed_exact_identifier_match,codex-source-audit,2026-06-28,EIN=510391748,exact-shared-ein-dark-money-intermediary-v1,0.9500,"reviewed exact-identifier slice from cross-venue adjudication; broader source-product, source-readiness, and calibrated policy-simulation gates remain blocked until row-count, issue-comparability, false-match, and observed pre/post comparison requirements pass"
cand-c1b3fced6ac4,VOICE OF THE PEOPLE ACTION,reviewed_nonprofit_or_intermediary,not_observed_in_reviewed_exact_id_slice,not_observed_in_reviewed_exact_id_slice,not_observed_in_reviewed_exact_id_slice,not_observed_in_reviewed_exact_id_slice,274267205,IRS/ProPublica dark-money bridge; Intermediary bridge,not_reviewed_for_parent_subsidiary_scope,not_reviewed_for_jurisdiction_scope,not_reviewed_for_jurisdiction_scope,reviewed_exact_identifier_match,codex-source-audit,2026-06-28,EIN=274267205,exact-shared-ein-dark-money-intermediary-v1,0.9500,"reviewed exact-identifier slice from cross-venue adjudication; broader source-product, source-readiness, and calibrated policy-simulation gates remain blocked until row-count, issue-comparability, false-match, and observed pre/post comparison requirements pass"
cand-7aca1ad4e406,WASHINGTON AUTOMOTIVE PRESS ASSOCIATION,reviewed_nonprofit_or_intermediary,not_observed_in_reviewed_exact_id_slice,not_observed_in_reviewed_exact_id_slice,not_observed_in_reviewed_exact_id_slice,not_observed_in_reviewed_exact_id_slice,521438994,IRS/ProPublica dark-money bridge; Intermediary bridge,not_reviewed_for_parent_subsidiary_scope,not_reviewed_for_jurisdiction_scope,not_reviewed_for_jurisdiction_scope,reviewed_exact_identifier_match,codex-source-audit,2026-06-28,EIN=521438994,exact-shared-ein-dark-money-intermediary-v1,0.9500,"reviewed exact-identifier slice from cross-venue adjudication; broader source-product, source-readiness, and calibrated policy-simulation gates remain blocked until row-count, issue-comparability, false-match, and observed pre/post comparison requirements pass"
cand-ea73b155e973,WASHINGTON BAR ASSOCIATION,reviewed_nonprofit_or_intermediary,not_observed_in_reviewed_exact_id_slice,not_observed_in_reviewed_exact_id_slice,not_observed_in_reviewed_exact_id_slice,not_observed_in_reviewed_exact_id_slice,521279152,IRS/ProPublica dark-money bridge; Intermediary bridge,not_reviewed_for_parent_subsidiary_scope,not_reviewed_for_jurisdiction_scope,not_reviewed_for_jurisdiction_scope,reviewed_exact_identifier_match,codex-source-audit,2026-06-28,EIN=521279152,exact-shared-ein-dark-money-intermediary-v1,0.9500,"reviewed exact-identifier slice from cross-venue adjudication; broader source-product, source-readiness, and calibrated policy-simulation gates remain blocked until row-count, issue-comparability, false-match, and observed pre/post comparison requirements pass"
cand-d8dcab37941b,WASHINGTON INTERNATIONAL TRADE ASSOCIATION,reviewed_nonprofit_or_intermediary,not_observed_in_reviewed_exact_id_slice,not_observed_in_reviewed_exact_id_slice,not_observed_in_reviewed_exact_id_slice,not_observed_in_reviewed_exact_id_slice,521462468,IRS/ProPublica dark-money bridge; Intermediary bridge,not_reviewed_for_parent_subsidiary_scope,not_reviewed_for_jurisdiction_scope,not_reviewed_for_jurisdiction_scope,reviewed_exact_identifier_match,codex-source-audit,2026-06-28,EIN=521462468,exact-shared-ein-dark-money-intermediary-v1,0.9500,"reviewed exact-identifier slice from cross-venue adjudication; broader source-product, source-readiness, and calibrated policy-simulation gates remain blocked until row-count, issue-comparability, false-match, and observed pre/post comparison requirements pass"
cand-5539f7bed222,WATER SYSTEMS COUNCIL,reviewed_nonprofit_or_intermediary,not_observed_in_reviewed_exact_id_slice,not_observed_in_reviewed_exact_id_slice,not_observed_in_reviewed_exact_id_slice,not_observed_in_reviewed_exact_id_slice,520730143,IRS/ProPublica dark-money bridge; Intermediary bridge,not_reviewed_for_parent_subsidiary_scope,not_reviewed_for_jurisdiction_scope,not_reviewed_for_jurisdiction_scope,reviewed_exact_identifier_match,codex-source-audit,2026-06-28,EIN=520730143,exact-shared-ein-dark-money-intermediary-v1,0.9500,"reviewed exact-identifier slice from cross-venue adjudication; broader source-product, source-readiness, and calibrated policy-simulation gates remain blocked until row-count, issue-comparability, false-match, and observed pre/post comparison requirements pass"
cand-79be5f41000e,WATERWAYS COUNCIL INC,reviewed_nonprofit_or_intermediary,not_observed_in_reviewed_exact_id_slice,not_observed_in_reviewed_exact_id_slice,not_observed_in_reviewed_exact_id_slice,not_observed_in_reviewed_exact_id_slice,260080090,IRS/ProPublica dark-money bridge; Intermediary bridge,not_reviewed_for_parent_subsidiary_scope,not_reviewed_for_jurisdiction_scope,not_reviewed_for_jurisdiction_scope,reviewed_exact_identifier_match,codex-source-audit,2026-06-28,EIN=260080090,exact-shared-ein-dark-money-intermediary-v1,0.9500,"reviewed exact-identifier slice from cross-venue adjudication; broader source-product, source-readiness, and calibrated policy-simulation gates remain blocked until row-count, issue-comparability, false-match, and observed pre/post comparison requirements pass"
cand-e5b287047f95,WINDOW & DOOR MANUFACTURERS ASSOCIATION,reviewed_nonprofit_or_intermediary,not_observed_in_reviewed_exact_id_slice,not_observed_in_reviewed_exact_id_slice,not_observed_in_reviewed_exact_id_slice,not_observed_in_reviewed_exact_id_slice,361522410,IRS/ProPublica dark-money bridge; Intermediary bridge,not_reviewed_for_parent_subsidiary_scope,not_reviewed_for_jurisdiction_scope,not_reviewed_for_jurisdiction_scope,reviewed_exact_identifier_match,codex-source-audit,2026-06-28,EIN=361522410,exact-shared-ein-dark-money-intermediary-v1,0.9500,"reviewed exact-identifier slice from cross-venue adjudication; broader source-product, source-readiness, and calibrated policy-simulation gates remain blocked until row-count, issue-comparability, false-match, and observed pre/post comparison requirements pass"
cand-171143049508,WINDOW COVERING SAFETY COUNCIL INC,reviewed_nonprofit_or_intermediary,not_observed_in_reviewed_exact_id_slice,not_observed_in_reviewed_exact_id_slice,not_observed_in_reviewed_exact_id_slice,not_observed_in_reviewed_exact_id_slice,223321197,IRS/ProPublica dark-money bridge; Intermediary bridge,not_reviewed_for_parent_subsidiary_scope,not_reviewed_for_jurisdiction_scope,not_reviewed_for_jurisdiction_scope,reviewed_exact_identifier_match,codex-source-audit,2026-06-28,EIN=223321197,exact-shared-ein-dark-money-intermediary-v1,0.9500,"reviewed exact-identifier slice from cross-venue adjudication; broader source-product, source-readiness, and calibrated policy-simulation gates remain blocked until row-count, issue-comparability, false-match, and observed pre/post comparison requirements pass"
cand-8198d58b329b,WINDOW COVERINGS MANUFACTURERS ASSOCIATION INC,reviewed_nonprofit_or_intermediary,not_observed_in_reviewed_exact_id_slice,not_observed_in_reviewed_exact_id_slice,not_observed_in_reviewed_exact_id_slice,not_observed_in_reviewed_exact_id_slice,222293809,IRS/ProPublica dark-money bridge; Intermediary bridge,not_reviewed_for_parent_subsidiary_scope,not_reviewed_for_jurisdiction_scope,not_reviewed_for_jurisdiction_scope,reviewed_exact_identifier_match,codex-source-audit,2026-06-28,EIN=222293809,exact-shared-ein-dark-money-intermediary-v1,0.9500,"reviewed exact-identifier slice from cross-venue adjudication; broader source-product, source-readiness, and calibrated policy-simulation gates remain blocked until row-count, issue-comparability, false-match, and observed pre/post comparison requirements pass"
cand-71719c4829f7,WINE ORIGINS ALLIANCE,reviewed_nonprofit_or_intermediary,not_observed_in_reviewed_exact_id_slice,not_observed_in_reviewed_exact_id_slice,not_observed_in_reviewed_exact_id_slice,not_observed_in_reviewed_exact_id_slice,473580770,IRS/ProPublica dark-money bridge; Intermediary bridge,not_reviewed_for_parent_subsidiary_scope,not_reviewed_for_jurisdiction_scope,not_reviewed_for_jurisdiction_scope,reviewed_exact_identifier_match,codex-source-audit,2026-06-28,EIN=473580770,exact-shared-ein-dark-money-intermediary-v1,0.9500,"reviewed exact-identifier slice from cross-venue adjudication; broader source-product, source-readiness, and calibrated policy-simulation gates remain blocked until row-count, issue-comparability, false-match, and observed pre/post comparison requirements pass"
cand-e270be6a2068,WIRELESS INTERNET SERVICE PROVIDERS ASSOCIATION,reviewed_nonprofit_or_intermediary,not_observed_in_reviewed_exact_id_slice,not_observed_in_reviewed_exact_id_slice,not_observed_in_reviewed_exact_id_slice,not_observed_in_reviewed_exact_id_slice,202181498,IRS/ProPublica dark-money bridge; Intermediary bridge,not_reviewed_for_parent_subsidiary_scope,not_reviewed_for_jurisdiction_scope,not_reviewed_for_jurisdiction_scope,reviewed_exact_identifier_match,codex-source-audit,2026-06-28,EIN=202181498,exact-shared-ein-dark-money-intermediary-v1,0.9500,"reviewed exact-identifier slice from cross-venue adjudication; broader source-product, source-readiness, and calibrated policy-simulation gates remain blocked until row-count, issue-comparability, false-match, and observed pre/post comparison requirements pass"
cand-857152f97bb3,WOMEN IMPACTING PUBLIC POLICY INC,reviewed_nonprofit_or_intermediary,not_observed_in_reviewed_exact_id_slice,not_observed_in_reviewed_exact_id_slice,not_observed_in_reviewed_exact_id_slice,not_observed_in_reviewed_exact_id_slice,383610205,IRS/ProPublica dark-money bridge; Intermediary bridge,not_reviewed_for_parent_subsidiary_scope,not_reviewed_for_jurisdiction_scope,not_reviewed_for_jurisdiction_scope,reviewed_exact_identifier_match,codex-source-audit,2026-06-28,EIN=383610205,exact-shared-ein-dark-money-intermediary-v1,0.9500,"reviewed exact-identifier slice from cross-venue adjudication; broader source-product, source-readiness, and calibrated policy-simulation gates remain blocked until row-count, issue-comparability, false-match, and observed pre/post comparison requirements pass"
cand-37c23d3d4dac,WOMENS WHITE COLLAR DEFENSE ASSOCIATION,reviewed_nonprofit_or_intermediary,not_observed_in_reviewed_exact_id_slice,not_observed_in_reviewed_exact_id_slice,not_observed_in_reviewed_exact_id_slice,not_observed_in_reviewed_exact_id_slice,320538094,IRS/ProPublica dark-money bridge; Intermediary bridge,not_reviewed_for_parent_subsidiary_scope,not_reviewed_for_jurisdiction_scope,not_reviewed_for_jurisdiction_scope,reviewed_exact_identifier_match,codex-source-audit,2026-06-28,EIN=320538094,exact-shared-ein-dark-money-intermediary-v1,0.9500,"reviewed exact-identifier slice from cross-venue adjudication; broader source-product, source-readiness, and calibrated policy-simulation gates remain blocked until row-count, issue-comparability, false-match, and observed pre/post comparison requirements pass"
cand-818126ab2ba3,WORLD FEDERATION OF DIRECT SELLING ASSOCIATIONS,reviewed_nonprofit_or_intermediary,not_observed_in_reviewed_exact_id_slice,not_observed_in_reviewed_exact_id_slice,not_observed_in_reviewed_exact_id_slice,not_observed_in_reviewed_exact_id_slice,521160707,IRS/ProPublica dark-money bridge; Intermediary bridge,not_reviewed_for_parent_subsidiary_scope,not_reviewed_for_jurisdiction_scope,not_reviewed_for_jurisdiction_scope,reviewed_exact_identifier_match,codex-source-audit,2026-06-28,EIN=521160707,exact-shared-ein-dark-money-intermediary-v1,0.9500,"reviewed exact-identifier slice from cross-venue adjudication; broader source-product, source-readiness, and calibrated policy-simulation gates remain blocked until row-count, issue-comparability, false-match, and observed pre/post comparison requirements pass"
cand-65b6f875e07a,YACHT BROKERS ASSOCIATION OF AMERICA INC,reviewed_nonprofit_or_intermediary,not_observed_in_reviewed_exact_id_slice,not_observed_in_reviewed_exact_id_slice,not_observed_in_reviewed_exact_id_slice,not_observed_in_reviewed_exact_id_slice,042986688,IRS/ProPublica dark-money bridge; Intermediary bridge,not_reviewed_for_parent_subsidiary_scope,not_reviewed_for_jurisdiction_scope,not_reviewed_for_jurisdiction_scope,reviewed_exact_identifier_match,codex-source-audit,2026-06-28,EIN=042986688,exact-shared-ein-dark-money-intermediary-v1,0.9500,"reviewed exact-identifier slice from cross-venue adjudication; broader source-product, source-readiness, and calibrated policy-simulation gates remain blocked until row-count, issue-comparability, false-match, and observed pre/post comparison requirements pass"
co-control-c9a8745f0cee,CITY & COUNTY OF DENVER,official_state_lobbying_control_client,not_observed_in_reviewed_exact_id_slice,not_observed_in_reviewed_exact_id_slice,not_observed_in_reviewed_exact_id_slice,not_observed_in_reviewed_exact_id_slice,CITY COUNTY OF DENVER,Colorado Secretary of State lobbyist income data,not_reviewed_for_parent_subsidiary_scope,United States,Colorado,reviewed_official_state_lobbying_control_actor,codex-source-audit,2026-06-28,Colorado state lobbying client key=CITY COUNTY OF DENVER,official-colorado-state-lobbying-income-client-key,0.7000,official Colorado state-lobbying control actor derived from reviewed source rows with observed pre/post HLOGA-window state lobbying income; unaffected-jurisdiction control surface only
co-control-a6b02d1fc05e,COALITION FOR THOROUGH & UNIFORM COLORADO PUBLIC EDUCATION SYSTEM,official_state_lobbying_control_client,not_observed_in_reviewed_exact_id_slice,not_observed_in_reviewed_exact_id_slice,not_observed_in_reviewed_exact_id_slice,not_observed_in_reviewed_exact_id_slice,COALITION FOR THOROUGH UNIFORM COLORADO PUBLIC EDUCATION SYSTEM,Colorado Secretary of State lobbyist income data,not_reviewed_for_parent_subsidiary_scope,United States,Colorado,reviewed_official_state_lobbying_control_actor,codex-source-audit,2026-06-28,Colorado state lobbying client key=COALITION FOR THOROUGH UNIFORM COLORADO PUBLIC EDUCATION SYSTEM,official-colorado-state-lobbying-income-client-key,0.7000,official Colorado state-lobbying control actor derived from reviewed source rows with observed pre/post HLOGA-window state lobbying income; unaffected-jurisdiction control surface only
co-control-d6e60e991fc6,COLO COMMUNIQUE INC,official_state_lobbying_control_client,not_observed_in_reviewed_exact_id_slice,not_observed_in_reviewed_exact_id_slice,not_observed_in_reviewed_exact_id_slice,not_observed_in_reviewed_exact_id_slice,COLO COMMUNIQUE INC,Colorado Secretary of State lobbyist income data,not_reviewed_for_parent_subsidiary_scope,United States,Colorado,reviewed_official_state_lobbying_control_actor,codex-source-audit,2026-06-28,Colorado state lobbying client key=COLO COMMUNIQUE INC,official-colorado-state-lobbying-income-client-key,0.7000,official Colorado state-lobbying control actor derived from reviewed source rows with observed pre/post HLOGA-window state lobbying income; unaffected-jurisdiction control surface only
co-control-9aa64de8d66e,COLO MEDICAL SOCIETY,official_state_lobbying_control_client,not_observed_in_reviewed_exact_id_slice,not_observed_in_reviewed_exact_id_slice,not_observed_in_reviewed_exact_id_slice,not_observed_in_reviewed_exact_id_slice,COLO MEDICAL SOCIETY,Colorado Secretary of State lobbyist income data,not_reviewed_for_parent_subsidiary_scope,United States,Colorado,reviewed_official_state_lobbying_control_actor,codex-source-audit,2026-06-28,Colorado state lobbying client key=COLO MEDICAL SOCIETY,official-colorado-state-lobbying-income-client-key,0.7000,official Colorado state-lobbying control actor derived from reviewed source rows with observed pre/post HLOGA-window state lobbying income; unaffected-jurisdiction control surface only
co-control-eddefaed5467,COLO MINING ASSN,official_state_lobbying_control_client,not_observed_in_reviewed_exact_id_slice,not_observed_in_reviewed_exact_id_slice,not_observed_in_reviewed_exact_id_slice,not_observed_in_reviewed_exact_id_slice,COLO MINING ASSN,Colorado Secretary of State lobbyist income data,not_reviewed_for_parent_subsidiary_scope,United States,Colorado,reviewed_official_state_lobbying_control_actor,codex-source-audit,2026-06-28,Colorado state lobbying client key=COLO MINING ASSN,official-colorado-state-lobbying-income-client-key,0.7000,official Colorado state-lobbying control actor derived from reviewed source rows with observed pre/post HLOGA-window state lobbying income; unaffected-jurisdiction control surface only
co-control-9c22b3350766,COLO TRIAL LAWYERS ASSN,official_state_lobbying_control_client,not_observed_in_reviewed_exact_id_slice,not_observed_in_reviewed_exact_id_slice,not_observed_in_reviewed_exact_id_slice,not_observed_in_reviewed_exact_id_slice,COLO TRIAL LAWYERS ASSN,Colorado Secretary of State lobbyist income data,not_reviewed_for_parent_subsidiary_scope,United States,Colorado,reviewed_official_state_lobbying_control_actor,codex-source-audit,2026-06-28,Colorado state lobbying client key=COLO TRIAL LAWYERS ASSN,official-colorado-state-lobbying-income-client-key,0.7000,official Colorado state-lobbying control actor derived from reviewed source rows with observed pre/post HLOGA-window state lobbying income; unaffected-jurisdiction control surface only
co-control-7f7eb3ead4ea,COLORADO ASSOCIATION OF HOME BUILDERS,official_state_lobbying_control_client,not_observed_in_reviewed_exact_id_slice,not_observed_in_reviewed_exact_id_slice,not_observed_in_reviewed_exact_id_slice,not_observed_in_reviewed_exact_id_slice,COLORADO ASSOCIATION OF HOME BUILDERS,Colorado Secretary of State lobbyist income data,not_reviewed_for_parent_subsidiary_scope,United States,Colorado,reviewed_official_state_lobbying_control_actor,codex-source-audit,2026-06-28,Colorado state lobbying client key=COLORADO ASSOCIATION OF HOME BUILDERS,official-colorado-state-lobbying-income-client-key,0.7000,official Colorado state-lobbying control actor derived from reviewed source rows with observed pre/post HLOGA-window state lobbying income; unaffected-jurisdiction control surface only
co-control-6b9b8c8c0a16,COLORADO BANKERS ASSOCIATION,official_state_lobbying_control_client,not_observed_in_reviewed_exact_id_slice,not_observed_in_reviewed_exact_id_slice,not_observed_in_reviewed_exact_id_slice,not_observed_in_reviewed_exact_id_slice,COLORADO BANKERS ASSOCIATION,Colorado Secretary of State lobbyist income data,not_reviewed_for_parent_subsidiary_scope,United States,Colorado,reviewed_official_state_lobbying_control_actor,codex-source-audit,2026-06-28,Colorado state lobbying client key=COLORADO BANKERS ASSOCIATION,official-colorado-state-lobbying-income-client-key,0.7000,official Colorado state-lobbying control actor derived from reviewed source rows with observed pre/post HLOGA-window state lobbying income; unaffected-jurisdiction control surface only
co-control-fe8639332b2e,COLORADO CATHOLIC CONFERENCE,official_state_lobbying_control_client,not_observed_in_reviewed_exact_id_slice,not_observed_in_reviewed_exact_id_slice,not_observed_in_reviewed_exact_id_slice,not_observed_in_reviewed_exact_id_slice,COLORADO CATHOLIC CONFERENCE,Colorado Secretary of State lobbyist income data,not_reviewed_for_parent_subsidiary_scope,United States,Colorado,reviewed_official_state_lobbying_control_actor,codex-source-audit,2026-06-28,Colorado state lobbying client key=COLORADO CATHOLIC CONFERENCE,official-colorado-state-lobbying-income-client-key,0.7000,official Colorado state-lobbying control actor derived from reviewed source rows with observed pre/post HLOGA-window state lobbying income; unaffected-jurisdiction control surface only
co-control-2254ea1330e0,COLORADO CHIROPRACTIC ASSOCIATION,official_state_lobbying_control_client,not_observed_in_reviewed_exact_id_slice,not_observed_in_reviewed_exact_id_slice,not_observed_in_reviewed_exact_id_slice,not_observed_in_reviewed_exact_id_slice,COLORADO CHIROPRACTIC ASSOCIATION,Colorado Secretary of State lobbyist income data,not_reviewed_for_parent_subsidiary_scope,United States,Colorado,reviewed_official_state_lobbying_control_actor,codex-source-audit,2026-06-28,Colorado state lobbying client key=COLORADO CHIROPRACTIC ASSOCIATION,official-colorado-state-lobbying-income-client-key,0.7000,official Colorado state-lobbying control actor derived from reviewed source rows with observed pre/post HLOGA-window state lobbying income; unaffected-jurisdiction control surface only
co-control-22685ef7eba1,COLORADO COMMUNITY COLLEGE SYSTEM,official_state_lobbying_control_client,not_observed_in_reviewed_exact_id_slice,not_observed_in_reviewed_exact_id_slice,not_observed_in_reviewed_exact_id_slice,not_observed_in_reviewed_exact_id_slice,COLORADO COMMUNITY COLLEGE SYSTEM,Colorado Secretary of State lobbyist income data,not_reviewed_for_parent_subsidiary_scope,United States,Colorado,reviewed_official_state_lobbying_control_actor,codex-source-audit,2026-06-28,Colorado state lobbying client key=COLORADO COMMUNITY COLLEGE SYSTEM,official-colorado-state-lobbying-income-client-key,0.7000,official Colorado state-lobbying control actor derived from reviewed source rows with observed pre/post HLOGA-window state lobbying income; unaffected-jurisdiction control surface only
co-control-9096919a2514,COLORADO COMPETITIVE COUNCIL,official_state_lobbying_control_client,not_observed_in_reviewed_exact_id_slice,not_observed_in_reviewed_exact_id_slice,not_observed_in_reviewed_exact_id_slice,not_observed_in_reviewed_exact_id_slice,COLORADO COMPETITIVE COUNCIL,Colorado Secretary of State lobbyist income data,not_reviewed_for_parent_subsidiary_scope,United States,Colorado,reviewed_official_state_lobbying_control_actor,codex-source-audit,2026-06-28,Colorado state lobbying client key=COLORADO COMPETITIVE COUNCIL,official-colorado-state-lobbying-income-client-key,0.7000,official Colorado state-lobbying control actor derived from reviewed source rows with observed pre/post HLOGA-window state lobbying income; unaffected-jurisdiction control surface only
co-control-09762b8d8e6c,COLORADO CONTRACTORS ASSOCIATION,official_state_lobbying_control_client,not_observed_in_reviewed_exact_id_slice,not_observed_in_reviewed_exact_id_slice,not_observed_in_reviewed_exact_id_slice,not_observed_in_reviewed_exact_id_slice,COLORADO CONTRACTORS ASSOCIATION,Colorado Secretary of State lobbyist income data,not_reviewed_for_parent_subsidiary_scope,United States,Colorado,reviewed_official_state_lobbying_control_actor,codex-source-audit,2026-06-28,Colorado state lobbying client key=COLORADO CONTRACTORS ASSOCIATION,official-colorado-state-lobbying-income-client-key,0.7000,official Colorado state-lobbying control actor derived from reviewed source rows with observed pre/post HLOGA-window state lobbying income; unaffected-jurisdiction control surface only
co-control-80ee761a6f12,COLORADO COUNTIES INC,official_state_lobbying_control_client,not_observed_in_reviewed_exact_id_slice,not_observed_in_reviewed_exact_id_slice,not_observed_in_reviewed_exact_id_slice,not_observed_in_reviewed_exact_id_slice,COLORADO COUNTIES INC,Colorado Secretary of State lobbyist income data,not_reviewed_for_parent_subsidiary_scope,United States,Colorado,reviewed_official_state_lobbying_control_actor,codex-source-audit,2026-06-28,Colorado state lobbying client key=COLORADO COUNTIES INC,official-colorado-state-lobbying-income-client-key,0.7000,official Colorado state-lobbying control actor derived from reviewed source rows with observed pre/post HLOGA-window state lobbying income; unaffected-jurisdiction control surface only
co-control-cdc34b8a0f81,COLORADO EDUCATION ASSOCIATION,official_state_lobbying_control_client,not_observed_in_reviewed_exact_id_slice,not_observed_in_reviewed_exact_id_slice,not_observed_in_reviewed_exact_id_slice,not_observed_in_reviewed_exact_id_slice,COLORADO EDUCATION ASSOCIATION,Colorado Secretary of State lobbyist income data,not_reviewed_for_parent_subsidiary_scope,United States,Colorado,reviewed_official_state_lobbying_control_actor,codex-source-audit,2026-06-28,Colorado state lobbying client key=COLORADO EDUCATION ASSOCIATION,official-colorado-state-lobbying-income-client-key,0.7000,official Colorado state-lobbying control actor derived from reviewed source rows with observed pre/post HLOGA-window state lobbying income; unaffected-jurisdiction control surface only
co-control-758a0126410b,COLORADO HOSPITAL  ASSOCIATION,official_state_lobbying_control_client,not_observed_in_reviewed_exact_id_slice,not_observed_in_reviewed_exact_id_slice,not_observed_in_reviewed_exact_id_slice,not_observed_in_reviewed_exact_id_slice,COLORADO HOSPITAL ASSOCIATION,Colorado Secretary of State lobbyist income data,not_reviewed_for_parent_subsidiary_scope,United States,Colorado,reviewed_official_state_lobbying_control_actor,codex-source-audit,2026-06-28,Colorado state lobbying client key=COLORADO HOSPITAL ASSOCIATION,official-colorado-state-lobbying-income-client-key,0.7000,official Colorado state-lobbying control actor derived from reviewed source rows with observed pre/post HLOGA-window state lobbying income; unaffected-jurisdiction control surface only
co-control-0bacc6017010,"COLORADO LEGISLATIVE SERVICES, LLC",official_state_lobbying_control_client,not_observed_in_reviewed_exact_id_slice,not_observed_in_reviewed_exact_id_slice,not_observed_in_reviewed_exact_id_slice,not_observed_in_reviewed_exact_id_slice,COLORADO LEGISLATIVE SERVICES LLC,Colorado Secretary of State lobbyist income data,not_reviewed_for_parent_subsidiary_scope,United States,Colorado,reviewed_official_state_lobbying_control_actor,codex-source-audit,2026-06-28,Colorado state lobbying client key=COLORADO LEGISLATIVE SERVICES LLC,official-colorado-state-lobbying-income-client-key,0.7000,official Colorado state-lobbying control actor derived from reviewed source rows with observed pre/post HLOGA-window state lobbying income; unaffected-jurisdiction control surface only
co-control-d4b976aead01,COLORADO OIL & GAS ASSOCIATION,official_state_lobbying_control_client,not_observed_in_reviewed_exact_id_slice,not_observed_in_reviewed_exact_id_slice,not_observed_in_reviewed_exact_id_slice,not_observed_in_reviewed_exact_id_slice,COLORADO OIL GAS ASSOCIATION,Colorado Secretary of State lobbyist income data,not_reviewed_for_parent_subsidiary_scope,United States,Colorado,reviewed_official_state_lobbying_control_actor,codex-source-audit,2026-06-28,Colorado state lobbying client key=COLORADO OIL GAS ASSOCIATION,official-colorado-state-lobbying-income-client-key,0.7000,official Colorado state-lobbying control actor derived from reviewed source rows with observed pre/post HLOGA-window state lobbying income; unaffected-jurisdiction control surface only
co-control-a9dd129f18bb,COLORADO RETAIL COUNCIL,official_state_lobbying_control_client,not_observed_in_reviewed_exact_id_slice,not_observed_in_reviewed_exact_id_slice,not_observed_in_reviewed_exact_id_slice,not_observed_in_reviewed_exact_id_slice,COLORADO RETAIL COUNCIL,Colorado Secretary of State lobbyist income data,not_reviewed_for_parent_subsidiary_scope,United States,Colorado,reviewed_official_state_lobbying_control_actor,codex-source-audit,2026-06-28,Colorado state lobbying client key=COLORADO RETAIL COUNCIL,official-colorado-state-lobbying-income-client-key,0.7000,official Colorado state-lobbying control actor derived from reviewed source rows with observed pre/post HLOGA-window state lobbying income; unaffected-jurisdiction control surface only
co-control-d57b93ce4bf8,COLORADO SCHOOL OF MINES,official_state_lobbying_control_client,not_observed_in_reviewed_exact_id_slice,not_observed_in_reviewed_exact_id_slice,not_observed_in_reviewed_exact_id_slice,not_observed_in_reviewed_exact_id_slice,COLORADO SCHOOL OF MINES,Colorado Secretary of State lobbyist income data,not_reviewed_for_parent_subsidiary_scope,United States,Colorado,reviewed_official_state_lobbying_control_actor,codex-source-audit,2026-06-28,Colorado state lobbying client key=COLORADO SCHOOL OF MINES,official-colorado-state-lobbying-income-client-key,0.7000,official Colorado state-lobbying control actor derived from reviewed source rows with observed pre/post HLOGA-window state lobbying income; unaffected-jurisdiction control surface only
co-control-c6fc0835cd94,COLORADO WINNING EDGE,official_state_lobbying_control_client,not_observed_in_reviewed_exact_id_slice,not_observed_in_reviewed_exact_id_slice,not_observed_in_reviewed_exact_id_slice,not_observed_in_reviewed_exact_id_slice,COLORADO WINNING EDGE,Colorado Secretary of State lobbyist income data,not_reviewed_for_parent_subsidiary_scope,United States,Colorado,reviewed_official_state_lobbying_control_actor,codex-source-audit,2026-06-28,Colorado state lobbying client key=COLORADO WINNING EDGE,official-colorado-state-lobbying-income-client-key,0.7000,official Colorado state-lobbying control actor derived from reviewed source rows with observed pre/post HLOGA-window state lobbying income; unaffected-jurisdiction control surface only
co-control-03d646106379,DENVER DEPARTMENT OF HUMAN SERVICES,official_state_lobbying_control_client,not_observed_in_reviewed_exact_id_slice,not_observed_in_reviewed_exact_id_slice,not_observed_in_reviewed_exact_id_slice,not_observed_in_reviewed_exact_id_slice,DENVER DEPARTMENT OF HUMAN SERVICES,Colorado Secretary of State lobbyist income data,not_reviewed_for_parent_subsidiary_scope,United States,Colorado,reviewed_official_state_lobbying_control_actor,codex-source-audit,2026-06-28,Colorado state lobbying client key=DENVER DEPARTMENT OF HUMAN SERVICES,official-colorado-state-lobbying-income-client-key,0.7000,official Colorado state-lobbying control actor derived from reviewed source rows with observed pre/post HLOGA-window state lobbying income; unaffected-jurisdiction control surface only
co-control-3ac9c1100a5a,HOME CARE ASSN OF COLO,official_state_lobbying_control_client,not_observed_in_reviewed_exact_id_slice,not_observed_in_reviewed_exact_id_slice,not_observed_in_reviewed_exact_id_slice,not_observed_in_reviewed_exact_id_slice,HOME CARE ASSN OF COLO,Colorado Secretary of State lobbyist income data,not_reviewed_for_parent_subsidiary_scope,United States,Colorado,reviewed_official_state_lobbying_control_actor,codex-source-audit,2026-06-28,Colorado state lobbying client key=HOME CARE ASSN OF COLO,official-colorado-state-lobbying-income-client-key,0.7000,official Colorado state-lobbying control actor derived from reviewed source rows with observed pre/post HLOGA-window state lobbying income; unaffected-jurisdiction control surface only
co-control-e7ae3a328573,JEFFERSON COUNTY JUSTICE SERVICES DIVISON,official_state_lobbying_control_client,not_observed_in_reviewed_exact_id_slice,not_observed_in_reviewed_exact_id_slice,not_observed_in_reviewed_exact_id_slice,not_observed_in_reviewed_exact_id_slice,JEFFERSON COUNTY JUSTICE SERVICES DIVISON,Colorado Secretary of State lobbyist income data,not_reviewed_for_parent_subsidiary_scope,United States,Colorado,reviewed_official_state_lobbying_control_actor,codex-source-audit,2026-06-28,Colorado state lobbying client key=JEFFERSON COUNTY JUSTICE SERVICES DIVISON,official-colorado-state-lobbying-income-client-key,0.7000,official Colorado state-lobbying control actor derived from reviewed source rows with observed pre/post HLOGA-window state lobbying income; unaffected-jurisdiction control surface only
co-control-104f510fd5f1,MESA STATE COLLEGE,official_state_lobbying_control_client,not_observed_in_reviewed_exact_id_slice,not_observed_in_reviewed_exact_id_slice,not_observed_in_reviewed_exact_id_slice,not_observed_in_reviewed_exact_id_slice,MESA STATE COLLEGE,Colorado Secretary of State lobbyist income data,not_reviewed_for_parent_subsidiary_scope,United States,Colorado,reviewed_official_state_lobbying_control_actor,codex-source-audit,2026-06-28,Colorado state lobbying client key=MESA STATE COLLEGE,official-colorado-state-lobbying-income-client-key,0.7000,official Colorado state-lobbying control actor derived from reviewed source rows with observed pre/post HLOGA-window state lobbying income; unaffected-jurisdiction control surface only
