docketId,commentId,clusterId,clusterMethod,duplicateScore,isTemplate,technicalContentScore,authenticitySignal,clusterRepresentativeId,reviewer,notes
EPA-R08-OAR-2024-0389,EPA-R08-OAR-2024-0389-0073,rg-comment-cluster-9d77828e9b18,normalized-text-sha1-plus-regulations-duplicate-count-v1,0.0000,false,0.1736,public_comment_body_present; duplicateComments=1,EPA-R08-OAR-2024-0389-0073,script:build-first-wave-comment-products,Reproducible pre-review clustering; not agency uptake coding.
EPA-R08-OAR-2024-0389,EPA-R08-OAR-2024-0389-0074,rg-comment-cluster-ed3acfbcaee3,normalized-text-sha1-plus-regulations-duplicate-count-v1,1.0000,true,0.6833,public_comment_body_present; duplicateComments=1,EPA-R08-OAR-2024-0389-0074,script:build-first-wave-comment-products,Reproducible pre-review clustering; not agency uptake coding.
EPA-R08-OAR-2024-0389,EPA-R08-OAR-2024-0389-0075,rg-comment-cluster-ed3acfbcaee3,normalized-text-sha1-plus-regulations-duplicate-count-v1,1.0000,true,0.6833,public_comment_body_present; duplicateComments=1,EPA-R08-OAR-2024-0389-0074,script:build-first-wave-comment-products,Reproducible pre-review clustering; not agency uptake coding.
EPA-R08-OAR-2024-0389,EPA-R08-OAR-2024-0389-0076,rg-comment-cluster-bdc1fa83faad,normalized-text-sha1-plus-regulations-duplicate-count-v1,0.0000,false,0.6925,public_comment_body_present; duplicateComments=1,EPA-R08-OAR-2024-0389-0076,script:build-first-wave-comment-products,Reproducible pre-review clustering; not agency uptake coding.
EPA-R08-OAR-2024-0389,EPA-R08-OAR-2024-0389-0077,rg-comment-cluster-ed3acfbcaee3,normalized-text-sha1-plus-regulations-duplicate-count-v1,1.0000,true,0.6833,public_comment_body_present; duplicateComments=1,EPA-R08-OAR-2024-0389-0074,script:build-first-wave-comment-products,Reproducible pre-review clustering; not agency uptake coding.
EPA-R08-OAR-2024-0389,EPA-R08-OAR-2024-0389-0078,rg-comment-cluster-ed3acfbcaee3,normalized-text-sha1-plus-regulations-duplicate-count-v1,1.0000,true,0.6833,public_comment_body_present; duplicateComments=1,EPA-R08-OAR-2024-0389-0074,script:build-first-wave-comment-products,Reproducible pre-review clustering; not agency uptake coding.
EPA-R08-OAR-2024-0389,EPA-R08-OAR-2024-0389-0079,rg-comment-cluster-ed3acfbcaee3,normalized-text-sha1-plus-regulations-duplicate-count-v1,1.0000,true,0.6833,public_comment_body_present; duplicateComments=1,EPA-R08-OAR-2024-0389-0074,script:build-first-wave-comment-products,Reproducible pre-review clustering; not agency uptake coding.
EPA-R08-OAR-2024-0389,EPA-R08-OAR-2024-0389-0080,rg-comment-cluster-21b5cf239390,normalized-text-sha1-plus-regulations-duplicate-count-v1,0.0000,false,0.7117,public_comment_body_present; duplicateComments=1,EPA-R08-OAR-2024-0389-0080,script:build-first-wave-comment-products,Reproducible pre-review clustering; not agency uptake coding.
EPA-R08-OAR-2024-0389,EPA-R08-OAR-2024-0389-0081,rg-comment-cluster-faeb225667d1,normalized-text-sha1-plus-regulations-duplicate-count-v1,0.0000,false,0.7133,public_comment_body_present; duplicateComments=1,EPA-R08-OAR-2024-0389-0081,script:build-first-wave-comment-products,Reproducible pre-review clustering; not agency uptake coding.
EPA-R08-OAR-2024-0389,EPA-R08-OAR-2024-0389-0082,rg-comment-cluster-ed3acfbcaee3,normalized-text-sha1-plus-regulations-duplicate-count-v1,1.0000,true,0.6833,public_comment_body_present; duplicateComments=1,EPA-R08-OAR-2024-0389-0074,script:build-first-wave-comment-products,Reproducible pre-review clustering; not agency uptake coding.
EPA-R08-OAR-2024-0389,EPA-R08-OAR-2024-0389-0083,rg-comment-cluster-8a442248e61d,normalized-text-sha1-plus-regulations-duplicate-count-v1,0.0000,false,0.7442,public_comment_body_present; duplicateComments=1,EPA-R08-OAR-2024-0389-0083,script:build-first-wave-comment-products,Reproducible pre-review clustering; not agency uptake coding.
EPA-R08-OAR-2024-0389,EPA-R08-OAR-2024-0389-0084,rg-comment-cluster-8321ed57c019,normalized-text-sha1-plus-regulations-duplicate-count-v1,0.0000,false,0.6933,public_comment_body_present; duplicateComments=1,EPA-R08-OAR-2024-0389-0084,script:build-first-wave-comment-products,Reproducible pre-review clustering; not agency uptake coding.
EPA-R08-OAR-2024-0389,EPA-R08-OAR-2024-0389-0085,rg-comment-cluster-ed3acfbcaee3,normalized-text-sha1-plus-regulations-duplicate-count-v1,1.0000,true,0.6833,public_comment_body_present; duplicateComments=1,EPA-R08-OAR-2024-0389-0074,script:build-first-wave-comment-products,Reproducible pre-review clustering; not agency uptake coding.
EPA-R08-OAR-2024-0389,EPA-R08-OAR-2024-0389-0086,rg-comment-cluster-ed3acfbcaee3,normalized-text-sha1-plus-regulations-duplicate-count-v1,1.0000,true,0.6833,public_comment_body_present; duplicateComments=1,EPA-R08-OAR-2024-0389-0074,script:build-first-wave-comment-products,Reproducible pre-review clustering; not agency uptake coding.
EPA-R08-OAR-2024-0389,EPA-R08-OAR-2024-0389-0087,rg-comment-cluster-ed3acfbcaee3,normalized-text-sha1-plus-regulations-duplicate-count-v1,1.0000,true,0.6833,public_comment_body_present; duplicateComments=1,EPA-R08-OAR-2024-0389-0074,script:build-first-wave-comment-products,Reproducible pre-review clustering; not agency uptake coding.
EPA-R08-OAR-2024-0389,EPA-R08-OAR-2024-0389-0088,rg-comment-cluster-ed3acfbcaee3,normalized-text-sha1-plus-regulations-duplicate-count-v1,1.0000,true,0.6833,public_comment_body_present; duplicateComments=1,EPA-R08-OAR-2024-0389-0074,script:build-first-wave-comment-products,Reproducible pre-review clustering; not agency uptake coding.
EPA-R08-OAR-2024-0389,EPA-R08-OAR-2024-0389-0089,rg-comment-cluster-d1d4d61a46a7,normalized-text-sha1-plus-regulations-duplicate-count-v1,0.0000,false,0.6958,public_comment_body_present; duplicateComments=1,EPA-R08-OAR-2024-0389-0089,script:build-first-wave-comment-products,Reproducible pre-review clustering; not agency uptake coding.
EPA-R08-OAR-2024-0389,EPA-R08-OAR-2024-0389-0090,rg-comment-cluster-ed3acfbcaee3,normalized-text-sha1-plus-regulations-duplicate-count-v1,1.0000,true,0.6833,public_comment_body_present; duplicateComments=1,EPA-R08-OAR-2024-0389-0074,script:build-first-wave-comment-products,Reproducible pre-review clustering; not agency uptake coding.
EPA-R08-OAR-2024-0389,EPA-R08-OAR-2024-0389-0091,rg-comment-cluster-ed3acfbcaee3,normalized-text-sha1-plus-regulations-duplicate-count-v1,1.0000,true,0.6833,public_comment_body_present; duplicateComments=1,EPA-R08-OAR-2024-0389-0074,script:build-first-wave-comment-products,Reproducible pre-review clustering; not agency uptake coding.
EPA-R08-OAR-2024-0389,EPA-R08-OAR-2024-0389-0092,rg-comment-cluster-ed3acfbcaee3,normalized-text-sha1-plus-regulations-duplicate-count-v1,1.0000,true,0.6833,public_comment_body_present; duplicateComments=1,EPA-R08-OAR-2024-0389-0074,script:build-first-wave-comment-products,Reproducible pre-review clustering; not agency uptake coding.
EPA-R08-OAR-2024-0389,EPA-R08-OAR-2024-0389-0093,rg-comment-cluster-2854b9756d6b,normalized-text-sha1-plus-regulations-duplicate-count-v1,0.0000,false,0.7008,public_comment_body_present; duplicateComments=1,EPA-R08-OAR-2024-0389-0093,script:build-first-wave-comment-products,Reproducible pre-review clustering; not agency uptake coding.
EPA-R08-OAR-2024-0389,EPA-R08-OAR-2024-0389-0094,rg-comment-cluster-ed3acfbcaee3,normalized-text-sha1-plus-regulations-duplicate-count-v1,1.0000,true,0.6833,public_comment_body_present; duplicateComments=1,EPA-R08-OAR-2024-0389-0074,script:build-first-wave-comment-products,Reproducible pre-review clustering; not agency uptake coding.
EPA-R08-OAR-2024-0389,EPA-R08-OAR-2024-0389-0095,rg-comment-cluster-ed3acfbcaee3,normalized-text-sha1-plus-regulations-duplicate-count-v1,1.0000,true,0.6833,public_comment_body_present; duplicateComments=1,EPA-R08-OAR-2024-0389-0074,script:build-first-wave-comment-products,Reproducible pre-review clustering; not agency uptake coding.
EPA-R08-OAR-2024-0389,EPA-R08-OAR-2024-0389-0096,rg-comment-cluster-ed3acfbcaee3,normalized-text-sha1-plus-regulations-duplicate-count-v1,1.0000,true,0.6833,public_comment_body_present; duplicateComments=1,EPA-R08-OAR-2024-0389-0074,script:build-first-wave-comment-products,Reproducible pre-review clustering; not agency uptake coding.
EPA-R08-OAR-2024-0389,EPA-R08-OAR-2024-0389-0097,rg-comment-cluster-0a23c3727d9b,normalized-text-sha1-plus-regulations-duplicate-count-v1,0.0000,false,0.7233,public_comment_body_present; duplicateComments=1,EPA-R08-OAR-2024-0389-0097,script:build-first-wave-comment-products,Reproducible pre-review clustering; not agency uptake coding.
EPA-R08-OAR-2024-0389,EPA-R08-OAR-2024-0389-0098,rg-comment-cluster-ed3acfbcaee3,normalized-text-sha1-plus-regulations-duplicate-count-v1,1.0000,true,0.6833,public_comment_body_present; duplicateComments=1,EPA-R08-OAR-2024-0389-0074,script:build-first-wave-comment-products,Reproducible pre-review clustering; not agency uptake coding.
EPA-R08-OAR-2024-0389,EPA-R08-OAR-2024-0389-0099,rg-comment-cluster-ed3acfbcaee3,normalized-text-sha1-plus-regulations-duplicate-count-v1,1.0000,true,0.6833,public_comment_body_present; duplicateComments=1,EPA-R08-OAR-2024-0389-0074,script:build-first-wave-comment-products,Reproducible pre-review clustering; not agency uptake coding.
EPA-R08-OAR-2024-0389,EPA-R08-OAR-2024-0389-0100,rg-comment-cluster-ed3acfbcaee3,normalized-text-sha1-plus-regulations-duplicate-count-v1,1.0000,true,0.6833,public_comment_body_present; duplicateComments=1,EPA-R08-OAR-2024-0389-0074,script:build-first-wave-comment-products,Reproducible pre-review clustering; not agency uptake coding.
EPA-R08-OAR-2024-0389,EPA-R08-OAR-2024-0389-0101,rg-comment-cluster-ed3acfbcaee3,normalized-text-sha1-plus-regulations-duplicate-count-v1,1.0000,true,0.6833,public_comment_body_present; duplicateComments=1,EPA-R08-OAR-2024-0389-0074,script:build-first-wave-comment-products,Reproducible pre-review clustering; not agency uptake coding.
EPA-R08-OAR-2024-0389,EPA-R08-OAR-2024-0389-0102,rg-comment-cluster-ed3acfbcaee3,normalized-text-sha1-plus-regulations-duplicate-count-v1,1.0000,true,0.6833,public_comment_body_present; duplicateComments=1,EPA-R08-OAR-2024-0389-0074,script:build-first-wave-comment-products,Reproducible pre-review clustering; not agency uptake coding.
EPA-R08-OAR-2024-0389,EPA-R08-OAR-2024-0389-0103,rg-comment-cluster-f866a7dfa1c4,normalized-text-sha1-plus-regulations-duplicate-count-v1,0.0000,false,0.7175,public_comment_body_present; duplicateComments=1,EPA-R08-OAR-2024-0389-0103,script:build-first-wave-comment-products,Reproducible pre-review clustering; not agency uptake coding.
EPA-R08-OAR-2024-0389,EPA-R08-OAR-2024-0389-0104,rg-comment-cluster-ed3acfbcaee3,normalized-text-sha1-plus-regulations-duplicate-count-v1,1.0000,true,0.6833,public_comment_body_present; duplicateComments=1,EPA-R08-OAR-2024-0389-0074,script:build-first-wave-comment-products,Reproducible pre-review clustering; not agency uptake coding.
EPA-R08-OAR-2024-0389,EPA-R08-OAR-2024-0389-0105,rg-comment-cluster-ed3acfbcaee3,normalized-text-sha1-plus-regulations-duplicate-count-v1,1.0000,true,0.6833,public_comment_body_present; duplicateComments=1,EPA-R08-OAR-2024-0389-0074,script:build-first-wave-comment-products,Reproducible pre-review clustering; not agency uptake coding.
EPA-R08-OAR-2024-0389,EPA-R08-OAR-2024-0389-0106,rg-comment-cluster-ed3acfbcaee3,normalized-text-sha1-plus-regulations-duplicate-count-v1,1.0000,true,0.6833,public_comment_body_present; duplicateComments=1,EPA-R08-OAR-2024-0389-0074,script:build-first-wave-comment-products,Reproducible pre-review clustering; not agency uptake coding.
EPA-R08-OAR-2024-0389,EPA-R08-OAR-2024-0389-0107,rg-comment-cluster-ed3acfbcaee3,normalized-text-sha1-plus-regulations-duplicate-count-v1,1.0000,true,0.6833,public_comment_body_present; duplicateComments=1,EPA-R08-OAR-2024-0389-0074,script:build-first-wave-comment-products,Reproducible pre-review clustering; not agency uptake coding.
EPA-R08-OAR-2024-0389,EPA-R08-OAR-2024-0389-0108,rg-comment-cluster-ed3acfbcaee3,normalized-text-sha1-plus-regulations-duplicate-count-v1,1.0000,true,0.6833,public_comment_body_present; duplicateComments=1,EPA-R08-OAR-2024-0389-0074,script:build-first-wave-comment-products,Reproducible pre-review clustering; not agency uptake coding.
EPA-R08-OAR-2024-0389,EPA-R08-OAR-2024-0389-0109,rg-comment-cluster-ed3acfbcaee3,normalized-text-sha1-plus-regulations-duplicate-count-v1,1.0000,true,0.6833,public_comment_body_present; duplicateComments=1,EPA-R08-OAR-2024-0389-0074,script:build-first-wave-comment-products,Reproducible pre-review clustering; not agency uptake coding.
EPA-R08-OAR-2024-0389,EPA-R08-OAR-2024-0389-0110,rg-comment-cluster-ed3acfbcaee3,normalized-text-sha1-plus-regulations-duplicate-count-v1,1.0000,true,0.6833,public_comment_body_present; duplicateComments=1,EPA-R08-OAR-2024-0389-0074,script:build-first-wave-comment-products,Reproducible pre-review clustering; not agency uptake coding.
EPA-R08-OAR-2024-0389,EPA-R08-OAR-2024-0389-0111,rg-comment-cluster-ed3acfbcaee3,normalized-text-sha1-plus-regulations-duplicate-count-v1,1.0000,true,0.6833,public_comment_body_present; duplicateComments=1,EPA-R08-OAR-2024-0389-0074,script:build-first-wave-comment-products,Reproducible pre-review clustering; not agency uptake coding.
EPA-R08-OAR-2024-0389,EPA-R08-OAR-2024-0389-0112,rg-comment-cluster-ed3acfbcaee3,normalized-text-sha1-plus-regulations-duplicate-count-v1,1.0000,true,0.6833,public_comment_body_present; duplicateComments=1,EPA-R08-OAR-2024-0389-0074,script:build-first-wave-comment-products,Reproducible pre-review clustering; not agency uptake coding.
EPA-R08-OAR-2024-0389,EPA-R08-OAR-2024-0389-0113,rg-comment-cluster-4eca5dfb26fe,normalized-text-sha1-plus-regulations-duplicate-count-v1,0.0000,false,0.6892,public_comment_body_present; duplicateComments=1,EPA-R08-OAR-2024-0389-0113,script:build-first-wave-comment-products,Reproducible pre-review clustering; not agency uptake coding.
EPA-R08-OAR-2024-0389,EPA-R08-OAR-2024-0389-0114,rg-comment-cluster-ed3acfbcaee3,normalized-text-sha1-plus-regulations-duplicate-count-v1,1.0000,true,0.6833,public_comment_body_present; duplicateComments=1,EPA-R08-OAR-2024-0389-0074,script:build-first-wave-comment-products,Reproducible pre-review clustering; not agency uptake coding.
EPA-R08-OAR-2024-0389,EPA-R08-OAR-2024-0389-0115,rg-comment-cluster-ed3acfbcaee3,normalized-text-sha1-plus-regulations-duplicate-count-v1,1.0000,true,0.6833,public_comment_body_present; duplicateComments=1,EPA-R08-OAR-2024-0389-0074,script:build-first-wave-comment-products,Reproducible pre-review clustering; not agency uptake coding.
EPA-R08-OAR-2024-0389,EPA-R08-OAR-2024-0389-0116,rg-comment-cluster-ed3acfbcaee3,normalized-text-sha1-plus-regulations-duplicate-count-v1,1.0000,true,0.6833,public_comment_body_present; duplicateComments=1,EPA-R08-OAR-2024-0389-0074,script:build-first-wave-comment-products,Reproducible pre-review clustering; not agency uptake coding.
EPA-R08-OAR-2024-0389,EPA-R08-OAR-2024-0389-0117,rg-comment-cluster-ed3acfbcaee3,normalized-text-sha1-plus-regulations-duplicate-count-v1,1.0000,true,0.6833,public_comment_body_present; duplicateComments=1,EPA-R08-OAR-2024-0389-0074,script:build-first-wave-comment-products,Reproducible pre-review clustering; not agency uptake coding.
EPA-R08-OAR-2024-0389,EPA-R08-OAR-2024-0389-0118,rg-comment-cluster-ed3acfbcaee3,normalized-text-sha1-plus-regulations-duplicate-count-v1,1.0000,true,0.6833,public_comment_body_present; duplicateComments=1,EPA-R08-OAR-2024-0389-0074,script:build-first-wave-comment-products,Reproducible pre-review clustering; not agency uptake coding.
EPA-R08-OAR-2024-0389,EPA-R08-OAR-2024-0389-0119,rg-comment-cluster-530c98c755c3,normalized-text-sha1-plus-regulations-duplicate-count-v1,0.0000,false,0.6925,public_comment_body_present; duplicateComments=1,EPA-R08-OAR-2024-0389-0119,script:build-first-wave-comment-products,Reproducible pre-review clustering; not agency uptake coding.
EPA-R08-OAR-2024-0389,EPA-R08-OAR-2024-0389-0120,rg-comment-cluster-ed3acfbcaee3,normalized-text-sha1-plus-regulations-duplicate-count-v1,1.0000,true,0.6833,public_comment_body_present; duplicateComments=1,EPA-R08-OAR-2024-0389-0074,script:build-first-wave-comment-products,Reproducible pre-review clustering; not agency uptake coding.
EPA-R08-OAR-2024-0389,EPA-R08-OAR-2024-0389-0121,rg-comment-cluster-5630f9a2afa4,normalized-text-sha1-plus-regulations-duplicate-count-v1,0.0000,false,0.7017,public_comment_body_present; duplicateComments=1,EPA-R08-OAR-2024-0389-0121,script:build-first-wave-comment-products,Reproducible pre-review clustering; not agency uptake coding.
EPA-R08-OAR-2024-0389,EPA-R08-OAR-2024-0389-0122,rg-comment-cluster-ed3acfbcaee3,normalized-text-sha1-plus-regulations-duplicate-count-v1,1.0000,true,0.6833,public_comment_body_present; duplicateComments=1,EPA-R08-OAR-2024-0389-0074,script:build-first-wave-comment-products,Reproducible pre-review clustering; not agency uptake coding.
EPA-R08-OAR-2024-0389,EPA-R08-OAR-2024-0389-0123,rg-comment-cluster-ed3acfbcaee3,normalized-text-sha1-plus-regulations-duplicate-count-v1,1.0000,true,0.6833,public_comment_body_present; duplicateComments=1,EPA-R08-OAR-2024-0389-0074,script:build-first-wave-comment-products,Reproducible pre-review clustering; not agency uptake coding.
EPA-R08-OAR-2024-0389,EPA-R08-OAR-2024-0389-0124,rg-comment-cluster-2434b8ac6f87,normalized-text-sha1-plus-regulations-duplicate-count-v1,0.0000,false,0.6925,public_comment_body_present; duplicateComments=1,EPA-R08-OAR-2024-0389-0124,script:build-first-wave-comment-products,Reproducible pre-review clustering; not agency uptake coding.
EPA-R08-OAR-2024-0389,EPA-R08-OAR-2024-0389-0125,rg-comment-cluster-ed3acfbcaee3,normalized-text-sha1-plus-regulations-duplicate-count-v1,1.0000,true,0.6833,public_comment_body_present; duplicateComments=1,EPA-R08-OAR-2024-0389-0074,script:build-first-wave-comment-products,Reproducible pre-review clustering; not agency uptake coding.
EPA-R08-OAR-2024-0389,EPA-R08-OAR-2024-0389-0126,rg-comment-cluster-a8fcdcb3c89b,normalized-text-sha1-plus-regulations-duplicate-count-v1,0.0000,false,0.7042,public_comment_body_present; duplicateComments=1,EPA-R08-OAR-2024-0389-0126,script:build-first-wave-comment-products,Reproducible pre-review clustering; not agency uptake coding.
EPA-R08-OAR-2024-0389,EPA-R08-OAR-2024-0389-0127,rg-comment-cluster-ed3acfbcaee3,normalized-text-sha1-plus-regulations-duplicate-count-v1,1.0000,true,0.6833,public_comment_body_present; duplicateComments=1,EPA-R08-OAR-2024-0389-0074,script:build-first-wave-comment-products,Reproducible pre-review clustering; not agency uptake coding.
EPA-R08-OAR-2024-0389,EPA-R08-OAR-2024-0389-0128,rg-comment-cluster-ed3acfbcaee3,normalized-text-sha1-plus-regulations-duplicate-count-v1,1.0000,true,0.6833,public_comment_body_present; duplicateComments=1,EPA-R08-OAR-2024-0389-0074,script:build-first-wave-comment-products,Reproducible pre-review clustering; not agency uptake coding.
EPA-R08-OAR-2024-0389,EPA-R08-OAR-2024-0389-0129,rg-comment-cluster-7d89f7dcb153,normalized-text-sha1-plus-regulations-duplicate-count-v1,0.0000,false,0.6867,public_comment_body_present; duplicateComments=1,EPA-R08-OAR-2024-0389-0129,script:build-first-wave-comment-products,Reproducible pre-review clustering; not agency uptake coding.
EPA-R08-OAR-2024-0389,EPA-R08-OAR-2024-0389-0130,rg-comment-cluster-d3e067d14bbb,normalized-text-sha1-plus-regulations-duplicate-count-v1,0.0000,false,0.6858,public_comment_body_present; duplicateComments=1,EPA-R08-OAR-2024-0389-0130,script:build-first-wave-comment-products,Reproducible pre-review clustering; not agency uptake coding.
EPA-R08-OAR-2024-0389,EPA-R08-OAR-2024-0389-0131,rg-comment-cluster-a741592124ca,normalized-text-sha1-plus-regulations-duplicate-count-v1,0.0000,false,0.7025,public_comment_body_present; duplicateComments=1,EPA-R08-OAR-2024-0389-0131,script:build-first-wave-comment-products,Reproducible pre-review clustering; not agency uptake coding.
EPA-R08-OAR-2024-0389,EPA-R08-OAR-2024-0389-0132,rg-comment-cluster-ed3acfbcaee3,normalized-text-sha1-plus-regulations-duplicate-count-v1,1.0000,true,0.6833,public_comment_body_present; duplicateComments=1,EPA-R08-OAR-2024-0389-0074,script:build-first-wave-comment-products,Reproducible pre-review clustering; not agency uptake coding.
EPA-R08-OAR-2024-0389,EPA-R08-OAR-2024-0389-0133,rg-comment-cluster-ed3acfbcaee3,normalized-text-sha1-plus-regulations-duplicate-count-v1,1.0000,true,0.6833,public_comment_body_present; duplicateComments=1,EPA-R08-OAR-2024-0389-0074,script:build-first-wave-comment-products,Reproducible pre-review clustering; not agency uptake coding.
EPA-R08-OAR-2024-0389,EPA-R08-OAR-2024-0389-0134,rg-comment-cluster-ed3acfbcaee3,normalized-text-sha1-plus-regulations-duplicate-count-v1,1.0000,true,0.6833,public_comment_body_present; duplicateComments=1,EPA-R08-OAR-2024-0389-0074,script:build-first-wave-comment-products,Reproducible pre-review clustering; not agency uptake coding.
EPA-R08-OAR-2024-0389,EPA-R08-OAR-2024-0389-0135,rg-comment-cluster-ed3acfbcaee3,normalized-text-sha1-plus-regulations-duplicate-count-v1,1.0000,true,0.6833,public_comment_body_present; duplicateComments=1,EPA-R08-OAR-2024-0389-0074,script:build-first-wave-comment-products,Reproducible pre-review clustering; not agency uptake coding.
EPA-R08-OAR-2024-0389,EPA-R08-OAR-2024-0389-0136,rg-comment-cluster-ed3acfbcaee3,normalized-text-sha1-plus-regulations-duplicate-count-v1,1.0000,true,0.6833,public_comment_body_present; duplicateComments=1,EPA-R08-OAR-2024-0389-0074,script:build-first-wave-comment-products,Reproducible pre-review clustering; not agency uptake coding.
EPA-R08-OAR-2024-0389,EPA-R08-OAR-2024-0389-0137,rg-comment-cluster-6a3d4dd315fb,normalized-text-sha1-plus-regulations-duplicate-count-v1,1.0000,true,0.6850,public_comment_body_present; duplicateComments=1,EPA-R08-OAR-2024-0389-0137,script:build-first-wave-comment-products,Reproducible pre-review clustering; not agency uptake coding.
EPA-R08-OAR-2024-0389,EPA-R08-OAR-2024-0389-0138,rg-comment-cluster-ed3acfbcaee3,normalized-text-sha1-plus-regulations-duplicate-count-v1,1.0000,true,0.6833,public_comment_body_present; duplicateComments=1,EPA-R08-OAR-2024-0389-0074,script:build-first-wave-comment-products,Reproducible pre-review clustering; not agency uptake coding.
EPA-R08-OAR-2024-0389,EPA-R08-OAR-2024-0389-0139,rg-comment-cluster-54cbcfcd5b98,normalized-text-sha1-plus-regulations-duplicate-count-v1,0.0000,false,0.6867,public_comment_body_present; duplicateComments=1,EPA-R08-OAR-2024-0389-0139,script:build-first-wave-comment-products,Reproducible pre-review clustering; not agency uptake coding.
EPA-R08-OAR-2024-0389,EPA-R08-OAR-2024-0389-0140,rg-comment-cluster-ed3acfbcaee3,normalized-text-sha1-plus-regulations-duplicate-count-v1,1.0000,true,0.6833,public_comment_body_present; duplicateComments=1,EPA-R08-OAR-2024-0389-0074,script:build-first-wave-comment-products,Reproducible pre-review clustering; not agency uptake coding.
EPA-R08-OAR-2024-0389,EPA-R08-OAR-2024-0389-0141,rg-comment-cluster-ed3acfbcaee3,normalized-text-sha1-plus-regulations-duplicate-count-v1,1.0000,true,0.6833,public_comment_body_present; duplicateComments=1,EPA-R08-OAR-2024-0389-0074,script:build-first-wave-comment-products,Reproducible pre-review clustering; not agency uptake coding.
EPA-R08-OAR-2024-0389,EPA-R08-OAR-2024-0389-0142,rg-comment-cluster-ed3acfbcaee3,normalized-text-sha1-plus-regulations-duplicate-count-v1,1.0000,true,0.6833,public_comment_body_present; duplicateComments=1,EPA-R08-OAR-2024-0389-0074,script:build-first-wave-comment-products,Reproducible pre-review clustering; not agency uptake coding.
EPA-R08-OAR-2024-0389,EPA-R08-OAR-2024-0389-0143,rg-comment-cluster-acf55b86f635,normalized-text-sha1-plus-regulations-duplicate-count-v1,0.0000,false,0.6975,public_comment_body_present; duplicateComments=1,EPA-R08-OAR-2024-0389-0143,script:build-first-wave-comment-products,Reproducible pre-review clustering; not agency uptake coding.
EPA-R08-OAR-2024-0389,EPA-R08-OAR-2024-0389-0144,rg-comment-cluster-ed3acfbcaee3,normalized-text-sha1-plus-regulations-duplicate-count-v1,1.0000,true,0.6833,public_comment_body_present; duplicateComments=1,EPA-R08-OAR-2024-0389-0074,script:build-first-wave-comment-products,Reproducible pre-review clustering; not agency uptake coding.
EPA-R08-OAR-2024-0389,EPA-R08-OAR-2024-0389-0145,rg-comment-cluster-ed3acfbcaee3,normalized-text-sha1-plus-regulations-duplicate-count-v1,1.0000,true,0.6833,public_comment_body_present; duplicateComments=1,EPA-R08-OAR-2024-0389-0074,script:build-first-wave-comment-products,Reproducible pre-review clustering; not agency uptake coding.
EPA-R08-OAR-2024-0389,EPA-R08-OAR-2024-0389-0146,rg-comment-cluster-ed3acfbcaee3,normalized-text-sha1-plus-regulations-duplicate-count-v1,1.0000,true,0.6833,public_comment_body_present; duplicateComments=1,EPA-R08-OAR-2024-0389-0074,script:build-first-wave-comment-products,Reproducible pre-review clustering; not agency uptake coding.
EPA-R08-OAR-2024-0389,EPA-R08-OAR-2024-0389-0147,rg-comment-cluster-ed3acfbcaee3,normalized-text-sha1-plus-regulations-duplicate-count-v1,1.0000,true,0.6833,public_comment_body_present; duplicateComments=1,EPA-R08-OAR-2024-0389-0074,script:build-first-wave-comment-products,Reproducible pre-review clustering; not agency uptake coding.
EPA-R08-OAR-2024-0389,EPA-R08-OAR-2024-0389-0148,rg-comment-cluster-ed3acfbcaee3,normalized-text-sha1-plus-regulations-duplicate-count-v1,1.0000,true,0.6833,public_comment_body_present; duplicateComments=1,EPA-R08-OAR-2024-0389-0074,script:build-first-wave-comment-products,Reproducible pre-review clustering; not agency uptake coding.
EPA-R08-OAR-2024-0389,EPA-R08-OAR-2024-0389-0149,rg-comment-cluster-ed3acfbcaee3,normalized-text-sha1-plus-regulations-duplicate-count-v1,1.0000,true,0.6833,public_comment_body_present; duplicateComments=1,EPA-R08-OAR-2024-0389-0074,script:build-first-wave-comment-products,Reproducible pre-review clustering; not agency uptake coding.
EPA-R08-OAR-2024-0389,EPA-R08-OAR-2024-0389-0150,rg-comment-cluster-53e10d810132,normalized-text-sha1-plus-regulations-duplicate-count-v1,0.0000,false,0.6942,public_comment_body_present; duplicateComments=1,EPA-R08-OAR-2024-0389-0150,script:build-first-wave-comment-products,Reproducible pre-review clustering; not agency uptake coding.
EPA-R08-OAR-2024-0389,EPA-R08-OAR-2024-0389-0151,rg-comment-cluster-7a8736c2c3b4,normalized-text-sha1-plus-regulations-duplicate-count-v1,0.0000,false,0.7589,public_comment_body_present; duplicateComments=1,EPA-R08-OAR-2024-0389-0151,script:build-first-wave-comment-products,Reproducible pre-review clustering; not agency uptake coding.
EPA-R08-OAR-2024-0389,EPA-R08-OAR-2024-0389-0152,rg-comment-cluster-ed3acfbcaee3,normalized-text-sha1-plus-regulations-duplicate-count-v1,1.0000,true,0.6833,public_comment_body_present; duplicateComments=1,EPA-R08-OAR-2024-0389-0074,script:build-first-wave-comment-products,Reproducible pre-review clustering; not agency uptake coding.
EPA-R08-OAR-2024-0389,EPA-R08-OAR-2024-0389-0153,rg-comment-cluster-ed3acfbcaee3,normalized-text-sha1-plus-regulations-duplicate-count-v1,1.0000,true,0.6833,public_comment_body_present; duplicateComments=1,EPA-R08-OAR-2024-0389-0074,script:build-first-wave-comment-products,Reproducible pre-review clustering; not agency uptake coding.
EPA-R08-OAR-2024-0389,EPA-R08-OAR-2024-0389-0154,rg-comment-cluster-ed3acfbcaee3,normalized-text-sha1-plus-regulations-duplicate-count-v1,1.0000,true,0.6833,public_comment_body_present; duplicateComments=1,EPA-R08-OAR-2024-0389-0074,script:build-first-wave-comment-products,Reproducible pre-review clustering; not agency uptake coding.
EPA-R08-OAR-2024-0389,EPA-R08-OAR-2024-0389-0155,rg-comment-cluster-ed3acfbcaee3,normalized-text-sha1-plus-regulations-duplicate-count-v1,1.0000,true,0.6833,public_comment_body_present; duplicateComments=1,EPA-R08-OAR-2024-0389-0074,script:build-first-wave-comment-products,Reproducible pre-review clustering; not agency uptake coding.
EPA-R08-OAR-2024-0389,EPA-R08-OAR-2024-0389-0156,rg-comment-cluster-62427e99bd96,normalized-text-sha1-plus-regulations-duplicate-count-v1,0.0000,false,0.7856,public_comment_body_present; duplicateComments=1,EPA-R08-OAR-2024-0389-0156,script:build-first-wave-comment-products,Reproducible pre-review clustering; not agency uptake coding.
EPA-R08-OAR-2024-0389,EPA-R08-OAR-2024-0389-0157,rg-comment-cluster-ed3acfbcaee3,normalized-text-sha1-plus-regulations-duplicate-count-v1,1.0000,true,0.6833,public_comment_body_present; duplicateComments=1,EPA-R08-OAR-2024-0389-0074,script:build-first-wave-comment-products,Reproducible pre-review clustering; not agency uptake coding.
EPA-R08-OAR-2024-0389,EPA-R08-OAR-2024-0389-0158,rg-comment-cluster-ed3acfbcaee3,normalized-text-sha1-plus-regulations-duplicate-count-v1,1.0000,true,0.6833,public_comment_body_present; duplicateComments=1,EPA-R08-OAR-2024-0389-0074,script:build-first-wave-comment-products,Reproducible pre-review clustering; not agency uptake coding.
EPA-R08-OAR-2024-0389,EPA-R08-OAR-2024-0389-0159,rg-comment-cluster-e13cf69c80c1,normalized-text-sha1-plus-regulations-duplicate-count-v1,0.0000,false,0.7789,public_comment_body_present; duplicateComments=1,EPA-R08-OAR-2024-0389-0159,script:build-first-wave-comment-products,Reproducible pre-review clustering; not agency uptake coding.
EPA-R08-OAR-2024-0389,EPA-R08-OAR-2024-0389-0160,rg-comment-cluster-ed3acfbcaee3,normalized-text-sha1-plus-regulations-duplicate-count-v1,1.0000,true,0.6833,public_comment_body_present; duplicateComments=1,EPA-R08-OAR-2024-0389-0074,script:build-first-wave-comment-products,Reproducible pre-review clustering; not agency uptake coding.
EPA-R08-OAR-2024-0389,EPA-R08-OAR-2024-0389-0161,rg-comment-cluster-ed3acfbcaee3,normalized-text-sha1-plus-regulations-duplicate-count-v1,1.0000,true,0.6833,public_comment_body_present; duplicateComments=1,EPA-R08-OAR-2024-0389-0074,script:build-first-wave-comment-products,Reproducible pre-review clustering; not agency uptake coding.
EPA-R08-OAR-2024-0389,EPA-R08-OAR-2024-0389-0162,rg-comment-cluster-ed3acfbcaee3,normalized-text-sha1-plus-regulations-duplicate-count-v1,1.0000,true,0.6833,public_comment_body_present; duplicateComments=1,EPA-R08-OAR-2024-0389-0074,script:build-first-wave-comment-products,Reproducible pre-review clustering; not agency uptake coding.
EPA-R08-OAR-2024-0389,EPA-R08-OAR-2024-0389-0163,rg-comment-cluster-ed3acfbcaee3,normalized-text-sha1-plus-regulations-duplicate-count-v1,1.0000,true,0.6833,public_comment_body_present; duplicateComments=1,EPA-R08-OAR-2024-0389-0074,script:build-first-wave-comment-products,Reproducible pre-review clustering; not agency uptake coding.
EPA-R08-OAR-2024-0389,EPA-R08-OAR-2024-0389-0164,rg-comment-cluster-ed3acfbcaee3,normalized-text-sha1-plus-regulations-duplicate-count-v1,1.0000,true,0.6833,public_comment_body_present; duplicateComments=1,EPA-R08-OAR-2024-0389-0074,script:build-first-wave-comment-products,Reproducible pre-review clustering; not agency uptake coding.
EPA-R08-OAR-2024-0389,EPA-R08-OAR-2024-0389-0165,rg-comment-cluster-3b7950da4e1e,normalized-text-sha1-plus-regulations-duplicate-count-v1,0.0000,false,0.7017,public_comment_body_present; duplicateComments=1,EPA-R08-OAR-2024-0389-0165,script:build-first-wave-comment-products,Reproducible pre-review clustering; not agency uptake coding.
EPA-R08-OAR-2024-0389,EPA-R08-OAR-2024-0389-0166,rg-comment-cluster-ed3acfbcaee3,normalized-text-sha1-plus-regulations-duplicate-count-v1,1.0000,true,0.6833,public_comment_body_present; duplicateComments=1,EPA-R08-OAR-2024-0389-0074,script:build-first-wave-comment-products,Reproducible pre-review clustering; not agency uptake coding.
EPA-R08-OAR-2024-0389,EPA-R08-OAR-2024-0389-0167,rg-comment-cluster-ed3acfbcaee3,normalized-text-sha1-plus-regulations-duplicate-count-v1,1.0000,true,0.6833,public_comment_body_present; duplicateComments=1,EPA-R08-OAR-2024-0389-0074,script:build-first-wave-comment-products,Reproducible pre-review clustering; not agency uptake coding.
EPA-R08-OAR-2024-0389,EPA-R08-OAR-2024-0389-0168,rg-comment-cluster-ed3acfbcaee3,normalized-text-sha1-plus-regulations-duplicate-count-v1,1.0000,true,0.6833,public_comment_body_present; duplicateComments=1,EPA-R08-OAR-2024-0389-0074,script:build-first-wave-comment-products,Reproducible pre-review clustering; not agency uptake coding.
EPA-R08-OAR-2024-0389,EPA-R08-OAR-2024-0389-0169,rg-comment-cluster-124f934871f1,normalized-text-sha1-plus-regulations-duplicate-count-v1,0.0000,false,0.6992,public_comment_body_present; duplicateComments=1,EPA-R08-OAR-2024-0389-0169,script:build-first-wave-comment-products,Reproducible pre-review clustering; not agency uptake coding.
EPA-R08-OAR-2024-0389,EPA-R08-OAR-2024-0389-0170,rg-comment-cluster-ed3acfbcaee3,normalized-text-sha1-plus-regulations-duplicate-count-v1,1.0000,true,0.6833,public_comment_body_present; duplicateComments=1,EPA-R08-OAR-2024-0389-0074,script:build-first-wave-comment-products,Reproducible pre-review clustering; not agency uptake coding.
EPA-R08-OAR-2024-0389,EPA-R08-OAR-2024-0389-0171,rg-comment-cluster-ed3acfbcaee3,normalized-text-sha1-plus-regulations-duplicate-count-v1,1.0000,true,0.6833,public_comment_body_present; duplicateComments=1,EPA-R08-OAR-2024-0389-0074,script:build-first-wave-comment-products,Reproducible pre-review clustering; not agency uptake coding.
EPA-R08-OAR-2024-0389,EPA-R08-OAR-2024-0389-0172,rg-comment-cluster-ce8874105570,normalized-text-sha1-plus-regulations-duplicate-count-v1,0.0000,false,0.6883,public_comment_body_present; duplicateComments=1,EPA-R08-OAR-2024-0389-0172,script:build-first-wave-comment-products,Reproducible pre-review clustering; not agency uptake coding.
EPA-R08-OAR-2024-0389,EPA-R08-OAR-2024-0389-0173,rg-comment-cluster-ed3acfbcaee3,normalized-text-sha1-plus-regulations-duplicate-count-v1,1.0000,true,0.6833,public_comment_body_present; duplicateComments=1,EPA-R08-OAR-2024-0389-0074,script:build-first-wave-comment-products,Reproducible pre-review clustering; not agency uptake coding.
EPA-R08-OAR-2024-0389,EPA-R08-OAR-2024-0389-0174,rg-comment-cluster-ed3acfbcaee3,normalized-text-sha1-plus-regulations-duplicate-count-v1,1.0000,true,0.6833,public_comment_body_present; duplicateComments=1,EPA-R08-OAR-2024-0389-0074,script:build-first-wave-comment-products,Reproducible pre-review clustering; not agency uptake coding.
EPA-R08-OAR-2024-0389,EPA-R08-OAR-2024-0389-0175,rg-comment-cluster-ed3acfbcaee3,normalized-text-sha1-plus-regulations-duplicate-count-v1,1.0000,true,0.6833,public_comment_body_present; duplicateComments=1,EPA-R08-OAR-2024-0389-0074,script:build-first-wave-comment-products,Reproducible pre-review clustering; not agency uptake coding.
EPA-R08-OAR-2024-0389,EPA-R08-OAR-2024-0389-0176,rg-comment-cluster-ed3acfbcaee3,normalized-text-sha1-plus-regulations-duplicate-count-v1,1.0000,true,0.6833,public_comment_body_present; duplicateComments=1,EPA-R08-OAR-2024-0389-0074,script:build-first-wave-comment-products,Reproducible pre-review clustering; not agency uptake coding.
EPA-R08-OAR-2024-0389,EPA-R08-OAR-2024-0389-0177,rg-comment-cluster-ed3acfbcaee3,normalized-text-sha1-plus-regulations-duplicate-count-v1,1.0000,true,0.6833,public_comment_body_present; duplicateComments=1,EPA-R08-OAR-2024-0389-0074,script:build-first-wave-comment-products,Reproducible pre-review clustering; not agency uptake coding.
EPA-R08-OAR-2024-0389,EPA-R08-OAR-2024-0389-0178,rg-comment-cluster-ed3acfbcaee3,normalized-text-sha1-plus-regulations-duplicate-count-v1,1.0000,true,0.6833,public_comment_body_present; duplicateComments=1,EPA-R08-OAR-2024-0389-0074,script:build-first-wave-comment-products,Reproducible pre-review clustering; not agency uptake coding.
EPA-R08-OAR-2024-0389,EPA-R08-OAR-2024-0389-0179,rg-comment-cluster-ed3acfbcaee3,normalized-text-sha1-plus-regulations-duplicate-count-v1,1.0000,true,0.6833,public_comment_body_present; duplicateComments=1,EPA-R08-OAR-2024-0389-0074,script:build-first-wave-comment-products,Reproducible pre-review clustering; not agency uptake coding.
EPA-R08-OAR-2024-0389,EPA-R08-OAR-2024-0389-0180,rg-comment-cluster-46e3de31de41,normalized-text-sha1-plus-regulations-duplicate-count-v1,0.0000,false,0.7233,public_comment_body_present; duplicateComments=1,EPA-R08-OAR-2024-0389-0180,script:build-first-wave-comment-products,Reproducible pre-review clustering; not agency uptake coding.
EPA-R08-OAR-2024-0389,EPA-R08-OAR-2024-0389-0181,rg-comment-cluster-ed3acfbcaee3,normalized-text-sha1-plus-regulations-duplicate-count-v1,1.0000,true,0.6833,public_comment_body_present; duplicateComments=1,EPA-R08-OAR-2024-0389-0074,script:build-first-wave-comment-products,Reproducible pre-review clustering; not agency uptake coding.
EPA-R08-OAR-2024-0389,EPA-R08-OAR-2024-0389-0182,rg-comment-cluster-ed3acfbcaee3,normalized-text-sha1-plus-regulations-duplicate-count-v1,1.0000,true,0.6833,public_comment_body_present; duplicateComments=1,EPA-R08-OAR-2024-0389-0074,script:build-first-wave-comment-products,Reproducible pre-review clustering; not agency uptake coding.
EPA-R08-OAR-2024-0389,EPA-R08-OAR-2024-0389-0183,rg-comment-cluster-ed3acfbcaee3,normalized-text-sha1-plus-regulations-duplicate-count-v1,1.0000,true,0.6833,public_comment_body_present; duplicateComments=1,EPA-R08-OAR-2024-0389-0074,script:build-first-wave-comment-products,Reproducible pre-review clustering; not agency uptake coding.
EPA-R08-OAR-2024-0389,EPA-R08-OAR-2024-0389-0184,rg-comment-cluster-ed3acfbcaee3,normalized-text-sha1-plus-regulations-duplicate-count-v1,1.0000,true,0.6833,public_comment_body_present; duplicateComments=1,EPA-R08-OAR-2024-0389-0074,script:build-first-wave-comment-products,Reproducible pre-review clustering; not agency uptake coding.
EPA-R08-OAR-2024-0389,EPA-R08-OAR-2024-0389-0185,rg-comment-cluster-ed3acfbcaee3,normalized-text-sha1-plus-regulations-duplicate-count-v1,1.0000,true,0.6833,public_comment_body_present; duplicateComments=1,EPA-R08-OAR-2024-0389-0074,script:build-first-wave-comment-products,Reproducible pre-review clustering; not agency uptake coding.
EPA-R08-OAR-2024-0389,EPA-R08-OAR-2024-0389-0186,rg-comment-cluster-ed3acfbcaee3,normalized-text-sha1-plus-regulations-duplicate-count-v1,1.0000,true,0.6833,public_comment_body_present; duplicateComments=1,EPA-R08-OAR-2024-0389-0074,script:build-first-wave-comment-products,Reproducible pre-review clustering; not agency uptake coding.
EPA-R08-OAR-2024-0389,EPA-R08-OAR-2024-0389-0187,rg-comment-cluster-ed3acfbcaee3,normalized-text-sha1-plus-regulations-duplicate-count-v1,1.0000,true,0.6833,public_comment_body_present; duplicateComments=1,EPA-R08-OAR-2024-0389-0074,script:build-first-wave-comment-products,Reproducible pre-review clustering; not agency uptake coding.
EPA-R08-OAR-2024-0389,EPA-R08-OAR-2024-0389-0188,rg-comment-cluster-ed3acfbcaee3,normalized-text-sha1-plus-regulations-duplicate-count-v1,1.0000,true,0.6833,public_comment_body_present; duplicateComments=1,EPA-R08-OAR-2024-0389-0074,script:build-first-wave-comment-products,Reproducible pre-review clustering; not agency uptake coding.
EPA-R08-OAR-2024-0389,EPA-R08-OAR-2024-0389-0189,rg-comment-cluster-ed3acfbcaee3,normalized-text-sha1-plus-regulations-duplicate-count-v1,1.0000,true,0.6833,public_comment_body_present; duplicateComments=1,EPA-R08-OAR-2024-0389-0074,script:build-first-wave-comment-products,Reproducible pre-review clustering; not agency uptake coding.
EPA-R08-OAR-2024-0389,EPA-R08-OAR-2024-0389-0190,rg-comment-cluster-ed3acfbcaee3,normalized-text-sha1-plus-regulations-duplicate-count-v1,1.0000,true,0.6833,public_comment_body_present; duplicateComments=1,EPA-R08-OAR-2024-0389-0074,script:build-first-wave-comment-products,Reproducible pre-review clustering; not agency uptake coding.
EPA-R08-OAR-2024-0389,EPA-R08-OAR-2024-0389-0191,rg-comment-cluster-ed3acfbcaee3,normalized-text-sha1-plus-regulations-duplicate-count-v1,1.0000,true,0.6833,public_comment_body_present; duplicateComments=1,EPA-R08-OAR-2024-0389-0074,script:build-first-wave-comment-products,Reproducible pre-review clustering; not agency uptake coding.
EPA-R08-OAR-2024-0389,EPA-R08-OAR-2024-0389-0192,rg-comment-cluster-ed3acfbcaee3,normalized-text-sha1-plus-regulations-duplicate-count-v1,1.0000,true,0.6833,public_comment_body_present; duplicateComments=1,EPA-R08-OAR-2024-0389-0074,script:build-first-wave-comment-products,Reproducible pre-review clustering; not agency uptake coding.
EPA-R08-OAR-2024-0389,EPA-R08-OAR-2024-0389-0193,rg-comment-cluster-ed3acfbcaee3,normalized-text-sha1-plus-regulations-duplicate-count-v1,1.0000,true,0.6833,public_comment_body_present; duplicateComments=1,EPA-R08-OAR-2024-0389-0074,script:build-first-wave-comment-products,Reproducible pre-review clustering; not agency uptake coding.
EPA-R08-OAR-2024-0389,EPA-R08-OAR-2024-0389-0194,rg-comment-cluster-ed3acfbcaee3,normalized-text-sha1-plus-regulations-duplicate-count-v1,1.0000,true,0.6833,public_comment_body_present; duplicateComments=1,EPA-R08-OAR-2024-0389-0074,script:build-first-wave-comment-products,Reproducible pre-review clustering; not agency uptake coding.
EPA-R08-OAR-2024-0389,EPA-R08-OAR-2024-0389-0195,rg-comment-cluster-ed3acfbcaee3,normalized-text-sha1-plus-regulations-duplicate-count-v1,1.0000,true,0.6833,public_comment_body_present; duplicateComments=1,EPA-R08-OAR-2024-0389-0074,script:build-first-wave-comment-products,Reproducible pre-review clustering; not agency uptake coding.
EPA-R08-OAR-2024-0389,EPA-R08-OAR-2024-0389-0196,rg-comment-cluster-aab3e92abc34,normalized-text-sha1-plus-regulations-duplicate-count-v1,0.0000,false,0.4036,public_comment_body_present; duplicateComments=1,EPA-R08-OAR-2024-0389-0196,script:build-first-wave-comment-products,Reproducible pre-review clustering; not agency uptake coding.
EPA-R08-OAR-2024-0389,EPA-R08-OAR-2024-0389-0197,rg-comment-cluster-4ce548706608,normalized-text-sha1-plus-regulations-duplicate-count-v1,0.0000,false,0.7208,public_comment_body_present; duplicateComments=1,EPA-R08-OAR-2024-0389-0197,script:build-first-wave-comment-products,Reproducible pre-review clustering; not agency uptake coding.
EPA-R08-OAR-2024-0389,EPA-R08-OAR-2024-0389-0198,rg-comment-cluster-ed3acfbcaee3,normalized-text-sha1-plus-regulations-duplicate-count-v1,1.0000,true,0.6833,public_comment_body_present; duplicateComments=1,EPA-R08-OAR-2024-0389-0074,script:build-first-wave-comment-products,Reproducible pre-review clustering; not agency uptake coding.
EPA-R08-OAR-2024-0389,EPA-R08-OAR-2024-0389-0199,rg-comment-cluster-ed3acfbcaee3,normalized-text-sha1-plus-regulations-duplicate-count-v1,1.0000,true,0.6833,public_comment_body_present; duplicateComments=1,EPA-R08-OAR-2024-0389-0074,script:build-first-wave-comment-products,Reproducible pre-review clustering; not agency uptake coding.
EPA-R08-OAR-2024-0389,EPA-R08-OAR-2024-0389-0200,rg-comment-cluster-cfe1add4ecd4,normalized-text-sha1-plus-regulations-duplicate-count-v1,0.0000,false,0.7000,public_comment_body_present; duplicateComments=1,EPA-R08-OAR-2024-0389-0200,script:build-first-wave-comment-products,Reproducible pre-review clustering; not agency uptake coding.
EPA-R08-OAR-2024-0389,EPA-R08-OAR-2024-0389-0201,rg-comment-cluster-ed3acfbcaee3,normalized-text-sha1-plus-regulations-duplicate-count-v1,1.0000,true,0.6833,public_comment_body_present; duplicateComments=1,EPA-R08-OAR-2024-0389-0074,script:build-first-wave-comment-products,Reproducible pre-review clustering; not agency uptake coding.
EPA-R08-OAR-2024-0389,EPA-R08-OAR-2024-0389-0202,rg-comment-cluster-ed3acfbcaee3,normalized-text-sha1-plus-regulations-duplicate-count-v1,1.0000,true,0.6833,public_comment_body_present; duplicateComments=1,EPA-R08-OAR-2024-0389-0074,script:build-first-wave-comment-products,Reproducible pre-review clustering; not agency uptake coding.
EPA-R08-OAR-2024-0389,EPA-R08-OAR-2024-0389-0203,rg-comment-cluster-7b43d73ebf11,normalized-text-sha1-plus-regulations-duplicate-count-v1,0.0000,false,0.7025,public_comment_body_present; duplicateComments=1,EPA-R08-OAR-2024-0389-0203,script:build-first-wave-comment-products,Reproducible pre-review clustering; not agency uptake coding.
EPA-R08-OAR-2024-0389,EPA-R08-OAR-2024-0389-0204,rg-comment-cluster-ed3acfbcaee3,normalized-text-sha1-plus-regulations-duplicate-count-v1,1.0000,true,0.6833,public_comment_body_present; duplicateComments=1,EPA-R08-OAR-2024-0389-0074,script:build-first-wave-comment-products,Reproducible pre-review clustering; not agency uptake coding.
EPA-R08-OAR-2024-0389,EPA-R08-OAR-2024-0389-0205,rg-comment-cluster-9310a5681f70,normalized-text-sha1-plus-regulations-duplicate-count-v1,0.0000,false,0.6958,public_comment_body_present; duplicateComments=1,EPA-R08-OAR-2024-0389-0205,script:build-first-wave-comment-products,Reproducible pre-review clustering; not agency uptake coding.
EPA-R08-OAR-2024-0389,EPA-R08-OAR-2024-0389-0206,rg-comment-cluster-ed3acfbcaee3,normalized-text-sha1-plus-regulations-duplicate-count-v1,1.0000,true,0.6833,public_comment_body_present; duplicateComments=1,EPA-R08-OAR-2024-0389-0074,script:build-first-wave-comment-products,Reproducible pre-review clustering; not agency uptake coding.
EPA-R08-OAR-2024-0389,EPA-R08-OAR-2024-0389-0207,rg-comment-cluster-ed3acfbcaee3,normalized-text-sha1-plus-regulations-duplicate-count-v1,1.0000,true,0.6833,public_comment_body_present; duplicateComments=1,EPA-R08-OAR-2024-0389-0074,script:build-first-wave-comment-products,Reproducible pre-review clustering; not agency uptake coding.
EPA-R08-OAR-2024-0389,EPA-R08-OAR-2024-0389-0208,rg-comment-cluster-b7d32e91c400,normalized-text-sha1-plus-regulations-duplicate-count-v1,0.0000,false,0.8861,public_comment_body_present; duplicateComments=1,EPA-R08-OAR-2024-0389-0208,script:build-first-wave-comment-products,Reproducible pre-review clustering; not agency uptake coding.
EPA-R08-OAR-2024-0389,EPA-R08-OAR-2024-0389-0209,rg-comment-cluster-ed3acfbcaee3,normalized-text-sha1-plus-regulations-duplicate-count-v1,1.0000,true,0.6833,public_comment_body_present; duplicateComments=1,EPA-R08-OAR-2024-0389-0074,script:build-first-wave-comment-products,Reproducible pre-review clustering; not agency uptake coding.
EPA-R08-OAR-2024-0389,EPA-R08-OAR-2024-0389-0210,rg-comment-cluster-ed3acfbcaee3,normalized-text-sha1-plus-regulations-duplicate-count-v1,1.0000,true,0.6833,public_comment_body_present; duplicateComments=1,EPA-R08-OAR-2024-0389-0074,script:build-first-wave-comment-products,Reproducible pre-review clustering; not agency uptake coding.
EPA-R08-OAR-2024-0389,EPA-R08-OAR-2024-0389-0211,rg-comment-cluster-ed3acfbcaee3,normalized-text-sha1-plus-regulations-duplicate-count-v1,1.0000,true,0.6833,public_comment_body_present; duplicateComments=1,EPA-R08-OAR-2024-0389-0074,script:build-first-wave-comment-products,Reproducible pre-review clustering; not agency uptake coding.
EPA-R08-OAR-2024-0389,EPA-R08-OAR-2024-0389-0212,rg-comment-cluster-ed3acfbcaee3,normalized-text-sha1-plus-regulations-duplicate-count-v1,1.0000,true,0.6833,public_comment_body_present; duplicateComments=1,EPA-R08-OAR-2024-0389-0074,script:build-first-wave-comment-products,Reproducible pre-review clustering; not agency uptake coding.
EPA-R08-OAR-2024-0389,EPA-R08-OAR-2024-0389-0213,rg-comment-cluster-ed3acfbcaee3,normalized-text-sha1-plus-regulations-duplicate-count-v1,1.0000,true,0.6833,public_comment_body_present; duplicateComments=1,EPA-R08-OAR-2024-0389-0074,script:build-first-wave-comment-products,Reproducible pre-review clustering; not agency uptake coding.
EPA-R08-OAR-2024-0389,EPA-R08-OAR-2024-0389-0214,rg-comment-cluster-ed3acfbcaee3,normalized-text-sha1-plus-regulations-duplicate-count-v1,1.0000,true,0.6833,public_comment_body_present; duplicateComments=1,EPA-R08-OAR-2024-0389-0074,script:build-first-wave-comment-products,Reproducible pre-review clustering; not agency uptake coding.
EPA-R08-OAR-2024-0389,EPA-R08-OAR-2024-0389-0215,rg-comment-cluster-909b94230408,normalized-text-sha1-plus-regulations-duplicate-count-v1,0.0000,false,0.6858,public_comment_body_present; duplicateComments=1,EPA-R08-OAR-2024-0389-0215,script:build-first-wave-comment-products,Reproducible pre-review clustering; not agency uptake coding.
EPA-R08-OAR-2024-0389,EPA-R08-OAR-2024-0389-0216,rg-comment-cluster-ccc1bbaa658c,normalized-text-sha1-plus-regulations-duplicate-count-v1,0.0000,false,0.7672,public_comment_body_present; duplicateComments=1,EPA-R08-OAR-2024-0389-0216,script:build-first-wave-comment-products,Reproducible pre-review clustering; not agency uptake coding.
EPA-R08-OAR-2024-0389,EPA-R08-OAR-2024-0389-0217,rg-comment-cluster-ed3acfbcaee3,normalized-text-sha1-plus-regulations-duplicate-count-v1,1.0000,true,0.6833,public_comment_body_present; duplicateComments=1,EPA-R08-OAR-2024-0389-0074,script:build-first-wave-comment-products,Reproducible pre-review clustering; not agency uptake coding.
EPA-R08-OAR-2024-0389,EPA-R08-OAR-2024-0389-0218,rg-comment-cluster-ed3acfbcaee3,normalized-text-sha1-plus-regulations-duplicate-count-v1,1.0000,true,0.6833,public_comment_body_present; duplicateComments=1,EPA-R08-OAR-2024-0389-0074,script:build-first-wave-comment-products,Reproducible pre-review clustering; not agency uptake coding.
EPA-R08-OAR-2024-0389,EPA-R08-OAR-2024-0389-0219,rg-comment-cluster-2a1100beffa0,normalized-text-sha1-plus-regulations-duplicate-count-v1,0.0000,false,0.7333,public_comment_body_present; duplicateComments=1,EPA-R08-OAR-2024-0389-0219,script:build-first-wave-comment-products,Reproducible pre-review clustering; not agency uptake coding.
EPA-R08-OAR-2024-0389,EPA-R08-OAR-2024-0389-0220,rg-comment-cluster-617af9782aec,normalized-text-sha1-plus-regulations-duplicate-count-v1,0.0000,false,0.6958,public_comment_body_present; duplicateComments=1,EPA-R08-OAR-2024-0389-0220,script:build-first-wave-comment-products,Reproducible pre-review clustering; not agency uptake coding.
EPA-R08-OAR-2024-0389,EPA-R08-OAR-2024-0389-0221,rg-comment-cluster-4550b6a2dc75,normalized-text-sha1-plus-regulations-duplicate-count-v1,0.0000,false,0.7008,public_comment_body_present; duplicateComments=1,EPA-R08-OAR-2024-0389-0221,script:build-first-wave-comment-products,Reproducible pre-review clustering; not agency uptake coding.
EPA-R08-OAR-2024-0389,EPA-R08-OAR-2024-0389-0222,rg-comment-cluster-ed3acfbcaee3,normalized-text-sha1-plus-regulations-duplicate-count-v1,1.0000,true,0.6833,public_comment_body_present; duplicateComments=1,EPA-R08-OAR-2024-0389-0074,script:build-first-wave-comment-products,Reproducible pre-review clustering; not agency uptake coding.
EPA-R08-OAR-2024-0389,EPA-R08-OAR-2024-0389-0223,rg-comment-cluster-ed3acfbcaee3,normalized-text-sha1-plus-regulations-duplicate-count-v1,1.0000,true,0.6833,public_comment_body_present; duplicateComments=1,EPA-R08-OAR-2024-0389-0074,script:build-first-wave-comment-products,Reproducible pre-review clustering; not agency uptake coding.
EPA-R08-OAR-2024-0389,EPA-R08-OAR-2024-0389-0224,rg-comment-cluster-ed3acfbcaee3,normalized-text-sha1-plus-regulations-duplicate-count-v1,1.0000,true,0.6833,public_comment_body_present; duplicateComments=1,EPA-R08-OAR-2024-0389-0074,script:build-first-wave-comment-products,Reproducible pre-review clustering; not agency uptake coding.
EPA-R08-OAR-2024-0389,EPA-R08-OAR-2024-0389-0225,rg-comment-cluster-ed3acfbcaee3,normalized-text-sha1-plus-regulations-duplicate-count-v1,1.0000,true,0.6833,public_comment_body_present; duplicateComments=1,EPA-R08-OAR-2024-0389-0074,script:build-first-wave-comment-products,Reproducible pre-review clustering; not agency uptake coding.
EPA-R08-OAR-2024-0389,EPA-R08-OAR-2024-0389-0226,rg-comment-cluster-ed3acfbcaee3,normalized-text-sha1-plus-regulations-duplicate-count-v1,1.0000,true,0.6833,public_comment_body_present; duplicateComments=1,EPA-R08-OAR-2024-0389-0074,script:build-first-wave-comment-products,Reproducible pre-review clustering; not agency uptake coding.
EPA-R08-OAR-2024-0389,EPA-R08-OAR-2024-0389-0227,rg-comment-cluster-ed3acfbcaee3,normalized-text-sha1-plus-regulations-duplicate-count-v1,1.0000,true,0.6833,public_comment_body_present; duplicateComments=1,EPA-R08-OAR-2024-0389-0074,script:build-first-wave-comment-products,Reproducible pre-review clustering; not agency uptake coding.
EPA-R08-OAR-2024-0389,EPA-R08-OAR-2024-0389-0228,rg-comment-cluster-591ed821a1a6,normalized-text-sha1-plus-regulations-duplicate-count-v1,0.0000,false,0.7000,public_comment_body_present; duplicateComments=1,EPA-R08-OAR-2024-0389-0228,script:build-first-wave-comment-products,Reproducible pre-review clustering; not agency uptake coding.
EPA-R08-OAR-2024-0389,EPA-R08-OAR-2024-0389-0229,rg-comment-cluster-ed3acfbcaee3,normalized-text-sha1-plus-regulations-duplicate-count-v1,1.0000,true,0.6833,public_comment_body_present; duplicateComments=1,EPA-R08-OAR-2024-0389-0074,script:build-first-wave-comment-products,Reproducible pre-review clustering; not agency uptake coding.
EPA-R08-OAR-2024-0389,EPA-R08-OAR-2024-0389-0230,rg-comment-cluster-ed3acfbcaee3,normalized-text-sha1-plus-regulations-duplicate-count-v1,1.0000,true,0.6833,public_comment_body_present; duplicateComments=1,EPA-R08-OAR-2024-0389-0074,script:build-first-wave-comment-products,Reproducible pre-review clustering; not agency uptake coding.
EPA-R08-OAR-2024-0389,EPA-R08-OAR-2024-0389-0231,rg-comment-cluster-5093a1387b65,normalized-text-sha1-plus-regulations-duplicate-count-v1,0.0000,false,0.6908,public_comment_body_present; duplicateComments=1,EPA-R08-OAR-2024-0389-0231,script:build-first-wave-comment-products,Reproducible pre-review clustering; not agency uptake coding.
EPA-R08-OAR-2024-0389,EPA-R08-OAR-2024-0389-0232,rg-comment-cluster-ed3acfbcaee3,normalized-text-sha1-plus-regulations-duplicate-count-v1,1.0000,true,0.6833,public_comment_body_present; duplicateComments=1,EPA-R08-OAR-2024-0389-0074,script:build-first-wave-comment-products,Reproducible pre-review clustering; not agency uptake coding.
EPA-R08-OAR-2024-0389,EPA-R08-OAR-2024-0389-0233,rg-comment-cluster-ed3acfbcaee3,normalized-text-sha1-plus-regulations-duplicate-count-v1,1.0000,true,0.6833,public_comment_body_present; duplicateComments=1,EPA-R08-OAR-2024-0389-0074,script:build-first-wave-comment-products,Reproducible pre-review clustering; not agency uptake coding.
EPA-R08-OAR-2024-0389,EPA-R08-OAR-2024-0389-0234,rg-comment-cluster-ed3acfbcaee3,normalized-text-sha1-plus-regulations-duplicate-count-v1,1.0000,true,0.6833,public_comment_body_present; duplicateComments=1,EPA-R08-OAR-2024-0389-0074,script:build-first-wave-comment-products,Reproducible pre-review clustering; not agency uptake coding.
EPA-R08-OAR-2024-0389,EPA-R08-OAR-2024-0389-0235,rg-comment-cluster-ed3acfbcaee3,normalized-text-sha1-plus-regulations-duplicate-count-v1,1.0000,true,0.6833,public_comment_body_present; duplicateComments=1,EPA-R08-OAR-2024-0389-0074,script:build-first-wave-comment-products,Reproducible pre-review clustering; not agency uptake coding.
EPA-R08-OAR-2024-0389,EPA-R08-OAR-2024-0389-0236,rg-comment-cluster-ed3acfbcaee3,normalized-text-sha1-plus-regulations-duplicate-count-v1,1.0000,true,0.6833,public_comment_body_present; duplicateComments=1,EPA-R08-OAR-2024-0389-0074,script:build-first-wave-comment-products,Reproducible pre-review clustering; not agency uptake coding.
EPA-R08-OAR-2024-0389,EPA-R08-OAR-2024-0389-0237,rg-comment-cluster-ed3acfbcaee3,normalized-text-sha1-plus-regulations-duplicate-count-v1,1.0000,true,0.6833,public_comment_body_present; duplicateComments=1,EPA-R08-OAR-2024-0389-0074,script:build-first-wave-comment-products,Reproducible pre-review clustering; not agency uptake coding.
EPA-R08-OAR-2024-0389,EPA-R08-OAR-2024-0389-0238,rg-comment-cluster-ed3acfbcaee3,normalized-text-sha1-plus-regulations-duplicate-count-v1,1.0000,true,0.6833,public_comment_body_present; duplicateComments=1,EPA-R08-OAR-2024-0389-0074,script:build-first-wave-comment-products,Reproducible pre-review clustering; not agency uptake coding.
EPA-R08-OAR-2024-0389,EPA-R08-OAR-2024-0389-0239,rg-comment-cluster-ed3acfbcaee3,normalized-text-sha1-plus-regulations-duplicate-count-v1,1.0000,true,0.6833,public_comment_body_present; duplicateComments=1,EPA-R08-OAR-2024-0389-0074,script:build-first-wave-comment-products,Reproducible pre-review clustering; not agency uptake coding.
EPA-R08-OAR-2024-0389,EPA-R08-OAR-2024-0389-0240,rg-comment-cluster-ed3acfbcaee3,normalized-text-sha1-plus-regulations-duplicate-count-v1,1.0000,true,0.6833,public_comment_body_present; duplicateComments=1,EPA-R08-OAR-2024-0389-0074,script:build-first-wave-comment-products,Reproducible pre-review clustering; not agency uptake coding.
EPA-R08-OAR-2024-0389,EPA-R08-OAR-2024-0389-0241,rg-comment-cluster-ed3acfbcaee3,normalized-text-sha1-plus-regulations-duplicate-count-v1,1.0000,true,0.6833,public_comment_body_present; duplicateComments=1,EPA-R08-OAR-2024-0389-0074,script:build-first-wave-comment-products,Reproducible pre-review clustering; not agency uptake coding.
EPA-R08-OAR-2024-0389,EPA-R08-OAR-2024-0389-0242,rg-comment-cluster-407d39cf5981,normalized-text-sha1-plus-regulations-duplicate-count-v1,0.0000,false,0.8275,public_comment_body_present; duplicateComments=1,EPA-R08-OAR-2024-0389-0242,script:build-first-wave-comment-products,Reproducible pre-review clustering; not agency uptake coding.
EPA-R08-OAR-2024-0389,EPA-R08-OAR-2024-0389-0243,rg-comment-cluster-e0439de949ba,normalized-text-sha1-plus-regulations-duplicate-count-v1,0.0000,false,0.7539,public_comment_body_present; duplicateComments=1,EPA-R08-OAR-2024-0389-0243,script:build-first-wave-comment-products,Reproducible pre-review clustering; not agency uptake coding.
EPA-R08-OAR-2024-0389,EPA-R08-OAR-2024-0389-0244,rg-comment-cluster-5efddf7fa704,normalized-text-sha1-plus-regulations-duplicate-count-v1,0.0000,false,0.6833,public_comment_body_present; duplicateComments=1,EPA-R08-OAR-2024-0389-0244,script:build-first-wave-comment-products,Reproducible pre-review clustering; not agency uptake coding.
EPA-R08-OAR-2024-0389,EPA-R08-OAR-2024-0389-0245,rg-comment-cluster-e711e48691f3,normalized-text-sha1-plus-regulations-duplicate-count-v1,0.0000,false,0.6975,public_comment_body_present; duplicateComments=1,EPA-R08-OAR-2024-0389-0245,script:build-first-wave-comment-products,Reproducible pre-review clustering; not agency uptake coding.
EPA-R08-OAR-2024-0389,EPA-R08-OAR-2024-0389-0246,rg-comment-cluster-ed3acfbcaee3,normalized-text-sha1-plus-regulations-duplicate-count-v1,1.0000,true,0.6833,public_comment_body_present; duplicateComments=1,EPA-R08-OAR-2024-0389-0074,script:build-first-wave-comment-products,Reproducible pre-review clustering; not agency uptake coding.
EPA-R08-OAR-2024-0389,EPA-R08-OAR-2024-0389-0247,rg-comment-cluster-ed3acfbcaee3,normalized-text-sha1-plus-regulations-duplicate-count-v1,1.0000,true,0.6833,public_comment_body_present; duplicateComments=1,EPA-R08-OAR-2024-0389-0074,script:build-first-wave-comment-products,Reproducible pre-review clustering; not agency uptake coding.
EPA-R08-OAR-2024-0389,EPA-R08-OAR-2024-0389-0248,rg-comment-cluster-7100258ab39d,normalized-text-sha1-plus-regulations-duplicate-count-v1,0.0000,false,0.7392,public_comment_body_present; duplicateComments=1,EPA-R08-OAR-2024-0389-0248,script:build-first-wave-comment-products,Reproducible pre-review clustering; not agency uptake coding.
EPA-R08-OAR-2024-0389,EPA-R08-OAR-2024-0389-0249,rg-comment-cluster-ed3acfbcaee3,normalized-text-sha1-plus-regulations-duplicate-count-v1,1.0000,true,0.6833,public_comment_body_present; duplicateComments=1,EPA-R08-OAR-2024-0389-0074,script:build-first-wave-comment-products,Reproducible pre-review clustering; not agency uptake coding.
EPA-R08-OAR-2024-0389,EPA-R08-OAR-2024-0389-0250,rg-comment-cluster-ed3acfbcaee3,normalized-text-sha1-plus-regulations-duplicate-count-v1,1.0000,true,0.6833,public_comment_body_present; duplicateComments=1,EPA-R08-OAR-2024-0389-0074,script:build-first-wave-comment-products,Reproducible pre-review clustering; not agency uptake coding.
EPA-R08-OAR-2024-0389,EPA-R08-OAR-2024-0389-0251,rg-comment-cluster-2d586a88244b,normalized-text-sha1-plus-regulations-duplicate-count-v1,0.0000,false,0.7058,public_comment_body_present; duplicateComments=1,EPA-R08-OAR-2024-0389-0251,script:build-first-wave-comment-products,Reproducible pre-review clustering; not agency uptake coding.
EPA-R08-OAR-2024-0389,EPA-R08-OAR-2024-0389-0252,rg-comment-cluster-ed3acfbcaee3,normalized-text-sha1-plus-regulations-duplicate-count-v1,1.0000,true,0.6833,public_comment_body_present; duplicateComments=1,EPA-R08-OAR-2024-0389-0074,script:build-first-wave-comment-products,Reproducible pre-review clustering; not agency uptake coding.
EPA-R08-OAR-2024-0389,EPA-R08-OAR-2024-0389-0253,rg-comment-cluster-988fb09c567f,normalized-text-sha1-plus-regulations-duplicate-count-v1,0.0000,false,0.7325,public_comment_body_present; duplicateComments=1,EPA-R08-OAR-2024-0389-0253,script:build-first-wave-comment-products,Reproducible pre-review clustering; not agency uptake coding.
EPA-R08-OAR-2024-0389,EPA-R08-OAR-2024-0389-0254,rg-comment-cluster-ed3acfbcaee3,normalized-text-sha1-plus-regulations-duplicate-count-v1,1.0000,true,0.6833,public_comment_body_present; duplicateComments=1,EPA-R08-OAR-2024-0389-0074,script:build-first-wave-comment-products,Reproducible pre-review clustering; not agency uptake coding.
EPA-R08-OAR-2024-0389,EPA-R08-OAR-2024-0389-0255,rg-comment-cluster-33592f8e72ce,normalized-text-sha1-plus-regulations-duplicate-count-v1,0.0000,false,0.8094,public_comment_body_present; duplicateComments=1,EPA-R08-OAR-2024-0389-0255,script:build-first-wave-comment-products,Reproducible pre-review clustering; not agency uptake coding.
EPA-R08-OAR-2024-0389,EPA-R08-OAR-2024-0389-0256,rg-comment-cluster-178539ca6da7,normalized-text-sha1-plus-regulations-duplicate-count-v1,0.0000,false,0.6975,public_comment_body_present; duplicateComments=1,EPA-R08-OAR-2024-0389-0256,script:build-first-wave-comment-products,Reproducible pre-review clustering; not agency uptake coding.
EPA-R08-OAR-2024-0389,EPA-R08-OAR-2024-0389-0257,rg-comment-cluster-ed3acfbcaee3,normalized-text-sha1-plus-regulations-duplicate-count-v1,1.0000,true,0.6833,public_comment_body_present; duplicateComments=1,EPA-R08-OAR-2024-0389-0074,script:build-first-wave-comment-products,Reproducible pre-review clustering; not agency uptake coding.
EPA-R08-OAR-2024-0389,EPA-R08-OAR-2024-0389-0258,rg-comment-cluster-ed3acfbcaee3,normalized-text-sha1-plus-regulations-duplicate-count-v1,1.0000,true,0.6833,public_comment_body_present; duplicateComments=1,EPA-R08-OAR-2024-0389-0074,script:build-first-wave-comment-products,Reproducible pre-review clustering; not agency uptake coding.
EPA-R08-OAR-2024-0389,EPA-R08-OAR-2024-0389-0259,rg-comment-cluster-ed3acfbcaee3,normalized-text-sha1-plus-regulations-duplicate-count-v1,1.0000,true,0.6833,public_comment_body_present; duplicateComments=1,EPA-R08-OAR-2024-0389-0074,script:build-first-wave-comment-products,Reproducible pre-review clustering; not agency uptake coding.
EPA-R08-OAR-2024-0389,EPA-R08-OAR-2024-0389-0260,rg-comment-cluster-ed3acfbcaee3,normalized-text-sha1-plus-regulations-duplicate-count-v1,1.0000,true,0.6833,public_comment_body_present; duplicateComments=1,EPA-R08-OAR-2024-0389-0074,script:build-first-wave-comment-products,Reproducible pre-review clustering; not agency uptake coding.
EPA-R08-OAR-2024-0389,EPA-R08-OAR-2024-0389-0261,rg-comment-cluster-ed3acfbcaee3,normalized-text-sha1-plus-regulations-duplicate-count-v1,1.0000,true,0.6833,public_comment_body_present; duplicateComments=1,EPA-R08-OAR-2024-0389-0074,script:build-first-wave-comment-products,Reproducible pre-review clustering; not agency uptake coding.
EPA-R08-OAR-2024-0389,EPA-R08-OAR-2024-0389-0262,rg-comment-cluster-ed3acfbcaee3,normalized-text-sha1-plus-regulations-duplicate-count-v1,1.0000,true,0.6833,public_comment_body_present; duplicateComments=1,EPA-R08-OAR-2024-0389-0074,script:build-first-wave-comment-products,Reproducible pre-review clustering; not agency uptake coding.
EPA-R08-OAR-2024-0389,EPA-R08-OAR-2024-0389-0263,rg-comment-cluster-ed3acfbcaee3,normalized-text-sha1-plus-regulations-duplicate-count-v1,1.0000,true,0.6833,public_comment_body_present; duplicateComments=1,EPA-R08-OAR-2024-0389-0074,script:build-first-wave-comment-products,Reproducible pre-review clustering; not agency uptake coding.
EPA-R08-OAR-2024-0389,EPA-R08-OAR-2024-0389-0264,rg-comment-cluster-8a96428e8a03,normalized-text-sha1-plus-regulations-duplicate-count-v1,0.0000,false,0.6983,public_comment_body_present; duplicateComments=1,EPA-R08-OAR-2024-0389-0264,script:build-first-wave-comment-products,Reproducible pre-review clustering; not agency uptake coding.
EPA-R08-OAR-2024-0389,EPA-R08-OAR-2024-0389-0265,rg-comment-cluster-ed3acfbcaee3,normalized-text-sha1-plus-regulations-duplicate-count-v1,1.0000,true,0.6833,public_comment_body_present; duplicateComments=1,EPA-R08-OAR-2024-0389-0074,script:build-first-wave-comment-products,Reproducible pre-review clustering; not agency uptake coding.
EPA-R08-OAR-2024-0389,EPA-R08-OAR-2024-0389-0266,rg-comment-cluster-7afa26f3cd3d,normalized-text-sha1-plus-regulations-duplicate-count-v1,0.0000,false,0.6850,public_comment_body_present; duplicateComments=1,EPA-R08-OAR-2024-0389-0266,script:build-first-wave-comment-products,Reproducible pre-review clustering; not agency uptake coding.
EPA-R08-OAR-2024-0389,EPA-R08-OAR-2024-0389-0267,rg-comment-cluster-ed3acfbcaee3,normalized-text-sha1-plus-regulations-duplicate-count-v1,1.0000,true,0.6833,public_comment_body_present; duplicateComments=1,EPA-R08-OAR-2024-0389-0074,script:build-first-wave-comment-products,Reproducible pre-review clustering; not agency uptake coding.
EPA-R08-OAR-2024-0389,EPA-R08-OAR-2024-0389-0268,rg-comment-cluster-ed3acfbcaee3,normalized-text-sha1-plus-regulations-duplicate-count-v1,1.0000,true,0.6833,public_comment_body_present; duplicateComments=1,EPA-R08-OAR-2024-0389-0074,script:build-first-wave-comment-products,Reproducible pre-review clustering; not agency uptake coding.
EPA-R08-OAR-2024-0389,EPA-R08-OAR-2024-0389-0269,rg-comment-cluster-ed3acfbcaee3,normalized-text-sha1-plus-regulations-duplicate-count-v1,1.0000,true,0.6833,public_comment_body_present; duplicateComments=1,EPA-R08-OAR-2024-0389-0074,script:build-first-wave-comment-products,Reproducible pre-review clustering; not agency uptake coding.
EPA-R08-OAR-2024-0389,EPA-R08-OAR-2024-0389-0270,rg-comment-cluster-ed3acfbcaee3,normalized-text-sha1-plus-regulations-duplicate-count-v1,1.0000,true,0.6833,public_comment_body_present; duplicateComments=1,EPA-R08-OAR-2024-0389-0074,script:build-first-wave-comment-products,Reproducible pre-review clustering; not agency uptake coding.
EPA-R08-OAR-2024-0389,EPA-R08-OAR-2024-0389-0271,rg-comment-cluster-ed3acfbcaee3,normalized-text-sha1-plus-regulations-duplicate-count-v1,1.0000,true,0.6833,public_comment_body_present; duplicateComments=1,EPA-R08-OAR-2024-0389-0074,script:build-first-wave-comment-products,Reproducible pre-review clustering; not agency uptake coding.
EPA-R08-OAR-2024-0389,EPA-R08-OAR-2024-0389-0272,rg-comment-cluster-ed3acfbcaee3,normalized-text-sha1-plus-regulations-duplicate-count-v1,1.0000,true,0.6833,public_comment_body_present; duplicateComments=1,EPA-R08-OAR-2024-0389-0074,script:build-first-wave-comment-products,Reproducible pre-review clustering; not agency uptake coding.
EPA-R08-OAR-2024-0389,EPA-R08-OAR-2024-0389-0273,rg-comment-cluster-ed3acfbcaee3,normalized-text-sha1-plus-regulations-duplicate-count-v1,1.0000,true,0.6833,public_comment_body_present; duplicateComments=1,EPA-R08-OAR-2024-0389-0074,script:build-first-wave-comment-products,Reproducible pre-review clustering; not agency uptake coding.
EPA-R08-OAR-2024-0389,EPA-R08-OAR-2024-0389-0274,rg-comment-cluster-ed3acfbcaee3,normalized-text-sha1-plus-regulations-duplicate-count-v1,1.0000,true,0.6833,public_comment_body_present; duplicateComments=1,EPA-R08-OAR-2024-0389-0074,script:build-first-wave-comment-products,Reproducible pre-review clustering; not agency uptake coding.
EPA-R08-OAR-2024-0389,EPA-R08-OAR-2024-0389-0275,rg-comment-cluster-ed3acfbcaee3,normalized-text-sha1-plus-regulations-duplicate-count-v1,1.0000,true,0.6833,public_comment_body_present; duplicateComments=1,EPA-R08-OAR-2024-0389-0074,script:build-first-wave-comment-products,Reproducible pre-review clustering; not agency uptake coding.
EPA-R08-OAR-2024-0389,EPA-R08-OAR-2024-0389-0276,rg-comment-cluster-ed3acfbcaee3,normalized-text-sha1-plus-regulations-duplicate-count-v1,1.0000,true,0.6833,public_comment_body_present; duplicateComments=1,EPA-R08-OAR-2024-0389-0074,script:build-first-wave-comment-products,Reproducible pre-review clustering; not agency uptake coding.
EPA-R08-OAR-2024-0389,EPA-R08-OAR-2024-0389-0277,rg-comment-cluster-ed3acfbcaee3,normalized-text-sha1-plus-regulations-duplicate-count-v1,1.0000,true,0.6833,public_comment_body_present; duplicateComments=1,EPA-R08-OAR-2024-0389-0074,script:build-first-wave-comment-products,Reproducible pre-review clustering; not agency uptake coding.
EPA-R08-OAR-2024-0389,EPA-R08-OAR-2024-0389-0278,rg-comment-cluster-ed3acfbcaee3,normalized-text-sha1-plus-regulations-duplicate-count-v1,1.0000,true,0.6833,public_comment_body_present; duplicateComments=1,EPA-R08-OAR-2024-0389-0074,script:build-first-wave-comment-products,Reproducible pre-review clustering; not agency uptake coding.
EPA-R08-OAR-2024-0389,EPA-R08-OAR-2024-0389-0279,rg-comment-cluster-ed3acfbcaee3,normalized-text-sha1-plus-regulations-duplicate-count-v1,1.0000,true,0.6833,public_comment_body_present; duplicateComments=1,EPA-R08-OAR-2024-0389-0074,script:build-first-wave-comment-products,Reproducible pre-review clustering; not agency uptake coding.
EPA-R08-OAR-2024-0389,EPA-R08-OAR-2024-0389-0280,rg-comment-cluster-a983c483ed82,normalized-text-sha1-plus-regulations-duplicate-count-v1,0.0000,false,0.6958,public_comment_body_present; duplicateComments=1,EPA-R08-OAR-2024-0389-0280,script:build-first-wave-comment-products,Reproducible pre-review clustering; not agency uptake coding.
EPA-R08-OAR-2024-0389,EPA-R08-OAR-2024-0389-0281,rg-comment-cluster-ed3acfbcaee3,normalized-text-sha1-plus-regulations-duplicate-count-v1,1.0000,true,0.6833,public_comment_body_present; duplicateComments=1,EPA-R08-OAR-2024-0389-0074,script:build-first-wave-comment-products,Reproducible pre-review clustering; not agency uptake coding.
EPA-R08-OAR-2024-0389,EPA-R08-OAR-2024-0389-0282,rg-comment-cluster-ed3acfbcaee3,normalized-text-sha1-plus-regulations-duplicate-count-v1,1.0000,true,0.6833,public_comment_body_present; duplicateComments=1,EPA-R08-OAR-2024-0389-0074,script:build-first-wave-comment-products,Reproducible pre-review clustering; not agency uptake coding.
EPA-R08-OAR-2024-0389,EPA-R08-OAR-2024-0389-0283,rg-comment-cluster-ed3acfbcaee3,normalized-text-sha1-plus-regulations-duplicate-count-v1,1.0000,true,0.6833,public_comment_body_present; duplicateComments=1,EPA-R08-OAR-2024-0389-0074,script:build-first-wave-comment-products,Reproducible pre-review clustering; not agency uptake coding.
EPA-R08-OAR-2024-0389,EPA-R08-OAR-2024-0389-0284,rg-comment-cluster-ed3acfbcaee3,normalized-text-sha1-plus-regulations-duplicate-count-v1,1.0000,true,0.6833,public_comment_body_present; duplicateComments=1,EPA-R08-OAR-2024-0389-0074,script:build-first-wave-comment-products,Reproducible pre-review clustering; not agency uptake coding.
EPA-R08-OAR-2024-0389,EPA-R08-OAR-2024-0389-0285,rg-comment-cluster-c4b191ee12a8,normalized-text-sha1-plus-regulations-duplicate-count-v1,0.0000,false,0.7058,public_comment_body_present; duplicateComments=1,EPA-R08-OAR-2024-0389-0285,script:build-first-wave-comment-products,Reproducible pre-review clustering; not agency uptake coding.
EPA-R08-OAR-2024-0389,EPA-R08-OAR-2024-0389-0286,rg-comment-cluster-ed3acfbcaee3,normalized-text-sha1-plus-regulations-duplicate-count-v1,1.0000,true,0.6833,public_comment_body_present; duplicateComments=1,EPA-R08-OAR-2024-0389-0074,script:build-first-wave-comment-products,Reproducible pre-review clustering; not agency uptake coding.
EPA-R08-OAR-2024-0389,EPA-R08-OAR-2024-0389-0287,rg-comment-cluster-961ee1e9f96a,normalized-text-sha1-plus-regulations-duplicate-count-v1,0.0000,false,0.7200,public_comment_body_present; duplicateComments=1,EPA-R08-OAR-2024-0389-0287,script:build-first-wave-comment-products,Reproducible pre-review clustering; not agency uptake coding.
EPA-R08-OAR-2024-0389,EPA-R08-OAR-2024-0389-0288,rg-comment-cluster-ed3acfbcaee3,normalized-text-sha1-plus-regulations-duplicate-count-v1,1.0000,true,0.6833,public_comment_body_present; duplicateComments=1,EPA-R08-OAR-2024-0389-0074,script:build-first-wave-comment-products,Reproducible pre-review clustering; not agency uptake coding.
EPA-R08-OAR-2024-0389,EPA-R08-OAR-2024-0389-0289,rg-comment-cluster-ed3acfbcaee3,normalized-text-sha1-plus-regulations-duplicate-count-v1,1.0000,true,0.6833,public_comment_body_present; duplicateComments=1,EPA-R08-OAR-2024-0389-0074,script:build-first-wave-comment-products,Reproducible pre-review clustering; not agency uptake coding.
EPA-R08-OAR-2024-0389,EPA-R08-OAR-2024-0389-0290,rg-comment-cluster-ed3acfbcaee3,normalized-text-sha1-plus-regulations-duplicate-count-v1,1.0000,true,0.6833,public_comment_body_present; duplicateComments=1,EPA-R08-OAR-2024-0389-0074,script:build-first-wave-comment-products,Reproducible pre-review clustering; not agency uptake coding.
EPA-R08-OAR-2024-0389,EPA-R08-OAR-2024-0389-0291,rg-comment-cluster-ed3acfbcaee3,normalized-text-sha1-plus-regulations-duplicate-count-v1,1.0000,true,0.6833,public_comment_body_present; duplicateComments=1,EPA-R08-OAR-2024-0389-0074,script:build-first-wave-comment-products,Reproducible pre-review clustering; not agency uptake coding.
EPA-R08-OAR-2024-0389,EPA-R08-OAR-2024-0389-0292,rg-comment-cluster-ed3acfbcaee3,normalized-text-sha1-plus-regulations-duplicate-count-v1,1.0000,true,0.6833,public_comment_body_present; duplicateComments=1,EPA-R08-OAR-2024-0389-0074,script:build-first-wave-comment-products,Reproducible pre-review clustering; not agency uptake coding.
EPA-R08-OAR-2024-0389,EPA-R08-OAR-2024-0389-0293,rg-comment-cluster-ed3acfbcaee3,normalized-text-sha1-plus-regulations-duplicate-count-v1,1.0000,true,0.6833,public_comment_body_present; duplicateComments=1,EPA-R08-OAR-2024-0389-0074,script:build-first-wave-comment-products,Reproducible pre-review clustering; not agency uptake coding.
EPA-R08-OAR-2024-0389,EPA-R08-OAR-2024-0389-0294,rg-comment-cluster-5b44848ba7df,normalized-text-sha1-plus-regulations-duplicate-count-v1,0.0000,false,0.6950,public_comment_body_present; duplicateComments=1,EPA-R08-OAR-2024-0389-0294,script:build-first-wave-comment-products,Reproducible pre-review clustering; not agency uptake coding.
EPA-R08-OAR-2024-0389,EPA-R08-OAR-2024-0389-0295,rg-comment-cluster-ed3acfbcaee3,normalized-text-sha1-plus-regulations-duplicate-count-v1,1.0000,true,0.6833,public_comment_body_present; duplicateComments=1,EPA-R08-OAR-2024-0389-0074,script:build-first-wave-comment-products,Reproducible pre-review clustering; not agency uptake coding.
EPA-R08-OAR-2024-0389,EPA-R08-OAR-2024-0389-0296,rg-comment-cluster-ed3acfbcaee3,normalized-text-sha1-plus-regulations-duplicate-count-v1,1.0000,true,0.6833,public_comment_body_present; duplicateComments=1,EPA-R08-OAR-2024-0389-0074,script:build-first-wave-comment-products,Reproducible pre-review clustering; not agency uptake coding.
EPA-R08-OAR-2024-0389,EPA-R08-OAR-2024-0389-0297,rg-comment-cluster-ed3acfbcaee3,normalized-text-sha1-plus-regulations-duplicate-count-v1,1.0000,true,0.6833,public_comment_body_present; duplicateComments=1,EPA-R08-OAR-2024-0389-0074,script:build-first-wave-comment-products,Reproducible pre-review clustering; not agency uptake coding.
EPA-R08-OAR-2024-0389,EPA-R08-OAR-2024-0389-0298,rg-comment-cluster-ed3acfbcaee3,normalized-text-sha1-plus-regulations-duplicate-count-v1,1.0000,true,0.6833,public_comment_body_present; duplicateComments=1,EPA-R08-OAR-2024-0389-0074,script:build-first-wave-comment-products,Reproducible pre-review clustering; not agency uptake coding.
EPA-R08-OAR-2024-0389,EPA-R08-OAR-2024-0389-0299,rg-comment-cluster-ed3acfbcaee3,normalized-text-sha1-plus-regulations-duplicate-count-v1,1.0000,true,0.6833,public_comment_body_present; duplicateComments=1,EPA-R08-OAR-2024-0389-0074,script:build-first-wave-comment-products,Reproducible pre-review clustering; not agency uptake coding.
EPA-R08-OAR-2024-0389,EPA-R08-OAR-2024-0389-0300,rg-comment-cluster-ed3acfbcaee3,normalized-text-sha1-plus-regulations-duplicate-count-v1,1.0000,true,0.6833,public_comment_body_present; duplicateComments=1,EPA-R08-OAR-2024-0389-0074,script:build-first-wave-comment-products,Reproducible pre-review clustering; not agency uptake coding.
EPA-R08-OAR-2024-0389,EPA-R08-OAR-2024-0389-0301,rg-comment-cluster-ed3acfbcaee3,normalized-text-sha1-plus-regulations-duplicate-count-v1,1.0000,true,0.6833,public_comment_body_present; duplicateComments=1,EPA-R08-OAR-2024-0389-0074,script:build-first-wave-comment-products,Reproducible pre-review clustering; not agency uptake coding.
EPA-R08-OAR-2024-0389,EPA-R08-OAR-2024-0389-0302,rg-comment-cluster-ed3acfbcaee3,normalized-text-sha1-plus-regulations-duplicate-count-v1,1.0000,true,0.6833,public_comment_body_present; duplicateComments=1,EPA-R08-OAR-2024-0389-0074,script:build-first-wave-comment-products,Reproducible pre-review clustering; not agency uptake coding.
EPA-R08-OAR-2024-0389,EPA-R08-OAR-2024-0389-0303,rg-comment-cluster-ed3acfbcaee3,normalized-text-sha1-plus-regulations-duplicate-count-v1,1.0000,true,0.6833,public_comment_body_present; duplicateComments=1,EPA-R08-OAR-2024-0389-0074,script:build-first-wave-comment-products,Reproducible pre-review clustering; not agency uptake coding.
EPA-R08-OAR-2024-0389,EPA-R08-OAR-2024-0389-0304,rg-comment-cluster-ed3acfbcaee3,normalized-text-sha1-plus-regulations-duplicate-count-v1,1.0000,true,0.6833,public_comment_body_present; duplicateComments=1,EPA-R08-OAR-2024-0389-0074,script:build-first-wave-comment-products,Reproducible pre-review clustering; not agency uptake coding.
EPA-R08-OAR-2024-0389,EPA-R08-OAR-2024-0389-0305,rg-comment-cluster-ed3acfbcaee3,normalized-text-sha1-plus-regulations-duplicate-count-v1,1.0000,true,0.6833,public_comment_body_present; duplicateComments=1,EPA-R08-OAR-2024-0389-0074,script:build-first-wave-comment-products,Reproducible pre-review clustering; not agency uptake coding.
EPA-R08-OAR-2024-0389,EPA-R08-OAR-2024-0389-0306,rg-comment-cluster-ed3acfbcaee3,normalized-text-sha1-plus-regulations-duplicate-count-v1,1.0000,true,0.6833,public_comment_body_present; duplicateComments=1,EPA-R08-OAR-2024-0389-0074,script:build-first-wave-comment-products,Reproducible pre-review clustering; not agency uptake coding.
EPA-R08-OAR-2024-0389,EPA-R08-OAR-2024-0389-0307,rg-comment-cluster-ed3acfbcaee3,normalized-text-sha1-plus-regulations-duplicate-count-v1,1.0000,true,0.6833,public_comment_body_present; duplicateComments=1,EPA-R08-OAR-2024-0389-0074,script:build-first-wave-comment-products,Reproducible pre-review clustering; not agency uptake coding.
EPA-R08-OAR-2024-0389,EPA-R08-OAR-2024-0389-0308,rg-comment-cluster-ed3acfbcaee3,normalized-text-sha1-plus-regulations-duplicate-count-v1,1.0000,true,0.6833,public_comment_body_present; duplicateComments=1,EPA-R08-OAR-2024-0389-0074,script:build-first-wave-comment-products,Reproducible pre-review clustering; not agency uptake coding.
EPA-R08-OAR-2024-0389,EPA-R08-OAR-2024-0389-0309,rg-comment-cluster-ed3acfbcaee3,normalized-text-sha1-plus-regulations-duplicate-count-v1,1.0000,true,0.6833,public_comment_body_present; duplicateComments=1,EPA-R08-OAR-2024-0389-0074,script:build-first-wave-comment-products,Reproducible pre-review clustering; not agency uptake coding.
EPA-R08-OAR-2024-0389,EPA-R08-OAR-2024-0389-0310,rg-comment-cluster-8750040fb8bc,normalized-text-sha1-plus-regulations-duplicate-count-v1,0.0000,false,0.7075,public_comment_body_present; duplicateComments=1,EPA-R08-OAR-2024-0389-0310,script:build-first-wave-comment-products,Reproducible pre-review clustering; not agency uptake coding.
EPA-R08-OAR-2024-0389,EPA-R08-OAR-2024-0389-0311,rg-comment-cluster-c554bd3dbdfb,normalized-text-sha1-plus-regulations-duplicate-count-v1,0.0000,false,0.7033,public_comment_body_present; duplicateComments=1,EPA-R08-OAR-2024-0389-0311,script:build-first-wave-comment-products,Reproducible pre-review clustering; not agency uptake coding.
EPA-R08-OAR-2024-0389,EPA-R08-OAR-2024-0389-0312,rg-comment-cluster-f5cfa3caa453,normalized-text-sha1-plus-regulations-duplicate-count-v1,0.0000,false,0.6842,public_comment_body_present; duplicateComments=1,EPA-R08-OAR-2024-0389-0312,script:build-first-wave-comment-products,Reproducible pre-review clustering; not agency uptake coding.
EPA-R08-OAR-2024-0389,EPA-R08-OAR-2024-0389-0313,rg-comment-cluster-20d4d5ee302c,normalized-text-sha1-plus-regulations-duplicate-count-v1,0.0000,false,0.6933,public_comment_body_present; duplicateComments=1,EPA-R08-OAR-2024-0389-0313,script:build-first-wave-comment-products,Reproducible pre-review clustering; not agency uptake coding.
EPA-R08-OAR-2024-0389,EPA-R08-OAR-2024-0389-0314,rg-comment-cluster-ed3acfbcaee3,normalized-text-sha1-plus-regulations-duplicate-count-v1,1.0000,true,0.6833,public_comment_body_present; duplicateComments=1,EPA-R08-OAR-2024-0389-0074,script:build-first-wave-comment-products,Reproducible pre-review clustering; not agency uptake coding.
EPA-R08-OAR-2024-0389,EPA-R08-OAR-2024-0389-0315,rg-comment-cluster-2a11bc9ff9ac,normalized-text-sha1-plus-regulations-duplicate-count-v1,0.0000,false,0.6967,public_comment_body_present; duplicateComments=1,EPA-R08-OAR-2024-0389-0315,script:build-first-wave-comment-products,Reproducible pre-review clustering; not agency uptake coding.
EPA-R08-OAR-2024-0389,EPA-R08-OAR-2024-0389-0316,rg-comment-cluster-f20b3b08c777,normalized-text-sha1-plus-regulations-duplicate-count-v1,0.0000,false,0.7358,public_comment_body_present; duplicateComments=1,EPA-R08-OAR-2024-0389-0316,script:build-first-wave-comment-products,Reproducible pre-review clustering; not agency uptake coding.
EPA-R08-OAR-2024-0389,EPA-R08-OAR-2024-0389-0317,rg-comment-cluster-ed3acfbcaee3,normalized-text-sha1-plus-regulations-duplicate-count-v1,1.0000,true,0.6833,public_comment_body_present; duplicateComments=1,EPA-R08-OAR-2024-0389-0074,script:build-first-wave-comment-products,Reproducible pre-review clustering; not agency uptake coding.
EPA-R08-OAR-2024-0389,EPA-R08-OAR-2024-0389-0318,rg-comment-cluster-ed3acfbcaee3,normalized-text-sha1-plus-regulations-duplicate-count-v1,1.0000,true,0.6833,public_comment_body_present; duplicateComments=1,EPA-R08-OAR-2024-0389-0074,script:build-first-wave-comment-products,Reproducible pre-review clustering; not agency uptake coding.
EPA-R08-OAR-2024-0389,EPA-R08-OAR-2024-0389-0319,rg-comment-cluster-ed3acfbcaee3,normalized-text-sha1-plus-regulations-duplicate-count-v1,1.0000,true,0.6833,public_comment_body_present; duplicateComments=1,EPA-R08-OAR-2024-0389-0074,script:build-first-wave-comment-products,Reproducible pre-review clustering; not agency uptake coding.
EPA-R08-OAR-2024-0389,EPA-R08-OAR-2024-0389-0320,rg-comment-cluster-ed3acfbcaee3,normalized-text-sha1-plus-regulations-duplicate-count-v1,1.0000,true,0.6833,public_comment_body_present; duplicateComments=1,EPA-R08-OAR-2024-0389-0074,script:build-first-wave-comment-products,Reproducible pre-review clustering; not agency uptake coding.
EPA-R08-OAR-2024-0389,EPA-R08-OAR-2024-0389-0321,rg-comment-cluster-68f9ea6d718b,normalized-text-sha1-plus-regulations-duplicate-count-v1,0.0000,false,0.6875,public_comment_body_present; duplicateComments=1,EPA-R08-OAR-2024-0389-0321,script:build-first-wave-comment-products,Reproducible pre-review clustering; not agency uptake coding.
EPA-R08-OAR-2024-0389,EPA-R08-OAR-2024-0389-0322,rg-comment-cluster-ed3acfbcaee3,normalized-text-sha1-plus-regulations-duplicate-count-v1,1.0000,true,0.6833,public_comment_body_present; duplicateComments=1,EPA-R08-OAR-2024-0389-0074,script:build-first-wave-comment-products,Reproducible pre-review clustering; not agency uptake coding.
EPA-R08-OAR-2024-0389,EPA-R08-OAR-2024-0389-0323,rg-comment-cluster-ed3acfbcaee3,normalized-text-sha1-plus-regulations-duplicate-count-v1,1.0000,true,0.6833,public_comment_body_present; duplicateComments=1,EPA-R08-OAR-2024-0389-0074,script:build-first-wave-comment-products,Reproducible pre-review clustering; not agency uptake coding.
EPA-R08-OAR-2024-0389,EPA-R08-OAR-2024-0389-0324,rg-comment-cluster-ed3acfbcaee3,normalized-text-sha1-plus-regulations-duplicate-count-v1,1.0000,true,0.6833,public_comment_body_present; duplicateComments=1,EPA-R08-OAR-2024-0389-0074,script:build-first-wave-comment-products,Reproducible pre-review clustering; not agency uptake coding.
EPA-R08-OAR-2024-0389,EPA-R08-OAR-2024-0389-0325,rg-comment-cluster-ed3acfbcaee3,normalized-text-sha1-plus-regulations-duplicate-count-v1,1.0000,true,0.6833,public_comment_body_present; duplicateComments=1,EPA-R08-OAR-2024-0389-0074,script:build-first-wave-comment-products,Reproducible pre-review clustering; not agency uptake coding.
EPA-R08-OAR-2024-0389,EPA-R08-OAR-2024-0389-0326,rg-comment-cluster-ed3acfbcaee3,normalized-text-sha1-plus-regulations-duplicate-count-v1,1.0000,true,0.6833,public_comment_body_present; duplicateComments=1,EPA-R08-OAR-2024-0389-0074,script:build-first-wave-comment-products,Reproducible pre-review clustering; not agency uptake coding.
EPA-R08-OAR-2024-0389,EPA-R08-OAR-2024-0389-0327,rg-comment-cluster-ed3acfbcaee3,normalized-text-sha1-plus-regulations-duplicate-count-v1,1.0000,true,0.6833,public_comment_body_present; duplicateComments=1,EPA-R08-OAR-2024-0389-0074,script:build-first-wave-comment-products,Reproducible pre-review clustering; not agency uptake coding.
EPA-R08-OAR-2024-0389,EPA-R08-OAR-2024-0389-0328,rg-comment-cluster-ed3acfbcaee3,normalized-text-sha1-plus-regulations-duplicate-count-v1,1.0000,true,0.6833,public_comment_body_present; duplicateComments=1,EPA-R08-OAR-2024-0389-0074,script:build-first-wave-comment-products,Reproducible pre-review clustering; not agency uptake coding.
EPA-R08-OAR-2024-0389,EPA-R08-OAR-2024-0389-0329,rg-comment-cluster-ed3acfbcaee3,normalized-text-sha1-plus-regulations-duplicate-count-v1,1.0000,true,0.6833,public_comment_body_present; duplicateComments=1,EPA-R08-OAR-2024-0389-0074,script:build-first-wave-comment-products,Reproducible pre-review clustering; not agency uptake coding.
EPA-R08-OAR-2024-0389,EPA-R08-OAR-2024-0389-0330,rg-comment-cluster-ed3acfbcaee3,normalized-text-sha1-plus-regulations-duplicate-count-v1,1.0000,true,0.6833,public_comment_body_present; duplicateComments=1,EPA-R08-OAR-2024-0389-0074,script:build-first-wave-comment-products,Reproducible pre-review clustering; not agency uptake coding.
EPA-R08-OAR-2024-0389,EPA-R08-OAR-2024-0389-0331,rg-comment-cluster-ed3acfbcaee3,normalized-text-sha1-plus-regulations-duplicate-count-v1,1.0000,true,0.6833,public_comment_body_present; duplicateComments=1,EPA-R08-OAR-2024-0389-0074,script:build-first-wave-comment-products,Reproducible pre-review clustering; not agency uptake coding.
EPA-R08-OAR-2024-0389,EPA-R08-OAR-2024-0389-0332,rg-comment-cluster-ed3acfbcaee3,normalized-text-sha1-plus-regulations-duplicate-count-v1,1.0000,true,0.6833,public_comment_body_present; duplicateComments=1,EPA-R08-OAR-2024-0389-0074,script:build-first-wave-comment-products,Reproducible pre-review clustering; not agency uptake coding.
EPA-R08-OAR-2024-0389,EPA-R08-OAR-2024-0389-0333,rg-comment-cluster-87e31c897bfe,normalized-text-sha1-plus-regulations-duplicate-count-v1,0.0000,false,0.6867,public_comment_body_present; duplicateComments=1,EPA-R08-OAR-2024-0389-0333,script:build-first-wave-comment-products,Reproducible pre-review clustering; not agency uptake coding.
EPA-R08-OAR-2024-0389,EPA-R08-OAR-2024-0389-0334,rg-comment-cluster-ed3acfbcaee3,normalized-text-sha1-plus-regulations-duplicate-count-v1,1.0000,true,0.6833,public_comment_body_present; duplicateComments=1,EPA-R08-OAR-2024-0389-0074,script:build-first-wave-comment-products,Reproducible pre-review clustering; not agency uptake coding.
EPA-R08-OAR-2024-0389,EPA-R08-OAR-2024-0389-0335,rg-comment-cluster-33dadc8efd5e,normalized-text-sha1-plus-regulations-duplicate-count-v1,0.0000,false,0.7133,public_comment_body_present; duplicateComments=1,EPA-R08-OAR-2024-0389-0335,script:build-first-wave-comment-products,Reproducible pre-review clustering; not agency uptake coding.
EPA-R08-OAR-2024-0389,EPA-R08-OAR-2024-0389-0336,rg-comment-cluster-ed3acfbcaee3,normalized-text-sha1-plus-regulations-duplicate-count-v1,1.0000,true,0.6833,public_comment_body_present; duplicateComments=1,EPA-R08-OAR-2024-0389-0074,script:build-first-wave-comment-products,Reproducible pre-review clustering; not agency uptake coding.
EPA-R08-OAR-2024-0389,EPA-R08-OAR-2024-0389-0337,rg-comment-cluster-33e8b60c5cc5,normalized-text-sha1-plus-regulations-duplicate-count-v1,0.0000,false,0.6925,public_comment_body_present; duplicateComments=1,EPA-R08-OAR-2024-0389-0337,script:build-first-wave-comment-products,Reproducible pre-review clustering; not agency uptake coding.
EPA-R08-OAR-2024-0389,EPA-R08-OAR-2024-0389-0338,rg-comment-cluster-ed3acfbcaee3,normalized-text-sha1-plus-regulations-duplicate-count-v1,1.0000,true,0.6833,public_comment_body_present; duplicateComments=1,EPA-R08-OAR-2024-0389-0074,script:build-first-wave-comment-products,Reproducible pre-review clustering; not agency uptake coding.
EPA-R08-OAR-2024-0389,EPA-R08-OAR-2024-0389-0339,rg-comment-cluster-a12c23283c7a,normalized-text-sha1-plus-regulations-duplicate-count-v1,0.0000,false,0.6917,public_comment_body_present; duplicateComments=1,EPA-R08-OAR-2024-0389-0339,script:build-first-wave-comment-products,Reproducible pre-review clustering; not agency uptake coding.
EPA-R08-OAR-2024-0389,EPA-R08-OAR-2024-0389-0340,rg-comment-cluster-4753050004ba,normalized-text-sha1-plus-regulations-duplicate-count-v1,0.0000,false,0.6883,public_comment_body_present; duplicateComments=1,EPA-R08-OAR-2024-0389-0340,script:build-first-wave-comment-products,Reproducible pre-review clustering; not agency uptake coding.
EPA-R08-OAR-2024-0389,EPA-R08-OAR-2024-0389-0341,rg-comment-cluster-ed3acfbcaee3,normalized-text-sha1-plus-regulations-duplicate-count-v1,1.0000,true,0.6833,public_comment_body_present; duplicateComments=1,EPA-R08-OAR-2024-0389-0074,script:build-first-wave-comment-products,Reproducible pre-review clustering; not agency uptake coding.
EPA-R08-OAR-2024-0389,EPA-R08-OAR-2024-0389-0342,rg-comment-cluster-ed3acfbcaee3,normalized-text-sha1-plus-regulations-duplicate-count-v1,1.0000,true,0.6833,public_comment_body_present; duplicateComments=1,EPA-R08-OAR-2024-0389-0074,script:build-first-wave-comment-products,Reproducible pre-review clustering; not agency uptake coding.
EPA-R08-OAR-2024-0389,EPA-R08-OAR-2024-0389-0343,rg-comment-cluster-2a5ca3443f0b,normalized-text-sha1-plus-regulations-duplicate-count-v1,0.0000,false,0.7042,public_comment_body_present; duplicateComments=1,EPA-R08-OAR-2024-0389-0343,script:build-first-wave-comment-products,Reproducible pre-review clustering; not agency uptake coding.
EPA-R08-OAR-2024-0389,EPA-R08-OAR-2024-0389-0344,rg-comment-cluster-ed3acfbcaee3,normalized-text-sha1-plus-regulations-duplicate-count-v1,1.0000,true,0.6833,public_comment_body_present; duplicateComments=1,EPA-R08-OAR-2024-0389-0074,script:build-first-wave-comment-products,Reproducible pre-review clustering; not agency uptake coding.
EPA-R08-OAR-2024-0389,EPA-R08-OAR-2024-0389-0345,rg-comment-cluster-ed3acfbcaee3,normalized-text-sha1-plus-regulations-duplicate-count-v1,1.0000,true,0.6833,public_comment_body_present; duplicateComments=1,EPA-R08-OAR-2024-0389-0074,script:build-first-wave-comment-products,Reproducible pre-review clustering; not agency uptake coding.
EPA-R08-OAR-2024-0389,EPA-R08-OAR-2024-0389-0346,rg-comment-cluster-ed3acfbcaee3,normalized-text-sha1-plus-regulations-duplicate-count-v1,1.0000,true,0.6833,public_comment_body_present; duplicateComments=1,EPA-R08-OAR-2024-0389-0074,script:build-first-wave-comment-products,Reproducible pre-review clustering; not agency uptake coding.
EPA-R08-OAR-2024-0389,EPA-R08-OAR-2024-0389-0347,rg-comment-cluster-24aba28e520c,normalized-text-sha1-plus-regulations-duplicate-count-v1,0.0000,false,0.6942,public_comment_body_present; duplicateComments=1,EPA-R08-OAR-2024-0389-0347,script:build-first-wave-comment-products,Reproducible pre-review clustering; not agency uptake coding.
EPA-R08-OAR-2024-0389,EPA-R08-OAR-2024-0389-0348,rg-comment-cluster-ed3acfbcaee3,normalized-text-sha1-plus-regulations-duplicate-count-v1,1.0000,true,0.6833,public_comment_body_present; duplicateComments=1,EPA-R08-OAR-2024-0389-0074,script:build-first-wave-comment-products,Reproducible pre-review clustering; not agency uptake coding.
EPA-R08-OAR-2024-0389,EPA-R08-OAR-2024-0389-0349,rg-comment-cluster-ed3acfbcaee3,normalized-text-sha1-plus-regulations-duplicate-count-v1,1.0000,true,0.6833,public_comment_body_present; duplicateComments=1,EPA-R08-OAR-2024-0389-0074,script:build-first-wave-comment-products,Reproducible pre-review clustering; not agency uptake coding.
EPA-R08-OAR-2024-0389,EPA-R08-OAR-2024-0389-0350,rg-comment-cluster-ed3acfbcaee3,normalized-text-sha1-plus-regulations-duplicate-count-v1,1.0000,true,0.6833,public_comment_body_present; duplicateComments=1,EPA-R08-OAR-2024-0389-0074,script:build-first-wave-comment-products,Reproducible pre-review clustering; not agency uptake coding.
EPA-R08-OAR-2024-0389,EPA-R08-OAR-2024-0389-0351,rg-comment-cluster-35803d4f3511,normalized-text-sha1-plus-regulations-duplicate-count-v1,0.0000,false,0.7142,public_comment_body_present; duplicateComments=1,EPA-R08-OAR-2024-0389-0351,script:build-first-wave-comment-products,Reproducible pre-review clustering; not agency uptake coding.
EPA-R08-OAR-2024-0389,EPA-R08-OAR-2024-0389-0352,rg-comment-cluster-ed3acfbcaee3,normalized-text-sha1-plus-regulations-duplicate-count-v1,1.0000,true,0.6833,public_comment_body_present; duplicateComments=1,EPA-R08-OAR-2024-0389-0074,script:build-first-wave-comment-products,Reproducible pre-review clustering; not agency uptake coding.
EPA-R08-OAR-2024-0389,EPA-R08-OAR-2024-0389-0353,rg-comment-cluster-ed3acfbcaee3,normalized-text-sha1-plus-regulations-duplicate-count-v1,1.0000,true,0.6833,public_comment_body_present; duplicateComments=1,EPA-R08-OAR-2024-0389-0074,script:build-first-wave-comment-products,Reproducible pre-review clustering; not agency uptake coding.
EPA-R08-OAR-2024-0389,EPA-R08-OAR-2024-0389-0354,rg-comment-cluster-6170ee315439,normalized-text-sha1-plus-regulations-duplicate-count-v1,0.0000,false,0.8047,public_comment_body_present; duplicateComments=1,EPA-R08-OAR-2024-0389-0354,script:build-first-wave-comment-products,Reproducible pre-review clustering; not agency uptake coding.
EPA-R08-OAR-2024-0389,EPA-R08-OAR-2024-0389-0355,rg-comment-cluster-847368c3fb18,normalized-text-sha1-plus-regulations-duplicate-count-v1,0.0000,false,0.6875,public_comment_body_present; duplicateComments=1,EPA-R08-OAR-2024-0389-0355,script:build-first-wave-comment-products,Reproducible pre-review clustering; not agency uptake coding.
EPA-R08-OAR-2024-0389,EPA-R08-OAR-2024-0389-0356,rg-comment-cluster-ec32bc21e236,normalized-text-sha1-plus-regulations-duplicate-count-v1,0.0000,false,0.6983,public_comment_body_present; duplicateComments=1,EPA-R08-OAR-2024-0389-0356,script:build-first-wave-comment-products,Reproducible pre-review clustering; not agency uptake coding.
EPA-R08-OAR-2024-0389,EPA-R08-OAR-2024-0389-0357,rg-comment-cluster-ed3acfbcaee3,normalized-text-sha1-plus-regulations-duplicate-count-v1,1.0000,true,0.6833,public_comment_body_present; duplicateComments=1,EPA-R08-OAR-2024-0389-0074,script:build-first-wave-comment-products,Reproducible pre-review clustering; not agency uptake coding.
EPA-R08-OAR-2024-0389,EPA-R08-OAR-2024-0389-0358,rg-comment-cluster-ed3acfbcaee3,normalized-text-sha1-plus-regulations-duplicate-count-v1,1.0000,true,0.6833,public_comment_body_present; duplicateComments=1,EPA-R08-OAR-2024-0389-0074,script:build-first-wave-comment-products,Reproducible pre-review clustering; not agency uptake coding.
EPA-R08-OAR-2024-0389,EPA-R08-OAR-2024-0389-0359,rg-comment-cluster-ed3acfbcaee3,normalized-text-sha1-plus-regulations-duplicate-count-v1,1.0000,true,0.6833,public_comment_body_present; duplicateComments=1,EPA-R08-OAR-2024-0389-0074,script:build-first-wave-comment-products,Reproducible pre-review clustering; not agency uptake coding.
EPA-R08-OAR-2024-0389,EPA-R08-OAR-2024-0389-0360,rg-comment-cluster-ed3acfbcaee3,normalized-text-sha1-plus-regulations-duplicate-count-v1,1.0000,true,0.6833,public_comment_body_present; duplicateComments=1,EPA-R08-OAR-2024-0389-0074,script:build-first-wave-comment-products,Reproducible pre-review clustering; not agency uptake coding.
EPA-R08-OAR-2024-0389,EPA-R08-OAR-2024-0389-0361,rg-comment-cluster-ed3acfbcaee3,normalized-text-sha1-plus-regulations-duplicate-count-v1,1.0000,true,0.6833,public_comment_body_present; duplicateComments=1,EPA-R08-OAR-2024-0389-0074,script:build-first-wave-comment-products,Reproducible pre-review clustering; not agency uptake coding.
EPA-R08-OAR-2024-0389,EPA-R08-OAR-2024-0389-0362,rg-comment-cluster-ed3acfbcaee3,normalized-text-sha1-plus-regulations-duplicate-count-v1,1.0000,true,0.6833,public_comment_body_present; duplicateComments=1,EPA-R08-OAR-2024-0389-0074,script:build-first-wave-comment-products,Reproducible pre-review clustering; not agency uptake coding.
EPA-R08-OAR-2024-0389,EPA-R08-OAR-2024-0389-0363,rg-comment-cluster-a78a5fae5978,normalized-text-sha1-plus-regulations-duplicate-count-v1,0.0000,false,0.6992,public_comment_body_present; duplicateComments=1,EPA-R08-OAR-2024-0389-0363,script:build-first-wave-comment-products,Reproducible pre-review clustering; not agency uptake coding.
EPA-R08-OAR-2024-0389,EPA-R08-OAR-2024-0389-0364,rg-comment-cluster-ed3acfbcaee3,normalized-text-sha1-plus-regulations-duplicate-count-v1,1.0000,true,0.6833,public_comment_body_present; duplicateComments=1,EPA-R08-OAR-2024-0389-0074,script:build-first-wave-comment-products,Reproducible pre-review clustering; not agency uptake coding.
EPA-R08-OAR-2024-0389,EPA-R08-OAR-2024-0389-0365,rg-comment-cluster-ed3acfbcaee3,normalized-text-sha1-plus-regulations-duplicate-count-v1,1.0000,true,0.6833,public_comment_body_present; duplicateComments=1,EPA-R08-OAR-2024-0389-0074,script:build-first-wave-comment-products,Reproducible pre-review clustering; not agency uptake coding.
EPA-R08-OAR-2024-0389,EPA-R08-OAR-2024-0389-0366,rg-comment-cluster-ed3acfbcaee3,normalized-text-sha1-plus-regulations-duplicate-count-v1,1.0000,true,0.6833,public_comment_body_present; duplicateComments=1,EPA-R08-OAR-2024-0389-0074,script:build-first-wave-comment-products,Reproducible pre-review clustering; not agency uptake coding.
EPA-R08-OAR-2024-0389,EPA-R08-OAR-2024-0389-0367,rg-comment-cluster-ed3acfbcaee3,normalized-text-sha1-plus-regulations-duplicate-count-v1,1.0000,true,0.6833,public_comment_body_present; duplicateComments=1,EPA-R08-OAR-2024-0389-0074,script:build-first-wave-comment-products,Reproducible pre-review clustering; not agency uptake coding.
EPA-R08-OAR-2024-0389,EPA-R08-OAR-2024-0389-0368,rg-comment-cluster-f10aa27ea696,normalized-text-sha1-plus-regulations-duplicate-count-v1,0.0000,false,0.6958,public_comment_body_present; duplicateComments=1,EPA-R08-OAR-2024-0389-0368,script:build-first-wave-comment-products,Reproducible pre-review clustering; not agency uptake coding.
EPA-R08-OAR-2024-0389,EPA-R08-OAR-2024-0389-0369,rg-comment-cluster-3389a57e6505,normalized-text-sha1-plus-regulations-duplicate-count-v1,0.0000,false,0.7008,public_comment_body_present; duplicateComments=1,EPA-R08-OAR-2024-0389-0369,script:build-first-wave-comment-products,Reproducible pre-review clustering; not agency uptake coding.
EPA-R08-OAR-2024-0389,EPA-R08-OAR-2024-0389-0370,rg-comment-cluster-ed3acfbcaee3,normalized-text-sha1-plus-regulations-duplicate-count-v1,1.0000,true,0.6833,public_comment_body_present; duplicateComments=1,EPA-R08-OAR-2024-0389-0074,script:build-first-wave-comment-products,Reproducible pre-review clustering; not agency uptake coding.
EPA-R08-OAR-2024-0389,EPA-R08-OAR-2024-0389-0371,rg-comment-cluster-004c3c8e4da7,normalized-text-sha1-plus-regulations-duplicate-count-v1,0.0000,false,0.6900,public_comment_body_present; duplicateComments=1,EPA-R08-OAR-2024-0389-0371,script:build-first-wave-comment-products,Reproducible pre-review clustering; not agency uptake coding.
EPA-R08-OAR-2024-0389,EPA-R08-OAR-2024-0389-0372,rg-comment-cluster-ed3acfbcaee3,normalized-text-sha1-plus-regulations-duplicate-count-v1,1.0000,true,0.6833,public_comment_body_present; duplicateComments=1,EPA-R08-OAR-2024-0389-0074,script:build-first-wave-comment-products,Reproducible pre-review clustering; not agency uptake coding.
EPA-R08-OAR-2024-0389,EPA-R08-OAR-2024-0389-0373,rg-comment-cluster-ed3acfbcaee3,normalized-text-sha1-plus-regulations-duplicate-count-v1,1.0000,true,0.6833,public_comment_body_present; duplicateComments=1,EPA-R08-OAR-2024-0389-0074,script:build-first-wave-comment-products,Reproducible pre-review clustering; not agency uptake coding.
EPA-R08-OAR-2024-0389,EPA-R08-OAR-2024-0389-0374,rg-comment-cluster-2523fd9a6f28,normalized-text-sha1-plus-regulations-duplicate-count-v1,0.0000,false,0.7133,public_comment_body_present; duplicateComments=1,EPA-R08-OAR-2024-0389-0374,script:build-first-wave-comment-products,Reproducible pre-review clustering; not agency uptake coding.
EPA-R08-OAR-2024-0389,EPA-R08-OAR-2024-0389-0375,rg-comment-cluster-ed3acfbcaee3,normalized-text-sha1-plus-regulations-duplicate-count-v1,1.0000,true,0.6833,public_comment_body_present; duplicateComments=1,EPA-R08-OAR-2024-0389-0074,script:build-first-wave-comment-products,Reproducible pre-review clustering; not agency uptake coding.
EPA-R08-OAR-2024-0389,EPA-R08-OAR-2024-0389-0376,rg-comment-cluster-8c2834552de2,normalized-text-sha1-plus-regulations-duplicate-count-v1,0.0000,false,0.6983,public_comment_body_present; duplicateComments=1,EPA-R08-OAR-2024-0389-0376,script:build-first-wave-comment-products,Reproducible pre-review clustering; not agency uptake coding.
EPA-R08-OAR-2024-0389,EPA-R08-OAR-2024-0389-0377,rg-comment-cluster-ed3acfbcaee3,normalized-text-sha1-plus-regulations-duplicate-count-v1,1.0000,true,0.6833,public_comment_body_present; duplicateComments=1,EPA-R08-OAR-2024-0389-0074,script:build-first-wave-comment-products,Reproducible pre-review clustering; not agency uptake coding.
EPA-R08-OAR-2024-0389,EPA-R08-OAR-2024-0389-0378,rg-comment-cluster-ed3acfbcaee3,normalized-text-sha1-plus-regulations-duplicate-count-v1,1.0000,true,0.6833,public_comment_body_present; duplicateComments=1,EPA-R08-OAR-2024-0389-0074,script:build-first-wave-comment-products,Reproducible pre-review clustering; not agency uptake coding.
EPA-R08-OAR-2024-0389,EPA-R08-OAR-2024-0389-0379,rg-comment-cluster-ed3acfbcaee3,normalized-text-sha1-plus-regulations-duplicate-count-v1,1.0000,true,0.6833,public_comment_body_present; duplicateComments=1,EPA-R08-OAR-2024-0389-0074,script:build-first-wave-comment-products,Reproducible pre-review clustering; not agency uptake coding.
EPA-R08-OAR-2024-0389,EPA-R08-OAR-2024-0389-0380,rg-comment-cluster-ed3acfbcaee3,normalized-text-sha1-plus-regulations-duplicate-count-v1,1.0000,true,0.6833,public_comment_body_present; duplicateComments=1,EPA-R08-OAR-2024-0389-0074,script:build-first-wave-comment-products,Reproducible pre-review clustering; not agency uptake coding.
EPA-R08-OAR-2024-0389,EPA-R08-OAR-2024-0389-0381,rg-comment-cluster-ed3acfbcaee3,normalized-text-sha1-plus-regulations-duplicate-count-v1,1.0000,true,0.6833,public_comment_body_present; duplicateComments=1,EPA-R08-OAR-2024-0389-0074,script:build-first-wave-comment-products,Reproducible pre-review clustering; not agency uptake coding.
EPA-R08-OAR-2024-0389,EPA-R08-OAR-2024-0389-0382,rg-comment-cluster-ed3acfbcaee3,normalized-text-sha1-plus-regulations-duplicate-count-v1,1.0000,true,0.6833,public_comment_body_present; duplicateComments=1,EPA-R08-OAR-2024-0389-0074,script:build-first-wave-comment-products,Reproducible pre-review clustering; not agency uptake coding.
EPA-R08-OAR-2024-0389,EPA-R08-OAR-2024-0389-0383,rg-comment-cluster-7dc0c5be5b22,normalized-text-sha1-plus-regulations-duplicate-count-v1,0.0000,false,0.6908,public_comment_body_present; duplicateComments=1,EPA-R08-OAR-2024-0389-0383,script:build-first-wave-comment-products,Reproducible pre-review clustering; not agency uptake coding.
EPA-R08-OAR-2024-0389,EPA-R08-OAR-2024-0389-0384,rg-comment-cluster-439d8732f548,normalized-text-sha1-plus-regulations-duplicate-count-v1,0.0000,false,0.6992,public_comment_body_present; duplicateComments=1,EPA-R08-OAR-2024-0389-0384,script:build-first-wave-comment-products,Reproducible pre-review clustering; not agency uptake coding.
EPA-R08-OAR-2024-0389,EPA-R08-OAR-2024-0389-0385,rg-comment-cluster-ed3acfbcaee3,normalized-text-sha1-plus-regulations-duplicate-count-v1,1.0000,true,0.6833,public_comment_body_present; duplicateComments=1,EPA-R08-OAR-2024-0389-0074,script:build-first-wave-comment-products,Reproducible pre-review clustering; not agency uptake coding.
EPA-R08-OAR-2024-0389,EPA-R08-OAR-2024-0389-0386,rg-comment-cluster-ed3acfbcaee3,normalized-text-sha1-plus-regulations-duplicate-count-v1,1.0000,true,0.6833,public_comment_body_present; duplicateComments=1,EPA-R08-OAR-2024-0389-0074,script:build-first-wave-comment-products,Reproducible pre-review clustering; not agency uptake coding.
EPA-R08-OAR-2024-0389,EPA-R08-OAR-2024-0389-0387,rg-comment-cluster-ed3acfbcaee3,normalized-text-sha1-plus-regulations-duplicate-count-v1,1.0000,true,0.6833,public_comment_body_present; duplicateComments=1,EPA-R08-OAR-2024-0389-0074,script:build-first-wave-comment-products,Reproducible pre-review clustering; not agency uptake coding.
EPA-R08-OAR-2024-0389,EPA-R08-OAR-2024-0389-0388,rg-comment-cluster-ed3acfbcaee3,normalized-text-sha1-plus-regulations-duplicate-count-v1,1.0000,true,0.6833,public_comment_body_present; duplicateComments=1,EPA-R08-OAR-2024-0389-0074,script:build-first-wave-comment-products,Reproducible pre-review clustering; not agency uptake coding.
EPA-R08-OAR-2024-0389,EPA-R08-OAR-2024-0389-0389,rg-comment-cluster-7f1b9dbd5f1a,normalized-text-sha1-plus-regulations-duplicate-count-v1,0.0000,false,0.8256,public_comment_body_present; duplicateComments=1,EPA-R08-OAR-2024-0389-0389,script:build-first-wave-comment-products,Reproducible pre-review clustering; not agency uptake coding.
EPA-R08-OAR-2024-0389,EPA-R08-OAR-2024-0389-0390,rg-comment-cluster-ed3acfbcaee3,normalized-text-sha1-plus-regulations-duplicate-count-v1,1.0000,true,0.6833,public_comment_body_present; duplicateComments=1,EPA-R08-OAR-2024-0389-0074,script:build-first-wave-comment-products,Reproducible pre-review clustering; not agency uptake coding.
EPA-R08-OAR-2024-0389,EPA-R08-OAR-2024-0389-0391,rg-comment-cluster-ed3acfbcaee3,normalized-text-sha1-plus-regulations-duplicate-count-v1,1.0000,true,0.6833,public_comment_body_present; duplicateComments=1,EPA-R08-OAR-2024-0389-0074,script:build-first-wave-comment-products,Reproducible pre-review clustering; not agency uptake coding.
EPA-R08-OAR-2024-0389,EPA-R08-OAR-2024-0389-0392,rg-comment-cluster-ed3acfbcaee3,normalized-text-sha1-plus-regulations-duplicate-count-v1,1.0000,true,0.6833,public_comment_body_present; duplicateComments=1,EPA-R08-OAR-2024-0389-0074,script:build-first-wave-comment-products,Reproducible pre-review clustering; not agency uptake coding.
EPA-R08-OAR-2024-0389,EPA-R08-OAR-2024-0389-0393,rg-comment-cluster-a124f821cacf,normalized-text-sha1-plus-regulations-duplicate-count-v1,0.0000,false,0.7475,public_comment_body_present; duplicateComments=1,EPA-R08-OAR-2024-0389-0393,script:build-first-wave-comment-products,Reproducible pre-review clustering; not agency uptake coding.
EPA-R08-OAR-2024-0389,EPA-R08-OAR-2024-0389-0394,rg-comment-cluster-ed3acfbcaee3,normalized-text-sha1-plus-regulations-duplicate-count-v1,1.0000,true,0.6833,public_comment_body_present; duplicateComments=1,EPA-R08-OAR-2024-0389-0074,script:build-first-wave-comment-products,Reproducible pre-review clustering; not agency uptake coding.
EPA-R08-OAR-2024-0389,EPA-R08-OAR-2024-0389-0395,rg-comment-cluster-ed3acfbcaee3,normalized-text-sha1-plus-regulations-duplicate-count-v1,1.0000,true,0.6833,public_comment_body_present; duplicateComments=1,EPA-R08-OAR-2024-0389-0074,script:build-first-wave-comment-products,Reproducible pre-review clustering; not agency uptake coding.
EPA-R08-OAR-2024-0389,EPA-R08-OAR-2024-0389-0396,rg-comment-cluster-ed3acfbcaee3,normalized-text-sha1-plus-regulations-duplicate-count-v1,1.0000,true,0.6833,public_comment_body_present; duplicateComments=1,EPA-R08-OAR-2024-0389-0074,script:build-first-wave-comment-products,Reproducible pre-review clustering; not agency uptake coding.
EPA-R08-OAR-2024-0389,EPA-R08-OAR-2024-0389-0397,rg-comment-cluster-ed3acfbcaee3,normalized-text-sha1-plus-regulations-duplicate-count-v1,1.0000,true,0.6833,public_comment_body_present; duplicateComments=1,EPA-R08-OAR-2024-0389-0074,script:build-first-wave-comment-products,Reproducible pre-review clustering; not agency uptake coding.
EPA-R08-OAR-2024-0389,EPA-R08-OAR-2024-0389-0398,rg-comment-cluster-ed3acfbcaee3,normalized-text-sha1-plus-regulations-duplicate-count-v1,1.0000,true,0.6833,public_comment_body_present; duplicateComments=1,EPA-R08-OAR-2024-0389-0074,script:build-first-wave-comment-products,Reproducible pre-review clustering; not agency uptake coding.
EPA-R08-OAR-2024-0389,EPA-R08-OAR-2024-0389-0399,rg-comment-cluster-6a3d4dd315fb,normalized-text-sha1-plus-regulations-duplicate-count-v1,1.0000,true,0.6850,public_comment_body_present; duplicateComments=1,EPA-R08-OAR-2024-0389-0137,script:build-first-wave-comment-products,Reproducible pre-review clustering; not agency uptake coding.
EPA-R08-OAR-2024-0389,EPA-R08-OAR-2024-0389-0400,rg-comment-cluster-ed3acfbcaee3,normalized-text-sha1-plus-regulations-duplicate-count-v1,1.0000,true,0.6833,public_comment_body_present; duplicateComments=1,EPA-R08-OAR-2024-0389-0074,script:build-first-wave-comment-products,Reproducible pre-review clustering; not agency uptake coding.
EPA-R08-OAR-2024-0389,EPA-R08-OAR-2024-0389-0401,rg-comment-cluster-ed3acfbcaee3,normalized-text-sha1-plus-regulations-duplicate-count-v1,1.0000,true,0.6833,public_comment_body_present; duplicateComments=1,EPA-R08-OAR-2024-0389-0074,script:build-first-wave-comment-products,Reproducible pre-review clustering; not agency uptake coding.
EPA-R08-OAR-2024-0389,EPA-R08-OAR-2024-0389-0402,rg-comment-cluster-ed3acfbcaee3,normalized-text-sha1-plus-regulations-duplicate-count-v1,1.0000,true,0.6833,public_comment_body_present; duplicateComments=1,EPA-R08-OAR-2024-0389-0074,script:build-first-wave-comment-products,Reproducible pre-review clustering; not agency uptake coding.
EPA-R08-OAR-2024-0389,EPA-R08-OAR-2024-0389-0403,rg-comment-cluster-d5ab5f2a0830,normalized-text-sha1-plus-regulations-duplicate-count-v1,0.0000,false,0.6867,public_comment_body_present; duplicateComments=1,EPA-R08-OAR-2024-0389-0403,script:build-first-wave-comment-products,Reproducible pre-review clustering; not agency uptake coding.
EPA-R08-OAR-2024-0389,EPA-R08-OAR-2024-0389-0404,rg-comment-cluster-ed3acfbcaee3,normalized-text-sha1-plus-regulations-duplicate-count-v1,1.0000,true,0.6833,public_comment_body_present; duplicateComments=1,EPA-R08-OAR-2024-0389-0074,script:build-first-wave-comment-products,Reproducible pre-review clustering; not agency uptake coding.
EPA-R08-OAR-2024-0389,EPA-R08-OAR-2024-0389-0405,rg-comment-cluster-ed3acfbcaee3,normalized-text-sha1-plus-regulations-duplicate-count-v1,1.0000,true,0.6833,public_comment_body_present; duplicateComments=1,EPA-R08-OAR-2024-0389-0074,script:build-first-wave-comment-products,Reproducible pre-review clustering; not agency uptake coding.
EPA-R08-OAR-2024-0389,EPA-R08-OAR-2024-0389-0406,rg-comment-cluster-ed3acfbcaee3,normalized-text-sha1-plus-regulations-duplicate-count-v1,1.0000,true,0.6833,public_comment_body_present; duplicateComments=1,EPA-R08-OAR-2024-0389-0074,script:build-first-wave-comment-products,Reproducible pre-review clustering; not agency uptake coding.
EPA-R08-OAR-2024-0389,EPA-R08-OAR-2024-0389-0407,rg-comment-cluster-ff68264fbd3a,normalized-text-sha1-plus-regulations-duplicate-count-v1,0.0000,false,0.6958,public_comment_body_present; duplicateComments=1,EPA-R08-OAR-2024-0389-0407,script:build-first-wave-comment-products,Reproducible pre-review clustering; not agency uptake coding.
EPA-R08-OAR-2024-0389,EPA-R08-OAR-2024-0389-0408,rg-comment-cluster-2f297be1cec0,normalized-text-sha1-plus-regulations-duplicate-count-v1,0.0000,false,0.6983,public_comment_body_present; duplicateComments=1,EPA-R08-OAR-2024-0389-0408,script:build-first-wave-comment-products,Reproducible pre-review clustering; not agency uptake coding.
EPA-R08-OAR-2024-0389,EPA-R08-OAR-2024-0389-0409,rg-comment-cluster-ed3acfbcaee3,normalized-text-sha1-plus-regulations-duplicate-count-v1,1.0000,true,0.6833,public_comment_body_present; duplicateComments=1,EPA-R08-OAR-2024-0389-0074,script:build-first-wave-comment-products,Reproducible pre-review clustering; not agency uptake coding.
EPA-R08-OAR-2024-0389,EPA-R08-OAR-2024-0389-0410,rg-comment-cluster-ed3acfbcaee3,normalized-text-sha1-plus-regulations-duplicate-count-v1,1.0000,true,0.6833,public_comment_body_present; duplicateComments=1,EPA-R08-OAR-2024-0389-0074,script:build-first-wave-comment-products,Reproducible pre-review clustering; not agency uptake coding.
EPA-R08-OAR-2024-0389,EPA-R08-OAR-2024-0389-0411,rg-comment-cluster-7d5cdcf9b9f4,normalized-text-sha1-plus-regulations-duplicate-count-v1,0.0000,false,0.6817,public_comment_body_present; duplicateComments=1,EPA-R08-OAR-2024-0389-0411,script:build-first-wave-comment-products,Reproducible pre-review clustering; not agency uptake coding.
EPA-R08-OAR-2024-0389,EPA-R08-OAR-2024-0389-0412,rg-comment-cluster-ed3acfbcaee3,normalized-text-sha1-plus-regulations-duplicate-count-v1,1.0000,true,0.6833,public_comment_body_present; duplicateComments=1,EPA-R08-OAR-2024-0389-0074,script:build-first-wave-comment-products,Reproducible pre-review clustering; not agency uptake coding.
EPA-R08-OAR-2024-0389,EPA-R08-OAR-2024-0389-0413,rg-comment-cluster-ed3acfbcaee3,normalized-text-sha1-plus-regulations-duplicate-count-v1,1.0000,true,0.6833,public_comment_body_present; duplicateComments=1,EPA-R08-OAR-2024-0389-0074,script:build-first-wave-comment-products,Reproducible pre-review clustering; not agency uptake coding.
EPA-R08-OAR-2024-0389,EPA-R08-OAR-2024-0389-0414,rg-comment-cluster-ed3acfbcaee3,normalized-text-sha1-plus-regulations-duplicate-count-v1,1.0000,true,0.6833,public_comment_body_present; duplicateComments=1,EPA-R08-OAR-2024-0389-0074,script:build-first-wave-comment-products,Reproducible pre-review clustering; not agency uptake coding.
EPA-R08-OAR-2024-0389,EPA-R08-OAR-2024-0389-0415,rg-comment-cluster-48de2338aed4,normalized-text-sha1-plus-regulations-duplicate-count-v1,0.0000,false,0.7464,public_comment_body_present; duplicateComments=1,EPA-R08-OAR-2024-0389-0415,script:build-first-wave-comment-products,Reproducible pre-review clustering; not agency uptake coding.
EPA-R08-OAR-2024-0389,EPA-R08-OAR-2024-0389-0416,rg-comment-cluster-ed3acfbcaee3,normalized-text-sha1-plus-regulations-duplicate-count-v1,1.0000,true,0.6833,public_comment_body_present; duplicateComments=1,EPA-R08-OAR-2024-0389-0074,script:build-first-wave-comment-products,Reproducible pre-review clustering; not agency uptake coding.
EPA-R08-OAR-2024-0389,EPA-R08-OAR-2024-0389-0417,rg-comment-cluster-ed3acfbcaee3,normalized-text-sha1-plus-regulations-duplicate-count-v1,1.0000,true,0.6833,public_comment_body_present; duplicateComments=1,EPA-R08-OAR-2024-0389-0074,script:build-first-wave-comment-products,Reproducible pre-review clustering; not agency uptake coding.
EPA-R08-OAR-2024-0389,EPA-R08-OAR-2024-0389-0418,rg-comment-cluster-ed3acfbcaee3,normalized-text-sha1-plus-regulations-duplicate-count-v1,1.0000,true,0.6833,public_comment_body_present; duplicateComments=1,EPA-R08-OAR-2024-0389-0074,script:build-first-wave-comment-products,Reproducible pre-review clustering; not agency uptake coding.
EPA-R08-OAR-2024-0389,EPA-R08-OAR-2024-0389-0419,rg-comment-cluster-a8fa51aaeb9b,normalized-text-sha1-plus-regulations-duplicate-count-v1,0.0000,false,0.7572,public_comment_body_present; duplicateComments=1,EPA-R08-OAR-2024-0389-0419,script:build-first-wave-comment-products,Reproducible pre-review clustering; not agency uptake coding.
EPA-R08-OAR-2024-0389,EPA-R08-OAR-2024-0389-0420,rg-comment-cluster-09f6f851d749,normalized-text-sha1-plus-regulations-duplicate-count-v1,0.0000,false,0.6883,public_comment_body_present; duplicateComments=1,EPA-R08-OAR-2024-0389-0420,script:build-first-wave-comment-products,Reproducible pre-review clustering; not agency uptake coding.
EPA-R08-OAR-2024-0389,EPA-R08-OAR-2024-0389-0421,rg-comment-cluster-ed3acfbcaee3,normalized-text-sha1-plus-regulations-duplicate-count-v1,1.0000,true,0.6833,public_comment_body_present; duplicateComments=1,EPA-R08-OAR-2024-0389-0074,script:build-first-wave-comment-products,Reproducible pre-review clustering; not agency uptake coding.
EPA-R08-OAR-2024-0389,EPA-R08-OAR-2024-0389-0422,rg-comment-cluster-29589f85630c,normalized-text-sha1-plus-regulations-duplicate-count-v1,0.0000,false,0.6975,public_comment_body_present; duplicateComments=1,EPA-R08-OAR-2024-0389-0422,script:build-first-wave-comment-products,Reproducible pre-review clustering; not agency uptake coding.
EPA-R08-OAR-2024-0389,EPA-R08-OAR-2024-0389-0423,rg-comment-cluster-ed3acfbcaee3,normalized-text-sha1-plus-regulations-duplicate-count-v1,1.0000,true,0.6833,public_comment_body_present; duplicateComments=1,EPA-R08-OAR-2024-0389-0074,script:build-first-wave-comment-products,Reproducible pre-review clustering; not agency uptake coding.
EPA-R08-OAR-2024-0389,EPA-R08-OAR-2024-0389-0424,rg-comment-cluster-ed3acfbcaee3,normalized-text-sha1-plus-regulations-duplicate-count-v1,1.0000,true,0.6833,public_comment_body_present; duplicateComments=1,EPA-R08-OAR-2024-0389-0074,script:build-first-wave-comment-products,Reproducible pre-review clustering; not agency uptake coding.
EPA-R08-OAR-2024-0389,EPA-R08-OAR-2024-0389-0425,rg-comment-cluster-ed3acfbcaee3,normalized-text-sha1-plus-regulations-duplicate-count-v1,1.0000,true,0.6833,public_comment_body_present; duplicateComments=1,EPA-R08-OAR-2024-0389-0074,script:build-first-wave-comment-products,Reproducible pre-review clustering; not agency uptake coding.
EPA-R08-OAR-2024-0389,EPA-R08-OAR-2024-0389-0426,rg-comment-cluster-ed3acfbcaee3,normalized-text-sha1-plus-regulations-duplicate-count-v1,1.0000,true,0.6833,public_comment_body_present; duplicateComments=1,EPA-R08-OAR-2024-0389-0074,script:build-first-wave-comment-products,Reproducible pre-review clustering; not agency uptake coding.
EPA-R08-OAR-2024-0389,EPA-R08-OAR-2024-0389-0427,rg-comment-cluster-ed3acfbcaee3,normalized-text-sha1-plus-regulations-duplicate-count-v1,1.0000,true,0.6833,public_comment_body_present; duplicateComments=1,EPA-R08-OAR-2024-0389-0074,script:build-first-wave-comment-products,Reproducible pre-review clustering; not agency uptake coding.
EPA-R08-OAR-2024-0389,EPA-R08-OAR-2024-0389-0428,rg-comment-cluster-ed3acfbcaee3,normalized-text-sha1-plus-regulations-duplicate-count-v1,1.0000,true,0.6833,public_comment_body_present; duplicateComments=1,EPA-R08-OAR-2024-0389-0074,script:build-first-wave-comment-products,Reproducible pre-review clustering; not agency uptake coding.
EPA-R08-OAR-2024-0389,EPA-R08-OAR-2024-0389-0429,rg-comment-cluster-ed3acfbcaee3,normalized-text-sha1-plus-regulations-duplicate-count-v1,1.0000,true,0.6833,public_comment_body_present; duplicateComments=1,EPA-R08-OAR-2024-0389-0074,script:build-first-wave-comment-products,Reproducible pre-review clustering; not agency uptake coding.
EPA-R08-OAR-2024-0389,EPA-R08-OAR-2024-0389-0430,rg-comment-cluster-ed3acfbcaee3,normalized-text-sha1-plus-regulations-duplicate-count-v1,1.0000,true,0.6833,public_comment_body_present; duplicateComments=1,EPA-R08-OAR-2024-0389-0074,script:build-first-wave-comment-products,Reproducible pre-review clustering; not agency uptake coding.
EPA-R08-OAR-2024-0389,EPA-R08-OAR-2024-0389-0431,rg-comment-cluster-3e00a0ea644e,normalized-text-sha1-plus-regulations-duplicate-count-v1,0.0000,false,0.7150,public_comment_body_present; duplicateComments=1,EPA-R08-OAR-2024-0389-0431,script:build-first-wave-comment-products,Reproducible pre-review clustering; not agency uptake coding.
EPA-R08-OAR-2024-0389,EPA-R08-OAR-2024-0389-0432,rg-comment-cluster-ed3acfbcaee3,normalized-text-sha1-plus-regulations-duplicate-count-v1,1.0000,true,0.6833,public_comment_body_present; duplicateComments=1,EPA-R08-OAR-2024-0389-0074,script:build-first-wave-comment-products,Reproducible pre-review clustering; not agency uptake coding.
EPA-R08-OAR-2024-0389,EPA-R08-OAR-2024-0389-0433,rg-comment-cluster-6aebcc524b0f,normalized-text-sha1-plus-regulations-duplicate-count-v1,0.0000,false,0.8239,public_comment_body_present; duplicateComments=1,EPA-R08-OAR-2024-0389-0433,script:build-first-wave-comment-products,Reproducible pre-review clustering; not agency uptake coding.
EPA-R08-OAR-2024-0389,EPA-R08-OAR-2024-0389-0434,rg-comment-cluster-ed3acfbcaee3,normalized-text-sha1-plus-regulations-duplicate-count-v1,1.0000,true,0.6833,public_comment_body_present; duplicateComments=1,EPA-R08-OAR-2024-0389-0074,script:build-first-wave-comment-products,Reproducible pre-review clustering; not agency uptake coding.
EPA-R08-OAR-2024-0389,EPA-R08-OAR-2024-0389-0435,rg-comment-cluster-ed3acfbcaee3,normalized-text-sha1-plus-regulations-duplicate-count-v1,1.0000,true,0.6833,public_comment_body_present; duplicateComments=1,EPA-R08-OAR-2024-0389-0074,script:build-first-wave-comment-products,Reproducible pre-review clustering; not agency uptake coding.
EPA-R08-OAR-2024-0389,EPA-R08-OAR-2024-0389-0436,rg-comment-cluster-bee2ffbd3446,normalized-text-sha1-plus-regulations-duplicate-count-v1,0.0000,false,0.6933,public_comment_body_present; duplicateComments=1,EPA-R08-OAR-2024-0389-0436,script:build-first-wave-comment-products,Reproducible pre-review clustering; not agency uptake coding.
EPA-R08-OAR-2024-0389,EPA-R08-OAR-2024-0389-0437,rg-comment-cluster-ed3acfbcaee3,normalized-text-sha1-plus-regulations-duplicate-count-v1,1.0000,true,0.6833,public_comment_body_present; duplicateComments=1,EPA-R08-OAR-2024-0389-0074,script:build-first-wave-comment-products,Reproducible pre-review clustering; not agency uptake coding.
EPA-R08-OAR-2024-0389,EPA-R08-OAR-2024-0389-0438,rg-comment-cluster-ed3acfbcaee3,normalized-text-sha1-plus-regulations-duplicate-count-v1,1.0000,true,0.6833,public_comment_body_present; duplicateComments=1,EPA-R08-OAR-2024-0389-0074,script:build-first-wave-comment-products,Reproducible pre-review clustering; not agency uptake coding.
EPA-R08-OAR-2024-0389,EPA-R08-OAR-2024-0389-0439,rg-comment-cluster-ae612a5ec39e,normalized-text-sha1-plus-regulations-duplicate-count-v1,0.0000,false,0.6908,public_comment_body_present; duplicateComments=1,EPA-R08-OAR-2024-0389-0439,script:build-first-wave-comment-products,Reproducible pre-review clustering; not agency uptake coding.
EPA-R08-OAR-2024-0389,EPA-R08-OAR-2024-0389-0440,rg-comment-cluster-ed3acfbcaee3,normalized-text-sha1-plus-regulations-duplicate-count-v1,1.0000,true,0.6833,public_comment_body_present; duplicateComments=1,EPA-R08-OAR-2024-0389-0074,script:build-first-wave-comment-products,Reproducible pre-review clustering; not agency uptake coding.
EPA-R08-OAR-2024-0389,EPA-R08-OAR-2024-0389-0441,rg-comment-cluster-ed3acfbcaee3,normalized-text-sha1-plus-regulations-duplicate-count-v1,1.0000,true,0.6833,public_comment_body_present; duplicateComments=1,EPA-R08-OAR-2024-0389-0074,script:build-first-wave-comment-products,Reproducible pre-review clustering; not agency uptake coding.
EPA-R08-OAR-2024-0389,EPA-R08-OAR-2024-0389-0442,rg-comment-cluster-ed3acfbcaee3,normalized-text-sha1-plus-regulations-duplicate-count-v1,1.0000,true,0.6833,public_comment_body_present; duplicateComments=1,EPA-R08-OAR-2024-0389-0074,script:build-first-wave-comment-products,Reproducible pre-review clustering; not agency uptake coding.
EPA-R08-OAR-2024-0389,EPA-R08-OAR-2024-0389-0443,rg-comment-cluster-bbccb6bfc709,normalized-text-sha1-plus-regulations-duplicate-count-v1,0.0000,false,0.8561,public_comment_body_present; duplicateComments=1,EPA-R08-OAR-2024-0389-0443,script:build-first-wave-comment-products,Reproducible pre-review clustering; not agency uptake coding.
EPA-R08-OAR-2024-0389,EPA-R08-OAR-2024-0389-0444,rg-comment-cluster-ed3acfbcaee3,normalized-text-sha1-plus-regulations-duplicate-count-v1,1.0000,true,0.6833,public_comment_body_present; duplicateComments=1,EPA-R08-OAR-2024-0389-0074,script:build-first-wave-comment-products,Reproducible pre-review clustering; not agency uptake coding.
EPA-R08-OAR-2024-0389,EPA-R08-OAR-2024-0389-0445,rg-comment-cluster-ed3acfbcaee3,normalized-text-sha1-plus-regulations-duplicate-count-v1,1.0000,true,0.6833,public_comment_body_present; duplicateComments=1,EPA-R08-OAR-2024-0389-0074,script:build-first-wave-comment-products,Reproducible pre-review clustering; not agency uptake coding.
EPA-R08-OAR-2024-0389,EPA-R08-OAR-2024-0389-0446,rg-comment-cluster-e23c33d58928,normalized-text-sha1-plus-regulations-duplicate-count-v1,0.0000,false,0.7208,public_comment_body_present; duplicateComments=1,EPA-R08-OAR-2024-0389-0446,script:build-first-wave-comment-products,Reproducible pre-review clustering; not agency uptake coding.
EPA-R08-OAR-2024-0389,EPA-R08-OAR-2024-0389-0447,rg-comment-cluster-ed3acfbcaee3,normalized-text-sha1-plus-regulations-duplicate-count-v1,1.0000,true,0.6833,public_comment_body_present; duplicateComments=1,EPA-R08-OAR-2024-0389-0074,script:build-first-wave-comment-products,Reproducible pre-review clustering; not agency uptake coding.
EPA-R08-OAR-2024-0389,EPA-R08-OAR-2024-0389-0448,rg-comment-cluster-a3d76ffc2164,normalized-text-sha1-plus-regulations-duplicate-count-v1,0.0000,false,0.6958,public_comment_body_present; duplicateComments=1,EPA-R08-OAR-2024-0389-0448,script:build-first-wave-comment-products,Reproducible pre-review clustering; not agency uptake coding.
EPA-R08-OAR-2024-0389,EPA-R08-OAR-2024-0389-0449,rg-comment-cluster-20a1b1d9aa73,normalized-text-sha1-plus-regulations-duplicate-count-v1,0.0000,false,0.7117,public_comment_body_present; duplicateComments=1,EPA-R08-OAR-2024-0389-0449,script:build-first-wave-comment-products,Reproducible pre-review clustering; not agency uptake coding.
EPA-R08-OAR-2024-0389,EPA-R08-OAR-2024-0389-0450,rg-comment-cluster-ed3acfbcaee3,normalized-text-sha1-plus-regulations-duplicate-count-v1,1.0000,true,0.6833,public_comment_body_present; duplicateComments=1,EPA-R08-OAR-2024-0389-0074,script:build-first-wave-comment-products,Reproducible pre-review clustering; not agency uptake coding.
EPA-R08-OAR-2024-0389,EPA-R08-OAR-2024-0389-0451,rg-comment-cluster-ed3acfbcaee3,normalized-text-sha1-plus-regulations-duplicate-count-v1,1.0000,true,0.6833,public_comment_body_present; duplicateComments=1,EPA-R08-OAR-2024-0389-0074,script:build-first-wave-comment-products,Reproducible pre-review clustering; not agency uptake coding.
EPA-R08-OAR-2024-0389,EPA-R08-OAR-2024-0389-0452,rg-comment-cluster-ed3acfbcaee3,normalized-text-sha1-plus-regulations-duplicate-count-v1,1.0000,true,0.6833,public_comment_body_present; duplicateComments=1,EPA-R08-OAR-2024-0389-0074,script:build-first-wave-comment-products,Reproducible pre-review clustering; not agency uptake coding.
EPA-R08-OAR-2024-0389,EPA-R08-OAR-2024-0389-0453,rg-comment-cluster-fa0759c40a71,normalized-text-sha1-plus-regulations-duplicate-count-v1,0.0000,false,0.6867,public_comment_body_present; duplicateComments=1,EPA-R08-OAR-2024-0389-0453,script:build-first-wave-comment-products,Reproducible pre-review clustering; not agency uptake coding.
EPA-R08-OAR-2024-0389,EPA-R08-OAR-2024-0389-0454,rg-comment-cluster-ed3acfbcaee3,normalized-text-sha1-plus-regulations-duplicate-count-v1,1.0000,true,0.6833,public_comment_body_present; duplicateComments=1,EPA-R08-OAR-2024-0389-0074,script:build-first-wave-comment-products,Reproducible pre-review clustering; not agency uptake coding.
EPA-R08-OAR-2024-0389,EPA-R08-OAR-2024-0389-0455,rg-comment-cluster-ed3acfbcaee3,normalized-text-sha1-plus-regulations-duplicate-count-v1,1.0000,true,0.6833,public_comment_body_present; duplicateComments=1,EPA-R08-OAR-2024-0389-0074,script:build-first-wave-comment-products,Reproducible pre-review clustering; not agency uptake coding.
EPA-R08-OAR-2024-0389,EPA-R08-OAR-2024-0389-0456,rg-comment-cluster-efb29c90d7bd,normalized-text-sha1-plus-regulations-duplicate-count-v1,0.0000,false,0.6883,public_comment_body_present; duplicateComments=1,EPA-R08-OAR-2024-0389-0456,script:build-first-wave-comment-products,Reproducible pre-review clustering; not agency uptake coding.
EPA-R08-OAR-2024-0389,EPA-R08-OAR-2024-0389-0457,rg-comment-cluster-ed3acfbcaee3,normalized-text-sha1-plus-regulations-duplicate-count-v1,1.0000,true,0.6833,public_comment_body_present; duplicateComments=1,EPA-R08-OAR-2024-0389-0074,script:build-first-wave-comment-products,Reproducible pre-review clustering; not agency uptake coding.
EPA-R08-OAR-2024-0389,EPA-R08-OAR-2024-0389-0458,rg-comment-cluster-ed3acfbcaee3,normalized-text-sha1-plus-regulations-duplicate-count-v1,1.0000,true,0.6833,public_comment_body_present; duplicateComments=1,EPA-R08-OAR-2024-0389-0074,script:build-first-wave-comment-products,Reproducible pre-review clustering; not agency uptake coding.
EPA-R08-OAR-2024-0389,EPA-R08-OAR-2024-0389-0459,rg-comment-cluster-48e020cab0ef,normalized-text-sha1-plus-regulations-duplicate-count-v1,0.0000,false,0.6933,public_comment_body_present; duplicateComments=1,EPA-R08-OAR-2024-0389-0459,script:build-first-wave-comment-products,Reproducible pre-review clustering; not agency uptake coding.
EPA-R08-OAR-2024-0389,EPA-R08-OAR-2024-0389-0460,rg-comment-cluster-ed3acfbcaee3,normalized-text-sha1-plus-regulations-duplicate-count-v1,1.0000,true,0.6833,public_comment_body_present; duplicateComments=1,EPA-R08-OAR-2024-0389-0074,script:build-first-wave-comment-products,Reproducible pre-review clustering; not agency uptake coding.
EPA-R08-OAR-2024-0389,EPA-R08-OAR-2024-0389-0461,rg-comment-cluster-ed3acfbcaee3,normalized-text-sha1-plus-regulations-duplicate-count-v1,1.0000,true,0.6833,public_comment_body_present; duplicateComments=1,EPA-R08-OAR-2024-0389-0074,script:build-first-wave-comment-products,Reproducible pre-review clustering; not agency uptake coding.
EPA-R08-OAR-2024-0389,EPA-R08-OAR-2024-0389-0462,rg-comment-cluster-ed3acfbcaee3,normalized-text-sha1-plus-regulations-duplicate-count-v1,1.0000,true,0.6833,public_comment_body_present; duplicateComments=1,EPA-R08-OAR-2024-0389-0074,script:build-first-wave-comment-products,Reproducible pre-review clustering; not agency uptake coding.
EPA-R08-OAR-2024-0389,EPA-R08-OAR-2024-0389-0463,rg-comment-cluster-ed3acfbcaee3,normalized-text-sha1-plus-regulations-duplicate-count-v1,1.0000,true,0.6833,public_comment_body_present; duplicateComments=1,EPA-R08-OAR-2024-0389-0074,script:build-first-wave-comment-products,Reproducible pre-review clustering; not agency uptake coding.
EPA-R08-OAR-2024-0389,EPA-R08-OAR-2024-0389-0464,rg-comment-cluster-ed3acfbcaee3,normalized-text-sha1-plus-regulations-duplicate-count-v1,1.0000,true,0.6833,public_comment_body_present; duplicateComments=1,EPA-R08-OAR-2024-0389-0074,script:build-first-wave-comment-products,Reproducible pre-review clustering; not agency uptake coding.
EPA-R08-OAR-2024-0389,EPA-R08-OAR-2024-0389-0465,rg-comment-cluster-ed3acfbcaee3,normalized-text-sha1-plus-regulations-duplicate-count-v1,1.0000,true,0.6833,public_comment_body_present; duplicateComments=1,EPA-R08-OAR-2024-0389-0074,script:build-first-wave-comment-products,Reproducible pre-review clustering; not agency uptake coding.
EPA-R08-OAR-2024-0389,EPA-R08-OAR-2024-0389-0466,rg-comment-cluster-ed3acfbcaee3,normalized-text-sha1-plus-regulations-duplicate-count-v1,1.0000,true,0.6833,public_comment_body_present; duplicateComments=1,EPA-R08-OAR-2024-0389-0074,script:build-first-wave-comment-products,Reproducible pre-review clustering; not agency uptake coding.
EPA-R08-OAR-2024-0389,EPA-R08-OAR-2024-0389-0467,rg-comment-cluster-ed3acfbcaee3,normalized-text-sha1-plus-regulations-duplicate-count-v1,1.0000,true,0.6833,public_comment_body_present; duplicateComments=1,EPA-R08-OAR-2024-0389-0074,script:build-first-wave-comment-products,Reproducible pre-review clustering; not agency uptake coding.
EPA-R08-OAR-2024-0389,EPA-R08-OAR-2024-0389-0468,rg-comment-cluster-ed3acfbcaee3,normalized-text-sha1-plus-regulations-duplicate-count-v1,1.0000,true,0.6833,public_comment_body_present; duplicateComments=1,EPA-R08-OAR-2024-0389-0074,script:build-first-wave-comment-products,Reproducible pre-review clustering; not agency uptake coding.
EPA-R08-OAR-2024-0389,EPA-R08-OAR-2024-0389-0469,rg-comment-cluster-ed3acfbcaee3,normalized-text-sha1-plus-regulations-duplicate-count-v1,1.0000,true,0.6833,public_comment_body_present; duplicateComments=1,EPA-R08-OAR-2024-0389-0074,script:build-first-wave-comment-products,Reproducible pre-review clustering; not agency uptake coding.
EPA-R08-OAR-2024-0389,EPA-R08-OAR-2024-0389-0470,rg-comment-cluster-ed3acfbcaee3,normalized-text-sha1-plus-regulations-duplicate-count-v1,1.0000,true,0.6833,public_comment_body_present; duplicateComments=1,EPA-R08-OAR-2024-0389-0074,script:build-first-wave-comment-products,Reproducible pre-review clustering; not agency uptake coding.
EPA-R08-OAR-2024-0389,EPA-R08-OAR-2024-0389-0471,rg-comment-cluster-f49c5899162c,normalized-text-sha1-plus-regulations-duplicate-count-v1,0.0000,false,0.7839,public_comment_body_present; duplicateComments=1,EPA-R08-OAR-2024-0389-0471,script:build-first-wave-comment-products,Reproducible pre-review clustering; not agency uptake coding.
EPA-R08-OAR-2024-0389,EPA-R08-OAR-2024-0389-0472,rg-comment-cluster-ed3acfbcaee3,normalized-text-sha1-plus-regulations-duplicate-count-v1,1.0000,true,0.6833,public_comment_body_present; duplicateComments=1,EPA-R08-OAR-2024-0389-0074,script:build-first-wave-comment-products,Reproducible pre-review clustering; not agency uptake coding.
EPA-R08-OAR-2024-0389,EPA-R08-OAR-2024-0389-0473,rg-comment-cluster-ed3acfbcaee3,normalized-text-sha1-plus-regulations-duplicate-count-v1,1.0000,true,0.6833,public_comment_body_present; duplicateComments=1,EPA-R08-OAR-2024-0389-0074,script:build-first-wave-comment-products,Reproducible pre-review clustering; not agency uptake coding.
EPA-R08-OAR-2024-0389,EPA-R08-OAR-2024-0389-0474,rg-comment-cluster-ed3acfbcaee3,normalized-text-sha1-plus-regulations-duplicate-count-v1,1.0000,true,0.6833,public_comment_body_present; duplicateComments=1,EPA-R08-OAR-2024-0389-0074,script:build-first-wave-comment-products,Reproducible pre-review clustering; not agency uptake coding.
EPA-R08-OAR-2024-0389,EPA-R08-OAR-2024-0389-0475,rg-comment-cluster-ed3acfbcaee3,normalized-text-sha1-plus-regulations-duplicate-count-v1,1.0000,true,0.6833,public_comment_body_present; duplicateComments=1,EPA-R08-OAR-2024-0389-0074,script:build-first-wave-comment-products,Reproducible pre-review clustering; not agency uptake coding.
EPA-R08-OAR-2024-0389,EPA-R08-OAR-2024-0389-0476,rg-comment-cluster-ed3acfbcaee3,normalized-text-sha1-plus-regulations-duplicate-count-v1,1.0000,true,0.6833,public_comment_body_present; duplicateComments=1,EPA-R08-OAR-2024-0389-0074,script:build-first-wave-comment-products,Reproducible pre-review clustering; not agency uptake coding.
EPA-R08-OAR-2024-0389,EPA-R08-OAR-2024-0389-0477,rg-comment-cluster-ed3acfbcaee3,normalized-text-sha1-plus-regulations-duplicate-count-v1,1.0000,true,0.6833,public_comment_body_present; duplicateComments=1,EPA-R08-OAR-2024-0389-0074,script:build-first-wave-comment-products,Reproducible pre-review clustering; not agency uptake coding.
EPA-R08-OAR-2024-0389,EPA-R08-OAR-2024-0389-0478,rg-comment-cluster-ed3acfbcaee3,normalized-text-sha1-plus-regulations-duplicate-count-v1,1.0000,true,0.6833,public_comment_body_present; duplicateComments=1,EPA-R08-OAR-2024-0389-0074,script:build-first-wave-comment-products,Reproducible pre-review clustering; not agency uptake coding.
EPA-R08-OAR-2024-0389,EPA-R08-OAR-2024-0389-0479,rg-comment-cluster-62cb9be8f5c5,normalized-text-sha1-plus-regulations-duplicate-count-v1,0.0000,false,0.7075,public_comment_body_present; duplicateComments=1,EPA-R08-OAR-2024-0389-0479,script:build-first-wave-comment-products,Reproducible pre-review clustering; not agency uptake coding.
EPA-R08-OAR-2024-0389,EPA-R08-OAR-2024-0389-0480,rg-comment-cluster-a96c0e2de434,normalized-text-sha1-plus-regulations-duplicate-count-v1,0.0000,false,0.6992,public_comment_body_present; duplicateComments=1,EPA-R08-OAR-2024-0389-0480,script:build-first-wave-comment-products,Reproducible pre-review clustering; not agency uptake coding.
EPA-R08-OAR-2024-0389,EPA-R08-OAR-2024-0389-0481,rg-comment-cluster-f770684247ec,normalized-text-sha1-plus-regulations-duplicate-count-v1,0.0000,false,0.7108,public_comment_body_present; duplicateComments=1,EPA-R08-OAR-2024-0389-0481,script:build-first-wave-comment-products,Reproducible pre-review clustering; not agency uptake coding.
EPA-R08-OAR-2024-0389,EPA-R08-OAR-2024-0389-0482,rg-comment-cluster-ed3acfbcaee3,normalized-text-sha1-plus-regulations-duplicate-count-v1,1.0000,true,0.6833,public_comment_body_present; duplicateComments=1,EPA-R08-OAR-2024-0389-0074,script:build-first-wave-comment-products,Reproducible pre-review clustering; not agency uptake coding.
EPA-R08-OAR-2024-0389,EPA-R08-OAR-2024-0389-0483,rg-comment-cluster-ed3acfbcaee3,normalized-text-sha1-plus-regulations-duplicate-count-v1,1.0000,true,0.6833,public_comment_body_present; duplicateComments=1,EPA-R08-OAR-2024-0389-0074,script:build-first-wave-comment-products,Reproducible pre-review clustering; not agency uptake coding.
EPA-R08-OAR-2024-0389,EPA-R08-OAR-2024-0389-0484,rg-comment-cluster-ed3acfbcaee3,normalized-text-sha1-plus-regulations-duplicate-count-v1,1.0000,true,0.6833,public_comment_body_present; duplicateComments=1,EPA-R08-OAR-2024-0389-0074,script:build-first-wave-comment-products,Reproducible pre-review clustering; not agency uptake coding.
EPA-R08-OAR-2024-0389,EPA-R08-OAR-2024-0389-0485,rg-comment-cluster-ce8222bc0b8e,normalized-text-sha1-plus-regulations-duplicate-count-v1,0.0000,false,0.7008,public_comment_body_present; duplicateComments=1,EPA-R08-OAR-2024-0389-0485,script:build-first-wave-comment-products,Reproducible pre-review clustering; not agency uptake coding.
EPA-R08-OAR-2024-0389,EPA-R08-OAR-2024-0389-0486,rg-comment-cluster-ff894a9859a7,normalized-text-sha1-plus-regulations-duplicate-count-v1,0.0000,false,0.6867,public_comment_body_present; duplicateComments=1,EPA-R08-OAR-2024-0389-0486,script:build-first-wave-comment-products,Reproducible pre-review clustering; not agency uptake coding.
EPA-R08-OAR-2024-0389,EPA-R08-OAR-2024-0389-0487,rg-comment-cluster-ed3acfbcaee3,normalized-text-sha1-plus-regulations-duplicate-count-v1,1.0000,true,0.6833,public_comment_body_present; duplicateComments=1,EPA-R08-OAR-2024-0389-0074,script:build-first-wave-comment-products,Reproducible pre-review clustering; not agency uptake coding.
EPA-R08-OAR-2024-0389,EPA-R08-OAR-2024-0389-0488,rg-comment-cluster-ed3acfbcaee3,normalized-text-sha1-plus-regulations-duplicate-count-v1,1.0000,true,0.6833,public_comment_body_present; duplicateComments=1,EPA-R08-OAR-2024-0389-0074,script:build-first-wave-comment-products,Reproducible pre-review clustering; not agency uptake coding.
EPA-R08-OAR-2024-0389,EPA-R08-OAR-2024-0389-0489,rg-comment-cluster-20b7e7771c71,normalized-text-sha1-plus-regulations-duplicate-count-v1,0.0000,false,0.6933,public_comment_body_present; duplicateComments=1,EPA-R08-OAR-2024-0389-0489,script:build-first-wave-comment-products,Reproducible pre-review clustering; not agency uptake coding.
EPA-R08-OAR-2024-0389,EPA-R08-OAR-2024-0389-0490,rg-comment-cluster-ddf2b683486f,normalized-text-sha1-plus-regulations-duplicate-count-v1,0.0000,false,0.6925,public_comment_body_present; duplicateComments=1,EPA-R08-OAR-2024-0389-0490,script:build-first-wave-comment-products,Reproducible pre-review clustering; not agency uptake coding.
EPA-R08-OAR-2024-0389,EPA-R08-OAR-2024-0389-0491,rg-comment-cluster-ffc2f3297229,normalized-text-sha1-plus-regulations-duplicate-count-v1,0.0000,false,0.6950,public_comment_body_present; duplicateComments=1,EPA-R08-OAR-2024-0389-0491,script:build-first-wave-comment-products,Reproducible pre-review clustering; not agency uptake coding.
EPA-R08-OAR-2024-0389,EPA-R08-OAR-2024-0389-0492,rg-comment-cluster-ed3acfbcaee3,normalized-text-sha1-plus-regulations-duplicate-count-v1,1.0000,true,0.6833,public_comment_body_present; duplicateComments=1,EPA-R08-OAR-2024-0389-0074,script:build-first-wave-comment-products,Reproducible pre-review clustering; not agency uptake coding.
EPA-R08-OAR-2024-0389,EPA-R08-OAR-2024-0389-0493,rg-comment-cluster-ed3acfbcaee3,normalized-text-sha1-plus-regulations-duplicate-count-v1,1.0000,true,0.6833,public_comment_body_present; duplicateComments=1,EPA-R08-OAR-2024-0389-0074,script:build-first-wave-comment-products,Reproducible pre-review clustering; not agency uptake coding.
EPA-R08-OAR-2024-0389,EPA-R08-OAR-2024-0389-0494,rg-comment-cluster-ed3acfbcaee3,normalized-text-sha1-plus-regulations-duplicate-count-v1,1.0000,true,0.6833,public_comment_body_present; duplicateComments=1,EPA-R08-OAR-2024-0389-0074,script:build-first-wave-comment-products,Reproducible pre-review clustering; not agency uptake coding.
EPA-R08-OAR-2024-0389,EPA-R08-OAR-2024-0389-0495,rg-comment-cluster-ed3acfbcaee3,normalized-text-sha1-plus-regulations-duplicate-count-v1,1.0000,true,0.6833,public_comment_body_present; duplicateComments=1,EPA-R08-OAR-2024-0389-0074,script:build-first-wave-comment-products,Reproducible pre-review clustering; not agency uptake coding.
EPA-R08-OAR-2024-0389,EPA-R08-OAR-2024-0389-0496,rg-comment-cluster-ed3acfbcaee3,normalized-text-sha1-plus-regulations-duplicate-count-v1,1.0000,true,0.6833,public_comment_body_present; duplicateComments=1,EPA-R08-OAR-2024-0389-0074,script:build-first-wave-comment-products,Reproducible pre-review clustering; not agency uptake coding.
EPA-R08-OAR-2024-0389,EPA-R08-OAR-2024-0389-0497,rg-comment-cluster-ed3acfbcaee3,normalized-text-sha1-plus-regulations-duplicate-count-v1,1.0000,true,0.6833,public_comment_body_present; duplicateComments=1,EPA-R08-OAR-2024-0389-0074,script:build-first-wave-comment-products,Reproducible pre-review clustering; not agency uptake coding.
EPA-R08-OAR-2024-0389,EPA-R08-OAR-2024-0389-0498,rg-comment-cluster-ed3acfbcaee3,normalized-text-sha1-plus-regulations-duplicate-count-v1,1.0000,true,0.6833,public_comment_body_present; duplicateComments=1,EPA-R08-OAR-2024-0389-0074,script:build-first-wave-comment-products,Reproducible pre-review clustering; not agency uptake coding.
EPA-R08-OAR-2024-0389,EPA-R08-OAR-2024-0389-0499,rg-comment-cluster-f858cedba1ec,normalized-text-sha1-plus-regulations-duplicate-count-v1,0.0000,false,0.7008,public_comment_body_present; duplicateComments=1,EPA-R08-OAR-2024-0389-0499,script:build-first-wave-comment-products,Reproducible pre-review clustering; not agency uptake coding.
EPA-R08-OAR-2024-0389,EPA-R08-OAR-2024-0389-0500,rg-comment-cluster-d9bb4637ea2c,normalized-text-sha1-plus-regulations-duplicate-count-v1,0.0000,false,0.6892,public_comment_body_present; duplicateComments=1,EPA-R08-OAR-2024-0389-0500,script:build-first-wave-comment-products,Reproducible pre-review clustering; not agency uptake coding.
EPA-R08-OAR-2024-0389,EPA-R08-OAR-2024-0389-0501,rg-comment-cluster-572d4c9f2ed6,normalized-text-sha1-plus-regulations-duplicate-count-v1,0.0000,false,0.7647,public_comment_body_present; duplicateComments=1,EPA-R08-OAR-2024-0389-0501,script:build-first-wave-comment-products,Reproducible pre-review clustering; not agency uptake coding.
EPA-R08-OAR-2024-0389,EPA-R08-OAR-2024-0389-0502,rg-comment-cluster-ed3acfbcaee3,normalized-text-sha1-plus-regulations-duplicate-count-v1,1.0000,true,0.6833,public_comment_body_present; duplicateComments=1,EPA-R08-OAR-2024-0389-0074,script:build-first-wave-comment-products,Reproducible pre-review clustering; not agency uptake coding.
EPA-R08-OAR-2024-0389,EPA-R08-OAR-2024-0389-0503,rg-comment-cluster-ceb2afd1fcf3,normalized-text-sha1-plus-regulations-duplicate-count-v1,0.0000,false,0.6858,public_comment_body_present; duplicateComments=1,EPA-R08-OAR-2024-0389-0503,script:build-first-wave-comment-products,Reproducible pre-review clustering; not agency uptake coding.
EPA-R08-OAR-2024-0389,EPA-R08-OAR-2024-0389-0504,rg-comment-cluster-ed3acfbcaee3,normalized-text-sha1-plus-regulations-duplicate-count-v1,1.0000,true,0.6833,public_comment_body_present; duplicateComments=1,EPA-R08-OAR-2024-0389-0074,script:build-first-wave-comment-products,Reproducible pre-review clustering; not agency uptake coding.
EPA-R08-OAR-2024-0389,EPA-R08-OAR-2024-0389-0505,rg-comment-cluster-dc2f09f92ae3,normalized-text-sha1-plus-regulations-duplicate-count-v1,0.0000,false,0.7125,public_comment_body_present; duplicateComments=1,EPA-R08-OAR-2024-0389-0505,script:build-first-wave-comment-products,Reproducible pre-review clustering; not agency uptake coding.
EPA-R08-OAR-2024-0389,EPA-R08-OAR-2024-0389-0506,rg-comment-cluster-ed3acfbcaee3,normalized-text-sha1-plus-regulations-duplicate-count-v1,1.0000,true,0.6833,public_comment_body_present; duplicateComments=1,EPA-R08-OAR-2024-0389-0074,script:build-first-wave-comment-products,Reproducible pre-review clustering; not agency uptake coding.
EPA-R08-OAR-2024-0389,EPA-R08-OAR-2024-0389-0507,rg-comment-cluster-ed3acfbcaee3,normalized-text-sha1-plus-regulations-duplicate-count-v1,1.0000,true,0.6833,public_comment_body_present; duplicateComments=1,EPA-R08-OAR-2024-0389-0074,script:build-first-wave-comment-products,Reproducible pre-review clustering; not agency uptake coding.
EPA-R08-OAR-2024-0389,EPA-R08-OAR-2024-0389-0508,rg-comment-cluster-ed3acfbcaee3,normalized-text-sha1-plus-regulations-duplicate-count-v1,1.0000,true,0.6833,public_comment_body_present; duplicateComments=1,EPA-R08-OAR-2024-0389-0074,script:build-first-wave-comment-products,Reproducible pre-review clustering; not agency uptake coding.
EPA-R08-OAR-2024-0389,EPA-R08-OAR-2024-0389-0509,rg-comment-cluster-ed3acfbcaee3,normalized-text-sha1-plus-regulations-duplicate-count-v1,1.0000,true,0.6833,public_comment_body_present; duplicateComments=1,EPA-R08-OAR-2024-0389-0074,script:build-first-wave-comment-products,Reproducible pre-review clustering; not agency uptake coding.
EPA-R08-OAR-2024-0389,EPA-R08-OAR-2024-0389-0510,rg-comment-cluster-ed3acfbcaee3,normalized-text-sha1-plus-regulations-duplicate-count-v1,1.0000,true,0.6833,public_comment_body_present; duplicateComments=1,EPA-R08-OAR-2024-0389-0074,script:build-first-wave-comment-products,Reproducible pre-review clustering; not agency uptake coding.
EPA-R08-OAR-2024-0389,EPA-R08-OAR-2024-0389-0511,rg-comment-cluster-ed3acfbcaee3,normalized-text-sha1-plus-regulations-duplicate-count-v1,1.0000,true,0.6833,public_comment_body_present; duplicateComments=1,EPA-R08-OAR-2024-0389-0074,script:build-first-wave-comment-products,Reproducible pre-review clustering; not agency uptake coding.
EPA-R08-OAR-2024-0389,EPA-R08-OAR-2024-0389-0512,rg-comment-cluster-16095b76c8f3,normalized-text-sha1-plus-regulations-duplicate-count-v1,0.0000,false,0.7664,public_comment_body_present; duplicateComments=1,EPA-R08-OAR-2024-0389-0512,script:build-first-wave-comment-products,Reproducible pre-review clustering; not agency uptake coding.
EPA-R08-OAR-2024-0389,EPA-R08-OAR-2024-0389-0513,rg-comment-cluster-75c7d81ed945,normalized-text-sha1-plus-regulations-duplicate-count-v1,0.0000,false,0.6950,public_comment_body_present; duplicateComments=1,EPA-R08-OAR-2024-0389-0513,script:build-first-wave-comment-products,Reproducible pre-review clustering; not agency uptake coding.
EPA-R08-OAR-2024-0389,EPA-R08-OAR-2024-0389-0514,rg-comment-cluster-ed3acfbcaee3,normalized-text-sha1-plus-regulations-duplicate-count-v1,1.0000,true,0.6833,public_comment_body_present; duplicateComments=1,EPA-R08-OAR-2024-0389-0074,script:build-first-wave-comment-products,Reproducible pre-review clustering; not agency uptake coding.
EPA-R08-OAR-2024-0389,EPA-R08-OAR-2024-0389-0515,rg-comment-cluster-cea4721ebd2a,normalized-text-sha1-plus-regulations-duplicate-count-v1,0.0000,false,0.7008,public_comment_body_present; duplicateComments=1,EPA-R08-OAR-2024-0389-0515,script:build-first-wave-comment-products,Reproducible pre-review clustering; not agency uptake coding.
EPA-R08-OAR-2024-0389,EPA-R08-OAR-2024-0389-0516,rg-comment-cluster-73800ffd7248,normalized-text-sha1-plus-regulations-duplicate-count-v1,0.0000,false,0.6950,public_comment_body_present; duplicateComments=1,EPA-R08-OAR-2024-0389-0516,script:build-first-wave-comment-products,Reproducible pre-review clustering; not agency uptake coding.
EPA-R08-OAR-2024-0389,EPA-R08-OAR-2024-0389-0517,rg-comment-cluster-ed3acfbcaee3,normalized-text-sha1-plus-regulations-duplicate-count-v1,1.0000,true,0.6833,public_comment_body_present; duplicateComments=1,EPA-R08-OAR-2024-0389-0074,script:build-first-wave-comment-products,Reproducible pre-review clustering; not agency uptake coding.
EPA-R08-OAR-2024-0389,EPA-R08-OAR-2024-0389-0518,rg-comment-cluster-2f881395eb0d,normalized-text-sha1-plus-regulations-duplicate-count-v1,0.0000,false,0.6867,public_comment_body_present; duplicateComments=1,EPA-R08-OAR-2024-0389-0518,script:build-first-wave-comment-products,Reproducible pre-review clustering; not agency uptake coding.
EPA-R08-OAR-2024-0389,EPA-R08-OAR-2024-0389-0519,rg-comment-cluster-ed3acfbcaee3,normalized-text-sha1-plus-regulations-duplicate-count-v1,1.0000,true,0.6833,public_comment_body_present; duplicateComments=1,EPA-R08-OAR-2024-0389-0074,script:build-first-wave-comment-products,Reproducible pre-review clustering; not agency uptake coding.
EPA-R08-OAR-2024-0389,EPA-R08-OAR-2024-0389-0520,rg-comment-cluster-7e3a5409bb00,normalized-text-sha1-plus-regulations-duplicate-count-v1,0.0000,false,0.6925,public_comment_body_present; duplicateComments=1,EPA-R08-OAR-2024-0389-0520,script:build-first-wave-comment-products,Reproducible pre-review clustering; not agency uptake coding.
EPA-R08-OAR-2024-0389,EPA-R08-OAR-2024-0389-0521,rg-comment-cluster-ed3acfbcaee3,normalized-text-sha1-plus-regulations-duplicate-count-v1,1.0000,true,0.6833,public_comment_body_present; duplicateComments=1,EPA-R08-OAR-2024-0389-0074,script:build-first-wave-comment-products,Reproducible pre-review clustering; not agency uptake coding.
EPA-R08-OAR-2024-0389,EPA-R08-OAR-2024-0389-0522,rg-comment-cluster-ed3acfbcaee3,normalized-text-sha1-plus-regulations-duplicate-count-v1,1.0000,true,0.6833,public_comment_body_present; duplicateComments=1,EPA-R08-OAR-2024-0389-0074,script:build-first-wave-comment-products,Reproducible pre-review clustering; not agency uptake coding.
EPA-R08-OAR-2024-0389,EPA-R08-OAR-2024-0389-0523,rg-comment-cluster-ed3acfbcaee3,normalized-text-sha1-plus-regulations-duplicate-count-v1,1.0000,true,0.6833,public_comment_body_present; duplicateComments=1,EPA-R08-OAR-2024-0389-0074,script:build-first-wave-comment-products,Reproducible pre-review clustering; not agency uptake coding.
EPA-R08-OAR-2024-0389,EPA-R08-OAR-2024-0389-0524,rg-comment-cluster-ed3acfbcaee3,normalized-text-sha1-plus-regulations-duplicate-count-v1,1.0000,true,0.6833,public_comment_body_present; duplicateComments=1,EPA-R08-OAR-2024-0389-0074,script:build-first-wave-comment-products,Reproducible pre-review clustering; not agency uptake coding.
EPA-R08-OAR-2024-0389,EPA-R08-OAR-2024-0389-0525,rg-comment-cluster-15d3319dc9e5,normalized-text-sha1-plus-regulations-duplicate-count-v1,0.0000,false,0.7058,public_comment_body_present; duplicateComments=1,EPA-R08-OAR-2024-0389-0525,script:build-first-wave-comment-products,Reproducible pre-review clustering; not agency uptake coding.
EPA-R08-OAR-2024-0389,EPA-R08-OAR-2024-0389-0526,rg-comment-cluster-1e017273eaaf,normalized-text-sha1-plus-regulations-duplicate-count-v1,0.0000,false,0.6917,public_comment_body_present; duplicateComments=1,EPA-R08-OAR-2024-0389-0526,script:build-first-wave-comment-products,Reproducible pre-review clustering; not agency uptake coding.
EPA-R08-OAR-2024-0389,EPA-R08-OAR-2024-0389-0527,rg-comment-cluster-ed3acfbcaee3,normalized-text-sha1-plus-regulations-duplicate-count-v1,1.0000,true,0.6833,public_comment_body_present; duplicateComments=1,EPA-R08-OAR-2024-0389-0074,script:build-first-wave-comment-products,Reproducible pre-review clustering; not agency uptake coding.
EPA-R08-OAR-2024-0389,EPA-R08-OAR-2024-0389-0528,rg-comment-cluster-ed3acfbcaee3,normalized-text-sha1-plus-regulations-duplicate-count-v1,1.0000,true,0.6833,public_comment_body_present; duplicateComments=1,EPA-R08-OAR-2024-0389-0074,script:build-first-wave-comment-products,Reproducible pre-review clustering; not agency uptake coding.
EPA-R08-OAR-2024-0389,EPA-R08-OAR-2024-0389-0529,rg-comment-cluster-ed3acfbcaee3,normalized-text-sha1-plus-regulations-duplicate-count-v1,1.0000,true,0.6833,public_comment_body_present; duplicateComments=1,EPA-R08-OAR-2024-0389-0074,script:build-first-wave-comment-products,Reproducible pre-review clustering; not agency uptake coding.
EPA-R08-OAR-2024-0389,EPA-R08-OAR-2024-0389-0530,rg-comment-cluster-d5f521d99852,normalized-text-sha1-plus-regulations-duplicate-count-v1,0.0000,false,0.6900,public_comment_body_present; duplicateComments=1,EPA-R08-OAR-2024-0389-0530,script:build-first-wave-comment-products,Reproducible pre-review clustering; not agency uptake coding.
EPA-R08-OAR-2024-0389,EPA-R08-OAR-2024-0389-0531,rg-comment-cluster-c4fa527ba80e,normalized-text-sha1-plus-regulations-duplicate-count-v1,0.0000,false,0.7489,public_comment_body_present; duplicateComments=1,EPA-R08-OAR-2024-0389-0531,script:build-first-wave-comment-products,Reproducible pre-review clustering; not agency uptake coding.
EPA-R08-OAR-2024-0389,EPA-R08-OAR-2024-0389-0532,rg-comment-cluster-ed3acfbcaee3,normalized-text-sha1-plus-regulations-duplicate-count-v1,1.0000,true,0.6833,public_comment_body_present; duplicateComments=1,EPA-R08-OAR-2024-0389-0074,script:build-first-wave-comment-products,Reproducible pre-review clustering; not agency uptake coding.
EPA-R08-OAR-2024-0389,EPA-R08-OAR-2024-0389-0533,rg-comment-cluster-ed3acfbcaee3,normalized-text-sha1-plus-regulations-duplicate-count-v1,1.0000,true,0.6833,public_comment_body_present; duplicateComments=1,EPA-R08-OAR-2024-0389-0074,script:build-first-wave-comment-products,Reproducible pre-review clustering; not agency uptake coding.
EPA-R08-OAR-2024-0389,EPA-R08-OAR-2024-0389-0534,rg-comment-cluster-dc58d1060d82,normalized-text-sha1-plus-regulations-duplicate-count-v1,0.0000,false,0.7547,public_comment_body_present; duplicateComments=1,EPA-R08-OAR-2024-0389-0534,script:build-first-wave-comment-products,Reproducible pre-review clustering; not agency uptake coding.
EPA-R08-OAR-2024-0389,EPA-R08-OAR-2024-0389-0535,rg-comment-cluster-ebfb0629dd76,normalized-text-sha1-plus-regulations-duplicate-count-v1,0.0000,false,0.6867,public_comment_body_present; duplicateComments=1,EPA-R08-OAR-2024-0389-0535,script:build-first-wave-comment-products,Reproducible pre-review clustering; not agency uptake coding.
EPA-R08-OAR-2024-0389,EPA-R08-OAR-2024-0389-0536,rg-comment-cluster-ed3acfbcaee3,normalized-text-sha1-plus-regulations-duplicate-count-v1,1.0000,true,0.6833,public_comment_body_present; duplicateComments=1,EPA-R08-OAR-2024-0389-0074,script:build-first-wave-comment-products,Reproducible pre-review clustering; not agency uptake coding.
EPA-R08-OAR-2024-0389,EPA-R08-OAR-2024-0389-0537,rg-comment-cluster-ed3acfbcaee3,normalized-text-sha1-plus-regulations-duplicate-count-v1,1.0000,true,0.6833,public_comment_body_present; duplicateComments=1,EPA-R08-OAR-2024-0389-0074,script:build-first-wave-comment-products,Reproducible pre-review clustering; not agency uptake coding.
EPA-R08-OAR-2024-0389,EPA-R08-OAR-2024-0389-0538,rg-comment-cluster-ed3acfbcaee3,normalized-text-sha1-plus-regulations-duplicate-count-v1,1.0000,true,0.6833,public_comment_body_present; duplicateComments=1,EPA-R08-OAR-2024-0389-0074,script:build-first-wave-comment-products,Reproducible pre-review clustering; not agency uptake coding.
EPA-R08-OAR-2024-0389,EPA-R08-OAR-2024-0389-0539,rg-comment-cluster-ed3acfbcaee3,normalized-text-sha1-plus-regulations-duplicate-count-v1,1.0000,true,0.6833,public_comment_body_present; duplicateComments=1,EPA-R08-OAR-2024-0389-0074,script:build-first-wave-comment-products,Reproducible pre-review clustering; not agency uptake coding.
EPA-R08-OAR-2024-0389,EPA-R08-OAR-2024-0389-0540,rg-comment-cluster-de9de485b672,normalized-text-sha1-plus-regulations-duplicate-count-v1,0.0000,false,0.7117,public_comment_body_present; duplicateComments=1,EPA-R08-OAR-2024-0389-0540,script:build-first-wave-comment-products,Reproducible pre-review clustering; not agency uptake coding.
EPA-R08-OAR-2024-0389,EPA-R08-OAR-2024-0389-0541,rg-comment-cluster-b23dedd58b45,normalized-text-sha1-plus-regulations-duplicate-count-v1,0.0000,false,0.6900,public_comment_body_present; duplicateComments=1,EPA-R08-OAR-2024-0389-0541,script:build-first-wave-comment-products,Reproducible pre-review clustering; not agency uptake coding.
EPA-R08-OAR-2024-0389,EPA-R08-OAR-2024-0389-0542,rg-comment-cluster-ed3acfbcaee3,normalized-text-sha1-plus-regulations-duplicate-count-v1,1.0000,true,0.6833,public_comment_body_present; duplicateComments=1,EPA-R08-OAR-2024-0389-0074,script:build-first-wave-comment-products,Reproducible pre-review clustering; not agency uptake coding.
EPA-R08-OAR-2024-0389,EPA-R08-OAR-2024-0389-0543,rg-comment-cluster-c290697e75de,normalized-text-sha1-plus-regulations-duplicate-count-v1,0.0000,false,0.6958,public_comment_body_present; duplicateComments=1,EPA-R08-OAR-2024-0389-0543,script:build-first-wave-comment-products,Reproducible pre-review clustering; not agency uptake coding.
EPA-R08-OAR-2024-0389,EPA-R08-OAR-2024-0389-0544,rg-comment-cluster-a47ac9ebfa3d,normalized-text-sha1-plus-regulations-duplicate-count-v1,0.0000,false,0.6975,public_comment_body_present; duplicateComments=1,EPA-R08-OAR-2024-0389-0544,script:build-first-wave-comment-products,Reproducible pre-review clustering; not agency uptake coding.
EPA-R08-OAR-2024-0389,EPA-R08-OAR-2024-0389-0545,rg-comment-cluster-68b3f6648cee,normalized-text-sha1-plus-regulations-duplicate-count-v1,0.0000,false,0.6867,public_comment_body_present; duplicateComments=1,EPA-R08-OAR-2024-0389-0545,script:build-first-wave-comment-products,Reproducible pre-review clustering; not agency uptake coding.
EPA-R08-OAR-2024-0389,EPA-R08-OAR-2024-0389-0546,rg-comment-cluster-ed3acfbcaee3,normalized-text-sha1-plus-regulations-duplicate-count-v1,1.0000,true,0.6833,public_comment_body_present; duplicateComments=1,EPA-R08-OAR-2024-0389-0074,script:build-first-wave-comment-products,Reproducible pre-review clustering; not agency uptake coding.
EPA-R08-OAR-2024-0389,EPA-R08-OAR-2024-0389-0547,rg-comment-cluster-ed3acfbcaee3,normalized-text-sha1-plus-regulations-duplicate-count-v1,1.0000,true,0.6833,public_comment_body_present; duplicateComments=1,EPA-R08-OAR-2024-0389-0074,script:build-first-wave-comment-products,Reproducible pre-review clustering; not agency uptake coding.
EPA-R08-OAR-2024-0389,EPA-R08-OAR-2024-0389-0548,rg-comment-cluster-a56493405d2d,normalized-text-sha1-plus-regulations-duplicate-count-v1,0.0000,false,0.6933,public_comment_body_present; duplicateComments=1,EPA-R08-OAR-2024-0389-0548,script:build-first-wave-comment-products,Reproducible pre-review clustering; not agency uptake coding.
EPA-R08-OAR-2024-0389,EPA-R08-OAR-2024-0389-0549,rg-comment-cluster-ed3acfbcaee3,normalized-text-sha1-plus-regulations-duplicate-count-v1,1.0000,true,0.6833,public_comment_body_present; duplicateComments=1,EPA-R08-OAR-2024-0389-0074,script:build-first-wave-comment-products,Reproducible pre-review clustering; not agency uptake coding.
EPA-R08-OAR-2024-0389,EPA-R08-OAR-2024-0389-0550,rg-comment-cluster-ed3acfbcaee3,normalized-text-sha1-plus-regulations-duplicate-count-v1,1.0000,true,0.6833,public_comment_body_present; duplicateComments=1,EPA-R08-OAR-2024-0389-0074,script:build-first-wave-comment-products,Reproducible pre-review clustering; not agency uptake coding.
EPA-R08-OAR-2024-0389,EPA-R08-OAR-2024-0389-0551,rg-comment-cluster-ed3acfbcaee3,normalized-text-sha1-plus-regulations-duplicate-count-v1,1.0000,true,0.6833,public_comment_body_present; duplicateComments=1,EPA-R08-OAR-2024-0389-0074,script:build-first-wave-comment-products,Reproducible pre-review clustering; not agency uptake coding.
EPA-R08-OAR-2024-0389,EPA-R08-OAR-2024-0389-0552,rg-comment-cluster-c0f180e5dc5a,normalized-text-sha1-plus-regulations-duplicate-count-v1,0.0000,false,0.6808,public_comment_body_present; duplicateComments=1,EPA-R08-OAR-2024-0389-0552,script:build-first-wave-comment-products,Reproducible pre-review clustering; not agency uptake coding.
EPA-R08-OAR-2024-0389,EPA-R08-OAR-2024-0389-0553,rg-comment-cluster-ed3acfbcaee3,normalized-text-sha1-plus-regulations-duplicate-count-v1,1.0000,true,0.6833,public_comment_body_present; duplicateComments=1,EPA-R08-OAR-2024-0389-0074,script:build-first-wave-comment-products,Reproducible pre-review clustering; not agency uptake coding.
EPA-R08-OAR-2024-0389,EPA-R08-OAR-2024-0389-0554,rg-comment-cluster-ed3acfbcaee3,normalized-text-sha1-plus-regulations-duplicate-count-v1,1.0000,true,0.6833,public_comment_body_present; duplicateComments=1,EPA-R08-OAR-2024-0389-0074,script:build-first-wave-comment-products,Reproducible pre-review clustering; not agency uptake coding.
EPA-R08-OAR-2024-0389,EPA-R08-OAR-2024-0389-0555,rg-comment-cluster-ed3acfbcaee3,normalized-text-sha1-plus-regulations-duplicate-count-v1,1.0000,true,0.6833,public_comment_body_present; duplicateComments=1,EPA-R08-OAR-2024-0389-0074,script:build-first-wave-comment-products,Reproducible pre-review clustering; not agency uptake coding.
EPA-R08-OAR-2024-0389,EPA-R08-OAR-2024-0389-0556,rg-comment-cluster-181a157007a6,normalized-text-sha1-plus-regulations-duplicate-count-v1,0.0000,false,0.7956,public_comment_body_present; duplicateComments=1,EPA-R08-OAR-2024-0389-0556,script:build-first-wave-comment-products,Reproducible pre-review clustering; not agency uptake coding.
EPA-R08-OAR-2024-0389,EPA-R08-OAR-2024-0389-0557,rg-comment-cluster-ed3acfbcaee3,normalized-text-sha1-plus-regulations-duplicate-count-v1,1.0000,true,0.6833,public_comment_body_present; duplicateComments=1,EPA-R08-OAR-2024-0389-0074,script:build-first-wave-comment-products,Reproducible pre-review clustering; not agency uptake coding.
EPA-R08-OAR-2024-0389,EPA-R08-OAR-2024-0389-0558,rg-comment-cluster-ed3acfbcaee3,normalized-text-sha1-plus-regulations-duplicate-count-v1,1.0000,true,0.6833,public_comment_body_present; duplicateComments=1,EPA-R08-OAR-2024-0389-0074,script:build-first-wave-comment-products,Reproducible pre-review clustering; not agency uptake coding.
EPA-R08-OAR-2024-0389,EPA-R08-OAR-2024-0389-0559,rg-comment-cluster-ed3acfbcaee3,normalized-text-sha1-plus-regulations-duplicate-count-v1,1.0000,true,0.6833,public_comment_body_present; duplicateComments=1,EPA-R08-OAR-2024-0389-0074,script:build-first-wave-comment-products,Reproducible pre-review clustering; not agency uptake coding.
EPA-R08-OAR-2024-0389,EPA-R08-OAR-2024-0389-0560,rg-comment-cluster-50fab6bad843,normalized-text-sha1-plus-regulations-duplicate-count-v1,0.0000,false,0.7233,public_comment_body_present; duplicateComments=1,EPA-R08-OAR-2024-0389-0560,script:build-first-wave-comment-products,Reproducible pre-review clustering; not agency uptake coding.
EPA-R08-OAR-2024-0389,EPA-R08-OAR-2024-0389-0561,rg-comment-cluster-ed3acfbcaee3,normalized-text-sha1-plus-regulations-duplicate-count-v1,1.0000,true,0.6833,public_comment_body_present; duplicateComments=1,EPA-R08-OAR-2024-0389-0074,script:build-first-wave-comment-products,Reproducible pre-review clustering; not agency uptake coding.
EPA-R08-OAR-2024-0389,EPA-R08-OAR-2024-0389-0562,rg-comment-cluster-0c46d75f80d4,normalized-text-sha1-plus-regulations-duplicate-count-v1,0.0000,false,0.7033,public_comment_body_present; duplicateComments=1,EPA-R08-OAR-2024-0389-0562,script:build-first-wave-comment-products,Reproducible pre-review clustering; not agency uptake coding.
EPA-R08-OAR-2024-0389,EPA-R08-OAR-2024-0389-0563,rg-comment-cluster-ed3acfbcaee3,normalized-text-sha1-plus-regulations-duplicate-count-v1,1.0000,true,0.6833,public_comment_body_present; duplicateComments=1,EPA-R08-OAR-2024-0389-0074,script:build-first-wave-comment-products,Reproducible pre-review clustering; not agency uptake coding.
EPA-R08-OAR-2024-0389,EPA-R08-OAR-2024-0389-0564,rg-comment-cluster-ed3acfbcaee3,normalized-text-sha1-plus-regulations-duplicate-count-v1,1.0000,true,0.6833,public_comment_body_present; duplicateComments=1,EPA-R08-OAR-2024-0389-0074,script:build-first-wave-comment-products,Reproducible pre-review clustering; not agency uptake coding.
EPA-R08-OAR-2024-0389,EPA-R08-OAR-2024-0389-0565,rg-comment-cluster-ed3acfbcaee3,normalized-text-sha1-plus-regulations-duplicate-count-v1,1.0000,true,0.6833,public_comment_body_present; duplicateComments=1,EPA-R08-OAR-2024-0389-0074,script:build-first-wave-comment-products,Reproducible pre-review clustering; not agency uptake coding.
EPA-R08-OAR-2024-0389,EPA-R08-OAR-2024-0389-0566,rg-comment-cluster-f05aa4ac7398,normalized-text-sha1-plus-regulations-duplicate-count-v1,0.0000,false,0.6900,public_comment_body_present; duplicateComments=1,EPA-R08-OAR-2024-0389-0566,script:build-first-wave-comment-products,Reproducible pre-review clustering; not agency uptake coding.
EPA-R08-OAR-2024-0389,EPA-R08-OAR-2024-0389-0567,rg-comment-cluster-f630ef6435d6,normalized-text-sha1-plus-regulations-duplicate-count-v1,0.0000,false,0.6950,public_comment_body_present; duplicateComments=1,EPA-R08-OAR-2024-0389-0567,script:build-first-wave-comment-products,Reproducible pre-review clustering; not agency uptake coding.
EPA-R08-OAR-2024-0389,EPA-R08-OAR-2024-0389-0568,rg-comment-cluster-ed3acfbcaee3,normalized-text-sha1-plus-regulations-duplicate-count-v1,1.0000,true,0.6833,public_comment_body_present; duplicateComments=1,EPA-R08-OAR-2024-0389-0074,script:build-first-wave-comment-products,Reproducible pre-review clustering; not agency uptake coding.
EPA-R08-OAR-2024-0389,EPA-R08-OAR-2024-0389-0569,rg-comment-cluster-a8a2c9fdf956,normalized-text-sha1-plus-regulations-duplicate-count-v1,0.0000,false,0.8081,public_comment_body_present; duplicateComments=1,EPA-R08-OAR-2024-0389-0569,script:build-first-wave-comment-products,Reproducible pre-review clustering; not agency uptake coding.
EPA-R08-OAR-2024-0389,EPA-R08-OAR-2024-0389-0570,rg-comment-cluster-ed3acfbcaee3,normalized-text-sha1-plus-regulations-duplicate-count-v1,1.0000,true,0.6833,public_comment_body_present; duplicateComments=1,EPA-R08-OAR-2024-0389-0074,script:build-first-wave-comment-products,Reproducible pre-review clustering; not agency uptake coding.
EPA-R08-OAR-2024-0389,EPA-R08-OAR-2024-0389-0571,rg-comment-cluster-ed3acfbcaee3,normalized-text-sha1-plus-regulations-duplicate-count-v1,1.0000,true,0.6833,public_comment_body_present; duplicateComments=1,EPA-R08-OAR-2024-0389-0074,script:build-first-wave-comment-products,Reproducible pre-review clustering; not agency uptake coding.
EPA-R08-OAR-2024-0389,EPA-R08-OAR-2024-0389-0572,rg-comment-cluster-ed3acfbcaee3,normalized-text-sha1-plus-regulations-duplicate-count-v1,1.0000,true,0.6833,public_comment_body_present; duplicateComments=1,EPA-R08-OAR-2024-0389-0074,script:build-first-wave-comment-products,Reproducible pre-review clustering; not agency uptake coding.
