docketId,commentId,submitterName,organization,postedDate,bodyText,sourceUrl,attachmentText,withdrawn,notes
EPA-R08-OAR-2024-0389,EPA-R08-OAR-2024-0389-0073,Anonymous public comment,not provided by public Regulations.gov fields,2024-10-09T04:00:00Z,"I reccommend exercising maximum penalties on the state of Utah government for it's failure over decades to clean the air. Utah government does not accept the responsibility of providing a safe environment to the citizens of Utah. The air is a health hazard and now because of uncontrolled development there is a shortage of water.
Clearly the state government is unable or unwilling to govern responsibly, and penalties necessary to help correct the threat.",https://www.regulations.gov/comment/EPA-R08-OAR-2024-0389-0073,,false,source=Regulations.gov v4 comment detail; retrievedAt=2026-09-12T18:11:40+00:00; commentOnDocumentId=EPA-R08-OAR-2024-0389-0001; duplicateComments=1; organizationMissing=true
EPA-R08-OAR-2024-0389,EPA-R08-OAR-2024-0389-0074,joe Futterer,not provided by public Regulations.gov fields,2024-10-09T04:00:00Z,"Wyoming and Utah have submitted Regional Haze State Implementation Plans with no proposed pollution reductions, allowing some of the nation's biggest polluters to remain uncontrolled for nitrogen oxide, sulfur dioxide, and other pollutants when common-sense controls exist that could significantly cut those emissions.
EPAs proposed disapprovals of these do-nothing state plans are a critical first step to protect air quality, both in national parks and our communities. I urge EPA to finalize its proposed disapprovals and act quickly to implement plans that will result in real pollution reductions.
In Utah, EPA analysis shows that installing selective catalytic reduction (SCR) on Hunter and Huntington coal plants would be cost-effective and provide massive visibility benefits for Utahs national parks. These plants have avoided pollution reductions for decades. Now is the time for EPA to act.
Similarly, in Wyoming, the state failed to even consider pollution controls at the states largest polluters, including Jim Bridger, Naughton, Dave Johnston, and Wyodak coal plants. Each of these facilities could install cost-effective pollution controls, including SCRs, that would result in significant air-quality improvements across the state.
Please finalize the proposed disapprovals of Utah and Wyomings do-nothing plans and require enforceable pollution reductions, including SCR installation, on our states' biggest polluters Hunter, Huntington, Jim Bridger, Naughton, Dave Johnston, and Wyodak.",https://www.regulations.gov/comment/EPA-R08-OAR-2024-0389-0074,,false,source=Regulations.gov v4 comment detail; retrievedAt=2026-09-12T18:11:40+00:00; commentOnDocumentId=EPA-R08-OAR-2024-0389-0001; duplicateComments=1; organizationMissing=true
EPA-R08-OAR-2024-0389,EPA-R08-OAR-2024-0389-0075,Mark Hayduke Grenard,not provided by public Regulations.gov fields,2024-10-09T04:00:00Z,"Wyoming and Utah have submitted Regional Haze State Implementation Plans with no proposed pollution reductions, allowing some of the nation's biggest polluters to remain uncontrolled for nitrogen oxide, sulfur dioxide, and other pollutants when common-sense controls exist that could significantly cut those emissions.
EPAs proposed disapprovals of these do-nothing state plans are a critical first step to protect air quality, both in national parks and our communities. I urge EPA to finalize its proposed disapprovals and act quickly to implement plans that will result in real pollution reductions.
In Utah, EPA analysis shows that installing selective catalytic reduction (SCR) on Hunter and Huntington coal plants would be cost-effective and provide massive visibility benefits for Utahs national parks. These plants have avoided pollution reductions for decades. Now is the time for EPA to act.
Similarly, in Wyoming, the state failed to even consider pollution controls at the states largest polluters, including Jim Bridger, Naughton, Dave Johnston, and Wyodak coal plants. Each of these facilities could install cost-effective pollution controls, including SCRs, that would result in significant air-quality improvements across the state.
Please finalize the proposed disapprovals of Utah and Wyomings do-nothing plans and require enforceable pollution reductions, including SCR installation, on our states' biggest polluters Hunter, Huntington, Jim Bridger, Naughton, Dave Johnston, and Wyodak.",https://www.regulations.gov/comment/EPA-R08-OAR-2024-0389-0075,,false,source=Regulations.gov v4 comment detail; retrievedAt=2026-09-12T18:11:40+00:00; commentOnDocumentId=EPA-R08-OAR-2024-0389-0001; duplicateComments=1; organizationMissing=true
EPA-R08-OAR-2024-0389,EPA-R08-OAR-2024-0389-0076,Sallie McCarthy,not provided by public Regulations.gov fields,2024-10-09T04:00:00Z,"Idling cars in summer to run a/c are major polluters.
Wyoming and Utah have submitted Regional Haze State Implementation Plans with no proposed pollution reductions, allowing some of the nation's biggest polluters to remain uncontrolled for nitrogen oxide, sulfur dioxide, and other pollutants when common-sense controls exist that could significantly cut those emissions.
EPAs proposed disapprovals of these do-nothing state plans are a critical first step to protect air quality, both in national parks and our communities. I urge EPA to finalize its proposed disapprovals and act quickly to implement plans that will result in real pollution reductions.
In Utah, EPA analysis shows that installing selective catalytic reduction (SCR) on Hunter and Huntington coal plants would be cost-effective and provide massive visibility benefits for Utahs national parks. These plants have avoided pollution reductions for decades. Now is the time for EPA to act.
Similarly, in Wyoming, the state failed to even consider pollution controls at the states largest polluters, including Jim Bridger, Naughton, Dave Johnston, and Wyodak coal plants. Each of these facilities could install cost-effective pollution controls, including SCRs, that would result in significant air-quality improvements across the state.
Please finalize the proposed disapprovals of Utah and Wyomings do-nothing plans and require enforceable pollution reductions, including SCR installation, on our states' biggest polluters Hunter, Huntington, Jim Bridger, Naughton, Dave Johnston, and Wyodak.",https://www.regulations.gov/comment/EPA-R08-OAR-2024-0389-0076,,false,source=Regulations.gov v4 comment detail; retrievedAt=2026-09-12T18:11:40+00:00; commentOnDocumentId=EPA-R08-OAR-2024-0389-0001; duplicateComments=1; organizationMissing=true
EPA-R08-OAR-2024-0389,EPA-R08-OAR-2024-0389-0077,Robert Racine,not provided by public Regulations.gov fields,2024-10-09T04:00:00Z,"Wyoming and Utah have submitted Regional Haze State Implementation Plans with no proposed pollution reductions, allowing some of the nation's biggest polluters to remain uncontrolled for nitrogen oxide, sulfur dioxide, and other pollutants when common-sense controls exist that could significantly cut those emissions.
EPAs proposed disapprovals of these do-nothing state plans are a critical first step to protect air quality, both in national parks and our communities. I urge EPA to finalize its proposed disapprovals and act quickly to implement plans that will result in real pollution reductions.
In Utah, EPA analysis shows that installing selective catalytic reduction (SCR) on Hunter and Huntington coal plants would be cost-effective and provide massive visibility benefits for Utahs national parks. These plants have avoided pollution reductions for decades. Now is the time for EPA to act.
Similarly, in Wyoming, the state failed to even consider pollution controls at the states largest polluters, including Jim Bridger, Naughton, Dave Johnston, and Wyodak coal plants. Each of these facilities could install cost-effective pollution controls, including SCRs, that would result in significant air-quality improvements across the state.
Please finalize the proposed disapprovals of Utah and Wyomings do-nothing plans and require enforceable pollution reductions, including SCR installation, on our states' biggest polluters Hunter, Huntington, Jim Bridger, Naughton, Dave Johnston, and Wyodak.",https://www.regulations.gov/comment/EPA-R08-OAR-2024-0389-0077,,false,source=Regulations.gov v4 comment detail; retrievedAt=2026-09-12T18:11:40+00:00; commentOnDocumentId=EPA-R08-OAR-2024-0389-0001; duplicateComments=1; organizationMissing=true
EPA-R08-OAR-2024-0389,EPA-R08-OAR-2024-0389-0078,David Bennett,not provided by public Regulations.gov fields,2024-10-09T04:00:00Z,"Wyoming and Utah have submitted Regional Haze State Implementation Plans with no proposed pollution reductions, allowing some of the nation's biggest polluters to remain uncontrolled for nitrogen oxide, sulfur dioxide, and other pollutants when common-sense controls exist that could significantly cut those emissions.
EPAs proposed disapprovals of these do-nothing state plans are a critical first step to protect air quality, both in national parks and our communities. I urge EPA to finalize its proposed disapprovals and act quickly to implement plans that will result in real pollution reductions.
In Utah, EPA analysis shows that installing selective catalytic reduction (SCR) on Hunter and Huntington coal plants would be cost-effective and provide massive visibility benefits for Utahs national parks. These plants have avoided pollution reductions for decades. Now is the time for EPA to act.
Similarly, in Wyoming, the state failed to even consider pollution controls at the states largest polluters, including Jim Bridger, Naughton, Dave Johnston, and Wyodak coal plants. Each of these facilities could install cost-effective pollution controls, including SCRs, that would result in significant air-quality improvements across the state.
Please finalize the proposed disapprovals of Utah and Wyomings do-nothing plans and require enforceable pollution reductions, including SCR installation, on our states' biggest polluters Hunter, Huntington, Jim Bridger, Naughton, Dave Johnston, and Wyodak.",https://www.regulations.gov/comment/EPA-R08-OAR-2024-0389-0078,,false,source=Regulations.gov v4 comment detail; retrievedAt=2026-09-12T18:11:40+00:00; commentOnDocumentId=EPA-R08-OAR-2024-0389-0001; duplicateComments=1; organizationMissing=true
EPA-R08-OAR-2024-0389,EPA-R08-OAR-2024-0389-0079,Steven Rosenberg,not provided by public Regulations.gov fields,2024-10-09T04:00:00Z,"Wyoming and Utah have submitted Regional Haze State Implementation Plans with no proposed pollution reductions, allowing some of the nation's biggest polluters to remain uncontrolled for nitrogen oxide, sulfur dioxide, and other pollutants when common-sense controls exist that could significantly cut those emissions.
EPAs proposed disapprovals of these do-nothing state plans are a critical first step to protect air quality, both in national parks and our communities. I urge EPA to finalize its proposed disapprovals and act quickly to implement plans that will result in real pollution reductions.
In Utah, EPA analysis shows that installing selective catalytic reduction (SCR) on Hunter and Huntington coal plants would be cost-effective and provide massive visibility benefits for Utahs national parks. These plants have avoided pollution reductions for decades. Now is the time for EPA to act.
Similarly, in Wyoming, the state failed to even consider pollution controls at the states largest polluters, including Jim Bridger, Naughton, Dave Johnston, and Wyodak coal plants. Each of these facilities could install cost-effective pollution controls, including SCRs, that would result in significant air-quality improvements across the state.
Please finalize the proposed disapprovals of Utah and Wyomings do-nothing plans and require enforceable pollution reductions, including SCR installation, on our states' biggest polluters Hunter, Huntington, Jim Bridger, Naughton, Dave Johnston, and Wyodak.",https://www.regulations.gov/comment/EPA-R08-OAR-2024-0389-0079,,false,source=Regulations.gov v4 comment detail; retrievedAt=2026-09-12T18:11:40+00:00; commentOnDocumentId=EPA-R08-OAR-2024-0389-0001; duplicateComments=1; organizationMissing=true
EPA-R08-OAR-2024-0389,EPA-R08-OAR-2024-0389-0080,Connie Taylor,not provided by public Regulations.gov fields,2024-10-09T04:00:00Z,"NO further plans should be considered without significant air, land and water pollution reduction plans EVER! We MUST fix things NOW, were out of time. Officials who ignore this need are committing criminal negligence.
Wyoming and Utah have submitted Regional Haze State Implementation Plans with no proposed pollution reductions, allowing some of the nation's biggest polluters to remain uncontrolled for nitrogen oxide, sulfur dioxide, and other pollutants when common-sense controls exist that could significantly cut those emissions.
EPAs proposed disapprovals of these do-nothing state plans are a critical first step to protect air quality, both in national parks and our communities. I urge EPA to finalize its proposed disapprovals and act quickly to implement plans that will result in real pollution reductions.
In Utah, EPA analysis shows that installing selective catalytic reduction (SCR) on Hunter and Huntington coal plants would be cost-effective and provide massive visibility benefits for Utahs national parks. These plants have avoided pollution reductions for decades. Now is the time for EPA to act.
Similarly, in Wyoming, the state failed to even consider pollution controls at the states largest polluters, including Jim Bridger, Naughton, Dave Johnston, and Wyodak coal plants. Each of these facilities could install cost-effective pollution controls, including SCRs, that would result in significant air-quality improvements across the state.
Please finalize the proposed disapprovals of Utah and Wyomings do-nothing plans and require enforceable pollution reductions, including SCR installation, on our states' biggest polluters Hunter, Huntington, Jim Bridger, Naughton, Dave Johnston, and Wyodak.",https://www.regulations.gov/comment/EPA-R08-OAR-2024-0389-0080,,false,source=Regulations.gov v4 comment detail; retrievedAt=2026-09-12T18:11:40+00:00; commentOnDocumentId=EPA-R08-OAR-2024-0389-0001; duplicateComments=1; organizationMissing=true
EPA-R08-OAR-2024-0389,EPA-R08-OAR-2024-0389-0081,Linda Pohle,not provided by public Regulations.gov fields,2024-10-09T04:00:00Z,"The National Parks belong to all Americans, not just the state officials in Wyoming and Utah. I support your Regional Haze Rule that will help clear the air and make breathing easier in our national parks.
Wyoming and Utah have submitted Regional Haze State Implementation Plans with no proposed pollution reductions, allowing some of the nation's biggest polluters to remain uncontrolled for nitrogen oxide, sulfur dioxide, and other pollutants when common-sense controls exist that could significantly cut those emissions.
EPAs proposed disapprovals of these do-nothing state plans are a critical first step to protect air quality, both in national parks and our communities. I urge EPA to finalize its proposed disapprovals and act quickly to implement plans that will result in real pollution reductions.
In Utah, EPA analysis shows that installing selective catalytic reduction (SCR) on Hunter and Huntington coal plants would be cost-effective and provide massive visibility benefits for Utahs national parks. These plants have avoided pollution reductions for decades. Now is the time for EPA to act.
Similarly, in Wyoming, the state failed to even consider pollution controls at the states largest polluters, including Jim Bridger, Naughton, Dave Johnston, and Wyodak coal plants. Each of these facilities could install cost-effective pollution controls, including SCRs, that would result in significant air-quality improvements across the state.
Please finalize the proposed disapprovals of Utah and Wyomings do-nothing plans and require enforceable pollution reductions, including SCR installation, on our states' biggest polluters Hunter, Huntington, Jim Bridger, Naughton, Dave Johnston, and Wyodak.",https://www.regulations.gov/comment/EPA-R08-OAR-2024-0389-0081,,false,source=Regulations.gov v4 comment detail; retrievedAt=2026-09-12T18:11:40+00:00; commentOnDocumentId=EPA-R08-OAR-2024-0389-0001; duplicateComments=1; organizationMissing=true
EPA-R08-OAR-2024-0389,EPA-R08-OAR-2024-0389-0082,Tay Haines,not provided by public Regulations.gov fields,2024-10-09T04:00:00Z,"Wyoming and Utah have submitted Regional Haze State Implementation Plans with no proposed pollution reductions, allowing some of the nation's biggest polluters to remain uncontrolled for nitrogen oxide, sulfur dioxide, and other pollutants when common-sense controls exist that could significantly cut those emissions.
EPAs proposed disapprovals of these do-nothing state plans are a critical first step to protect air quality, both in national parks and our communities. I urge EPA to finalize its proposed disapprovals and act quickly to implement plans that will result in real pollution reductions.
In Utah, EPA analysis shows that installing selective catalytic reduction (SCR) on Hunter and Huntington coal plants would be cost-effective and provide massive visibility benefits for Utahs national parks. These plants have avoided pollution reductions for decades. Now is the time for EPA to act.
Similarly, in Wyoming, the state failed to even consider pollution controls at the states largest polluters, including Jim Bridger, Naughton, Dave Johnston, and Wyodak coal plants. Each of these facilities could install cost-effective pollution controls, including SCRs, that would result in significant air-quality improvements across the state.
Please finalize the proposed disapprovals of Utah and Wyomings do-nothing plans and require enforceable pollution reductions, including SCR installation, on our states' biggest polluters Hunter, Huntington, Jim Bridger, Naughton, Dave Johnston, and Wyodak.",https://www.regulations.gov/comment/EPA-R08-OAR-2024-0389-0082,,false,source=Regulations.gov v4 comment detail; retrievedAt=2026-09-12T18:11:40+00:00; commentOnDocumentId=EPA-R08-OAR-2024-0389-0001; duplicateComments=1; organizationMissing=true
EPA-R08-OAR-2024-0389,EPA-R08-OAR-2024-0389-0083,Ramona Blaber,not provided by public Regulations.gov fields,2024-10-09T04:00:00Z,"We took a cross-country trip to the Grand Tetons and were disappointed by the hazy views. Now I understand why. Our family wasn't planning on going back to the Wyoming national parks, but if the air is cleared and the views improved through this rulemaking, I believe that tourism levels will significantly increase -- I know we would consider going back if we knew measures had been taken to clear the air.
Wyoming and Utah have submitted Regional Haze State Implementation Plans with no proposed pollution reductions, allowing some of the nation's biggest polluters to remain uncontrolled for nitrogen oxide, sulfur dioxide, and other pollutants when common-sense controls exist that could significantly cut those emissions.
EPAs proposed disapprovals of these do-nothing state plans are a critical first step to protect air quality, both in national parks and our communities. I urge EPA to finalize its proposed disapprovals and act quickly to implement plans that will result in real pollution reductions.
In Utah, EPA analysis shows that installing selective catalytic reduction (SCR) on Hunter and Huntington coal plants would be cost-effective and provide massive visibility benefits for Utahs national parks. These plants have avoided pollution reductions for decades. Now is the time for EPA to act.
Similarly, in Wyoming, the state failed to even consider pollution controls at the states largest polluters, including Jim Bridger, Naughton, Dave Johnston, and Wyodak coal plants. Each of these facilities could install cost-effective pollution controls, including SCRs, that would result in significant air-quality improvements across the state.
Please finalize the proposed disapprovals of Utah and Wyomings do-nothing plans and require enforceable pollution reductions, including SCR installation, on our states' biggest polluters Hunter, Huntington, Jim Bridger, Naughton, Dave Johnston, and Wyodak.",https://www.regulations.gov/comment/EPA-R08-OAR-2024-0389-0083,,false,source=Regulations.gov v4 comment detail; retrievedAt=2026-09-12T18:11:40+00:00; commentOnDocumentId=EPA-R08-OAR-2024-0389-0001; duplicateComments=1; organizationMissing=true
EPA-R08-OAR-2024-0389,EPA-R08-OAR-2024-0389-0084,Laurie Cassidy,not provided by public Regulations.gov fields,2024-10-09T04:00:00Z,"Please, Please protect our parks so we and the trees can breathe!!!!
Wyoming and Utah have submitted Regional Haze State Implementation Plans with no proposed pollution reductions, allowing some of the nation's biggest polluters to remain uncontrolled for nitrogen oxide, sulfur dioxide, and other pollutants when common-sense controls exist that could significantly cut those emissions.
EPAs proposed disapprovals of these do-nothing state plans are a critical first step to protect air quality, both in national parks and our communities. I urge EPA to finalize its proposed disapprovals and act quickly to implement plans that will result in real pollution reductions.
In Utah, EPA analysis shows that installing selective catalytic reduction (SCR) on Hunter and Huntington coal plants would be cost-effective and provide massive visibility benefits for Utahs national parks. These plants have avoided pollution reductions for decades. Now is the time for EPA to act.
Similarly, in Wyoming, the state failed to even consider pollution controls at the states largest polluters, including Jim Bridger, Naughton, Dave Johnston, and Wyodak coal plants. Each of these facilities could install cost-effective pollution controls, including SCRs, that would result in significant air-quality improvements across the state.
Please finalize the proposed disapprovals of Utah and Wyomings do-nothing plans and require enforceable pollution reductions, including SCR installation, on our states' biggest polluters Hunter, Huntington, Jim Bridger, Naughton, Dave Johnston, and Wyodak.",https://www.regulations.gov/comment/EPA-R08-OAR-2024-0389-0084,,false,source=Regulations.gov v4 comment detail; retrievedAt=2026-09-12T18:11:40+00:00; commentOnDocumentId=EPA-R08-OAR-2024-0389-0001; duplicateComments=1; organizationMissing=true
EPA-R08-OAR-2024-0389,EPA-R08-OAR-2024-0389-0085,Miriam Baum,not provided by public Regulations.gov fields,2024-10-09T04:00:00Z,"Wyoming and Utah have submitted Regional Haze State Implementation Plans with no proposed pollution reductions, allowing some of the nation's biggest polluters to remain uncontrolled for nitrogen oxide, sulfur dioxide, and other pollutants when common-sense controls exist that could significantly cut those emissions.
EPAs proposed disapprovals of these do-nothing state plans are a critical first step to protect air quality, both in national parks and our communities. I urge EPA to finalize its proposed disapprovals and act quickly to implement plans that will result in real pollution reductions.
In Utah, EPA analysis shows that installing selective catalytic reduction (SCR) on Hunter and Huntington coal plants would be cost-effective and provide massive visibility benefits for Utahs national parks. These plants have avoided pollution reductions for decades. Now is the time for EPA to act.
Similarly, in Wyoming, the state failed to even consider pollution controls at the states largest polluters, including Jim Bridger, Naughton, Dave Johnston, and Wyodak coal plants. Each of these facilities could install cost-effective pollution controls, including SCRs, that would result in significant air-quality improvements across the state.
Please finalize the proposed disapprovals of Utah and Wyomings do-nothing plans and require enforceable pollution reductions, including SCR installation, on our states' biggest polluters Hunter, Huntington, Jim Bridger, Naughton, Dave Johnston, and Wyodak.",https://www.regulations.gov/comment/EPA-R08-OAR-2024-0389-0085,,false,source=Regulations.gov v4 comment detail; retrievedAt=2026-09-12T18:11:40+00:00; commentOnDocumentId=EPA-R08-OAR-2024-0389-0001; duplicateComments=1; organizationMissing=true
EPA-R08-OAR-2024-0389,EPA-R08-OAR-2024-0389-0086,Mitchell Stargrove,not provided by public Regulations.gov fields,2024-10-09T04:00:00Z,"Wyoming and Utah have submitted Regional Haze State Implementation Plans with no proposed pollution reductions, allowing some of the nation's biggest polluters to remain uncontrolled for nitrogen oxide, sulfur dioxide, and other pollutants when common-sense controls exist that could significantly cut those emissions.
EPAs proposed disapprovals of these do-nothing state plans are a critical first step to protect air quality, both in national parks and our communities. I urge EPA to finalize its proposed disapprovals and act quickly to implement plans that will result in real pollution reductions.
In Utah, EPA analysis shows that installing selective catalytic reduction (SCR) on Hunter and Huntington coal plants would be cost-effective and provide massive visibility benefits for Utahs national parks. These plants have avoided pollution reductions for decades. Now is the time for EPA to act.
Similarly, in Wyoming, the state failed to even consider pollution controls at the states largest polluters, including Jim Bridger, Naughton, Dave Johnston, and Wyodak coal plants. Each of these facilities could install cost-effective pollution controls, including SCRs, that would result in significant air-quality improvements across the state.
Please finalize the proposed disapprovals of Utah and Wyomings do-nothing plans and require enforceable pollution reductions, including SCR installation, on our states' biggest polluters Hunter, Huntington, Jim Bridger, Naughton, Dave Johnston, and Wyodak.",https://www.regulations.gov/comment/EPA-R08-OAR-2024-0389-0086,,false,source=Regulations.gov v4 comment detail; retrievedAt=2026-09-12T18:11:40+00:00; commentOnDocumentId=EPA-R08-OAR-2024-0389-0001; duplicateComments=1; organizationMissing=true
EPA-R08-OAR-2024-0389,EPA-R08-OAR-2024-0389-0087,Angela Clayton,not provided by public Regulations.gov fields,2024-10-09T04:00:00Z,"Wyoming and Utah have submitted Regional Haze State Implementation Plans with no proposed pollution reductions, allowing some of the nation's biggest polluters to remain uncontrolled for nitrogen oxide, sulfur dioxide, and other pollutants when common-sense controls exist that could significantly cut those emissions.
EPAs proposed disapprovals of these do-nothing state plans are a critical first step to protect air quality, both in national parks and our communities. I urge EPA to finalize its proposed disapprovals and act quickly to implement plans that will result in real pollution reductions.
In Utah, EPA analysis shows that installing selective catalytic reduction (SCR) on Hunter and Huntington coal plants would be cost-effective and provide massive visibility benefits for Utahs national parks. These plants have avoided pollution reductions for decades. Now is the time for EPA to act.
Similarly, in Wyoming, the state failed to even consider pollution controls at the states largest polluters, including Jim Bridger, Naughton, Dave Johnston, and Wyodak coal plants. Each of these facilities could install cost-effective pollution controls, including SCRs, that would result in significant air-quality improvements across the state.
Please finalize the proposed disapprovals of Utah and Wyomings do-nothing plans and require enforceable pollution reductions, including SCR installation, on our states' biggest polluters Hunter, Huntington, Jim Bridger, Naughton, Dave Johnston, and Wyodak.",https://www.regulations.gov/comment/EPA-R08-OAR-2024-0389-0087,,false,source=Regulations.gov v4 comment detail; retrievedAt=2026-09-12T18:11:40+00:00; commentOnDocumentId=EPA-R08-OAR-2024-0389-0001; duplicateComments=1; organizationMissing=true
EPA-R08-OAR-2024-0389,EPA-R08-OAR-2024-0389-0088,Kate Bordisso,not provided by public Regulations.gov fields,2024-10-09T04:00:00Z,"Wyoming and Utah have submitted Regional Haze State Implementation Plans with no proposed pollution reductions, allowing some of the nation's biggest polluters to remain uncontrolled for nitrogen oxide, sulfur dioxide, and other pollutants when common-sense controls exist that could significantly cut those emissions.
EPAs proposed disapprovals of these do-nothing state plans are a critical first step to protect air quality, both in national parks and our communities. I urge EPA to finalize its proposed disapprovals and act quickly to implement plans that will result in real pollution reductions.
In Utah, EPA analysis shows that installing selective catalytic reduction (SCR) on Hunter and Huntington coal plants would be cost-effective and provide massive visibility benefits for Utahs national parks. These plants have avoided pollution reductions for decades. Now is the time for EPA to act.
Similarly, in Wyoming, the state failed to even consider pollution controls at the states largest polluters, including Jim Bridger, Naughton, Dave Johnston, and Wyodak coal plants. Each of these facilities could install cost-effective pollution controls, including SCRs, that would result in significant air-quality improvements across the state.
Please finalize the proposed disapprovals of Utah and Wyomings do-nothing plans and require enforceable pollution reductions, including SCR installation, on our states' biggest polluters Hunter, Huntington, Jim Bridger, Naughton, Dave Johnston, and Wyodak.",https://www.regulations.gov/comment/EPA-R08-OAR-2024-0389-0088,,false,source=Regulations.gov v4 comment detail; retrievedAt=2026-09-12T18:11:40+00:00; commentOnDocumentId=EPA-R08-OAR-2024-0389-0001; duplicateComments=1; organizationMissing=true
EPA-R08-OAR-2024-0389,EPA-R08-OAR-2024-0389-0089,PATRICIA DORSEY,not provided by public Regulations.gov fields,2024-10-09T04:00:00Z,"Our national parks are treasures for us and future generations. We need to protect them.
Wyoming and Utah have submitted Regional Haze State Implementation Plans with no proposed pollution reductions, allowing some of the nation's biggest polluters to remain uncontrolled for nitrogen oxide, sulfur dioxide, and other pollutants when common-sense controls exist that could significantly cut those emissions.
EPAs proposed disapprovals of these do-nothing state plans are a critical first step to protect air quality, both in national parks and our communities. I urge EPA to finalize its proposed disapprovals and act quickly to implement plans that will result in real pollution reductions.
In Utah, EPA analysis shows that installing selective catalytic reduction (SCR) on Hunter and Huntington coal plants would be cost-effective and provide massive visibility benefits for Utahs national parks. These plants have avoided pollution reductions for decades. Now is the time for EPA to act.
Similarly, in Wyoming, the state failed to even consider pollution controls at the states largest polluters, including Jim Bridger, Naughton, Dave Johnston, and Wyodak coal plants. Each of these facilities could install cost-effective pollution controls, including SCRs, that would result in significant air-quality improvements across the state.
Please finalize the proposed disapprovals of Utah and Wyomings do-nothing plans and require enforceable pollution reductions, including SCR installation, on our states' biggest polluters Hunter, Huntington, Jim Bridger, Naughton, Dave Johnston, and Wyodak.",https://www.regulations.gov/comment/EPA-R08-OAR-2024-0389-0089,,false,source=Regulations.gov v4 comment detail; retrievedAt=2026-09-12T18:11:40+00:00; commentOnDocumentId=EPA-R08-OAR-2024-0389-0001; duplicateComments=1; organizationMissing=true
EPA-R08-OAR-2024-0389,EPA-R08-OAR-2024-0389-0090,A. Armstrong,not provided by public Regulations.gov fields,2024-10-09T04:00:00Z,"Wyoming and Utah have submitted Regional Haze State Implementation Plans with no proposed pollution reductions, allowing some of the nation's biggest polluters to remain uncontrolled for nitrogen oxide, sulfur dioxide, and other pollutants when common-sense controls exist that could significantly cut those emissions.
EPAs proposed disapprovals of these do-nothing state plans are a critical first step to protect air quality, both in national parks and our communities. I urge EPA to finalize its proposed disapprovals and act quickly to implement plans that will result in real pollution reductions.
In Utah, EPA analysis shows that installing selective catalytic reduction (SCR) on Hunter and Huntington coal plants would be cost-effective and provide massive visibility benefits for Utahs national parks. These plants have avoided pollution reductions for decades. Now is the time for EPA to act.
Similarly, in Wyoming, the state failed to even consider pollution controls at the states largest polluters, including Jim Bridger, Naughton, Dave Johnston, and Wyodak coal plants. Each of these facilities could install cost-effective pollution controls, including SCRs, that would result in significant air-quality improvements across the state.
Please finalize the proposed disapprovals of Utah and Wyomings do-nothing plans and require enforceable pollution reductions, including SCR installation, on our states' biggest polluters Hunter, Huntington, Jim Bridger, Naughton, Dave Johnston, and Wyodak.",https://www.regulations.gov/comment/EPA-R08-OAR-2024-0389-0090,,false,source=Regulations.gov v4 comment detail; retrievedAt=2026-09-12T18:11:40+00:00; commentOnDocumentId=EPA-R08-OAR-2024-0389-0001; duplicateComments=1; organizationMissing=true
EPA-R08-OAR-2024-0389,EPA-R08-OAR-2024-0389-0091,Charles Heinrichs,not provided by public Regulations.gov fields,2024-10-09T04:00:00Z,"Wyoming and Utah have submitted Regional Haze State Implementation Plans with no proposed pollution reductions, allowing some of the nation's biggest polluters to remain uncontrolled for nitrogen oxide, sulfur dioxide, and other pollutants when common-sense controls exist that could significantly cut those emissions.
EPAs proposed disapprovals of these do-nothing state plans are a critical first step to protect air quality, both in national parks and our communities. I urge EPA to finalize its proposed disapprovals and act quickly to implement plans that will result in real pollution reductions.
In Utah, EPA analysis shows that installing selective catalytic reduction (SCR) on Hunter and Huntington coal plants would be cost-effective and provide massive visibility benefits for Utahs national parks. These plants have avoided pollution reductions for decades. Now is the time for EPA to act.
Similarly, in Wyoming, the state failed to even consider pollution controls at the states largest polluters, including Jim Bridger, Naughton, Dave Johnston, and Wyodak coal plants. Each of these facilities could install cost-effective pollution controls, including SCRs, that would result in significant air-quality improvements across the state.
Please finalize the proposed disapprovals of Utah and Wyomings do-nothing plans and require enforceable pollution reductions, including SCR installation, on our states' biggest polluters Hunter, Huntington, Jim Bridger, Naughton, Dave Johnston, and Wyodak.",https://www.regulations.gov/comment/EPA-R08-OAR-2024-0389-0091,,false,source=Regulations.gov v4 comment detail; retrievedAt=2026-09-12T18:11:40+00:00; commentOnDocumentId=EPA-R08-OAR-2024-0389-0001; duplicateComments=1; organizationMissing=true
EPA-R08-OAR-2024-0389,EPA-R08-OAR-2024-0389-0092,Mary Ett Brown,not provided by public Regulations.gov fields,2024-10-09T04:00:00Z,"Wyoming and Utah have submitted Regional Haze State Implementation Plans with no proposed pollution reductions, allowing some of the nation's biggest polluters to remain uncontrolled for nitrogen oxide, sulfur dioxide, and other pollutants when common-sense controls exist that could significantly cut those emissions.
EPAs proposed disapprovals of these do-nothing state plans are a critical first step to protect air quality, both in national parks and our communities. I urge EPA to finalize its proposed disapprovals and act quickly to implement plans that will result in real pollution reductions.
In Utah, EPA analysis shows that installing selective catalytic reduction (SCR) on Hunter and Huntington coal plants would be cost-effective and provide massive visibility benefits for Utahs national parks. These plants have avoided pollution reductions for decades. Now is the time for EPA to act.
Similarly, in Wyoming, the state failed to even consider pollution controls at the states largest polluters, including Jim Bridger, Naughton, Dave Johnston, and Wyodak coal plants. Each of these facilities could install cost-effective pollution controls, including SCRs, that would result in significant air-quality improvements across the state.
Please finalize the proposed disapprovals of Utah and Wyomings do-nothing plans and require enforceable pollution reductions, including SCR installation, on our states' biggest polluters Hunter, Huntington, Jim Bridger, Naughton, Dave Johnston, and Wyodak.",https://www.regulations.gov/comment/EPA-R08-OAR-2024-0389-0092,,false,source=Regulations.gov v4 comment detail; retrievedAt=2026-09-12T18:11:40+00:00; commentOnDocumentId=EPA-R08-OAR-2024-0389-0001; duplicateComments=1; organizationMissing=true
EPA-R08-OAR-2024-0389,EPA-R08-OAR-2024-0389-0093,Sherrill Futrel,not provided by public Regulations.gov fields,2024-10-09T04:00:00Z,"I have asthma so I can't spend time in either state - although I pay taxes to support MY PARKS THERE.
Wyoming and Utah have submitted Regional Haze State Implementation Plans with no proposed pollution reductions, allowing some of the nation's biggest polluters to remain uncontrolled for nitrogen oxide, sulfur dioxide, and other pollutants when common-sense controls exist that could significantly cut those emissions.
EPAs proposed disapprovals of these do-nothing state plans are a critical first step to protect air quality, both in national parks and our communities. I urge EPA to finalize its proposed disapprovals and act quickly to implement plans that will result in real pollution reductions.
In Utah, EPA analysis shows that installing selective catalytic reduction (SCR) on Hunter and Huntington coal plants would be cost-effective and provide massive visibility benefits for Utahs national parks. These plants have avoided pollution reductions for decades. Now is the time for EPA to act.
Similarly, in Wyoming, the state failed to even consider pollution controls at the states largest polluters, including Jim Bridger, Naughton, Dave Johnston, and Wyodak coal plants. Each of these facilities could install cost-effective pollution controls, including SCRs, that would result in significant air-quality improvements across the state.
Please finalize the proposed disapprovals of Utah and Wyomings do-nothing plans and require enforceable pollution reductions, including SCR installation, on our states' biggest polluters Hunter, Huntington, Jim Bridger, Naughton, Dave Johnston, and Wyodak.",https://www.regulations.gov/comment/EPA-R08-OAR-2024-0389-0093,,false,source=Regulations.gov v4 comment detail; retrievedAt=2026-09-12T18:11:40+00:00; commentOnDocumentId=EPA-R08-OAR-2024-0389-0001; duplicateComments=1; organizationMissing=true
EPA-R08-OAR-2024-0389,EPA-R08-OAR-2024-0389-0094,Kelly McClendon,not provided by public Regulations.gov fields,2024-10-09T04:00:00Z,"Wyoming and Utah have submitted Regional Haze State Implementation Plans with no proposed pollution reductions, allowing some of the nation's biggest polluters to remain uncontrolled for nitrogen oxide, sulfur dioxide, and other pollutants when common-sense controls exist that could significantly cut those emissions.
EPAs proposed disapprovals of these do-nothing state plans are a critical first step to protect air quality, both in national parks and our communities. I urge EPA to finalize its proposed disapprovals and act quickly to implement plans that will result in real pollution reductions.
In Utah, EPA analysis shows that installing selective catalytic reduction (SCR) on Hunter and Huntington coal plants would be cost-effective and provide massive visibility benefits for Utahs national parks. These plants have avoided pollution reductions for decades. Now is the time for EPA to act.
Similarly, in Wyoming, the state failed to even consider pollution controls at the states largest polluters, including Jim Bridger, Naughton, Dave Johnston, and Wyodak coal plants. Each of these facilities could install cost-effective pollution controls, including SCRs, that would result in significant air-quality improvements across the state.
Please finalize the proposed disapprovals of Utah and Wyomings do-nothing plans and require enforceable pollution reductions, including SCR installation, on our states' biggest polluters Hunter, Huntington, Jim Bridger, Naughton, Dave Johnston, and Wyodak.",https://www.regulations.gov/comment/EPA-R08-OAR-2024-0389-0094,,false,source=Regulations.gov v4 comment detail; retrievedAt=2026-09-12T18:11:40+00:00; commentOnDocumentId=EPA-R08-OAR-2024-0389-0001; duplicateComments=1; organizationMissing=true
EPA-R08-OAR-2024-0389,EPA-R08-OAR-2024-0389-0095,Mike Verichak,not provided by public Regulations.gov fields,2024-10-09T04:00:00Z,"Wyoming and Utah have submitted Regional Haze State Implementation Plans with no proposed pollution reductions, allowing some of the nation's biggest polluters to remain uncontrolled for nitrogen oxide, sulfur dioxide, and other pollutants when common-sense controls exist that could significantly cut those emissions.
EPAs proposed disapprovals of these do-nothing state plans are a critical first step to protect air quality, both in national parks and our communities. I urge EPA to finalize its proposed disapprovals and act quickly to implement plans that will result in real pollution reductions.
In Utah, EPA analysis shows that installing selective catalytic reduction (SCR) on Hunter and Huntington coal plants would be cost-effective and provide massive visibility benefits for Utahs national parks. These plants have avoided pollution reductions for decades. Now is the time for EPA to act.
Similarly, in Wyoming, the state failed to even consider pollution controls at the states largest polluters, including Jim Bridger, Naughton, Dave Johnston, and Wyodak coal plants. Each of these facilities could install cost-effective pollution controls, including SCRs, that would result in significant air-quality improvements across the state.
Please finalize the proposed disapprovals of Utah and Wyomings do-nothing plans and require enforceable pollution reductions, including SCR installation, on our states' biggest polluters Hunter, Huntington, Jim Bridger, Naughton, Dave Johnston, and Wyodak.",https://www.regulations.gov/comment/EPA-R08-OAR-2024-0389-0095,,false,source=Regulations.gov v4 comment detail; retrievedAt=2026-09-12T18:11:40+00:00; commentOnDocumentId=EPA-R08-OAR-2024-0389-0001; duplicateComments=1; organizationMissing=true
EPA-R08-OAR-2024-0389,EPA-R08-OAR-2024-0389-0096,Vance Vaughan,not provided by public Regulations.gov fields,2024-10-09T04:00:00Z,"Wyoming and Utah have submitted Regional Haze State Implementation Plans with no proposed pollution reductions, allowing some of the nation's biggest polluters to remain uncontrolled for nitrogen oxide, sulfur dioxide, and other pollutants when common-sense controls exist that could significantly cut those emissions.
EPAs proposed disapprovals of these do-nothing state plans are a critical first step to protect air quality, both in national parks and our communities. I urge EPA to finalize its proposed disapprovals and act quickly to implement plans that will result in real pollution reductions.
In Utah, EPA analysis shows that installing selective catalytic reduction (SCR) on Hunter and Huntington coal plants would be cost-effective and provide massive visibility benefits for Utahs national parks. These plants have avoided pollution reductions for decades. Now is the time for EPA to act.
Similarly, in Wyoming, the state failed to even consider pollution controls at the states largest polluters, including Jim Bridger, Naughton, Dave Johnston, and Wyodak coal plants. Each of these facilities could install cost-effective pollution controls, including SCRs, that would result in significant air-quality improvements across the state.
Please finalize the proposed disapprovals of Utah and Wyomings do-nothing plans and require enforceable pollution reductions, including SCR installation, on our states' biggest polluters Hunter, Huntington, Jim Bridger, Naughton, Dave Johnston, and Wyodak.",https://www.regulations.gov/comment/EPA-R08-OAR-2024-0389-0096,,false,source=Regulations.gov v4 comment detail; retrievedAt=2026-09-12T18:11:40+00:00; commentOnDocumentId=EPA-R08-OAR-2024-0389-0001; duplicateComments=1; organizationMissing=true
EPA-R08-OAR-2024-0389,EPA-R08-OAR-2024-0389-0097,June Johnson,not provided by public Regulations.gov fields,2024-10-09T04:00:00Z,"I'm tired of the pollution and forest fire smoke that is raging out of control from climate change. Let's do what we can to save the life on this planet by lessening our impact from fossil fuels. E power it to future generations, like our grandkids.
Wyoming and Utah have submitted Regional Haze State Implementation Plans with no proposed pollution reductions, allowing some of the nation's biggest polluters to remain uncontrolled for nitrogen oxide, sulfur dioxide, and other pollutants when common-sense controls exist that could significantly cut those emissions.
EPAs proposed disapprovals of these do-nothing state plans are a critical first step to protect air quality, both in national parks and our communities. I urge EPA to finalize its proposed disapprovals and act quickly to implement plans that will result in real pollution reductions.
In Utah, EPA analysis shows that installing selective catalytic reduction (SCR) on Hunter and Huntington coal plants would be cost-effective and provide massive visibility benefits for Utahs national parks. These plants have avoided pollution reductions for decades. Now is the time for EPA to act.
Similarly, in Wyoming, the state failed to even consider pollution controls at the states largest polluters, including Jim Bridger, Naughton, Dave Johnston, and Wyodak coal plants. Each of these facilities could install cost-effective pollution controls, including SCRs, that would result in significant air-quality improvements across the state.
Please finalize the proposed disapprovals of Utah and Wyomings do-nothing plans and require enforceable pollution reductions, including SCR installation, on our states' biggest polluters Hunter, Huntington, Jim Bridger, Naughton, Dave Johnston, and Wyodak.",https://www.regulations.gov/comment/EPA-R08-OAR-2024-0389-0097,,false,source=Regulations.gov v4 comment detail; retrievedAt=2026-09-12T18:11:40+00:00; commentOnDocumentId=EPA-R08-OAR-2024-0389-0001; duplicateComments=1; organizationMissing=true
EPA-R08-OAR-2024-0389,EPA-R08-OAR-2024-0389-0098,Noushin Safaie,not provided by public Regulations.gov fields,2024-10-09T04:00:00Z,"Wyoming and Utah have submitted Regional Haze State Implementation Plans with no proposed pollution reductions, allowing some of the nation's biggest polluters to remain uncontrolled for nitrogen oxide, sulfur dioxide, and other pollutants when common-sense controls exist that could significantly cut those emissions.
EPAs proposed disapprovals of these do-nothing state plans are a critical first step to protect air quality, both in national parks and our communities. I urge EPA to finalize its proposed disapprovals and act quickly to implement plans that will result in real pollution reductions.
In Utah, EPA analysis shows that installing selective catalytic reduction (SCR) on Hunter and Huntington coal plants would be cost-effective and provide massive visibility benefits for Utahs national parks. These plants have avoided pollution reductions for decades. Now is the time for EPA to act.
Similarly, in Wyoming, the state failed to even consider pollution controls at the states largest polluters, including Jim Bridger, Naughton, Dave Johnston, and Wyodak coal plants. Each of these facilities could install cost-effective pollution controls, including SCRs, that would result in significant air-quality improvements across the state.
Please finalize the proposed disapprovals of Utah and Wyomings do-nothing plans and require enforceable pollution reductions, including SCR installation, on our states' biggest polluters Hunter, Huntington, Jim Bridger, Naughton, Dave Johnston, and Wyodak.",https://www.regulations.gov/comment/EPA-R08-OAR-2024-0389-0098,,false,source=Regulations.gov v4 comment detail; retrievedAt=2026-09-12T18:11:40+00:00; commentOnDocumentId=EPA-R08-OAR-2024-0389-0001; duplicateComments=1; organizationMissing=true
EPA-R08-OAR-2024-0389,EPA-R08-OAR-2024-0389-0099,Robert Downer,not provided by public Regulations.gov fields,2024-10-09T04:00:00Z,"Wyoming and Utah have submitted Regional Haze State Implementation Plans with no proposed pollution reductions, allowing some of the nation's biggest polluters to remain uncontrolled for nitrogen oxide, sulfur dioxide, and other pollutants when common-sense controls exist that could significantly cut those emissions.
EPAs proposed disapprovals of these do-nothing state plans are a critical first step to protect air quality, both in national parks and our communities. I urge EPA to finalize its proposed disapprovals and act quickly to implement plans that will result in real pollution reductions.
In Utah, EPA analysis shows that installing selective catalytic reduction (SCR) on Hunter and Huntington coal plants would be cost-effective and provide massive visibility benefits for Utahs national parks. These plants have avoided pollution reductions for decades. Now is the time for EPA to act.
Similarly, in Wyoming, the state failed to even consider pollution controls at the states largest polluters, including Jim Bridger, Naughton, Dave Johnston, and Wyodak coal plants. Each of these facilities could install cost-effective pollution controls, including SCRs, that would result in significant air-quality improvements across the state.
Please finalize the proposed disapprovals of Utah and Wyomings do-nothing plans and require enforceable pollution reductions, including SCR installation, on our states' biggest polluters Hunter, Huntington, Jim Bridger, Naughton, Dave Johnston, and Wyodak.",https://www.regulations.gov/comment/EPA-R08-OAR-2024-0389-0099,,false,source=Regulations.gov v4 comment detail; retrievedAt=2026-09-12T18:11:40+00:00; commentOnDocumentId=EPA-R08-OAR-2024-0389-0001; duplicateComments=1; organizationMissing=true
EPA-R08-OAR-2024-0389,EPA-R08-OAR-2024-0389-0100,Jo Lum,not provided by public Regulations.gov fields,2024-10-09T04:00:00Z,"Wyoming and Utah have submitted Regional Haze State Implementation Plans with no proposed pollution reductions, allowing some of the nation's biggest polluters to remain uncontrolled for nitrogen oxide, sulfur dioxide, and other pollutants when common-sense controls exist that could significantly cut those emissions.
EPAs proposed disapprovals of these do-nothing state plans are a critical first step to protect air quality, both in national parks and our communities. I urge EPA to finalize its proposed disapprovals and act quickly to implement plans that will result in real pollution reductions.
In Utah, EPA analysis shows that installing selective catalytic reduction (SCR) on Hunter and Huntington coal plants would be cost-effective and provide massive visibility benefits for Utahs national parks. These plants have avoided pollution reductions for decades. Now is the time for EPA to act.
Similarly, in Wyoming, the state failed to even consider pollution controls at the states largest polluters, including Jim Bridger, Naughton, Dave Johnston, and Wyodak coal plants. Each of these facilities could install cost-effective pollution controls, including SCRs, that would result in significant air-quality improvements across the state.
Please finalize the proposed disapprovals of Utah and Wyomings do-nothing plans and require enforceable pollution reductions, including SCR installation, on our states' biggest polluters Hunter, Huntington, Jim Bridger, Naughton, Dave Johnston, and Wyodak.",https://www.regulations.gov/comment/EPA-R08-OAR-2024-0389-0100,,false,source=Regulations.gov v4 comment detail; retrievedAt=2026-09-12T18:11:40+00:00; commentOnDocumentId=EPA-R08-OAR-2024-0389-0001; duplicateComments=1; organizationMissing=true
EPA-R08-OAR-2024-0389,EPA-R08-OAR-2024-0389-0101,Christian Heinold,not provided by public Regulations.gov fields,2024-10-09T04:00:00Z,"Wyoming and Utah have submitted Regional Haze State Implementation Plans with no proposed pollution reductions, allowing some of the nation's biggest polluters to remain uncontrolled for nitrogen oxide, sulfur dioxide, and other pollutants when common-sense controls exist that could significantly cut those emissions.
EPAs proposed disapprovals of these do-nothing state plans are a critical first step to protect air quality, both in national parks and our communities. I urge EPA to finalize its proposed disapprovals and act quickly to implement plans that will result in real pollution reductions.
In Utah, EPA analysis shows that installing selective catalytic reduction (SCR) on Hunter and Huntington coal plants would be cost-effective and provide massive visibility benefits for Utahs national parks. These plants have avoided pollution reductions for decades. Now is the time for EPA to act.
Similarly, in Wyoming, the state failed to even consider pollution controls at the states largest polluters, including Jim Bridger, Naughton, Dave Johnston, and Wyodak coal plants. Each of these facilities could install cost-effective pollution controls, including SCRs, that would result in significant air-quality improvements across the state.
Please finalize the proposed disapprovals of Utah and Wyomings do-nothing plans and require enforceable pollution reductions, including SCR installation, on our states' biggest polluters Hunter, Huntington, Jim Bridger, Naughton, Dave Johnston, and Wyodak.",https://www.regulations.gov/comment/EPA-R08-OAR-2024-0389-0101,,false,source=Regulations.gov v4 comment detail; retrievedAt=2026-09-12T18:11:40+00:00; commentOnDocumentId=EPA-R08-OAR-2024-0389-0001; duplicateComments=1; organizationMissing=true
EPA-R08-OAR-2024-0389,EPA-R08-OAR-2024-0389-0102,Tim Ryan,not provided by public Regulations.gov fields,2024-10-09T04:00:00Z,"Wyoming and Utah have submitted Regional Haze State Implementation Plans with no proposed pollution reductions, allowing some of the nation's biggest polluters to remain uncontrolled for nitrogen oxide, sulfur dioxide, and other pollutants when common-sense controls exist that could significantly cut those emissions.
EPAs proposed disapprovals of these do-nothing state plans are a critical first step to protect air quality, both in national parks and our communities. I urge EPA to finalize its proposed disapprovals and act quickly to implement plans that will result in real pollution reductions.
In Utah, EPA analysis shows that installing selective catalytic reduction (SCR) on Hunter and Huntington coal plants would be cost-effective and provide massive visibility benefits for Utahs national parks. These plants have avoided pollution reductions for decades. Now is the time for EPA to act.
Similarly, in Wyoming, the state failed to even consider pollution controls at the states largest polluters, including Jim Bridger, Naughton, Dave Johnston, and Wyodak coal plants. Each of these facilities could install cost-effective pollution controls, including SCRs, that would result in significant air-quality improvements across the state.
Please finalize the proposed disapprovals of Utah and Wyomings do-nothing plans and require enforceable pollution reductions, including SCR installation, on our states' biggest polluters Hunter, Huntington, Jim Bridger, Naughton, Dave Johnston, and Wyodak.",https://www.regulations.gov/comment/EPA-R08-OAR-2024-0389-0102,,false,source=Regulations.gov v4 comment detail; retrievedAt=2026-09-12T18:11:40+00:00; commentOnDocumentId=EPA-R08-OAR-2024-0389-0001; duplicateComments=1; organizationMissing=true
EPA-R08-OAR-2024-0389,EPA-R08-OAR-2024-0389-0103,Tanya Lasuk,not provided by public Regulations.gov fields,2024-10-09T04:00:00Z,"I live in Washington State where I share air with surrounding states like Utah ans Wyoming. It's not hard to attribute causes of air pollution . Please continue to disapprove Regional Haze State Implementation Plans that don't address said Haze.
Wyoming and Utah have submitted Regional Haze State Implementation Plans with no proposed pollution reductions, allowing some of the nation's biggest polluters to remain uncontrolled for nitrogen oxide, sulfur dioxide, and other pollutants when common-sense controls exist that could significantly cut those emissions.
EPAs proposed disapprovals of these do-nothing state plans are a critical first step to protect air quality, both in national parks and our communities. I urge EPA to finalize its proposed disapprovals and act quickly to implement plans that will result in real pollution reductions.
In Utah, EPA analysis shows that installing selective catalytic reduction (SCR) on Hunter and Huntington coal plants would be cost-effective and provide massive visibility benefits for Utahs national parks. These plants have avoided pollution reductions for decades. Now is the time for EPA to act.
Similarly, in Wyoming, the state failed to even consider pollution controls at the states largest polluters, including Jim Bridger, Naughton, Dave Johnston, and Wyodak coal plants. Each of these facilities could install cost-effective pollution controls, including SCRs, that would result in significant air-quality improvements across the state.
Please finalize the proposed disapprovals of Utah and Wyomings do-nothing plans and require enforceable pollution reductions, including SCR installation, on our states' biggest polluters Hunter, Huntington, Jim Bridger, Naughton, Dave Johnston, and Wyodak.",https://www.regulations.gov/comment/EPA-R08-OAR-2024-0389-0103,,false,source=Regulations.gov v4 comment detail; retrievedAt=2026-09-12T18:11:40+00:00; commentOnDocumentId=EPA-R08-OAR-2024-0389-0001; duplicateComments=1; organizationMissing=true
EPA-R08-OAR-2024-0389,EPA-R08-OAR-2024-0389-0104,Linda Chung,not provided by public Regulations.gov fields,2024-10-09T04:00:00Z,"Wyoming and Utah have submitted Regional Haze State Implementation Plans with no proposed pollution reductions, allowing some of the nation's biggest polluters to remain uncontrolled for nitrogen oxide, sulfur dioxide, and other pollutants when common-sense controls exist that could significantly cut those emissions.
EPAs proposed disapprovals of these do-nothing state plans are a critical first step to protect air quality, both in national parks and our communities. I urge EPA to finalize its proposed disapprovals and act quickly to implement plans that will result in real pollution reductions.
In Utah, EPA analysis shows that installing selective catalytic reduction (SCR) on Hunter and Huntington coal plants would be cost-effective and provide massive visibility benefits for Utahs national parks. These plants have avoided pollution reductions for decades. Now is the time for EPA to act.
Similarly, in Wyoming, the state failed to even consider pollution controls at the states largest polluters, including Jim Bridger, Naughton, Dave Johnston, and Wyodak coal plants. Each of these facilities could install cost-effective pollution controls, including SCRs, that would result in significant air-quality improvements across the state.
Please finalize the proposed disapprovals of Utah and Wyomings do-nothing plans and require enforceable pollution reductions, including SCR installation, on our states' biggest polluters Hunter, Huntington, Jim Bridger, Naughton, Dave Johnston, and Wyodak.",https://www.regulations.gov/comment/EPA-R08-OAR-2024-0389-0104,,false,source=Regulations.gov v4 comment detail; retrievedAt=2026-09-12T18:11:40+00:00; commentOnDocumentId=EPA-R08-OAR-2024-0389-0001; duplicateComments=1; organizationMissing=true
EPA-R08-OAR-2024-0389,EPA-R08-OAR-2024-0389-0105,Deborah Wardly,not provided by public Regulations.gov fields,2024-10-09T04:00:00Z,"Wyoming and Utah have submitted Regional Haze State Implementation Plans with no proposed pollution reductions, allowing some of the nation's biggest polluters to remain uncontrolled for nitrogen oxide, sulfur dioxide, and other pollutants when common-sense controls exist that could significantly cut those emissions.
EPAs proposed disapprovals of these do-nothing state plans are a critical first step to protect air quality, both in national parks and our communities. I urge EPA to finalize its proposed disapprovals and act quickly to implement plans that will result in real pollution reductions.
In Utah, EPA analysis shows that installing selective catalytic reduction (SCR) on Hunter and Huntington coal plants would be cost-effective and provide massive visibility benefits for Utahs national parks. These plants have avoided pollution reductions for decades. Now is the time for EPA to act.
Similarly, in Wyoming, the state failed to even consider pollution controls at the states largest polluters, including Jim Bridger, Naughton, Dave Johnston, and Wyodak coal plants. Each of these facilities could install cost-effective pollution controls, including SCRs, that would result in significant air-quality improvements across the state.
Please finalize the proposed disapprovals of Utah and Wyomings do-nothing plans and require enforceable pollution reductions, including SCR installation, on our states' biggest polluters Hunter, Huntington, Jim Bridger, Naughton, Dave Johnston, and Wyodak.",https://www.regulations.gov/comment/EPA-R08-OAR-2024-0389-0105,,false,source=Regulations.gov v4 comment detail; retrievedAt=2026-09-12T18:11:40+00:00; commentOnDocumentId=EPA-R08-OAR-2024-0389-0001; duplicateComments=1; organizationMissing=true
EPA-R08-OAR-2024-0389,EPA-R08-OAR-2024-0389-0106,David Sweet,not provided by public Regulations.gov fields,2024-10-09T04:00:00Z,"Wyoming and Utah have submitted Regional Haze State Implementation Plans with no proposed pollution reductions, allowing some of the nation's biggest polluters to remain uncontrolled for nitrogen oxide, sulfur dioxide, and other pollutants when common-sense controls exist that could significantly cut those emissions.
EPAs proposed disapprovals of these do-nothing state plans are a critical first step to protect air quality, both in national parks and our communities. I urge EPA to finalize its proposed disapprovals and act quickly to implement plans that will result in real pollution reductions.
In Utah, EPA analysis shows that installing selective catalytic reduction (SCR) on Hunter and Huntington coal plants would be cost-effective and provide massive visibility benefits for Utahs national parks. These plants have avoided pollution reductions for decades. Now is the time for EPA to act.
Similarly, in Wyoming, the state failed to even consider pollution controls at the states largest polluters, including Jim Bridger, Naughton, Dave Johnston, and Wyodak coal plants. Each of these facilities could install cost-effective pollution controls, including SCRs, that would result in significant air-quality improvements across the state.
Please finalize the proposed disapprovals of Utah and Wyomings do-nothing plans and require enforceable pollution reductions, including SCR installation, on our states' biggest polluters Hunter, Huntington, Jim Bridger, Naughton, Dave Johnston, and Wyodak.",https://www.regulations.gov/comment/EPA-R08-OAR-2024-0389-0106,,false,source=Regulations.gov v4 comment detail; retrievedAt=2026-09-12T18:11:40+00:00; commentOnDocumentId=EPA-R08-OAR-2024-0389-0001; duplicateComments=1; organizationMissing=true
EPA-R08-OAR-2024-0389,EPA-R08-OAR-2024-0389-0107,William Crimbring,not provided by public Regulations.gov fields,2024-10-09T04:00:00Z,"Wyoming and Utah have submitted Regional Haze State Implementation Plans with no proposed pollution reductions, allowing some of the nation's biggest polluters to remain uncontrolled for nitrogen oxide, sulfur dioxide, and other pollutants when common-sense controls exist that could significantly cut those emissions.
EPAs proposed disapprovals of these do-nothing state plans are a critical first step to protect air quality, both in national parks and our communities. I urge EPA to finalize its proposed disapprovals and act quickly to implement plans that will result in real pollution reductions.
In Utah, EPA analysis shows that installing selective catalytic reduction (SCR) on Hunter and Huntington coal plants would be cost-effective and provide massive visibility benefits for Utahs national parks. These plants have avoided pollution reductions for decades. Now is the time for EPA to act.
Similarly, in Wyoming, the state failed to even consider pollution controls at the states largest polluters, including Jim Bridger, Naughton, Dave Johnston, and Wyodak coal plants. Each of these facilities could install cost-effective pollution controls, including SCRs, that would result in significant air-quality improvements across the state.
Please finalize the proposed disapprovals of Utah and Wyomings do-nothing plans and require enforceable pollution reductions, including SCR installation, on our states' biggest polluters Hunter, Huntington, Jim Bridger, Naughton, Dave Johnston, and Wyodak.",https://www.regulations.gov/comment/EPA-R08-OAR-2024-0389-0107,,false,source=Regulations.gov v4 comment detail; retrievedAt=2026-09-12T18:11:40+00:00; commentOnDocumentId=EPA-R08-OAR-2024-0389-0001; duplicateComments=1; organizationMissing=true
EPA-R08-OAR-2024-0389,EPA-R08-OAR-2024-0389-0108,Tim Taylor,not provided by public Regulations.gov fields,2024-10-09T04:00:00Z,"Wyoming and Utah have submitted Regional Haze State Implementation Plans with no proposed pollution reductions, allowing some of the nation's biggest polluters to remain uncontrolled for nitrogen oxide, sulfur dioxide, and other pollutants when common-sense controls exist that could significantly cut those emissions.
EPAs proposed disapprovals of these do-nothing state plans are a critical first step to protect air quality, both in national parks and our communities. I urge EPA to finalize its proposed disapprovals and act quickly to implement plans that will result in real pollution reductions.
In Utah, EPA analysis shows that installing selective catalytic reduction (SCR) on Hunter and Huntington coal plants would be cost-effective and provide massive visibility benefits for Utahs national parks. These plants have avoided pollution reductions for decades. Now is the time for EPA to act.
Similarly, in Wyoming, the state failed to even consider pollution controls at the states largest polluters, including Jim Bridger, Naughton, Dave Johnston, and Wyodak coal plants. Each of these facilities could install cost-effective pollution controls, including SCRs, that would result in significant air-quality improvements across the state.
Please finalize the proposed disapprovals of Utah and Wyomings do-nothing plans and require enforceable pollution reductions, including SCR installation, on our states' biggest polluters Hunter, Huntington, Jim Bridger, Naughton, Dave Johnston, and Wyodak.",https://www.regulations.gov/comment/EPA-R08-OAR-2024-0389-0108,,false,source=Regulations.gov v4 comment detail; retrievedAt=2026-09-12T18:11:40+00:00; commentOnDocumentId=EPA-R08-OAR-2024-0389-0001; duplicateComments=1; organizationMissing=true
EPA-R08-OAR-2024-0389,EPA-R08-OAR-2024-0389-0109,Rob Gallinger,not provided by public Regulations.gov fields,2024-10-09T04:00:00Z,"Wyoming and Utah have submitted Regional Haze State Implementation Plans with no proposed pollution reductions, allowing some of the nation's biggest polluters to remain uncontrolled for nitrogen oxide, sulfur dioxide, and other pollutants when common-sense controls exist that could significantly cut those emissions.
EPAs proposed disapprovals of these do-nothing state plans are a critical first step to protect air quality, both in national parks and our communities. I urge EPA to finalize its proposed disapprovals and act quickly to implement plans that will result in real pollution reductions.
In Utah, EPA analysis shows that installing selective catalytic reduction (SCR) on Hunter and Huntington coal plants would be cost-effective and provide massive visibility benefits for Utahs national parks. These plants have avoided pollution reductions for decades. Now is the time for EPA to act.
Similarly, in Wyoming, the state failed to even consider pollution controls at the states largest polluters, including Jim Bridger, Naughton, Dave Johnston, and Wyodak coal plants. Each of these facilities could install cost-effective pollution controls, including SCRs, that would result in significant air-quality improvements across the state.
Please finalize the proposed disapprovals of Utah and Wyomings do-nothing plans and require enforceable pollution reductions, including SCR installation, on our states' biggest polluters Hunter, Huntington, Jim Bridger, Naughton, Dave Johnston, and Wyodak.",https://www.regulations.gov/comment/EPA-R08-OAR-2024-0389-0109,,false,source=Regulations.gov v4 comment detail; retrievedAt=2026-09-12T18:11:40+00:00; commentOnDocumentId=EPA-R08-OAR-2024-0389-0001; duplicateComments=1; organizationMissing=true
EPA-R08-OAR-2024-0389,EPA-R08-OAR-2024-0389-0110,Cathy Holden,not provided by public Regulations.gov fields,2024-10-09T04:00:00Z,"Wyoming and Utah have submitted Regional Haze State Implementation Plans with no proposed pollution reductions, allowing some of the nation's biggest polluters to remain uncontrolled for nitrogen oxide, sulfur dioxide, and other pollutants when common-sense controls exist that could significantly cut those emissions.
EPAs proposed disapprovals of these do-nothing state plans are a critical first step to protect air quality, both in national parks and our communities. I urge EPA to finalize its proposed disapprovals and act quickly to implement plans that will result in real pollution reductions.
In Utah, EPA analysis shows that installing selective catalytic reduction (SCR) on Hunter and Huntington coal plants would be cost-effective and provide massive visibility benefits for Utahs national parks. These plants have avoided pollution reductions for decades. Now is the time for EPA to act.
Similarly, in Wyoming, the state failed to even consider pollution controls at the states largest polluters, including Jim Bridger, Naughton, Dave Johnston, and Wyodak coal plants. Each of these facilities could install cost-effective pollution controls, including SCRs, that would result in significant air-quality improvements across the state.
Please finalize the proposed disapprovals of Utah and Wyomings do-nothing plans and require enforceable pollution reductions, including SCR installation, on our states' biggest polluters Hunter, Huntington, Jim Bridger, Naughton, Dave Johnston, and Wyodak.",https://www.regulations.gov/comment/EPA-R08-OAR-2024-0389-0110,,false,source=Regulations.gov v4 comment detail; retrievedAt=2026-09-12T18:11:40+00:00; commentOnDocumentId=EPA-R08-OAR-2024-0389-0001; duplicateComments=1; organizationMissing=true
EPA-R08-OAR-2024-0389,EPA-R08-OAR-2024-0389-0111,Steven Gross,not provided by public Regulations.gov fields,2024-10-09T04:00:00Z,"Wyoming and Utah have submitted Regional Haze State Implementation Plans with no proposed pollution reductions, allowing some of the nation's biggest polluters to remain uncontrolled for nitrogen oxide, sulfur dioxide, and other pollutants when common-sense controls exist that could significantly cut those emissions.
EPAs proposed disapprovals of these do-nothing state plans are a critical first step to protect air quality, both in national parks and our communities. I urge EPA to finalize its proposed disapprovals and act quickly to implement plans that will result in real pollution reductions.
In Utah, EPA analysis shows that installing selective catalytic reduction (SCR) on Hunter and Huntington coal plants would be cost-effective and provide massive visibility benefits for Utahs national parks. These plants have avoided pollution reductions for decades. Now is the time for EPA to act.
Similarly, in Wyoming, the state failed to even consider pollution controls at the states largest polluters, including Jim Bridger, Naughton, Dave Johnston, and Wyodak coal plants. Each of these facilities could install cost-effective pollution controls, including SCRs, that would result in significant air-quality improvements across the state.
Please finalize the proposed disapprovals of Utah and Wyomings do-nothing plans and require enforceable pollution reductions, including SCR installation, on our states' biggest polluters Hunter, Huntington, Jim Bridger, Naughton, Dave Johnston, and Wyodak.",https://www.regulations.gov/comment/EPA-R08-OAR-2024-0389-0111,,false,source=Regulations.gov v4 comment detail; retrievedAt=2026-09-12T18:11:40+00:00; commentOnDocumentId=EPA-R08-OAR-2024-0389-0001; duplicateComments=1; organizationMissing=true
EPA-R08-OAR-2024-0389,EPA-R08-OAR-2024-0389-0112,David Patenaude,not provided by public Regulations.gov fields,2024-10-09T04:00:00Z,"Wyoming and Utah have submitted Regional Haze State Implementation Plans with no proposed pollution reductions, allowing some of the nation's biggest polluters to remain uncontrolled for nitrogen oxide, sulfur dioxide, and other pollutants when common-sense controls exist that could significantly cut those emissions.
EPAs proposed disapprovals of these do-nothing state plans are a critical first step to protect air quality, both in national parks and our communities. I urge EPA to finalize its proposed disapprovals and act quickly to implement plans that will result in real pollution reductions.
In Utah, EPA analysis shows that installing selective catalytic reduction (SCR) on Hunter and Huntington coal plants would be cost-effective and provide massive visibility benefits for Utahs national parks. These plants have avoided pollution reductions for decades. Now is the time for EPA to act.
Similarly, in Wyoming, the state failed to even consider pollution controls at the states largest polluters, including Jim Bridger, Naughton, Dave Johnston, and Wyodak coal plants. Each of these facilities could install cost-effective pollution controls, including SCRs, that would result in significant air-quality improvements across the state.
Please finalize the proposed disapprovals of Utah and Wyomings do-nothing plans and require enforceable pollution reductions, including SCR installation, on our states' biggest polluters Hunter, Huntington, Jim Bridger, Naughton, Dave Johnston, and Wyodak.",https://www.regulations.gov/comment/EPA-R08-OAR-2024-0389-0112,,false,source=Regulations.gov v4 comment detail; retrievedAt=2026-09-12T18:11:40+00:00; commentOnDocumentId=EPA-R08-OAR-2024-0389-0001; duplicateComments=1; organizationMissing=true
EPA-R08-OAR-2024-0389,EPA-R08-OAR-2024-0389-0113,Sandy Grace,not provided by public Regulations.gov fields,2024-10-09T04:00:00Z,"We need nature and nature needs us!!!
Wyoming and Utah have submitted Regional Haze State Implementation Plans with no proposed pollution reductions, allowing some of the nation's biggest polluters to remain uncontrolled for nitrogen oxide, sulfur dioxide, and other pollutants when common-sense controls exist that could significantly cut those emissions.
EPAs proposed disapprovals of these do-nothing state plans are a critical first step to protect air quality, both in national parks and our communities. I urge EPA to finalize its proposed disapprovals and act quickly to implement plans that will result in real pollution reductions.
In Utah, EPA analysis shows that installing selective catalytic reduction (SCR) on Hunter and Huntington coal plants would be cost-effective and provide massive visibility benefits for Utahs national parks. These plants have avoided pollution reductions for decades. Now is the time for EPA to act.
Similarly, in Wyoming, the state failed to even consider pollution controls at the states largest polluters, including Jim Bridger, Naughton, Dave Johnston, and Wyodak coal plants. Each of these facilities could install cost-effective pollution controls, including SCRs, that would result in significant air-quality improvements across the state.
Please finalize the proposed disapprovals of Utah and Wyomings do-nothing plans and require enforceable pollution reductions, including SCR installation, on our states' biggest polluters Hunter, Huntington, Jim Bridger, Naughton, Dave Johnston, and Wyodak.",https://www.regulations.gov/comment/EPA-R08-OAR-2024-0389-0113,,false,source=Regulations.gov v4 comment detail; retrievedAt=2026-09-12T18:11:40+00:00; commentOnDocumentId=EPA-R08-OAR-2024-0389-0001; duplicateComments=1; organizationMissing=true
EPA-R08-OAR-2024-0389,EPA-R08-OAR-2024-0389-0114,Therese Debing,not provided by public Regulations.gov fields,2024-10-09T04:00:00Z,"Wyoming and Utah have submitted Regional Haze State Implementation Plans with no proposed pollution reductions, allowing some of the nation's biggest polluters to remain uncontrolled for nitrogen oxide, sulfur dioxide, and other pollutants when common-sense controls exist that could significantly cut those emissions.
EPAs proposed disapprovals of these do-nothing state plans are a critical first step to protect air quality, both in national parks and our communities. I urge EPA to finalize its proposed disapprovals and act quickly to implement plans that will result in real pollution reductions.
In Utah, EPA analysis shows that installing selective catalytic reduction (SCR) on Hunter and Huntington coal plants would be cost-effective and provide massive visibility benefits for Utahs national parks. These plants have avoided pollution reductions for decades. Now is the time for EPA to act.
Similarly, in Wyoming, the state failed to even consider pollution controls at the states largest polluters, including Jim Bridger, Naughton, Dave Johnston, and Wyodak coal plants. Each of these facilities could install cost-effective pollution controls, including SCRs, that would result in significant air-quality improvements across the state.
Please finalize the proposed disapprovals of Utah and Wyomings do-nothing plans and require enforceable pollution reductions, including SCR installation, on our states' biggest polluters Hunter, Huntington, Jim Bridger, Naughton, Dave Johnston, and Wyodak.",https://www.regulations.gov/comment/EPA-R08-OAR-2024-0389-0114,,false,source=Regulations.gov v4 comment detail; retrievedAt=2026-09-12T18:11:40+00:00; commentOnDocumentId=EPA-R08-OAR-2024-0389-0001; duplicateComments=1; organizationMissing=true
EPA-R08-OAR-2024-0389,EPA-R08-OAR-2024-0389-0115,Kimble Darlington,not provided by public Regulations.gov fields,2024-10-09T04:00:00Z,"Wyoming and Utah have submitted Regional Haze State Implementation Plans with no proposed pollution reductions, allowing some of the nation's biggest polluters to remain uncontrolled for nitrogen oxide, sulfur dioxide, and other pollutants when common-sense controls exist that could significantly cut those emissions.
EPAs proposed disapprovals of these do-nothing state plans are a critical first step to protect air quality, both in national parks and our communities. I urge EPA to finalize its proposed disapprovals and act quickly to implement plans that will result in real pollution reductions.
In Utah, EPA analysis shows that installing selective catalytic reduction (SCR) on Hunter and Huntington coal plants would be cost-effective and provide massive visibility benefits for Utahs national parks. These plants have avoided pollution reductions for decades. Now is the time for EPA to act.
Similarly, in Wyoming, the state failed to even consider pollution controls at the states largest polluters, including Jim Bridger, Naughton, Dave Johnston, and Wyodak coal plants. Each of these facilities could install cost-effective pollution controls, including SCRs, that would result in significant air-quality improvements across the state.
Please finalize the proposed disapprovals of Utah and Wyomings do-nothing plans and require enforceable pollution reductions, including SCR installation, on our states' biggest polluters Hunter, Huntington, Jim Bridger, Naughton, Dave Johnston, and Wyodak.",https://www.regulations.gov/comment/EPA-R08-OAR-2024-0389-0115,,false,source=Regulations.gov v4 comment detail; retrievedAt=2026-09-12T18:11:40+00:00; commentOnDocumentId=EPA-R08-OAR-2024-0389-0001; duplicateComments=1; organizationMissing=true
EPA-R08-OAR-2024-0389,EPA-R08-OAR-2024-0389-0116,John McSwigan,not provided by public Regulations.gov fields,2024-10-09T04:00:00Z,"Wyoming and Utah have submitted Regional Haze State Implementation Plans with no proposed pollution reductions, allowing some of the nation's biggest polluters to remain uncontrolled for nitrogen oxide, sulfur dioxide, and other pollutants when common-sense controls exist that could significantly cut those emissions.
EPAs proposed disapprovals of these do-nothing state plans are a critical first step to protect air quality, both in national parks and our communities. I urge EPA to finalize its proposed disapprovals and act quickly to implement plans that will result in real pollution reductions.
In Utah, EPA analysis shows that installing selective catalytic reduction (SCR) on Hunter and Huntington coal plants would be cost-effective and provide massive visibility benefits for Utahs national parks. These plants have avoided pollution reductions for decades. Now is the time for EPA to act.
Similarly, in Wyoming, the state failed to even consider pollution controls at the states largest polluters, including Jim Bridger, Naughton, Dave Johnston, and Wyodak coal plants. Each of these facilities could install cost-effective pollution controls, including SCRs, that would result in significant air-quality improvements across the state.
Please finalize the proposed disapprovals of Utah and Wyomings do-nothing plans and require enforceable pollution reductions, including SCR installation, on our states' biggest polluters Hunter, Huntington, Jim Bridger, Naughton, Dave Johnston, and Wyodak.",https://www.regulations.gov/comment/EPA-R08-OAR-2024-0389-0116,,false,source=Regulations.gov v4 comment detail; retrievedAt=2026-09-12T18:11:40+00:00; commentOnDocumentId=EPA-R08-OAR-2024-0389-0001; duplicateComments=1; organizationMissing=true
EPA-R08-OAR-2024-0389,EPA-R08-OAR-2024-0389-0117,Eric Buhle,not provided by public Regulations.gov fields,2024-10-09T04:00:00Z,"Wyoming and Utah have submitted Regional Haze State Implementation Plans with no proposed pollution reductions, allowing some of the nation's biggest polluters to remain uncontrolled for nitrogen oxide, sulfur dioxide, and other pollutants when common-sense controls exist that could significantly cut those emissions.
EPAs proposed disapprovals of these do-nothing state plans are a critical first step to protect air quality, both in national parks and our communities. I urge EPA to finalize its proposed disapprovals and act quickly to implement plans that will result in real pollution reductions.
In Utah, EPA analysis shows that installing selective catalytic reduction (SCR) on Hunter and Huntington coal plants would be cost-effective and provide massive visibility benefits for Utahs national parks. These plants have avoided pollution reductions for decades. Now is the time for EPA to act.
Similarly, in Wyoming, the state failed to even consider pollution controls at the states largest polluters, including Jim Bridger, Naughton, Dave Johnston, and Wyodak coal plants. Each of these facilities could install cost-effective pollution controls, including SCRs, that would result in significant air-quality improvements across the state.
Please finalize the proposed disapprovals of Utah and Wyomings do-nothing plans and require enforceable pollution reductions, including SCR installation, on our states' biggest polluters Hunter, Huntington, Jim Bridger, Naughton, Dave Johnston, and Wyodak.",https://www.regulations.gov/comment/EPA-R08-OAR-2024-0389-0117,,false,source=Regulations.gov v4 comment detail; retrievedAt=2026-09-12T18:11:40+00:00; commentOnDocumentId=EPA-R08-OAR-2024-0389-0001; duplicateComments=1; organizationMissing=true
EPA-R08-OAR-2024-0389,EPA-R08-OAR-2024-0389-0118,Marjory Keenan,not provided by public Regulations.gov fields,2024-10-09T04:00:00Z,"Wyoming and Utah have submitted Regional Haze State Implementation Plans with no proposed pollution reductions, allowing some of the nation's biggest polluters to remain uncontrolled for nitrogen oxide, sulfur dioxide, and other pollutants when common-sense controls exist that could significantly cut those emissions.
EPAs proposed disapprovals of these do-nothing state plans are a critical first step to protect air quality, both in national parks and our communities. I urge EPA to finalize its proposed disapprovals and act quickly to implement plans that will result in real pollution reductions.
In Utah, EPA analysis shows that installing selective catalytic reduction (SCR) on Hunter and Huntington coal plants would be cost-effective and provide massive visibility benefits for Utahs national parks. These plants have avoided pollution reductions for decades. Now is the time for EPA to act.
Similarly, in Wyoming, the state failed to even consider pollution controls at the states largest polluters, including Jim Bridger, Naughton, Dave Johnston, and Wyodak coal plants. Each of these facilities could install cost-effective pollution controls, including SCRs, that would result in significant air-quality improvements across the state.
Please finalize the proposed disapprovals of Utah and Wyomings do-nothing plans and require enforceable pollution reductions, including SCR installation, on our states' biggest polluters Hunter, Huntington, Jim Bridger, Naughton, Dave Johnston, and Wyodak.",https://www.regulations.gov/comment/EPA-R08-OAR-2024-0389-0118,,false,source=Regulations.gov v4 comment detail; retrievedAt=2026-09-12T18:11:40+00:00; commentOnDocumentId=EPA-R08-OAR-2024-0389-0001; duplicateComments=1; organizationMissing=true
EPA-R08-OAR-2024-0389,EPA-R08-OAR-2024-0389-0119,Donald Powers,not provided by public Regulations.gov fields,2024-10-09T04:00:00Z,"Must occur, what else is there to say! With much urgency!
Wyoming and Utah have submitted Regional Haze State Implementation Plans with no proposed pollution reductions, allowing some of the nation's biggest polluters to remain uncontrolled for nitrogen oxide, sulfur dioxide, and other pollutants when common-sense controls exist that could significantly cut those emissions.
EPAs proposed disapprovals of these do-nothing state plans are a critical first step to protect air quality, both in national parks and our communities. I urge EPA to finalize its proposed disapprovals and act quickly to implement plans that will result in real pollution reductions.
In Utah, EPA analysis shows that installing selective catalytic reduction (SCR) on Hunter and Huntington coal plants would be cost-effective and provide massive visibility benefits for Utahs national parks. These plants have avoided pollution reductions for decades. Now is the time for EPA to act.
Similarly, in Wyoming, the state failed to even consider pollution controls at the states largest polluters, including Jim Bridger, Naughton, Dave Johnston, and Wyodak coal plants. Each of these facilities could install cost-effective pollution controls, including SCRs, that would result in significant air-quality improvements across the state.
Please finalize the proposed disapprovals of Utah and Wyomings do-nothing plans and require enforceable pollution reductions, including SCR installation, on our states' biggest polluters Hunter, Huntington, Jim Bridger, Naughton, Dave Johnston, and Wyodak.",https://www.regulations.gov/comment/EPA-R08-OAR-2024-0389-0119,,false,source=Regulations.gov v4 comment detail; retrievedAt=2026-09-12T18:11:40+00:00; commentOnDocumentId=EPA-R08-OAR-2024-0389-0001; duplicateComments=1; organizationMissing=true
EPA-R08-OAR-2024-0389,EPA-R08-OAR-2024-0389-0120,Dan Hoey,not provided by public Regulations.gov fields,2024-10-09T04:00:00Z,"Wyoming and Utah have submitted Regional Haze State Implementation Plans with no proposed pollution reductions, allowing some of the nation's biggest polluters to remain uncontrolled for nitrogen oxide, sulfur dioxide, and other pollutants when common-sense controls exist that could significantly cut those emissions.
EPAs proposed disapprovals of these do-nothing state plans are a critical first step to protect air quality, both in national parks and our communities. I urge EPA to finalize its proposed disapprovals and act quickly to implement plans that will result in real pollution reductions.
In Utah, EPA analysis shows that installing selective catalytic reduction (SCR) on Hunter and Huntington coal plants would be cost-effective and provide massive visibility benefits for Utahs national parks. These plants have avoided pollution reductions for decades. Now is the time for EPA to act.
Similarly, in Wyoming, the state failed to even consider pollution controls at the states largest polluters, including Jim Bridger, Naughton, Dave Johnston, and Wyodak coal plants. Each of these facilities could install cost-effective pollution controls, including SCRs, that would result in significant air-quality improvements across the state.
Please finalize the proposed disapprovals of Utah and Wyomings do-nothing plans and require enforceable pollution reductions, including SCR installation, on our states' biggest polluters Hunter, Huntington, Jim Bridger, Naughton, Dave Johnston, and Wyodak.",https://www.regulations.gov/comment/EPA-R08-OAR-2024-0389-0120,,false,source=Regulations.gov v4 comment detail; retrievedAt=2026-09-12T18:11:40+00:00; commentOnDocumentId=EPA-R08-OAR-2024-0389-0001; duplicateComments=1; organizationMissing=true
EPA-R08-OAR-2024-0389,EPA-R08-OAR-2024-0389-0121,Jeffrey Paul LaGasse,not provided by public Regulations.gov fields,2024-10-09T04:00:00Z,"We need to leave the NATURALLY SEQUESTERED CARBON in the GROUND! Personally my lungs and eyes really appreciate the cleaner air. Evolve.
Wyoming and Utah have submitted Regional Haze State Implementation Plans with no proposed pollution reductions, allowing some of the nation's biggest polluters to remain uncontrolled for nitrogen oxide, sulfur dioxide, and other pollutants when common-sense controls exist that could significantly cut those emissions.
EPAs proposed disapprovals of these do-nothing state plans are a critical first step to protect air quality, both in national parks and our communities. I urge EPA to finalize its proposed disapprovals and act quickly to implement plans that will result in real pollution reductions.
In Utah, EPA analysis shows that installing selective catalytic reduction (SCR) on Hunter and Huntington coal plants would be cost-effective and provide massive visibility benefits for Utahs national parks. These plants have avoided pollution reductions for decades. Now is the time for EPA to act.
Similarly, in Wyoming, the state failed to even consider pollution controls at the states largest polluters, including Jim Bridger, Naughton, Dave Johnston, and Wyodak coal plants. Each of these facilities could install cost-effective pollution controls, including SCRs, that would result in significant air-quality improvements across the state.
Please finalize the proposed disapprovals of Utah and Wyomings do-nothing plans and require enforceable pollution reductions, including SCR installation, on our states' biggest polluters Hunter, Huntington, Jim Bridger, Naughton, Dave Johnston, and Wyodak.",https://www.regulations.gov/comment/EPA-R08-OAR-2024-0389-0121,,false,source=Regulations.gov v4 comment detail; retrievedAt=2026-09-12T18:11:40+00:00; commentOnDocumentId=EPA-R08-OAR-2024-0389-0001; duplicateComments=1; organizationMissing=true
EPA-R08-OAR-2024-0389,EPA-R08-OAR-2024-0389-0122,herb bettin,not provided by public Regulations.gov fields,2024-10-09T04:00:00Z,"Wyoming and Utah have submitted Regional Haze State Implementation Plans with no proposed pollution reductions, allowing some of the nation's biggest polluters to remain uncontrolled for nitrogen oxide, sulfur dioxide, and other pollutants when common-sense controls exist that could significantly cut those emissions.
EPAs proposed disapprovals of these do-nothing state plans are a critical first step to protect air quality, both in national parks and our communities. I urge EPA to finalize its proposed disapprovals and act quickly to implement plans that will result in real pollution reductions.
In Utah, EPA analysis shows that installing selective catalytic reduction (SCR) on Hunter and Huntington coal plants would be cost-effective and provide massive visibility benefits for Utahs national parks. These plants have avoided pollution reductions for decades. Now is the time for EPA to act.
Similarly, in Wyoming, the state failed to even consider pollution controls at the states largest polluters, including Jim Bridger, Naughton, Dave Johnston, and Wyodak coal plants. Each of these facilities could install cost-effective pollution controls, including SCRs, that would result in significant air-quality improvements across the state.
Please finalize the proposed disapprovals of Utah and Wyomings do-nothing plans and require enforceable pollution reductions, including SCR installation, on our states' biggest polluters Hunter, Huntington, Jim Bridger, Naughton, Dave Johnston, and Wyodak.",https://www.regulations.gov/comment/EPA-R08-OAR-2024-0389-0122,,false,source=Regulations.gov v4 comment detail; retrievedAt=2026-09-12T18:11:40+00:00; commentOnDocumentId=EPA-R08-OAR-2024-0389-0001; duplicateComments=1; organizationMissing=true
EPA-R08-OAR-2024-0389,EPA-R08-OAR-2024-0389-0123,Erik Horeis,not provided by public Regulations.gov fields,2024-10-09T04:00:00Z,"Wyoming and Utah have submitted Regional Haze State Implementation Plans with no proposed pollution reductions, allowing some of the nation's biggest polluters to remain uncontrolled for nitrogen oxide, sulfur dioxide, and other pollutants when common-sense controls exist that could significantly cut those emissions.
EPAs proposed disapprovals of these do-nothing state plans are a critical first step to protect air quality, both in national parks and our communities. I urge EPA to finalize its proposed disapprovals and act quickly to implement plans that will result in real pollution reductions.
In Utah, EPA analysis shows that installing selective catalytic reduction (SCR) on Hunter and Huntington coal plants would be cost-effective and provide massive visibility benefits for Utahs national parks. These plants have avoided pollution reductions for decades. Now is the time for EPA to act.
Similarly, in Wyoming, the state failed to even consider pollution controls at the states largest polluters, including Jim Bridger, Naughton, Dave Johnston, and Wyodak coal plants. Each of these facilities could install cost-effective pollution controls, including SCRs, that would result in significant air-quality improvements across the state.
Please finalize the proposed disapprovals of Utah and Wyomings do-nothing plans and require enforceable pollution reductions, including SCR installation, on our states' biggest polluters Hunter, Huntington, Jim Bridger, Naughton, Dave Johnston, and Wyodak.",https://www.regulations.gov/comment/EPA-R08-OAR-2024-0389-0123,,false,source=Regulations.gov v4 comment detail; retrievedAt=2026-09-12T18:11:40+00:00; commentOnDocumentId=EPA-R08-OAR-2024-0389-0001; duplicateComments=1; organizationMissing=true
EPA-R08-OAR-2024-0389,EPA-R08-OAR-2024-0389-0124,Doris Queener,not provided by public Regulations.gov fields,2024-10-09T04:00:00Z,"Breathing clean air should be a vital protection for human life
Wyoming and Utah have submitted Regional Haze State Implementation Plans with no proposed pollution reductions, allowing some of the nation's biggest polluters to remain uncontrolled for nitrogen oxide, sulfur dioxide, and other pollutants when common-sense controls exist that could significantly cut those emissions.
EPAs proposed disapprovals of these do-nothing state plans are a critical first step to protect air quality, both in national parks and our communities. I urge EPA to finalize its proposed disapprovals and act quickly to implement plans that will result in real pollution reductions.
In Utah, EPA analysis shows that installing selective catalytic reduction (SCR) on Hunter and Huntington coal plants would be cost-effective and provide massive visibility benefits for Utahs national parks. These plants have avoided pollution reductions for decades. Now is the time for EPA to act.
Similarly, in Wyoming, the state failed to even consider pollution controls at the states largest polluters, including Jim Bridger, Naughton, Dave Johnston, and Wyodak coal plants. Each of these facilities could install cost-effective pollution controls, including SCRs, that would result in significant air-quality improvements across the state.
Please finalize the proposed disapprovals of Utah and Wyomings do-nothing plans and require enforceable pollution reductions, including SCR installation, on our states' biggest polluters Hunter, Huntington, Jim Bridger, Naughton, Dave Johnston, and Wyodak.",https://www.regulations.gov/comment/EPA-R08-OAR-2024-0389-0124,,false,source=Regulations.gov v4 comment detail; retrievedAt=2026-09-12T18:11:40+00:00; commentOnDocumentId=EPA-R08-OAR-2024-0389-0001; duplicateComments=1; organizationMissing=true
EPA-R08-OAR-2024-0389,EPA-R08-OAR-2024-0389-0125,Lori Fuller,not provided by public Regulations.gov fields,2024-10-09T04:00:00Z,"Wyoming and Utah have submitted Regional Haze State Implementation Plans with no proposed pollution reductions, allowing some of the nation's biggest polluters to remain uncontrolled for nitrogen oxide, sulfur dioxide, and other pollutants when common-sense controls exist that could significantly cut those emissions.
EPAs proposed disapprovals of these do-nothing state plans are a critical first step to protect air quality, both in national parks and our communities. I urge EPA to finalize its proposed disapprovals and act quickly to implement plans that will result in real pollution reductions.
In Utah, EPA analysis shows that installing selective catalytic reduction (SCR) on Hunter and Huntington coal plants would be cost-effective and provide massive visibility benefits for Utahs national parks. These plants have avoided pollution reductions for decades. Now is the time for EPA to act.
Similarly, in Wyoming, the state failed to even consider pollution controls at the states largest polluters, including Jim Bridger, Naughton, Dave Johnston, and Wyodak coal plants. Each of these facilities could install cost-effective pollution controls, including SCRs, that would result in significant air-quality improvements across the state.
Please finalize the proposed disapprovals of Utah and Wyomings do-nothing plans and require enforceable pollution reductions, including SCR installation, on our states' biggest polluters Hunter, Huntington, Jim Bridger, Naughton, Dave Johnston, and Wyodak.",https://www.regulations.gov/comment/EPA-R08-OAR-2024-0389-0125,,false,source=Regulations.gov v4 comment detail; retrievedAt=2026-09-12T18:11:40+00:00; commentOnDocumentId=EPA-R08-OAR-2024-0389-0001; duplicateComments=1; organizationMissing=true
EPA-R08-OAR-2024-0389,EPA-R08-OAR-2024-0389-0126,Jerry Schneider,not provided by public Regulations.gov fields,2024-10-09T04:00:00Z,"This action to reduce the haze that hangs over our parks is long overdue. It is important to restore the beautiful vistas and visitor experiences.
Wyoming and Utah have submitted Regional Haze State Implementation Plans with no proposed pollution reductions, allowing some of the nation's biggest polluters to remain uncontrolled for nitrogen oxide, sulfur dioxide, and other pollutants when common-sense controls exist that could significantly cut those emissions.
EPAs proposed disapprovals of these do-nothing state plans are a critical first step to protect air quality, both in national parks and our communities. I urge EPA to finalize its proposed disapprovals and act quickly to implement plans that will result in real pollution reductions.
In Utah, EPA analysis shows that installing selective catalytic reduction (SCR) on Hunter and Huntington coal plants would be cost-effective and provide massive visibility benefits for Utahs national parks. These plants have avoided pollution reductions for decades. Now is the time for EPA to act.
Similarly, in Wyoming, the state failed to even consider pollution controls at the states largest polluters, including Jim Bridger, Naughton, Dave Johnston, and Wyodak coal plants. Each of these facilities could install cost-effective pollution controls, including SCRs, that would result in significant air-quality improvements across the state.
Please finalize the proposed disapprovals of Utah and Wyomings do-nothing plans and require enforceable pollution reductions, including SCR installation, on our states' biggest polluters Hunter, Huntington, Jim Bridger, Naughton, Dave Johnston, and Wyodak.",https://www.regulations.gov/comment/EPA-R08-OAR-2024-0389-0126,,false,source=Regulations.gov v4 comment detail; retrievedAt=2026-09-12T18:11:40+00:00; commentOnDocumentId=EPA-R08-OAR-2024-0389-0001; duplicateComments=1; organizationMissing=true
EPA-R08-OAR-2024-0389,EPA-R08-OAR-2024-0389-0127,Robin Reinhart,not provided by public Regulations.gov fields,2024-10-09T04:00:00Z,"Wyoming and Utah have submitted Regional Haze State Implementation Plans with no proposed pollution reductions, allowing some of the nation's biggest polluters to remain uncontrolled for nitrogen oxide, sulfur dioxide, and other pollutants when common-sense controls exist that could significantly cut those emissions.
EPAs proposed disapprovals of these do-nothing state plans are a critical first step to protect air quality, both in national parks and our communities. I urge EPA to finalize its proposed disapprovals and act quickly to implement plans that will result in real pollution reductions.
In Utah, EPA analysis shows that installing selective catalytic reduction (SCR) on Hunter and Huntington coal plants would be cost-effective and provide massive visibility benefits for Utahs national parks. These plants have avoided pollution reductions for decades. Now is the time for EPA to act.
Similarly, in Wyoming, the state failed to even consider pollution controls at the states largest polluters, including Jim Bridger, Naughton, Dave Johnston, and Wyodak coal plants. Each of these facilities could install cost-effective pollution controls, including SCRs, that would result in significant air-quality improvements across the state.
Please finalize the proposed disapprovals of Utah and Wyomings do-nothing plans and require enforceable pollution reductions, including SCR installation, on our states' biggest polluters Hunter, Huntington, Jim Bridger, Naughton, Dave Johnston, and Wyodak.",https://www.regulations.gov/comment/EPA-R08-OAR-2024-0389-0127,,false,source=Regulations.gov v4 comment detail; retrievedAt=2026-09-12T18:11:40+00:00; commentOnDocumentId=EPA-R08-OAR-2024-0389-0001; duplicateComments=1; organizationMissing=true
EPA-R08-OAR-2024-0389,EPA-R08-OAR-2024-0389-0128,Linda Gourley,not provided by public Regulations.gov fields,2024-10-09T04:00:00Z,"Wyoming and Utah have submitted Regional Haze State Implementation Plans with no proposed pollution reductions, allowing some of the nation's biggest polluters to remain uncontrolled for nitrogen oxide, sulfur dioxide, and other pollutants when common-sense controls exist that could significantly cut those emissions.
EPAs proposed disapprovals of these do-nothing state plans are a critical first step to protect air quality, both in national parks and our communities. I urge EPA to finalize its proposed disapprovals and act quickly to implement plans that will result in real pollution reductions.
In Utah, EPA analysis shows that installing selective catalytic reduction (SCR) on Hunter and Huntington coal plants would be cost-effective and provide massive visibility benefits for Utahs national parks. These plants have avoided pollution reductions for decades. Now is the time for EPA to act.
Similarly, in Wyoming, the state failed to even consider pollution controls at the states largest polluters, including Jim Bridger, Naughton, Dave Johnston, and Wyodak coal plants. Each of these facilities could install cost-effective pollution controls, including SCRs, that would result in significant air-quality improvements across the state.
Please finalize the proposed disapprovals of Utah and Wyomings do-nothing plans and require enforceable pollution reductions, including SCR installation, on our states' biggest polluters Hunter, Huntington, Jim Bridger, Naughton, Dave Johnston, and Wyodak.",https://www.regulations.gov/comment/EPA-R08-OAR-2024-0389-0128,,false,source=Regulations.gov v4 comment detail; retrievedAt=2026-09-12T18:11:40+00:00; commentOnDocumentId=EPA-R08-OAR-2024-0389-0001; duplicateComments=1; organizationMissing=true
EPA-R08-OAR-2024-0389,EPA-R08-OAR-2024-0389-0129,Jeffrey Wang,not provided by public Regulations.gov fields,2024-10-09T04:00:00Z,"Please act with urgency!
Wyoming and Utah have submitted Regional Haze State Implementation Plans with no proposed pollution reductions, allowing some of the nation's biggest polluters to remain uncontrolled for nitrogen oxide, sulfur dioxide, and other pollutants when common-sense controls exist that could significantly cut those emissions.
EPAs proposed disapprovals of these do-nothing state plans are a critical first step to protect air quality, both in national parks and our communities. I urge EPA to finalize its proposed disapprovals and act quickly to implement plans that will result in real pollution reductions.
In Utah, EPA analysis shows that installing selective catalytic reduction (SCR) on Hunter and Huntington coal plants would be cost-effective and provide massive visibility benefits for Utahs national parks. These plants have avoided pollution reductions for decades. Now is the time for EPA to act.
Similarly, in Wyoming, the state failed to even consider pollution controls at the states largest polluters, including Jim Bridger, Naughton, Dave Johnston, and Wyodak coal plants. Each of these facilities could install cost-effective pollution controls, including SCRs, that would result in significant air-quality improvements across the state.
Please finalize the proposed disapprovals of Utah and Wyomings do-nothing plans and require enforceable pollution reductions, including SCR installation, on our states' biggest polluters Hunter, Huntington, Jim Bridger, Naughton, Dave Johnston, and Wyodak.",https://www.regulations.gov/comment/EPA-R08-OAR-2024-0389-0129,,false,source=Regulations.gov v4 comment detail; retrievedAt=2026-09-12T18:11:40+00:00; commentOnDocumentId=EPA-R08-OAR-2024-0389-0001; duplicateComments=1; organizationMissing=true
EPA-R08-OAR-2024-0389,EPA-R08-OAR-2024-0389-0130,Kenneth Kay,not provided by public Regulations.gov fields,2024-10-09T04:00:00Z,"Think long term
Wyoming and Utah have submitted Regional Haze State Implementation Plans with no proposed pollution reductions, allowing some of the nation's biggest polluters to remain uncontrolled for nitrogen oxide, sulfur dioxide, and other pollutants when common-sense controls exist that could significantly cut those emissions.
EPAs proposed disapprovals of these do-nothing state plans are a critical first step to protect air quality, both in national parks and our communities. I urge EPA to finalize its proposed disapprovals and act quickly to implement plans that will result in real pollution reductions.
In Utah, EPA analysis shows that installing selective catalytic reduction (SCR) on Hunter and Huntington coal plants would be cost-effective and provide massive visibility benefits for Utahs national parks. These plants have avoided pollution reductions for decades. Now is the time for EPA to act.
Similarly, in Wyoming, the state failed to even consider pollution controls at the states largest polluters, including Jim Bridger, Naughton, Dave Johnston, and Wyodak coal plants. Each of these facilities could install cost-effective pollution controls, including SCRs, that would result in significant air-quality improvements across the state.
Please finalize the proposed disapprovals of Utah and Wyomings do-nothing plans and require enforceable pollution reductions, including SCR installation, on our states' biggest polluters Hunter, Huntington, Jim Bridger, Naughton, Dave Johnston, and Wyodak.",https://www.regulations.gov/comment/EPA-R08-OAR-2024-0389-0130,,false,source=Regulations.gov v4 comment detail; retrievedAt=2026-09-12T18:11:40+00:00; commentOnDocumentId=EPA-R08-OAR-2024-0389-0001; duplicateComments=1; organizationMissing=true
EPA-R08-OAR-2024-0389,EPA-R08-OAR-2024-0389-0131,Thomas Johnsen,not provided by public Regulations.gov fields,2024-10-09T04:00:00Z,"It's like being cheated out of a birthright; these parks were preserved for our enjoyment and pollution is denying us that right.
Wyoming and Utah have submitted Regional Haze State Implementation Plans with no proposed pollution reductions, allowing some of the nation's biggest polluters to remain uncontrolled for nitrogen oxide, sulfur dioxide, and other pollutants when common-sense controls exist that could significantly cut those emissions.
EPAs proposed disapprovals of these do-nothing state plans are a critical first step to protect air quality, both in national parks and our communities. I urge EPA to finalize its proposed disapprovals and act quickly to implement plans that will result in real pollution reductions.
In Utah, EPA analysis shows that installing selective catalytic reduction (SCR) on Hunter and Huntington coal plants would be cost-effective and provide massive visibility benefits for Utahs national parks. These plants have avoided pollution reductions for decades. Now is the time for EPA to act.
Similarly, in Wyoming, the state failed to even consider pollution controls at the states largest polluters, including Jim Bridger, Naughton, Dave Johnston, and Wyodak coal plants. Each of these facilities could install cost-effective pollution controls, including SCRs, that would result in significant air-quality improvements across the state.
Please finalize the proposed disapprovals of Utah and Wyomings do-nothing plans and require enforceable pollution reductions, including SCR installation, on our states' biggest polluters Hunter, Huntington, Jim Bridger, Naughton, Dave Johnston, and Wyodak.",https://www.regulations.gov/comment/EPA-R08-OAR-2024-0389-0131,,false,source=Regulations.gov v4 comment detail; retrievedAt=2026-09-12T18:11:40+00:00; commentOnDocumentId=EPA-R08-OAR-2024-0389-0001; duplicateComments=1; organizationMissing=true
EPA-R08-OAR-2024-0389,EPA-R08-OAR-2024-0389-0132,Melvis Morris,not provided by public Regulations.gov fields,2024-10-09T04:00:00Z,"Wyoming and Utah have submitted Regional Haze State Implementation Plans with no proposed pollution reductions, allowing some of the nation's biggest polluters to remain uncontrolled for nitrogen oxide, sulfur dioxide, and other pollutants when common-sense controls exist that could significantly cut those emissions.
EPAs proposed disapprovals of these do-nothing state plans are a critical first step to protect air quality, both in national parks and our communities. I urge EPA to finalize its proposed disapprovals and act quickly to implement plans that will result in real pollution reductions.
In Utah, EPA analysis shows that installing selective catalytic reduction (SCR) on Hunter and Huntington coal plants would be cost-effective and provide massive visibility benefits for Utahs national parks. These plants have avoided pollution reductions for decades. Now is the time for EPA to act.
Similarly, in Wyoming, the state failed to even consider pollution controls at the states largest polluters, including Jim Bridger, Naughton, Dave Johnston, and Wyodak coal plants. Each of these facilities could install cost-effective pollution controls, including SCRs, that would result in significant air-quality improvements across the state.
Please finalize the proposed disapprovals of Utah and Wyomings do-nothing plans and require enforceable pollution reductions, including SCR installation, on our states' biggest polluters Hunter, Huntington, Jim Bridger, Naughton, Dave Johnston, and Wyodak.",https://www.regulations.gov/comment/EPA-R08-OAR-2024-0389-0132,,false,source=Regulations.gov v4 comment detail; retrievedAt=2026-09-12T18:11:40+00:00; commentOnDocumentId=EPA-R08-OAR-2024-0389-0001; duplicateComments=1; organizationMissing=true
EPA-R08-OAR-2024-0389,EPA-R08-OAR-2024-0389-0133,Ken Rosen,not provided by public Regulations.gov fields,2024-10-09T04:00:00Z,"Wyoming and Utah have submitted Regional Haze State Implementation Plans with no proposed pollution reductions, allowing some of the nation's biggest polluters to remain uncontrolled for nitrogen oxide, sulfur dioxide, and other pollutants when common-sense controls exist that could significantly cut those emissions.
EPAs proposed disapprovals of these do-nothing state plans are a critical first step to protect air quality, both in national parks and our communities. I urge EPA to finalize its proposed disapprovals and act quickly to implement plans that will result in real pollution reductions.
In Utah, EPA analysis shows that installing selective catalytic reduction (SCR) on Hunter and Huntington coal plants would be cost-effective and provide massive visibility benefits for Utahs national parks. These plants have avoided pollution reductions for decades. Now is the time for EPA to act.
Similarly, in Wyoming, the state failed to even consider pollution controls at the states largest polluters, including Jim Bridger, Naughton, Dave Johnston, and Wyodak coal plants. Each of these facilities could install cost-effective pollution controls, including SCRs, that would result in significant air-quality improvements across the state.
Please finalize the proposed disapprovals of Utah and Wyomings do-nothing plans and require enforceable pollution reductions, including SCR installation, on our states' biggest polluters Hunter, Huntington, Jim Bridger, Naughton, Dave Johnston, and Wyodak.",https://www.regulations.gov/comment/EPA-R08-OAR-2024-0389-0133,,false,source=Regulations.gov v4 comment detail; retrievedAt=2026-09-12T18:11:40+00:00; commentOnDocumentId=EPA-R08-OAR-2024-0389-0001; duplicateComments=1; organizationMissing=true
EPA-R08-OAR-2024-0389,EPA-R08-OAR-2024-0389-0134,Howard Strauss,not provided by public Regulations.gov fields,2024-10-09T04:00:00Z,"Wyoming and Utah have submitted Regional Haze State Implementation Plans with no proposed pollution reductions, allowing some of the nation's biggest polluters to remain uncontrolled for nitrogen oxide, sulfur dioxide, and other pollutants when common-sense controls exist that could significantly cut those emissions.
EPAs proposed disapprovals of these do-nothing state plans are a critical first step to protect air quality, both in national parks and our communities. I urge EPA to finalize its proposed disapprovals and act quickly to implement plans that will result in real pollution reductions.
In Utah, EPA analysis shows that installing selective catalytic reduction (SCR) on Hunter and Huntington coal plants would be cost-effective and provide massive visibility benefits for Utahs national parks. These plants have avoided pollution reductions for decades. Now is the time for EPA to act.
Similarly, in Wyoming, the state failed to even consider pollution controls at the states largest polluters, including Jim Bridger, Naughton, Dave Johnston, and Wyodak coal plants. Each of these facilities could install cost-effective pollution controls, including SCRs, that would result in significant air-quality improvements across the state.
Please finalize the proposed disapprovals of Utah and Wyomings do-nothing plans and require enforceable pollution reductions, including SCR installation, on our states' biggest polluters Hunter, Huntington, Jim Bridger, Naughton, Dave Johnston, and Wyodak.",https://www.regulations.gov/comment/EPA-R08-OAR-2024-0389-0134,,false,source=Regulations.gov v4 comment detail; retrievedAt=2026-09-12T18:11:40+00:00; commentOnDocumentId=EPA-R08-OAR-2024-0389-0001; duplicateComments=1; organizationMissing=true
EPA-R08-OAR-2024-0389,EPA-R08-OAR-2024-0389-0135,Andy Lupenko,not provided by public Regulations.gov fields,2024-10-09T04:00:00Z,"Wyoming and Utah have submitted Regional Haze State Implementation Plans with no proposed pollution reductions, allowing some of the nation's biggest polluters to remain uncontrolled for nitrogen oxide, sulfur dioxide, and other pollutants when common-sense controls exist that could significantly cut those emissions.
EPAs proposed disapprovals of these do-nothing state plans are a critical first step to protect air quality, both in national parks and our communities. I urge EPA to finalize its proposed disapprovals and act quickly to implement plans that will result in real pollution reductions.
In Utah, EPA analysis shows that installing selective catalytic reduction (SCR) on Hunter and Huntington coal plants would be cost-effective and provide massive visibility benefits for Utahs national parks. These plants have avoided pollution reductions for decades. Now is the time for EPA to act.
Similarly, in Wyoming, the state failed to even consider pollution controls at the states largest polluters, including Jim Bridger, Naughton, Dave Johnston, and Wyodak coal plants. Each of these facilities could install cost-effective pollution controls, including SCRs, that would result in significant air-quality improvements across the state.
Please finalize the proposed disapprovals of Utah and Wyomings do-nothing plans and require enforceable pollution reductions, including SCR installation, on our states' biggest polluters Hunter, Huntington, Jim Bridger, Naughton, Dave Johnston, and Wyodak.",https://www.regulations.gov/comment/EPA-R08-OAR-2024-0389-0135,,false,source=Regulations.gov v4 comment detail; retrievedAt=2026-09-12T18:11:40+00:00; commentOnDocumentId=EPA-R08-OAR-2024-0389-0001; duplicateComments=1; organizationMissing=true
EPA-R08-OAR-2024-0389,EPA-R08-OAR-2024-0389-0136,Tracey Kahan,not provided by public Regulations.gov fields,2024-10-09T04:00:00Z,"Wyoming and Utah have submitted Regional Haze State Implementation Plans with no proposed pollution reductions, allowing some of the nation's biggest polluters to remain uncontrolled for nitrogen oxide, sulfur dioxide, and other pollutants when common-sense controls exist that could significantly cut those emissions.
EPAs proposed disapprovals of these do-nothing state plans are a critical first step to protect air quality, both in national parks and our communities. I urge EPA to finalize its proposed disapprovals and act quickly to implement plans that will result in real pollution reductions.
In Utah, EPA analysis shows that installing selective catalytic reduction (SCR) on Hunter and Huntington coal plants would be cost-effective and provide massive visibility benefits for Utahs national parks. These plants have avoided pollution reductions for decades. Now is the time for EPA to act.
Similarly, in Wyoming, the state failed to even consider pollution controls at the states largest polluters, including Jim Bridger, Naughton, Dave Johnston, and Wyodak coal plants. Each of these facilities could install cost-effective pollution controls, including SCRs, that would result in significant air-quality improvements across the state.
Please finalize the proposed disapprovals of Utah and Wyomings do-nothing plans and require enforceable pollution reductions, including SCR installation, on our states' biggest polluters Hunter, Huntington, Jim Bridger, Naughton, Dave Johnston, and Wyodak.",https://www.regulations.gov/comment/EPA-R08-OAR-2024-0389-0136,,false,source=Regulations.gov v4 comment detail; retrievedAt=2026-09-12T18:11:40+00:00; commentOnDocumentId=EPA-R08-OAR-2024-0389-0001; duplicateComments=1; organizationMissing=true
EPA-R08-OAR-2024-0389,EPA-R08-OAR-2024-0389-0137,Mark Bartleman,not provided by public Regulations.gov fields,2024-10-09T04:00:00Z,"Wyoming and Utah have submitted Regional Haze State Implementation Plans with no proposed pollution reductions, allowing some of the nation's biggest polluters to remain uncontrolled for nitrogen oxide, sulfur dioxide, and other pollutants when common-sense controls exist that could significantly cut those emissions.
EPAs proposed disapprovals of these do-nothing state plans are a critical first step to protect air quality, both in national parks and our communities. I urge EPA to finalize its proposed disapprovals and act quickly to implement plans that will result in real pollution reductions.
In Utah, EPA analysis shows that installing selective catalytic reduction (SCR) on Hunter and Huntington coal plants would be cost-effective and provide massive visibility benefits for Utahs national parks. These plants have avoided pollution reductions for decades. Now is the time for EPA to act.
Similarly, in Wyoming, the state failed to even consider pollution controls at the states largest polluters, including Jim Bridger, Naughton, Dave Johnston, and Wyodak coal plants. Each of these facilities could install cost-effective pollution controls, including SCRs, that would result in significant air-quality improvements across the state.
Please finalize the proposed disapprovals of Utah and Wyomings do-nothing plans and require enforceable pollution reductions, including SCR installation, on our states' biggest polluters Hunter, Huntington, Jim Bridger, Naughton, Dave Johnston, and Wyodak.
Thank you.",https://www.regulations.gov/comment/EPA-R08-OAR-2024-0389-0137,,false,source=Regulations.gov v4 comment detail; retrievedAt=2026-09-12T18:11:40+00:00; commentOnDocumentId=EPA-R08-OAR-2024-0389-0001; duplicateComments=1; organizationMissing=true
EPA-R08-OAR-2024-0389,EPA-R08-OAR-2024-0389-0138,Mary Lyda,not provided by public Regulations.gov fields,2024-10-09T04:00:00Z,"Wyoming and Utah have submitted Regional Haze State Implementation Plans with no proposed pollution reductions, allowing some of the nation's biggest polluters to remain uncontrolled for nitrogen oxide, sulfur dioxide, and other pollutants when common-sense controls exist that could significantly cut those emissions.
EPAs proposed disapprovals of these do-nothing state plans are a critical first step to protect air quality, both in national parks and our communities. I urge EPA to finalize its proposed disapprovals and act quickly to implement plans that will result in real pollution reductions.
In Utah, EPA analysis shows that installing selective catalytic reduction (SCR) on Hunter and Huntington coal plants would be cost-effective and provide massive visibility benefits for Utahs national parks. These plants have avoided pollution reductions for decades. Now is the time for EPA to act.
Similarly, in Wyoming, the state failed to even consider pollution controls at the states largest polluters, including Jim Bridger, Naughton, Dave Johnston, and Wyodak coal plants. Each of these facilities could install cost-effective pollution controls, including SCRs, that would result in significant air-quality improvements across the state.
Please finalize the proposed disapprovals of Utah and Wyomings do-nothing plans and require enforceable pollution reductions, including SCR installation, on our states' biggest polluters Hunter, Huntington, Jim Bridger, Naughton, Dave Johnston, and Wyodak.",https://www.regulations.gov/comment/EPA-R08-OAR-2024-0389-0138,,false,source=Regulations.gov v4 comment detail; retrievedAt=2026-09-12T18:11:40+00:00; commentOnDocumentId=EPA-R08-OAR-2024-0389-0001; duplicateComments=1; organizationMissing=true
EPA-R08-OAR-2024-0389,EPA-R08-OAR-2024-0389-0139,Lisa Fender,not provided by public Regulations.gov fields,2024-10-09T04:00:00Z,"Clean up our air
Wyoming and Utah have submitted Regional Haze State Implementation Plans with no proposed pollution reductions, allowing some of the nation's biggest polluters to remain uncontrolled for nitrogen oxide, sulfur dioxide, and other pollutants when common-sense controls exist that could significantly cut those emissions.
EPAs proposed disapprovals of these do-nothing state plans are a critical first step to protect air quality, both in national parks and our communities. I urge EPA to finalize its proposed disapprovals and act quickly to implement plans that will result in real pollution reductions.
In Utah, EPA analysis shows that installing selective catalytic reduction (SCR) on Hunter and Huntington coal plants would be cost-effective and provide massive visibility benefits for Utahs national parks. These plants have avoided pollution reductions for decades. Now is the time for EPA to act.
Similarly, in Wyoming, the state failed to even consider pollution controls at the states largest polluters, including Jim Bridger, Naughton, Dave Johnston, and Wyodak coal plants. Each of these facilities could install cost-effective pollution controls, including SCRs, that would result in significant air-quality improvements across the state.
Please finalize the proposed disapprovals of Utah and Wyomings do-nothing plans and require enforceable pollution reductions, including SCR installation, on our states' biggest polluters Hunter, Huntington, Jim Bridger, Naughton, Dave Johnston, and Wyodak.",https://www.regulations.gov/comment/EPA-R08-OAR-2024-0389-0139,,false,source=Regulations.gov v4 comment detail; retrievedAt=2026-09-12T18:11:40+00:00; commentOnDocumentId=EPA-R08-OAR-2024-0389-0001; duplicateComments=1; organizationMissing=true
EPA-R08-OAR-2024-0389,EPA-R08-OAR-2024-0389-0140,Mary Mcdermott,not provided by public Regulations.gov fields,2024-10-09T04:00:00Z,"Wyoming and Utah have submitted Regional Haze State Implementation Plans with no proposed pollution reductions, allowing some of the nation's biggest polluters to remain uncontrolled for nitrogen oxide, sulfur dioxide, and other pollutants when common-sense controls exist that could significantly cut those emissions.
EPAs proposed disapprovals of these do-nothing state plans are a critical first step to protect air quality, both in national parks and our communities. I urge EPA to finalize its proposed disapprovals and act quickly to implement plans that will result in real pollution reductions.
In Utah, EPA analysis shows that installing selective catalytic reduction (SCR) on Hunter and Huntington coal plants would be cost-effective and provide massive visibility benefits for Utahs national parks. These plants have avoided pollution reductions for decades. Now is the time for EPA to act.
Similarly, in Wyoming, the state failed to even consider pollution controls at the states largest polluters, including Jim Bridger, Naughton, Dave Johnston, and Wyodak coal plants. Each of these facilities could install cost-effective pollution controls, including SCRs, that would result in significant air-quality improvements across the state.
Please finalize the proposed disapprovals of Utah and Wyomings do-nothing plans and require enforceable pollution reductions, including SCR installation, on our states' biggest polluters Hunter, Huntington, Jim Bridger, Naughton, Dave Johnston, and Wyodak.",https://www.regulations.gov/comment/EPA-R08-OAR-2024-0389-0140,,false,source=Regulations.gov v4 comment detail; retrievedAt=2026-09-12T18:11:40+00:00; commentOnDocumentId=EPA-R08-OAR-2024-0389-0001; duplicateComments=1; organizationMissing=true
EPA-R08-OAR-2024-0389,EPA-R08-OAR-2024-0389-0141,Mark Rhomberg,not provided by public Regulations.gov fields,2024-10-09T04:00:00Z,"Wyoming and Utah have submitted Regional Haze State Implementation Plans with no proposed pollution reductions, allowing some of the nation's biggest polluters to remain uncontrolled for nitrogen oxide, sulfur dioxide, and other pollutants when common-sense controls exist that could significantly cut those emissions.
EPAs proposed disapprovals of these do-nothing state plans are a critical first step to protect air quality, both in national parks and our communities. I urge EPA to finalize its proposed disapprovals and act quickly to implement plans that will result in real pollution reductions.
In Utah, EPA analysis shows that installing selective catalytic reduction (SCR) on Hunter and Huntington coal plants would be cost-effective and provide massive visibility benefits for Utahs national parks. These plants have avoided pollution reductions for decades. Now is the time for EPA to act.
Similarly, in Wyoming, the state failed to even consider pollution controls at the states largest polluters, including Jim Bridger, Naughton, Dave Johnston, and Wyodak coal plants. Each of these facilities could install cost-effective pollution controls, including SCRs, that would result in significant air-quality improvements across the state.
Please finalize the proposed disapprovals of Utah and Wyomings do-nothing plans and require enforceable pollution reductions, including SCR installation, on our states' biggest polluters Hunter, Huntington, Jim Bridger, Naughton, Dave Johnston, and Wyodak.",https://www.regulations.gov/comment/EPA-R08-OAR-2024-0389-0141,,false,source=Regulations.gov v4 comment detail; retrievedAt=2026-09-12T18:11:40+00:00; commentOnDocumentId=EPA-R08-OAR-2024-0389-0001; duplicateComments=1; organizationMissing=true
EPA-R08-OAR-2024-0389,EPA-R08-OAR-2024-0389-0142,Fran Post,not provided by public Regulations.gov fields,2024-10-09T04:00:00Z,"Wyoming and Utah have submitted Regional Haze State Implementation Plans with no proposed pollution reductions, allowing some of the nation's biggest polluters to remain uncontrolled for nitrogen oxide, sulfur dioxide, and other pollutants when common-sense controls exist that could significantly cut those emissions.
EPAs proposed disapprovals of these do-nothing state plans are a critical first step to protect air quality, both in national parks and our communities. I urge EPA to finalize its proposed disapprovals and act quickly to implement plans that will result in real pollution reductions.
In Utah, EPA analysis shows that installing selective catalytic reduction (SCR) on Hunter and Huntington coal plants would be cost-effective and provide massive visibility benefits for Utahs national parks. These plants have avoided pollution reductions for decades. Now is the time for EPA to act.
Similarly, in Wyoming, the state failed to even consider pollution controls at the states largest polluters, including Jim Bridger, Naughton, Dave Johnston, and Wyodak coal plants. Each of these facilities could install cost-effective pollution controls, including SCRs, that would result in significant air-quality improvements across the state.
Please finalize the proposed disapprovals of Utah and Wyomings do-nothing plans and require enforceable pollution reductions, including SCR installation, on our states' biggest polluters Hunter, Huntington, Jim Bridger, Naughton, Dave Johnston, and Wyodak.",https://www.regulations.gov/comment/EPA-R08-OAR-2024-0389-0142,,false,source=Regulations.gov v4 comment detail; retrievedAt=2026-09-12T18:11:40+00:00; commentOnDocumentId=EPA-R08-OAR-2024-0389-0001; duplicateComments=1; organizationMissing=true
EPA-R08-OAR-2024-0389,EPA-R08-OAR-2024-0389-0143,Catherine and Clifford Les,not provided by public Regulations.gov fields,2024-10-09T04:00:00Z,"People and parks need clean air! It shouldn't be OK to throw toxics into the air.
Wyoming and Utah have submitted Regional Haze State Implementation Plans with no proposed pollution reductions, allowing some of the nation's biggest polluters to remain uncontrolled for nitrogen oxide, sulfur dioxide, and other pollutants when common-sense controls exist that could significantly cut those emissions.
EPAs proposed disapprovals of these do-nothing state plans are a critical first step to protect air quality, both in national parks and our communities. I urge EPA to finalize its proposed disapprovals and act quickly to implement plans that will result in real pollution reductions.
In Utah, EPA analysis shows that installing selective catalytic reduction (SCR) on Hunter and Huntington coal plants would be cost-effective and provide massive visibility benefits for Utahs national parks. These plants have avoided pollution reductions for decades. Now is the time for EPA to act.
Similarly, in Wyoming, the state failed to even consider pollution controls at the states largest polluters, including Jim Bridger, Naughton, Dave Johnston, and Wyodak coal plants. Each of these facilities could install cost-effective pollution controls, including SCRs, that would result in significant air-quality improvements across the state.
Please finalize the proposed disapprovals of Utah and Wyomings do-nothing plans and require enforceable pollution reductions, including SCR installation, on our states' biggest polluters Hunter, Huntington, Jim Bridger, Naughton, Dave Johnston, and Wyodak.",https://www.regulations.gov/comment/EPA-R08-OAR-2024-0389-0143,,false,source=Regulations.gov v4 comment detail; retrievedAt=2026-09-12T18:11:40+00:00; commentOnDocumentId=EPA-R08-OAR-2024-0389-0001; duplicateComments=1; organizationMissing=true
EPA-R08-OAR-2024-0389,EPA-R08-OAR-2024-0389-0144,Jennifer McDaid,not provided by public Regulations.gov fields,2024-10-09T04:00:00Z,"Wyoming and Utah have submitted Regional Haze State Implementation Plans with no proposed pollution reductions, allowing some of the nation's biggest polluters to remain uncontrolled for nitrogen oxide, sulfur dioxide, and other pollutants when common-sense controls exist that could significantly cut those emissions.
EPAs proposed disapprovals of these do-nothing state plans are a critical first step to protect air quality, both in national parks and our communities. I urge EPA to finalize its proposed disapprovals and act quickly to implement plans that will result in real pollution reductions.
In Utah, EPA analysis shows that installing selective catalytic reduction (SCR) on Hunter and Huntington coal plants would be cost-effective and provide massive visibility benefits for Utahs national parks. These plants have avoided pollution reductions for decades. Now is the time for EPA to act.
Similarly, in Wyoming, the state failed to even consider pollution controls at the states largest polluters, including Jim Bridger, Naughton, Dave Johnston, and Wyodak coal plants. Each of these facilities could install cost-effective pollution controls, including SCRs, that would result in significant air-quality improvements across the state.
Please finalize the proposed disapprovals of Utah and Wyomings do-nothing plans and require enforceable pollution reductions, including SCR installation, on our states' biggest polluters Hunter, Huntington, Jim Bridger, Naughton, Dave Johnston, and Wyodak.",https://www.regulations.gov/comment/EPA-R08-OAR-2024-0389-0144,,false,source=Regulations.gov v4 comment detail; retrievedAt=2026-09-12T18:11:40+00:00; commentOnDocumentId=EPA-R08-OAR-2024-0389-0001; duplicateComments=1; organizationMissing=true
EPA-R08-OAR-2024-0389,EPA-R08-OAR-2024-0389-0145,Gregory and Eileen Misslin,not provided by public Regulations.gov fields,2024-10-09T04:00:00Z,"Wyoming and Utah have submitted Regional Haze State Implementation Plans with no proposed pollution reductions, allowing some of the nation's biggest polluters to remain uncontrolled for nitrogen oxide, sulfur dioxide, and other pollutants when common-sense controls exist that could significantly cut those emissions.
EPAs proposed disapprovals of these do-nothing state plans are a critical first step to protect air quality, both in national parks and our communities. I urge EPA to finalize its proposed disapprovals and act quickly to implement plans that will result in real pollution reductions.
In Utah, EPA analysis shows that installing selective catalytic reduction (SCR) on Hunter and Huntington coal plants would be cost-effective and provide massive visibility benefits for Utahs national parks. These plants have avoided pollution reductions for decades. Now is the time for EPA to act.
Similarly, in Wyoming, the state failed to even consider pollution controls at the states largest polluters, including Jim Bridger, Naughton, Dave Johnston, and Wyodak coal plants. Each of these facilities could install cost-effective pollution controls, including SCRs, that would result in significant air-quality improvements across the state.
Please finalize the proposed disapprovals of Utah and Wyomings do-nothing plans and require enforceable pollution reductions, including SCR installation, on our states' biggest polluters Hunter, Huntington, Jim Bridger, Naughton, Dave Johnston, and Wyodak.",https://www.regulations.gov/comment/EPA-R08-OAR-2024-0389-0145,,false,source=Regulations.gov v4 comment detail; retrievedAt=2026-09-12T18:11:40+00:00; commentOnDocumentId=EPA-R08-OAR-2024-0389-0001; duplicateComments=1; organizationMissing=true
EPA-R08-OAR-2024-0389,EPA-R08-OAR-2024-0389-0146,Daniel Goldberg,not provided by public Regulations.gov fields,2024-10-09T04:00:00Z,"Wyoming and Utah have submitted Regional Haze State Implementation Plans with no proposed pollution reductions, allowing some of the nation's biggest polluters to remain uncontrolled for nitrogen oxide, sulfur dioxide, and other pollutants when common-sense controls exist that could significantly cut those emissions.
EPAs proposed disapprovals of these do-nothing state plans are a critical first step to protect air quality, both in national parks and our communities. I urge EPA to finalize its proposed disapprovals and act quickly to implement plans that will result in real pollution reductions.
In Utah, EPA analysis shows that installing selective catalytic reduction (SCR) on Hunter and Huntington coal plants would be cost-effective and provide massive visibility benefits for Utahs national parks. These plants have avoided pollution reductions for decades. Now is the time for EPA to act.
Similarly, in Wyoming, the state failed to even consider pollution controls at the states largest polluters, including Jim Bridger, Naughton, Dave Johnston, and Wyodak coal plants. Each of these facilities could install cost-effective pollution controls, including SCRs, that would result in significant air-quality improvements across the state.
Please finalize the proposed disapprovals of Utah and Wyomings do-nothing plans and require enforceable pollution reductions, including SCR installation, on our states' biggest polluters Hunter, Huntington, Jim Bridger, Naughton, Dave Johnston, and Wyodak.",https://www.regulations.gov/comment/EPA-R08-OAR-2024-0389-0146,,false,source=Regulations.gov v4 comment detail; retrievedAt=2026-09-12T18:11:40+00:00; commentOnDocumentId=EPA-R08-OAR-2024-0389-0001; duplicateComments=1; organizationMissing=true
EPA-R08-OAR-2024-0389,EPA-R08-OAR-2024-0389-0147,Shannon Allsop,not provided by public Regulations.gov fields,2024-10-09T04:00:00Z,"Wyoming and Utah have submitted Regional Haze State Implementation Plans with no proposed pollution reductions, allowing some of the nation's biggest polluters to remain uncontrolled for nitrogen oxide, sulfur dioxide, and other pollutants when common-sense controls exist that could significantly cut those emissions.
EPAs proposed disapprovals of these do-nothing state plans are a critical first step to protect air quality, both in national parks and our communities. I urge EPA to finalize its proposed disapprovals and act quickly to implement plans that will result in real pollution reductions.
In Utah, EPA analysis shows that installing selective catalytic reduction (SCR) on Hunter and Huntington coal plants would be cost-effective and provide massive visibility benefits for Utahs national parks. These plants have avoided pollution reductions for decades. Now is the time for EPA to act.
Similarly, in Wyoming, the state failed to even consider pollution controls at the states largest polluters, including Jim Bridger, Naughton, Dave Johnston, and Wyodak coal plants. Each of these facilities could install cost-effective pollution controls, including SCRs, that would result in significant air-quality improvements across the state.
Please finalize the proposed disapprovals of Utah and Wyomings do-nothing plans and require enforceable pollution reductions, including SCR installation, on our states' biggest polluters Hunter, Huntington, Jim Bridger, Naughton, Dave Johnston, and Wyodak.",https://www.regulations.gov/comment/EPA-R08-OAR-2024-0389-0147,,false,source=Regulations.gov v4 comment detail; retrievedAt=2026-09-12T18:11:40+00:00; commentOnDocumentId=EPA-R08-OAR-2024-0389-0001; duplicateComments=1; organizationMissing=true
EPA-R08-OAR-2024-0389,EPA-R08-OAR-2024-0389-0148,Nina Greenberg,not provided by public Regulations.gov fields,2024-10-09T04:00:00Z,"Wyoming and Utah have submitted Regional Haze State Implementation Plans with no proposed pollution reductions, allowing some of the nation's biggest polluters to remain uncontrolled for nitrogen oxide, sulfur dioxide, and other pollutants when common-sense controls exist that could significantly cut those emissions.
EPAs proposed disapprovals of these do-nothing state plans are a critical first step to protect air quality, both in national parks and our communities. I urge EPA to finalize its proposed disapprovals and act quickly to implement plans that will result in real pollution reductions.
In Utah, EPA analysis shows that installing selective catalytic reduction (SCR) on Hunter and Huntington coal plants would be cost-effective and provide massive visibility benefits for Utahs national parks. These plants have avoided pollution reductions for decades. Now is the time for EPA to act.
Similarly, in Wyoming, the state failed to even consider pollution controls at the states largest polluters, including Jim Bridger, Naughton, Dave Johnston, and Wyodak coal plants. Each of these facilities could install cost-effective pollution controls, including SCRs, that would result in significant air-quality improvements across the state.
Please finalize the proposed disapprovals of Utah and Wyomings do-nothing plans and require enforceable pollution reductions, including SCR installation, on our states' biggest polluters Hunter, Huntington, Jim Bridger, Naughton, Dave Johnston, and Wyodak.",https://www.regulations.gov/comment/EPA-R08-OAR-2024-0389-0148,,false,source=Regulations.gov v4 comment detail; retrievedAt=2026-09-12T18:11:40+00:00; commentOnDocumentId=EPA-R08-OAR-2024-0389-0001; duplicateComments=1; organizationMissing=true
EPA-R08-OAR-2024-0389,EPA-R08-OAR-2024-0389-0149,Rodney Love,not provided by public Regulations.gov fields,2024-10-09T04:00:00Z,"Wyoming and Utah have submitted Regional Haze State Implementation Plans with no proposed pollution reductions, allowing some of the nation's biggest polluters to remain uncontrolled for nitrogen oxide, sulfur dioxide, and other pollutants when common-sense controls exist that could significantly cut those emissions.
EPAs proposed disapprovals of these do-nothing state plans are a critical first step to protect air quality, both in national parks and our communities. I urge EPA to finalize its proposed disapprovals and act quickly to implement plans that will result in real pollution reductions.
In Utah, EPA analysis shows that installing selective catalytic reduction (SCR) on Hunter and Huntington coal plants would be cost-effective and provide massive visibility benefits for Utahs national parks. These plants have avoided pollution reductions for decades. Now is the time for EPA to act.
Similarly, in Wyoming, the state failed to even consider pollution controls at the states largest polluters, including Jim Bridger, Naughton, Dave Johnston, and Wyodak coal plants. Each of these facilities could install cost-effective pollution controls, including SCRs, that would result in significant air-quality improvements across the state.
Please finalize the proposed disapprovals of Utah and Wyomings do-nothing plans and require enforceable pollution reductions, including SCR installation, on our states' biggest polluters Hunter, Huntington, Jim Bridger, Naughton, Dave Johnston, and Wyodak.",https://www.regulations.gov/comment/EPA-R08-OAR-2024-0389-0149,,false,source=Regulations.gov v4 comment detail; retrievedAt=2026-09-12T18:11:40+00:00; commentOnDocumentId=EPA-R08-OAR-2024-0389-0001; duplicateComments=1; organizationMissing=true
EPA-R08-OAR-2024-0389,EPA-R08-OAR-2024-0389-0150,Stanley Penkin,not provided by public Regulations.gov fields,2024-10-09T04:00:00Z,"Please act with urgency on this critical issue that harms all of us.
Wyoming and Utah have submitted Regional Haze State Implementation Plans with no proposed pollution reductions, allowing some of the nation's biggest polluters to remain uncontrolled for nitrogen oxide, sulfur dioxide, and other pollutants when common-sense controls exist that could significantly cut those emissions.
EPAs proposed disapprovals of these do-nothing state plans are a critical first step to protect air quality, both in national parks and our communities. I urge EPA to finalize its proposed disapprovals and act quickly to implement plans that will result in real pollution reductions.
In Utah, EPA analysis shows that installing selective catalytic reduction (SCR) on Hunter and Huntington coal plants would be cost-effective and provide massive visibility benefits for Utahs national parks. These plants have avoided pollution reductions for decades. Now is the time for EPA to act.
Similarly, in Wyoming, the state failed to even consider pollution controls at the states largest polluters, including Jim Bridger, Naughton, Dave Johnston, and Wyodak coal plants. Each of these facilities could install cost-effective pollution controls, including SCRs, that would result in significant air-quality improvements across the state.
Please finalize the proposed disapprovals of Utah and Wyomings do-nothing plans and require enforceable pollution reductions, including SCR installation, on our states' biggest polluters Hunter, Huntington, Jim Bridger, Naughton, Dave Johnston, and Wyodak.",https://www.regulations.gov/comment/EPA-R08-OAR-2024-0389-0150,,false,source=Regulations.gov v4 comment detail; retrievedAt=2026-09-12T18:11:40+00:00; commentOnDocumentId=EPA-R08-OAR-2024-0389-0001; duplicateComments=1; organizationMissing=true
EPA-R08-OAR-2024-0389,EPA-R08-OAR-2024-0389-0151,Peter Kokopeli,not provided by public Regulations.gov fields,2024-10-09T04:00:00Z,"I am writing to support the EPAs proposed rejections of SIPs that do nothing to address pollution at coal plants in Wyoming and Utah.
Wyoming and Utah have submitted Regional Haze State Implementation Plans with no proposed pollution reductions, allowing some of the nation's biggest polluters to remain uncontrolled for nitrogen oxide, sulfur dioxide, and other pollutants when common-sense controls exist that could significantly cut those emissions.
EPAs proposed disapprovals of these do-nothing state plans are a critical first step to protect air quality, both in national parks and our communities. I urge EPA to finalize its proposed disapprovals and act quickly to implement plans that will result in real pollution reductions.
In Utah, EPA analysis shows that installing selective catalytic reduction (SCR) on Hunter and Huntington coal plants would be cost-effective and provide massive visibility benefits for Utahs national parks. These plants have avoided pollution reductions for decades. Now is the time for EPA to act.
Similarly, in Wyoming, the state failed to even consider pollution controls at the states largest polluters, including Jim Bridger, Naughton, Dave Johnston, and Wyodak coal plants. Each of these facilities could install cost-effective pollution controls, including SCRs, that would result in significant air-quality improvements across the state.
Please finalize the proposed disapprovals of Utah and Wyomings do-nothing plans and require enforceable pollution reductions, including SCR installation, on our states' biggest polluters Hunter, Huntington, Jim Bridger, Naughton, Dave Johnston, and Wyodak.",https://www.regulations.gov/comment/EPA-R08-OAR-2024-0389-0151,,false,source=Regulations.gov v4 comment detail; retrievedAt=2026-09-12T18:11:40+00:00; commentOnDocumentId=EPA-R08-OAR-2024-0389-0001; duplicateComments=1; organizationMissing=true
EPA-R08-OAR-2024-0389,EPA-R08-OAR-2024-0389-0152,Catherine Uchiyama,not provided by public Regulations.gov fields,2024-10-09T04:00:00Z,"Wyoming and Utah have submitted Regional Haze State Implementation Plans with no proposed pollution reductions, allowing some of the nation's biggest polluters to remain uncontrolled for nitrogen oxide, sulfur dioxide, and other pollutants when common-sense controls exist that could significantly cut those emissions.
EPAs proposed disapprovals of these do-nothing state plans are a critical first step to protect air quality, both in national parks and our communities. I urge EPA to finalize its proposed disapprovals and act quickly to implement plans that will result in real pollution reductions.
In Utah, EPA analysis shows that installing selective catalytic reduction (SCR) on Hunter and Huntington coal plants would be cost-effective and provide massive visibility benefits for Utahs national parks. These plants have avoided pollution reductions for decades. Now is the time for EPA to act.
Similarly, in Wyoming, the state failed to even consider pollution controls at the states largest polluters, including Jim Bridger, Naughton, Dave Johnston, and Wyodak coal plants. Each of these facilities could install cost-effective pollution controls, including SCRs, that would result in significant air-quality improvements across the state.
Please finalize the proposed disapprovals of Utah and Wyomings do-nothing plans and require enforceable pollution reductions, including SCR installation, on our states' biggest polluters Hunter, Huntington, Jim Bridger, Naughton, Dave Johnston, and Wyodak.",https://www.regulations.gov/comment/EPA-R08-OAR-2024-0389-0152,,false,source=Regulations.gov v4 comment detail; retrievedAt=2026-09-12T18:11:40+00:00; commentOnDocumentId=EPA-R08-OAR-2024-0389-0001; duplicateComments=1; organizationMissing=true
EPA-R08-OAR-2024-0389,EPA-R08-OAR-2024-0389-0153,John Hafkenschiel,not provided by public Regulations.gov fields,2024-10-09T04:00:00Z,"Wyoming and Utah have submitted Regional Haze State Implementation Plans with no proposed pollution reductions, allowing some of the nation's biggest polluters to remain uncontrolled for nitrogen oxide, sulfur dioxide, and other pollutants when common-sense controls exist that could significantly cut those emissions.
EPAs proposed disapprovals of these do-nothing state plans are a critical first step to protect air quality, both in national parks and our communities. I urge EPA to finalize its proposed disapprovals and act quickly to implement plans that will result in real pollution reductions.
In Utah, EPA analysis shows that installing selective catalytic reduction (SCR) on Hunter and Huntington coal plants would be cost-effective and provide massive visibility benefits for Utahs national parks. These plants have avoided pollution reductions for decades. Now is the time for EPA to act.
Similarly, in Wyoming, the state failed to even consider pollution controls at the states largest polluters, including Jim Bridger, Naughton, Dave Johnston, and Wyodak coal plants. Each of these facilities could install cost-effective pollution controls, including SCRs, that would result in significant air-quality improvements across the state.
Please finalize the proposed disapprovals of Utah and Wyomings do-nothing plans and require enforceable pollution reductions, including SCR installation, on our states' biggest polluters Hunter, Huntington, Jim Bridger, Naughton, Dave Johnston, and Wyodak.",https://www.regulations.gov/comment/EPA-R08-OAR-2024-0389-0153,,false,source=Regulations.gov v4 comment detail; retrievedAt=2026-09-12T18:11:40+00:00; commentOnDocumentId=EPA-R08-OAR-2024-0389-0001; duplicateComments=1; organizationMissing=true
EPA-R08-OAR-2024-0389,EPA-R08-OAR-2024-0389-0154,Jeannie Keyes,not provided by public Regulations.gov fields,2024-10-09T04:00:00Z,"Wyoming and Utah have submitted Regional Haze State Implementation Plans with no proposed pollution reductions, allowing some of the nation's biggest polluters to remain uncontrolled for nitrogen oxide, sulfur dioxide, and other pollutants when common-sense controls exist that could significantly cut those emissions.
EPAs proposed disapprovals of these do-nothing state plans are a critical first step to protect air quality, both in national parks and our communities. I urge EPA to finalize its proposed disapprovals and act quickly to implement plans that will result in real pollution reductions.
In Utah, EPA analysis shows that installing selective catalytic reduction (SCR) on Hunter and Huntington coal plants would be cost-effective and provide massive visibility benefits for Utahs national parks. These plants have avoided pollution reductions for decades. Now is the time for EPA to act.
Similarly, in Wyoming, the state failed to even consider pollution controls at the states largest polluters, including Jim Bridger, Naughton, Dave Johnston, and Wyodak coal plants. Each of these facilities could install cost-effective pollution controls, including SCRs, that would result in significant air-quality improvements across the state.
Please finalize the proposed disapprovals of Utah and Wyomings do-nothing plans and require enforceable pollution reductions, including SCR installation, on our states' biggest polluters Hunter, Huntington, Jim Bridger, Naughton, Dave Johnston, and Wyodak.",https://www.regulations.gov/comment/EPA-R08-OAR-2024-0389-0154,,false,source=Regulations.gov v4 comment detail; retrievedAt=2026-09-12T18:11:40+00:00; commentOnDocumentId=EPA-R08-OAR-2024-0389-0001; duplicateComments=1; organizationMissing=true
EPA-R08-OAR-2024-0389,EPA-R08-OAR-2024-0389-0155,Edward De Francia,not provided by public Regulations.gov fields,2024-10-09T04:00:00Z,"Wyoming and Utah have submitted Regional Haze State Implementation Plans with no proposed pollution reductions, allowing some of the nation's biggest polluters to remain uncontrolled for nitrogen oxide, sulfur dioxide, and other pollutants when common-sense controls exist that could significantly cut those emissions.
EPAs proposed disapprovals of these do-nothing state plans are a critical first step to protect air quality, both in national parks and our communities. I urge EPA to finalize its proposed disapprovals and act quickly to implement plans that will result in real pollution reductions.
In Utah, EPA analysis shows that installing selective catalytic reduction (SCR) on Hunter and Huntington coal plants would be cost-effective and provide massive visibility benefits for Utahs national parks. These plants have avoided pollution reductions for decades. Now is the time for EPA to act.
Similarly, in Wyoming, the state failed to even consider pollution controls at the states largest polluters, including Jim Bridger, Naughton, Dave Johnston, and Wyodak coal plants. Each of these facilities could install cost-effective pollution controls, including SCRs, that would result in significant air-quality improvements across the state.
Please finalize the proposed disapprovals of Utah and Wyomings do-nothing plans and require enforceable pollution reductions, including SCR installation, on our states' biggest polluters Hunter, Huntington, Jim Bridger, Naughton, Dave Johnston, and Wyodak.",https://www.regulations.gov/comment/EPA-R08-OAR-2024-0389-0155,,false,source=Regulations.gov v4 comment detail; retrievedAt=2026-09-12T18:11:40+00:00; commentOnDocumentId=EPA-R08-OAR-2024-0389-0001; duplicateComments=1; organizationMissing=true
EPA-R08-OAR-2024-0389,EPA-R08-OAR-2024-0389-0156,Janice Tanaka,not provided by public Regulations.gov fields,2024-10-09T04:00:00Z,"Please for the sake of future generations health do not continue with producing deadly emissions. The air we breath is already filled with aluminum, lead, and carbon monoxide and smoke from wild fires, having and impact with out ability to think clearly and decision making. Make a choice that impacts the good of generations to follow.
Wyoming and Utah have submitted Regional Haze State Implementation Plans with no proposed pollution reductions, allowing some of the nation's biggest polluters to remain uncontrolled for nitrogen oxide, sulfur dioxide, and other pollutants when common-sense controls exist that could significantly cut those emissions.
EPAs proposed disapprovals of these do-nothing state plans are a critical first step to protect air quality, both in national parks and our communities. I urge EPA to finalize its proposed disapprovals and act quickly to implement plans that will result in real pollution reductions.
In Utah, EPA analysis shows that installing selective catalytic reduction (SCR) on Hunter and Huntington coal plants would be cost-effective and provide massive visibility benefits for Utahs national parks. These plants have avoided pollution reductions for decades. Now is the time for EPA to act.
Similarly, in Wyoming, the state failed to even consider pollution controls at the states largest polluters, including Jim Bridger, Naughton, Dave Johnston, and Wyodak coal plants. Each of these facilities could install cost-effective pollution controls, including SCRs, that would result in significant air-quality improvements across the state.
Please finalize the proposed disapprovals of Utah and Wyomings do-nothing plans and require enforceable pollution reductions, including SCR installation, on our states' biggest polluters Hunter, Huntington, Jim Bridger, Naughton, Dave Johnston, and Wyodak.",https://www.regulations.gov/comment/EPA-R08-OAR-2024-0389-0156,,false,source=Regulations.gov v4 comment detail; retrievedAt=2026-09-12T18:11:40+00:00; commentOnDocumentId=EPA-R08-OAR-2024-0389-0001; duplicateComments=1; organizationMissing=true
EPA-R08-OAR-2024-0389,EPA-R08-OAR-2024-0389-0157,Mark Stannard,not provided by public Regulations.gov fields,2024-10-09T04:00:00Z,"Wyoming and Utah have submitted Regional Haze State Implementation Plans with no proposed pollution reductions, allowing some of the nation's biggest polluters to remain uncontrolled for nitrogen oxide, sulfur dioxide, and other pollutants when common-sense controls exist that could significantly cut those emissions.
EPAs proposed disapprovals of these do-nothing state plans are a critical first step to protect air quality, both in national parks and our communities. I urge EPA to finalize its proposed disapprovals and act quickly to implement plans that will result in real pollution reductions.
In Utah, EPA analysis shows that installing selective catalytic reduction (SCR) on Hunter and Huntington coal plants would be cost-effective and provide massive visibility benefits for Utahs national parks. These plants have avoided pollution reductions for decades. Now is the time for EPA to act.
Similarly, in Wyoming, the state failed to even consider pollution controls at the states largest polluters, including Jim Bridger, Naughton, Dave Johnston, and Wyodak coal plants. Each of these facilities could install cost-effective pollution controls, including SCRs, that would result in significant air-quality improvements across the state.
Please finalize the proposed disapprovals of Utah and Wyomings do-nothing plans and require enforceable pollution reductions, including SCR installation, on our states' biggest polluters Hunter, Huntington, Jim Bridger, Naughton, Dave Johnston, and Wyodak.",https://www.regulations.gov/comment/EPA-R08-OAR-2024-0389-0157,,false,source=Regulations.gov v4 comment detail; retrievedAt=2026-09-12T18:11:40+00:00; commentOnDocumentId=EPA-R08-OAR-2024-0389-0001; duplicateComments=1; organizationMissing=true
EPA-R08-OAR-2024-0389,EPA-R08-OAR-2024-0389-0158,Karin Olson,not provided by public Regulations.gov fields,2024-10-09T04:00:00Z,"Wyoming and Utah have submitted Regional Haze State Implementation Plans with no proposed pollution reductions, allowing some of the nation's biggest polluters to remain uncontrolled for nitrogen oxide, sulfur dioxide, and other pollutants when common-sense controls exist that could significantly cut those emissions.
EPAs proposed disapprovals of these do-nothing state plans are a critical first step to protect air quality, both in national parks and our communities. I urge EPA to finalize its proposed disapprovals and act quickly to implement plans that will result in real pollution reductions.
In Utah, EPA analysis shows that installing selective catalytic reduction (SCR) on Hunter and Huntington coal plants would be cost-effective and provide massive visibility benefits for Utahs national parks. These plants have avoided pollution reductions for decades. Now is the time for EPA to act.
Similarly, in Wyoming, the state failed to even consider pollution controls at the states largest polluters, including Jim Bridger, Naughton, Dave Johnston, and Wyodak coal plants. Each of these facilities could install cost-effective pollution controls, including SCRs, that would result in significant air-quality improvements across the state.
Please finalize the proposed disapprovals of Utah and Wyomings do-nothing plans and require enforceable pollution reductions, including SCR installation, on our states' biggest polluters Hunter, Huntington, Jim Bridger, Naughton, Dave Johnston, and Wyodak.",https://www.regulations.gov/comment/EPA-R08-OAR-2024-0389-0158,,false,source=Regulations.gov v4 comment detail; retrievedAt=2026-09-12T18:11:40+00:00; commentOnDocumentId=EPA-R08-OAR-2024-0389-0001; duplicateComments=1; organizationMissing=true
EPA-R08-OAR-2024-0389,EPA-R08-OAR-2024-0389-0159,Larry Matz,not provided by public Regulations.gov fields,2024-10-09T04:00:00Z,"The National parks impacted by these polluters are treasures that belong to all Americans. The fact that Wyoming and Montana are unwilling to stop the air quality degradation is criminal. I strongly urge EPA to take the actions necessary to correct this unhealthy, damage to our national parks.
Wyoming and Utah have submitted Regional Haze State Implementation Plans with no proposed pollution reductions, allowing some of the nation's biggest polluters to remain uncontrolled for nitrogen oxide, sulfur dioxide, and other pollutants when common-sense controls exist that could significantly cut those emissions.
EPAs proposed disapprovals of these do-nothing state plans are a critical first step to protect air quality, both in national parks and our communities. I urge EPA to finalize its proposed disapprovals and act quickly to implement plans that will result in real pollution reductions.
In Utah, EPA analysis shows that installing selective catalytic reduction (SCR) on Hunter and Huntington coal plants would be cost-effective and provide massive visibility benefits for Utahs national parks. These plants have avoided pollution reductions for decades. Now is the time for EPA to act.
Similarly, in Wyoming, the state failed to even consider pollution controls at the states largest polluters, including Jim Bridger, Naughton, Dave Johnston, and Wyodak coal plants. Each of these facilities could install cost-effective pollution controls, including SCRs, that would result in significant air-quality improvements across the state.
Please finalize the proposed disapprovals of Utah and Wyomings do-nothing plans and require enforceable pollution reductions, including SCR installation, on our states' biggest polluters Hunter, Huntington, Jim Bridger, Naughton, Dave Johnston, and Wyodak.",https://www.regulations.gov/comment/EPA-R08-OAR-2024-0389-0159,,false,source=Regulations.gov v4 comment detail; retrievedAt=2026-09-12T18:11:40+00:00; commentOnDocumentId=EPA-R08-OAR-2024-0389-0001; duplicateComments=1; organizationMissing=true
EPA-R08-OAR-2024-0389,EPA-R08-OAR-2024-0389-0160,Michael Long,not provided by public Regulations.gov fields,2024-10-09T04:00:00Z,"Wyoming and Utah have submitted Regional Haze State Implementation Plans with no proposed pollution reductions, allowing some of the nation's biggest polluters to remain uncontrolled for nitrogen oxide, sulfur dioxide, and other pollutants when common-sense controls exist that could significantly cut those emissions.
EPAs proposed disapprovals of these do-nothing state plans are a critical first step to protect air quality, both in national parks and our communities. I urge EPA to finalize its proposed disapprovals and act quickly to implement plans that will result in real pollution reductions.
In Utah, EPA analysis shows that installing selective catalytic reduction (SCR) on Hunter and Huntington coal plants would be cost-effective and provide massive visibility benefits for Utahs national parks. These plants have avoided pollution reductions for decades. Now is the time for EPA to act.
Similarly, in Wyoming, the state failed to even consider pollution controls at the states largest polluters, including Jim Bridger, Naughton, Dave Johnston, and Wyodak coal plants. Each of these facilities could install cost-effective pollution controls, including SCRs, that would result in significant air-quality improvements across the state.
Please finalize the proposed disapprovals of Utah and Wyomings do-nothing plans and require enforceable pollution reductions, including SCR installation, on our states' biggest polluters Hunter, Huntington, Jim Bridger, Naughton, Dave Johnston, and Wyodak.",https://www.regulations.gov/comment/EPA-R08-OAR-2024-0389-0160,,false,source=Regulations.gov v4 comment detail; retrievedAt=2026-09-12T18:11:40+00:00; commentOnDocumentId=EPA-R08-OAR-2024-0389-0001; duplicateComments=1; organizationMissing=true
EPA-R08-OAR-2024-0389,EPA-R08-OAR-2024-0389-0161,Cherine Bauer,not provided by public Regulations.gov fields,2024-10-09T04:00:00Z,"Wyoming and Utah have submitted Regional Haze State Implementation Plans with no proposed pollution reductions, allowing some of the nation's biggest polluters to remain uncontrolled for nitrogen oxide, sulfur dioxide, and other pollutants when common-sense controls exist that could significantly cut those emissions.
EPAs proposed disapprovals of these do-nothing state plans are a critical first step to protect air quality, both in national parks and our communities. I urge EPA to finalize its proposed disapprovals and act quickly to implement plans that will result in real pollution reductions.
In Utah, EPA analysis shows that installing selective catalytic reduction (SCR) on Hunter and Huntington coal plants would be cost-effective and provide massive visibility benefits for Utahs national parks. These plants have avoided pollution reductions for decades. Now is the time for EPA to act.
Similarly, in Wyoming, the state failed to even consider pollution controls at the states largest polluters, including Jim Bridger, Naughton, Dave Johnston, and Wyodak coal plants. Each of these facilities could install cost-effective pollution controls, including SCRs, that would result in significant air-quality improvements across the state.
Please finalize the proposed disapprovals of Utah and Wyomings do-nothing plans and require enforceable pollution reductions, including SCR installation, on our states' biggest polluters Hunter, Huntington, Jim Bridger, Naughton, Dave Johnston, and Wyodak.",https://www.regulations.gov/comment/EPA-R08-OAR-2024-0389-0161,,false,source=Regulations.gov v4 comment detail; retrievedAt=2026-09-12T18:11:40+00:00; commentOnDocumentId=EPA-R08-OAR-2024-0389-0001; duplicateComments=1; organizationMissing=true
EPA-R08-OAR-2024-0389,EPA-R08-OAR-2024-0389-0162,Alexander Dolowitz,not provided by public Regulations.gov fields,2024-10-09T04:00:00Z,"Wyoming and Utah have submitted Regional Haze State Implementation Plans with no proposed pollution reductions, allowing some of the nation's biggest polluters to remain uncontrolled for nitrogen oxide, sulfur dioxide, and other pollutants when common-sense controls exist that could significantly cut those emissions.
EPAs proposed disapprovals of these do-nothing state plans are a critical first step to protect air quality, both in national parks and our communities. I urge EPA to finalize its proposed disapprovals and act quickly to implement plans that will result in real pollution reductions.
In Utah, EPA analysis shows that installing selective catalytic reduction (SCR) on Hunter and Huntington coal plants would be cost-effective and provide massive visibility benefits for Utahs national parks. These plants have avoided pollution reductions for decades. Now is the time for EPA to act.
Similarly, in Wyoming, the state failed to even consider pollution controls at the states largest polluters, including Jim Bridger, Naughton, Dave Johnston, and Wyodak coal plants. Each of these facilities could install cost-effective pollution controls, including SCRs, that would result in significant air-quality improvements across the state.
Please finalize the proposed disapprovals of Utah and Wyomings do-nothing plans and require enforceable pollution reductions, including SCR installation, on our states' biggest polluters Hunter, Huntington, Jim Bridger, Naughton, Dave Johnston, and Wyodak.",https://www.regulations.gov/comment/EPA-R08-OAR-2024-0389-0162,,false,source=Regulations.gov v4 comment detail; retrievedAt=2026-09-12T18:11:40+00:00; commentOnDocumentId=EPA-R08-OAR-2024-0389-0001; duplicateComments=1; organizationMissing=true
EPA-R08-OAR-2024-0389,EPA-R08-OAR-2024-0389-0163,Kay Hagen,not provided by public Regulations.gov fields,2024-10-09T04:00:00Z,"Wyoming and Utah have submitted Regional Haze State Implementation Plans with no proposed pollution reductions, allowing some of the nation's biggest polluters to remain uncontrolled for nitrogen oxide, sulfur dioxide, and other pollutants when common-sense controls exist that could significantly cut those emissions.
EPAs proposed disapprovals of these do-nothing state plans are a critical first step to protect air quality, both in national parks and our communities. I urge EPA to finalize its proposed disapprovals and act quickly to implement plans that will result in real pollution reductions.
In Utah, EPA analysis shows that installing selective catalytic reduction (SCR) on Hunter and Huntington coal plants would be cost-effective and provide massive visibility benefits for Utahs national parks. These plants have avoided pollution reductions for decades. Now is the time for EPA to act.
Similarly, in Wyoming, the state failed to even consider pollution controls at the states largest polluters, including Jim Bridger, Naughton, Dave Johnston, and Wyodak coal plants. Each of these facilities could install cost-effective pollution controls, including SCRs, that would result in significant air-quality improvements across the state.
Please finalize the proposed disapprovals of Utah and Wyomings do-nothing plans and require enforceable pollution reductions, including SCR installation, on our states' biggest polluters Hunter, Huntington, Jim Bridger, Naughton, Dave Johnston, and Wyodak.",https://www.regulations.gov/comment/EPA-R08-OAR-2024-0389-0163,,false,source=Regulations.gov v4 comment detail; retrievedAt=2026-09-12T18:11:40+00:00; commentOnDocumentId=EPA-R08-OAR-2024-0389-0001; duplicateComments=1; organizationMissing=true
EPA-R08-OAR-2024-0389,EPA-R08-OAR-2024-0389-0164,Jeffrey Stone,not provided by public Regulations.gov fields,2024-10-09T04:00:00Z,"Wyoming and Utah have submitted Regional Haze State Implementation Plans with no proposed pollution reductions, allowing some of the nation's biggest polluters to remain uncontrolled for nitrogen oxide, sulfur dioxide, and other pollutants when common-sense controls exist that could significantly cut those emissions.
EPAs proposed disapprovals of these do-nothing state plans are a critical first step to protect air quality, both in national parks and our communities. I urge EPA to finalize its proposed disapprovals and act quickly to implement plans that will result in real pollution reductions.
In Utah, EPA analysis shows that installing selective catalytic reduction (SCR) on Hunter and Huntington coal plants would be cost-effective and provide massive visibility benefits for Utahs national parks. These plants have avoided pollution reductions for decades. Now is the time for EPA to act.
Similarly, in Wyoming, the state failed to even consider pollution controls at the states largest polluters, including Jim Bridger, Naughton, Dave Johnston, and Wyodak coal plants. Each of these facilities could install cost-effective pollution controls, including SCRs, that would result in significant air-quality improvements across the state.
Please finalize the proposed disapprovals of Utah and Wyomings do-nothing plans and require enforceable pollution reductions, including SCR installation, on our states' biggest polluters Hunter, Huntington, Jim Bridger, Naughton, Dave Johnston, and Wyodak.",https://www.regulations.gov/comment/EPA-R08-OAR-2024-0389-0164,,false,source=Regulations.gov v4 comment detail; retrievedAt=2026-09-12T18:11:40+00:00; commentOnDocumentId=EPA-R08-OAR-2024-0389-0001; duplicateComments=1; organizationMissing=true
EPA-R08-OAR-2024-0389,EPA-R08-OAR-2024-0389-0165,Howard Mielke,not provided by public Regulations.gov fields,2024-10-09T04:00:00Z,"Air pollution from coal means CO2 and many metals, NOx and SO2. For the sake of my grandchildren that must be controlled.
Wyoming and Utah have submitted Regional Haze State Implementation Plans with no proposed pollution reductions, allowing some of the nation's biggest polluters to remain uncontrolled for nitrogen oxide, sulfur dioxide, and other pollutants when common-sense controls exist that could significantly cut those emissions.
EPAs proposed disapprovals of these do-nothing state plans are a critical first step to protect air quality, both in national parks and our communities. I urge EPA to finalize its proposed disapprovals and act quickly to implement plans that will result in real pollution reductions.
In Utah, EPA analysis shows that installing selective catalytic reduction (SCR) on Hunter and Huntington coal plants would be cost-effective and provide massive visibility benefits for Utahs national parks. These plants have avoided pollution reductions for decades. Now is the time for EPA to act.
Similarly, in Wyoming, the state failed to even consider pollution controls at the states largest polluters, including Jim Bridger, Naughton, Dave Johnston, and Wyodak coal plants. Each of these facilities could install cost-effective pollution controls, including SCRs, that would result in significant air-quality improvements across the state.
Please finalize the proposed disapprovals of Utah and Wyomings do-nothing plans and require enforceable pollution reductions, including SCR installation, on our states' biggest polluters Hunter, Huntington, Jim Bridger, Naughton, Dave Johnston, and Wyodak.",https://www.regulations.gov/comment/EPA-R08-OAR-2024-0389-0165,,false,source=Regulations.gov v4 comment detail; retrievedAt=2026-09-12T18:11:40+00:00; commentOnDocumentId=EPA-R08-OAR-2024-0389-0001; duplicateComments=1; organizationMissing=true
EPA-R08-OAR-2024-0389,EPA-R08-OAR-2024-0389-0166,Carol Lorenzo,not provided by public Regulations.gov fields,2024-10-09T04:00:00Z,"Wyoming and Utah have submitted Regional Haze State Implementation Plans with no proposed pollution reductions, allowing some of the nation's biggest polluters to remain uncontrolled for nitrogen oxide, sulfur dioxide, and other pollutants when common-sense controls exist that could significantly cut those emissions.
EPAs proposed disapprovals of these do-nothing state plans are a critical first step to protect air quality, both in national parks and our communities. I urge EPA to finalize its proposed disapprovals and act quickly to implement plans that will result in real pollution reductions.
In Utah, EPA analysis shows that installing selective catalytic reduction (SCR) on Hunter and Huntington coal plants would be cost-effective and provide massive visibility benefits for Utahs national parks. These plants have avoided pollution reductions for decades. Now is the time for EPA to act.
Similarly, in Wyoming, the state failed to even consider pollution controls at the states largest polluters, including Jim Bridger, Naughton, Dave Johnston, and Wyodak coal plants. Each of these facilities could install cost-effective pollution controls, including SCRs, that would result in significant air-quality improvements across the state.
Please finalize the proposed disapprovals of Utah and Wyomings do-nothing plans and require enforceable pollution reductions, including SCR installation, on our states' biggest polluters Hunter, Huntington, Jim Bridger, Naughton, Dave Johnston, and Wyodak.",https://www.regulations.gov/comment/EPA-R08-OAR-2024-0389-0166,,false,source=Regulations.gov v4 comment detail; retrievedAt=2026-09-12T18:11:40+00:00; commentOnDocumentId=EPA-R08-OAR-2024-0389-0001; duplicateComments=1; organizationMissing=true
EPA-R08-OAR-2024-0389,EPA-R08-OAR-2024-0389-0167,Judith S Anderson,not provided by public Regulations.gov fields,2024-10-09T04:00:00Z,"Wyoming and Utah have submitted Regional Haze State Implementation Plans with no proposed pollution reductions, allowing some of the nation's biggest polluters to remain uncontrolled for nitrogen oxide, sulfur dioxide, and other pollutants when common-sense controls exist that could significantly cut those emissions.
EPAs proposed disapprovals of these do-nothing state plans are a critical first step to protect air quality, both in national parks and our communities. I urge EPA to finalize its proposed disapprovals and act quickly to implement plans that will result in real pollution reductions.
In Utah, EPA analysis shows that installing selective catalytic reduction (SCR) on Hunter and Huntington coal plants would be cost-effective and provide massive visibility benefits for Utahs national parks. These plants have avoided pollution reductions for decades. Now is the time for EPA to act.
Similarly, in Wyoming, the state failed to even consider pollution controls at the states largest polluters, including Jim Bridger, Naughton, Dave Johnston, and Wyodak coal plants. Each of these facilities could install cost-effective pollution controls, including SCRs, that would result in significant air-quality improvements across the state.
Please finalize the proposed disapprovals of Utah and Wyomings do-nothing plans and require enforceable pollution reductions, including SCR installation, on our states' biggest polluters Hunter, Huntington, Jim Bridger, Naughton, Dave Johnston, and Wyodak.",https://www.regulations.gov/comment/EPA-R08-OAR-2024-0389-0167,,false,source=Regulations.gov v4 comment detail; retrievedAt=2026-09-12T18:11:40+00:00; commentOnDocumentId=EPA-R08-OAR-2024-0389-0001; duplicateComments=1; organizationMissing=true
EPA-R08-OAR-2024-0389,EPA-R08-OAR-2024-0389-0168,Ilaina Richter,not provided by public Regulations.gov fields,2024-10-09T04:00:00Z,"Wyoming and Utah have submitted Regional Haze State Implementation Plans with no proposed pollution reductions, allowing some of the nation's biggest polluters to remain uncontrolled for nitrogen oxide, sulfur dioxide, and other pollutants when common-sense controls exist that could significantly cut those emissions.
EPAs proposed disapprovals of these do-nothing state plans are a critical first step to protect air quality, both in national parks and our communities. I urge EPA to finalize its proposed disapprovals and act quickly to implement plans that will result in real pollution reductions.
In Utah, EPA analysis shows that installing selective catalytic reduction (SCR) on Hunter and Huntington coal plants would be cost-effective and provide massive visibility benefits for Utahs national parks. These plants have avoided pollution reductions for decades. Now is the time for EPA to act.
Similarly, in Wyoming, the state failed to even consider pollution controls at the states largest polluters, including Jim Bridger, Naughton, Dave Johnston, and Wyodak coal plants. Each of these facilities could install cost-effective pollution controls, including SCRs, that would result in significant air-quality improvements across the state.
Please finalize the proposed disapprovals of Utah and Wyomings do-nothing plans and require enforceable pollution reductions, including SCR installation, on our states' biggest polluters Hunter, Huntington, Jim Bridger, Naughton, Dave Johnston, and Wyodak.",https://www.regulations.gov/comment/EPA-R08-OAR-2024-0389-0168,,false,source=Regulations.gov v4 comment detail; retrievedAt=2026-09-12T18:11:40+00:00; commentOnDocumentId=EPA-R08-OAR-2024-0389-0001; duplicateComments=1; organizationMissing=true
EPA-R08-OAR-2024-0389,EPA-R08-OAR-2024-0389-0169,Laura Espinosa,not provided by public Regulations.gov fields,2024-10-09T04:00:00Z,"Air pollution affects the ability to enjoy our national parks. My family has asthma. This is important to us!
Wyoming and Utah have submitted Regional Haze State Implementation Plans with no proposed pollution reductions, allowing some of the nation's biggest polluters to remain uncontrolled for nitrogen oxide, sulfur dioxide, and other pollutants when common-sense controls exist that could significantly cut those emissions.
EPAs proposed disapprovals of these do-nothing state plans are a critical first step to protect air quality, both in national parks and our communities. I urge EPA to finalize its proposed disapprovals and act quickly to implement plans that will result in real pollution reductions.
In Utah, EPA analysis shows that installing selective catalytic reduction (SCR) on Hunter and Huntington coal plants would be cost-effective and provide massive visibility benefits for Utahs national parks. These plants have avoided pollution reductions for decades. Now is the time for EPA to act.
Similarly, in Wyoming, the state failed to even consider pollution controls at the states largest polluters, including Jim Bridger, Naughton, Dave Johnston, and Wyodak coal plants. Each of these facilities could install cost-effective pollution controls, including SCRs, that would result in significant air-quality improvements across the state.
Please finalize the proposed disapprovals of Utah and Wyomings do-nothing plans and require enforceable pollution reductions, including SCR installation, on our states' biggest polluters Hunter, Huntington, Jim Bridger, Naughton, Dave Johnston, and Wyodak.",https://www.regulations.gov/comment/EPA-R08-OAR-2024-0389-0169,,false,source=Regulations.gov v4 comment detail; retrievedAt=2026-09-12T18:11:40+00:00; commentOnDocumentId=EPA-R08-OAR-2024-0389-0001; duplicateComments=1; organizationMissing=true
EPA-R08-OAR-2024-0389,EPA-R08-OAR-2024-0389-0170,Kristin Freeman,not provided by public Regulations.gov fields,2024-10-09T04:00:00Z,"Wyoming and Utah have submitted Regional Haze State Implementation Plans with no proposed pollution reductions, allowing some of the nation's biggest polluters to remain uncontrolled for nitrogen oxide, sulfur dioxide, and other pollutants when common-sense controls exist that could significantly cut those emissions.
EPAs proposed disapprovals of these do-nothing state plans are a critical first step to protect air quality, both in national parks and our communities. I urge EPA to finalize its proposed disapprovals and act quickly to implement plans that will result in real pollution reductions.
In Utah, EPA analysis shows that installing selective catalytic reduction (SCR) on Hunter and Huntington coal plants would be cost-effective and provide massive visibility benefits for Utahs national parks. These plants have avoided pollution reductions for decades. Now is the time for EPA to act.
Similarly, in Wyoming, the state failed to even consider pollution controls at the states largest polluters, including Jim Bridger, Naughton, Dave Johnston, and Wyodak coal plants. Each of these facilities could install cost-effective pollution controls, including SCRs, that would result in significant air-quality improvements across the state.
Please finalize the proposed disapprovals of Utah and Wyomings do-nothing plans and require enforceable pollution reductions, including SCR installation, on our states' biggest polluters Hunter, Huntington, Jim Bridger, Naughton, Dave Johnston, and Wyodak.",https://www.regulations.gov/comment/EPA-R08-OAR-2024-0389-0170,,false,source=Regulations.gov v4 comment detail; retrievedAt=2026-09-12T18:11:40+00:00; commentOnDocumentId=EPA-R08-OAR-2024-0389-0001; duplicateComments=1; organizationMissing=true
EPA-R08-OAR-2024-0389,EPA-R08-OAR-2024-0389-0171,Sue E.,not provided by public Regulations.gov fields,2024-10-09T04:00:00Z,"Wyoming and Utah have submitted Regional Haze State Implementation Plans with no proposed pollution reductions, allowing some of the nation's biggest polluters to remain uncontrolled for nitrogen oxide, sulfur dioxide, and other pollutants when common-sense controls exist that could significantly cut those emissions.
EPAs proposed disapprovals of these do-nothing state plans are a critical first step to protect air quality, both in national parks and our communities. I urge EPA to finalize its proposed disapprovals and act quickly to implement plans that will result in real pollution reductions.
In Utah, EPA analysis shows that installing selective catalytic reduction (SCR) on Hunter and Huntington coal plants would be cost-effective and provide massive visibility benefits for Utahs national parks. These plants have avoided pollution reductions for decades. Now is the time for EPA to act.
Similarly, in Wyoming, the state failed to even consider pollution controls at the states largest polluters, including Jim Bridger, Naughton, Dave Johnston, and Wyodak coal plants. Each of these facilities could install cost-effective pollution controls, including SCRs, that would result in significant air-quality improvements across the state.
Please finalize the proposed disapprovals of Utah and Wyomings do-nothing plans and require enforceable pollution reductions, including SCR installation, on our states' biggest polluters Hunter, Huntington, Jim Bridger, Naughton, Dave Johnston, and Wyodak.",https://www.regulations.gov/comment/EPA-R08-OAR-2024-0389-0171,,false,source=Regulations.gov v4 comment detail; retrievedAt=2026-09-12T18:11:40+00:00; commentOnDocumentId=EPA-R08-OAR-2024-0389-0001; duplicateComments=1; organizationMissing=true
EPA-R08-OAR-2024-0389,EPA-R08-OAR-2024-0389-0172,Jim Franzi,not provided by public Regulations.gov fields,2024-10-09T04:00:00Z,"Help with Clean Air and Water
Wyoming and Utah have submitted Regional Haze State Implementation Plans with no proposed pollution reductions, allowing some of the nation's biggest polluters to remain uncontrolled for nitrogen oxide, sulfur dioxide, and other pollutants when common-sense controls exist that could significantly cut those emissions.
EPAs proposed disapprovals of these do-nothing state plans are a critical first step to protect air quality, both in national parks and our communities. I urge EPA to finalize its proposed disapprovals and act quickly to implement plans that will result in real pollution reductions.
In Utah, EPA analysis shows that installing selective catalytic reduction (SCR) on Hunter and Huntington coal plants would be cost-effective and provide massive visibility benefits for Utahs national parks. These plants have avoided pollution reductions for decades. Now is the time for EPA to act.
Similarly, in Wyoming, the state failed to even consider pollution controls at the states largest polluters, including Jim Bridger, Naughton, Dave Johnston, and Wyodak coal plants. Each of these facilities could install cost-effective pollution controls, including SCRs, that would result in significant air-quality improvements across the state.
Please finalize the proposed disapprovals of Utah and Wyomings do-nothing plans and require enforceable pollution reductions, including SCR installation, on our states' biggest polluters Hunter, Huntington, Jim Bridger, Naughton, Dave Johnston, and Wyodak.",https://www.regulations.gov/comment/EPA-R08-OAR-2024-0389-0172,,false,source=Regulations.gov v4 comment detail; retrievedAt=2026-09-12T18:11:40+00:00; commentOnDocumentId=EPA-R08-OAR-2024-0389-0001; duplicateComments=1; organizationMissing=true
EPA-R08-OAR-2024-0389,EPA-R08-OAR-2024-0389-0173,Kenneth Nahigian,not provided by public Regulations.gov fields,2024-10-09T04:00:00Z,"Wyoming and Utah have submitted Regional Haze State Implementation Plans with no proposed pollution reductions, allowing some of the nation's biggest polluters to remain uncontrolled for nitrogen oxide, sulfur dioxide, and other pollutants when common-sense controls exist that could significantly cut those emissions.
EPAs proposed disapprovals of these do-nothing state plans are a critical first step to protect air quality, both in national parks and our communities. I urge EPA to finalize its proposed disapprovals and act quickly to implement plans that will result in real pollution reductions.
In Utah, EPA analysis shows that installing selective catalytic reduction (SCR) on Hunter and Huntington coal plants would be cost-effective and provide massive visibility benefits for Utahs national parks. These plants have avoided pollution reductions for decades. Now is the time for EPA to act.
Similarly, in Wyoming, the state failed to even consider pollution controls at the states largest polluters, including Jim Bridger, Naughton, Dave Johnston, and Wyodak coal plants. Each of these facilities could install cost-effective pollution controls, including SCRs, that would result in significant air-quality improvements across the state.
Please finalize the proposed disapprovals of Utah and Wyomings do-nothing plans and require enforceable pollution reductions, including SCR installation, on our states' biggest polluters Hunter, Huntington, Jim Bridger, Naughton, Dave Johnston, and Wyodak.",https://www.regulations.gov/comment/EPA-R08-OAR-2024-0389-0173,,false,source=Regulations.gov v4 comment detail; retrievedAt=2026-09-12T18:11:40+00:00; commentOnDocumentId=EPA-R08-OAR-2024-0389-0001; duplicateComments=1; organizationMissing=true
EPA-R08-OAR-2024-0389,EPA-R08-OAR-2024-0389-0174,Beverly Dahlen,not provided by public Regulations.gov fields,2024-10-09T04:00:00Z,"Wyoming and Utah have submitted Regional Haze State Implementation Plans with no proposed pollution reductions, allowing some of the nation's biggest polluters to remain uncontrolled for nitrogen oxide, sulfur dioxide, and other pollutants when common-sense controls exist that could significantly cut those emissions.
EPAs proposed disapprovals of these do-nothing state plans are a critical first step to protect air quality, both in national parks and our communities. I urge EPA to finalize its proposed disapprovals and act quickly to implement plans that will result in real pollution reductions.
In Utah, EPA analysis shows that installing selective catalytic reduction (SCR) on Hunter and Huntington coal plants would be cost-effective and provide massive visibility benefits for Utahs national parks. These plants have avoided pollution reductions for decades. Now is the time for EPA to act.
Similarly, in Wyoming, the state failed to even consider pollution controls at the states largest polluters, including Jim Bridger, Naughton, Dave Johnston, and Wyodak coal plants. Each of these facilities could install cost-effective pollution controls, including SCRs, that would result in significant air-quality improvements across the state.
Please finalize the proposed disapprovals of Utah and Wyomings do-nothing plans and require enforceable pollution reductions, including SCR installation, on our states' biggest polluters Hunter, Huntington, Jim Bridger, Naughton, Dave Johnston, and Wyodak.",https://www.regulations.gov/comment/EPA-R08-OAR-2024-0389-0174,,false,source=Regulations.gov v4 comment detail; retrievedAt=2026-09-12T18:11:40+00:00; commentOnDocumentId=EPA-R08-OAR-2024-0389-0001; duplicateComments=1; organizationMissing=true
EPA-R08-OAR-2024-0389,EPA-R08-OAR-2024-0389-0175,Candice Cassato,not provided by public Regulations.gov fields,2024-10-09T04:00:00Z,"Wyoming and Utah have submitted Regional Haze State Implementation Plans with no proposed pollution reductions, allowing some of the nation's biggest polluters to remain uncontrolled for nitrogen oxide, sulfur dioxide, and other pollutants when common-sense controls exist that could significantly cut those emissions.
EPAs proposed disapprovals of these do-nothing state plans are a critical first step to protect air quality, both in national parks and our communities. I urge EPA to finalize its proposed disapprovals and act quickly to implement plans that will result in real pollution reductions.
In Utah, EPA analysis shows that installing selective catalytic reduction (SCR) on Hunter and Huntington coal plants would be cost-effective and provide massive visibility benefits for Utahs national parks. These plants have avoided pollution reductions for decades. Now is the time for EPA to act.
Similarly, in Wyoming, the state failed to even consider pollution controls at the states largest polluters, including Jim Bridger, Naughton, Dave Johnston, and Wyodak coal plants. Each of these facilities could install cost-effective pollution controls, including SCRs, that would result in significant air-quality improvements across the state.
Please finalize the proposed disapprovals of Utah and Wyomings do-nothing plans and require enforceable pollution reductions, including SCR installation, on our states' biggest polluters Hunter, Huntington, Jim Bridger, Naughton, Dave Johnston, and Wyodak.",https://www.regulations.gov/comment/EPA-R08-OAR-2024-0389-0175,,false,source=Regulations.gov v4 comment detail; retrievedAt=2026-09-12T18:11:40+00:00; commentOnDocumentId=EPA-R08-OAR-2024-0389-0001; duplicateComments=1; organizationMissing=true
EPA-R08-OAR-2024-0389,EPA-R08-OAR-2024-0389-0176,Renee Neumann,not provided by public Regulations.gov fields,2024-10-09T04:00:00Z,"Wyoming and Utah have submitted Regional Haze State Implementation Plans with no proposed pollution reductions, allowing some of the nation's biggest polluters to remain uncontrolled for nitrogen oxide, sulfur dioxide, and other pollutants when common-sense controls exist that could significantly cut those emissions.
EPAs proposed disapprovals of these do-nothing state plans are a critical first step to protect air quality, both in national parks and our communities. I urge EPA to finalize its proposed disapprovals and act quickly to implement plans that will result in real pollution reductions.
In Utah, EPA analysis shows that installing selective catalytic reduction (SCR) on Hunter and Huntington coal plants would be cost-effective and provide massive visibility benefits for Utahs national parks. These plants have avoided pollution reductions for decades. Now is the time for EPA to act.
Similarly, in Wyoming, the state failed to even consider pollution controls at the states largest polluters, including Jim Bridger, Naughton, Dave Johnston, and Wyodak coal plants. Each of these facilities could install cost-effective pollution controls, including SCRs, that would result in significant air-quality improvements across the state.
Please finalize the proposed disapprovals of Utah and Wyomings do-nothing plans and require enforceable pollution reductions, including SCR installation, on our states' biggest polluters Hunter, Huntington, Jim Bridger, Naughton, Dave Johnston, and Wyodak.",https://www.regulations.gov/comment/EPA-R08-OAR-2024-0389-0176,,false,source=Regulations.gov v4 comment detail; retrievedAt=2026-09-12T18:11:40+00:00; commentOnDocumentId=EPA-R08-OAR-2024-0389-0001; duplicateComments=1; organizationMissing=true
EPA-R08-OAR-2024-0389,EPA-R08-OAR-2024-0389-0177,Craig Britton,not provided by public Regulations.gov fields,2024-10-09T04:00:00Z,"Wyoming and Utah have submitted Regional Haze State Implementation Plans with no proposed pollution reductions, allowing some of the nation's biggest polluters to remain uncontrolled for nitrogen oxide, sulfur dioxide, and other pollutants when common-sense controls exist that could significantly cut those emissions.
EPAs proposed disapprovals of these do-nothing state plans are a critical first step to protect air quality, both in national parks and our communities. I urge EPA to finalize its proposed disapprovals and act quickly to implement plans that will result in real pollution reductions.
In Utah, EPA analysis shows that installing selective catalytic reduction (SCR) on Hunter and Huntington coal plants would be cost-effective and provide massive visibility benefits for Utahs national parks. These plants have avoided pollution reductions for decades. Now is the time for EPA to act.
Similarly, in Wyoming, the state failed to even consider pollution controls at the states largest polluters, including Jim Bridger, Naughton, Dave Johnston, and Wyodak coal plants. Each of these facilities could install cost-effective pollution controls, including SCRs, that would result in significant air-quality improvements across the state.
Please finalize the proposed disapprovals of Utah and Wyomings do-nothing plans and require enforceable pollution reductions, including SCR installation, on our states' biggest polluters Hunter, Huntington, Jim Bridger, Naughton, Dave Johnston, and Wyodak.",https://www.regulations.gov/comment/EPA-R08-OAR-2024-0389-0177,,false,source=Regulations.gov v4 comment detail; retrievedAt=2026-09-12T18:11:40+00:00; commentOnDocumentId=EPA-R08-OAR-2024-0389-0001; duplicateComments=1; organizationMissing=true
EPA-R08-OAR-2024-0389,EPA-R08-OAR-2024-0389-0178,Michael Bordenave,not provided by public Regulations.gov fields,2024-10-09T04:00:00Z,"Wyoming and Utah have submitted Regional Haze State Implementation Plans with no proposed pollution reductions, allowing some of the nation's biggest polluters to remain uncontrolled for nitrogen oxide, sulfur dioxide, and other pollutants when common-sense controls exist that could significantly cut those emissions.
EPAs proposed disapprovals of these do-nothing state plans are a critical first step to protect air quality, both in national parks and our communities. I urge EPA to finalize its proposed disapprovals and act quickly to implement plans that will result in real pollution reductions.
In Utah, EPA analysis shows that installing selective catalytic reduction (SCR) on Hunter and Huntington coal plants would be cost-effective and provide massive visibility benefits for Utahs national parks. These plants have avoided pollution reductions for decades. Now is the time for EPA to act.
Similarly, in Wyoming, the state failed to even consider pollution controls at the states largest polluters, including Jim Bridger, Naughton, Dave Johnston, and Wyodak coal plants. Each of these facilities could install cost-effective pollution controls, including SCRs, that would result in significant air-quality improvements across the state.
Please finalize the proposed disapprovals of Utah and Wyomings do-nothing plans and require enforceable pollution reductions, including SCR installation, on our states' biggest polluters Hunter, Huntington, Jim Bridger, Naughton, Dave Johnston, and Wyodak.",https://www.regulations.gov/comment/EPA-R08-OAR-2024-0389-0178,,false,source=Regulations.gov v4 comment detail; retrievedAt=2026-09-12T18:11:40+00:00; commentOnDocumentId=EPA-R08-OAR-2024-0389-0001; duplicateComments=1; organizationMissing=true
EPA-R08-OAR-2024-0389,EPA-R08-OAR-2024-0389-0179,Jeffrey Streicher,not provided by public Regulations.gov fields,2024-10-09T04:00:00Z,"Wyoming and Utah have submitted Regional Haze State Implementation Plans with no proposed pollution reductions, allowing some of the nation's biggest polluters to remain uncontrolled for nitrogen oxide, sulfur dioxide, and other pollutants when common-sense controls exist that could significantly cut those emissions.
EPAs proposed disapprovals of these do-nothing state plans are a critical first step to protect air quality, both in national parks and our communities. I urge EPA to finalize its proposed disapprovals and act quickly to implement plans that will result in real pollution reductions.
In Utah, EPA analysis shows that installing selective catalytic reduction (SCR) on Hunter and Huntington coal plants would be cost-effective and provide massive visibility benefits for Utahs national parks. These plants have avoided pollution reductions for decades. Now is the time for EPA to act.
Similarly, in Wyoming, the state failed to even consider pollution controls at the states largest polluters, including Jim Bridger, Naughton, Dave Johnston, and Wyodak coal plants. Each of these facilities could install cost-effective pollution controls, including SCRs, that would result in significant air-quality improvements across the state.
Please finalize the proposed disapprovals of Utah and Wyomings do-nothing plans and require enforceable pollution reductions, including SCR installation, on our states' biggest polluters Hunter, Huntington, Jim Bridger, Naughton, Dave Johnston, and Wyodak.",https://www.regulations.gov/comment/EPA-R08-OAR-2024-0389-0179,,false,source=Regulations.gov v4 comment detail; retrievedAt=2026-09-12T18:11:40+00:00; commentOnDocumentId=EPA-R08-OAR-2024-0389-0001; duplicateComments=1; organizationMissing=true
EPA-R08-OAR-2024-0389,EPA-R08-OAR-2024-0389-0180,Ed Parleman,not provided by public Regulations.gov fields,2024-10-09T04:00:00Z,"I alas have many pictures from our trip to Yellowstone last year where the sky 'looked funny' - because of the amount of smog in it. Perhaps if I'm lucky enough to get back there, it will much clearer because of the steps you take beginning with these.
Wyoming and Utah have submitted Regional Haze State Implementation Plans with no proposed pollution reductions, allowing some of the nation's biggest polluters to remain uncontrolled for nitrogen oxide, sulfur dioxide, and other pollutants when common-sense controls exist that could significantly cut those emissions.
EPAs proposed disapprovals of these do-nothing state plans are a critical first step to protect air quality, both in national parks and our communities. I urge EPA to finalize its proposed disapprovals and act quickly to implement plans that will result in real pollution reductions.
In Utah, EPA analysis shows that installing selective catalytic reduction (SCR) on Hunter and Huntington coal plants would be cost-effective and provide massive visibility benefits for Utahs national parks. These plants have avoided pollution reductions for decades. Now is the time for EPA to act.
Similarly, in Wyoming, the state failed to even consider pollution controls at the states largest polluters, including Jim Bridger, Naughton, Dave Johnston, and Wyodak coal plants. Each of these facilities could install cost-effective pollution controls, including SCRs, that would result in significant air-quality improvements across the state.
Please finalize the proposed disapprovals of Utah and Wyomings do-nothing plans and require enforceable pollution reductions, including SCR installation, on our states' biggest polluters Hunter, Huntington, Jim Bridger, Naughton, Dave Johnston, and Wyodak.",https://www.regulations.gov/comment/EPA-R08-OAR-2024-0389-0180,,false,source=Regulations.gov v4 comment detail; retrievedAt=2026-09-12T18:11:40+00:00; commentOnDocumentId=EPA-R08-OAR-2024-0389-0001; duplicateComments=1; organizationMissing=true
EPA-R08-OAR-2024-0389,EPA-R08-OAR-2024-0389-0181,Elizabeth Bettenhausen,not provided by public Regulations.gov fields,2024-10-09T04:00:00Z,"Wyoming and Utah have submitted Regional Haze State Implementation Plans with no proposed pollution reductions, allowing some of the nation's biggest polluters to remain uncontrolled for nitrogen oxide, sulfur dioxide, and other pollutants when common-sense controls exist that could significantly cut those emissions.
EPAs proposed disapprovals of these do-nothing state plans are a critical first step to protect air quality, both in national parks and our communities. I urge EPA to finalize its proposed disapprovals and act quickly to implement plans that will result in real pollution reductions.
In Utah, EPA analysis shows that installing selective catalytic reduction (SCR) on Hunter and Huntington coal plants would be cost-effective and provide massive visibility benefits for Utahs national parks. These plants have avoided pollution reductions for decades. Now is the time for EPA to act.
Similarly, in Wyoming, the state failed to even consider pollution controls at the states largest polluters, including Jim Bridger, Naughton, Dave Johnston, and Wyodak coal plants. Each of these facilities could install cost-effective pollution controls, including SCRs, that would result in significant air-quality improvements across the state.
Please finalize the proposed disapprovals of Utah and Wyomings do-nothing plans and require enforceable pollution reductions, including SCR installation, on our states' biggest polluters Hunter, Huntington, Jim Bridger, Naughton, Dave Johnston, and Wyodak.",https://www.regulations.gov/comment/EPA-R08-OAR-2024-0389-0181,,false,source=Regulations.gov v4 comment detail; retrievedAt=2026-09-12T18:11:40+00:00; commentOnDocumentId=EPA-R08-OAR-2024-0389-0001; duplicateComments=1; organizationMissing=true
EPA-R08-OAR-2024-0389,EPA-R08-OAR-2024-0389-0182,Alexander Dunaev,not provided by public Regulations.gov fields,2024-10-09T04:00:00Z,"Wyoming and Utah have submitted Regional Haze State Implementation Plans with no proposed pollution reductions, allowing some of the nation's biggest polluters to remain uncontrolled for nitrogen oxide, sulfur dioxide, and other pollutants when common-sense controls exist that could significantly cut those emissions.
EPAs proposed disapprovals of these do-nothing state plans are a critical first step to protect air quality, both in national parks and our communities. I urge EPA to finalize its proposed disapprovals and act quickly to implement plans that will result in real pollution reductions.
In Utah, EPA analysis shows that installing selective catalytic reduction (SCR) on Hunter and Huntington coal plants would be cost-effective and provide massive visibility benefits for Utahs national parks. These plants have avoided pollution reductions for decades. Now is the time for EPA to act.
Similarly, in Wyoming, the state failed to even consider pollution controls at the states largest polluters, including Jim Bridger, Naughton, Dave Johnston, and Wyodak coal plants. Each of these facilities could install cost-effective pollution controls, including SCRs, that would result in significant air-quality improvements across the state.
Please finalize the proposed disapprovals of Utah and Wyomings do-nothing plans and require enforceable pollution reductions, including SCR installation, on our states' biggest polluters Hunter, Huntington, Jim Bridger, Naughton, Dave Johnston, and Wyodak.",https://www.regulations.gov/comment/EPA-R08-OAR-2024-0389-0182,,false,source=Regulations.gov v4 comment detail; retrievedAt=2026-09-12T18:11:40+00:00; commentOnDocumentId=EPA-R08-OAR-2024-0389-0001; duplicateComments=1; organizationMissing=true
EPA-R08-OAR-2024-0389,EPA-R08-OAR-2024-0389-0183,Cathren Rose Murray,not provided by public Regulations.gov fields,2024-10-09T04:00:00Z,"Wyoming and Utah have submitted Regional Haze State Implementation Plans with no proposed pollution reductions, allowing some of the nation's biggest polluters to remain uncontrolled for nitrogen oxide, sulfur dioxide, and other pollutants when common-sense controls exist that could significantly cut those emissions.
EPAs proposed disapprovals of these do-nothing state plans are a critical first step to protect air quality, both in national parks and our communities. I urge EPA to finalize its proposed disapprovals and act quickly to implement plans that will result in real pollution reductions.
In Utah, EPA analysis shows that installing selective catalytic reduction (SCR) on Hunter and Huntington coal plants would be cost-effective and provide massive visibility benefits for Utahs national parks. These plants have avoided pollution reductions for decades. Now is the time for EPA to act.
Similarly, in Wyoming, the state failed to even consider pollution controls at the states largest polluters, including Jim Bridger, Naughton, Dave Johnston, and Wyodak coal plants. Each of these facilities could install cost-effective pollution controls, including SCRs, that would result in significant air-quality improvements across the state.
Please finalize the proposed disapprovals of Utah and Wyomings do-nothing plans and require enforceable pollution reductions, including SCR installation, on our states' biggest polluters Hunter, Huntington, Jim Bridger, Naughton, Dave Johnston, and Wyodak.",https://www.regulations.gov/comment/EPA-R08-OAR-2024-0389-0183,,false,source=Regulations.gov v4 comment detail; retrievedAt=2026-09-12T18:11:40+00:00; commentOnDocumentId=EPA-R08-OAR-2024-0389-0001; duplicateComments=1; organizationMissing=true
EPA-R08-OAR-2024-0389,EPA-R08-OAR-2024-0389-0184,Nigel Jay,not provided by public Regulations.gov fields,2024-10-09T04:00:00Z,"Wyoming and Utah have submitted Regional Haze State Implementation Plans with no proposed pollution reductions, allowing some of the nation's biggest polluters to remain uncontrolled for nitrogen oxide, sulfur dioxide, and other pollutants when common-sense controls exist that could significantly cut those emissions.
EPAs proposed disapprovals of these do-nothing state plans are a critical first step to protect air quality, both in national parks and our communities. I urge EPA to finalize its proposed disapprovals and act quickly to implement plans that will result in real pollution reductions.
In Utah, EPA analysis shows that installing selective catalytic reduction (SCR) on Hunter and Huntington coal plants would be cost-effective and provide massive visibility benefits for Utahs national parks. These plants have avoided pollution reductions for decades. Now is the time for EPA to act.
Similarly, in Wyoming, the state failed to even consider pollution controls at the states largest polluters, including Jim Bridger, Naughton, Dave Johnston, and Wyodak coal plants. Each of these facilities could install cost-effective pollution controls, including SCRs, that would result in significant air-quality improvements across the state.
Please finalize the proposed disapprovals of Utah and Wyomings do-nothing plans and require enforceable pollution reductions, including SCR installation, on our states' biggest polluters Hunter, Huntington, Jim Bridger, Naughton, Dave Johnston, and Wyodak.",https://www.regulations.gov/comment/EPA-R08-OAR-2024-0389-0184,,false,source=Regulations.gov v4 comment detail; retrievedAt=2026-09-12T18:11:40+00:00; commentOnDocumentId=EPA-R08-OAR-2024-0389-0001; duplicateComments=1; organizationMissing=true
EPA-R08-OAR-2024-0389,EPA-R08-OAR-2024-0389-0185,Suzanne Fernstrom,not provided by public Regulations.gov fields,2024-10-09T04:00:00Z,"Wyoming and Utah have submitted Regional Haze State Implementation Plans with no proposed pollution reductions, allowing some of the nation's biggest polluters to remain uncontrolled for nitrogen oxide, sulfur dioxide, and other pollutants when common-sense controls exist that could significantly cut those emissions.
EPAs proposed disapprovals of these do-nothing state plans are a critical first step to protect air quality, both in national parks and our communities. I urge EPA to finalize its proposed disapprovals and act quickly to implement plans that will result in real pollution reductions.
In Utah, EPA analysis shows that installing selective catalytic reduction (SCR) on Hunter and Huntington coal plants would be cost-effective and provide massive visibility benefits for Utahs national parks. These plants have avoided pollution reductions for decades. Now is the time for EPA to act.
Similarly, in Wyoming, the state failed to even consider pollution controls at the states largest polluters, including Jim Bridger, Naughton, Dave Johnston, and Wyodak coal plants. Each of these facilities could install cost-effective pollution controls, including SCRs, that would result in significant air-quality improvements across the state.
Please finalize the proposed disapprovals of Utah and Wyomings do-nothing plans and require enforceable pollution reductions, including SCR installation, on our states' biggest polluters Hunter, Huntington, Jim Bridger, Naughton, Dave Johnston, and Wyodak.",https://www.regulations.gov/comment/EPA-R08-OAR-2024-0389-0185,,false,source=Regulations.gov v4 comment detail; retrievedAt=2026-09-12T18:11:40+00:00; commentOnDocumentId=EPA-R08-OAR-2024-0389-0001; duplicateComments=1; organizationMissing=true
EPA-R08-OAR-2024-0389,EPA-R08-OAR-2024-0389-0186,James Van Dinter,not provided by public Regulations.gov fields,2024-10-09T04:00:00Z,"Wyoming and Utah have submitted Regional Haze State Implementation Plans with no proposed pollution reductions, allowing some of the nation's biggest polluters to remain uncontrolled for nitrogen oxide, sulfur dioxide, and other pollutants when common-sense controls exist that could significantly cut those emissions.
EPAs proposed disapprovals of these do-nothing state plans are a critical first step to protect air quality, both in national parks and our communities. I urge EPA to finalize its proposed disapprovals and act quickly to implement plans that will result in real pollution reductions.
In Utah, EPA analysis shows that installing selective catalytic reduction (SCR) on Hunter and Huntington coal plants would be cost-effective and provide massive visibility benefits for Utahs national parks. These plants have avoided pollution reductions for decades. Now is the time for EPA to act.
Similarly, in Wyoming, the state failed to even consider pollution controls at the states largest polluters, including Jim Bridger, Naughton, Dave Johnston, and Wyodak coal plants. Each of these facilities could install cost-effective pollution controls, including SCRs, that would result in significant air-quality improvements across the state.
Please finalize the proposed disapprovals of Utah and Wyomings do-nothing plans and require enforceable pollution reductions, including SCR installation, on our states' biggest polluters Hunter, Huntington, Jim Bridger, Naughton, Dave Johnston, and Wyodak.",https://www.regulations.gov/comment/EPA-R08-OAR-2024-0389-0186,,false,source=Regulations.gov v4 comment detail; retrievedAt=2026-09-12T18:11:40+00:00; commentOnDocumentId=EPA-R08-OAR-2024-0389-0001; duplicateComments=1; organizationMissing=true
EPA-R08-OAR-2024-0389,EPA-R08-OAR-2024-0389-0187,Pam Zimmerman,not provided by public Regulations.gov fields,2024-10-09T04:00:00Z,"Wyoming and Utah have submitted Regional Haze State Implementation Plans with no proposed pollution reductions, allowing some of the nation's biggest polluters to remain uncontrolled for nitrogen oxide, sulfur dioxide, and other pollutants when common-sense controls exist that could significantly cut those emissions.
EPAs proposed disapprovals of these do-nothing state plans are a critical first step to protect air quality, both in national parks and our communities. I urge EPA to finalize its proposed disapprovals and act quickly to implement plans that will result in real pollution reductions.
In Utah, EPA analysis shows that installing selective catalytic reduction (SCR) on Hunter and Huntington coal plants would be cost-effective and provide massive visibility benefits for Utahs national parks. These plants have avoided pollution reductions for decades. Now is the time for EPA to act.
Similarly, in Wyoming, the state failed to even consider pollution controls at the states largest polluters, including Jim Bridger, Naughton, Dave Johnston, and Wyodak coal plants. Each of these facilities could install cost-effective pollution controls, including SCRs, that would result in significant air-quality improvements across the state.
Please finalize the proposed disapprovals of Utah and Wyomings do-nothing plans and require enforceable pollution reductions, including SCR installation, on our states' biggest polluters Hunter, Huntington, Jim Bridger, Naughton, Dave Johnston, and Wyodak.",https://www.regulations.gov/comment/EPA-R08-OAR-2024-0389-0187,,false,source=Regulations.gov v4 comment detail; retrievedAt=2026-09-12T18:11:40+00:00; commentOnDocumentId=EPA-R08-OAR-2024-0389-0001; duplicateComments=1; organizationMissing=true
EPA-R08-OAR-2024-0389,EPA-R08-OAR-2024-0389-0188,Sarah Pinsky,not provided by public Regulations.gov fields,2024-10-09T04:00:00Z,"Wyoming and Utah have submitted Regional Haze State Implementation Plans with no proposed pollution reductions, allowing some of the nation's biggest polluters to remain uncontrolled for nitrogen oxide, sulfur dioxide, and other pollutants when common-sense controls exist that could significantly cut those emissions.
EPAs proposed disapprovals of these do-nothing state plans are a critical first step to protect air quality, both in national parks and our communities. I urge EPA to finalize its proposed disapprovals and act quickly to implement plans that will result in real pollution reductions.
In Utah, EPA analysis shows that installing selective catalytic reduction (SCR) on Hunter and Huntington coal plants would be cost-effective and provide massive visibility benefits for Utahs national parks. These plants have avoided pollution reductions for decades. Now is the time for EPA to act.
Similarly, in Wyoming, the state failed to even consider pollution controls at the states largest polluters, including Jim Bridger, Naughton, Dave Johnston, and Wyodak coal plants. Each of these facilities could install cost-effective pollution controls, including SCRs, that would result in significant air-quality improvements across the state.
Please finalize the proposed disapprovals of Utah and Wyomings do-nothing plans and require enforceable pollution reductions, including SCR installation, on our states' biggest polluters Hunter, Huntington, Jim Bridger, Naughton, Dave Johnston, and Wyodak.",https://www.regulations.gov/comment/EPA-R08-OAR-2024-0389-0188,,false,source=Regulations.gov v4 comment detail; retrievedAt=2026-09-12T18:11:40+00:00; commentOnDocumentId=EPA-R08-OAR-2024-0389-0001; duplicateComments=1; organizationMissing=true
EPA-R08-OAR-2024-0389,EPA-R08-OAR-2024-0389-0189,Michelle Mitchell,not provided by public Regulations.gov fields,2024-10-09T04:00:00Z,"Wyoming and Utah have submitted Regional Haze State Implementation Plans with no proposed pollution reductions, allowing some of the nation's biggest polluters to remain uncontrolled for nitrogen oxide, sulfur dioxide, and other pollutants when common-sense controls exist that could significantly cut those emissions.
EPAs proposed disapprovals of these do-nothing state plans are a critical first step to protect air quality, both in national parks and our communities. I urge EPA to finalize its proposed disapprovals and act quickly to implement plans that will result in real pollution reductions.
In Utah, EPA analysis shows that installing selective catalytic reduction (SCR) on Hunter and Huntington coal plants would be cost-effective and provide massive visibility benefits for Utahs national parks. These plants have avoided pollution reductions for decades. Now is the time for EPA to act.
Similarly, in Wyoming, the state failed to even consider pollution controls at the states largest polluters, including Jim Bridger, Naughton, Dave Johnston, and Wyodak coal plants. Each of these facilities could install cost-effective pollution controls, including SCRs, that would result in significant air-quality improvements across the state.
Please finalize the proposed disapprovals of Utah and Wyomings do-nothing plans and require enforceable pollution reductions, including SCR installation, on our states' biggest polluters Hunter, Huntington, Jim Bridger, Naughton, Dave Johnston, and Wyodak.",https://www.regulations.gov/comment/EPA-R08-OAR-2024-0389-0189,,false,source=Regulations.gov v4 comment detail; retrievedAt=2026-09-12T18:11:40+00:00; commentOnDocumentId=EPA-R08-OAR-2024-0389-0001; duplicateComments=1; organizationMissing=true
EPA-R08-OAR-2024-0389,EPA-R08-OAR-2024-0389-0190,Richard Bejarano,not provided by public Regulations.gov fields,2024-10-09T04:00:00Z,"Wyoming and Utah have submitted Regional Haze State Implementation Plans with no proposed pollution reductions, allowing some of the nation's biggest polluters to remain uncontrolled for nitrogen oxide, sulfur dioxide, and other pollutants when common-sense controls exist that could significantly cut those emissions.
EPAs proposed disapprovals of these do-nothing state plans are a critical first step to protect air quality, both in national parks and our communities. I urge EPA to finalize its proposed disapprovals and act quickly to implement plans that will result in real pollution reductions.
In Utah, EPA analysis shows that installing selective catalytic reduction (SCR) on Hunter and Huntington coal plants would be cost-effective and provide massive visibility benefits for Utahs national parks. These plants have avoided pollution reductions for decades. Now is the time for EPA to act.
Similarly, in Wyoming, the state failed to even consider pollution controls at the states largest polluters, including Jim Bridger, Naughton, Dave Johnston, and Wyodak coal plants. Each of these facilities could install cost-effective pollution controls, including SCRs, that would result in significant air-quality improvements across the state.
Please finalize the proposed disapprovals of Utah and Wyomings do-nothing plans and require enforceable pollution reductions, including SCR installation, on our states' biggest polluters Hunter, Huntington, Jim Bridger, Naughton, Dave Johnston, and Wyodak.",https://www.regulations.gov/comment/EPA-R08-OAR-2024-0389-0190,,false,source=Regulations.gov v4 comment detail; retrievedAt=2026-09-12T18:11:40+00:00; commentOnDocumentId=EPA-R08-OAR-2024-0389-0001; duplicateComments=1; organizationMissing=true
EPA-R08-OAR-2024-0389,EPA-R08-OAR-2024-0389-0191,Marilyn Eng,not provided by public Regulations.gov fields,2024-10-09T04:00:00Z,"Wyoming and Utah have submitted Regional Haze State Implementation Plans with no proposed pollution reductions, allowing some of the nation's biggest polluters to remain uncontrolled for nitrogen oxide, sulfur dioxide, and other pollutants when common-sense controls exist that could significantly cut those emissions.
EPAs proposed disapprovals of these do-nothing state plans are a critical first step to protect air quality, both in national parks and our communities. I urge EPA to finalize its proposed disapprovals and act quickly to implement plans that will result in real pollution reductions.
In Utah, EPA analysis shows that installing selective catalytic reduction (SCR) on Hunter and Huntington coal plants would be cost-effective and provide massive visibility benefits for Utahs national parks. These plants have avoided pollution reductions for decades. Now is the time for EPA to act.
Similarly, in Wyoming, the state failed to even consider pollution controls at the states largest polluters, including Jim Bridger, Naughton, Dave Johnston, and Wyodak coal plants. Each of these facilities could install cost-effective pollution controls, including SCRs, that would result in significant air-quality improvements across the state.
Please finalize the proposed disapprovals of Utah and Wyomings do-nothing plans and require enforceable pollution reductions, including SCR installation, on our states' biggest polluters Hunter, Huntington, Jim Bridger, Naughton, Dave Johnston, and Wyodak.",https://www.regulations.gov/comment/EPA-R08-OAR-2024-0389-0191,,false,source=Regulations.gov v4 comment detail; retrievedAt=2026-09-12T18:11:40+00:00; commentOnDocumentId=EPA-R08-OAR-2024-0389-0001; duplicateComments=1; organizationMissing=true
EPA-R08-OAR-2024-0389,EPA-R08-OAR-2024-0389-0192,Eliza Kronenberger,not provided by public Regulations.gov fields,2024-10-09T04:00:00Z,"Wyoming and Utah have submitted Regional Haze State Implementation Plans with no proposed pollution reductions, allowing some of the nation's biggest polluters to remain uncontrolled for nitrogen oxide, sulfur dioxide, and other pollutants when common-sense controls exist that could significantly cut those emissions.
EPAs proposed disapprovals of these do-nothing state plans are a critical first step to protect air quality, both in national parks and our communities. I urge EPA to finalize its proposed disapprovals and act quickly to implement plans that will result in real pollution reductions.
In Utah, EPA analysis shows that installing selective catalytic reduction (SCR) on Hunter and Huntington coal plants would be cost-effective and provide massive visibility benefits for Utahs national parks. These plants have avoided pollution reductions for decades. Now is the time for EPA to act.
Similarly, in Wyoming, the state failed to even consider pollution controls at the states largest polluters, including Jim Bridger, Naughton, Dave Johnston, and Wyodak coal plants. Each of these facilities could install cost-effective pollution controls, including SCRs, that would result in significant air-quality improvements across the state.
Please finalize the proposed disapprovals of Utah and Wyomings do-nothing plans and require enforceable pollution reductions, including SCR installation, on our states' biggest polluters Hunter, Huntington, Jim Bridger, Naughton, Dave Johnston, and Wyodak.",https://www.regulations.gov/comment/EPA-R08-OAR-2024-0389-0192,,false,source=Regulations.gov v4 comment detail; retrievedAt=2026-09-12T18:11:40+00:00; commentOnDocumentId=EPA-R08-OAR-2024-0389-0001; duplicateComments=1; organizationMissing=true
EPA-R08-OAR-2024-0389,EPA-R08-OAR-2024-0389-0193,Helen Hobart,not provided by public Regulations.gov fields,2024-10-09T04:00:00Z,"Wyoming and Utah have submitted Regional Haze State Implementation Plans with no proposed pollution reductions, allowing some of the nation's biggest polluters to remain uncontrolled for nitrogen oxide, sulfur dioxide, and other pollutants when common-sense controls exist that could significantly cut those emissions.
EPAs proposed disapprovals of these do-nothing state plans are a critical first step to protect air quality, both in national parks and our communities. I urge EPA to finalize its proposed disapprovals and act quickly to implement plans that will result in real pollution reductions.
In Utah, EPA analysis shows that installing selective catalytic reduction (SCR) on Hunter and Huntington coal plants would be cost-effective and provide massive visibility benefits for Utahs national parks. These plants have avoided pollution reductions for decades. Now is the time for EPA to act.
Similarly, in Wyoming, the state failed to even consider pollution controls at the states largest polluters, including Jim Bridger, Naughton, Dave Johnston, and Wyodak coal plants. Each of these facilities could install cost-effective pollution controls, including SCRs, that would result in significant air-quality improvements across the state.
Please finalize the proposed disapprovals of Utah and Wyomings do-nothing plans and require enforceable pollution reductions, including SCR installation, on our states' biggest polluters Hunter, Huntington, Jim Bridger, Naughton, Dave Johnston, and Wyodak.",https://www.regulations.gov/comment/EPA-R08-OAR-2024-0389-0193,,false,source=Regulations.gov v4 comment detail; retrievedAt=2026-09-12T18:11:40+00:00; commentOnDocumentId=EPA-R08-OAR-2024-0389-0001; duplicateComments=1; organizationMissing=true
EPA-R08-OAR-2024-0389,EPA-R08-OAR-2024-0389-0194,Nancy Enz Lill,not provided by public Regulations.gov fields,2024-10-09T04:00:00Z,"Wyoming and Utah have submitted Regional Haze State Implementation Plans with no proposed pollution reductions, allowing some of the nation's biggest polluters to remain uncontrolled for nitrogen oxide, sulfur dioxide, and other pollutants when common-sense controls exist that could significantly cut those emissions.
EPAs proposed disapprovals of these do-nothing state plans are a critical first step to protect air quality, both in national parks and our communities. I urge EPA to finalize its proposed disapprovals and act quickly to implement plans that will result in real pollution reductions.
In Utah, EPA analysis shows that installing selective catalytic reduction (SCR) on Hunter and Huntington coal plants would be cost-effective and provide massive visibility benefits for Utahs national parks. These plants have avoided pollution reductions for decades. Now is the time for EPA to act.
Similarly, in Wyoming, the state failed to even consider pollution controls at the states largest polluters, including Jim Bridger, Naughton, Dave Johnston, and Wyodak coal plants. Each of these facilities could install cost-effective pollution controls, including SCRs, that would result in significant air-quality improvements across the state.
Please finalize the proposed disapprovals of Utah and Wyomings do-nothing plans and require enforceable pollution reductions, including SCR installation, on our states' biggest polluters Hunter, Huntington, Jim Bridger, Naughton, Dave Johnston, and Wyodak.",https://www.regulations.gov/comment/EPA-R08-OAR-2024-0389-0194,,false,source=Regulations.gov v4 comment detail; retrievedAt=2026-09-12T18:11:40+00:00; commentOnDocumentId=EPA-R08-OAR-2024-0389-0001; duplicateComments=1; organizationMissing=true
EPA-R08-OAR-2024-0389,EPA-R08-OAR-2024-0389-0195,Daniel Harraden,not provided by public Regulations.gov fields,2024-10-09T04:00:00Z,"Wyoming and Utah have submitted Regional Haze State Implementation Plans with no proposed pollution reductions, allowing some of the nation's biggest polluters to remain uncontrolled for nitrogen oxide, sulfur dioxide, and other pollutants when common-sense controls exist that could significantly cut those emissions.
EPAs proposed disapprovals of these do-nothing state plans are a critical first step to protect air quality, both in national parks and our communities. I urge EPA to finalize its proposed disapprovals and act quickly to implement plans that will result in real pollution reductions.
In Utah, EPA analysis shows that installing selective catalytic reduction (SCR) on Hunter and Huntington coal plants would be cost-effective and provide massive visibility benefits for Utahs national parks. These plants have avoided pollution reductions for decades. Now is the time for EPA to act.
Similarly, in Wyoming, the state failed to even consider pollution controls at the states largest polluters, including Jim Bridger, Naughton, Dave Johnston, and Wyodak coal plants. Each of these facilities could install cost-effective pollution controls, including SCRs, that would result in significant air-quality improvements across the state.
Please finalize the proposed disapprovals of Utah and Wyomings do-nothing plans and require enforceable pollution reductions, including SCR installation, on our states' biggest polluters Hunter, Huntington, Jim Bridger, Naughton, Dave Johnston, and Wyodak.",https://www.regulations.gov/comment/EPA-R08-OAR-2024-0389-0195,,false,source=Regulations.gov v4 comment detail; retrievedAt=2026-09-12T18:11:40+00:00; commentOnDocumentId=EPA-R08-OAR-2024-0389-0001; duplicateComments=1; organizationMissing=true
EPA-R08-OAR-2024-0389,EPA-R08-OAR-2024-0389-0196,Edward and Beatrice Simpson,not provided by public Regulations.gov fields,2024-10-09T04:00:00Z,"Though we are senior citizens, we care about our planet for the long term. What you do today, will resonate for long into the future.
Wyoming and Utah have submitted Regional Haze State Implementation Plans that make NO SENSE. There are no proposed pollution reductions, allowing some of the nation's biggest polluters to remain uncontrolled.
There are things that can and should be done and you and others in Congress have been given researched and honest information.
We strongly urge EPA to finalize its proposed disapprovals and to implement plans that will result in real pollution reductions. THIS MUST BE DONE NOW!
In Utah and Wyoming there are cost effective answers on the table.
Please finalize the proposed disapprovals of Utah and Wyomings do-nothing plans and require enforceable pollution reductions, including SCR installation, on our states' biggest polluters Hunter, Huntington, Jim Bridger, Naughton, Dave Johnston, and Wyodak.
Thank you!",https://www.regulations.gov/comment/EPA-R08-OAR-2024-0389-0196,,false,source=Regulations.gov v4 comment detail; retrievedAt=2026-09-12T18:11:40+00:00; commentOnDocumentId=EPA-R08-OAR-2024-0389-0001; duplicateComments=1; organizationMissing=true
EPA-R08-OAR-2024-0389,EPA-R08-OAR-2024-0389-0197,Peter Von Hipple,not provided by public Regulations.gov fields,2024-10-09T04:00:00Z,"We know these parks well. They are national treasures, and we want our children and grandchildren to be able to see the views as clearly as we did -- without haze pollution! controlling (or shutting down) the responsible coal-fired plants is in the national interest!
Wyoming and Utah have submitted Regional Haze State Implementation Plans with no proposed pollution reductions, allowing some of the nation's biggest polluters to remain uncontrolled for nitrogen oxide, sulfur dioxide, and other pollutants when common-sense controls exist that could significantly cut those emissions.
EPAs proposed disapprovals of these do-nothing state plans are a critical first step to protect air quality, both in national parks and our communities. I urge EPA to finalize its proposed disapprovals and act quickly to implement plans that will result in real pollution reductions.
In Utah, EPA analysis shows that installing selective catalytic reduction (SCR) on Hunter and Huntington coal plants would be cost-effective and provide massive visibility benefits for Utahs national parks. These plants have avoided pollution reductions for decades. Now is the time for EPA to act.
Similarly, in Wyoming, the state failed to even consider pollution controls at the states largest polluters, including Jim Bridger, Naughton, Dave Johnston, and Wyodak coal plants. Each of these facilities could install cost-effective pollution controls, including SCRs, that would result in significant air-quality improvements across the state.
Please finalize the proposed disapprovals of Utah and Wyomings do-nothing plans and require enforceable pollution reductions, including SCR installation, on our states' biggest polluters Hunter, Huntington, Jim Bridger, Naughton, Dave Johnston, and Wyodak.",https://www.regulations.gov/comment/EPA-R08-OAR-2024-0389-0197,,false,source=Regulations.gov v4 comment detail; retrievedAt=2026-09-12T18:11:40+00:00; commentOnDocumentId=EPA-R08-OAR-2024-0389-0001; duplicateComments=1; organizationMissing=true
EPA-R08-OAR-2024-0389,EPA-R08-OAR-2024-0389-0198,Steven Aderhold,not provided by public Regulations.gov fields,2024-10-09T04:00:00Z,"Wyoming and Utah have submitted Regional Haze State Implementation Plans with no proposed pollution reductions, allowing some of the nation's biggest polluters to remain uncontrolled for nitrogen oxide, sulfur dioxide, and other pollutants when common-sense controls exist that could significantly cut those emissions.
EPAs proposed disapprovals of these do-nothing state plans are a critical first step to protect air quality, both in national parks and our communities. I urge EPA to finalize its proposed disapprovals and act quickly to implement plans that will result in real pollution reductions.
In Utah, EPA analysis shows that installing selective catalytic reduction (SCR) on Hunter and Huntington coal plants would be cost-effective and provide massive visibility benefits for Utahs national parks. These plants have avoided pollution reductions for decades. Now is the time for EPA to act.
Similarly, in Wyoming, the state failed to even consider pollution controls at the states largest polluters, including Jim Bridger, Naughton, Dave Johnston, and Wyodak coal plants. Each of these facilities could install cost-effective pollution controls, including SCRs, that would result in significant air-quality improvements across the state.
Please finalize the proposed disapprovals of Utah and Wyomings do-nothing plans and require enforceable pollution reductions, including SCR installation, on our states' biggest polluters Hunter, Huntington, Jim Bridger, Naughton, Dave Johnston, and Wyodak.",https://www.regulations.gov/comment/EPA-R08-OAR-2024-0389-0198,,false,source=Regulations.gov v4 comment detail; retrievedAt=2026-09-12T18:11:40+00:00; commentOnDocumentId=EPA-R08-OAR-2024-0389-0001; duplicateComments=1; organizationMissing=true
EPA-R08-OAR-2024-0389,EPA-R08-OAR-2024-0389-0199,Michael Szeto,not provided by public Regulations.gov fields,2024-10-09T04:00:00Z,"Wyoming and Utah have submitted Regional Haze State Implementation Plans with no proposed pollution reductions, allowing some of the nation's biggest polluters to remain uncontrolled for nitrogen oxide, sulfur dioxide, and other pollutants when common-sense controls exist that could significantly cut those emissions.
EPAs proposed disapprovals of these do-nothing state plans are a critical first step to protect air quality, both in national parks and our communities. I urge EPA to finalize its proposed disapprovals and act quickly to implement plans that will result in real pollution reductions.
In Utah, EPA analysis shows that installing selective catalytic reduction (SCR) on Hunter and Huntington coal plants would be cost-effective and provide massive visibility benefits for Utahs national parks. These plants have avoided pollution reductions for decades. Now is the time for EPA to act.
Similarly, in Wyoming, the state failed to even consider pollution controls at the states largest polluters, including Jim Bridger, Naughton, Dave Johnston, and Wyodak coal plants. Each of these facilities could install cost-effective pollution controls, including SCRs, that would result in significant air-quality improvements across the state.
Please finalize the proposed disapprovals of Utah and Wyomings do-nothing plans and require enforceable pollution reductions, including SCR installation, on our states' biggest polluters Hunter, Huntington, Jim Bridger, Naughton, Dave Johnston, and Wyodak.",https://www.regulations.gov/comment/EPA-R08-OAR-2024-0389-0199,,false,source=Regulations.gov v4 comment detail; retrievedAt=2026-09-12T18:11:40+00:00; commentOnDocumentId=EPA-R08-OAR-2024-0389-0001; duplicateComments=1; organizationMissing=true
EPA-R08-OAR-2024-0389,EPA-R08-OAR-2024-0389-0200,Kim Delehman,not provided by public Regulations.gov fields,2024-10-09T04:00:00Z,"I want my children to be able to visit our national parks and see the views and breathe clean air!
Wyoming and Utah have submitted Regional Haze State Implementation Plans with no proposed pollution reductions, allowing some of the nation's biggest polluters to remain uncontrolled for nitrogen oxide, sulfur dioxide, and other pollutants when common-sense controls exist that could significantly cut those emissions.
EPAs proposed disapprovals of these do-nothing state plans are a critical first step to protect air quality, both in national parks and our communities. I urge EPA to finalize its proposed disapprovals and act quickly to implement plans that will result in real pollution reductions.
In Utah, EPA analysis shows that installing selective catalytic reduction (SCR) on Hunter and Huntington coal plants would be cost-effective and provide massive visibility benefits for Utahs national parks. These plants have avoided pollution reductions for decades. Now is the time for EPA to act.
Similarly, in Wyoming, the state failed to even consider pollution controls at the states largest polluters, including Jim Bridger, Naughton, Dave Johnston, and Wyodak coal plants. Each of these facilities could install cost-effective pollution controls, including SCRs, that would result in significant air-quality improvements across the state.
Please finalize the proposed disapprovals of Utah and Wyomings do-nothing plans and require enforceable pollution reductions, including SCR installation, on our states' biggest polluters Hunter, Huntington, Jim Bridger, Naughton, Dave Johnston, and Wyodak.",https://www.regulations.gov/comment/EPA-R08-OAR-2024-0389-0200,,false,source=Regulations.gov v4 comment detail; retrievedAt=2026-09-12T18:11:40+00:00; commentOnDocumentId=EPA-R08-OAR-2024-0389-0001; duplicateComments=1; organizationMissing=true
EPA-R08-OAR-2024-0389,EPA-R08-OAR-2024-0389-0201,Britton Donaldson,not provided by public Regulations.gov fields,2024-10-09T04:00:00Z,"Wyoming and Utah have submitted Regional Haze State Implementation Plans with no proposed pollution reductions, allowing some of the nation's biggest polluters to remain uncontrolled for nitrogen oxide, sulfur dioxide, and other pollutants when common-sense controls exist that could significantly cut those emissions.
EPAs proposed disapprovals of these do-nothing state plans are a critical first step to protect air quality, both in national parks and our communities. I urge EPA to finalize its proposed disapprovals and act quickly to implement plans that will result in real pollution reductions.
In Utah, EPA analysis shows that installing selective catalytic reduction (SCR) on Hunter and Huntington coal plants would be cost-effective and provide massive visibility benefits for Utahs national parks. These plants have avoided pollution reductions for decades. Now is the time for EPA to act.
Similarly, in Wyoming, the state failed to even consider pollution controls at the states largest polluters, including Jim Bridger, Naughton, Dave Johnston, and Wyodak coal plants. Each of these facilities could install cost-effective pollution controls, including SCRs, that would result in significant air-quality improvements across the state.
Please finalize the proposed disapprovals of Utah and Wyomings do-nothing plans and require enforceable pollution reductions, including SCR installation, on our states' biggest polluters Hunter, Huntington, Jim Bridger, Naughton, Dave Johnston, and Wyodak.",https://www.regulations.gov/comment/EPA-R08-OAR-2024-0389-0201,,false,source=Regulations.gov v4 comment detail; retrievedAt=2026-09-12T18:11:40+00:00; commentOnDocumentId=EPA-R08-OAR-2024-0389-0001; duplicateComments=1; organizationMissing=true
EPA-R08-OAR-2024-0389,EPA-R08-OAR-2024-0389-0202,Marilyn O'Malley,not provided by public Regulations.gov fields,2024-10-09T04:00:00Z,"Wyoming and Utah have submitted Regional Haze State Implementation Plans with no proposed pollution reductions, allowing some of the nation's biggest polluters to remain uncontrolled for nitrogen oxide, sulfur dioxide, and other pollutants when common-sense controls exist that could significantly cut those emissions.
EPAs proposed disapprovals of these do-nothing state plans are a critical first step to protect air quality, both in national parks and our communities. I urge EPA to finalize its proposed disapprovals and act quickly to implement plans that will result in real pollution reductions.
In Utah, EPA analysis shows that installing selective catalytic reduction (SCR) on Hunter and Huntington coal plants would be cost-effective and provide massive visibility benefits for Utahs national parks. These plants have avoided pollution reductions for decades. Now is the time for EPA to act.
Similarly, in Wyoming, the state failed to even consider pollution controls at the states largest polluters, including Jim Bridger, Naughton, Dave Johnston, and Wyodak coal plants. Each of these facilities could install cost-effective pollution controls, including SCRs, that would result in significant air-quality improvements across the state.
Please finalize the proposed disapprovals of Utah and Wyomings do-nothing plans and require enforceable pollution reductions, including SCR installation, on our states' biggest polluters Hunter, Huntington, Jim Bridger, Naughton, Dave Johnston, and Wyodak.",https://www.regulations.gov/comment/EPA-R08-OAR-2024-0389-0202,,false,source=Regulations.gov v4 comment detail; retrievedAt=2026-09-12T18:11:40+00:00; commentOnDocumentId=EPA-R08-OAR-2024-0389-0001; duplicateComments=1; organizationMissing=true
EPA-R08-OAR-2024-0389,EPA-R08-OAR-2024-0389-0203,MaryAnn Jones,not provided by public Regulations.gov fields,2024-10-09T04:00:00Z,"As a Wyoming native, I feel we must improve our air quality. I live part time in Wyoming and we need clean air
Wyoming and Utah have submitted Regional Haze State Implementation Plans with no proposed pollution reductions, allowing some of the nation's biggest polluters to remain uncontrolled for nitrogen oxide, sulfur dioxide, and other pollutants when common-sense controls exist that could significantly cut those emissions.
EPAs proposed disapprovals of these do-nothing state plans are a critical first step to protect air quality, both in national parks and our communities. I urge EPA to finalize its proposed disapprovals and act quickly to implement plans that will result in real pollution reductions.
In Utah, EPA analysis shows that installing selective catalytic reduction (SCR) on Hunter and Huntington coal plants would be cost-effective and provide massive visibility benefits for Utahs national parks. These plants have avoided pollution reductions for decades. Now is the time for EPA to act.
Similarly, in Wyoming, the state failed to even consider pollution controls at the states largest polluters, including Jim Bridger, Naughton, Dave Johnston, and Wyodak coal plants. Each of these facilities could install cost-effective pollution controls, including SCRs, that would result in significant air-quality improvements across the state.
Please finalize the proposed disapprovals of Utah and Wyomings do-nothing plans and require enforceable pollution reductions, including SCR installation, on our states' biggest polluters Hunter, Huntington, Jim Bridger, Naughton, Dave Johnston, and Wyodak.",https://www.regulations.gov/comment/EPA-R08-OAR-2024-0389-0203,,false,source=Regulations.gov v4 comment detail; retrievedAt=2026-09-12T18:11:40+00:00; commentOnDocumentId=EPA-R08-OAR-2024-0389-0001; duplicateComments=1; organizationMissing=true
EPA-R08-OAR-2024-0389,EPA-R08-OAR-2024-0389-0204,David Rosen,not provided by public Regulations.gov fields,2024-10-09T04:00:00Z,"Wyoming and Utah have submitted Regional Haze State Implementation Plans with no proposed pollution reductions, allowing some of the nation's biggest polluters to remain uncontrolled for nitrogen oxide, sulfur dioxide, and other pollutants when common-sense controls exist that could significantly cut those emissions.
EPAs proposed disapprovals of these do-nothing state plans are a critical first step to protect air quality, both in national parks and our communities. I urge EPA to finalize its proposed disapprovals and act quickly to implement plans that will result in real pollution reductions.
In Utah, EPA analysis shows that installing selective catalytic reduction (SCR) on Hunter and Huntington coal plants would be cost-effective and provide massive visibility benefits for Utahs national parks. These plants have avoided pollution reductions for decades. Now is the time for EPA to act.
Similarly, in Wyoming, the state failed to even consider pollution controls at the states largest polluters, including Jim Bridger, Naughton, Dave Johnston, and Wyodak coal plants. Each of these facilities could install cost-effective pollution controls, including SCRs, that would result in significant air-quality improvements across the state.
Please finalize the proposed disapprovals of Utah and Wyomings do-nothing plans and require enforceable pollution reductions, including SCR installation, on our states' biggest polluters Hunter, Huntington, Jim Bridger, Naughton, Dave Johnston, and Wyodak.",https://www.regulations.gov/comment/EPA-R08-OAR-2024-0389-0204,,false,source=Regulations.gov v4 comment detail; retrievedAt=2026-09-12T18:11:40+00:00; commentOnDocumentId=EPA-R08-OAR-2024-0389-0001; duplicateComments=1; organizationMissing=true
EPA-R08-OAR-2024-0389,EPA-R08-OAR-2024-0389-0205,Elizabeth Darby,not provided by public Regulations.gov fields,2024-10-09T04:00:00Z,"Demand whatever is required to keep our planet clean and safe - for plants and humans.
Wyoming and Utah have submitted Regional Haze State Implementation Plans with no proposed pollution reductions, allowing some of the nation's biggest polluters to remain uncontrolled for nitrogen oxide, sulfur dioxide, and other pollutants when common-sense controls exist that could significantly cut those emissions.
EPAs proposed disapprovals of these do-nothing state plans are a critical first step to protect air quality, both in national parks and our communities. I urge EPA to finalize its proposed disapprovals and act quickly to implement plans that will result in real pollution reductions.
In Utah, EPA analysis shows that installing selective catalytic reduction (SCR) on Hunter and Huntington coal plants would be cost-effective and provide massive visibility benefits for Utahs national parks. These plants have avoided pollution reductions for decades. Now is the time for EPA to act.
Similarly, in Wyoming, the state failed to even consider pollution controls at the states largest polluters, including Jim Bridger, Naughton, Dave Johnston, and Wyodak coal plants. Each of these facilities could install cost-effective pollution controls, including SCRs, that would result in significant air-quality improvements across the state.
Please finalize the proposed disapprovals of Utah and Wyomings do-nothing plans and require enforceable pollution reductions, including SCR installation, on our states' biggest polluters Hunter, Huntington, Jim Bridger, Naughton, Dave Johnston, and Wyodak.",https://www.regulations.gov/comment/EPA-R08-OAR-2024-0389-0205,,false,source=Regulations.gov v4 comment detail; retrievedAt=2026-09-12T18:11:40+00:00; commentOnDocumentId=EPA-R08-OAR-2024-0389-0001; duplicateComments=1; organizationMissing=true
EPA-R08-OAR-2024-0389,EPA-R08-OAR-2024-0389-0206,Debbie Tenenbaum,not provided by public Regulations.gov fields,2024-10-09T04:00:00Z,"Wyoming and Utah have submitted Regional Haze State Implementation Plans with no proposed pollution reductions, allowing some of the nation's biggest polluters to remain uncontrolled for nitrogen oxide, sulfur dioxide, and other pollutants when common-sense controls exist that could significantly cut those emissions.
EPAs proposed disapprovals of these do-nothing state plans are a critical first step to protect air quality, both in national parks and our communities. I urge EPA to finalize its proposed disapprovals and act quickly to implement plans that will result in real pollution reductions.
In Utah, EPA analysis shows that installing selective catalytic reduction (SCR) on Hunter and Huntington coal plants would be cost-effective and provide massive visibility benefits for Utahs national parks. These plants have avoided pollution reductions for decades. Now is the time for EPA to act.
Similarly, in Wyoming, the state failed to even consider pollution controls at the states largest polluters, including Jim Bridger, Naughton, Dave Johnston, and Wyodak coal plants. Each of these facilities could install cost-effective pollution controls, including SCRs, that would result in significant air-quality improvements across the state.
Please finalize the proposed disapprovals of Utah and Wyomings do-nothing plans and require enforceable pollution reductions, including SCR installation, on our states' biggest polluters Hunter, Huntington, Jim Bridger, Naughton, Dave Johnston, and Wyodak.",https://www.regulations.gov/comment/EPA-R08-OAR-2024-0389-0206,,false,source=Regulations.gov v4 comment detail; retrievedAt=2026-09-12T18:11:40+00:00; commentOnDocumentId=EPA-R08-OAR-2024-0389-0001; duplicateComments=1; organizationMissing=true
EPA-R08-OAR-2024-0389,EPA-R08-OAR-2024-0389-0207,Dawn Wade,not provided by public Regulations.gov fields,2024-10-09T04:00:00Z,"Wyoming and Utah have submitted Regional Haze State Implementation Plans with no proposed pollution reductions, allowing some of the nation's biggest polluters to remain uncontrolled for nitrogen oxide, sulfur dioxide, and other pollutants when common-sense controls exist that could significantly cut those emissions.
EPAs proposed disapprovals of these do-nothing state plans are a critical first step to protect air quality, both in national parks and our communities. I urge EPA to finalize its proposed disapprovals and act quickly to implement plans that will result in real pollution reductions.
In Utah, EPA analysis shows that installing selective catalytic reduction (SCR) on Hunter and Huntington coal plants would be cost-effective and provide massive visibility benefits for Utahs national parks. These plants have avoided pollution reductions for decades. Now is the time for EPA to act.
Similarly, in Wyoming, the state failed to even consider pollution controls at the states largest polluters, including Jim Bridger, Naughton, Dave Johnston, and Wyodak coal plants. Each of these facilities could install cost-effective pollution controls, including SCRs, that would result in significant air-quality improvements across the state.
Please finalize the proposed disapprovals of Utah and Wyomings do-nothing plans and require enforceable pollution reductions, including SCR installation, on our states' biggest polluters Hunter, Huntington, Jim Bridger, Naughton, Dave Johnston, and Wyodak.",https://www.regulations.gov/comment/EPA-R08-OAR-2024-0389-0207,,false,source=Regulations.gov v4 comment detail; retrievedAt=2026-09-12T18:11:40+00:00; commentOnDocumentId=EPA-R08-OAR-2024-0389-0001; duplicateComments=1; organizationMissing=true
EPA-R08-OAR-2024-0389,EPA-R08-OAR-2024-0389-0208,EVELYN KIRBY,not provided by public Regulations.gov fields,2024-10-09T04:00:00Z,"I am imploring you officials at EPA to act quickly to reduce the toxic and awful emissions from coal plants in Utah and Wyoming that have for years cost many Americans their lives and/or their health and ruined our enjoyment of our gorgeous National Parks in their proximity. In fact, these plants and their state regulators have failed in every instance to do anything to control their emissions and have cost millions of citizens their lives and health and any enjoyment of their neighboring National Parks. I urge you to act swiftly to remedy the situation which has permitted these coats plants and state regulators to pollute with impunity!
Wyoming and Utah have submitted Regional Haze State Implementation Plans with no proposed pollution reductions, allowing some of the nation's biggest polluters to remain uncontrolled for nitrogen oxide, sulfur dioxide, and other pollutants when common-sense controls exist that could significantly cut those emissions.
EPAs proposed disapprovals of these do-nothing state plans are a critical first step to protect air quality, both in national parks and our communities. I urge EPA to finalize its proposed disapprovals and act quickly to implement plans that will result in real pollution reductions.
In Utah, EPA analysis shows that installing selective catalytic reduction (SCR) on Hunter and Huntington coal plants would be cost-effective and provide massive visibility benefits for Utahs national parks. These plants have avoided pollution reductions for decades. Now is the time for EPA to act.
Similarly, in Wyoming, the state failed to even consider pollution controls at the states largest polluters, including Jim Bridger, Naughton, Dave Johnston, and Wyodak coal plants. Each of these facilities could install cost-effective pollution controls, including SCRs, that would result in significant air-quality improvements across the state.
Please finalize the proposed disapprovals of Utah and Wyomings do-nothing plans and require enforceable pollution reductions, including SCR installation, on our states' biggest polluters Hunter, Huntington, Jim Bridger, Naughton, Dave Johnston, and Wyodak.",https://www.regulations.gov/comment/EPA-R08-OAR-2024-0389-0208,,false,source=Regulations.gov v4 comment detail; retrievedAt=2026-09-12T18:11:40+00:00; commentOnDocumentId=EPA-R08-OAR-2024-0389-0001; duplicateComments=1; organizationMissing=true
EPA-R08-OAR-2024-0389,EPA-R08-OAR-2024-0389-0209,Mike Crist,not provided by public Regulations.gov fields,2024-10-09T04:00:00Z,"Wyoming and Utah have submitted Regional Haze State Implementation Plans with no proposed pollution reductions, allowing some of the nation's biggest polluters to remain uncontrolled for nitrogen oxide, sulfur dioxide, and other pollutants when common-sense controls exist that could significantly cut those emissions.
EPAs proposed disapprovals of these do-nothing state plans are a critical first step to protect air quality, both in national parks and our communities. I urge EPA to finalize its proposed disapprovals and act quickly to implement plans that will result in real pollution reductions.
In Utah, EPA analysis shows that installing selective catalytic reduction (SCR) on Hunter and Huntington coal plants would be cost-effective and provide massive visibility benefits for Utahs national parks. These plants have avoided pollution reductions for decades. Now is the time for EPA to act.
Similarly, in Wyoming, the state failed to even consider pollution controls at the states largest polluters, including Jim Bridger, Naughton, Dave Johnston, and Wyodak coal plants. Each of these facilities could install cost-effective pollution controls, including SCRs, that would result in significant air-quality improvements across the state.
Please finalize the proposed disapprovals of Utah and Wyomings do-nothing plans and require enforceable pollution reductions, including SCR installation, on our states' biggest polluters Hunter, Huntington, Jim Bridger, Naughton, Dave Johnston, and Wyodak.",https://www.regulations.gov/comment/EPA-R08-OAR-2024-0389-0209,,false,source=Regulations.gov v4 comment detail; retrievedAt=2026-09-12T18:11:40+00:00; commentOnDocumentId=EPA-R08-OAR-2024-0389-0001; duplicateComments=1; organizationMissing=true
EPA-R08-OAR-2024-0389,EPA-R08-OAR-2024-0389-0210,May Jones,not provided by public Regulations.gov fields,2024-10-09T04:00:00Z,"Wyoming and Utah have submitted Regional Haze State Implementation Plans with no proposed pollution reductions, allowing some of the nation's biggest polluters to remain uncontrolled for nitrogen oxide, sulfur dioxide, and other pollutants when common-sense controls exist that could significantly cut those emissions.
EPAs proposed disapprovals of these do-nothing state plans are a critical first step to protect air quality, both in national parks and our communities. I urge EPA to finalize its proposed disapprovals and act quickly to implement plans that will result in real pollution reductions.
In Utah, EPA analysis shows that installing selective catalytic reduction (SCR) on Hunter and Huntington coal plants would be cost-effective and provide massive visibility benefits for Utahs national parks. These plants have avoided pollution reductions for decades. Now is the time for EPA to act.
Similarly, in Wyoming, the state failed to even consider pollution controls at the states largest polluters, including Jim Bridger, Naughton, Dave Johnston, and Wyodak coal plants. Each of these facilities could install cost-effective pollution controls, including SCRs, that would result in significant air-quality improvements across the state.
Please finalize the proposed disapprovals of Utah and Wyomings do-nothing plans and require enforceable pollution reductions, including SCR installation, on our states' biggest polluters Hunter, Huntington, Jim Bridger, Naughton, Dave Johnston, and Wyodak.",https://www.regulations.gov/comment/EPA-R08-OAR-2024-0389-0210,,false,source=Regulations.gov v4 comment detail; retrievedAt=2026-09-12T18:11:40+00:00; commentOnDocumentId=EPA-R08-OAR-2024-0389-0001; duplicateComments=1; organizationMissing=true
EPA-R08-OAR-2024-0389,EPA-R08-OAR-2024-0389-0211,Laurie Leland,not provided by public Regulations.gov fields,2024-10-09T04:00:00Z,"Wyoming and Utah have submitted Regional Haze State Implementation Plans with no proposed pollution reductions, allowing some of the nation's biggest polluters to remain uncontrolled for nitrogen oxide, sulfur dioxide, and other pollutants when common-sense controls exist that could significantly cut those emissions.
EPAs proposed disapprovals of these do-nothing state plans are a critical first step to protect air quality, both in national parks and our communities. I urge EPA to finalize its proposed disapprovals and act quickly to implement plans that will result in real pollution reductions.
In Utah, EPA analysis shows that installing selective catalytic reduction (SCR) on Hunter and Huntington coal plants would be cost-effective and provide massive visibility benefits for Utahs national parks. These plants have avoided pollution reductions for decades. Now is the time for EPA to act.
Similarly, in Wyoming, the state failed to even consider pollution controls at the states largest polluters, including Jim Bridger, Naughton, Dave Johnston, and Wyodak coal plants. Each of these facilities could install cost-effective pollution controls, including SCRs, that would result in significant air-quality improvements across the state.
Please finalize the proposed disapprovals of Utah and Wyomings do-nothing plans and require enforceable pollution reductions, including SCR installation, on our states' biggest polluters Hunter, Huntington, Jim Bridger, Naughton, Dave Johnston, and Wyodak.",https://www.regulations.gov/comment/EPA-R08-OAR-2024-0389-0211,,false,source=Regulations.gov v4 comment detail; retrievedAt=2026-09-12T18:11:40+00:00; commentOnDocumentId=EPA-R08-OAR-2024-0389-0001; duplicateComments=1; organizationMissing=true
EPA-R08-OAR-2024-0389,EPA-R08-OAR-2024-0389-0212,Claudia Cataldo,not provided by public Regulations.gov fields,2024-10-09T04:00:00Z,"Wyoming and Utah have submitted Regional Haze State Implementation Plans with no proposed pollution reductions, allowing some of the nation's biggest polluters to remain uncontrolled for nitrogen oxide, sulfur dioxide, and other pollutants when common-sense controls exist that could significantly cut those emissions.
EPAs proposed disapprovals of these do-nothing state plans are a critical first step to protect air quality, both in national parks and our communities. I urge EPA to finalize its proposed disapprovals and act quickly to implement plans that will result in real pollution reductions.
In Utah, EPA analysis shows that installing selective catalytic reduction (SCR) on Hunter and Huntington coal plants would be cost-effective and provide massive visibility benefits for Utahs national parks. These plants have avoided pollution reductions for decades. Now is the time for EPA to act.
Similarly, in Wyoming, the state failed to even consider pollution controls at the states largest polluters, including Jim Bridger, Naughton, Dave Johnston, and Wyodak coal plants. Each of these facilities could install cost-effective pollution controls, including SCRs, that would result in significant air-quality improvements across the state.
Please finalize the proposed disapprovals of Utah and Wyomings do-nothing plans and require enforceable pollution reductions, including SCR installation, on our states' biggest polluters Hunter, Huntington, Jim Bridger, Naughton, Dave Johnston, and Wyodak.",https://www.regulations.gov/comment/EPA-R08-OAR-2024-0389-0212,,false,source=Regulations.gov v4 comment detail; retrievedAt=2026-09-12T18:11:40+00:00; commentOnDocumentId=EPA-R08-OAR-2024-0389-0001; duplicateComments=1; organizationMissing=true
EPA-R08-OAR-2024-0389,EPA-R08-OAR-2024-0389-0213,Lauren Davis,not provided by public Regulations.gov fields,2024-10-09T04:00:00Z,"Wyoming and Utah have submitted Regional Haze State Implementation Plans with no proposed pollution reductions, allowing some of the nation's biggest polluters to remain uncontrolled for nitrogen oxide, sulfur dioxide, and other pollutants when common-sense controls exist that could significantly cut those emissions.
EPAs proposed disapprovals of these do-nothing state plans are a critical first step to protect air quality, both in national parks and our communities. I urge EPA to finalize its proposed disapprovals and act quickly to implement plans that will result in real pollution reductions.
In Utah, EPA analysis shows that installing selective catalytic reduction (SCR) on Hunter and Huntington coal plants would be cost-effective and provide massive visibility benefits for Utahs national parks. These plants have avoided pollution reductions for decades. Now is the time for EPA to act.
Similarly, in Wyoming, the state failed to even consider pollution controls at the states largest polluters, including Jim Bridger, Naughton, Dave Johnston, and Wyodak coal plants. Each of these facilities could install cost-effective pollution controls, including SCRs, that would result in significant air-quality improvements across the state.
Please finalize the proposed disapprovals of Utah and Wyomings do-nothing plans and require enforceable pollution reductions, including SCR installation, on our states' biggest polluters Hunter, Huntington, Jim Bridger, Naughton, Dave Johnston, and Wyodak.",https://www.regulations.gov/comment/EPA-R08-OAR-2024-0389-0213,,false,source=Regulations.gov v4 comment detail; retrievedAt=2026-09-12T18:11:40+00:00; commentOnDocumentId=EPA-R08-OAR-2024-0389-0001; duplicateComments=1; organizationMissing=true
EPA-R08-OAR-2024-0389,EPA-R08-OAR-2024-0389-0214,Daniela Popescu,not provided by public Regulations.gov fields,2024-10-09T04:00:00Z,"Wyoming and Utah have submitted Regional Haze State Implementation Plans with no proposed pollution reductions, allowing some of the nation's biggest polluters to remain uncontrolled for nitrogen oxide, sulfur dioxide, and other pollutants when common-sense controls exist that could significantly cut those emissions.
EPAs proposed disapprovals of these do-nothing state plans are a critical first step to protect air quality, both in national parks and our communities. I urge EPA to finalize its proposed disapprovals and act quickly to implement plans that will result in real pollution reductions.
In Utah, EPA analysis shows that installing selective catalytic reduction (SCR) on Hunter and Huntington coal plants would be cost-effective and provide massive visibility benefits for Utahs national parks. These plants have avoided pollution reductions for decades. Now is the time for EPA to act.
Similarly, in Wyoming, the state failed to even consider pollution controls at the states largest polluters, including Jim Bridger, Naughton, Dave Johnston, and Wyodak coal plants. Each of these facilities could install cost-effective pollution controls, including SCRs, that would result in significant air-quality improvements across the state.
Please finalize the proposed disapprovals of Utah and Wyomings do-nothing plans and require enforceable pollution reductions, including SCR installation, on our states' biggest polluters Hunter, Huntington, Jim Bridger, Naughton, Dave Johnston, and Wyodak.",https://www.regulations.gov/comment/EPA-R08-OAR-2024-0389-0214,,false,source=Regulations.gov v4 comment detail; retrievedAt=2026-09-12T18:11:40+00:00; commentOnDocumentId=EPA-R08-OAR-2024-0389-0001; duplicateComments=1; organizationMissing=true
EPA-R08-OAR-2024-0389,EPA-R08-OAR-2024-0389-0215,Jorge De Cecco,not provided by public Regulations.gov fields,2024-10-09T04:00:00Z,"Save the environment!
Wyoming and Utah have submitted Regional Haze State Implementation Plans with no proposed pollution reductions, allowing some of the nation's biggest polluters to remain uncontrolled for nitrogen oxide, sulfur dioxide, and other pollutants when common-sense controls exist that could significantly cut those emissions.
EPAs proposed disapprovals of these do-nothing state plans are a critical first step to protect air quality, both in national parks and our communities. I urge EPA to finalize its proposed disapprovals and act quickly to implement plans that will result in real pollution reductions.
In Utah, EPA analysis shows that installing selective catalytic reduction (SCR) on Hunter and Huntington coal plants would be cost-effective and provide massive visibility benefits for Utahs national parks. These plants have avoided pollution reductions for decades. Now is the time for EPA to act.
Similarly, in Wyoming, the state failed to even consider pollution controls at the states largest polluters, including Jim Bridger, Naughton, Dave Johnston, and Wyodak coal plants. Each of these facilities could install cost-effective pollution controls, including SCRs, that would result in significant air-quality improvements across the state.
Please finalize the proposed disapprovals of Utah and Wyomings do-nothing plans and require enforceable pollution reductions, including SCR installation, on our states' biggest polluters Hunter, Huntington, Jim Bridger, Naughton, Dave Johnston, and Wyodak.",https://www.regulations.gov/comment/EPA-R08-OAR-2024-0389-0215,,false,source=Regulations.gov v4 comment detail; retrievedAt=2026-09-12T18:11:40+00:00; commentOnDocumentId=EPA-R08-OAR-2024-0389-0001; duplicateComments=1; organizationMissing=true
EPA-R08-OAR-2024-0389,EPA-R08-OAR-2024-0389-0216,Christina Lebovitz,not provided by public Regulations.gov fields,2024-10-09T04:00:00Z,"As an asthmatic I am more sensitive to pollution and need clean outdoor spaces to stay as healthy as possible. Please protect national parks from pollution and ensure there havens we can all enjoy.
Wyoming and Utah have submitted Regional Haze State Implementation Plans with no proposed pollution reductions, allowing some of the nation's biggest polluters to remain uncontrolled for nitrogen oxide, sulfur dioxide, and other pollutants when common-sense controls exist that could significantly cut those emissions.
EPAs proposed disapprovals of these do-nothing state plans are a critical first step to protect air quality, both in national parks and our communities. I urge EPA to finalize its proposed disapprovals and act quickly to implement plans that will result in real pollution reductions.
In Utah, EPA analysis shows that installing selective catalytic reduction (SCR) on Hunter and Huntington coal plants would be cost-effective and provide massive visibility benefits for Utahs national parks. These plants have avoided pollution reductions for decades. Now is the time for EPA to act.
Similarly, in Wyoming, the state failed to even consider pollution controls at the states largest polluters, including Jim Bridger, Naughton, Dave Johnston, and Wyodak coal plants. Each of these facilities could install cost-effective pollution controls, including SCRs, that would result in significant air-quality improvements across the state.
Please finalize the proposed disapprovals of Utah and Wyomings do-nothing plans and require enforceable pollution reductions, including SCR installation, on our states' biggest polluters Hunter, Huntington, Jim Bridger, Naughton, Dave Johnston, and Wyodak.",https://www.regulations.gov/comment/EPA-R08-OAR-2024-0389-0216,,false,source=Regulations.gov v4 comment detail; retrievedAt=2026-09-12T18:11:40+00:00; commentOnDocumentId=EPA-R08-OAR-2024-0389-0001; duplicateComments=1; organizationMissing=true
EPA-R08-OAR-2024-0389,EPA-R08-OAR-2024-0389-0217,Jon Jarvis,not provided by public Regulations.gov fields,2024-10-09T04:00:00Z,"Wyoming and Utah have submitted Regional Haze State Implementation Plans with no proposed pollution reductions, allowing some of the nation's biggest polluters to remain uncontrolled for nitrogen oxide, sulfur dioxide, and other pollutants when common-sense controls exist that could significantly cut those emissions.
EPAs proposed disapprovals of these do-nothing state plans are a critical first step to protect air quality, both in national parks and our communities. I urge EPA to finalize its proposed disapprovals and act quickly to implement plans that will result in real pollution reductions.
In Utah, EPA analysis shows that installing selective catalytic reduction (SCR) on Hunter and Huntington coal plants would be cost-effective and provide massive visibility benefits for Utahs national parks. These plants have avoided pollution reductions for decades. Now is the time for EPA to act.
Similarly, in Wyoming, the state failed to even consider pollution controls at the states largest polluters, including Jim Bridger, Naughton, Dave Johnston, and Wyodak coal plants. Each of these facilities could install cost-effective pollution controls, including SCRs, that would result in significant air-quality improvements across the state.
Please finalize the proposed disapprovals of Utah and Wyomings do-nothing plans and require enforceable pollution reductions, including SCR installation, on our states' biggest polluters Hunter, Huntington, Jim Bridger, Naughton, Dave Johnston, and Wyodak.",https://www.regulations.gov/comment/EPA-R08-OAR-2024-0389-0217,,false,source=Regulations.gov v4 comment detail; retrievedAt=2026-09-12T18:11:40+00:00; commentOnDocumentId=EPA-R08-OAR-2024-0389-0001; duplicateComments=1; organizationMissing=true
EPA-R08-OAR-2024-0389,EPA-R08-OAR-2024-0389-0218,Donna Sharee,not provided by public Regulations.gov fields,2024-10-09T04:00:00Z,"Wyoming and Utah have submitted Regional Haze State Implementation Plans with no proposed pollution reductions, allowing some of the nation's biggest polluters to remain uncontrolled for nitrogen oxide, sulfur dioxide, and other pollutants when common-sense controls exist that could significantly cut those emissions.
EPAs proposed disapprovals of these do-nothing state plans are a critical first step to protect air quality, both in national parks and our communities. I urge EPA to finalize its proposed disapprovals and act quickly to implement plans that will result in real pollution reductions.
In Utah, EPA analysis shows that installing selective catalytic reduction (SCR) on Hunter and Huntington coal plants would be cost-effective and provide massive visibility benefits for Utahs national parks. These plants have avoided pollution reductions for decades. Now is the time for EPA to act.
Similarly, in Wyoming, the state failed to even consider pollution controls at the states largest polluters, including Jim Bridger, Naughton, Dave Johnston, and Wyodak coal plants. Each of these facilities could install cost-effective pollution controls, including SCRs, that would result in significant air-quality improvements across the state.
Please finalize the proposed disapprovals of Utah and Wyomings do-nothing plans and require enforceable pollution reductions, including SCR installation, on our states' biggest polluters Hunter, Huntington, Jim Bridger, Naughton, Dave Johnston, and Wyodak.",https://www.regulations.gov/comment/EPA-R08-OAR-2024-0389-0218,,false,source=Regulations.gov v4 comment detail; retrievedAt=2026-09-12T18:11:40+00:00; commentOnDocumentId=EPA-R08-OAR-2024-0389-0001; duplicateComments=1; organizationMissing=true
EPA-R08-OAR-2024-0389,EPA-R08-OAR-2024-0389-0219,Martha Zuniga,not provided by public Regulations.gov fields,2024-10-09T04:00:00Z,"As a person whose asthma is greatly exacerbated by haze-producing pollution, I am particularly susceptible to it. Moreover, numerous epidemiological studies have demonstrated a link between air pollution and increased respiratory infections, which exacerbate asthma. For the 26.5 million Americans like me who have asthma, it is essential that the toxic pollution created by coal plants is eliminated.
Wyoming and Utah have submitted Regional Haze State Implementation Plans with no proposed pollution reductions, allowing some of the nation's biggest polluters to remain uncontrolled for nitrogen oxide, sulfur dioxide, and other pollutants when common-sense controls exist that could significantly cut those emissions.
EPAs proposed disapprovals of these do-nothing state plans are a critical first step to protect air quality, both in national parks and our communities. I urge EPA to finalize its proposed disapprovals and act quickly to implement plans that will result in real pollution reductions.
In Utah, EPA analysis shows that installing selective catalytic reduction (SCR) on Hunter and Huntington coal plants would be cost-effective and provide massive visibility benefits for Utahs national parks. These plants have avoided pollution reductions for decades. Now is the time for EPA to act.
Similarly, in Wyoming, the state failed to even consider pollution controls at the states largest polluters, including Jim Bridger, Naughton, Dave Johnston, and Wyodak coal plants. Each of these facilities could install cost-effective pollution controls, including SCRs, that would result in significant air-quality improvements across the state.
Please finalize the proposed disapprovals of Utah and Wyomings do-nothing plans and require enforceable pollution reductions, including SCR installation, on our states' biggest polluters Hunter, Huntington, Jim Bridger, Naughton, Dave Johnston, and Wyodak.",https://www.regulations.gov/comment/EPA-R08-OAR-2024-0389-0219,,false,source=Regulations.gov v4 comment detail; retrievedAt=2026-09-12T18:11:40+00:00; commentOnDocumentId=EPA-R08-OAR-2024-0389-0001; duplicateComments=1; organizationMissing=true
EPA-R08-OAR-2024-0389,EPA-R08-OAR-2024-0389-0220,Bill Russell,not provided by public Regulations.gov fields,2024-10-09T04:00:00Z,"Coal and petroleum are killing us and Earth. It's long past time to decarbonize.
Wyoming and Utah have submitted Regional Haze State Implementation Plans with no proposed pollution reductions, allowing some of the nation's biggest polluters to remain uncontrolled for nitrogen oxide, sulfur dioxide, and other pollutants when common-sense controls exist that could significantly cut those emissions.
EPAs proposed disapprovals of these do-nothing state plans are a critical first step to protect air quality, both in national parks and our communities. I urge EPA to finalize its proposed disapprovals and act quickly to implement plans that will result in real pollution reductions.
In Utah, EPA analysis shows that installing selective catalytic reduction (SCR) on Hunter and Huntington coal plants would be cost-effective and provide massive visibility benefits for Utahs national parks. These plants have avoided pollution reductions for decades. Now is the time for EPA to act.
Similarly, in Wyoming, the state failed to even consider pollution controls at the states largest polluters, including Jim Bridger, Naughton, Dave Johnston, and Wyodak coal plants. Each of these facilities could install cost-effective pollution controls, including SCRs, that would result in significant air-quality improvements across the state.
Please finalize the proposed disapprovals of Utah and Wyomings do-nothing plans and require enforceable pollution reductions, including SCR installation, on our states' biggest polluters Hunter, Huntington, Jim Bridger, Naughton, Dave Johnston, and Wyodak.",https://www.regulations.gov/comment/EPA-R08-OAR-2024-0389-0220,,false,source=Regulations.gov v4 comment detail; retrievedAt=2026-09-12T18:11:40+00:00; commentOnDocumentId=EPA-R08-OAR-2024-0389-0001; duplicateComments=1; organizationMissing=true
EPA-R08-OAR-2024-0389,EPA-R08-OAR-2024-0389-0221,Jeanette King,not provided by public Regulations.gov fields,2024-10-09T04:00:00Z,"Today I visited Yellowstone Park on my vacation. We must keep it as free from air pollution as we possibly can.
Wyoming and Utah have submitted Regional Haze State Implementation Plans with no proposed pollution reductions, allowing some of the nation's biggest polluters to remain uncontrolled for nitrogen oxide, sulfur dioxide, and other pollutants when common-sense controls exist that could significantly cut those emissions.
EPAs proposed disapprovals of these do-nothing state plans are a critical first step to protect air quality, both in national parks and our communities. I urge EPA to finalize its proposed disapprovals and act quickly to implement plans that will result in real pollution reductions.
In Utah, EPA analysis shows that installing selective catalytic reduction (SCR) on Hunter and Huntington coal plants would be cost-effective and provide massive visibility benefits for Utahs national parks. These plants have avoided pollution reductions for decades. Now is the time for EPA to act.
Similarly, in Wyoming, the state failed to even consider pollution controls at the states largest polluters, including Jim Bridger, Naughton, Dave Johnston, and Wyodak coal plants. Each of these facilities could install cost-effective pollution controls, including SCRs, that would result in significant air-quality improvements across the state.
Please finalize the proposed disapprovals of Utah and Wyomings do-nothing plans and require enforceable pollution reductions, including SCR installation, on our states' biggest polluters Hunter, Huntington, Jim Bridger, Naughton, Dave Johnston, and Wyodak.",https://www.regulations.gov/comment/EPA-R08-OAR-2024-0389-0221,,false,source=Regulations.gov v4 comment detail; retrievedAt=2026-09-12T18:11:40+00:00; commentOnDocumentId=EPA-R08-OAR-2024-0389-0001; duplicateComments=1; organizationMissing=true
EPA-R08-OAR-2024-0389,EPA-R08-OAR-2024-0389-0222,Thomas Wendel,not provided by public Regulations.gov fields,2024-10-09T04:00:00Z,"Wyoming and Utah have submitted Regional Haze State Implementation Plans with no proposed pollution reductions, allowing some of the nation's biggest polluters to remain uncontrolled for nitrogen oxide, sulfur dioxide, and other pollutants when common-sense controls exist that could significantly cut those emissions.
EPAs proposed disapprovals of these do-nothing state plans are a critical first step to protect air quality, both in national parks and our communities. I urge EPA to finalize its proposed disapprovals and act quickly to implement plans that will result in real pollution reductions.
In Utah, EPA analysis shows that installing selective catalytic reduction (SCR) on Hunter and Huntington coal plants would be cost-effective and provide massive visibility benefits for Utahs national parks. These plants have avoided pollution reductions for decades. Now is the time for EPA to act.
Similarly, in Wyoming, the state failed to even consider pollution controls at the states largest polluters, including Jim Bridger, Naughton, Dave Johnston, and Wyodak coal plants. Each of these facilities could install cost-effective pollution controls, including SCRs, that would result in significant air-quality improvements across the state.
Please finalize the proposed disapprovals of Utah and Wyomings do-nothing plans and require enforceable pollution reductions, including SCR installation, on our states' biggest polluters Hunter, Huntington, Jim Bridger, Naughton, Dave Johnston, and Wyodak.",https://www.regulations.gov/comment/EPA-R08-OAR-2024-0389-0222,,false,source=Regulations.gov v4 comment detail; retrievedAt=2026-09-12T18:11:40+00:00; commentOnDocumentId=EPA-R08-OAR-2024-0389-0001; duplicateComments=1; organizationMissing=true
EPA-R08-OAR-2024-0389,EPA-R08-OAR-2024-0389-0223,Jay Young,not provided by public Regulations.gov fields,2024-10-09T04:00:00Z,"Wyoming and Utah have submitted Regional Haze State Implementation Plans with no proposed pollution reductions, allowing some of the nation's biggest polluters to remain uncontrolled for nitrogen oxide, sulfur dioxide, and other pollutants when common-sense controls exist that could significantly cut those emissions.
EPAs proposed disapprovals of these do-nothing state plans are a critical first step to protect air quality, both in national parks and our communities. I urge EPA to finalize its proposed disapprovals and act quickly to implement plans that will result in real pollution reductions.
In Utah, EPA analysis shows that installing selective catalytic reduction (SCR) on Hunter and Huntington coal plants would be cost-effective and provide massive visibility benefits for Utahs national parks. These plants have avoided pollution reductions for decades. Now is the time for EPA to act.
Similarly, in Wyoming, the state failed to even consider pollution controls at the states largest polluters, including Jim Bridger, Naughton, Dave Johnston, and Wyodak coal plants. Each of these facilities could install cost-effective pollution controls, including SCRs, that would result in significant air-quality improvements across the state.
Please finalize the proposed disapprovals of Utah and Wyomings do-nothing plans and require enforceable pollution reductions, including SCR installation, on our states' biggest polluters Hunter, Huntington, Jim Bridger, Naughton, Dave Johnston, and Wyodak.",https://www.regulations.gov/comment/EPA-R08-OAR-2024-0389-0223,,false,source=Regulations.gov v4 comment detail; retrievedAt=2026-09-12T18:11:40+00:00; commentOnDocumentId=EPA-R08-OAR-2024-0389-0001; duplicateComments=1; organizationMissing=true
EPA-R08-OAR-2024-0389,EPA-R08-OAR-2024-0389-0224,Beth Rollinger,not provided by public Regulations.gov fields,2024-10-09T04:00:00Z,"Wyoming and Utah have submitted Regional Haze State Implementation Plans with no proposed pollution reductions, allowing some of the nation's biggest polluters to remain uncontrolled for nitrogen oxide, sulfur dioxide, and other pollutants when common-sense controls exist that could significantly cut those emissions.
EPAs proposed disapprovals of these do-nothing state plans are a critical first step to protect air quality, both in national parks and our communities. I urge EPA to finalize its proposed disapprovals and act quickly to implement plans that will result in real pollution reductions.
In Utah, EPA analysis shows that installing selective catalytic reduction (SCR) on Hunter and Huntington coal plants would be cost-effective and provide massive visibility benefits for Utahs national parks. These plants have avoided pollution reductions for decades. Now is the time for EPA to act.
Similarly, in Wyoming, the state failed to even consider pollution controls at the states largest polluters, including Jim Bridger, Naughton, Dave Johnston, and Wyodak coal plants. Each of these facilities could install cost-effective pollution controls, including SCRs, that would result in significant air-quality improvements across the state.
Please finalize the proposed disapprovals of Utah and Wyomings do-nothing plans and require enforceable pollution reductions, including SCR installation, on our states' biggest polluters Hunter, Huntington, Jim Bridger, Naughton, Dave Johnston, and Wyodak.",https://www.regulations.gov/comment/EPA-R08-OAR-2024-0389-0224,,false,source=Regulations.gov v4 comment detail; retrievedAt=2026-09-12T18:11:40+00:00; commentOnDocumentId=EPA-R08-OAR-2024-0389-0001; duplicateComments=1; organizationMissing=true
EPA-R08-OAR-2024-0389,EPA-R08-OAR-2024-0389-0225,Eileen Mitro,not provided by public Regulations.gov fields,2024-10-09T04:00:00Z,"Wyoming and Utah have submitted Regional Haze State Implementation Plans with no proposed pollution reductions, allowing some of the nation's biggest polluters to remain uncontrolled for nitrogen oxide, sulfur dioxide, and other pollutants when common-sense controls exist that could significantly cut those emissions.
EPAs proposed disapprovals of these do-nothing state plans are a critical first step to protect air quality, both in national parks and our communities. I urge EPA to finalize its proposed disapprovals and act quickly to implement plans that will result in real pollution reductions.
In Utah, EPA analysis shows that installing selective catalytic reduction (SCR) on Hunter and Huntington coal plants would be cost-effective and provide massive visibility benefits for Utahs national parks. These plants have avoided pollution reductions for decades. Now is the time for EPA to act.
Similarly, in Wyoming, the state failed to even consider pollution controls at the states largest polluters, including Jim Bridger, Naughton, Dave Johnston, and Wyodak coal plants. Each of these facilities could install cost-effective pollution controls, including SCRs, that would result in significant air-quality improvements across the state.
Please finalize the proposed disapprovals of Utah and Wyomings do-nothing plans and require enforceable pollution reductions, including SCR installation, on our states' biggest polluters Hunter, Huntington, Jim Bridger, Naughton, Dave Johnston, and Wyodak.",https://www.regulations.gov/comment/EPA-R08-OAR-2024-0389-0225,,false,source=Regulations.gov v4 comment detail; retrievedAt=2026-09-12T18:11:40+00:00; commentOnDocumentId=EPA-R08-OAR-2024-0389-0001; duplicateComments=1; organizationMissing=true
EPA-R08-OAR-2024-0389,EPA-R08-OAR-2024-0389-0226,Judith Levin,not provided by public Regulations.gov fields,2024-10-09T04:00:00Z,"Wyoming and Utah have submitted Regional Haze State Implementation Plans with no proposed pollution reductions, allowing some of the nation's biggest polluters to remain uncontrolled for nitrogen oxide, sulfur dioxide, and other pollutants when common-sense controls exist that could significantly cut those emissions.
EPAs proposed disapprovals of these do-nothing state plans are a critical first step to protect air quality, both in national parks and our communities. I urge EPA to finalize its proposed disapprovals and act quickly to implement plans that will result in real pollution reductions.
In Utah, EPA analysis shows that installing selective catalytic reduction (SCR) on Hunter and Huntington coal plants would be cost-effective and provide massive visibility benefits for Utahs national parks. These plants have avoided pollution reductions for decades. Now is the time for EPA to act.
Similarly, in Wyoming, the state failed to even consider pollution controls at the states largest polluters, including Jim Bridger, Naughton, Dave Johnston, and Wyodak coal plants. Each of these facilities could install cost-effective pollution controls, including SCRs, that would result in significant air-quality improvements across the state.
Please finalize the proposed disapprovals of Utah and Wyomings do-nothing plans and require enforceable pollution reductions, including SCR installation, on our states' biggest polluters Hunter, Huntington, Jim Bridger, Naughton, Dave Johnston, and Wyodak.",https://www.regulations.gov/comment/EPA-R08-OAR-2024-0389-0226,,false,source=Regulations.gov v4 comment detail; retrievedAt=2026-09-12T18:11:40+00:00; commentOnDocumentId=EPA-R08-OAR-2024-0389-0001; duplicateComments=1; organizationMissing=true
EPA-R08-OAR-2024-0389,EPA-R08-OAR-2024-0389-0227,Nedra Carroll,not provided by public Regulations.gov fields,2024-10-09T04:00:00Z,"Wyoming and Utah have submitted Regional Haze State Implementation Plans with no proposed pollution reductions, allowing some of the nation's biggest polluters to remain uncontrolled for nitrogen oxide, sulfur dioxide, and other pollutants when common-sense controls exist that could significantly cut those emissions.
EPAs proposed disapprovals of these do-nothing state plans are a critical first step to protect air quality, both in national parks and our communities. I urge EPA to finalize its proposed disapprovals and act quickly to implement plans that will result in real pollution reductions.
In Utah, EPA analysis shows that installing selective catalytic reduction (SCR) on Hunter and Huntington coal plants would be cost-effective and provide massive visibility benefits for Utahs national parks. These plants have avoided pollution reductions for decades. Now is the time for EPA to act.
Similarly, in Wyoming, the state failed to even consider pollution controls at the states largest polluters, including Jim Bridger, Naughton, Dave Johnston, and Wyodak coal plants. Each of these facilities could install cost-effective pollution controls, including SCRs, that would result in significant air-quality improvements across the state.
Please finalize the proposed disapprovals of Utah and Wyomings do-nothing plans and require enforceable pollution reductions, including SCR installation, on our states' biggest polluters Hunter, Huntington, Jim Bridger, Naughton, Dave Johnston, and Wyodak.",https://www.regulations.gov/comment/EPA-R08-OAR-2024-0389-0227,,false,source=Regulations.gov v4 comment detail; retrievedAt=2026-09-12T18:11:40+00:00; commentOnDocumentId=EPA-R08-OAR-2024-0389-0001; duplicateComments=1; organizationMissing=true
EPA-R08-OAR-2024-0389,EPA-R08-OAR-2024-0389-0228,Bryan Dorwin,not provided by public Regulations.gov fields,2024-10-09T04:00:00Z,"Enforce the laws and make the polluters comply especially those that openly abuse and affect our National parks and visitors.
Wyoming and Utah have submitted Regional Haze State Implementation Plans with no proposed pollution reductions, allowing some of the nation's biggest polluters to remain uncontrolled for nitrogen oxide, sulfur dioxide, and other pollutants when common-sense controls exist that could significantly cut those emissions.
EPAs proposed disapprovals of these do-nothing state plans are a critical first step to protect air quality, both in national parks and our communities. I urge EPA to finalize its proposed disapprovals and act quickly to implement plans that will result in real pollution reductions.
In Utah, EPA analysis shows that installing selective catalytic reduction (SCR) on Hunter and Huntington coal plants would be cost-effective and provide massive visibility benefits for Utahs national parks. These plants have avoided pollution reductions for decades. Now is the time for EPA to act.
Similarly, in Wyoming, the state failed to even consider pollution controls at the states largest polluters, including Jim Bridger, Naughton, Dave Johnston, and Wyodak coal plants. Each of these facilities could install cost-effective pollution controls, including SCRs, that would result in significant air-quality improvements across the state.
Please finalize the proposed disapprovals of Utah and Wyomings do-nothing plans and require enforceable pollution reductions, including SCR installation, on our states' biggest polluters Hunter, Huntington, Jim Bridger, Naughton, Dave Johnston, and Wyodak.",https://www.regulations.gov/comment/EPA-R08-OAR-2024-0389-0228,,false,source=Regulations.gov v4 comment detail; retrievedAt=2026-09-12T18:11:40+00:00; commentOnDocumentId=EPA-R08-OAR-2024-0389-0001; duplicateComments=1; organizationMissing=true
EPA-R08-OAR-2024-0389,EPA-R08-OAR-2024-0389-0229,Anne O'Leary,not provided by public Regulations.gov fields,2024-10-09T04:00:00Z,"Wyoming and Utah have submitted Regional Haze State Implementation Plans with no proposed pollution reductions, allowing some of the nation's biggest polluters to remain uncontrolled for nitrogen oxide, sulfur dioxide, and other pollutants when common-sense controls exist that could significantly cut those emissions.
EPAs proposed disapprovals of these do-nothing state plans are a critical first step to protect air quality, both in national parks and our communities. I urge EPA to finalize its proposed disapprovals and act quickly to implement plans that will result in real pollution reductions.
In Utah, EPA analysis shows that installing selective catalytic reduction (SCR) on Hunter and Huntington coal plants would be cost-effective and provide massive visibility benefits for Utahs national parks. These plants have avoided pollution reductions for decades. Now is the time for EPA to act.
Similarly, in Wyoming, the state failed to even consider pollution controls at the states largest polluters, including Jim Bridger, Naughton, Dave Johnston, and Wyodak coal plants. Each of these facilities could install cost-effective pollution controls, including SCRs, that would result in significant air-quality improvements across the state.
Please finalize the proposed disapprovals of Utah and Wyomings do-nothing plans and require enforceable pollution reductions, including SCR installation, on our states' biggest polluters Hunter, Huntington, Jim Bridger, Naughton, Dave Johnston, and Wyodak.",https://www.regulations.gov/comment/EPA-R08-OAR-2024-0389-0229,,false,source=Regulations.gov v4 comment detail; retrievedAt=2026-09-12T18:11:40+00:00; commentOnDocumentId=EPA-R08-OAR-2024-0389-0001; duplicateComments=1; organizationMissing=true
EPA-R08-OAR-2024-0389,EPA-R08-OAR-2024-0389-0230,Nina Minsky,not provided by public Regulations.gov fields,2024-10-09T04:00:00Z,"Wyoming and Utah have submitted Regional Haze State Implementation Plans with no proposed pollution reductions, allowing some of the nation's biggest polluters to remain uncontrolled for nitrogen oxide, sulfur dioxide, and other pollutants when common-sense controls exist that could significantly cut those emissions.
EPAs proposed disapprovals of these do-nothing state plans are a critical first step to protect air quality, both in national parks and our communities. I urge EPA to finalize its proposed disapprovals and act quickly to implement plans that will result in real pollution reductions.
In Utah, EPA analysis shows that installing selective catalytic reduction (SCR) on Hunter and Huntington coal plants would be cost-effective and provide massive visibility benefits for Utahs national parks. These plants have avoided pollution reductions for decades. Now is the time for EPA to act.
Similarly, in Wyoming, the state failed to even consider pollution controls at the states largest polluters, including Jim Bridger, Naughton, Dave Johnston, and Wyodak coal plants. Each of these facilities could install cost-effective pollution controls, including SCRs, that would result in significant air-quality improvements across the state.
Please finalize the proposed disapprovals of Utah and Wyomings do-nothing plans and require enforceable pollution reductions, including SCR installation, on our states' biggest polluters Hunter, Huntington, Jim Bridger, Naughton, Dave Johnston, and Wyodak.",https://www.regulations.gov/comment/EPA-R08-OAR-2024-0389-0230,,false,source=Regulations.gov v4 comment detail; retrievedAt=2026-09-12T18:11:40+00:00; commentOnDocumentId=EPA-R08-OAR-2024-0389-0001; duplicateComments=1; organizationMissing=true
EPA-R08-OAR-2024-0389,EPA-R08-OAR-2024-0389-0231,Jane Latham,not provided by public Regulations.gov fields,2024-10-09T04:00:00Z,"I miss the clear air and views in Yellowstone.
Wyoming and Utah have submitted Regional Haze State Implementation Plans with no proposed pollution reductions, allowing some of the nation's biggest polluters to remain uncontrolled for nitrogen oxide, sulfur dioxide, and other pollutants when common-sense controls exist that could significantly cut those emissions.
EPAs proposed disapprovals of these do-nothing state plans are a critical first step to protect air quality, both in national parks and our communities. I urge EPA to finalize its proposed disapprovals and act quickly to implement plans that will result in real pollution reductions.
In Utah, EPA analysis shows that installing selective catalytic reduction (SCR) on Hunter and Huntington coal plants would be cost-effective and provide massive visibility benefits for Utahs national parks. These plants have avoided pollution reductions for decades. Now is the time for EPA to act.
Similarly, in Wyoming, the state failed to even consider pollution controls at the states largest polluters, including Jim Bridger, Naughton, Dave Johnston, and Wyodak coal plants. Each of these facilities could install cost-effective pollution controls, including SCRs, that would result in significant air-quality improvements across the state.
Please finalize the proposed disapprovals of Utah and Wyomings do-nothing plans and require enforceable pollution reductions, including SCR installation, on our states' biggest polluters Hunter, Huntington, Jim Bridger, Naughton, Dave Johnston, and Wyodak.",https://www.regulations.gov/comment/EPA-R08-OAR-2024-0389-0231,,false,source=Regulations.gov v4 comment detail; retrievedAt=2026-09-12T18:11:40+00:00; commentOnDocumentId=EPA-R08-OAR-2024-0389-0001; duplicateComments=1; organizationMissing=true
EPA-R08-OAR-2024-0389,EPA-R08-OAR-2024-0389-0232,Peg Forgey,not provided by public Regulations.gov fields,2024-10-09T04:00:00Z,"Wyoming and Utah have submitted Regional Haze State Implementation Plans with no proposed pollution reductions, allowing some of the nation's biggest polluters to remain uncontrolled for nitrogen oxide, sulfur dioxide, and other pollutants when common-sense controls exist that could significantly cut those emissions.
EPAs proposed disapprovals of these do-nothing state plans are a critical first step to protect air quality, both in national parks and our communities. I urge EPA to finalize its proposed disapprovals and act quickly to implement plans that will result in real pollution reductions.
In Utah, EPA analysis shows that installing selective catalytic reduction (SCR) on Hunter and Huntington coal plants would be cost-effective and provide massive visibility benefits for Utahs national parks. These plants have avoided pollution reductions for decades. Now is the time for EPA to act.
Similarly, in Wyoming, the state failed to even consider pollution controls at the states largest polluters, including Jim Bridger, Naughton, Dave Johnston, and Wyodak coal plants. Each of these facilities could install cost-effective pollution controls, including SCRs, that would result in significant air-quality improvements across the state.
Please finalize the proposed disapprovals of Utah and Wyomings do-nothing plans and require enforceable pollution reductions, including SCR installation, on our states' biggest polluters Hunter, Huntington, Jim Bridger, Naughton, Dave Johnston, and Wyodak.",https://www.regulations.gov/comment/EPA-R08-OAR-2024-0389-0232,,false,source=Regulations.gov v4 comment detail; retrievedAt=2026-09-12T18:11:40+00:00; commentOnDocumentId=EPA-R08-OAR-2024-0389-0001; duplicateComments=1; organizationMissing=true
EPA-R08-OAR-2024-0389,EPA-R08-OAR-2024-0389-0233,Stephen Cutler,not provided by public Regulations.gov fields,2024-10-09T04:00:00Z,"Wyoming and Utah have submitted Regional Haze State Implementation Plans with no proposed pollution reductions, allowing some of the nation's biggest polluters to remain uncontrolled for nitrogen oxide, sulfur dioxide, and other pollutants when common-sense controls exist that could significantly cut those emissions.
EPAs proposed disapprovals of these do-nothing state plans are a critical first step to protect air quality, both in national parks and our communities. I urge EPA to finalize its proposed disapprovals and act quickly to implement plans that will result in real pollution reductions.
In Utah, EPA analysis shows that installing selective catalytic reduction (SCR) on Hunter and Huntington coal plants would be cost-effective and provide massive visibility benefits for Utahs national parks. These plants have avoided pollution reductions for decades. Now is the time for EPA to act.
Similarly, in Wyoming, the state failed to even consider pollution controls at the states largest polluters, including Jim Bridger, Naughton, Dave Johnston, and Wyodak coal plants. Each of these facilities could install cost-effective pollution controls, including SCRs, that would result in significant air-quality improvements across the state.
Please finalize the proposed disapprovals of Utah and Wyomings do-nothing plans and require enforceable pollution reductions, including SCR installation, on our states' biggest polluters Hunter, Huntington, Jim Bridger, Naughton, Dave Johnston, and Wyodak.",https://www.regulations.gov/comment/EPA-R08-OAR-2024-0389-0233,,false,source=Regulations.gov v4 comment detail; retrievedAt=2026-09-12T18:11:40+00:00; commentOnDocumentId=EPA-R08-OAR-2024-0389-0001; duplicateComments=1; organizationMissing=true
EPA-R08-OAR-2024-0389,EPA-R08-OAR-2024-0389-0234,Freya Fisher,not provided by public Regulations.gov fields,2024-10-09T04:00:00Z,"Wyoming and Utah have submitted Regional Haze State Implementation Plans with no proposed pollution reductions, allowing some of the nation's biggest polluters to remain uncontrolled for nitrogen oxide, sulfur dioxide, and other pollutants when common-sense controls exist that could significantly cut those emissions.
EPAs proposed disapprovals of these do-nothing state plans are a critical first step to protect air quality, both in national parks and our communities. I urge EPA to finalize its proposed disapprovals and act quickly to implement plans that will result in real pollution reductions.
In Utah, EPA analysis shows that installing selective catalytic reduction (SCR) on Hunter and Huntington coal plants would be cost-effective and provide massive visibility benefits for Utahs national parks. These plants have avoided pollution reductions for decades. Now is the time for EPA to act.
Similarly, in Wyoming, the state failed to even consider pollution controls at the states largest polluters, including Jim Bridger, Naughton, Dave Johnston, and Wyodak coal plants. Each of these facilities could install cost-effective pollution controls, including SCRs, that would result in significant air-quality improvements across the state.
Please finalize the proposed disapprovals of Utah and Wyomings do-nothing plans and require enforceable pollution reductions, including SCR installation, on our states' biggest polluters Hunter, Huntington, Jim Bridger, Naughton, Dave Johnston, and Wyodak.",https://www.regulations.gov/comment/EPA-R08-OAR-2024-0389-0234,,false,source=Regulations.gov v4 comment detail; retrievedAt=2026-09-12T18:11:40+00:00; commentOnDocumentId=EPA-R08-OAR-2024-0389-0001; duplicateComments=1; organizationMissing=true
EPA-R08-OAR-2024-0389,EPA-R08-OAR-2024-0389-0235,Amy Franz,not provided by public Regulations.gov fields,2024-10-09T04:00:00Z,"Wyoming and Utah have submitted Regional Haze State Implementation Plans with no proposed pollution reductions, allowing some of the nation's biggest polluters to remain uncontrolled for nitrogen oxide, sulfur dioxide, and other pollutants when common-sense controls exist that could significantly cut those emissions.
EPAs proposed disapprovals of these do-nothing state plans are a critical first step to protect air quality, both in national parks and our communities. I urge EPA to finalize its proposed disapprovals and act quickly to implement plans that will result in real pollution reductions.
In Utah, EPA analysis shows that installing selective catalytic reduction (SCR) on Hunter and Huntington coal plants would be cost-effective and provide massive visibility benefits for Utahs national parks. These plants have avoided pollution reductions for decades. Now is the time for EPA to act.
Similarly, in Wyoming, the state failed to even consider pollution controls at the states largest polluters, including Jim Bridger, Naughton, Dave Johnston, and Wyodak coal plants. Each of these facilities could install cost-effective pollution controls, including SCRs, that would result in significant air-quality improvements across the state.
Please finalize the proposed disapprovals of Utah and Wyomings do-nothing plans and require enforceable pollution reductions, including SCR installation, on our states' biggest polluters Hunter, Huntington, Jim Bridger, Naughton, Dave Johnston, and Wyodak.",https://www.regulations.gov/comment/EPA-R08-OAR-2024-0389-0235,,false,source=Regulations.gov v4 comment detail; retrievedAt=2026-09-12T18:11:40+00:00; commentOnDocumentId=EPA-R08-OAR-2024-0389-0001; duplicateComments=1; organizationMissing=true
EPA-R08-OAR-2024-0389,EPA-R08-OAR-2024-0389-0236,Howard Belove,not provided by public Regulations.gov fields,2024-10-09T04:00:00Z,"Wyoming and Utah have submitted Regional Haze State Implementation Plans with no proposed pollution reductions, allowing some of the nation's biggest polluters to remain uncontrolled for nitrogen oxide, sulfur dioxide, and other pollutants when common-sense controls exist that could significantly cut those emissions.
EPAs proposed disapprovals of these do-nothing state plans are a critical first step to protect air quality, both in national parks and our communities. I urge EPA to finalize its proposed disapprovals and act quickly to implement plans that will result in real pollution reductions.
In Utah, EPA analysis shows that installing selective catalytic reduction (SCR) on Hunter and Huntington coal plants would be cost-effective and provide massive visibility benefits for Utahs national parks. These plants have avoided pollution reductions for decades. Now is the time for EPA to act.
Similarly, in Wyoming, the state failed to even consider pollution controls at the states largest polluters, including Jim Bridger, Naughton, Dave Johnston, and Wyodak coal plants. Each of these facilities could install cost-effective pollution controls, including SCRs, that would result in significant air-quality improvements across the state.
Please finalize the proposed disapprovals of Utah and Wyomings do-nothing plans and require enforceable pollution reductions, including SCR installation, on our states' biggest polluters Hunter, Huntington, Jim Bridger, Naughton, Dave Johnston, and Wyodak.",https://www.regulations.gov/comment/EPA-R08-OAR-2024-0389-0236,,false,source=Regulations.gov v4 comment detail; retrievedAt=2026-09-12T18:11:40+00:00; commentOnDocumentId=EPA-R08-OAR-2024-0389-0001; duplicateComments=1; organizationMissing=true
EPA-R08-OAR-2024-0389,EPA-R08-OAR-2024-0389-0237,Leslie Stock,not provided by public Regulations.gov fields,2024-10-09T04:00:00Z,"Wyoming and Utah have submitted Regional Haze State Implementation Plans with no proposed pollution reductions, allowing some of the nation's biggest polluters to remain uncontrolled for nitrogen oxide, sulfur dioxide, and other pollutants when common-sense controls exist that could significantly cut those emissions.
EPAs proposed disapprovals of these do-nothing state plans are a critical first step to protect air quality, both in national parks and our communities. I urge EPA to finalize its proposed disapprovals and act quickly to implement plans that will result in real pollution reductions.
In Utah, EPA analysis shows that installing selective catalytic reduction (SCR) on Hunter and Huntington coal plants would be cost-effective and provide massive visibility benefits for Utahs national parks. These plants have avoided pollution reductions for decades. Now is the time for EPA to act.
Similarly, in Wyoming, the state failed to even consider pollution controls at the states largest polluters, including Jim Bridger, Naughton, Dave Johnston, and Wyodak coal plants. Each of these facilities could install cost-effective pollution controls, including SCRs, that would result in significant air-quality improvements across the state.
Please finalize the proposed disapprovals of Utah and Wyomings do-nothing plans and require enforceable pollution reductions, including SCR installation, on our states' biggest polluters Hunter, Huntington, Jim Bridger, Naughton, Dave Johnston, and Wyodak.",https://www.regulations.gov/comment/EPA-R08-OAR-2024-0389-0237,,false,source=Regulations.gov v4 comment detail; retrievedAt=2026-09-12T18:11:40+00:00; commentOnDocumentId=EPA-R08-OAR-2024-0389-0001; duplicateComments=1; organizationMissing=true
EPA-R08-OAR-2024-0389,EPA-R08-OAR-2024-0389-0238,Craig Emerick,not provided by public Regulations.gov fields,2024-10-09T04:00:00Z,"Wyoming and Utah have submitted Regional Haze State Implementation Plans with no proposed pollution reductions, allowing some of the nation's biggest polluters to remain uncontrolled for nitrogen oxide, sulfur dioxide, and other pollutants when common-sense controls exist that could significantly cut those emissions.
EPAs proposed disapprovals of these do-nothing state plans are a critical first step to protect air quality, both in national parks and our communities. I urge EPA to finalize its proposed disapprovals and act quickly to implement plans that will result in real pollution reductions.
In Utah, EPA analysis shows that installing selective catalytic reduction (SCR) on Hunter and Huntington coal plants would be cost-effective and provide massive visibility benefits for Utahs national parks. These plants have avoided pollution reductions for decades. Now is the time for EPA to act.
Similarly, in Wyoming, the state failed to even consider pollution controls at the states largest polluters, including Jim Bridger, Naughton, Dave Johnston, and Wyodak coal plants. Each of these facilities could install cost-effective pollution controls, including SCRs, that would result in significant air-quality improvements across the state.
Please finalize the proposed disapprovals of Utah and Wyomings do-nothing plans and require enforceable pollution reductions, including SCR installation, on our states' biggest polluters Hunter, Huntington, Jim Bridger, Naughton, Dave Johnston, and Wyodak.",https://www.regulations.gov/comment/EPA-R08-OAR-2024-0389-0238,,false,source=Regulations.gov v4 comment detail; retrievedAt=2026-09-12T18:11:40+00:00; commentOnDocumentId=EPA-R08-OAR-2024-0389-0001; duplicateComments=1; organizationMissing=true
EPA-R08-OAR-2024-0389,EPA-R08-OAR-2024-0389-0239,Mary Ann Taylor,not provided by public Regulations.gov fields,2024-10-09T04:00:00Z,"Wyoming and Utah have submitted Regional Haze State Implementation Plans with no proposed pollution reductions, allowing some of the nation's biggest polluters to remain uncontrolled for nitrogen oxide, sulfur dioxide, and other pollutants when common-sense controls exist that could significantly cut those emissions.
EPAs proposed disapprovals of these do-nothing state plans are a critical first step to protect air quality, both in national parks and our communities. I urge EPA to finalize its proposed disapprovals and act quickly to implement plans that will result in real pollution reductions.
In Utah, EPA analysis shows that installing selective catalytic reduction (SCR) on Hunter and Huntington coal plants would be cost-effective and provide massive visibility benefits for Utahs national parks. These plants have avoided pollution reductions for decades. Now is the time for EPA to act.
Similarly, in Wyoming, the state failed to even consider pollution controls at the states largest polluters, including Jim Bridger, Naughton, Dave Johnston, and Wyodak coal plants. Each of these facilities could install cost-effective pollution controls, including SCRs, that would result in significant air-quality improvements across the state.
Please finalize the proposed disapprovals of Utah and Wyomings do-nothing plans and require enforceable pollution reductions, including SCR installation, on our states' biggest polluters Hunter, Huntington, Jim Bridger, Naughton, Dave Johnston, and Wyodak.",https://www.regulations.gov/comment/EPA-R08-OAR-2024-0389-0239,,false,source=Regulations.gov v4 comment detail; retrievedAt=2026-09-12T18:11:40+00:00; commentOnDocumentId=EPA-R08-OAR-2024-0389-0001; duplicateComments=1; organizationMissing=true
EPA-R08-OAR-2024-0389,EPA-R08-OAR-2024-0389-0240,Sharon Wilson,not provided by public Regulations.gov fields,2024-10-09T04:00:00Z,"Wyoming and Utah have submitted Regional Haze State Implementation Plans with no proposed pollution reductions, allowing some of the nation's biggest polluters to remain uncontrolled for nitrogen oxide, sulfur dioxide, and other pollutants when common-sense controls exist that could significantly cut those emissions.
EPAs proposed disapprovals of these do-nothing state plans are a critical first step to protect air quality, both in national parks and our communities. I urge EPA to finalize its proposed disapprovals and act quickly to implement plans that will result in real pollution reductions.
In Utah, EPA analysis shows that installing selective catalytic reduction (SCR) on Hunter and Huntington coal plants would be cost-effective and provide massive visibility benefits for Utahs national parks. These plants have avoided pollution reductions for decades. Now is the time for EPA to act.
Similarly, in Wyoming, the state failed to even consider pollution controls at the states largest polluters, including Jim Bridger, Naughton, Dave Johnston, and Wyodak coal plants. Each of these facilities could install cost-effective pollution controls, including SCRs, that would result in significant air-quality improvements across the state.
Please finalize the proposed disapprovals of Utah and Wyomings do-nothing plans and require enforceable pollution reductions, including SCR installation, on our states' biggest polluters Hunter, Huntington, Jim Bridger, Naughton, Dave Johnston, and Wyodak.",https://www.regulations.gov/comment/EPA-R08-OAR-2024-0389-0240,,false,source=Regulations.gov v4 comment detail; retrievedAt=2026-09-12T18:11:40+00:00; commentOnDocumentId=EPA-R08-OAR-2024-0389-0001; duplicateComments=1; organizationMissing=true
EPA-R08-OAR-2024-0389,EPA-R08-OAR-2024-0389-0241,Lynn Nease,not provided by public Regulations.gov fields,2024-10-09T04:00:00Z,"Wyoming and Utah have submitted Regional Haze State Implementation Plans with no proposed pollution reductions, allowing some of the nation's biggest polluters to remain uncontrolled for nitrogen oxide, sulfur dioxide, and other pollutants when common-sense controls exist that could significantly cut those emissions.
EPAs proposed disapprovals of these do-nothing state plans are a critical first step to protect air quality, both in national parks and our communities. I urge EPA to finalize its proposed disapprovals and act quickly to implement plans that will result in real pollution reductions.
In Utah, EPA analysis shows that installing selective catalytic reduction (SCR) on Hunter and Huntington coal plants would be cost-effective and provide massive visibility benefits for Utahs national parks. These plants have avoided pollution reductions for decades. Now is the time for EPA to act.
Similarly, in Wyoming, the state failed to even consider pollution controls at the states largest polluters, including Jim Bridger, Naughton, Dave Johnston, and Wyodak coal plants. Each of these facilities could install cost-effective pollution controls, including SCRs, that would result in significant air-quality improvements across the state.
Please finalize the proposed disapprovals of Utah and Wyomings do-nothing plans and require enforceable pollution reductions, including SCR installation, on our states' biggest polluters Hunter, Huntington, Jim Bridger, Naughton, Dave Johnston, and Wyodak.",https://www.regulations.gov/comment/EPA-R08-OAR-2024-0389-0241,,false,source=Regulations.gov v4 comment detail; retrievedAt=2026-09-12T18:11:40+00:00; commentOnDocumentId=EPA-R08-OAR-2024-0389-0001; duplicateComments=1; organizationMissing=true
EPA-R08-OAR-2024-0389,EPA-R08-OAR-2024-0389-0242,Vince Zauskey,not provided by public Regulations.gov fields,2024-10-09T04:00:00Z,"Though it would be a 'big brother act' I believe Wyoming and Utah should be given a warning and after repeated snubbing of the Regional Haze State Implementation Plans, they should be fined. I am sure this tact sounds excessive but people travel from great distances to see and photograph some of the iconic National Parks in these states and region and should be able to see the landscape clearly. It should be more than a moment of awe and something that sticks with them (and hopefully children if they're along). The wonder of National Parks and these special places--I have been to most of them--that includes breathtaking geology, plus the birds and mammals inhabiting them, is an ecosystem that has been around for many, many years. It's important to preserve these iconic parks and encourage visitors. Coal-fired plants, such as Hunter and Huntington, should be required to come up with a plan immediately to preserve the integrity of these National Parks. We're lucky to have them.
Wyoming and Utah have submitted Regional Haze State Implementation Plans with no proposed pollution reductions, allowing some of the nation's biggest polluters to remain uncontrolled for nitrogen oxide, sulfur dioxide, and other pollutants when common-sense controls exist that could significantly cut those emissions.
EPAs proposed disapprovals of these do-nothing state plans are a critical first step to protect air quality, both in national parks and our communities. I urge EPA to finalize its proposed disapprovals and act quickly to implement plans that will result in real pollution reductions.
In Utah, EPA analysis shows that installing selective catalytic reduction (SCR) on Hunter and Huntington coal plants would be cost-effective and provide massive visibility benefits for Utahs national parks. These plants have avoided pollution reductions for decades. Now is the time for EPA to act.
Similarly, in Wyoming, the state failed to even consider pollution controls at the states largest polluters, including Jim Bridger, Naughton, Dave Johnston, and Wyodak coal plants. Each of these facilities could install cost-effective pollution controls, including SCRs, that would result in significant air-quality improvements across the state.
Please finalize the proposed disapprovals of Utah and Wyomings do-nothing plans and require enforceable pollution reductions, including SCR installation, on our states' biggest polluters Hunter, Huntington, Jim Bridger, Naughton, Dave Johnston, and Wyodak.",https://www.regulations.gov/comment/EPA-R08-OAR-2024-0389-0242,,false,source=Regulations.gov v4 comment detail; retrievedAt=2026-09-12T18:11:40+00:00; commentOnDocumentId=EPA-R08-OAR-2024-0389-0001; duplicateComments=1; organizationMissing=true
EPA-R08-OAR-2024-0389,EPA-R08-OAR-2024-0389-0243,Donn Reese,not provided by public Regulations.gov fields,2024-10-09T04:00:00Z,"Coal dust and Coal slurry are known carcinogens, for everyone's health shut down the Coal power plants.
Wyoming and Utah have submitted Regional Haze State Implementation Plans with no proposed pollution reductions, allowing some of the nation's biggest polluters to remain uncontrolled for nitrogen oxide, sulfur dioxide, and other pollutants when common-sense controls exist that could significantly cut those emissions.
EPAs proposed disapprovals of these do-nothing state plans are a critical first step to protect air quality, both in national parks and our communities. I urge EPA to finalize its proposed disapprovals and act quickly to implement plans that will result in real pollution reductions.
In Utah, EPA analysis shows that installing selective catalytic reduction (SCR) on Hunter and Huntington coal plants would be cost-effective and provide massive visibility benefits for Utahs national parks. These plants have avoided pollution reductions for decades. Now is the time for EPA to act.
Similarly, in Wyoming, the state failed to even consider pollution controls at the states largest polluters, including Jim Bridger, Naughton, Dave Johnston, and Wyodak coal plants. Each of these facilities could install cost-effective pollution controls, including SCRs, that would result in significant air-quality improvements across the state.
Please finalize the proposed disapprovals of Utah and Wyomings do-nothing plans and require enforceable pollution reductions, including SCR installation, on our states' biggest polluters Hunter, Huntington, Jim Bridger, Naughton, Dave Johnston, and Wyodak.",https://www.regulations.gov/comment/EPA-R08-OAR-2024-0389-0243,,false,source=Regulations.gov v4 comment detail; retrievedAt=2026-09-12T18:11:40+00:00; commentOnDocumentId=EPA-R08-OAR-2024-0389-0001; duplicateComments=1; organizationMissing=true
EPA-R08-OAR-2024-0389,EPA-R08-OAR-2024-0389-0244,Lynette Meadows,not provided by public Regulations.gov fields,2024-10-09T04:00:00Z,"Wyoming and Utah have submitted Regional Haze State Implementation Plans with no cproposed pollution reductions, allowing some of the nation's biggest polluters to remain uncontrolled for nitrogen oxide, sulfur dioxide, and other pollutants when common-sense controls exist that could significantly cut those emissions.
EPAs proposed disapprovals of these do-nothing state plans are a critical first step to protect air quality, both in national parks and our communities. I urge EPA to finalize its proposed disapprovals and act quickly to implement plans that will result in real pollution reductions.
In Utah, EPA analysis shows that installing selective catalytic reduction (SCR) on Hunter and Huntington coal plants would be cost-effective and provide massive visibility benefits for Utahs national parks. These plants have avoided pollution reductions for decades. Now is the time for EPA to act.
Similarly, in Wyoming, the state failed to even consider pollution controls at the states largest polluters, including Jim Bridger, Naughton, Dave Johnston, and Wyodak coal plants. Each of these facilities could install cost-effective pollution controls, including SCRs, that would result in significant air-quality improvements across the state.
Please finalize the proposed disapprovals of Utah and Wyomings do-nothing plans and require enforceable pollution reductions, including SCR installation, on our states' biggest polluters Hunter, Huntington, Jim Bridger, Naughton, Dave Johnston, and Wyodak.",https://www.regulations.gov/comment/EPA-R08-OAR-2024-0389-0244,,false,source=Regulations.gov v4 comment detail; retrievedAt=2026-09-12T18:11:40+00:00; commentOnDocumentId=EPA-R08-OAR-2024-0389-0001; duplicateComments=1; organizationMissing=true
EPA-R08-OAR-2024-0389,EPA-R08-OAR-2024-0389-0245,Sarah Haynes Ph.D.,not provided by public Regulations.gov fields,2024-10-09T04:00:00Z,"Climate Change impacts need to be addressed now. If you like to breathe, support atmospheric pollution. Now.
Wyoming and Utah have submitted Regional Haze State Implementation Plans with no proposed pollution reductions, allowing some of the nation's biggest polluters to remain uncontrolled for nitrogen oxide, sulfur dioxide, and other pollutants when common-sense controls exist that could significantly cut those emissions.
EPAs proposed disapprovals of these do-nothing state plans are a critical first step to protect air quality, both in national parks and our communities. I urge EPA to finalize its proposed disapprovals and act quickly to implement plans that will result in real pollution reductions.
In Utah, EPA analysis shows that installing selective catalytic reduction (SCR) on Hunter and Huntington coal plants would be cost-effective and provide massive visibility benefits for Utahs national parks. These plants have avoided pollution reductions for decades. Now is the time for EPA to act.
Similarly, in Wyoming, the state failed to even consider pollution controls at the states largest polluters, including Jim Bridger, Naughton, Dave Johnston, and Wyodak coal plants. Each of these facilities could install cost-effective pollution controls, including SCRs, that would result in significant air-quality improvements across the state.
Please finalize the proposed disapprovals of Utah and Wyomings do-nothing plans and require enforceable pollution reductions, including SCR installation, on our states' biggest polluters Hunter, Huntington, Jim Bridger, Naughton, Dave Johnston, and Wyodak.",https://www.regulations.gov/comment/EPA-R08-OAR-2024-0389-0245,,false,source=Regulations.gov v4 comment detail; retrievedAt=2026-09-12T18:11:40+00:00; commentOnDocumentId=EPA-R08-OAR-2024-0389-0001; duplicateComments=1; organizationMissing=true
EPA-R08-OAR-2024-0389,EPA-R08-OAR-2024-0389-0246,Jim Roberts,not provided by public Regulations.gov fields,2024-10-09T04:00:00Z,"Wyoming and Utah have submitted Regional Haze State Implementation Plans with no proposed pollution reductions, allowing some of the nation's biggest polluters to remain uncontrolled for nitrogen oxide, sulfur dioxide, and other pollutants when common-sense controls exist that could significantly cut those emissions.
EPAs proposed disapprovals of these do-nothing state plans are a critical first step to protect air quality, both in national parks and our communities. I urge EPA to finalize its proposed disapprovals and act quickly to implement plans that will result in real pollution reductions.
In Utah, EPA analysis shows that installing selective catalytic reduction (SCR) on Hunter and Huntington coal plants would be cost-effective and provide massive visibility benefits for Utahs national parks. These plants have avoided pollution reductions for decades. Now is the time for EPA to act.
Similarly, in Wyoming, the state failed to even consider pollution controls at the states largest polluters, including Jim Bridger, Naughton, Dave Johnston, and Wyodak coal plants. Each of these facilities could install cost-effective pollution controls, including SCRs, that would result in significant air-quality improvements across the state.
Please finalize the proposed disapprovals of Utah and Wyomings do-nothing plans and require enforceable pollution reductions, including SCR installation, on our states' biggest polluters Hunter, Huntington, Jim Bridger, Naughton, Dave Johnston, and Wyodak.",https://www.regulations.gov/comment/EPA-R08-OAR-2024-0389-0246,,false,source=Regulations.gov v4 comment detail; retrievedAt=2026-09-12T18:11:40+00:00; commentOnDocumentId=EPA-R08-OAR-2024-0389-0001; duplicateComments=1; organizationMissing=true
EPA-R08-OAR-2024-0389,EPA-R08-OAR-2024-0389-0247,Mark Johnston,not provided by public Regulations.gov fields,2024-10-09T04:00:00Z,"Wyoming and Utah have submitted Regional Haze State Implementation Plans with no proposed pollution reductions, allowing some of the nation's biggest polluters to remain uncontrolled for nitrogen oxide, sulfur dioxide, and other pollutants when common-sense controls exist that could significantly cut those emissions.
EPAs proposed disapprovals of these do-nothing state plans are a critical first step to protect air quality, both in national parks and our communities. I urge EPA to finalize its proposed disapprovals and act quickly to implement plans that will result in real pollution reductions.
In Utah, EPA analysis shows that installing selective catalytic reduction (SCR) on Hunter and Huntington coal plants would be cost-effective and provide massive visibility benefits for Utahs national parks. These plants have avoided pollution reductions for decades. Now is the time for EPA to act.
Similarly, in Wyoming, the state failed to even consider pollution controls at the states largest polluters, including Jim Bridger, Naughton, Dave Johnston, and Wyodak coal plants. Each of these facilities could install cost-effective pollution controls, including SCRs, that would result in significant air-quality improvements across the state.
Please finalize the proposed disapprovals of Utah and Wyomings do-nothing plans and require enforceable pollution reductions, including SCR installation, on our states' biggest polluters Hunter, Huntington, Jim Bridger, Naughton, Dave Johnston, and Wyodak.",https://www.regulations.gov/comment/EPA-R08-OAR-2024-0389-0247,,false,source=Regulations.gov v4 comment detail; retrievedAt=2026-09-12T18:11:40+00:00; commentOnDocumentId=EPA-R08-OAR-2024-0389-0001; duplicateComments=1; organizationMissing=true
EPA-R08-OAR-2024-0389,EPA-R08-OAR-2024-0389-0248,Sheila Cyboron,not provided by public Regulations.gov fields,2024-10-09T04:00:00Z,"I believe that the whole point of having our incredible National Parks System is to provide places for visitors to experience special sights and experiences they could not find in their home towns. Being in these natural showplaces has been rejuvenating and inspiring for me and my family. Companies and utilities that pollute their air do not belong, period. Hold them accountable for cleaning up their act.
Wyoming and Utah have submitted Regional Haze State Implementation Plans with no proposed pollution reductions, allowing some of the nation's biggest polluters to remain uncontrolled for nitrogen oxide, sulfur dioxide, and other pollutants when common-sense controls exist that could significantly cut those emissions.
EPAs proposed disapprovals of these do-nothing state plans are a critical first step to protect air quality, both in national parks and our communities. I urge EPA to finalize its proposed disapprovals and act quickly to implement plans that will result in real pollution reductions.
In Utah, EPA analysis shows that installing selective catalytic reduction (SCR) on Hunter and Huntington coal plants would be cost-effective and provide massive visibility benefits for Utahs national parks. These plants have avoided pollution reductions for decades. Now is the time for EPA to act.
Similarly, in Wyoming, the state failed to even consider pollution controls at the states largest polluters, including Jim Bridger, Naughton, Dave Johnston, and Wyodak coal plants. Each of these facilities could install cost-effective pollution controls, including SCRs, that would result in significant air-quality improvements across the state.
Please finalize the proposed disapprovals of Utah and Wyomings do-nothing plans and require enforceable pollution reductions, including SCR installation, on our states' biggest polluters Hunter, Huntington, Jim Bridger, Naughton, Dave Johnston, and Wyodak.",https://www.regulations.gov/comment/EPA-R08-OAR-2024-0389-0248,,false,source=Regulations.gov v4 comment detail; retrievedAt=2026-09-12T18:11:40+00:00; commentOnDocumentId=EPA-R08-OAR-2024-0389-0001; duplicateComments=1; organizationMissing=true
EPA-R08-OAR-2024-0389,EPA-R08-OAR-2024-0389-0249,Elizabeth Berteaux,not provided by public Regulations.gov fields,2024-10-09T04:00:00Z,"Wyoming and Utah have submitted Regional Haze State Implementation Plans with no proposed pollution reductions, allowing some of the nation's biggest polluters to remain uncontrolled for nitrogen oxide, sulfur dioxide, and other pollutants when common-sense controls exist that could significantly cut those emissions.
EPAs proposed disapprovals of these do-nothing state plans are a critical first step to protect air quality, both in national parks and our communities. I urge EPA to finalize its proposed disapprovals and act quickly to implement plans that will result in real pollution reductions.
In Utah, EPA analysis shows that installing selective catalytic reduction (SCR) on Hunter and Huntington coal plants would be cost-effective and provide massive visibility benefits for Utahs national parks. These plants have avoided pollution reductions for decades. Now is the time for EPA to act.
Similarly, in Wyoming, the state failed to even consider pollution controls at the states largest polluters, including Jim Bridger, Naughton, Dave Johnston, and Wyodak coal plants. Each of these facilities could install cost-effective pollution controls, including SCRs, that would result in significant air-quality improvements across the state.
Please finalize the proposed disapprovals of Utah and Wyomings do-nothing plans and require enforceable pollution reductions, including SCR installation, on our states' biggest polluters Hunter, Huntington, Jim Bridger, Naughton, Dave Johnston, and Wyodak.",https://www.regulations.gov/comment/EPA-R08-OAR-2024-0389-0249,,false,source=Regulations.gov v4 comment detail; retrievedAt=2026-09-12T18:11:40+00:00; commentOnDocumentId=EPA-R08-OAR-2024-0389-0001; duplicateComments=1; organizationMissing=true
EPA-R08-OAR-2024-0389,EPA-R08-OAR-2024-0389-0250,Beti Webb Trauth,not provided by public Regulations.gov fields,2024-10-09T04:00:00Z,"Wyoming and Utah have submitted Regional Haze State Implementation Plans with no proposed pollution reductions, allowing some of the nation's biggest polluters to remain uncontrolled for nitrogen oxide, sulfur dioxide, and other pollutants when common-sense controls exist that could significantly cut those emissions.
EPAs proposed disapprovals of these do-nothing state plans are a critical first step to protect air quality, both in national parks and our communities. I urge EPA to finalize its proposed disapprovals and act quickly to implement plans that will result in real pollution reductions.
In Utah, EPA analysis shows that installing selective catalytic reduction (SCR) on Hunter and Huntington coal plants would be cost-effective and provide massive visibility benefits for Utahs national parks. These plants have avoided pollution reductions for decades. Now is the time for EPA to act.
Similarly, in Wyoming, the state failed to even consider pollution controls at the states largest polluters, including Jim Bridger, Naughton, Dave Johnston, and Wyodak coal plants. Each of these facilities could install cost-effective pollution controls, including SCRs, that would result in significant air-quality improvements across the state.
Please finalize the proposed disapprovals of Utah and Wyomings do-nothing plans and require enforceable pollution reductions, including SCR installation, on our states' biggest polluters Hunter, Huntington, Jim Bridger, Naughton, Dave Johnston, and Wyodak.",https://www.regulations.gov/comment/EPA-R08-OAR-2024-0389-0250,,false,source=Regulations.gov v4 comment detail; retrievedAt=2026-09-12T18:11:40+00:00; commentOnDocumentId=EPA-R08-OAR-2024-0389-0001; duplicateComments=1; organizationMissing=true
EPA-R08-OAR-2024-0389,EPA-R08-OAR-2024-0389-0251,Ronald Snell,not provided by public Regulations.gov fields,2024-10-09T04:00:00Z,"I have been to many of our wonderful National Parks but they lose much of their appeal to hike and wonder whe they are encased in smog.
Wyoming and Utah have submitted Regional Haze State Implementation Plans with no proposed pollution reductions, allowing some of the nation's biggest polluters to remain uncontrolled for nitrogen oxide, sulfur dioxide, and other pollutants when common-sense controls exist that could significantly cut those emissions.
EPAs proposed disapprovals of these do-nothing state plans are a critical first step to protect air quality, both in national parks and our communities. I urge EPA to finalize its proposed disapprovals and act quickly to implement plans that will result in real pollution reductions.
In Utah, EPA analysis shows that installing selective catalytic reduction (SCR) on Hunter and Huntington coal plants would be cost-effective and provide massive visibility benefits for Utahs national parks. These plants have avoided pollution reductions for decades. Now is the time for EPA to act.
Similarly, in Wyoming, the state failed to even consider pollution controls at the states largest polluters, including Jim Bridger, Naughton, Dave Johnston, and Wyodak coal plants. Each of these facilities could install cost-effective pollution controls, including SCRs, that would result in significant air-quality improvements across the state.
Please finalize the proposed disapprovals of Utah and Wyomings do-nothing plans and require enforceable pollution reductions, including SCR installation, on our states' biggest polluters Hunter, Huntington, Jim Bridger, Naughton, Dave Johnston, and Wyodak.",https://www.regulations.gov/comment/EPA-R08-OAR-2024-0389-0251,,false,source=Regulations.gov v4 comment detail; retrievedAt=2026-09-12T18:11:40+00:00; commentOnDocumentId=EPA-R08-OAR-2024-0389-0001; duplicateComments=1; organizationMissing=true
EPA-R08-OAR-2024-0389,EPA-R08-OAR-2024-0389-0252,Kelly K Flowers,not provided by public Regulations.gov fields,2024-10-09T04:00:00Z,"Wyoming and Utah have submitted Regional Haze State Implementation Plans with no proposed pollution reductions, allowing some of the nation's biggest polluters to remain uncontrolled for nitrogen oxide, sulfur dioxide, and other pollutants when common-sense controls exist that could significantly cut those emissions.
EPAs proposed disapprovals of these do-nothing state plans are a critical first step to protect air quality, both in national parks and our communities. I urge EPA to finalize its proposed disapprovals and act quickly to implement plans that will result in real pollution reductions.
In Utah, EPA analysis shows that installing selective catalytic reduction (SCR) on Hunter and Huntington coal plants would be cost-effective and provide massive visibility benefits for Utahs national parks. These plants have avoided pollution reductions for decades. Now is the time for EPA to act.
Similarly, in Wyoming, the state failed to even consider pollution controls at the states largest polluters, including Jim Bridger, Naughton, Dave Johnston, and Wyodak coal plants. Each of these facilities could install cost-effective pollution controls, including SCRs, that would result in significant air-quality improvements across the state.
Please finalize the proposed disapprovals of Utah and Wyomings do-nothing plans and require enforceable pollution reductions, including SCR installation, on our states' biggest polluters Hunter, Huntington, Jim Bridger, Naughton, Dave Johnston, and Wyodak.",https://www.regulations.gov/comment/EPA-R08-OAR-2024-0389-0252,,false,source=Regulations.gov v4 comment detail; retrievedAt=2026-09-12T18:11:40+00:00; commentOnDocumentId=EPA-R08-OAR-2024-0389-0001; duplicateComments=1; organizationMissing=true
EPA-R08-OAR-2024-0389,EPA-R08-OAR-2024-0389-0253,Rosemary Howley,not provided by public Regulations.gov fields,2024-10-09T04:00:00Z,"I love our National Parks, and I am a proud holder of a Senior Lifetime Pass, so I look forward to enjoying even more of them in my life. I urge you to keep these National treasures safe for me and for future generations. Please use your authority to protect our precious parks from pollution from coal power plants!
Wyoming and Utah have submitted Regional Haze State Implementation Plans with no proposed pollution reductions, allowing some of the nation's biggest polluters to remain uncontrolled for nitrogen oxide, sulfur dioxide, and other pollutants when common-sense controls exist that could significantly cut those emissions.
EPAs proposed disapprovals of these do-nothing state plans are a critical first step to protect air quality, both in national parks and our communities. I urge EPA to finalize its proposed disapprovals and act quickly to implement plans that will result in real pollution reductions.
In Utah, EPA analysis shows that installing selective catalytic reduction (SCR) on Hunter and Huntington coal plants would be cost-effective and provide massive visibility benefits for Utahs national parks. These plants have avoided pollution reductions for decades. Now is the time for EPA to act.
Similarly, in Wyoming, the state failed to even consider pollution controls at the states largest polluters, including Jim Bridger, Naughton, Dave Johnston, and Wyodak coal plants. Each of these facilities could install cost-effective pollution controls, including SCRs, that would result in significant air-quality improvements across the state.
Please finalize the proposed disapprovals of Utah and Wyomings do-nothing plans and require enforceable pollution reductions, including SCR installation, on our states' biggest polluters Hunter, Huntington, Jim Bridger, Naughton, Dave Johnston, and Wyodak.",https://www.regulations.gov/comment/EPA-R08-OAR-2024-0389-0253,,false,source=Regulations.gov v4 comment detail; retrievedAt=2026-09-12T18:11:40+00:00; commentOnDocumentId=EPA-R08-OAR-2024-0389-0001; duplicateComments=1; organizationMissing=true
EPA-R08-OAR-2024-0389,EPA-R08-OAR-2024-0389-0254,Sara Fung,not provided by public Regulations.gov fields,2024-10-09T04:00:00Z,"Wyoming and Utah have submitted Regional Haze State Implementation Plans with no proposed pollution reductions, allowing some of the nation's biggest polluters to remain uncontrolled for nitrogen oxide, sulfur dioxide, and other pollutants when common-sense controls exist that could significantly cut those emissions.
EPAs proposed disapprovals of these do-nothing state plans are a critical first step to protect air quality, both in national parks and our communities. I urge EPA to finalize its proposed disapprovals and act quickly to implement plans that will result in real pollution reductions.
In Utah, EPA analysis shows that installing selective catalytic reduction (SCR) on Hunter and Huntington coal plants would be cost-effective and provide massive visibility benefits for Utahs national parks. These plants have avoided pollution reductions for decades. Now is the time for EPA to act.
Similarly, in Wyoming, the state failed to even consider pollution controls at the states largest polluters, including Jim Bridger, Naughton, Dave Johnston, and Wyodak coal plants. Each of these facilities could install cost-effective pollution controls, including SCRs, that would result in significant air-quality improvements across the state.
Please finalize the proposed disapprovals of Utah and Wyomings do-nothing plans and require enforceable pollution reductions, including SCR installation, on our states' biggest polluters Hunter, Huntington, Jim Bridger, Naughton, Dave Johnston, and Wyodak.",https://www.regulations.gov/comment/EPA-R08-OAR-2024-0389-0254,,false,source=Regulations.gov v4 comment detail; retrievedAt=2026-09-12T18:11:40+00:00; commentOnDocumentId=EPA-R08-OAR-2024-0389-0001; duplicateComments=1; organizationMissing=true
EPA-R08-OAR-2024-0389,EPA-R08-OAR-2024-0389-0255,Lisa Knafelc,not provided by public Regulations.gov fields,2024-10-09T04:00:00Z,"As the technology involves, it is time to move on from coal due to these clear, environmental hazards
Wyoming and Utah have submitted Regional Haze State Implementation Plans with no proposed pollution reductions, allowing some of the nation's biggest polluters to remain uncontrolled for nitrogen oxide, sulfur dioxide, and other pollutants when common-sense controls exist that could significantly cut those emissions.
EPAs proposed disapprovals of these do-nothing state plans are a critical first step to protect air quality, both in national parks and our communities. I urge EPA to finalize its proposed disapprovals and act quickly to implement plans that will result in real pollution reductions.
In Utah, EPA analysis shows that installing selective catalytic reduction (SCR) on Hunter and Huntington coal plants would be cost-effective and provide massive visibility benefits for Utahs national parks. These plants have avoided pollution reductions for decades. Now is the time for EPA to act.
Similarly, in Wyoming, the state failed to even consider pollution controls at the states largest polluters, including Jim Bridger, Naughton, Dave Johnston, and Wyodak coal plants. Each of these facilities could install cost-effective pollution controls, including SCRs, that would result in significant air-quality improvements across the state.
Please finalize the proposed disapprovals of Utah and Wyomings do-nothing plans and require enforceable pollution reductions, including SCR installation, on our states' biggest polluters Hunter, Huntington, Jim Bridger, Naughton, Dave Johnston, and Wyodak.",https://www.regulations.gov/comment/EPA-R08-OAR-2024-0389-0255,,false,source=Regulations.gov v4 comment detail; retrievedAt=2026-09-12T18:11:40+00:00; commentOnDocumentId=EPA-R08-OAR-2024-0389-0001; duplicateComments=1; organizationMissing=true
EPA-R08-OAR-2024-0389,EPA-R08-OAR-2024-0389-0256,William Peisner,not provided by public Regulations.gov fields,2024-10-09T04:00:00Z,"Air quality is too important in and around international parks, we must take action against air pollution!!
Wyoming and Utah have submitted Regional Haze State Implementation Plans with no proposed pollution reductions, allowing some of the nation's biggest polluters to remain uncontrolled for nitrogen oxide, sulfur dioxide, and other pollutants when common-sense controls exist that could significantly cut those emissions.
EPAs proposed disapprovals of these do-nothing state plans are a critical first step to protect air quality, both in national parks and our communities. I urge EPA to finalize its proposed disapprovals and act quickly to implement plans that will result in real pollution reductions.
In Utah, EPA analysis shows that installing selective catalytic reduction (SCR) on Hunter and Huntington coal plants would be cost-effective and provide massive visibility benefits for Utahs national parks. These plants have avoided pollution reductions for decades. Now is the time for EPA to act.
Similarly, in Wyoming, the state failed to even consider pollution controls at the states largest polluters, including Jim Bridger, Naughton, Dave Johnston, and Wyodak coal plants. Each of these facilities could install cost-effective pollution controls, including SCRs, that would result in significant air-quality improvements across the state.
Please finalize the proposed disapprovals of Utah and Wyomings do-nothing plans and require enforceable pollution reductions, including SCR installation, on our states' biggest polluters Hunter, Huntington, Jim Bridger, Naughton, Dave Johnston, and Wyodak.",https://www.regulations.gov/comment/EPA-R08-OAR-2024-0389-0256,,false,source=Regulations.gov v4 comment detail; retrievedAt=2026-09-12T18:11:40+00:00; commentOnDocumentId=EPA-R08-OAR-2024-0389-0001; duplicateComments=1; organizationMissing=true
EPA-R08-OAR-2024-0389,EPA-R08-OAR-2024-0389-0257,Paddy Fletcher,not provided by public Regulations.gov fields,2024-10-09T04:00:00Z,"Wyoming and Utah have submitted Regional Haze State Implementation Plans with no proposed pollution reductions, allowing some of the nation's biggest polluters to remain uncontrolled for nitrogen oxide, sulfur dioxide, and other pollutants when common-sense controls exist that could significantly cut those emissions.
EPAs proposed disapprovals of these do-nothing state plans are a critical first step to protect air quality, both in national parks and our communities. I urge EPA to finalize its proposed disapprovals and act quickly to implement plans that will result in real pollution reductions.
In Utah, EPA analysis shows that installing selective catalytic reduction (SCR) on Hunter and Huntington coal plants would be cost-effective and provide massive visibility benefits for Utahs national parks. These plants have avoided pollution reductions for decades. Now is the time for EPA to act.
Similarly, in Wyoming, the state failed to even consider pollution controls at the states largest polluters, including Jim Bridger, Naughton, Dave Johnston, and Wyodak coal plants. Each of these facilities could install cost-effective pollution controls, including SCRs, that would result in significant air-quality improvements across the state.
Please finalize the proposed disapprovals of Utah and Wyomings do-nothing plans and require enforceable pollution reductions, including SCR installation, on our states' biggest polluters Hunter, Huntington, Jim Bridger, Naughton, Dave Johnston, and Wyodak.",https://www.regulations.gov/comment/EPA-R08-OAR-2024-0389-0257,,false,source=Regulations.gov v4 comment detail; retrievedAt=2026-09-12T18:11:40+00:00; commentOnDocumentId=EPA-R08-OAR-2024-0389-0001; duplicateComments=1; organizationMissing=true
EPA-R08-OAR-2024-0389,EPA-R08-OAR-2024-0389-0258,Adam Joe,not provided by public Regulations.gov fields,2024-10-09T04:00:00Z,"Wyoming and Utah have submitted Regional Haze State Implementation Plans with no proposed pollution reductions, allowing some of the nation's biggest polluters to remain uncontrolled for nitrogen oxide, sulfur dioxide, and other pollutants when common-sense controls exist that could significantly cut those emissions.
EPAs proposed disapprovals of these do-nothing state plans are a critical first step to protect air quality, both in national parks and our communities. I urge EPA to finalize its proposed disapprovals and act quickly to implement plans that will result in real pollution reductions.
In Utah, EPA analysis shows that installing selective catalytic reduction (SCR) on Hunter and Huntington coal plants would be cost-effective and provide massive visibility benefits for Utahs national parks. These plants have avoided pollution reductions for decades. Now is the time for EPA to act.
Similarly, in Wyoming, the state failed to even consider pollution controls at the states largest polluters, including Jim Bridger, Naughton, Dave Johnston, and Wyodak coal plants. Each of these facilities could install cost-effective pollution controls, including SCRs, that would result in significant air-quality improvements across the state.
Please finalize the proposed disapprovals of Utah and Wyomings do-nothing plans and require enforceable pollution reductions, including SCR installation, on our states' biggest polluters Hunter, Huntington, Jim Bridger, Naughton, Dave Johnston, and Wyodak.",https://www.regulations.gov/comment/EPA-R08-OAR-2024-0389-0258,,false,source=Regulations.gov v4 comment detail; retrievedAt=2026-09-12T18:11:40+00:00; commentOnDocumentId=EPA-R08-OAR-2024-0389-0001; duplicateComments=1; organizationMissing=true
EPA-R08-OAR-2024-0389,EPA-R08-OAR-2024-0389-0259,Constance Derooy,not provided by public Regulations.gov fields,2024-10-09T04:00:00Z,"Wyoming and Utah have submitted Regional Haze State Implementation Plans with no proposed pollution reductions, allowing some of the nation's biggest polluters to remain uncontrolled for nitrogen oxide, sulfur dioxide, and other pollutants when common-sense controls exist that could significantly cut those emissions.
EPAs proposed disapprovals of these do-nothing state plans are a critical first step to protect air quality, both in national parks and our communities. I urge EPA to finalize its proposed disapprovals and act quickly to implement plans that will result in real pollution reductions.
In Utah, EPA analysis shows that installing selective catalytic reduction (SCR) on Hunter and Huntington coal plants would be cost-effective and provide massive visibility benefits for Utahs national parks. These plants have avoided pollution reductions for decades. Now is the time for EPA to act.
Similarly, in Wyoming, the state failed to even consider pollution controls at the states largest polluters, including Jim Bridger, Naughton, Dave Johnston, and Wyodak coal plants. Each of these facilities could install cost-effective pollution controls, including SCRs, that would result in significant air-quality improvements across the state.
Please finalize the proposed disapprovals of Utah and Wyomings do-nothing plans and require enforceable pollution reductions, including SCR installation, on our states' biggest polluters Hunter, Huntington, Jim Bridger, Naughton, Dave Johnston, and Wyodak.",https://www.regulations.gov/comment/EPA-R08-OAR-2024-0389-0259,,false,source=Regulations.gov v4 comment detail; retrievedAt=2026-09-12T18:11:40+00:00; commentOnDocumentId=EPA-R08-OAR-2024-0389-0001; duplicateComments=1; organizationMissing=true
EPA-R08-OAR-2024-0389,EPA-R08-OAR-2024-0389-0260,Sally Burke,not provided by public Regulations.gov fields,2024-10-09T04:00:00Z,"Wyoming and Utah have submitted Regional Haze State Implementation Plans with no proposed pollution reductions, allowing some of the nation's biggest polluters to remain uncontrolled for nitrogen oxide, sulfur dioxide, and other pollutants when common-sense controls exist that could significantly cut those emissions.
EPAs proposed disapprovals of these do-nothing state plans are a critical first step to protect air quality, both in national parks and our communities. I urge EPA to finalize its proposed disapprovals and act quickly to implement plans that will result in real pollution reductions.
In Utah, EPA analysis shows that installing selective catalytic reduction (SCR) on Hunter and Huntington coal plants would be cost-effective and provide massive visibility benefits for Utahs national parks. These plants have avoided pollution reductions for decades. Now is the time for EPA to act.
Similarly, in Wyoming, the state failed to even consider pollution controls at the states largest polluters, including Jim Bridger, Naughton, Dave Johnston, and Wyodak coal plants. Each of these facilities could install cost-effective pollution controls, including SCRs, that would result in significant air-quality improvements across the state.
Please finalize the proposed disapprovals of Utah and Wyomings do-nothing plans and require enforceable pollution reductions, including SCR installation, on our states' biggest polluters Hunter, Huntington, Jim Bridger, Naughton, Dave Johnston, and Wyodak.",https://www.regulations.gov/comment/EPA-R08-OAR-2024-0389-0260,,false,source=Regulations.gov v4 comment detail; retrievedAt=2026-09-12T18:11:40+00:00; commentOnDocumentId=EPA-R08-OAR-2024-0389-0001; duplicateComments=1; organizationMissing=true
EPA-R08-OAR-2024-0389,EPA-R08-OAR-2024-0389-0261,Angelica Brehm,not provided by public Regulations.gov fields,2024-10-09T04:00:00Z,"Wyoming and Utah have submitted Regional Haze State Implementation Plans with no proposed pollution reductions, allowing some of the nation's biggest polluters to remain uncontrolled for nitrogen oxide, sulfur dioxide, and other pollutants when common-sense controls exist that could significantly cut those emissions.
EPAs proposed disapprovals of these do-nothing state plans are a critical first step to protect air quality, both in national parks and our communities. I urge EPA to finalize its proposed disapprovals and act quickly to implement plans that will result in real pollution reductions.
In Utah, EPA analysis shows that installing selective catalytic reduction (SCR) on Hunter and Huntington coal plants would be cost-effective and provide massive visibility benefits for Utahs national parks. These plants have avoided pollution reductions for decades. Now is the time for EPA to act.
Similarly, in Wyoming, the state failed to even consider pollution controls at the states largest polluters, including Jim Bridger, Naughton, Dave Johnston, and Wyodak coal plants. Each of these facilities could install cost-effective pollution controls, including SCRs, that would result in significant air-quality improvements across the state.
Please finalize the proposed disapprovals of Utah and Wyomings do-nothing plans and require enforceable pollution reductions, including SCR installation, on our states' biggest polluters Hunter, Huntington, Jim Bridger, Naughton, Dave Johnston, and Wyodak.",https://www.regulations.gov/comment/EPA-R08-OAR-2024-0389-0261,,false,source=Regulations.gov v4 comment detail; retrievedAt=2026-09-12T18:11:40+00:00; commentOnDocumentId=EPA-R08-OAR-2024-0389-0001; duplicateComments=1; organizationMissing=true
EPA-R08-OAR-2024-0389,EPA-R08-OAR-2024-0389-0262,Steve Shapiro,not provided by public Regulations.gov fields,2024-10-09T04:00:00Z,"Wyoming and Utah have submitted Regional Haze State Implementation Plans with no proposed pollution reductions, allowing some of the nation's biggest polluters to remain uncontrolled for nitrogen oxide, sulfur dioxide, and other pollutants when common-sense controls exist that could significantly cut those emissions.
EPAs proposed disapprovals of these do-nothing state plans are a critical first step to protect air quality, both in national parks and our communities. I urge EPA to finalize its proposed disapprovals and act quickly to implement plans that will result in real pollution reductions.
In Utah, EPA analysis shows that installing selective catalytic reduction (SCR) on Hunter and Huntington coal plants would be cost-effective and provide massive visibility benefits for Utahs national parks. These plants have avoided pollution reductions for decades. Now is the time for EPA to act.
Similarly, in Wyoming, the state failed to even consider pollution controls at the states largest polluters, including Jim Bridger, Naughton, Dave Johnston, and Wyodak coal plants. Each of these facilities could install cost-effective pollution controls, including SCRs, that would result in significant air-quality improvements across the state.
Please finalize the proposed disapprovals of Utah and Wyomings do-nothing plans and require enforceable pollution reductions, including SCR installation, on our states' biggest polluters Hunter, Huntington, Jim Bridger, Naughton, Dave Johnston, and Wyodak.",https://www.regulations.gov/comment/EPA-R08-OAR-2024-0389-0262,,false,source=Regulations.gov v4 comment detail; retrievedAt=2026-09-12T18:11:40+00:00; commentOnDocumentId=EPA-R08-OAR-2024-0389-0001; duplicateComments=1; organizationMissing=true
EPA-R08-OAR-2024-0389,EPA-R08-OAR-2024-0389-0263,Jennifer Esposito,not provided by public Regulations.gov fields,2024-10-09T04:00:00Z,"Wyoming and Utah have submitted Regional Haze State Implementation Plans with no proposed pollution reductions, allowing some of the nation's biggest polluters to remain uncontrolled for nitrogen oxide, sulfur dioxide, and other pollutants when common-sense controls exist that could significantly cut those emissions.
EPAs proposed disapprovals of these do-nothing state plans are a critical first step to protect air quality, both in national parks and our communities. I urge EPA to finalize its proposed disapprovals and act quickly to implement plans that will result in real pollution reductions.
In Utah, EPA analysis shows that installing selective catalytic reduction (SCR) on Hunter and Huntington coal plants would be cost-effective and provide massive visibility benefits for Utahs national parks. These plants have avoided pollution reductions for decades. Now is the time for EPA to act.
Similarly, in Wyoming, the state failed to even consider pollution controls at the states largest polluters, including Jim Bridger, Naughton, Dave Johnston, and Wyodak coal plants. Each of these facilities could install cost-effective pollution controls, including SCRs, that would result in significant air-quality improvements across the state.
Please finalize the proposed disapprovals of Utah and Wyomings do-nothing plans and require enforceable pollution reductions, including SCR installation, on our states' biggest polluters Hunter, Huntington, Jim Bridger, Naughton, Dave Johnston, and Wyodak.",https://www.regulations.gov/comment/EPA-R08-OAR-2024-0389-0263,,false,source=Regulations.gov v4 comment detail; retrievedAt=2026-09-12T18:11:40+00:00; commentOnDocumentId=EPA-R08-OAR-2024-0389-0001; duplicateComments=1; organizationMissing=true
EPA-R08-OAR-2024-0389,EPA-R08-OAR-2024-0389-0264,Michael Koster,not provided by public Regulations.gov fields,2024-10-09T04:00:00Z,"Its so demoralizing each time Im at the Grand Canyon and Im gazing at a haze of pollution.
Wyoming and Utah have submitted Regional Haze State Implementation Plans with no proposed pollution reductions, allowing some of the nation's biggest polluters to remain uncontrolled for nitrogen oxide, sulfur dioxide, and other pollutants when common-sense controls exist that could significantly cut those emissions.
EPAs proposed disapprovals of these do-nothing state plans are a critical first step to protect air quality, both in national parks and our communities. I urge EPA to finalize its proposed disapprovals and act quickly to implement plans that will result in real pollution reductions.
In Utah, EPA analysis shows that installing selective catalytic reduction (SCR) on Hunter and Huntington coal plants would be cost-effective and provide massive visibility benefits for Utahs national parks. These plants have avoided pollution reductions for decades. Now is the time for EPA to act.
Similarly, in Wyoming, the state failed to even consider pollution controls at the states largest polluters, including Jim Bridger, Naughton, Dave Johnston, and Wyodak coal plants. Each of these facilities could install cost-effective pollution controls, including SCRs, that would result in significant air-quality improvements across the state.
Please finalize the proposed disapprovals of Utah and Wyomings do-nothing plans and require enforceable pollution reductions, including SCR installation, on our states' biggest polluters Hunter, Huntington, Jim Bridger, Naughton, Dave Johnston, and Wyodak.",https://www.regulations.gov/comment/EPA-R08-OAR-2024-0389-0264,,false,source=Regulations.gov v4 comment detail; retrievedAt=2026-09-12T18:11:40+00:00; commentOnDocumentId=EPA-R08-OAR-2024-0389-0001; duplicateComments=1; organizationMissing=true
EPA-R08-OAR-2024-0389,EPA-R08-OAR-2024-0389-0265,Ellen Little,not provided by public Regulations.gov fields,2024-10-09T04:00:00Z,"Wyoming and Utah have submitted Regional Haze State Implementation Plans with no proposed pollution reductions, allowing some of the nation's biggest polluters to remain uncontrolled for nitrogen oxide, sulfur dioxide, and other pollutants when common-sense controls exist that could significantly cut those emissions.
EPAs proposed disapprovals of these do-nothing state plans are a critical first step to protect air quality, both in national parks and our communities. I urge EPA to finalize its proposed disapprovals and act quickly to implement plans that will result in real pollution reductions.
In Utah, EPA analysis shows that installing selective catalytic reduction (SCR) on Hunter and Huntington coal plants would be cost-effective and provide massive visibility benefits for Utahs national parks. These plants have avoided pollution reductions for decades. Now is the time for EPA to act.
Similarly, in Wyoming, the state failed to even consider pollution controls at the states largest polluters, including Jim Bridger, Naughton, Dave Johnston, and Wyodak coal plants. Each of these facilities could install cost-effective pollution controls, including SCRs, that would result in significant air-quality improvements across the state.
Please finalize the proposed disapprovals of Utah and Wyomings do-nothing plans and require enforceable pollution reductions, including SCR installation, on our states' biggest polluters Hunter, Huntington, Jim Bridger, Naughton, Dave Johnston, and Wyodak.",https://www.regulations.gov/comment/EPA-R08-OAR-2024-0389-0265,,false,source=Regulations.gov v4 comment detail; retrievedAt=2026-09-12T18:11:40+00:00; commentOnDocumentId=EPA-R08-OAR-2024-0389-0001; duplicateComments=1; organizationMissing=true
EPA-R08-OAR-2024-0389,EPA-R08-OAR-2024-0389-0266,Rev. Allan B. Jones,not provided by public Regulations.gov fields,2024-10-09T04:00:00Z,"Thank you.
Wyoming and Utah have submitted Regional Haze State Implementation Plans with no proposed pollution reductions, allowing some of the nation's biggest polluters to remain uncontrolled for nitrogen oxide, sulfur dioxide, and other pollutants when common-sense controls exist that could significantly cut those emissions.
EPAs proposed disapprovals of these do-nothing state plans are a critical first step to protect air quality, both in national parks and our communities. I urge EPA to finalize its proposed disapprovals and act quickly to implement plans that will result in real pollution reductions.
In Utah, EPA analysis shows that installing selective catalytic reduction (SCR) on Hunter and Huntington coal plants would be cost-effective and provide massive visibility benefits for Utahs national parks. These plants have avoided pollution reductions for decades. Now is the time for EPA to act.
Similarly, in Wyoming, the state failed to even consider pollution controls at the states largest polluters, including Jim Bridger, Naughton, Dave Johnston, and Wyodak coal plants. Each of these facilities could install cost-effective pollution controls, including SCRs, that would result in significant air-quality improvements across the state.
Please finalize the proposed disapprovals of Utah and Wyomings do-nothing plans and require enforceable pollution reductions, including SCR installation, on our states' biggest polluters Hunter, Huntington, Jim Bridger, Naughton, Dave Johnston, and Wyodak.",https://www.regulations.gov/comment/EPA-R08-OAR-2024-0389-0266,,false,source=Regulations.gov v4 comment detail; retrievedAt=2026-09-12T18:11:40+00:00; commentOnDocumentId=EPA-R08-OAR-2024-0389-0001; duplicateComments=1; organizationMissing=true
EPA-R08-OAR-2024-0389,EPA-R08-OAR-2024-0389-0267,Andrew Salter,not provided by public Regulations.gov fields,2024-10-09T04:00:00Z,"Wyoming and Utah have submitted Regional Haze State Implementation Plans with no proposed pollution reductions, allowing some of the nation's biggest polluters to remain uncontrolled for nitrogen oxide, sulfur dioxide, and other pollutants when common-sense controls exist that could significantly cut those emissions.
EPAs proposed disapprovals of these do-nothing state plans are a critical first step to protect air quality, both in national parks and our communities. I urge EPA to finalize its proposed disapprovals and act quickly to implement plans that will result in real pollution reductions.
In Utah, EPA analysis shows that installing selective catalytic reduction (SCR) on Hunter and Huntington coal plants would be cost-effective and provide massive visibility benefits for Utahs national parks. These plants have avoided pollution reductions for decades. Now is the time for EPA to act.
Similarly, in Wyoming, the state failed to even consider pollution controls at the states largest polluters, including Jim Bridger, Naughton, Dave Johnston, and Wyodak coal plants. Each of these facilities could install cost-effective pollution controls, including SCRs, that would result in significant air-quality improvements across the state.
Please finalize the proposed disapprovals of Utah and Wyomings do-nothing plans and require enforceable pollution reductions, including SCR installation, on our states' biggest polluters Hunter, Huntington, Jim Bridger, Naughton, Dave Johnston, and Wyodak.",https://www.regulations.gov/comment/EPA-R08-OAR-2024-0389-0267,,false,source=Regulations.gov v4 comment detail; retrievedAt=2026-09-12T18:11:40+00:00; commentOnDocumentId=EPA-R08-OAR-2024-0389-0001; duplicateComments=1; organizationMissing=true
EPA-R08-OAR-2024-0389,EPA-R08-OAR-2024-0389-0268,Joseph McDonough,not provided by public Regulations.gov fields,2024-10-09T04:00:00Z,"Wyoming and Utah have submitted Regional Haze State Implementation Plans with no proposed pollution reductions, allowing some of the nation's biggest polluters to remain uncontrolled for nitrogen oxide, sulfur dioxide, and other pollutants when common-sense controls exist that could significantly cut those emissions.
EPAs proposed disapprovals of these do-nothing state plans are a critical first step to protect air quality, both in national parks and our communities. I urge EPA to finalize its proposed disapprovals and act quickly to implement plans that will result in real pollution reductions.
In Utah, EPA analysis shows that installing selective catalytic reduction (SCR) on Hunter and Huntington coal plants would be cost-effective and provide massive visibility benefits for Utahs national parks. These plants have avoided pollution reductions for decades. Now is the time for EPA to act.
Similarly, in Wyoming, the state failed to even consider pollution controls at the states largest polluters, including Jim Bridger, Naughton, Dave Johnston, and Wyodak coal plants. Each of these facilities could install cost-effective pollution controls, including SCRs, that would result in significant air-quality improvements across the state.
Please finalize the proposed disapprovals of Utah and Wyomings do-nothing plans and require enforceable pollution reductions, including SCR installation, on our states' biggest polluters Hunter, Huntington, Jim Bridger, Naughton, Dave Johnston, and Wyodak.",https://www.regulations.gov/comment/EPA-R08-OAR-2024-0389-0268,,false,source=Regulations.gov v4 comment detail; retrievedAt=2026-09-12T18:11:40+00:00; commentOnDocumentId=EPA-R08-OAR-2024-0389-0001; duplicateComments=1; organizationMissing=true
EPA-R08-OAR-2024-0389,EPA-R08-OAR-2024-0389-0269,Sandra Levine MD,not provided by public Regulations.gov fields,2024-10-09T04:00:00Z,"Wyoming and Utah have submitted Regional Haze State Implementation Plans with no proposed pollution reductions, allowing some of the nation's biggest polluters to remain uncontrolled for nitrogen oxide, sulfur dioxide, and other pollutants when common-sense controls exist that could significantly cut those emissions.
EPAs proposed disapprovals of these do-nothing state plans are a critical first step to protect air quality, both in national parks and our communities. I urge EPA to finalize its proposed disapprovals and act quickly to implement plans that will result in real pollution reductions.
In Utah, EPA analysis shows that installing selective catalytic reduction (SCR) on Hunter and Huntington coal plants would be cost-effective and provide massive visibility benefits for Utahs national parks. These plants have avoided pollution reductions for decades. Now is the time for EPA to act.
Similarly, in Wyoming, the state failed to even consider pollution controls at the states largest polluters, including Jim Bridger, Naughton, Dave Johnston, and Wyodak coal plants. Each of these facilities could install cost-effective pollution controls, including SCRs, that would result in significant air-quality improvements across the state.
Please finalize the proposed disapprovals of Utah and Wyomings do-nothing plans and require enforceable pollution reductions, including SCR installation, on our states' biggest polluters Hunter, Huntington, Jim Bridger, Naughton, Dave Johnston, and Wyodak.",https://www.regulations.gov/comment/EPA-R08-OAR-2024-0389-0269,,false,source=Regulations.gov v4 comment detail; retrievedAt=2026-09-12T18:11:40+00:00; commentOnDocumentId=EPA-R08-OAR-2024-0389-0001; duplicateComments=1; organizationMissing=true
EPA-R08-OAR-2024-0389,EPA-R08-OAR-2024-0389-0270,Cathleen Schneider-Russell,not provided by public Regulations.gov fields,2024-10-09T04:00:00Z,"Wyoming and Utah have submitted Regional Haze State Implementation Plans with no proposed pollution reductions, allowing some of the nation's biggest polluters to remain uncontrolled for nitrogen oxide, sulfur dioxide, and other pollutants when common-sense controls exist that could significantly cut those emissions.
EPAs proposed disapprovals of these do-nothing state plans are a critical first step to protect air quality, both in national parks and our communities. I urge EPA to finalize its proposed disapprovals and act quickly to implement plans that will result in real pollution reductions.
In Utah, EPA analysis shows that installing selective catalytic reduction (SCR) on Hunter and Huntington coal plants would be cost-effective and provide massive visibility benefits for Utahs national parks. These plants have avoided pollution reductions for decades. Now is the time for EPA to act.
Similarly, in Wyoming, the state failed to even consider pollution controls at the states largest polluters, including Jim Bridger, Naughton, Dave Johnston, and Wyodak coal plants. Each of these facilities could install cost-effective pollution controls, including SCRs, that would result in significant air-quality improvements across the state.
Please finalize the proposed disapprovals of Utah and Wyomings do-nothing plans and require enforceable pollution reductions, including SCR installation, on our states' biggest polluters Hunter, Huntington, Jim Bridger, Naughton, Dave Johnston, and Wyodak.",https://www.regulations.gov/comment/EPA-R08-OAR-2024-0389-0270,,false,source=Regulations.gov v4 comment detail; retrievedAt=2026-09-12T18:11:40+00:00; commentOnDocumentId=EPA-R08-OAR-2024-0389-0001; duplicateComments=1; organizationMissing=true
EPA-R08-OAR-2024-0389,EPA-R08-OAR-2024-0389-0271,Russell Smith,not provided by public Regulations.gov fields,2024-10-09T04:00:00Z,"Wyoming and Utah have submitted Regional Haze State Implementation Plans with no proposed pollution reductions, allowing some of the nation's biggest polluters to remain uncontrolled for nitrogen oxide, sulfur dioxide, and other pollutants when common-sense controls exist that could significantly cut those emissions.
EPAs proposed disapprovals of these do-nothing state plans are a critical first step to protect air quality, both in national parks and our communities. I urge EPA to finalize its proposed disapprovals and act quickly to implement plans that will result in real pollution reductions.
In Utah, EPA analysis shows that installing selective catalytic reduction (SCR) on Hunter and Huntington coal plants would be cost-effective and provide massive visibility benefits for Utahs national parks. These plants have avoided pollution reductions for decades. Now is the time for EPA to act.
Similarly, in Wyoming, the state failed to even consider pollution controls at the states largest polluters, including Jim Bridger, Naughton, Dave Johnston, and Wyodak coal plants. Each of these facilities could install cost-effective pollution controls, including SCRs, that would result in significant air-quality improvements across the state.
Please finalize the proposed disapprovals of Utah and Wyomings do-nothing plans and require enforceable pollution reductions, including SCR installation, on our states' biggest polluters Hunter, Huntington, Jim Bridger, Naughton, Dave Johnston, and Wyodak.",https://www.regulations.gov/comment/EPA-R08-OAR-2024-0389-0271,,false,source=Regulations.gov v4 comment detail; retrievedAt=2026-09-12T18:11:40+00:00; commentOnDocumentId=EPA-R08-OAR-2024-0389-0001; duplicateComments=1; organizationMissing=true
EPA-R08-OAR-2024-0389,EPA-R08-OAR-2024-0389-0272,Angela Gantos,not provided by public Regulations.gov fields,2024-10-09T04:00:00Z,"Wyoming and Utah have submitted Regional Haze State Implementation Plans with no proposed pollution reductions, allowing some of the nation's biggest polluters to remain uncontrolled for nitrogen oxide, sulfur dioxide, and other pollutants when common-sense controls exist that could significantly cut those emissions.
EPAs proposed disapprovals of these do-nothing state plans are a critical first step to protect air quality, both in national parks and our communities. I urge EPA to finalize its proposed disapprovals and act quickly to implement plans that will result in real pollution reductions.
In Utah, EPA analysis shows that installing selective catalytic reduction (SCR) on Hunter and Huntington coal plants would be cost-effective and provide massive visibility benefits for Utahs national parks. These plants have avoided pollution reductions for decades. Now is the time for EPA to act.
Similarly, in Wyoming, the state failed to even consider pollution controls at the states largest polluters, including Jim Bridger, Naughton, Dave Johnston, and Wyodak coal plants. Each of these facilities could install cost-effective pollution controls, including SCRs, that would result in significant air-quality improvements across the state.
Please finalize the proposed disapprovals of Utah and Wyomings do-nothing plans and require enforceable pollution reductions, including SCR installation, on our states' biggest polluters Hunter, Huntington, Jim Bridger, Naughton, Dave Johnston, and Wyodak.",https://www.regulations.gov/comment/EPA-R08-OAR-2024-0389-0272,,false,source=Regulations.gov v4 comment detail; retrievedAt=2026-09-12T18:11:40+00:00; commentOnDocumentId=EPA-R08-OAR-2024-0389-0001; duplicateComments=1; organizationMissing=true
EPA-R08-OAR-2024-0389,EPA-R08-OAR-2024-0389-0273,Gregory Ellsworth,not provided by public Regulations.gov fields,2024-10-09T04:00:00Z,"Wyoming and Utah have submitted Regional Haze State Implementation Plans with no proposed pollution reductions, allowing some of the nation's biggest polluters to remain uncontrolled for nitrogen oxide, sulfur dioxide, and other pollutants when common-sense controls exist that could significantly cut those emissions.
EPAs proposed disapprovals of these do-nothing state plans are a critical first step to protect air quality, both in national parks and our communities. I urge EPA to finalize its proposed disapprovals and act quickly to implement plans that will result in real pollution reductions.
In Utah, EPA analysis shows that installing selective catalytic reduction (SCR) on Hunter and Huntington coal plants would be cost-effective and provide massive visibility benefits for Utahs national parks. These plants have avoided pollution reductions for decades. Now is the time for EPA to act.
Similarly, in Wyoming, the state failed to even consider pollution controls at the states largest polluters, including Jim Bridger, Naughton, Dave Johnston, and Wyodak coal plants. Each of these facilities could install cost-effective pollution controls, including SCRs, that would result in significant air-quality improvements across the state.
Please finalize the proposed disapprovals of Utah and Wyomings do-nothing plans and require enforceable pollution reductions, including SCR installation, on our states' biggest polluters Hunter, Huntington, Jim Bridger, Naughton, Dave Johnston, and Wyodak.",https://www.regulations.gov/comment/EPA-R08-OAR-2024-0389-0273,,false,source=Regulations.gov v4 comment detail; retrievedAt=2026-09-12T18:11:40+00:00; commentOnDocumentId=EPA-R08-OAR-2024-0389-0001; duplicateComments=1; organizationMissing=true
EPA-R08-OAR-2024-0389,EPA-R08-OAR-2024-0389-0274,Max Pricco,not provided by public Regulations.gov fields,2024-10-09T04:00:00Z,"Wyoming and Utah have submitted Regional Haze State Implementation Plans with no proposed pollution reductions, allowing some of the nation's biggest polluters to remain uncontrolled for nitrogen oxide, sulfur dioxide, and other pollutants when common-sense controls exist that could significantly cut those emissions.
EPAs proposed disapprovals of these do-nothing state plans are a critical first step to protect air quality, both in national parks and our communities. I urge EPA to finalize its proposed disapprovals and act quickly to implement plans that will result in real pollution reductions.
In Utah, EPA analysis shows that installing selective catalytic reduction (SCR) on Hunter and Huntington coal plants would be cost-effective and provide massive visibility benefits for Utahs national parks. These plants have avoided pollution reductions for decades. Now is the time for EPA to act.
Similarly, in Wyoming, the state failed to even consider pollution controls at the states largest polluters, including Jim Bridger, Naughton, Dave Johnston, and Wyodak coal plants. Each of these facilities could install cost-effective pollution controls, including SCRs, that would result in significant air-quality improvements across the state.
Please finalize the proposed disapprovals of Utah and Wyomings do-nothing plans and require enforceable pollution reductions, including SCR installation, on our states' biggest polluters Hunter, Huntington, Jim Bridger, Naughton, Dave Johnston, and Wyodak.",https://www.regulations.gov/comment/EPA-R08-OAR-2024-0389-0274,,false,source=Regulations.gov v4 comment detail; retrievedAt=2026-09-12T18:11:40+00:00; commentOnDocumentId=EPA-R08-OAR-2024-0389-0001; duplicateComments=1; organizationMissing=true
EPA-R08-OAR-2024-0389,EPA-R08-OAR-2024-0389-0275,ANTHONY A. WILSON,not provided by public Regulations.gov fields,2024-10-09T04:00:00Z,"Wyoming and Utah have submitted Regional Haze State Implementation Plans with no proposed pollution reductions, allowing some of the nation's biggest polluters to remain uncontrolled for nitrogen oxide, sulfur dioxide, and other pollutants when common-sense controls exist that could significantly cut those emissions.
EPAs proposed disapprovals of these do-nothing state plans are a critical first step to protect air quality, both in national parks and our communities. I urge EPA to finalize its proposed disapprovals and act quickly to implement plans that will result in real pollution reductions.
In Utah, EPA analysis shows that installing selective catalytic reduction (SCR) on Hunter and Huntington coal plants would be cost-effective and provide massive visibility benefits for Utahs national parks. These plants have avoided pollution reductions for decades. Now is the time for EPA to act.
Similarly, in Wyoming, the state failed to even consider pollution controls at the states largest polluters, including Jim Bridger, Naughton, Dave Johnston, and Wyodak coal plants. Each of these facilities could install cost-effective pollution controls, including SCRs, that would result in significant air-quality improvements across the state.
Please finalize the proposed disapprovals of Utah and Wyomings do-nothing plans and require enforceable pollution reductions, including SCR installation, on our states' biggest polluters Hunter, Huntington, Jim Bridger, Naughton, Dave Johnston, and Wyodak.",https://www.regulations.gov/comment/EPA-R08-OAR-2024-0389-0275,,false,source=Regulations.gov v4 comment detail; retrievedAt=2026-09-12T18:11:40+00:00; commentOnDocumentId=EPA-R08-OAR-2024-0389-0001; duplicateComments=1; organizationMissing=true
EPA-R08-OAR-2024-0389,EPA-R08-OAR-2024-0389-0276,Melissa Brooks,not provided by public Regulations.gov fields,2024-10-09T04:00:00Z,"Wyoming and Utah have submitted Regional Haze State Implementation Plans with no proposed pollution reductions, allowing some of the nation's biggest polluters to remain uncontrolled for nitrogen oxide, sulfur dioxide, and other pollutants when common-sense controls exist that could significantly cut those emissions.
EPAs proposed disapprovals of these do-nothing state plans are a critical first step to protect air quality, both in national parks and our communities. I urge EPA to finalize its proposed disapprovals and act quickly to implement plans that will result in real pollution reductions.
In Utah, EPA analysis shows that installing selective catalytic reduction (SCR) on Hunter and Huntington coal plants would be cost-effective and provide massive visibility benefits for Utahs national parks. These plants have avoided pollution reductions for decades. Now is the time for EPA to act.
Similarly, in Wyoming, the state failed to even consider pollution controls at the states largest polluters, including Jim Bridger, Naughton, Dave Johnston, and Wyodak coal plants. Each of these facilities could install cost-effective pollution controls, including SCRs, that would result in significant air-quality improvements across the state.
Please finalize the proposed disapprovals of Utah and Wyomings do-nothing plans and require enforceable pollution reductions, including SCR installation, on our states' biggest polluters Hunter, Huntington, Jim Bridger, Naughton, Dave Johnston, and Wyodak.",https://www.regulations.gov/comment/EPA-R08-OAR-2024-0389-0276,,false,source=Regulations.gov v4 comment detail; retrievedAt=2026-09-12T18:11:40+00:00; commentOnDocumentId=EPA-R08-OAR-2024-0389-0001; duplicateComments=1; organizationMissing=true
EPA-R08-OAR-2024-0389,EPA-R08-OAR-2024-0389-0277,Joanna Redman-Smith,not provided by public Regulations.gov fields,2024-10-09T04:00:00Z,"Wyoming and Utah have submitted Regional Haze State Implementation Plans with no proposed pollution reductions, allowing some of the nation's biggest polluters to remain uncontrolled for nitrogen oxide, sulfur dioxide, and other pollutants when common-sense controls exist that could significantly cut those emissions.
EPAs proposed disapprovals of these do-nothing state plans are a critical first step to protect air quality, both in national parks and our communities. I urge EPA to finalize its proposed disapprovals and act quickly to implement plans that will result in real pollution reductions.
In Utah, EPA analysis shows that installing selective catalytic reduction (SCR) on Hunter and Huntington coal plants would be cost-effective and provide massive visibility benefits for Utahs national parks. These plants have avoided pollution reductions for decades. Now is the time for EPA to act.
Similarly, in Wyoming, the state failed to even consider pollution controls at the states largest polluters, including Jim Bridger, Naughton, Dave Johnston, and Wyodak coal plants. Each of these facilities could install cost-effective pollution controls, including SCRs, that would result in significant air-quality improvements across the state.
Please finalize the proposed disapprovals of Utah and Wyomings do-nothing plans and require enforceable pollution reductions, including SCR installation, on our states' biggest polluters Hunter, Huntington, Jim Bridger, Naughton, Dave Johnston, and Wyodak.",https://www.regulations.gov/comment/EPA-R08-OAR-2024-0389-0277,,false,source=Regulations.gov v4 comment detail; retrievedAt=2026-09-12T18:11:40+00:00; commentOnDocumentId=EPA-R08-OAR-2024-0389-0001; duplicateComments=1; organizationMissing=true
EPA-R08-OAR-2024-0389,EPA-R08-OAR-2024-0389-0278,Dan Schneider,not provided by public Regulations.gov fields,2024-10-09T04:00:00Z,"Wyoming and Utah have submitted Regional Haze State Implementation Plans with no proposed pollution reductions, allowing some of the nation's biggest polluters to remain uncontrolled for nitrogen oxide, sulfur dioxide, and other pollutants when common-sense controls exist that could significantly cut those emissions.
EPAs proposed disapprovals of these do-nothing state plans are a critical first step to protect air quality, both in national parks and our communities. I urge EPA to finalize its proposed disapprovals and act quickly to implement plans that will result in real pollution reductions.
In Utah, EPA analysis shows that installing selective catalytic reduction (SCR) on Hunter and Huntington coal plants would be cost-effective and provide massive visibility benefits for Utahs national parks. These plants have avoided pollution reductions for decades. Now is the time for EPA to act.
Similarly, in Wyoming, the state failed to even consider pollution controls at the states largest polluters, including Jim Bridger, Naughton, Dave Johnston, and Wyodak coal plants. Each of these facilities could install cost-effective pollution controls, including SCRs, that would result in significant air-quality improvements across the state.
Please finalize the proposed disapprovals of Utah and Wyomings do-nothing plans and require enforceable pollution reductions, including SCR installation, on our states' biggest polluters Hunter, Huntington, Jim Bridger, Naughton, Dave Johnston, and Wyodak.",https://www.regulations.gov/comment/EPA-R08-OAR-2024-0389-0278,,false,source=Regulations.gov v4 comment detail; retrievedAt=2026-09-12T18:11:40+00:00; commentOnDocumentId=EPA-R08-OAR-2024-0389-0001; duplicateComments=1; organizationMissing=true
EPA-R08-OAR-2024-0389,EPA-R08-OAR-2024-0389-0279,Alan Gonzalez,not provided by public Regulations.gov fields,2024-10-09T04:00:00Z,"Wyoming and Utah have submitted Regional Haze State Implementation Plans with no proposed pollution reductions, allowing some of the nation's biggest polluters to remain uncontrolled for nitrogen oxide, sulfur dioxide, and other pollutants when common-sense controls exist that could significantly cut those emissions.
EPAs proposed disapprovals of these do-nothing state plans are a critical first step to protect air quality, both in national parks and our communities. I urge EPA to finalize its proposed disapprovals and act quickly to implement plans that will result in real pollution reductions.
In Utah, EPA analysis shows that installing selective catalytic reduction (SCR) on Hunter and Huntington coal plants would be cost-effective and provide massive visibility benefits for Utahs national parks. These plants have avoided pollution reductions for decades. Now is the time for EPA to act.
Similarly, in Wyoming, the state failed to even consider pollution controls at the states largest polluters, including Jim Bridger, Naughton, Dave Johnston, and Wyodak coal plants. Each of these facilities could install cost-effective pollution controls, including SCRs, that would result in significant air-quality improvements across the state.
Please finalize the proposed disapprovals of Utah and Wyomings do-nothing plans and require enforceable pollution reductions, including SCR installation, on our states' biggest polluters Hunter, Huntington, Jim Bridger, Naughton, Dave Johnston, and Wyodak.",https://www.regulations.gov/comment/EPA-R08-OAR-2024-0389-0279,,false,source=Regulations.gov v4 comment detail; retrievedAt=2026-09-12T18:11:40+00:00; commentOnDocumentId=EPA-R08-OAR-2024-0389-0001; duplicateComments=1; organizationMissing=true
EPA-R08-OAR-2024-0389,EPA-R08-OAR-2024-0389-0280,Mike Sentovich,not provided by public Regulations.gov fields,2024-10-09T04:00:00Z,"The coal plants should be shut down. Short of that requiring controls is a must.
Wyoming and Utah have submitted Regional Haze State Implementation Plans with no proposed pollution reductions, allowing some of the nation's biggest polluters to remain uncontrolled for nitrogen oxide, sulfur dioxide, and other pollutants when common-sense controls exist that could significantly cut those emissions.
EPAs proposed disapprovals of these do-nothing state plans are a critical first step to protect air quality, both in national parks and our communities. I urge EPA to finalize its proposed disapprovals and act quickly to implement plans that will result in real pollution reductions.
In Utah, EPA analysis shows that installing selective catalytic reduction (SCR) on Hunter and Huntington coal plants would be cost-effective and provide massive visibility benefits for Utahs national parks. These plants have avoided pollution reductions for decades. Now is the time for EPA to act.
Similarly, in Wyoming, the state failed to even consider pollution controls at the states largest polluters, including Jim Bridger, Naughton, Dave Johnston, and Wyodak coal plants. Each of these facilities could install cost-effective pollution controls, including SCRs, that would result in significant air-quality improvements across the state.
Please finalize the proposed disapprovals of Utah and Wyomings do-nothing plans and require enforceable pollution reductions, including SCR installation, on our states' biggest polluters Hunter, Huntington, Jim Bridger, Naughton, Dave Johnston, and Wyodak.",https://www.regulations.gov/comment/EPA-R08-OAR-2024-0389-0280,,false,source=Regulations.gov v4 comment detail; retrievedAt=2026-09-12T18:11:40+00:00; commentOnDocumentId=EPA-R08-OAR-2024-0389-0001; duplicateComments=1; organizationMissing=true
EPA-R08-OAR-2024-0389,EPA-R08-OAR-2024-0389-0281,James Kallett,not provided by public Regulations.gov fields,2024-10-09T04:00:00Z,"Wyoming and Utah have submitted Regional Haze State Implementation Plans with no proposed pollution reductions, allowing some of the nation's biggest polluters to remain uncontrolled for nitrogen oxide, sulfur dioxide, and other pollutants when common-sense controls exist that could significantly cut those emissions.
EPAs proposed disapprovals of these do-nothing state plans are a critical first step to protect air quality, both in national parks and our communities. I urge EPA to finalize its proposed disapprovals and act quickly to implement plans that will result in real pollution reductions.
In Utah, EPA analysis shows that installing selective catalytic reduction (SCR) on Hunter and Huntington coal plants would be cost-effective and provide massive visibility benefits for Utahs national parks. These plants have avoided pollution reductions for decades. Now is the time for EPA to act.
Similarly, in Wyoming, the state failed to even consider pollution controls at the states largest polluters, including Jim Bridger, Naughton, Dave Johnston, and Wyodak coal plants. Each of these facilities could install cost-effective pollution controls, including SCRs, that would result in significant air-quality improvements across the state.
Please finalize the proposed disapprovals of Utah and Wyomings do-nothing plans and require enforceable pollution reductions, including SCR installation, on our states' biggest polluters Hunter, Huntington, Jim Bridger, Naughton, Dave Johnston, and Wyodak.",https://www.regulations.gov/comment/EPA-R08-OAR-2024-0389-0281,,false,source=Regulations.gov v4 comment detail; retrievedAt=2026-09-12T18:11:40+00:00; commentOnDocumentId=EPA-R08-OAR-2024-0389-0001; duplicateComments=1; organizationMissing=true
EPA-R08-OAR-2024-0389,EPA-R08-OAR-2024-0389-0282,Robert Markovic,not provided by public Regulations.gov fields,2024-10-09T04:00:00Z,"Wyoming and Utah have submitted Regional Haze State Implementation Plans with no proposed pollution reductions, allowing some of the nation's biggest polluters to remain uncontrolled for nitrogen oxide, sulfur dioxide, and other pollutants when common-sense controls exist that could significantly cut those emissions.
EPAs proposed disapprovals of these do-nothing state plans are a critical first step to protect air quality, both in national parks and our communities. I urge EPA to finalize its proposed disapprovals and act quickly to implement plans that will result in real pollution reductions.
In Utah, EPA analysis shows that installing selective catalytic reduction (SCR) on Hunter and Huntington coal plants would be cost-effective and provide massive visibility benefits for Utahs national parks. These plants have avoided pollution reductions for decades. Now is the time for EPA to act.
Similarly, in Wyoming, the state failed to even consider pollution controls at the states largest polluters, including Jim Bridger, Naughton, Dave Johnston, and Wyodak coal plants. Each of these facilities could install cost-effective pollution controls, including SCRs, that would result in significant air-quality improvements across the state.
Please finalize the proposed disapprovals of Utah and Wyomings do-nothing plans and require enforceable pollution reductions, including SCR installation, on our states' biggest polluters Hunter, Huntington, Jim Bridger, Naughton, Dave Johnston, and Wyodak.",https://www.regulations.gov/comment/EPA-R08-OAR-2024-0389-0282,,false,source=Regulations.gov v4 comment detail; retrievedAt=2026-09-12T18:11:40+00:00; commentOnDocumentId=EPA-R08-OAR-2024-0389-0001; duplicateComments=1; organizationMissing=true
EPA-R08-OAR-2024-0389,EPA-R08-OAR-2024-0389-0283,Cornelius Matteo,not provided by public Regulations.gov fields,2024-10-09T04:00:00Z,"Wyoming and Utah have submitted Regional Haze State Implementation Plans with no proposed pollution reductions, allowing some of the nation's biggest polluters to remain uncontrolled for nitrogen oxide, sulfur dioxide, and other pollutants when common-sense controls exist that could significantly cut those emissions.
EPAs proposed disapprovals of these do-nothing state plans are a critical first step to protect air quality, both in national parks and our communities. I urge EPA to finalize its proposed disapprovals and act quickly to implement plans that will result in real pollution reductions.
In Utah, EPA analysis shows that installing selective catalytic reduction (SCR) on Hunter and Huntington coal plants would be cost-effective and provide massive visibility benefits for Utahs national parks. These plants have avoided pollution reductions for decades. Now is the time for EPA to act.
Similarly, in Wyoming, the state failed to even consider pollution controls at the states largest polluters, including Jim Bridger, Naughton, Dave Johnston, and Wyodak coal plants. Each of these facilities could install cost-effective pollution controls, including SCRs, that would result in significant air-quality improvements across the state.
Please finalize the proposed disapprovals of Utah and Wyomings do-nothing plans and require enforceable pollution reductions, including SCR installation, on our states' biggest polluters Hunter, Huntington, Jim Bridger, Naughton, Dave Johnston, and Wyodak.",https://www.regulations.gov/comment/EPA-R08-OAR-2024-0389-0283,,false,source=Regulations.gov v4 comment detail; retrievedAt=2026-09-12T18:11:40+00:00; commentOnDocumentId=EPA-R08-OAR-2024-0389-0001; duplicateComments=1; organizationMissing=true
EPA-R08-OAR-2024-0389,EPA-R08-OAR-2024-0389-0284,Sandra Christopher,not provided by public Regulations.gov fields,2024-10-09T04:00:00Z,"Wyoming and Utah have submitted Regional Haze State Implementation Plans with no proposed pollution reductions, allowing some of the nation's biggest polluters to remain uncontrolled for nitrogen oxide, sulfur dioxide, and other pollutants when common-sense controls exist that could significantly cut those emissions.
EPAs proposed disapprovals of these do-nothing state plans are a critical first step to protect air quality, both in national parks and our communities. I urge EPA to finalize its proposed disapprovals and act quickly to implement plans that will result in real pollution reductions.
In Utah, EPA analysis shows that installing selective catalytic reduction (SCR) on Hunter and Huntington coal plants would be cost-effective and provide massive visibility benefits for Utahs national parks. These plants have avoided pollution reductions for decades. Now is the time for EPA to act.
Similarly, in Wyoming, the state failed to even consider pollution controls at the states largest polluters, including Jim Bridger, Naughton, Dave Johnston, and Wyodak coal plants. Each of these facilities could install cost-effective pollution controls, including SCRs, that would result in significant air-quality improvements across the state.
Please finalize the proposed disapprovals of Utah and Wyomings do-nothing plans and require enforceable pollution reductions, including SCR installation, on our states' biggest polluters Hunter, Huntington, Jim Bridger, Naughton, Dave Johnston, and Wyodak.",https://www.regulations.gov/comment/EPA-R08-OAR-2024-0389-0284,,false,source=Regulations.gov v4 comment detail; retrievedAt=2026-09-12T18:11:40+00:00; commentOnDocumentId=EPA-R08-OAR-2024-0389-0001; duplicateComments=1; organizationMissing=true
EPA-R08-OAR-2024-0389,EPA-R08-OAR-2024-0389-0285,Rachel Whaley,not provided by public Regulations.gov fields,2024-10-09T04:00:00Z,"Please protect our national wonders and their views. So many people enjoy their solitude and the reset they offer from the daily grind. Do not destroy them.
Wyoming and Utah have submitted Regional Haze State Implementation Plans with no proposed pollution reductions, allowing some of the nation's biggest polluters to remain uncontrolled for nitrogen oxide, sulfur dioxide, and other pollutants when common-sense controls exist that could significantly cut those emissions.
EPAs proposed disapprovals of these do-nothing state plans are a critical first step to protect air quality, both in national parks and our communities. I urge EPA to finalize its proposed disapprovals and act quickly to implement plans that will result in real pollution reductions.
In Utah, EPA analysis shows that installing selective catalytic reduction (SCR) on Hunter and Huntington coal plants would be cost-effective and provide massive visibility benefits for Utahs national parks. These plants have avoided pollution reductions for decades. Now is the time for EPA to act.
Similarly, in Wyoming, the state failed to even consider pollution controls at the states largest polluters, including Jim Bridger, Naughton, Dave Johnston, and Wyodak coal plants. Each of these facilities could install cost-effective pollution controls, including SCRs, that would result in significant air-quality improvements across the state.
Please finalize the proposed disapprovals of Utah and Wyomings do-nothing plans and require enforceable pollution reductions, including SCR installation, on our states' biggest polluters Hunter, Huntington, Jim Bridger, Naughton, Dave Johnston, and Wyodak.",https://www.regulations.gov/comment/EPA-R08-OAR-2024-0389-0285,,false,source=Regulations.gov v4 comment detail; retrievedAt=2026-09-12T18:11:40+00:00; commentOnDocumentId=EPA-R08-OAR-2024-0389-0001; duplicateComments=1; organizationMissing=true
EPA-R08-OAR-2024-0389,EPA-R08-OAR-2024-0389-0286,Jean and Kyle Pauley,not provided by public Regulations.gov fields,2024-10-09T04:00:00Z,"Wyoming and Utah have submitted Regional Haze State Implementation Plans with no proposed pollution reductions, allowing some of the nation's biggest polluters to remain uncontrolled for nitrogen oxide, sulfur dioxide, and other pollutants when common-sense controls exist that could significantly cut those emissions.
EPAs proposed disapprovals of these do-nothing state plans are a critical first step to protect air quality, both in national parks and our communities. I urge EPA to finalize its proposed disapprovals and act quickly to implement plans that will result in real pollution reductions.
In Utah, EPA analysis shows that installing selective catalytic reduction (SCR) on Hunter and Huntington coal plants would be cost-effective and provide massive visibility benefits for Utahs national parks. These plants have avoided pollution reductions for decades. Now is the time for EPA to act.
Similarly, in Wyoming, the state failed to even consider pollution controls at the states largest polluters, including Jim Bridger, Naughton, Dave Johnston, and Wyodak coal plants. Each of these facilities could install cost-effective pollution controls, including SCRs, that would result in significant air-quality improvements across the state.
Please finalize the proposed disapprovals of Utah and Wyomings do-nothing plans and require enforceable pollution reductions, including SCR installation, on our states' biggest polluters Hunter, Huntington, Jim Bridger, Naughton, Dave Johnston, and Wyodak.",https://www.regulations.gov/comment/EPA-R08-OAR-2024-0389-0286,,false,source=Regulations.gov v4 comment detail; retrievedAt=2026-09-12T18:11:40+00:00; commentOnDocumentId=EPA-R08-OAR-2024-0389-0001; duplicateComments=1; organizationMissing=true
EPA-R08-OAR-2024-0389,EPA-R08-OAR-2024-0389-0287,Tina Smith,not provided by public Regulations.gov fields,2024-10-09T04:00:00Z,"This is critical that we do our best to work toward cleaner air in our parks. I know this from living in the mountains near Yosemite. We have these awful air days here too. Please do your part in passing this legislation to help.
Wyoming and Utah have submitted Regional Haze State Implementation Plans with no proposed pollution reductions, allowing some of the nation's biggest polluters to remain uncontrolled for nitrogen oxide, sulfur dioxide, and other pollutants when common-sense controls exist that could significantly cut those emissions.
EPAs proposed disapprovals of these do-nothing state plans are a critical first step to protect air quality, both in national parks and our communities. I urge EPA to finalize its proposed disapprovals and act quickly to implement plans that will result in real pollution reductions.
In Utah, EPA analysis shows that installing selective catalytic reduction (SCR) on Hunter and Huntington coal plants would be cost-effective and provide massive visibility benefits for Utahs national parks. These plants have avoided pollution reductions for decades. Now is the time for EPA to act.
Similarly, in Wyoming, the state failed to even consider pollution controls at the states largest polluters, including Jim Bridger, Naughton, Dave Johnston, and Wyodak coal plants. Each of these facilities could install cost-effective pollution controls, including SCRs, that would result in significant air-quality improvements across the state.
Please finalize the proposed disapprovals of Utah and Wyomings do-nothing plans and require enforceable pollution reductions, including SCR installation, on our states' biggest polluters Hunter, Huntington, Jim Bridger, Naughton, Dave Johnston, and Wyodak.",https://www.regulations.gov/comment/EPA-R08-OAR-2024-0389-0287,,false,source=Regulations.gov v4 comment detail; retrievedAt=2026-09-12T18:11:40+00:00; commentOnDocumentId=EPA-R08-OAR-2024-0389-0001; duplicateComments=1; organizationMissing=true
EPA-R08-OAR-2024-0389,EPA-R08-OAR-2024-0389-0288,Tim Viselli,not provided by public Regulations.gov fields,2024-10-09T04:00:00Z,"Wyoming and Utah have submitted Regional Haze State Implementation Plans with no proposed pollution reductions, allowing some of the nation's biggest polluters to remain uncontrolled for nitrogen oxide, sulfur dioxide, and other pollutants when common-sense controls exist that could significantly cut those emissions.
EPAs proposed disapprovals of these do-nothing state plans are a critical first step to protect air quality, both in national parks and our communities. I urge EPA to finalize its proposed disapprovals and act quickly to implement plans that will result in real pollution reductions.
In Utah, EPA analysis shows that installing selective catalytic reduction (SCR) on Hunter and Huntington coal plants would be cost-effective and provide massive visibility benefits for Utahs national parks. These plants have avoided pollution reductions for decades. Now is the time for EPA to act.
Similarly, in Wyoming, the state failed to even consider pollution controls at the states largest polluters, including Jim Bridger, Naughton, Dave Johnston, and Wyodak coal plants. Each of these facilities could install cost-effective pollution controls, including SCRs, that would result in significant air-quality improvements across the state.
Please finalize the proposed disapprovals of Utah and Wyomings do-nothing plans and require enforceable pollution reductions, including SCR installation, on our states' biggest polluters Hunter, Huntington, Jim Bridger, Naughton, Dave Johnston, and Wyodak.",https://www.regulations.gov/comment/EPA-R08-OAR-2024-0389-0288,,false,source=Regulations.gov v4 comment detail; retrievedAt=2026-09-12T18:11:40+00:00; commentOnDocumentId=EPA-R08-OAR-2024-0389-0001; duplicateComments=1; organizationMissing=true
EPA-R08-OAR-2024-0389,EPA-R08-OAR-2024-0389-0289,Heidi Bean,not provided by public Regulations.gov fields,2024-10-09T04:00:00Z,"Wyoming and Utah have submitted Regional Haze State Implementation Plans with no proposed pollution reductions, allowing some of the nation's biggest polluters to remain uncontrolled for nitrogen oxide, sulfur dioxide, and other pollutants when common-sense controls exist that could significantly cut those emissions.
EPAs proposed disapprovals of these do-nothing state plans are a critical first step to protect air quality, both in national parks and our communities. I urge EPA to finalize its proposed disapprovals and act quickly to implement plans that will result in real pollution reductions.
In Utah, EPA analysis shows that installing selective catalytic reduction (SCR) on Hunter and Huntington coal plants would be cost-effective and provide massive visibility benefits for Utahs national parks. These plants have avoided pollution reductions for decades. Now is the time for EPA to act.
Similarly, in Wyoming, the state failed to even consider pollution controls at the states largest polluters, including Jim Bridger, Naughton, Dave Johnston, and Wyodak coal plants. Each of these facilities could install cost-effective pollution controls, including SCRs, that would result in significant air-quality improvements across the state.
Please finalize the proposed disapprovals of Utah and Wyomings do-nothing plans and require enforceable pollution reductions, including SCR installation, on our states' biggest polluters Hunter, Huntington, Jim Bridger, Naughton, Dave Johnston, and Wyodak.",https://www.regulations.gov/comment/EPA-R08-OAR-2024-0389-0289,,false,source=Regulations.gov v4 comment detail; retrievedAt=2026-09-12T18:11:40+00:00; commentOnDocumentId=EPA-R08-OAR-2024-0389-0001; duplicateComments=1; organizationMissing=true
EPA-R08-OAR-2024-0389,EPA-R08-OAR-2024-0389-0290,John Bree,not provided by public Regulations.gov fields,2024-10-09T04:00:00Z,"Wyoming and Utah have submitted Regional Haze State Implementation Plans with no proposed pollution reductions, allowing some of the nation's biggest polluters to remain uncontrolled for nitrogen oxide, sulfur dioxide, and other pollutants when common-sense controls exist that could significantly cut those emissions.
EPAs proposed disapprovals of these do-nothing state plans are a critical first step to protect air quality, both in national parks and our communities. I urge EPA to finalize its proposed disapprovals and act quickly to implement plans that will result in real pollution reductions.
In Utah, EPA analysis shows that installing selective catalytic reduction (SCR) on Hunter and Huntington coal plants would be cost-effective and provide massive visibility benefits for Utahs national parks. These plants have avoided pollution reductions for decades. Now is the time for EPA to act.
Similarly, in Wyoming, the state failed to even consider pollution controls at the states largest polluters, including Jim Bridger, Naughton, Dave Johnston, and Wyodak coal plants. Each of these facilities could install cost-effective pollution controls, including SCRs, that would result in significant air-quality improvements across the state.
Please finalize the proposed disapprovals of Utah and Wyomings do-nothing plans and require enforceable pollution reductions, including SCR installation, on our states' biggest polluters Hunter, Huntington, Jim Bridger, Naughton, Dave Johnston, and Wyodak.",https://www.regulations.gov/comment/EPA-R08-OAR-2024-0389-0290,,false,source=Regulations.gov v4 comment detail; retrievedAt=2026-09-12T18:11:40+00:00; commentOnDocumentId=EPA-R08-OAR-2024-0389-0001; duplicateComments=1; organizationMissing=true
EPA-R08-OAR-2024-0389,EPA-R08-OAR-2024-0389-0291,lee jordan,not provided by public Regulations.gov fields,2024-10-09T04:00:00Z,"Wyoming and Utah have submitted Regional Haze State Implementation Plans with no proposed pollution reductions, allowing some of the nation's biggest polluters to remain uncontrolled for nitrogen oxide, sulfur dioxide, and other pollutants when common-sense controls exist that could significantly cut those emissions.
EPAs proposed disapprovals of these do-nothing state plans are a critical first step to protect air quality, both in national parks and our communities. I urge EPA to finalize its proposed disapprovals and act quickly to implement plans that will result in real pollution reductions.
In Utah, EPA analysis shows that installing selective catalytic reduction (SCR) on Hunter and Huntington coal plants would be cost-effective and provide massive visibility benefits for Utahs national parks. These plants have avoided pollution reductions for decades. Now is the time for EPA to act.
Similarly, in Wyoming, the state failed to even consider pollution controls at the states largest polluters, including Jim Bridger, Naughton, Dave Johnston, and Wyodak coal plants. Each of these facilities could install cost-effective pollution controls, including SCRs, that would result in significant air-quality improvements across the state.
Please finalize the proposed disapprovals of Utah and Wyomings do-nothing plans and require enforceable pollution reductions, including SCR installation, on our states' biggest polluters Hunter, Huntington, Jim Bridger, Naughton, Dave Johnston, and Wyodak.",https://www.regulations.gov/comment/EPA-R08-OAR-2024-0389-0291,,false,source=Regulations.gov v4 comment detail; retrievedAt=2026-09-12T18:11:40+00:00; commentOnDocumentId=EPA-R08-OAR-2024-0389-0001; duplicateComments=1; organizationMissing=true
EPA-R08-OAR-2024-0389,EPA-R08-OAR-2024-0389-0292,Garry R,not provided by public Regulations.gov fields,2024-10-09T04:00:00Z,"Wyoming and Utah have submitted Regional Haze State Implementation Plans with no proposed pollution reductions, allowing some of the nation's biggest polluters to remain uncontrolled for nitrogen oxide, sulfur dioxide, and other pollutants when common-sense controls exist that could significantly cut those emissions.
EPAs proposed disapprovals of these do-nothing state plans are a critical first step to protect air quality, both in national parks and our communities. I urge EPA to finalize its proposed disapprovals and act quickly to implement plans that will result in real pollution reductions.
In Utah, EPA analysis shows that installing selective catalytic reduction (SCR) on Hunter and Huntington coal plants would be cost-effective and provide massive visibility benefits for Utahs national parks. These plants have avoided pollution reductions for decades. Now is the time for EPA to act.
Similarly, in Wyoming, the state failed to even consider pollution controls at the states largest polluters, including Jim Bridger, Naughton, Dave Johnston, and Wyodak coal plants. Each of these facilities could install cost-effective pollution controls, including SCRs, that would result in significant air-quality improvements across the state.
Please finalize the proposed disapprovals of Utah and Wyomings do-nothing plans and require enforceable pollution reductions, including SCR installation, on our states' biggest polluters Hunter, Huntington, Jim Bridger, Naughton, Dave Johnston, and Wyodak.",https://www.regulations.gov/comment/EPA-R08-OAR-2024-0389-0292,,false,source=Regulations.gov v4 comment detail; retrievedAt=2026-09-12T18:11:40+00:00; commentOnDocumentId=EPA-R08-OAR-2024-0389-0001; duplicateComments=1; organizationMissing=true
EPA-R08-OAR-2024-0389,EPA-R08-OAR-2024-0389-0293,Barbara Gross,not provided by public Regulations.gov fields,2024-10-09T04:00:00Z,"Wyoming and Utah have submitted Regional Haze State Implementation Plans with no proposed pollution reductions, allowing some of the nation's biggest polluters to remain uncontrolled for nitrogen oxide, sulfur dioxide, and other pollutants when common-sense controls exist that could significantly cut those emissions.
EPAs proposed disapprovals of these do-nothing state plans are a critical first step to protect air quality, both in national parks and our communities. I urge EPA to finalize its proposed disapprovals and act quickly to implement plans that will result in real pollution reductions.
In Utah, EPA analysis shows that installing selective catalytic reduction (SCR) on Hunter and Huntington coal plants would be cost-effective and provide massive visibility benefits for Utahs national parks. These plants have avoided pollution reductions for decades. Now is the time for EPA to act.
Similarly, in Wyoming, the state failed to even consider pollution controls at the states largest polluters, including Jim Bridger, Naughton, Dave Johnston, and Wyodak coal plants. Each of these facilities could install cost-effective pollution controls, including SCRs, that would result in significant air-quality improvements across the state.
Please finalize the proposed disapprovals of Utah and Wyomings do-nothing plans and require enforceable pollution reductions, including SCR installation, on our states' biggest polluters Hunter, Huntington, Jim Bridger, Naughton, Dave Johnston, and Wyodak.",https://www.regulations.gov/comment/EPA-R08-OAR-2024-0389-0293,,false,source=Regulations.gov v4 comment detail; retrievedAt=2026-09-12T18:11:40+00:00; commentOnDocumentId=EPA-R08-OAR-2024-0389-0001; duplicateComments=1; organizationMissing=true
EPA-R08-OAR-2024-0389,EPA-R08-OAR-2024-0389-0294,A Eittinger,not provided by public Regulations.gov fields,2024-10-09T04:00:00Z,"Your job is to PROTECT us and our environment from destruction by Fossil Fuel!
Wyoming and Utah have submitted Regional Haze State Implementation Plans with no proposed pollution reductions, allowing some of the nation's biggest polluters to remain uncontrolled for nitrogen oxide, sulfur dioxide, and other pollutants when common-sense controls exist that could significantly cut those emissions.
EPAs proposed disapprovals of these do-nothing state plans are a critical first step to protect air quality, both in national parks and our communities. I urge EPA to finalize its proposed disapprovals and act quickly to implement plans that will result in real pollution reductions.
In Utah, EPA analysis shows that installing selective catalytic reduction (SCR) on Hunter and Huntington coal plants would be cost-effective and provide massive visibility benefits for Utahs national parks. These plants have avoided pollution reductions for decades. Now is the time for EPA to act.
Similarly, in Wyoming, the state failed to even consider pollution controls at the states largest polluters, including Jim Bridger, Naughton, Dave Johnston, and Wyodak coal plants. Each of these facilities could install cost-effective pollution controls, including SCRs, that would result in significant air-quality improvements across the state.
Please finalize the proposed disapprovals of Utah and Wyomings do-nothing plans and require enforceable pollution reductions, including SCR installation, on our states' biggest polluters Hunter, Huntington, Jim Bridger, Naughton, Dave Johnston, and Wyodak.",https://www.regulations.gov/comment/EPA-R08-OAR-2024-0389-0294,,false,source=Regulations.gov v4 comment detail; retrievedAt=2026-09-12T18:11:40+00:00; commentOnDocumentId=EPA-R08-OAR-2024-0389-0001; duplicateComments=1; organizationMissing=true
EPA-R08-OAR-2024-0389,EPA-R08-OAR-2024-0389-0295,Mark Salamon,not provided by public Regulations.gov fields,2024-10-09T04:00:00Z,"Wyoming and Utah have submitted Regional Haze State Implementation Plans with no proposed pollution reductions, allowing some of the nation's biggest polluters to remain uncontrolled for nitrogen oxide, sulfur dioxide, and other pollutants when common-sense controls exist that could significantly cut those emissions.
EPAs proposed disapprovals of these do-nothing state plans are a critical first step to protect air quality, both in national parks and our communities. I urge EPA to finalize its proposed disapprovals and act quickly to implement plans that will result in real pollution reductions.
In Utah, EPA analysis shows that installing selective catalytic reduction (SCR) on Hunter and Huntington coal plants would be cost-effective and provide massive visibility benefits for Utahs national parks. These plants have avoided pollution reductions for decades. Now is the time for EPA to act.
Similarly, in Wyoming, the state failed to even consider pollution controls at the states largest polluters, including Jim Bridger, Naughton, Dave Johnston, and Wyodak coal plants. Each of these facilities could install cost-effective pollution controls, including SCRs, that would result in significant air-quality improvements across the state.
Please finalize the proposed disapprovals of Utah and Wyomings do-nothing plans and require enforceable pollution reductions, including SCR installation, on our states' biggest polluters Hunter, Huntington, Jim Bridger, Naughton, Dave Johnston, and Wyodak.",https://www.regulations.gov/comment/EPA-R08-OAR-2024-0389-0295,,false,source=Regulations.gov v4 comment detail; retrievedAt=2026-09-12T18:11:40+00:00; commentOnDocumentId=EPA-R08-OAR-2024-0389-0001; duplicateComments=1; organizationMissing=true
EPA-R08-OAR-2024-0389,EPA-R08-OAR-2024-0389-0296,Grace Gutierrez,not provided by public Regulations.gov fields,2024-10-09T04:00:00Z,"Wyoming and Utah have submitted Regional Haze State Implementation Plans with no proposed pollution reductions, allowing some of the nation's biggest polluters to remain uncontrolled for nitrogen oxide, sulfur dioxide, and other pollutants when common-sense controls exist that could significantly cut those emissions.
EPAs proposed disapprovals of these do-nothing state plans are a critical first step to protect air quality, both in national parks and our communities. I urge EPA to finalize its proposed disapprovals and act quickly to implement plans that will result in real pollution reductions.
In Utah, EPA analysis shows that installing selective catalytic reduction (SCR) on Hunter and Huntington coal plants would be cost-effective and provide massive visibility benefits for Utahs national parks. These plants have avoided pollution reductions for decades. Now is the time for EPA to act.
Similarly, in Wyoming, the state failed to even consider pollution controls at the states largest polluters, including Jim Bridger, Naughton, Dave Johnston, and Wyodak coal plants. Each of these facilities could install cost-effective pollution controls, including SCRs, that would result in significant air-quality improvements across the state.
Please finalize the proposed disapprovals of Utah and Wyomings do-nothing plans and require enforceable pollution reductions, including SCR installation, on our states' biggest polluters Hunter, Huntington, Jim Bridger, Naughton, Dave Johnston, and Wyodak.",https://www.regulations.gov/comment/EPA-R08-OAR-2024-0389-0296,,false,source=Regulations.gov v4 comment detail; retrievedAt=2026-09-12T18:11:40+00:00; commentOnDocumentId=EPA-R08-OAR-2024-0389-0001; duplicateComments=1; organizationMissing=true
EPA-R08-OAR-2024-0389,EPA-R08-OAR-2024-0389-0297,Jennifer Lomakin,not provided by public Regulations.gov fields,2024-10-09T04:00:00Z,"Wyoming and Utah have submitted Regional Haze State Implementation Plans with no proposed pollution reductions, allowing some of the nation's biggest polluters to remain uncontrolled for nitrogen oxide, sulfur dioxide, and other pollutants when common-sense controls exist that could significantly cut those emissions.
EPAs proposed disapprovals of these do-nothing state plans are a critical first step to protect air quality, both in national parks and our communities. I urge EPA to finalize its proposed disapprovals and act quickly to implement plans that will result in real pollution reductions.
In Utah, EPA analysis shows that installing selective catalytic reduction (SCR) on Hunter and Huntington coal plants would be cost-effective and provide massive visibility benefits for Utahs national parks. These plants have avoided pollution reductions for decades. Now is the time for EPA to act.
Similarly, in Wyoming, the state failed to even consider pollution controls at the states largest polluters, including Jim Bridger, Naughton, Dave Johnston, and Wyodak coal plants. Each of these facilities could install cost-effective pollution controls, including SCRs, that would result in significant air-quality improvements across the state.
Please finalize the proposed disapprovals of Utah and Wyomings do-nothing plans and require enforceable pollution reductions, including SCR installation, on our states' biggest polluters Hunter, Huntington, Jim Bridger, Naughton, Dave Johnston, and Wyodak.",https://www.regulations.gov/comment/EPA-R08-OAR-2024-0389-0297,,false,source=Regulations.gov v4 comment detail; retrievedAt=2026-09-12T18:11:40+00:00; commentOnDocumentId=EPA-R08-OAR-2024-0389-0001; duplicateComments=1; organizationMissing=true
EPA-R08-OAR-2024-0389,EPA-R08-OAR-2024-0389-0298,Jerome Hollander,not provided by public Regulations.gov fields,2024-10-09T04:00:00Z,"Wyoming and Utah have submitted Regional Haze State Implementation Plans with no proposed pollution reductions, allowing some of the nation's biggest polluters to remain uncontrolled for nitrogen oxide, sulfur dioxide, and other pollutants when common-sense controls exist that could significantly cut those emissions.
EPAs proposed disapprovals of these do-nothing state plans are a critical first step to protect air quality, both in national parks and our communities. I urge EPA to finalize its proposed disapprovals and act quickly to implement plans that will result in real pollution reductions.
In Utah, EPA analysis shows that installing selective catalytic reduction (SCR) on Hunter and Huntington coal plants would be cost-effective and provide massive visibility benefits for Utahs national parks. These plants have avoided pollution reductions for decades. Now is the time for EPA to act.
Similarly, in Wyoming, the state failed to even consider pollution controls at the states largest polluters, including Jim Bridger, Naughton, Dave Johnston, and Wyodak coal plants. Each of these facilities could install cost-effective pollution controls, including SCRs, that would result in significant air-quality improvements across the state.
Please finalize the proposed disapprovals of Utah and Wyomings do-nothing plans and require enforceable pollution reductions, including SCR installation, on our states' biggest polluters Hunter, Huntington, Jim Bridger, Naughton, Dave Johnston, and Wyodak.",https://www.regulations.gov/comment/EPA-R08-OAR-2024-0389-0298,,false,source=Regulations.gov v4 comment detail; retrievedAt=2026-09-12T18:11:40+00:00; commentOnDocumentId=EPA-R08-OAR-2024-0389-0001; duplicateComments=1; organizationMissing=true
EPA-R08-OAR-2024-0389,EPA-R08-OAR-2024-0389-0299,Arlynn Bottomley,not provided by public Regulations.gov fields,2024-10-09T04:00:00Z,"Wyoming and Utah have submitted Regional Haze State Implementation Plans with no proposed pollution reductions, allowing some of the nation's biggest polluters to remain uncontrolled for nitrogen oxide, sulfur dioxide, and other pollutants when common-sense controls exist that could significantly cut those emissions.
EPAs proposed disapprovals of these do-nothing state plans are a critical first step to protect air quality, both in national parks and our communities. I urge EPA to finalize its proposed disapprovals and act quickly to implement plans that will result in real pollution reductions.
In Utah, EPA analysis shows that installing selective catalytic reduction (SCR) on Hunter and Huntington coal plants would be cost-effective and provide massive visibility benefits for Utahs national parks. These plants have avoided pollution reductions for decades. Now is the time for EPA to act.
Similarly, in Wyoming, the state failed to even consider pollution controls at the states largest polluters, including Jim Bridger, Naughton, Dave Johnston, and Wyodak coal plants. Each of these facilities could install cost-effective pollution controls, including SCRs, that would result in significant air-quality improvements across the state.
Please finalize the proposed disapprovals of Utah and Wyomings do-nothing plans and require enforceable pollution reductions, including SCR installation, on our states' biggest polluters Hunter, Huntington, Jim Bridger, Naughton, Dave Johnston, and Wyodak.",https://www.regulations.gov/comment/EPA-R08-OAR-2024-0389-0299,,false,source=Regulations.gov v4 comment detail; retrievedAt=2026-09-12T18:11:40+00:00; commentOnDocumentId=EPA-R08-OAR-2024-0389-0001; duplicateComments=1; organizationMissing=true
EPA-R08-OAR-2024-0389,EPA-R08-OAR-2024-0389-0300,Linda Sartor,not provided by public Regulations.gov fields,2024-10-09T04:00:00Z,"Wyoming and Utah have submitted Regional Haze State Implementation Plans with no proposed pollution reductions, allowing some of the nation's biggest polluters to remain uncontrolled for nitrogen oxide, sulfur dioxide, and other pollutants when common-sense controls exist that could significantly cut those emissions.
EPAs proposed disapprovals of these do-nothing state plans are a critical first step to protect air quality, both in national parks and our communities. I urge EPA to finalize its proposed disapprovals and act quickly to implement plans that will result in real pollution reductions.
In Utah, EPA analysis shows that installing selective catalytic reduction (SCR) on Hunter and Huntington coal plants would be cost-effective and provide massive visibility benefits for Utahs national parks. These plants have avoided pollution reductions for decades. Now is the time for EPA to act.
Similarly, in Wyoming, the state failed to even consider pollution controls at the states largest polluters, including Jim Bridger, Naughton, Dave Johnston, and Wyodak coal plants. Each of these facilities could install cost-effective pollution controls, including SCRs, that would result in significant air-quality improvements across the state.
Please finalize the proposed disapprovals of Utah and Wyomings do-nothing plans and require enforceable pollution reductions, including SCR installation, on our states' biggest polluters Hunter, Huntington, Jim Bridger, Naughton, Dave Johnston, and Wyodak.",https://www.regulations.gov/comment/EPA-R08-OAR-2024-0389-0300,,false,source=Regulations.gov v4 comment detail; retrievedAt=2026-09-12T18:11:40+00:00; commentOnDocumentId=EPA-R08-OAR-2024-0389-0001; duplicateComments=1; organizationMissing=true
EPA-R08-OAR-2024-0389,EPA-R08-OAR-2024-0389-0301,Patrick Carolan,not provided by public Regulations.gov fields,2024-10-09T04:00:00Z,"Wyoming and Utah have submitted Regional Haze State Implementation Plans with no proposed pollution reductions, allowing some of the nation's biggest polluters to remain uncontrolled for nitrogen oxide, sulfur dioxide, and other pollutants when common-sense controls exist that could significantly cut those emissions.
EPAs proposed disapprovals of these do-nothing state plans are a critical first step to protect air quality, both in national parks and our communities. I urge EPA to finalize its proposed disapprovals and act quickly to implement plans that will result in real pollution reductions.
In Utah, EPA analysis shows that installing selective catalytic reduction (SCR) on Hunter and Huntington coal plants would be cost-effective and provide massive visibility benefits for Utahs national parks. These plants have avoided pollution reductions for decades. Now is the time for EPA to act.
Similarly, in Wyoming, the state failed to even consider pollution controls at the states largest polluters, including Jim Bridger, Naughton, Dave Johnston, and Wyodak coal plants. Each of these facilities could install cost-effective pollution controls, including SCRs, that would result in significant air-quality improvements across the state.
Please finalize the proposed disapprovals of Utah and Wyomings do-nothing plans and require enforceable pollution reductions, including SCR installation, on our states' biggest polluters Hunter, Huntington, Jim Bridger, Naughton, Dave Johnston, and Wyodak.",https://www.regulations.gov/comment/EPA-R08-OAR-2024-0389-0301,,false,source=Regulations.gov v4 comment detail; retrievedAt=2026-09-12T18:11:40+00:00; commentOnDocumentId=EPA-R08-OAR-2024-0389-0001; duplicateComments=1; organizationMissing=true
EPA-R08-OAR-2024-0389,EPA-R08-OAR-2024-0389-0302,Shandra Officer,not provided by public Regulations.gov fields,2024-10-09T04:00:00Z,"Wyoming and Utah have submitted Regional Haze State Implementation Plans with no proposed pollution reductions, allowing some of the nation's biggest polluters to remain uncontrolled for nitrogen oxide, sulfur dioxide, and other pollutants when common-sense controls exist that could significantly cut those emissions.
EPAs proposed disapprovals of these do-nothing state plans are a critical first step to protect air quality, both in national parks and our communities. I urge EPA to finalize its proposed disapprovals and act quickly to implement plans that will result in real pollution reductions.
In Utah, EPA analysis shows that installing selective catalytic reduction (SCR) on Hunter and Huntington coal plants would be cost-effective and provide massive visibility benefits for Utahs national parks. These plants have avoided pollution reductions for decades. Now is the time for EPA to act.
Similarly, in Wyoming, the state failed to even consider pollution controls at the states largest polluters, including Jim Bridger, Naughton, Dave Johnston, and Wyodak coal plants. Each of these facilities could install cost-effective pollution controls, including SCRs, that would result in significant air-quality improvements across the state.
Please finalize the proposed disapprovals of Utah and Wyomings do-nothing plans and require enforceable pollution reductions, including SCR installation, on our states' biggest polluters Hunter, Huntington, Jim Bridger, Naughton, Dave Johnston, and Wyodak.",https://www.regulations.gov/comment/EPA-R08-OAR-2024-0389-0302,,false,source=Regulations.gov v4 comment detail; retrievedAt=2026-09-12T18:11:40+00:00; commentOnDocumentId=EPA-R08-OAR-2024-0389-0001; duplicateComments=1; organizationMissing=true
EPA-R08-OAR-2024-0389,EPA-R08-OAR-2024-0389-0303,Bruce England,not provided by public Regulations.gov fields,2024-10-09T04:00:00Z,"Wyoming and Utah have submitted Regional Haze State Implementation Plans with no proposed pollution reductions, allowing some of the nation's biggest polluters to remain uncontrolled for nitrogen oxide, sulfur dioxide, and other pollutants when common-sense controls exist that could significantly cut those emissions.
EPAs proposed disapprovals of these do-nothing state plans are a critical first step to protect air quality, both in national parks and our communities. I urge EPA to finalize its proposed disapprovals and act quickly to implement plans that will result in real pollution reductions.
In Utah, EPA analysis shows that installing selective catalytic reduction (SCR) on Hunter and Huntington coal plants would be cost-effective and provide massive visibility benefits for Utahs national parks. These plants have avoided pollution reductions for decades. Now is the time for EPA to act.
Similarly, in Wyoming, the state failed to even consider pollution controls at the states largest polluters, including Jim Bridger, Naughton, Dave Johnston, and Wyodak coal plants. Each of these facilities could install cost-effective pollution controls, including SCRs, that would result in significant air-quality improvements across the state.
Please finalize the proposed disapprovals of Utah and Wyomings do-nothing plans and require enforceable pollution reductions, including SCR installation, on our states' biggest polluters Hunter, Huntington, Jim Bridger, Naughton, Dave Johnston, and Wyodak.",https://www.regulations.gov/comment/EPA-R08-OAR-2024-0389-0303,,false,source=Regulations.gov v4 comment detail; retrievedAt=2026-09-12T18:11:40+00:00; commentOnDocumentId=EPA-R08-OAR-2024-0389-0001; duplicateComments=1; organizationMissing=true
EPA-R08-OAR-2024-0389,EPA-R08-OAR-2024-0389-0304,Shelly Peterson,not provided by public Regulations.gov fields,2024-10-09T04:00:00Z,"Wyoming and Utah have submitted Regional Haze State Implementation Plans with no proposed pollution reductions, allowing some of the nation's biggest polluters to remain uncontrolled for nitrogen oxide, sulfur dioxide, and other pollutants when common-sense controls exist that could significantly cut those emissions.
EPAs proposed disapprovals of these do-nothing state plans are a critical first step to protect air quality, both in national parks and our communities. I urge EPA to finalize its proposed disapprovals and act quickly to implement plans that will result in real pollution reductions.
In Utah, EPA analysis shows that installing selective catalytic reduction (SCR) on Hunter and Huntington coal plants would be cost-effective and provide massive visibility benefits for Utahs national parks. These plants have avoided pollution reductions for decades. Now is the time for EPA to act.
Similarly, in Wyoming, the state failed to even consider pollution controls at the states largest polluters, including Jim Bridger, Naughton, Dave Johnston, and Wyodak coal plants. Each of these facilities could install cost-effective pollution controls, including SCRs, that would result in significant air-quality improvements across the state.
Please finalize the proposed disapprovals of Utah and Wyomings do-nothing plans and require enforceable pollution reductions, including SCR installation, on our states' biggest polluters Hunter, Huntington, Jim Bridger, Naughton, Dave Johnston, and Wyodak.",https://www.regulations.gov/comment/EPA-R08-OAR-2024-0389-0304,,false,source=Regulations.gov v4 comment detail; retrievedAt=2026-09-12T18:11:40+00:00; commentOnDocumentId=EPA-R08-OAR-2024-0389-0001; duplicateComments=1; organizationMissing=true
EPA-R08-OAR-2024-0389,EPA-R08-OAR-2024-0389-0305,Lynette Boone,not provided by public Regulations.gov fields,2024-10-09T04:00:00Z,"Wyoming and Utah have submitted Regional Haze State Implementation Plans with no proposed pollution reductions, allowing some of the nation's biggest polluters to remain uncontrolled for nitrogen oxide, sulfur dioxide, and other pollutants when common-sense controls exist that could significantly cut those emissions.
EPAs proposed disapprovals of these do-nothing state plans are a critical first step to protect air quality, both in national parks and our communities. I urge EPA to finalize its proposed disapprovals and act quickly to implement plans that will result in real pollution reductions.
In Utah, EPA analysis shows that installing selective catalytic reduction (SCR) on Hunter and Huntington coal plants would be cost-effective and provide massive visibility benefits for Utahs national parks. These plants have avoided pollution reductions for decades. Now is the time for EPA to act.
Similarly, in Wyoming, the state failed to even consider pollution controls at the states largest polluters, including Jim Bridger, Naughton, Dave Johnston, and Wyodak coal plants. Each of these facilities could install cost-effective pollution controls, including SCRs, that would result in significant air-quality improvements across the state.
Please finalize the proposed disapprovals of Utah and Wyomings do-nothing plans and require enforceable pollution reductions, including SCR installation, on our states' biggest polluters Hunter, Huntington, Jim Bridger, Naughton, Dave Johnston, and Wyodak.",https://www.regulations.gov/comment/EPA-R08-OAR-2024-0389-0305,,false,source=Regulations.gov v4 comment detail; retrievedAt=2026-09-12T18:11:40+00:00; commentOnDocumentId=EPA-R08-OAR-2024-0389-0001; duplicateComments=1; organizationMissing=true
EPA-R08-OAR-2024-0389,EPA-R08-OAR-2024-0389-0306,Carey Wickham,not provided by public Regulations.gov fields,2024-10-09T04:00:00Z,"Wyoming and Utah have submitted Regional Haze State Implementation Plans with no proposed pollution reductions, allowing some of the nation's biggest polluters to remain uncontrolled for nitrogen oxide, sulfur dioxide, and other pollutants when common-sense controls exist that could significantly cut those emissions.
EPAs proposed disapprovals of these do-nothing state plans are a critical first step to protect air quality, both in national parks and our communities. I urge EPA to finalize its proposed disapprovals and act quickly to implement plans that will result in real pollution reductions.
In Utah, EPA analysis shows that installing selective catalytic reduction (SCR) on Hunter and Huntington coal plants would be cost-effective and provide massive visibility benefits for Utahs national parks. These plants have avoided pollution reductions for decades. Now is the time for EPA to act.
Similarly, in Wyoming, the state failed to even consider pollution controls at the states largest polluters, including Jim Bridger, Naughton, Dave Johnston, and Wyodak coal plants. Each of these facilities could install cost-effective pollution controls, including SCRs, that would result in significant air-quality improvements across the state.
Please finalize the proposed disapprovals of Utah and Wyomings do-nothing plans and require enforceable pollution reductions, including SCR installation, on our states' biggest polluters Hunter, Huntington, Jim Bridger, Naughton, Dave Johnston, and Wyodak.",https://www.regulations.gov/comment/EPA-R08-OAR-2024-0389-0306,,false,source=Regulations.gov v4 comment detail; retrievedAt=2026-09-12T18:11:40+00:00; commentOnDocumentId=EPA-R08-OAR-2024-0389-0001; duplicateComments=1; organizationMissing=true
EPA-R08-OAR-2024-0389,EPA-R08-OAR-2024-0389-0307,"Amanda Bloom,",not provided by public Regulations.gov fields,2024-10-09T04:00:00Z,"Wyoming and Utah have submitted Regional Haze State Implementation Plans with no proposed pollution reductions, allowing some of the nation's biggest polluters to remain uncontrolled for nitrogen oxide, sulfur dioxide, and other pollutants when common-sense controls exist that could significantly cut those emissions.
EPAs proposed disapprovals of these do-nothing state plans are a critical first step to protect air quality, both in national parks and our communities. I urge EPA to finalize its proposed disapprovals and act quickly to implement plans that will result in real pollution reductions.
In Utah, EPA analysis shows that installing selective catalytic reduction (SCR) on Hunter and Huntington coal plants would be cost-effective and provide massive visibility benefits for Utahs national parks. These plants have avoided pollution reductions for decades. Now is the time for EPA to act.
Similarly, in Wyoming, the state failed to even consider pollution controls at the states largest polluters, including Jim Bridger, Naughton, Dave Johnston, and Wyodak coal plants. Each of these facilities could install cost-effective pollution controls, including SCRs, that would result in significant air-quality improvements across the state.
Please finalize the proposed disapprovals of Utah and Wyomings do-nothing plans and require enforceable pollution reductions, including SCR installation, on our states' biggest polluters Hunter, Huntington, Jim Bridger, Naughton, Dave Johnston, and Wyodak.",https://www.regulations.gov/comment/EPA-R08-OAR-2024-0389-0307,,false,source=Regulations.gov v4 comment detail; retrievedAt=2026-09-12T18:11:40+00:00; commentOnDocumentId=EPA-R08-OAR-2024-0389-0001; duplicateComments=1; organizationMissing=true
EPA-R08-OAR-2024-0389,EPA-R08-OAR-2024-0389-0308,Christopher Wiscavage,not provided by public Regulations.gov fields,2024-10-09T04:00:00Z,"Wyoming and Utah have submitted Regional Haze State Implementation Plans with no proposed pollution reductions, allowing some of the nation's biggest polluters to remain uncontrolled for nitrogen oxide, sulfur dioxide, and other pollutants when common-sense controls exist that could significantly cut those emissions.
EPAs proposed disapprovals of these do-nothing state plans are a critical first step to protect air quality, both in national parks and our communities. I urge EPA to finalize its proposed disapprovals and act quickly to implement plans that will result in real pollution reductions.
In Utah, EPA analysis shows that installing selective catalytic reduction (SCR) on Hunter and Huntington coal plants would be cost-effective and provide massive visibility benefits for Utahs national parks. These plants have avoided pollution reductions for decades. Now is the time for EPA to act.
Similarly, in Wyoming, the state failed to even consider pollution controls at the states largest polluters, including Jim Bridger, Naughton, Dave Johnston, and Wyodak coal plants. Each of these facilities could install cost-effective pollution controls, including SCRs, that would result in significant air-quality improvements across the state.
Please finalize the proposed disapprovals of Utah and Wyomings do-nothing plans and require enforceable pollution reductions, including SCR installation, on our states' biggest polluters Hunter, Huntington, Jim Bridger, Naughton, Dave Johnston, and Wyodak.",https://www.regulations.gov/comment/EPA-R08-OAR-2024-0389-0308,,false,source=Regulations.gov v4 comment detail; retrievedAt=2026-09-12T18:11:40+00:00; commentOnDocumentId=EPA-R08-OAR-2024-0389-0001; duplicateComments=1; organizationMissing=true
EPA-R08-OAR-2024-0389,EPA-R08-OAR-2024-0389-0309,carol schaffer,not provided by public Regulations.gov fields,2024-10-09T04:00:00Z,"Wyoming and Utah have submitted Regional Haze State Implementation Plans with no proposed pollution reductions, allowing some of the nation's biggest polluters to remain uncontrolled for nitrogen oxide, sulfur dioxide, and other pollutants when common-sense controls exist that could significantly cut those emissions.
EPAs proposed disapprovals of these do-nothing state plans are a critical first step to protect air quality, both in national parks and our communities. I urge EPA to finalize its proposed disapprovals and act quickly to implement plans that will result in real pollution reductions.
In Utah, EPA analysis shows that installing selective catalytic reduction (SCR) on Hunter and Huntington coal plants would be cost-effective and provide massive visibility benefits for Utahs national parks. These plants have avoided pollution reductions for decades. Now is the time for EPA to act.
Similarly, in Wyoming, the state failed to even consider pollution controls at the states largest polluters, including Jim Bridger, Naughton, Dave Johnston, and Wyodak coal plants. Each of these facilities could install cost-effective pollution controls, including SCRs, that would result in significant air-quality improvements across the state.
Please finalize the proposed disapprovals of Utah and Wyomings do-nothing plans and require enforceable pollution reductions, including SCR installation, on our states' biggest polluters Hunter, Huntington, Jim Bridger, Naughton, Dave Johnston, and Wyodak.",https://www.regulations.gov/comment/EPA-R08-OAR-2024-0389-0309,,false,source=Regulations.gov v4 comment detail; retrievedAt=2026-09-12T18:11:40+00:00; commentOnDocumentId=EPA-R08-OAR-2024-0389-0001; duplicateComments=1; organizationMissing=true
EPA-R08-OAR-2024-0389,EPA-R08-OAR-2024-0389-0310,Sarah Hearon,not provided by public Regulations.gov fields,2024-10-09T04:00:00Z,"The future needs us to make responsible decisions in the present. I am 78 years old, and I want our younger generations to have a LIVABLE PLANET. Thank you.
Wyoming and Utah have submitted Regional Haze State Implementation Plans with no proposed pollution reductions, allowing some of the nation's biggest polluters to remain uncontrolled for nitrogen oxide, sulfur dioxide, and other pollutants when common-sense controls exist that could significantly cut those emissions.
EPAs proposed disapprovals of these do-nothing state plans are a critical first step to protect air quality, both in national parks and our communities. I urge EPA to finalize its proposed disapprovals and act quickly to implement plans that will result in real pollution reductions.
In Utah, EPA analysis shows that installing selective catalytic reduction (SCR) on Hunter and Huntington coal plants would be cost-effective and provide massive visibility benefits for Utahs national parks. These plants have avoided pollution reductions for decades. Now is the time for EPA to act.
Similarly, in Wyoming, the state failed to even consider pollution controls at the states largest polluters, including Jim Bridger, Naughton, Dave Johnston, and Wyodak coal plants. Each of these facilities could install cost-effective pollution controls, including SCRs, that would result in significant air-quality improvements across the state.
Please finalize the proposed disapprovals of Utah and Wyomings do-nothing plans and require enforceable pollution reductions, including SCR installation, on our states' biggest polluters Hunter, Huntington, Jim Bridger, Naughton, Dave Johnston, and Wyodak.",https://www.regulations.gov/comment/EPA-R08-OAR-2024-0389-0310,,false,source=Regulations.gov v4 comment detail; retrievedAt=2026-09-12T18:11:40+00:00; commentOnDocumentId=EPA-R08-OAR-2024-0389-0001; duplicateComments=1; organizationMissing=true
EPA-R08-OAR-2024-0389,EPA-R08-OAR-2024-0389-0311,Mary Rojeski,not provided by public Regulations.gov fields,2024-10-09T04:00:00Z,"I used to see orange haze when I was a kid in CA now I don't. Nobody wants to see that ever again!
Wyoming and Utah have submitted Regional Haze State Implementation Plans with no proposed pollution reductions, allowing some of the nation's biggest polluters to remain uncontrolled for nitrogen oxide, sulfur dioxide, and other pollutants when common-sense controls exist that could significantly cut those emissions.
EPAs proposed disapprovals of these do-nothing state plans are a critical first step to protect air quality, both in national parks and our communities. I urge EPA to finalize its proposed disapprovals and act quickly to implement plans that will result in real pollution reductions.
In Utah, EPA analysis shows that installing selective catalytic reduction (SCR) on Hunter and Huntington coal plants would be cost-effective and provide massive visibility benefits for Utahs national parks. These plants have avoided pollution reductions for decades. Now is the time for EPA to act.
Similarly, in Wyoming, the state failed to even consider pollution controls at the states largest polluters, including Jim Bridger, Naughton, Dave Johnston, and Wyodak coal plants. Each of these facilities could install cost-effective pollution controls, including SCRs, that would result in significant air-quality improvements across the state.
Please finalize the proposed disapprovals of Utah and Wyomings do-nothing plans and require enforceable pollution reductions, including SCR installation, on our states' biggest polluters Hunter, Huntington, Jim Bridger, Naughton, Dave Johnston, and Wyodak.",https://www.regulations.gov/comment/EPA-R08-OAR-2024-0389-0311,,false,source=Regulations.gov v4 comment detail; retrievedAt=2026-09-12T18:11:40+00:00; commentOnDocumentId=EPA-R08-OAR-2024-0389-0001; duplicateComments=1; organizationMissing=true
EPA-R08-OAR-2024-0389,EPA-R08-OAR-2024-0389-0312,Dorothy Jordan,not provided by public Regulations.gov fields,2024-10-09T04:00:00Z,"Wyoming and Utah have submitted Regional Haze State Implementation Plans with no proposed pollution reductions, allowing some of the nation's biggest polluters to remain uncontrolled for nitrogen oxide, sulfur dioxide, and other pollutants when common-sense controls exist that could significantly cut those emissions.
EPAs proposed disapprovals of these do-nothing state plans are a critical first step to protect air quality, both in national parks and our communities. I strongly urge EPA to finalize its proposed disapprovals and act quickly to implement plans that will result in real pollution reductions.
In Utah, EPA analysis shows that installing selective catalytic reduction (SCR) on Hunter and Huntington coal plants would be cost-effective and provide massive visibility benefits for Utahs national parks. These plants have avoided pollution reductions for decades. Now is the time for EPA to act.
Similarly, in Wyoming, the state failed to even consider pollution controls at the states largest polluters, including Jim Bridger, Naughton, Dave Johnston, and Wyodak coal plants. Each of these facilities could install cost-effective pollution controls, including SCRs, that would result in significant air-quality improvements across the state.
Please finalize the proposed disapprovals of Utah and Wyomings do-nothing plans and require enforceable pollution reductions, including SCR installation, on our states' biggest polluters Hunter, Huntington, Jim Bridger, Naughton, Dave Johnston, and Wyodak.",https://www.regulations.gov/comment/EPA-R08-OAR-2024-0389-0312,,false,source=Regulations.gov v4 comment detail; retrievedAt=2026-09-12T18:11:40+00:00; commentOnDocumentId=EPA-R08-OAR-2024-0389-0001; duplicateComments=1; organizationMissing=true
EPA-R08-OAR-2024-0389,EPA-R08-OAR-2024-0389-0313,Nancy Rutland,not provided by public Regulations.gov fields,2024-10-09T04:00:00Z,"Let's reduce pollution nationwide and start with these coal-fired plants.
Wyoming and Utah have submitted Regional Haze State Implementation Plans with no proposed pollution reductions, allowing some of the nation's biggest polluters to remain uncontrolled for nitrogen oxide, sulfur dioxide, and other pollutants when common-sense controls exist that could significantly cut those emissions.
EPAs proposed disapprovals of these do-nothing state plans are a critical first step to protect air quality, both in national parks and our communities. I urge EPA to finalize its proposed disapprovals and act quickly to implement plans that will result in real pollution reductions.
In Utah, EPA analysis shows that installing selective catalytic reduction (SCR) on Hunter and Huntington coal plants would be cost-effective and provide massive visibility benefits for Utahs national parks. These plants have avoided pollution reductions for decades. Now is the time for EPA to act.
Similarly, in Wyoming, the state failed to even consider pollution controls at the states largest polluters, including Jim Bridger, Naughton, Dave Johnston, and Wyodak coal plants. Each of these facilities could install cost-effective pollution controls, including SCRs, that would result in significant air-quality improvements across the state.
Please finalize the proposed disapprovals of Utah and Wyomings do-nothing plans and require enforceable pollution reductions, including SCR installation, on our states' biggest polluters Hunter, Huntington, Jim Bridger, Naughton, Dave Johnston, and Wyodak.",https://www.regulations.gov/comment/EPA-R08-OAR-2024-0389-0313,,false,source=Regulations.gov v4 comment detail; retrievedAt=2026-09-12T18:11:40+00:00; commentOnDocumentId=EPA-R08-OAR-2024-0389-0001; duplicateComments=1; organizationMissing=true
EPA-R08-OAR-2024-0389,EPA-R08-OAR-2024-0389-0314,Barb Hayden,not provided by public Regulations.gov fields,2024-10-09T04:00:00Z,"Wyoming and Utah have submitted Regional Haze State Implementation Plans with no proposed pollution reductions, allowing some of the nation's biggest polluters to remain uncontrolled for nitrogen oxide, sulfur dioxide, and other pollutants when common-sense controls exist that could significantly cut those emissions.
EPAs proposed disapprovals of these do-nothing state plans are a critical first step to protect air quality, both in national parks and our communities. I urge EPA to finalize its proposed disapprovals and act quickly to implement plans that will result in real pollution reductions.
In Utah, EPA analysis shows that installing selective catalytic reduction (SCR) on Hunter and Huntington coal plants would be cost-effective and provide massive visibility benefits for Utahs national parks. These plants have avoided pollution reductions for decades. Now is the time for EPA to act.
Similarly, in Wyoming, the state failed to even consider pollution controls at the states largest polluters, including Jim Bridger, Naughton, Dave Johnston, and Wyodak coal plants. Each of these facilities could install cost-effective pollution controls, including SCRs, that would result in significant air-quality improvements across the state.
Please finalize the proposed disapprovals of Utah and Wyomings do-nothing plans and require enforceable pollution reductions, including SCR installation, on our states' biggest polluters Hunter, Huntington, Jim Bridger, Naughton, Dave Johnston, and Wyodak.",https://www.regulations.gov/comment/EPA-R08-OAR-2024-0389-0314,,false,source=Regulations.gov v4 comment detail; retrievedAt=2026-09-12T18:11:40+00:00; commentOnDocumentId=EPA-R08-OAR-2024-0389-0001; duplicateComments=1; organizationMissing=true
EPA-R08-OAR-2024-0389,EPA-R08-OAR-2024-0389-0315,Susan Smith,not provided by public Regulations.gov fields,2024-10-09T04:00:00Z,"As I retire I'd love to see them, not through regional haze or wildfire smoke.
Wyoming and Utah have submitted Regional Haze State Implementation Plans with no proposed pollution reductions, allowing some of the nation's biggest polluters to remain uncontrolled for nitrogen oxide, sulfur dioxide, and other pollutants when common-sense controls exist that could significantly cut those emissions.
EPAs proposed disapprovals of these do-nothing state plans are a critical first step to protect air quality, both in national parks and our communities. I urge EPA to finalize its proposed disapprovals and act quickly to implement plans that will result in real pollution reductions.
In Utah, EPA analysis shows that installing selective catalytic reduction (SCR) on Hunter and Huntington coal plants would be cost-effective and provide massive visibility benefits for Utahs national parks. These plants have avoided pollution reductions for decades. Now is the time for EPA to act.
Similarly, in Wyoming, the state failed to even consider pollution controls at the states largest polluters, including Jim Bridger, Naughton, Dave Johnston, and Wyodak coal plants. Each of these facilities could install cost-effective pollution controls, including SCRs, that would result in significant air-quality improvements across the state.
Please finalize the proposed disapprovals of Utah and Wyomings do-nothing plans and require enforceable pollution reductions, including SCR installation, on our states' biggest polluters Hunter, Huntington, Jim Bridger, Naughton, Dave Johnston, and Wyodak.",https://www.regulations.gov/comment/EPA-R08-OAR-2024-0389-0315,,false,source=Regulations.gov v4 comment detail; retrievedAt=2026-09-12T18:11:40+00:00; commentOnDocumentId=EPA-R08-OAR-2024-0389-0001; duplicateComments=1; organizationMissing=true
EPA-R08-OAR-2024-0389,EPA-R08-OAR-2024-0389-0316,Anita Kline,not provided by public Regulations.gov fields,2024-10-09T04:00:00Z,"As an elder climate activist, I work with others every day to protect our beautiful earth for my children and grandchildren and generations to come. The national parks of Wyoming and Utah carry beautiful memories for me and my family. I support the EPA's effort to keep them free of haze so that they can be enjoyed for many generations to come.
Wyoming and Utah have submitted Regional Haze State Implementation Plans with no proposed pollution reductions, allowing some of the nation's biggest polluters to remain uncontrolled for nitrogen oxide, sulfur dioxide, and other pollutants when common-sense controls exist that could significantly cut those emissions.
EPAs proposed disapprovals of these do-nothing state plans are a critical first step to protect air quality, both in national parks and our communities. I urge EPA to finalize its proposed disapprovals and act quickly to implement plans that will result in real pollution reductions.
In Utah, EPA analysis shows that installing selective catalytic reduction (SCR) on Hunter and Huntington coal plants would be cost-effective and provide massive visibility benefits for Utahs national parks. These plants have avoided pollution reductions for decades. Now is the time for EPA to act.
Similarly, in Wyoming, the state failed to even consider pollution controls at the states largest polluters, including Jim Bridger, Naughton, Dave Johnston, and Wyodak coal plants. Each of these facilities could install cost-effective pollution controls, including SCRs, that would result in significant air-quality improvements across the state.
Please finalize the proposed disapprovals of Utah and Wyomings do-nothing plans and require enforceable pollution reductions, including SCR installation, on our states' biggest polluters Hunter, Huntington, Jim Bridger, Naughton, Dave Johnston, and Wyodak.",https://www.regulations.gov/comment/EPA-R08-OAR-2024-0389-0316,,false,source=Regulations.gov v4 comment detail; retrievedAt=2026-09-12T18:11:40+00:00; commentOnDocumentId=EPA-R08-OAR-2024-0389-0001; duplicateComments=1; organizationMissing=true
EPA-R08-OAR-2024-0389,EPA-R08-OAR-2024-0389-0317,Wendy Wilke,not provided by public Regulations.gov fields,2024-10-09T04:00:00Z,"Wyoming and Utah have submitted Regional Haze State Implementation Plans with no proposed pollution reductions, allowing some of the nation's biggest polluters to remain uncontrolled for nitrogen oxide, sulfur dioxide, and other pollutants when common-sense controls exist that could significantly cut those emissions.
EPAs proposed disapprovals of these do-nothing state plans are a critical first step to protect air quality, both in national parks and our communities. I urge EPA to finalize its proposed disapprovals and act quickly to implement plans that will result in real pollution reductions.
In Utah, EPA analysis shows that installing selective catalytic reduction (SCR) on Hunter and Huntington coal plants would be cost-effective and provide massive visibility benefits for Utahs national parks. These plants have avoided pollution reductions for decades. Now is the time for EPA to act.
Similarly, in Wyoming, the state failed to even consider pollution controls at the states largest polluters, including Jim Bridger, Naughton, Dave Johnston, and Wyodak coal plants. Each of these facilities could install cost-effective pollution controls, including SCRs, that would result in significant air-quality improvements across the state.
Please finalize the proposed disapprovals of Utah and Wyomings do-nothing plans and require enforceable pollution reductions, including SCR installation, on our states' biggest polluters Hunter, Huntington, Jim Bridger, Naughton, Dave Johnston, and Wyodak.",https://www.regulations.gov/comment/EPA-R08-OAR-2024-0389-0317,,false,source=Regulations.gov v4 comment detail; retrievedAt=2026-09-12T18:11:40+00:00; commentOnDocumentId=EPA-R08-OAR-2024-0389-0001; duplicateComments=1; organizationMissing=true
EPA-R08-OAR-2024-0389,EPA-R08-OAR-2024-0389-0318,Marilyn Mosley,not provided by public Regulations.gov fields,2024-10-09T04:00:00Z,"Wyoming and Utah have submitted Regional Haze State Implementation Plans with no proposed pollution reductions, allowing some of the nation's biggest polluters to remain uncontrolled for nitrogen oxide, sulfur dioxide, and other pollutants when common-sense controls exist that could significantly cut those emissions.
EPAs proposed disapprovals of these do-nothing state plans are a critical first step to protect air quality, both in national parks and our communities. I urge EPA to finalize its proposed disapprovals and act quickly to implement plans that will result in real pollution reductions.
In Utah, EPA analysis shows that installing selective catalytic reduction (SCR) on Hunter and Huntington coal plants would be cost-effective and provide massive visibility benefits for Utahs national parks. These plants have avoided pollution reductions for decades. Now is the time for EPA to act.
Similarly, in Wyoming, the state failed to even consider pollution controls at the states largest polluters, including Jim Bridger, Naughton, Dave Johnston, and Wyodak coal plants. Each of these facilities could install cost-effective pollution controls, including SCRs, that would result in significant air-quality improvements across the state.
Please finalize the proposed disapprovals of Utah and Wyomings do-nothing plans and require enforceable pollution reductions, including SCR installation, on our states' biggest polluters Hunter, Huntington, Jim Bridger, Naughton, Dave Johnston, and Wyodak.",https://www.regulations.gov/comment/EPA-R08-OAR-2024-0389-0318,,false,source=Regulations.gov v4 comment detail; retrievedAt=2026-09-12T18:11:40+00:00; commentOnDocumentId=EPA-R08-OAR-2024-0389-0001; duplicateComments=1; organizationMissing=true
EPA-R08-OAR-2024-0389,EPA-R08-OAR-2024-0389-0319,Carol Dickason,not provided by public Regulations.gov fields,2024-10-09T04:00:00Z,"Wyoming and Utah have submitted Regional Haze State Implementation Plans with no proposed pollution reductions, allowing some of the nation's biggest polluters to remain uncontrolled for nitrogen oxide, sulfur dioxide, and other pollutants when common-sense controls exist that could significantly cut those emissions.
EPAs proposed disapprovals of these do-nothing state plans are a critical first step to protect air quality, both in national parks and our communities. I urge EPA to finalize its proposed disapprovals and act quickly to implement plans that will result in real pollution reductions.
In Utah, EPA analysis shows that installing selective catalytic reduction (SCR) on Hunter and Huntington coal plants would be cost-effective and provide massive visibility benefits for Utahs national parks. These plants have avoided pollution reductions for decades. Now is the time for EPA to act.
Similarly, in Wyoming, the state failed to even consider pollution controls at the states largest polluters, including Jim Bridger, Naughton, Dave Johnston, and Wyodak coal plants. Each of these facilities could install cost-effective pollution controls, including SCRs, that would result in significant air-quality improvements across the state.
Please finalize the proposed disapprovals of Utah and Wyomings do-nothing plans and require enforceable pollution reductions, including SCR installation, on our states' biggest polluters Hunter, Huntington, Jim Bridger, Naughton, Dave Johnston, and Wyodak.",https://www.regulations.gov/comment/EPA-R08-OAR-2024-0389-0319,,false,source=Regulations.gov v4 comment detail; retrievedAt=2026-09-12T18:11:40+00:00; commentOnDocumentId=EPA-R08-OAR-2024-0389-0001; duplicateComments=1; organizationMissing=true
EPA-R08-OAR-2024-0389,EPA-R08-OAR-2024-0389-0320,Steve Leiken,not provided by public Regulations.gov fields,2024-10-09T04:00:00Z,"Wyoming and Utah have submitted Regional Haze State Implementation Plans with no proposed pollution reductions, allowing some of the nation's biggest polluters to remain uncontrolled for nitrogen oxide, sulfur dioxide, and other pollutants when common-sense controls exist that could significantly cut those emissions.
EPAs proposed disapprovals of these do-nothing state plans are a critical first step to protect air quality, both in national parks and our communities. I urge EPA to finalize its proposed disapprovals and act quickly to implement plans that will result in real pollution reductions.
In Utah, EPA analysis shows that installing selective catalytic reduction (SCR) on Hunter and Huntington coal plants would be cost-effective and provide massive visibility benefits for Utahs national parks. These plants have avoided pollution reductions for decades. Now is the time for EPA to act.
Similarly, in Wyoming, the state failed to even consider pollution controls at the states largest polluters, including Jim Bridger, Naughton, Dave Johnston, and Wyodak coal plants. Each of these facilities could install cost-effective pollution controls, including SCRs, that would result in significant air-quality improvements across the state.
Please finalize the proposed disapprovals of Utah and Wyomings do-nothing plans and require enforceable pollution reductions, including SCR installation, on our states' biggest polluters Hunter, Huntington, Jim Bridger, Naughton, Dave Johnston, and Wyodak.",https://www.regulations.gov/comment/EPA-R08-OAR-2024-0389-0320,,false,source=Regulations.gov v4 comment detail; retrievedAt=2026-09-12T18:11:40+00:00; commentOnDocumentId=EPA-R08-OAR-2024-0389-0001; duplicateComments=1; organizationMissing=true
EPA-R08-OAR-2024-0389,EPA-R08-OAR-2024-0389-0321,Joy Barker,not provided by public Regulations.gov fields,2024-10-09T04:00:00Z,"Please continue your important help!
Wyoming and Utah have submitted Regional Haze State Implementation Plans with no proposed pollution reductions, allowing some of the nation's biggest polluters to remain uncontrolled for nitrogen oxide, sulfur dioxide, and other pollutants when common-sense controls exist that could significantly cut those emissions.
EPAs proposed disapprovals of these do-nothing state plans are a critical first step to protect air quality, both in national parks and our communities. I urge EPA to finalize its proposed disapprovals and act quickly to implement plans that will result in real pollution reductions.
In Utah, EPA analysis shows that installing selective catalytic reduction (SCR) on Hunter and Huntington coal plants would be cost-effective and provide massive visibility benefits for Utahs national parks. These plants have avoided pollution reductions for decades. Now is the time for EPA to act.
Similarly, in Wyoming, the state failed to even consider pollution controls at the states largest polluters, including Jim Bridger, Naughton, Dave Johnston, and Wyodak coal plants. Each of these facilities could install cost-effective pollution controls, including SCRs, that would result in significant air-quality improvements across the state.
Please finalize the proposed disapprovals of Utah and Wyomings do-nothing plans and require enforceable pollution reductions, including SCR installation, on our states' biggest polluters Hunter, Huntington, Jim Bridger, Naughton, Dave Johnston, and Wyodak.",https://www.regulations.gov/comment/EPA-R08-OAR-2024-0389-0321,,false,source=Regulations.gov v4 comment detail; retrievedAt=2026-09-12T18:11:40+00:00; commentOnDocumentId=EPA-R08-OAR-2024-0389-0001; duplicateComments=1; organizationMissing=true
EPA-R08-OAR-2024-0389,EPA-R08-OAR-2024-0389-0322,Susanna Askins,not provided by public Regulations.gov fields,2024-10-09T04:00:00Z,"Wyoming and Utah have submitted Regional Haze State Implementation Plans with no proposed pollution reductions, allowing some of the nation's biggest polluters to remain uncontrolled for nitrogen oxide, sulfur dioxide, and other pollutants when common-sense controls exist that could significantly cut those emissions.
EPAs proposed disapprovals of these do-nothing state plans are a critical first step to protect air quality, both in national parks and our communities. I urge EPA to finalize its proposed disapprovals and act quickly to implement plans that will result in real pollution reductions.
In Utah, EPA analysis shows that installing selective catalytic reduction (SCR) on Hunter and Huntington coal plants would be cost-effective and provide massive visibility benefits for Utahs national parks. These plants have avoided pollution reductions for decades. Now is the time for EPA to act.
Similarly, in Wyoming, the state failed to even consider pollution controls at the states largest polluters, including Jim Bridger, Naughton, Dave Johnston, and Wyodak coal plants. Each of these facilities could install cost-effective pollution controls, including SCRs, that would result in significant air-quality improvements across the state.
Please finalize the proposed disapprovals of Utah and Wyomings do-nothing plans and require enforceable pollution reductions, including SCR installation, on our states' biggest polluters Hunter, Huntington, Jim Bridger, Naughton, Dave Johnston, and Wyodak.",https://www.regulations.gov/comment/EPA-R08-OAR-2024-0389-0322,,false,source=Regulations.gov v4 comment detail; retrievedAt=2026-09-12T18:11:40+00:00; commentOnDocumentId=EPA-R08-OAR-2024-0389-0001; duplicateComments=1; organizationMissing=true
EPA-R08-OAR-2024-0389,EPA-R08-OAR-2024-0389-0323,Victoria Faeo,not provided by public Regulations.gov fields,2024-10-09T04:00:00Z,"Wyoming and Utah have submitted Regional Haze State Implementation Plans with no proposed pollution reductions, allowing some of the nation's biggest polluters to remain uncontrolled for nitrogen oxide, sulfur dioxide, and other pollutants when common-sense controls exist that could significantly cut those emissions.
EPAs proposed disapprovals of these do-nothing state plans are a critical first step to protect air quality, both in national parks and our communities. I urge EPA to finalize its proposed disapprovals and act quickly to implement plans that will result in real pollution reductions.
In Utah, EPA analysis shows that installing selective catalytic reduction (SCR) on Hunter and Huntington coal plants would be cost-effective and provide massive visibility benefits for Utahs national parks. These plants have avoided pollution reductions for decades. Now is the time for EPA to act.
Similarly, in Wyoming, the state failed to even consider pollution controls at the states largest polluters, including Jim Bridger, Naughton, Dave Johnston, and Wyodak coal plants. Each of these facilities could install cost-effective pollution controls, including SCRs, that would result in significant air-quality improvements across the state.
Please finalize the proposed disapprovals of Utah and Wyomings do-nothing plans and require enforceable pollution reductions, including SCR installation, on our states' biggest polluters Hunter, Huntington, Jim Bridger, Naughton, Dave Johnston, and Wyodak.",https://www.regulations.gov/comment/EPA-R08-OAR-2024-0389-0323,,false,source=Regulations.gov v4 comment detail; retrievedAt=2026-09-12T18:11:40+00:00; commentOnDocumentId=EPA-R08-OAR-2024-0389-0001; duplicateComments=1; organizationMissing=true
EPA-R08-OAR-2024-0389,EPA-R08-OAR-2024-0389-0324,Jeannine Lish,not provided by public Regulations.gov fields,2024-10-09T04:00:00Z,"Wyoming and Utah have submitted Regional Haze State Implementation Plans with no proposed pollution reductions, allowing some of the nation's biggest polluters to remain uncontrolled for nitrogen oxide, sulfur dioxide, and other pollutants when common-sense controls exist that could significantly cut those emissions.
EPAs proposed disapprovals of these do-nothing state plans are a critical first step to protect air quality, both in national parks and our communities. I urge EPA to finalize its proposed disapprovals and act quickly to implement plans that will result in real pollution reductions.
In Utah, EPA analysis shows that installing selective catalytic reduction (SCR) on Hunter and Huntington coal plants would be cost-effective and provide massive visibility benefits for Utahs national parks. These plants have avoided pollution reductions for decades. Now is the time for EPA to act.
Similarly, in Wyoming, the state failed to even consider pollution controls at the states largest polluters, including Jim Bridger, Naughton, Dave Johnston, and Wyodak coal plants. Each of these facilities could install cost-effective pollution controls, including SCRs, that would result in significant air-quality improvements across the state.
Please finalize the proposed disapprovals of Utah and Wyomings do-nothing plans and require enforceable pollution reductions, including SCR installation, on our states' biggest polluters Hunter, Huntington, Jim Bridger, Naughton, Dave Johnston, and Wyodak.",https://www.regulations.gov/comment/EPA-R08-OAR-2024-0389-0324,,false,source=Regulations.gov v4 comment detail; retrievedAt=2026-09-12T18:11:40+00:00; commentOnDocumentId=EPA-R08-OAR-2024-0389-0001; duplicateComments=1; organizationMissing=true
EPA-R08-OAR-2024-0389,EPA-R08-OAR-2024-0389-0325,John and Gloria Sefton,not provided by public Regulations.gov fields,2024-10-09T04:00:00Z,"Wyoming and Utah have submitted Regional Haze State Implementation Plans with no proposed pollution reductions, allowing some of the nation's biggest polluters to remain uncontrolled for nitrogen oxide, sulfur dioxide, and other pollutants when common-sense controls exist that could significantly cut those emissions.
EPAs proposed disapprovals of these do-nothing state plans are a critical first step to protect air quality, both in national parks and our communities. I urge EPA to finalize its proposed disapprovals and act quickly to implement plans that will result in real pollution reductions.
In Utah, EPA analysis shows that installing selective catalytic reduction (SCR) on Hunter and Huntington coal plants would be cost-effective and provide massive visibility benefits for Utahs national parks. These plants have avoided pollution reductions for decades. Now is the time for EPA to act.
Similarly, in Wyoming, the state failed to even consider pollution controls at the states largest polluters, including Jim Bridger, Naughton, Dave Johnston, and Wyodak coal plants. Each of these facilities could install cost-effective pollution controls, including SCRs, that would result in significant air-quality improvements across the state.
Please finalize the proposed disapprovals of Utah and Wyomings do-nothing plans and require enforceable pollution reductions, including SCR installation, on our states' biggest polluters Hunter, Huntington, Jim Bridger, Naughton, Dave Johnston, and Wyodak.",https://www.regulations.gov/comment/EPA-R08-OAR-2024-0389-0325,,false,source=Regulations.gov v4 comment detail; retrievedAt=2026-09-12T18:11:40+00:00; commentOnDocumentId=EPA-R08-OAR-2024-0389-0001; duplicateComments=1; organizationMissing=true
EPA-R08-OAR-2024-0389,EPA-R08-OAR-2024-0389-0326,Katherine Haley,not provided by public Regulations.gov fields,2024-10-09T04:00:00Z,"Wyoming and Utah have submitted Regional Haze State Implementation Plans with no proposed pollution reductions, allowing some of the nation's biggest polluters to remain uncontrolled for nitrogen oxide, sulfur dioxide, and other pollutants when common-sense controls exist that could significantly cut those emissions.
EPAs proposed disapprovals of these do-nothing state plans are a critical first step to protect air quality, both in national parks and our communities. I urge EPA to finalize its proposed disapprovals and act quickly to implement plans that will result in real pollution reductions.
In Utah, EPA analysis shows that installing selective catalytic reduction (SCR) on Hunter and Huntington coal plants would be cost-effective and provide massive visibility benefits for Utahs national parks. These plants have avoided pollution reductions for decades. Now is the time for EPA to act.
Similarly, in Wyoming, the state failed to even consider pollution controls at the states largest polluters, including Jim Bridger, Naughton, Dave Johnston, and Wyodak coal plants. Each of these facilities could install cost-effective pollution controls, including SCRs, that would result in significant air-quality improvements across the state.
Please finalize the proposed disapprovals of Utah and Wyomings do-nothing plans and require enforceable pollution reductions, including SCR installation, on our states' biggest polluters Hunter, Huntington, Jim Bridger, Naughton, Dave Johnston, and Wyodak.",https://www.regulations.gov/comment/EPA-R08-OAR-2024-0389-0326,,false,source=Regulations.gov v4 comment detail; retrievedAt=2026-09-12T18:11:40+00:00; commentOnDocumentId=EPA-R08-OAR-2024-0389-0001; duplicateComments=1; organizationMissing=true
EPA-R08-OAR-2024-0389,EPA-R08-OAR-2024-0389-0327,Daniel Gilman,not provided by public Regulations.gov fields,2024-10-09T04:00:00Z,"Wyoming and Utah have submitted Regional Haze State Implementation Plans with no proposed pollution reductions, allowing some of the nation's biggest polluters to remain uncontrolled for nitrogen oxide, sulfur dioxide, and other pollutants when common-sense controls exist that could significantly cut those emissions.
EPAs proposed disapprovals of these do-nothing state plans are a critical first step to protect air quality, both in national parks and our communities. I urge EPA to finalize its proposed disapprovals and act quickly to implement plans that will result in real pollution reductions.
In Utah, EPA analysis shows that installing selective catalytic reduction (SCR) on Hunter and Huntington coal plants would be cost-effective and provide massive visibility benefits for Utahs national parks. These plants have avoided pollution reductions for decades. Now is the time for EPA to act.
Similarly, in Wyoming, the state failed to even consider pollution controls at the states largest polluters, including Jim Bridger, Naughton, Dave Johnston, and Wyodak coal plants. Each of these facilities could install cost-effective pollution controls, including SCRs, that would result in significant air-quality improvements across the state.
Please finalize the proposed disapprovals of Utah and Wyomings do-nothing plans and require enforceable pollution reductions, including SCR installation, on our states' biggest polluters Hunter, Huntington, Jim Bridger, Naughton, Dave Johnston, and Wyodak.",https://www.regulations.gov/comment/EPA-R08-OAR-2024-0389-0327,,false,source=Regulations.gov v4 comment detail; retrievedAt=2026-09-12T18:11:40+00:00; commentOnDocumentId=EPA-R08-OAR-2024-0389-0001; duplicateComments=1; organizationMissing=true
EPA-R08-OAR-2024-0389,EPA-R08-OAR-2024-0389-0328,Eric Haas,not provided by public Regulations.gov fields,2024-10-09T04:00:00Z,"Wyoming and Utah have submitted Regional Haze State Implementation Plans with no proposed pollution reductions, allowing some of the nation's biggest polluters to remain uncontrolled for nitrogen oxide, sulfur dioxide, and other pollutants when common-sense controls exist that could significantly cut those emissions.
EPAs proposed disapprovals of these do-nothing state plans are a critical first step to protect air quality, both in national parks and our communities. I urge EPA to finalize its proposed disapprovals and act quickly to implement plans that will result in real pollution reductions.
In Utah, EPA analysis shows that installing selective catalytic reduction (SCR) on Hunter and Huntington coal plants would be cost-effective and provide massive visibility benefits for Utahs national parks. These plants have avoided pollution reductions for decades. Now is the time for EPA to act.
Similarly, in Wyoming, the state failed to even consider pollution controls at the states largest polluters, including Jim Bridger, Naughton, Dave Johnston, and Wyodak coal plants. Each of these facilities could install cost-effective pollution controls, including SCRs, that would result in significant air-quality improvements across the state.
Please finalize the proposed disapprovals of Utah and Wyomings do-nothing plans and require enforceable pollution reductions, including SCR installation, on our states' biggest polluters Hunter, Huntington, Jim Bridger, Naughton, Dave Johnston, and Wyodak.",https://www.regulations.gov/comment/EPA-R08-OAR-2024-0389-0328,,false,source=Regulations.gov v4 comment detail; retrievedAt=2026-09-12T18:11:40+00:00; commentOnDocumentId=EPA-R08-OAR-2024-0389-0001; duplicateComments=1; organizationMissing=true
EPA-R08-OAR-2024-0389,EPA-R08-OAR-2024-0389-0329,Valerie Brown,not provided by public Regulations.gov fields,2024-10-09T04:00:00Z,"Wyoming and Utah have submitted Regional Haze State Implementation Plans with no proposed pollution reductions, allowing some of the nation's biggest polluters to remain uncontrolled for nitrogen oxide, sulfur dioxide, and other pollutants when common-sense controls exist that could significantly cut those emissions.
EPAs proposed disapprovals of these do-nothing state plans are a critical first step to protect air quality, both in national parks and our communities. I urge EPA to finalize its proposed disapprovals and act quickly to implement plans that will result in real pollution reductions.
In Utah, EPA analysis shows that installing selective catalytic reduction (SCR) on Hunter and Huntington coal plants would be cost-effective and provide massive visibility benefits for Utahs national parks. These plants have avoided pollution reductions for decades. Now is the time for EPA to act.
Similarly, in Wyoming, the state failed to even consider pollution controls at the states largest polluters, including Jim Bridger, Naughton, Dave Johnston, and Wyodak coal plants. Each of these facilities could install cost-effective pollution controls, including SCRs, that would result in significant air-quality improvements across the state.
Please finalize the proposed disapprovals of Utah and Wyomings do-nothing plans and require enforceable pollution reductions, including SCR installation, on our states' biggest polluters Hunter, Huntington, Jim Bridger, Naughton, Dave Johnston, and Wyodak.",https://www.regulations.gov/comment/EPA-R08-OAR-2024-0389-0329,,false,source=Regulations.gov v4 comment detail; retrievedAt=2026-09-12T18:11:40+00:00; commentOnDocumentId=EPA-R08-OAR-2024-0389-0001; duplicateComments=1; organizationMissing=true
EPA-R08-OAR-2024-0389,EPA-R08-OAR-2024-0389-0330,Kevin Fricke,not provided by public Regulations.gov fields,2024-10-09T04:00:00Z,"Wyoming and Utah have submitted Regional Haze State Implementation Plans with no proposed pollution reductions, allowing some of the nation's biggest polluters to remain uncontrolled for nitrogen oxide, sulfur dioxide, and other pollutants when common-sense controls exist that could significantly cut those emissions.
EPAs proposed disapprovals of these do-nothing state plans are a critical first step to protect air quality, both in national parks and our communities. I urge EPA to finalize its proposed disapprovals and act quickly to implement plans that will result in real pollution reductions.
In Utah, EPA analysis shows that installing selective catalytic reduction (SCR) on Hunter and Huntington coal plants would be cost-effective and provide massive visibility benefits for Utahs national parks. These plants have avoided pollution reductions for decades. Now is the time for EPA to act.
Similarly, in Wyoming, the state failed to even consider pollution controls at the states largest polluters, including Jim Bridger, Naughton, Dave Johnston, and Wyodak coal plants. Each of these facilities could install cost-effective pollution controls, including SCRs, that would result in significant air-quality improvements across the state.
Please finalize the proposed disapprovals of Utah and Wyomings do-nothing plans and require enforceable pollution reductions, including SCR installation, on our states' biggest polluters Hunter, Huntington, Jim Bridger, Naughton, Dave Johnston, and Wyodak.",https://www.regulations.gov/comment/EPA-R08-OAR-2024-0389-0330,,false,source=Regulations.gov v4 comment detail; retrievedAt=2026-09-12T18:11:40+00:00; commentOnDocumentId=EPA-R08-OAR-2024-0389-0001; duplicateComments=1; organizationMissing=true
EPA-R08-OAR-2024-0389,EPA-R08-OAR-2024-0389-0331,Martin Horwitz,not provided by public Regulations.gov fields,2024-10-09T04:00:00Z,"Wyoming and Utah have submitted Regional Haze State Implementation Plans with no proposed pollution reductions, allowing some of the nation's biggest polluters to remain uncontrolled for nitrogen oxide, sulfur dioxide, and other pollutants when common-sense controls exist that could significantly cut those emissions.
EPAs proposed disapprovals of these do-nothing state plans are a critical first step to protect air quality, both in national parks and our communities. I urge EPA to finalize its proposed disapprovals and act quickly to implement plans that will result in real pollution reductions.
In Utah, EPA analysis shows that installing selective catalytic reduction (SCR) on Hunter and Huntington coal plants would be cost-effective and provide massive visibility benefits for Utahs national parks. These plants have avoided pollution reductions for decades. Now is the time for EPA to act.
Similarly, in Wyoming, the state failed to even consider pollution controls at the states largest polluters, including Jim Bridger, Naughton, Dave Johnston, and Wyodak coal plants. Each of these facilities could install cost-effective pollution controls, including SCRs, that would result in significant air-quality improvements across the state.
Please finalize the proposed disapprovals of Utah and Wyomings do-nothing plans and require enforceable pollution reductions, including SCR installation, on our states' biggest polluters Hunter, Huntington, Jim Bridger, Naughton, Dave Johnston, and Wyodak.",https://www.regulations.gov/comment/EPA-R08-OAR-2024-0389-0331,,false,source=Regulations.gov v4 comment detail; retrievedAt=2026-09-12T18:11:40+00:00; commentOnDocumentId=EPA-R08-OAR-2024-0389-0001; duplicateComments=1; organizationMissing=true
EPA-R08-OAR-2024-0389,EPA-R08-OAR-2024-0389-0332,Laura Finkelstein,not provided by public Regulations.gov fields,2024-10-09T04:00:00Z,"Wyoming and Utah have submitted Regional Haze State Implementation Plans with no proposed pollution reductions, allowing some of the nation's biggest polluters to remain uncontrolled for nitrogen oxide, sulfur dioxide, and other pollutants when common-sense controls exist that could significantly cut those emissions.
EPAs proposed disapprovals of these do-nothing state plans are a critical first step to protect air quality, both in national parks and our communities. I urge EPA to finalize its proposed disapprovals and act quickly to implement plans that will result in real pollution reductions.
In Utah, EPA analysis shows that installing selective catalytic reduction (SCR) on Hunter and Huntington coal plants would be cost-effective and provide massive visibility benefits for Utahs national parks. These plants have avoided pollution reductions for decades. Now is the time for EPA to act.
Similarly, in Wyoming, the state failed to even consider pollution controls at the states largest polluters, including Jim Bridger, Naughton, Dave Johnston, and Wyodak coal plants. Each of these facilities could install cost-effective pollution controls, including SCRs, that would result in significant air-quality improvements across the state.
Please finalize the proposed disapprovals of Utah and Wyomings do-nothing plans and require enforceable pollution reductions, including SCR installation, on our states' biggest polluters Hunter, Huntington, Jim Bridger, Naughton, Dave Johnston, and Wyodak.",https://www.regulations.gov/comment/EPA-R08-OAR-2024-0389-0332,,false,source=Regulations.gov v4 comment detail; retrievedAt=2026-09-12T18:11:40+00:00; commentOnDocumentId=EPA-R08-OAR-2024-0389-0001; duplicateComments=1; organizationMissing=true
EPA-R08-OAR-2024-0389,EPA-R08-OAR-2024-0389-0333,Jillian Gallery,not provided by public Regulations.gov fields,2024-10-09T04:00:00Z,"Way to go, USEPA!
Wyoming and Utah have submitted Regional Haze State Implementation Plans with no proposed pollution reductions, allowing some of the nation's biggest polluters to remain uncontrolled for nitrogen oxide, sulfur dioxide, and other pollutants when common-sense controls exist that could significantly cut those emissions.
EPAs proposed disapprovals of these do-nothing state plans are a critical first step to protect air quality, both in national parks and our communities. I urge EPA to finalize its proposed disapprovals and act quickly to implement plans that will result in real pollution reductions.
In Utah, EPA analysis shows that installing selective catalytic reduction (SCR) on Hunter and Huntington coal plants would be cost-effective and provide massive visibility benefits for Utahs national parks. These plants have avoided pollution reductions for decades. Now is the time for EPA to act.
Similarly, in Wyoming, the state failed to even consider pollution controls at the states largest polluters, including Jim Bridger, Naughton, Dave Johnston, and Wyodak coal plants. Each of these facilities could install cost-effective pollution controls, including SCRs, that would result in significant air-quality improvements across the state.
Please finalize the proposed disapprovals of Utah and Wyomings do-nothing plans and require enforceable pollution reductions, including SCR installation, on our states' biggest polluters Hunter, Huntington, Jim Bridger, Naughton, Dave Johnston, and Wyodak.",https://www.regulations.gov/comment/EPA-R08-OAR-2024-0389-0333,,false,source=Regulations.gov v4 comment detail; retrievedAt=2026-09-12T18:11:40+00:00; commentOnDocumentId=EPA-R08-OAR-2024-0389-0001; duplicateComments=1; organizationMissing=true
EPA-R08-OAR-2024-0389,EPA-R08-OAR-2024-0389-0334,Barbara Whyman,not provided by public Regulations.gov fields,2024-10-09T04:00:00Z,"Wyoming and Utah have submitted Regional Haze State Implementation Plans with no proposed pollution reductions, allowing some of the nation's biggest polluters to remain uncontrolled for nitrogen oxide, sulfur dioxide, and other pollutants when common-sense controls exist that could significantly cut those emissions.
EPAs proposed disapprovals of these do-nothing state plans are a critical first step to protect air quality, both in national parks and our communities. I urge EPA to finalize its proposed disapprovals and act quickly to implement plans that will result in real pollution reductions.
In Utah, EPA analysis shows that installing selective catalytic reduction (SCR) on Hunter and Huntington coal plants would be cost-effective and provide massive visibility benefits for Utahs national parks. These plants have avoided pollution reductions for decades. Now is the time for EPA to act.
Similarly, in Wyoming, the state failed to even consider pollution controls at the states largest polluters, including Jim Bridger, Naughton, Dave Johnston, and Wyodak coal plants. Each of these facilities could install cost-effective pollution controls, including SCRs, that would result in significant air-quality improvements across the state.
Please finalize the proposed disapprovals of Utah and Wyomings do-nothing plans and require enforceable pollution reductions, including SCR installation, on our states' biggest polluters Hunter, Huntington, Jim Bridger, Naughton, Dave Johnston, and Wyodak.",https://www.regulations.gov/comment/EPA-R08-OAR-2024-0389-0334,,false,source=Regulations.gov v4 comment detail; retrievedAt=2026-09-12T18:11:40+00:00; commentOnDocumentId=EPA-R08-OAR-2024-0389-0001; duplicateComments=1; organizationMissing=true
EPA-R08-OAR-2024-0389,EPA-R08-OAR-2024-0389-0335,William Cox,not provided by public Regulations.gov fields,2024-10-09T04:00:00Z,"Our western iconic parks are precious to me (and millions others). Please do all you can to preserve them for our children and grandchildren. They deserve the enjoyments we have had. Special thanks to Teddy Roosevelt!
Wyoming and Utah have submitted Regional Haze State Implementation Plans with no proposed pollution reductions, allowing some of the nation's biggest polluters to remain uncontrolled for nitrogen oxide, sulfur dioxide, and other pollutants when common-sense controls exist that could significantly cut those emissions.
EPAs proposed disapprovals of these do-nothing state plans are a critical first step to protect air quality, both in national parks and our communities. I urge EPA to finalize its proposed disapprovals and act quickly to implement plans that will result in real pollution reductions.
In Utah, EPA analysis shows that installing selective catalytic reduction (SCR) on Hunter and Huntington coal plants would be cost-effective and provide massive visibility benefits for Utahs national parks. These plants have avoided pollution reductions for decades. Now is the time for EPA to act.
Similarly, in Wyoming, the state failed to even consider pollution controls at the states largest polluters, including Jim Bridger, Naughton, Dave Johnston, and Wyodak coal plants. Each of these facilities could install cost-effective pollution controls, including SCRs, that would result in significant air-quality improvements across the state.
Please finalize the proposed disapprovals of Utah and Wyomings do-nothing plans and require enforceable pollution reductions, including SCR installation, on our states' biggest polluters Hunter, Huntington, Jim Bridger, Naughton, Dave Johnston, and Wyodak.",https://www.regulations.gov/comment/EPA-R08-OAR-2024-0389-0335,,false,source=Regulations.gov v4 comment detail; retrievedAt=2026-09-12T18:11:40+00:00; commentOnDocumentId=EPA-R08-OAR-2024-0389-0001; duplicateComments=1; organizationMissing=true
EPA-R08-OAR-2024-0389,EPA-R08-OAR-2024-0389-0336,Deborah Sargent,not provided by public Regulations.gov fields,2024-10-09T04:00:00Z,"Wyoming and Utah have submitted Regional Haze State Implementation Plans with no proposed pollution reductions, allowing some of the nation's biggest polluters to remain uncontrolled for nitrogen oxide, sulfur dioxide, and other pollutants when common-sense controls exist that could significantly cut those emissions.
EPAs proposed disapprovals of these do-nothing state plans are a critical first step to protect air quality, both in national parks and our communities. I urge EPA to finalize its proposed disapprovals and act quickly to implement plans that will result in real pollution reductions.
In Utah, EPA analysis shows that installing selective catalytic reduction (SCR) on Hunter and Huntington coal plants would be cost-effective and provide massive visibility benefits for Utahs national parks. These plants have avoided pollution reductions for decades. Now is the time for EPA to act.
Similarly, in Wyoming, the state failed to even consider pollution controls at the states largest polluters, including Jim Bridger, Naughton, Dave Johnston, and Wyodak coal plants. Each of these facilities could install cost-effective pollution controls, including SCRs, that would result in significant air-quality improvements across the state.
Please finalize the proposed disapprovals of Utah and Wyomings do-nothing plans and require enforceable pollution reductions, including SCR installation, on our states' biggest polluters Hunter, Huntington, Jim Bridger, Naughton, Dave Johnston, and Wyodak.",https://www.regulations.gov/comment/EPA-R08-OAR-2024-0389-0336,,false,source=Regulations.gov v4 comment detail; retrievedAt=2026-09-12T18:11:40+00:00; commentOnDocumentId=EPA-R08-OAR-2024-0389-0001; duplicateComments=1; organizationMissing=true
EPA-R08-OAR-2024-0389,EPA-R08-OAR-2024-0389-0337,Eric Burr,not provided by public Regulations.gov fields,2024-10-09T04:00:00Z,"NOCA here, just got our first real rain, so no smoke !
Wyoming and Utah have submitted Regional Haze State Implementation Plans with no proposed pollution reductions, allowing some of the nation's biggest polluters to remain uncontrolled for nitrogen oxide, sulfur dioxide, and other pollutants when common-sense controls exist that could significantly cut those emissions.
EPAs proposed disapprovals of these do-nothing state plans are a critical first step to protect air quality, both in national parks and our communities. I urge EPA to finalize its proposed disapprovals and act quickly to implement plans that will result in real pollution reductions.
In Utah, EPA analysis shows that installing selective catalytic reduction (SCR) on Hunter and Huntington coal plants would be cost-effective and provide massive visibility benefits for Utahs national parks. These plants have avoided pollution reductions for decades. Now is the time for EPA to act.
Similarly, in Wyoming, the state failed to even consider pollution controls at the states largest polluters, including Jim Bridger, Naughton, Dave Johnston, and Wyodak coal plants. Each of these facilities could install cost-effective pollution controls, including SCRs, that would result in significant air-quality improvements across the state.
Please finalize the proposed disapprovals of Utah and Wyomings do-nothing plans and require enforceable pollution reductions, including SCR installation, on our states' biggest polluters Hunter, Huntington, Jim Bridger, Naughton, Dave Johnston, and Wyodak.",https://www.regulations.gov/comment/EPA-R08-OAR-2024-0389-0337,,false,source=Regulations.gov v4 comment detail; retrievedAt=2026-09-12T18:11:40+00:00; commentOnDocumentId=EPA-R08-OAR-2024-0389-0001; duplicateComments=1; organizationMissing=true
EPA-R08-OAR-2024-0389,EPA-R08-OAR-2024-0389-0338,William Babcock,not provided by public Regulations.gov fields,2024-10-09T04:00:00Z,"Wyoming and Utah have submitted Regional Haze State Implementation Plans with no proposed pollution reductions, allowing some of the nation's biggest polluters to remain uncontrolled for nitrogen oxide, sulfur dioxide, and other pollutants when common-sense controls exist that could significantly cut those emissions.
EPAs proposed disapprovals of these do-nothing state plans are a critical first step to protect air quality, both in national parks and our communities. I urge EPA to finalize its proposed disapprovals and act quickly to implement plans that will result in real pollution reductions.
In Utah, EPA analysis shows that installing selective catalytic reduction (SCR) on Hunter and Huntington coal plants would be cost-effective and provide massive visibility benefits for Utahs national parks. These plants have avoided pollution reductions for decades. Now is the time for EPA to act.
Similarly, in Wyoming, the state failed to even consider pollution controls at the states largest polluters, including Jim Bridger, Naughton, Dave Johnston, and Wyodak coal plants. Each of these facilities could install cost-effective pollution controls, including SCRs, that would result in significant air-quality improvements across the state.
Please finalize the proposed disapprovals of Utah and Wyomings do-nothing plans and require enforceable pollution reductions, including SCR installation, on our states' biggest polluters Hunter, Huntington, Jim Bridger, Naughton, Dave Johnston, and Wyodak.",https://www.regulations.gov/comment/EPA-R08-OAR-2024-0389-0338,,false,source=Regulations.gov v4 comment detail; retrievedAt=2026-09-12T18:11:40+00:00; commentOnDocumentId=EPA-R08-OAR-2024-0389-0001; duplicateComments=1; organizationMissing=true
EPA-R08-OAR-2024-0389,EPA-R08-OAR-2024-0389-0339,Barb Varellas,not provided by public Regulations.gov fields,2024-10-09T04:00:00Z,"I love Utah! Keep it and Wyoming clear and clean!
Wyoming and Utah have submitted Regional Haze State Implementation Plans with no proposed pollution reductions, allowing some of the nation's biggest polluters to remain uncontrolled for nitrogen oxide, sulfur dioxide, and other pollutants when common-sense controls exist that could significantly cut those emissions.
EPAs proposed disapprovals of these do-nothing state plans are a critical first step to protect air quality, both in national parks and our communities. I urge EPA to finalize its proposed disapprovals and act quickly to implement plans that will result in real pollution reductions.
In Utah, EPA analysis shows that installing selective catalytic reduction (SCR) on Hunter and Huntington coal plants would be cost-effective and provide massive visibility benefits for Utahs national parks. These plants have avoided pollution reductions for decades. Now is the time for EPA to act.
Similarly, in Wyoming, the state failed to even consider pollution controls at the states largest polluters, including Jim Bridger, Naughton, Dave Johnston, and Wyodak coal plants. Each of these facilities could install cost-effective pollution controls, including SCRs, that would result in significant air-quality improvements across the state.
Please finalize the proposed disapprovals of Utah and Wyomings do-nothing plans and require enforceable pollution reductions, including SCR installation, on our states' biggest polluters Hunter, Huntington, Jim Bridger, Naughton, Dave Johnston, and Wyodak.",https://www.regulations.gov/comment/EPA-R08-OAR-2024-0389-0339,,false,source=Regulations.gov v4 comment detail; retrievedAt=2026-09-12T18:11:40+00:00; commentOnDocumentId=EPA-R08-OAR-2024-0389-0001; duplicateComments=1; organizationMissing=true
EPA-R08-OAR-2024-0389,EPA-R08-OAR-2024-0389-0340,Terry Heffetnan,not provided by public Regulations.gov fields,2024-10-09T04:00:00Z,"Keep our air and water clean!!!
Wyoming and Utah have submitted Regional Haze State Implementation Plans with no proposed pollution reductions, allowing some of the nation's biggest polluters to remain uncontrolled for nitrogen oxide, sulfur dioxide, and other pollutants when common-sense controls exist that could significantly cut those emissions.
EPAs proposed disapprovals of these do-nothing state plans are a critical first step to protect air quality, both in national parks and our communities. I urge EPA to finalize its proposed disapprovals and act quickly to implement plans that will result in real pollution reductions.
In Utah, EPA analysis shows that installing selective catalytic reduction (SCR) on Hunter and Huntington coal plants would be cost-effective and provide massive visibility benefits for Utahs national parks. These plants have avoided pollution reductions for decades. Now is the time for EPA to act.
Similarly, in Wyoming, the state failed to even consider pollution controls at the states largest polluters, including Jim Bridger, Naughton, Dave Johnston, and Wyodak coal plants. Each of these facilities could install cost-effective pollution controls, including SCRs, that would result in significant air-quality improvements across the state.
Please finalize the proposed disapprovals of Utah and Wyomings do-nothing plans and require enforceable pollution reductions, including SCR installation, on our states' biggest polluters Hunter, Huntington, Jim Bridger, Naughton, Dave Johnston, and Wyodak.",https://www.regulations.gov/comment/EPA-R08-OAR-2024-0389-0340,,false,source=Regulations.gov v4 comment detail; retrievedAt=2026-09-12T18:11:40+00:00; commentOnDocumentId=EPA-R08-OAR-2024-0389-0001; duplicateComments=1; organizationMissing=true
EPA-R08-OAR-2024-0389,EPA-R08-OAR-2024-0389-0341,Dennis Steussy,not provided by public Regulations.gov fields,2024-10-09T04:00:00Z,"Wyoming and Utah have submitted Regional Haze State Implementation Plans with no proposed pollution reductions, allowing some of the nation's biggest polluters to remain uncontrolled for nitrogen oxide, sulfur dioxide, and other pollutants when common-sense controls exist that could significantly cut those emissions.
EPAs proposed disapprovals of these do-nothing state plans are a critical first step to protect air quality, both in national parks and our communities. I urge EPA to finalize its proposed disapprovals and act quickly to implement plans that will result in real pollution reductions.
In Utah, EPA analysis shows that installing selective catalytic reduction (SCR) on Hunter and Huntington coal plants would be cost-effective and provide massive visibility benefits for Utahs national parks. These plants have avoided pollution reductions for decades. Now is the time for EPA to act.
Similarly, in Wyoming, the state failed to even consider pollution controls at the states largest polluters, including Jim Bridger, Naughton, Dave Johnston, and Wyodak coal plants. Each of these facilities could install cost-effective pollution controls, including SCRs, that would result in significant air-quality improvements across the state.
Please finalize the proposed disapprovals of Utah and Wyomings do-nothing plans and require enforceable pollution reductions, including SCR installation, on our states' biggest polluters Hunter, Huntington, Jim Bridger, Naughton, Dave Johnston, and Wyodak.",https://www.regulations.gov/comment/EPA-R08-OAR-2024-0389-0341,,false,source=Regulations.gov v4 comment detail; retrievedAt=2026-09-12T18:11:40+00:00; commentOnDocumentId=EPA-R08-OAR-2024-0389-0001; duplicateComments=1; organizationMissing=true
EPA-R08-OAR-2024-0389,EPA-R08-OAR-2024-0389-0342,Jonathan Loran,not provided by public Regulations.gov fields,2024-10-09T04:00:00Z,"Wyoming and Utah have submitted Regional Haze State Implementation Plans with no proposed pollution reductions, allowing some of the nation's biggest polluters to remain uncontrolled for nitrogen oxide, sulfur dioxide, and other pollutants when common-sense controls exist that could significantly cut those emissions.
EPAs proposed disapprovals of these do-nothing state plans are a critical first step to protect air quality, both in national parks and our communities. I urge EPA to finalize its proposed disapprovals and act quickly to implement plans that will result in real pollution reductions.
In Utah, EPA analysis shows that installing selective catalytic reduction (SCR) on Hunter and Huntington coal plants would be cost-effective and provide massive visibility benefits for Utahs national parks. These plants have avoided pollution reductions for decades. Now is the time for EPA to act.
Similarly, in Wyoming, the state failed to even consider pollution controls at the states largest polluters, including Jim Bridger, Naughton, Dave Johnston, and Wyodak coal plants. Each of these facilities could install cost-effective pollution controls, including SCRs, that would result in significant air-quality improvements across the state.
Please finalize the proposed disapprovals of Utah and Wyomings do-nothing plans and require enforceable pollution reductions, including SCR installation, on our states' biggest polluters Hunter, Huntington, Jim Bridger, Naughton, Dave Johnston, and Wyodak.",https://www.regulations.gov/comment/EPA-R08-OAR-2024-0389-0342,,false,source=Regulations.gov v4 comment detail; retrievedAt=2026-09-12T18:11:40+00:00; commentOnDocumentId=EPA-R08-OAR-2024-0389-0001; duplicateComments=1; organizationMissing=true
EPA-R08-OAR-2024-0389,EPA-R08-OAR-2024-0389-0343,Diane Shaw,not provided by public Regulations.gov fields,2024-10-09T04:00:00Z,"We have been dragging our feet for too long. Submit these disapprovals now. We need to act on cleaning the air as quickly as possible.
Wyoming and Utah have submitted Regional Haze State Implementation Plans with no proposed pollution reductions, allowing some of the nation's biggest polluters to remain uncontrolled for nitrogen oxide, sulfur dioxide, and other pollutants when common-sense controls exist that could significantly cut those emissions.
EPAs proposed disapprovals of these do-nothing state plans are a critical first step to protect air quality, both in national parks and our communities. I urge EPA to finalize its proposed disapprovals and act quickly to implement plans that will result in real pollution reductions.
In Utah, EPA analysis shows that installing selective catalytic reduction (SCR) on Hunter and Huntington coal plants would be cost-effective and provide massive visibility benefits for Utahs national parks. These plants have avoided pollution reductions for decades. Now is the time for EPA to act.
Similarly, in Wyoming, the state failed to even consider pollution controls at the states largest polluters, including Jim Bridger, Naughton, Dave Johnston, and Wyodak coal plants. Each of these facilities could install cost-effective pollution controls, including SCRs, that would result in significant air-quality improvements across the state.
Please finalize the proposed disapprovals of Utah and Wyomings do-nothing plans and require enforceable pollution reductions, including SCR installation, on our states' biggest polluters Hunter, Huntington, Jim Bridger, Naughton, Dave Johnston, and Wyodak.",https://www.regulations.gov/comment/EPA-R08-OAR-2024-0389-0343,,false,source=Regulations.gov v4 comment detail; retrievedAt=2026-09-12T18:11:40+00:00; commentOnDocumentId=EPA-R08-OAR-2024-0389-0001; duplicateComments=1; organizationMissing=true
EPA-R08-OAR-2024-0389,EPA-R08-OAR-2024-0389-0344,Marie Milo,not provided by public Regulations.gov fields,2024-10-09T04:00:00Z,"Wyoming and Utah have submitted Regional Haze State Implementation Plans with no proposed pollution reductions, allowing some of the nation's biggest polluters to remain uncontrolled for nitrogen oxide, sulfur dioxide, and other pollutants when common-sense controls exist that could significantly cut those emissions.
EPAs proposed disapprovals of these do-nothing state plans are a critical first step to protect air quality, both in national parks and our communities. I urge EPA to finalize its proposed disapprovals and act quickly to implement plans that will result in real pollution reductions.
In Utah, EPA analysis shows that installing selective catalytic reduction (SCR) on Hunter and Huntington coal plants would be cost-effective and provide massive visibility benefits for Utahs national parks. These plants have avoided pollution reductions for decades. Now is the time for EPA to act.
Similarly, in Wyoming, the state failed to even consider pollution controls at the states largest polluters, including Jim Bridger, Naughton, Dave Johnston, and Wyodak coal plants. Each of these facilities could install cost-effective pollution controls, including SCRs, that would result in significant air-quality improvements across the state.
Please finalize the proposed disapprovals of Utah and Wyomings do-nothing plans and require enforceable pollution reductions, including SCR installation, on our states' biggest polluters Hunter, Huntington, Jim Bridger, Naughton, Dave Johnston, and Wyodak.",https://www.regulations.gov/comment/EPA-R08-OAR-2024-0389-0344,,false,source=Regulations.gov v4 comment detail; retrievedAt=2026-09-12T18:11:40+00:00; commentOnDocumentId=EPA-R08-OAR-2024-0389-0001; duplicateComments=1; organizationMissing=true
EPA-R08-OAR-2024-0389,EPA-R08-OAR-2024-0389-0345,Mark Beseda,not provided by public Regulations.gov fields,2024-10-09T04:00:00Z,"Wyoming and Utah have submitted Regional Haze State Implementation Plans with no proposed pollution reductions, allowing some of the nation's biggest polluters to remain uncontrolled for nitrogen oxide, sulfur dioxide, and other pollutants when common-sense controls exist that could significantly cut those emissions.
EPAs proposed disapprovals of these do-nothing state plans are a critical first step to protect air quality, both in national parks and our communities. I urge EPA to finalize its proposed disapprovals and act quickly to implement plans that will result in real pollution reductions.
In Utah, EPA analysis shows that installing selective catalytic reduction (SCR) on Hunter and Huntington coal plants would be cost-effective and provide massive visibility benefits for Utahs national parks. These plants have avoided pollution reductions for decades. Now is the time for EPA to act.
Similarly, in Wyoming, the state failed to even consider pollution controls at the states largest polluters, including Jim Bridger, Naughton, Dave Johnston, and Wyodak coal plants. Each of these facilities could install cost-effective pollution controls, including SCRs, that would result in significant air-quality improvements across the state.
Please finalize the proposed disapprovals of Utah and Wyomings do-nothing plans and require enforceable pollution reductions, including SCR installation, on our states' biggest polluters Hunter, Huntington, Jim Bridger, Naughton, Dave Johnston, and Wyodak.",https://www.regulations.gov/comment/EPA-R08-OAR-2024-0389-0345,,false,source=Regulations.gov v4 comment detail; retrievedAt=2026-09-12T18:11:40+00:00; commentOnDocumentId=EPA-R08-OAR-2024-0389-0001; duplicateComments=1; organizationMissing=true
EPA-R08-OAR-2024-0389,EPA-R08-OAR-2024-0389-0346,Wayne Lamothe,not provided by public Regulations.gov fields,2024-10-09T04:00:00Z,"Wyoming and Utah have submitted Regional Haze State Implementation Plans with no proposed pollution reductions, allowing some of the nation's biggest polluters to remain uncontrolled for nitrogen oxide, sulfur dioxide, and other pollutants when common-sense controls exist that could significantly cut those emissions.
EPAs proposed disapprovals of these do-nothing state plans are a critical first step to protect air quality, both in national parks and our communities. I urge EPA to finalize its proposed disapprovals and act quickly to implement plans that will result in real pollution reductions.
In Utah, EPA analysis shows that installing selective catalytic reduction (SCR) on Hunter and Huntington coal plants would be cost-effective and provide massive visibility benefits for Utahs national parks. These plants have avoided pollution reductions for decades. Now is the time for EPA to act.
Similarly, in Wyoming, the state failed to even consider pollution controls at the states largest polluters, including Jim Bridger, Naughton, Dave Johnston, and Wyodak coal plants. Each of these facilities could install cost-effective pollution controls, including SCRs, that would result in significant air-quality improvements across the state.
Please finalize the proposed disapprovals of Utah and Wyomings do-nothing plans and require enforceable pollution reductions, including SCR installation, on our states' biggest polluters Hunter, Huntington, Jim Bridger, Naughton, Dave Johnston, and Wyodak.",https://www.regulations.gov/comment/EPA-R08-OAR-2024-0389-0346,,false,source=Regulations.gov v4 comment detail; retrievedAt=2026-09-12T18:11:40+00:00; commentOnDocumentId=EPA-R08-OAR-2024-0389-0001; duplicateComments=1; organizationMissing=true
EPA-R08-OAR-2024-0389,EPA-R08-OAR-2024-0389-0347,Joan Murray,not provided by public Regulations.gov fields,2024-10-09T04:00:00Z,"The views are one of the most important aspects of many national parks.
Wyoming and Utah have submitted Regional Haze State Implementation Plans with no proposed pollution reductions, allowing some of the nation's biggest polluters to remain uncontrolled for nitrogen oxide, sulfur dioxide, and other pollutants when common-sense controls exist that could significantly cut those emissions.
EPAs proposed disapprovals of these do-nothing state plans are a critical first step to protect air quality, both in national parks and our communities. I urge EPA to finalize its proposed disapprovals and act quickly to implement plans that will result in real pollution reductions.
In Utah, EPA analysis shows that installing selective catalytic reduction (SCR) on Hunter and Huntington coal plants would be cost-effective and provide massive visibility benefits for Utahs national parks. These plants have avoided pollution reductions for decades. Now is the time for EPA to act.
Similarly, in Wyoming, the state failed to even consider pollution controls at the states largest polluters, including Jim Bridger, Naughton, Dave Johnston, and Wyodak coal plants. Each of these facilities could install cost-effective pollution controls, including SCRs, that would result in significant air-quality improvements across the state.
Please finalize the proposed disapprovals of Utah and Wyomings do-nothing plans and require enforceable pollution reductions, including SCR installation, on our states' biggest polluters Hunter, Huntington, Jim Bridger, Naughton, Dave Johnston, and Wyodak.",https://www.regulations.gov/comment/EPA-R08-OAR-2024-0389-0347,,false,source=Regulations.gov v4 comment detail; retrievedAt=2026-09-12T18:11:40+00:00; commentOnDocumentId=EPA-R08-OAR-2024-0389-0001; duplicateComments=1; organizationMissing=true
EPA-R08-OAR-2024-0389,EPA-R08-OAR-2024-0389-0348,Matt Williams,not provided by public Regulations.gov fields,2024-10-09T04:00:00Z,"Wyoming and Utah have submitted Regional Haze State Implementation Plans with no proposed pollution reductions, allowing some of the nation's biggest polluters to remain uncontrolled for nitrogen oxide, sulfur dioxide, and other pollutants when common-sense controls exist that could significantly cut those emissions.
EPAs proposed disapprovals of these do-nothing state plans are a critical first step to protect air quality, both in national parks and our communities. I urge EPA to finalize its proposed disapprovals and act quickly to implement plans that will result in real pollution reductions.
In Utah, EPA analysis shows that installing selective catalytic reduction (SCR) on Hunter and Huntington coal plants would be cost-effective and provide massive visibility benefits for Utahs national parks. These plants have avoided pollution reductions for decades. Now is the time for EPA to act.
Similarly, in Wyoming, the state failed to even consider pollution controls at the states largest polluters, including Jim Bridger, Naughton, Dave Johnston, and Wyodak coal plants. Each of these facilities could install cost-effective pollution controls, including SCRs, that would result in significant air-quality improvements across the state.
Please finalize the proposed disapprovals of Utah and Wyomings do-nothing plans and require enforceable pollution reductions, including SCR installation, on our states' biggest polluters Hunter, Huntington, Jim Bridger, Naughton, Dave Johnston, and Wyodak.",https://www.regulations.gov/comment/EPA-R08-OAR-2024-0389-0348,,false,source=Regulations.gov v4 comment detail; retrievedAt=2026-09-12T18:11:40+00:00; commentOnDocumentId=EPA-R08-OAR-2024-0389-0001; duplicateComments=1; organizationMissing=true
EPA-R08-OAR-2024-0389,EPA-R08-OAR-2024-0389-0349,Benjamin Park,not provided by public Regulations.gov fields,2024-10-09T04:00:00Z,"Wyoming and Utah have submitted Regional Haze State Implementation Plans with no proposed pollution reductions, allowing some of the nation's biggest polluters to remain uncontrolled for nitrogen oxide, sulfur dioxide, and other pollutants when common-sense controls exist that could significantly cut those emissions.
EPAs proposed disapprovals of these do-nothing state plans are a critical first step to protect air quality, both in national parks and our communities. I urge EPA to finalize its proposed disapprovals and act quickly to implement plans that will result in real pollution reductions.
In Utah, EPA analysis shows that installing selective catalytic reduction (SCR) on Hunter and Huntington coal plants would be cost-effective and provide massive visibility benefits for Utahs national parks. These plants have avoided pollution reductions for decades. Now is the time for EPA to act.
Similarly, in Wyoming, the state failed to even consider pollution controls at the states largest polluters, including Jim Bridger, Naughton, Dave Johnston, and Wyodak coal plants. Each of these facilities could install cost-effective pollution controls, including SCRs, that would result in significant air-quality improvements across the state.
Please finalize the proposed disapprovals of Utah and Wyomings do-nothing plans and require enforceable pollution reductions, including SCR installation, on our states' biggest polluters Hunter, Huntington, Jim Bridger, Naughton, Dave Johnston, and Wyodak.",https://www.regulations.gov/comment/EPA-R08-OAR-2024-0389-0349,,false,source=Regulations.gov v4 comment detail; retrievedAt=2026-09-12T18:11:40+00:00; commentOnDocumentId=EPA-R08-OAR-2024-0389-0001; duplicateComments=1; organizationMissing=true
EPA-R08-OAR-2024-0389,EPA-R08-OAR-2024-0389-0350,Patricia Oldham,not provided by public Regulations.gov fields,2024-10-09T04:00:00Z,"Wyoming and Utah have submitted Regional Haze State Implementation Plans with no proposed pollution reductions, allowing some of the nation's biggest polluters to remain uncontrolled for nitrogen oxide, sulfur dioxide, and other pollutants when common-sense controls exist that could significantly cut those emissions.
EPAs proposed disapprovals of these do-nothing state plans are a critical first step to protect air quality, both in national parks and our communities. I urge EPA to finalize its proposed disapprovals and act quickly to implement plans that will result in real pollution reductions.
In Utah, EPA analysis shows that installing selective catalytic reduction (SCR) on Hunter and Huntington coal plants would be cost-effective and provide massive visibility benefits for Utahs national parks. These plants have avoided pollution reductions for decades. Now is the time for EPA to act.
Similarly, in Wyoming, the state failed to even consider pollution controls at the states largest polluters, including Jim Bridger, Naughton, Dave Johnston, and Wyodak coal plants. Each of these facilities could install cost-effective pollution controls, including SCRs, that would result in significant air-quality improvements across the state.
Please finalize the proposed disapprovals of Utah and Wyomings do-nothing plans and require enforceable pollution reductions, including SCR installation, on our states' biggest polluters Hunter, Huntington, Jim Bridger, Naughton, Dave Johnston, and Wyodak.",https://www.regulations.gov/comment/EPA-R08-OAR-2024-0389-0350,,false,source=Regulations.gov v4 comment detail; retrievedAt=2026-09-12T18:11:40+00:00; commentOnDocumentId=EPA-R08-OAR-2024-0389-0001; duplicateComments=1; organizationMissing=true
EPA-R08-OAR-2024-0389,EPA-R08-OAR-2024-0389-0351,Greg Harness,not provided by public Regulations.gov fields,2024-10-09T04:00:00Z,"Thank you for what you have already done to reduce emissions from coal plants. Please continue to push western states to abide by federal law and correct the problems identified. We all deserve clean air. Thank you.
Wyoming and Utah have submitted Regional Haze State Implementation Plans with no proposed pollution reductions, allowing some of the nation's biggest polluters to remain uncontrolled for nitrogen oxide, sulfur dioxide, and other pollutants when common-sense controls exist that could significantly cut those emissions.
EPAs proposed disapprovals of these do-nothing state plans are a critical first step to protect air quality, both in national parks and our communities. I urge EPA to finalize its proposed disapprovals and act quickly to implement plans that will result in real pollution reductions.
In Utah, EPA analysis shows that installing selective catalytic reduction (SCR) on Hunter and Huntington coal plants would be cost-effective and provide massive visibility benefits for Utahs national parks. These plants have avoided pollution reductions for decades. Now is the time for EPA to act.
Similarly, in Wyoming, the state failed to even consider pollution controls at the states largest polluters, including Jim Bridger, Naughton, Dave Johnston, and Wyodak coal plants. Each of these facilities could install cost-effective pollution controls, including SCRs, that would result in significant air-quality improvements across the state.
Please finalize the proposed disapprovals of Utah and Wyomings do-nothing plans and require enforceable pollution reductions, including SCR installation, on our states' biggest polluters Hunter, Huntington, Jim Bridger, Naughton, Dave Johnston, and Wyodak.",https://www.regulations.gov/comment/EPA-R08-OAR-2024-0389-0351,,false,source=Regulations.gov v4 comment detail; retrievedAt=2026-09-12T18:11:40+00:00; commentOnDocumentId=EPA-R08-OAR-2024-0389-0001; duplicateComments=1; organizationMissing=true
EPA-R08-OAR-2024-0389,EPA-R08-OAR-2024-0389-0352,Gina White,not provided by public Regulations.gov fields,2024-10-09T04:00:00Z,"Wyoming and Utah have submitted Regional Haze State Implementation Plans with no proposed pollution reductions, allowing some of the nation's biggest polluters to remain uncontrolled for nitrogen oxide, sulfur dioxide, and other pollutants when common-sense controls exist that could significantly cut those emissions.
EPAs proposed disapprovals of these do-nothing state plans are a critical first step to protect air quality, both in national parks and our communities. I urge EPA to finalize its proposed disapprovals and act quickly to implement plans that will result in real pollution reductions.
In Utah, EPA analysis shows that installing selective catalytic reduction (SCR) on Hunter and Huntington coal plants would be cost-effective and provide massive visibility benefits for Utahs national parks. These plants have avoided pollution reductions for decades. Now is the time for EPA to act.
Similarly, in Wyoming, the state failed to even consider pollution controls at the states largest polluters, including Jim Bridger, Naughton, Dave Johnston, and Wyodak coal plants. Each of these facilities could install cost-effective pollution controls, including SCRs, that would result in significant air-quality improvements across the state.
Please finalize the proposed disapprovals of Utah and Wyomings do-nothing plans and require enforceable pollution reductions, including SCR installation, on our states' biggest polluters Hunter, Huntington, Jim Bridger, Naughton, Dave Johnston, and Wyodak.",https://www.regulations.gov/comment/EPA-R08-OAR-2024-0389-0352,,false,source=Regulations.gov v4 comment detail; retrievedAt=2026-09-12T18:11:40+00:00; commentOnDocumentId=EPA-R08-OAR-2024-0389-0001; duplicateComments=1; organizationMissing=true
EPA-R08-OAR-2024-0389,EPA-R08-OAR-2024-0389-0353,Jan Pielke,not provided by public Regulations.gov fields,2024-10-09T04:00:00Z,"Wyoming and Utah have submitted Regional Haze State Implementation Plans with no proposed pollution reductions, allowing some of the nation's biggest polluters to remain uncontrolled for nitrogen oxide, sulfur dioxide, and other pollutants when common-sense controls exist that could significantly cut those emissions.
EPAs proposed disapprovals of these do-nothing state plans are a critical first step to protect air quality, both in national parks and our communities. I urge EPA to finalize its proposed disapprovals and act quickly to implement plans that will result in real pollution reductions.
In Utah, EPA analysis shows that installing selective catalytic reduction (SCR) on Hunter and Huntington coal plants would be cost-effective and provide massive visibility benefits for Utahs national parks. These plants have avoided pollution reductions for decades. Now is the time for EPA to act.
Similarly, in Wyoming, the state failed to even consider pollution controls at the states largest polluters, including Jim Bridger, Naughton, Dave Johnston, and Wyodak coal plants. Each of these facilities could install cost-effective pollution controls, including SCRs, that would result in significant air-quality improvements across the state.
Please finalize the proposed disapprovals of Utah and Wyomings do-nothing plans and require enforceable pollution reductions, including SCR installation, on our states' biggest polluters Hunter, Huntington, Jim Bridger, Naughton, Dave Johnston, and Wyodak.",https://www.regulations.gov/comment/EPA-R08-OAR-2024-0389-0353,,false,source=Regulations.gov v4 comment detail; retrievedAt=2026-09-12T18:11:40+00:00; commentOnDocumentId=EPA-R08-OAR-2024-0389-0001; duplicateComments=1; organizationMissing=true
EPA-R08-OAR-2024-0389,EPA-R08-OAR-2024-0389-0354,Celeste Andersen,not provided by public Regulations.gov fields,2024-10-09T04:00:00Z,"Utah is a beautiful state, full of many natural wonders that my family and I have visited and enjoyed for years. Coal dust pollution damages these wonders as well as damaging the health of the residents and visitors to Utah. With the momentum behind clean modes of energy production it is time to start phasing out coal now and working to reduce the haze in the state. The EPA absolutely is in the right to address this concern immediately.
Wyoming and Utah have submitted Regional Haze State Implementation Plans with no proposed pollution reductions, allowing some of the nation's biggest polluters to remain uncontrolled for nitrogen oxide, sulfur dioxide, and other pollutants when common-sense controls exist that could significantly cut those emissions.
EPAs proposed disapprovals of these do-nothing state plans are a critical first step to protect air quality, both in national parks and our communities. I urge EPA to finalize its proposed disapprovals and act quickly to implement plans that will result in real pollution reductions.
In Utah, EPA analysis shows that installing selective catalytic reduction (SCR) on Hunter and Huntington coal plants would be cost-effective and provide massive visibility benefits for Utahs national parks. These plants have avoided pollution reductions for decades. Now is the time for EPA to act.
Similarly, in Wyoming, the state failed to even consider pollution controls at the states largest polluters, including Jim Bridger, Naughton, Dave Johnston, and Wyodak coal plants. Each of these facilities could install cost-effective pollution controls, including SCRs, that would result in significant air-quality improvements across the state.
Please finalize the proposed disapprovals of Utah and Wyomings do-nothing plans and require enforceable pollution reductions, including SCR installation, on our states' biggest polluters Hunter, Huntington, Jim Bridger, Naughton, Dave Johnston, and Wyodak.",https://www.regulations.gov/comment/EPA-R08-OAR-2024-0389-0354,,false,source=Regulations.gov v4 comment detail; retrievedAt=2026-09-12T18:11:40+00:00; commentOnDocumentId=EPA-R08-OAR-2024-0389-0001; duplicateComments=1; organizationMissing=true
EPA-R08-OAR-2024-0389,EPA-R08-OAR-2024-0389-0355,Emma Trotter,not provided by public Regulations.gov fields,2024-10-09T04:00:00Z,"National park views are precious!
Wyoming and Utah have submitted Regional Haze State Implementation Plans with no proposed pollution reductions, allowing some of the nation's biggest polluters to remain uncontrolled for nitrogen oxide, sulfur dioxide, and other pollutants when common-sense controls exist that could significantly cut those emissions.
EPAs proposed disapprovals of these do-nothing state plans are a critical first step to protect air quality, both in national parks and our communities. I urge EPA to finalize its proposed disapprovals and act quickly to implement plans that will result in real pollution reductions.
In Utah, EPA analysis shows that installing selective catalytic reduction (SCR) on Hunter and Huntington coal plants would be cost-effective and provide massive visibility benefits for Utahs national parks. These plants have avoided pollution reductions for decades. Now is the time for EPA to act.
Similarly, in Wyoming, the state failed to even consider pollution controls at the states largest polluters, including Jim Bridger, Naughton, Dave Johnston, and Wyodak coal plants. Each of these facilities could install cost-effective pollution controls, including SCRs, that would result in significant air-quality improvements across the state.
Please finalize the proposed disapprovals of Utah and Wyomings do-nothing plans and require enforceable pollution reductions, including SCR installation, on our states' biggest polluters Hunter, Huntington, Jim Bridger, Naughton, Dave Johnston, and Wyodak.",https://www.regulations.gov/comment/EPA-R08-OAR-2024-0389-0355,,false,source=Regulations.gov v4 comment detail; retrievedAt=2026-09-12T18:11:40+00:00; commentOnDocumentId=EPA-R08-OAR-2024-0389-0001; duplicateComments=1; organizationMissing=true
EPA-R08-OAR-2024-0389,EPA-R08-OAR-2024-0389-0356,Peter Barron,not provided by public Regulations.gov fields,2024-10-09T04:00:00Z,"We go to places to see things, something that makes it hard to see should not be allowed!
Wyoming and Utah have submitted Regional Haze State Implementation Plans with no proposed pollution reductions, allowing some of the nation's biggest polluters to remain uncontrolled for nitrogen oxide, sulfur dioxide, and other pollutants when common-sense controls exist that could significantly cut those emissions.
EPAs proposed disapprovals of these do-nothing state plans are a critical first step to protect air quality, both in national parks and our communities. I urge EPA to finalize its proposed disapprovals and act quickly to implement plans that will result in real pollution reductions.
In Utah, EPA analysis shows that installing selective catalytic reduction (SCR) on Hunter and Huntington coal plants would be cost-effective and provide massive visibility benefits for Utahs national parks. These plants have avoided pollution reductions for decades. Now is the time for EPA to act.
Similarly, in Wyoming, the state failed to even consider pollution controls at the states largest polluters, including Jim Bridger, Naughton, Dave Johnston, and Wyodak coal plants. Each of these facilities could install cost-effective pollution controls, including SCRs, that would result in significant air-quality improvements across the state.
Please finalize the proposed disapprovals of Utah and Wyomings do-nothing plans and require enforceable pollution reductions, including SCR installation, on our states' biggest polluters Hunter, Huntington, Jim Bridger, Naughton, Dave Johnston, and Wyodak.",https://www.regulations.gov/comment/EPA-R08-OAR-2024-0389-0356,,false,source=Regulations.gov v4 comment detail; retrievedAt=2026-09-12T18:11:40+00:00; commentOnDocumentId=EPA-R08-OAR-2024-0389-0001; duplicateComments=1; organizationMissing=true
EPA-R08-OAR-2024-0389,EPA-R08-OAR-2024-0389-0357,Krista Berg?re,not provided by public Regulations.gov fields,2024-10-09T04:00:00Z,"Wyoming and Utah have submitted Regional Haze State Implementation Plans with no proposed pollution reductions, allowing some of the nation's biggest polluters to remain uncontrolled for nitrogen oxide, sulfur dioxide, and other pollutants when common-sense controls exist that could significantly cut those emissions.
EPAs proposed disapprovals of these do-nothing state plans are a critical first step to protect air quality, both in national parks and our communities. I urge EPA to finalize its proposed disapprovals and act quickly to implement plans that will result in real pollution reductions.
In Utah, EPA analysis shows that installing selective catalytic reduction (SCR) on Hunter and Huntington coal plants would be cost-effective and provide massive visibility benefits for Utahs national parks. These plants have avoided pollution reductions for decades. Now is the time for EPA to act.
Similarly, in Wyoming, the state failed to even consider pollution controls at the states largest polluters, including Jim Bridger, Naughton, Dave Johnston, and Wyodak coal plants. Each of these facilities could install cost-effective pollution controls, including SCRs, that would result in significant air-quality improvements across the state.
Please finalize the proposed disapprovals of Utah and Wyomings do-nothing plans and require enforceable pollution reductions, including SCR installation, on our states' biggest polluters Hunter, Huntington, Jim Bridger, Naughton, Dave Johnston, and Wyodak.",https://www.regulations.gov/comment/EPA-R08-OAR-2024-0389-0357,,false,source=Regulations.gov v4 comment detail; retrievedAt=2026-09-12T18:11:40+00:00; commentOnDocumentId=EPA-R08-OAR-2024-0389-0001; duplicateComments=1; organizationMissing=true
EPA-R08-OAR-2024-0389,EPA-R08-OAR-2024-0389-0358,Margaret Phelps,not provided by public Regulations.gov fields,2024-10-09T04:00:00Z,"Wyoming and Utah have submitted Regional Haze State Implementation Plans with no proposed pollution reductions, allowing some of the nation's biggest polluters to remain uncontrolled for nitrogen oxide, sulfur dioxide, and other pollutants when common-sense controls exist that could significantly cut those emissions.
EPAs proposed disapprovals of these do-nothing state plans are a critical first step to protect air quality, both in national parks and our communities. I urge EPA to finalize its proposed disapprovals and act quickly to implement plans that will result in real pollution reductions.
In Utah, EPA analysis shows that installing selective catalytic reduction (SCR) on Hunter and Huntington coal plants would be cost-effective and provide massive visibility benefits for Utahs national parks. These plants have avoided pollution reductions for decades. Now is the time for EPA to act.
Similarly, in Wyoming, the state failed to even consider pollution controls at the states largest polluters, including Jim Bridger, Naughton, Dave Johnston, and Wyodak coal plants. Each of these facilities could install cost-effective pollution controls, including SCRs, that would result in significant air-quality improvements across the state.
Please finalize the proposed disapprovals of Utah and Wyomings do-nothing plans and require enforceable pollution reductions, including SCR installation, on our states' biggest polluters Hunter, Huntington, Jim Bridger, Naughton, Dave Johnston, and Wyodak.",https://www.regulations.gov/comment/EPA-R08-OAR-2024-0389-0358,,false,source=Regulations.gov v4 comment detail; retrievedAt=2026-09-12T18:11:40+00:00; commentOnDocumentId=EPA-R08-OAR-2024-0389-0001; duplicateComments=1; organizationMissing=true
EPA-R08-OAR-2024-0389,EPA-R08-OAR-2024-0389-0359,Phil Goldsmith,not provided by public Regulations.gov fields,2024-10-09T04:00:00Z,"Wyoming and Utah have submitted Regional Haze State Implementation Plans with no proposed pollution reductions, allowing some of the nation's biggest polluters to remain uncontrolled for nitrogen oxide, sulfur dioxide, and other pollutants when common-sense controls exist that could significantly cut those emissions.
EPAs proposed disapprovals of these do-nothing state plans are a critical first step to protect air quality, both in national parks and our communities. I urge EPA to finalize its proposed disapprovals and act quickly to implement plans that will result in real pollution reductions.
In Utah, EPA analysis shows that installing selective catalytic reduction (SCR) on Hunter and Huntington coal plants would be cost-effective and provide massive visibility benefits for Utahs national parks. These plants have avoided pollution reductions for decades. Now is the time for EPA to act.
Similarly, in Wyoming, the state failed to even consider pollution controls at the states largest polluters, including Jim Bridger, Naughton, Dave Johnston, and Wyodak coal plants. Each of these facilities could install cost-effective pollution controls, including SCRs, that would result in significant air-quality improvements across the state.
Please finalize the proposed disapprovals of Utah and Wyomings do-nothing plans and require enforceable pollution reductions, including SCR installation, on our states' biggest polluters Hunter, Huntington, Jim Bridger, Naughton, Dave Johnston, and Wyodak.",https://www.regulations.gov/comment/EPA-R08-OAR-2024-0389-0359,,false,source=Regulations.gov v4 comment detail; retrievedAt=2026-09-12T18:11:40+00:00; commentOnDocumentId=EPA-R08-OAR-2024-0389-0001; duplicateComments=1; organizationMissing=true
EPA-R08-OAR-2024-0389,EPA-R08-OAR-2024-0389-0360,preston white,not provided by public Regulations.gov fields,2024-10-09T04:00:00Z,"Wyoming and Utah have submitted Regional Haze State Implementation Plans with no proposed pollution reductions, allowing some of the nation's biggest polluters to remain uncontrolled for nitrogen oxide, sulfur dioxide, and other pollutants when common-sense controls exist that could significantly cut those emissions.
EPAs proposed disapprovals of these do-nothing state plans are a critical first step to protect air quality, both in national parks and our communities. I urge EPA to finalize its proposed disapprovals and act quickly to implement plans that will result in real pollution reductions.
In Utah, EPA analysis shows that installing selective catalytic reduction (SCR) on Hunter and Huntington coal plants would be cost-effective and provide massive visibility benefits for Utahs national parks. These plants have avoided pollution reductions for decades. Now is the time for EPA to act.
Similarly, in Wyoming, the state failed to even consider pollution controls at the states largest polluters, including Jim Bridger, Naughton, Dave Johnston, and Wyodak coal plants. Each of these facilities could install cost-effective pollution controls, including SCRs, that would result in significant air-quality improvements across the state.
Please finalize the proposed disapprovals of Utah and Wyomings do-nothing plans and require enforceable pollution reductions, including SCR installation, on our states' biggest polluters Hunter, Huntington, Jim Bridger, Naughton, Dave Johnston, and Wyodak.",https://www.regulations.gov/comment/EPA-R08-OAR-2024-0389-0360,,false,source=Regulations.gov v4 comment detail; retrievedAt=2026-09-12T18:11:40+00:00; commentOnDocumentId=EPA-R08-OAR-2024-0389-0001; duplicateComments=1; organizationMissing=true
EPA-R08-OAR-2024-0389,EPA-R08-OAR-2024-0389-0361,Selim Uzuner,not provided by public Regulations.gov fields,2024-10-09T04:00:00Z,"Wyoming and Utah have submitted Regional Haze State Implementation Plans with no proposed pollution reductions, allowing some of the nation's biggest polluters to remain uncontrolled for nitrogen oxide, sulfur dioxide, and other pollutants when common-sense controls exist that could significantly cut those emissions.
EPAs proposed disapprovals of these do-nothing state plans are a critical first step to protect air quality, both in national parks and our communities. I urge EPA to finalize its proposed disapprovals and act quickly to implement plans that will result in real pollution reductions.
In Utah, EPA analysis shows that installing selective catalytic reduction (SCR) on Hunter and Huntington coal plants would be cost-effective and provide massive visibility benefits for Utahs national parks. These plants have avoided pollution reductions for decades. Now is the time for EPA to act.
Similarly, in Wyoming, the state failed to even consider pollution controls at the states largest polluters, including Jim Bridger, Naughton, Dave Johnston, and Wyodak coal plants. Each of these facilities could install cost-effective pollution controls, including SCRs, that would result in significant air-quality improvements across the state.
Please finalize the proposed disapprovals of Utah and Wyomings do-nothing plans and require enforceable pollution reductions, including SCR installation, on our states' biggest polluters Hunter, Huntington, Jim Bridger, Naughton, Dave Johnston, and Wyodak.",https://www.regulations.gov/comment/EPA-R08-OAR-2024-0389-0361,,false,source=Regulations.gov v4 comment detail; retrievedAt=2026-09-12T18:11:40+00:00; commentOnDocumentId=EPA-R08-OAR-2024-0389-0001; duplicateComments=1; organizationMissing=true
EPA-R08-OAR-2024-0389,EPA-R08-OAR-2024-0389-0362,Sheryl Sparling,not provided by public Regulations.gov fields,2024-10-09T04:00:00Z,"Wyoming and Utah have submitted Regional Haze State Implementation Plans with no proposed pollution reductions, allowing some of the nation's biggest polluters to remain uncontrolled for nitrogen oxide, sulfur dioxide, and other pollutants when common-sense controls exist that could significantly cut those emissions.
EPAs proposed disapprovals of these do-nothing state plans are a critical first step to protect air quality, both in national parks and our communities. I urge EPA to finalize its proposed disapprovals and act quickly to implement plans that will result in real pollution reductions.
In Utah, EPA analysis shows that installing selective catalytic reduction (SCR) on Hunter and Huntington coal plants would be cost-effective and provide massive visibility benefits for Utahs national parks. These plants have avoided pollution reductions for decades. Now is the time for EPA to act.
Similarly, in Wyoming, the state failed to even consider pollution controls at the states largest polluters, including Jim Bridger, Naughton, Dave Johnston, and Wyodak coal plants. Each of these facilities could install cost-effective pollution controls, including SCRs, that would result in significant air-quality improvements across the state.
Please finalize the proposed disapprovals of Utah and Wyomings do-nothing plans and require enforceable pollution reductions, including SCR installation, on our states' biggest polluters Hunter, Huntington, Jim Bridger, Naughton, Dave Johnston, and Wyodak.",https://www.regulations.gov/comment/EPA-R08-OAR-2024-0389-0362,,false,source=Regulations.gov v4 comment detail; retrievedAt=2026-09-12T18:11:40+00:00; commentOnDocumentId=EPA-R08-OAR-2024-0389-0001; duplicateComments=1; organizationMissing=true
EPA-R08-OAR-2024-0389,EPA-R08-OAR-2024-0389-0363,Joseph Sharp,not provided by public Regulations.gov fields,2024-10-09T04:00:00Z,"Clean air should be a right, not a rarity. Cleaning up the air in parks is a worthwhile goal.
Wyoming and Utah have submitted Regional Haze State Implementation Plans with no proposed pollution reductions, allowing some of the nation's biggest polluters to remain uncontrolled for nitrogen oxide, sulfur dioxide, and other pollutants when common-sense controls exist that could significantly cut those emissions.
EPAs proposed disapprovals of these do-nothing state plans are a critical first step to protect air quality, both in national parks and our communities. I urge EPA to finalize its proposed disapprovals and act quickly to implement plans that will result in real pollution reductions.
In Utah, EPA analysis shows that installing selective catalytic reduction (SCR) on Hunter and Huntington coal plants would be cost-effective and provide massive visibility benefits for Utahs national parks. These plants have avoided pollution reductions for decades. Now is the time for EPA to act.
Similarly, in Wyoming, the state failed to even consider pollution controls at the states largest polluters, including Jim Bridger, Naughton, Dave Johnston, and Wyodak coal plants. Each of these facilities could install cost-effective pollution controls, including SCRs, that would result in significant air-quality improvements across the state.
Please finalize the proposed disapprovals of Utah and Wyomings do-nothing plans and require enforceable pollution reductions, including SCR installation, on our states' biggest polluters Hunter, Huntington, Jim Bridger, Naughton, Dave Johnston, and Wyodak.",https://www.regulations.gov/comment/EPA-R08-OAR-2024-0389-0363,,false,source=Regulations.gov v4 comment detail; retrievedAt=2026-09-12T18:11:40+00:00; commentOnDocumentId=EPA-R08-OAR-2024-0389-0001; duplicateComments=1; organizationMissing=true
EPA-R08-OAR-2024-0389,EPA-R08-OAR-2024-0389-0364,Deborah Vinall,not provided by public Regulations.gov fields,2024-10-09T04:00:00Z,"Wyoming and Utah have submitted Regional Haze State Implementation Plans with no proposed pollution reductions, allowing some of the nation's biggest polluters to remain uncontrolled for nitrogen oxide, sulfur dioxide, and other pollutants when common-sense controls exist that could significantly cut those emissions.
EPAs proposed disapprovals of these do-nothing state plans are a critical first step to protect air quality, both in national parks and our communities. I urge EPA to finalize its proposed disapprovals and act quickly to implement plans that will result in real pollution reductions.
In Utah, EPA analysis shows that installing selective catalytic reduction (SCR) on Hunter and Huntington coal plants would be cost-effective and provide massive visibility benefits for Utahs national parks. These plants have avoided pollution reductions for decades. Now is the time for EPA to act.
Similarly, in Wyoming, the state failed to even consider pollution controls at the states largest polluters, including Jim Bridger, Naughton, Dave Johnston, and Wyodak coal plants. Each of these facilities could install cost-effective pollution controls, including SCRs, that would result in significant air-quality improvements across the state.
Please finalize the proposed disapprovals of Utah and Wyomings do-nothing plans and require enforceable pollution reductions, including SCR installation, on our states' biggest polluters Hunter, Huntington, Jim Bridger, Naughton, Dave Johnston, and Wyodak.",https://www.regulations.gov/comment/EPA-R08-OAR-2024-0389-0364,,false,source=Regulations.gov v4 comment detail; retrievedAt=2026-09-12T18:11:40+00:00; commentOnDocumentId=EPA-R08-OAR-2024-0389-0001; duplicateComments=1; organizationMissing=true
EPA-R08-OAR-2024-0389,EPA-R08-OAR-2024-0389-0365,Molly Huddleston,not provided by public Regulations.gov fields,2024-10-09T04:00:00Z,"Wyoming and Utah have submitted Regional Haze State Implementation Plans with no proposed pollution reductions, allowing some of the nation's biggest polluters to remain uncontrolled for nitrogen oxide, sulfur dioxide, and other pollutants when common-sense controls exist that could significantly cut those emissions.
EPAs proposed disapprovals of these do-nothing state plans are a critical first step to protect air quality, both in national parks and our communities. I urge EPA to finalize its proposed disapprovals and act quickly to implement plans that will result in real pollution reductions.
In Utah, EPA analysis shows that installing selective catalytic reduction (SCR) on Hunter and Huntington coal plants would be cost-effective and provide massive visibility benefits for Utahs national parks. These plants have avoided pollution reductions for decades. Now is the time for EPA to act.
Similarly, in Wyoming, the state failed to even consider pollution controls at the states largest polluters, including Jim Bridger, Naughton, Dave Johnston, and Wyodak coal plants. Each of these facilities could install cost-effective pollution controls, including SCRs, that would result in significant air-quality improvements across the state.
Please finalize the proposed disapprovals of Utah and Wyomings do-nothing plans and require enforceable pollution reductions, including SCR installation, on our states' biggest polluters Hunter, Huntington, Jim Bridger, Naughton, Dave Johnston, and Wyodak.",https://www.regulations.gov/comment/EPA-R08-OAR-2024-0389-0365,,false,source=Regulations.gov v4 comment detail; retrievedAt=2026-09-12T18:11:40+00:00; commentOnDocumentId=EPA-R08-OAR-2024-0389-0001; duplicateComments=1; organizationMissing=true
EPA-R08-OAR-2024-0389,EPA-R08-OAR-2024-0389-0366,Nancy Havassy,not provided by public Regulations.gov fields,2024-10-09T04:00:00Z,"Wyoming and Utah have submitted Regional Haze State Implementation Plans with no proposed pollution reductions, allowing some of the nation's biggest polluters to remain uncontrolled for nitrogen oxide, sulfur dioxide, and other pollutants when common-sense controls exist that could significantly cut those emissions.
EPAs proposed disapprovals of these do-nothing state plans are a critical first step to protect air quality, both in national parks and our communities. I urge EPA to finalize its proposed disapprovals and act quickly to implement plans that will result in real pollution reductions.
In Utah, EPA analysis shows that installing selective catalytic reduction (SCR) on Hunter and Huntington coal plants would be cost-effective and provide massive visibility benefits for Utahs national parks. These plants have avoided pollution reductions for decades. Now is the time for EPA to act.
Similarly, in Wyoming, the state failed to even consider pollution controls at the states largest polluters, including Jim Bridger, Naughton, Dave Johnston, and Wyodak coal plants. Each of these facilities could install cost-effective pollution controls, including SCRs, that would result in significant air-quality improvements across the state.
Please finalize the proposed disapprovals of Utah and Wyomings do-nothing plans and require enforceable pollution reductions, including SCR installation, on our states' biggest polluters Hunter, Huntington, Jim Bridger, Naughton, Dave Johnston, and Wyodak.",https://www.regulations.gov/comment/EPA-R08-OAR-2024-0389-0366,,false,source=Regulations.gov v4 comment detail; retrievedAt=2026-09-12T18:11:40+00:00; commentOnDocumentId=EPA-R08-OAR-2024-0389-0001; duplicateComments=1; organizationMissing=true
EPA-R08-OAR-2024-0389,EPA-R08-OAR-2024-0389-0367,Diana Lubin,not provided by public Regulations.gov fields,2024-10-09T04:00:00Z,"Wyoming and Utah have submitted Regional Haze State Implementation Plans with no proposed pollution reductions, allowing some of the nation's biggest polluters to remain uncontrolled for nitrogen oxide, sulfur dioxide, and other pollutants when common-sense controls exist that could significantly cut those emissions.
EPAs proposed disapprovals of these do-nothing state plans are a critical first step to protect air quality, both in national parks and our communities. I urge EPA to finalize its proposed disapprovals and act quickly to implement plans that will result in real pollution reductions.
In Utah, EPA analysis shows that installing selective catalytic reduction (SCR) on Hunter and Huntington coal plants would be cost-effective and provide massive visibility benefits for Utahs national parks. These plants have avoided pollution reductions for decades. Now is the time for EPA to act.
Similarly, in Wyoming, the state failed to even consider pollution controls at the states largest polluters, including Jim Bridger, Naughton, Dave Johnston, and Wyodak coal plants. Each of these facilities could install cost-effective pollution controls, including SCRs, that would result in significant air-quality improvements across the state.
Please finalize the proposed disapprovals of Utah and Wyomings do-nothing plans and require enforceable pollution reductions, including SCR installation, on our states' biggest polluters Hunter, Huntington, Jim Bridger, Naughton, Dave Johnston, and Wyodak.",https://www.regulations.gov/comment/EPA-R08-OAR-2024-0389-0367,,false,source=Regulations.gov v4 comment detail; retrievedAt=2026-09-12T18:11:40+00:00; commentOnDocumentId=EPA-R08-OAR-2024-0389-0001; duplicateComments=1; organizationMissing=true
EPA-R08-OAR-2024-0389,EPA-R08-OAR-2024-0389-0368,Peter Lee,not provided by public Regulations.gov fields,2024-10-09T04:00:00Z,"Not in the Near Future, but in the Foreseeable Future,
Coal Will Be Phased OUT!
Wyoming and Utah have submitted Regional Haze State Implementation Plans with no proposed pollution reductions, allowing some of the nation's biggest polluters to remain uncontrolled for nitrogen oxide, sulfur dioxide, and other pollutants when common-sense controls exist that could significantly cut those emissions.
EPAs proposed disapprovals of these do-nothing state plans are a critical first step to protect air quality, both in national parks and our communities. I urge EPA to finalize its proposed disapprovals and act quickly to implement plans that will result in real pollution reductions.
In Utah, EPA analysis shows that installing selective catalytic reduction (SCR) on Hunter and Huntington coal plants would be cost-effective and provide massive visibility benefits for Utahs national parks. These plants have avoided pollution reductions for decades. Now is the time for EPA to act.
Similarly, in Wyoming, the state failed to even consider pollution controls at the states largest polluters, including Jim Bridger, Naughton, Dave Johnston, and Wyodak coal plants. Each of these facilities could install cost-effective pollution controls, including SCRs, that would result in significant air-quality improvements across the state.
Please finalize the proposed disapprovals of Utah and Wyomings do-nothing plans and require enforceable pollution reductions, including SCR installation, on our states' biggest polluters Hunter, Huntington, Jim Bridger, Naughton, Dave Johnston, and Wyodak.",https://www.regulations.gov/comment/EPA-R08-OAR-2024-0389-0368,,false,source=Regulations.gov v4 comment detail; retrievedAt=2026-09-12T18:11:40+00:00; commentOnDocumentId=EPA-R08-OAR-2024-0389-0001; duplicateComments=1; organizationMissing=true
EPA-R08-OAR-2024-0389,EPA-R08-OAR-2024-0389-0369,Keith Eaton,not provided by public Regulations.gov fields,2024-10-09T04:00:00Z,"It's time that coal mines get phased out for the sake of clean air and the life of the planet.
Wyoming and Utah have submitted Regional Haze State Implementation Plans with no proposed pollution reductions, allowing some of the nation's biggest polluters to remain uncontrolled for nitrogen oxide, sulfur dioxide, and other pollutants when common-sense controls exist that could significantly cut those emissions.
EPAs proposed disapprovals of these do-nothing state plans are a critical first step to protect air quality, both in national parks and our communities. I urge EPA to finalize its proposed disapprovals and act quickly to implement plans that will result in real pollution reductions.
In Utah, EPA analysis shows that installing selective catalytic reduction (SCR) on Hunter and Huntington coal plants would be cost-effective and provide massive visibility benefits for Utahs national parks. These plants have avoided pollution reductions for decades. Now is the time for EPA to act.
Similarly, in Wyoming, the state failed to even consider pollution controls at the states largest polluters, including Jim Bridger, Naughton, Dave Johnston, and Wyodak coal plants. Each of these facilities could install cost-effective pollution controls, including SCRs, that would result in significant air-quality improvements across the state.
Please finalize the proposed disapprovals of Utah and Wyomings do-nothing plans and require enforceable pollution reductions, including SCR installation, on our states' biggest polluters Hunter, Huntington, Jim Bridger, Naughton, Dave Johnston, and Wyodak.",https://www.regulations.gov/comment/EPA-R08-OAR-2024-0389-0369,,false,source=Regulations.gov v4 comment detail; retrievedAt=2026-09-12T18:11:40+00:00; commentOnDocumentId=EPA-R08-OAR-2024-0389-0001; duplicateComments=1; organizationMissing=true
EPA-R08-OAR-2024-0389,EPA-R08-OAR-2024-0389-0370,Amy Roberts,not provided by public Regulations.gov fields,2024-10-09T04:00:00Z,"Wyoming and Utah have submitted Regional Haze State Implementation Plans with no proposed pollution reductions, allowing some of the nation's biggest polluters to remain uncontrolled for nitrogen oxide, sulfur dioxide, and other pollutants when common-sense controls exist that could significantly cut those emissions.
EPAs proposed disapprovals of these do-nothing state plans are a critical first step to protect air quality, both in national parks and our communities. I urge EPA to finalize its proposed disapprovals and act quickly to implement plans that will result in real pollution reductions.
In Utah, EPA analysis shows that installing selective catalytic reduction (SCR) on Hunter and Huntington coal plants would be cost-effective and provide massive visibility benefits for Utahs national parks. These plants have avoided pollution reductions for decades. Now is the time for EPA to act.
Similarly, in Wyoming, the state failed to even consider pollution controls at the states largest polluters, including Jim Bridger, Naughton, Dave Johnston, and Wyodak coal plants. Each of these facilities could install cost-effective pollution controls, including SCRs, that would result in significant air-quality improvements across the state.
Please finalize the proposed disapprovals of Utah and Wyomings do-nothing plans and require enforceable pollution reductions, including SCR installation, on our states' biggest polluters Hunter, Huntington, Jim Bridger, Naughton, Dave Johnston, and Wyodak.",https://www.regulations.gov/comment/EPA-R08-OAR-2024-0389-0370,,false,source=Regulations.gov v4 comment detail; retrievedAt=2026-09-12T18:11:40+00:00; commentOnDocumentId=EPA-R08-OAR-2024-0389-0001; duplicateComments=1; organizationMissing=true
EPA-R08-OAR-2024-0389,EPA-R08-OAR-2024-0389-0371,Julie Mansfield-Wells,not provided by public Regulations.gov fields,2024-10-09T04:00:00Z,"Please protect our national parks from these polluters!
Wyoming and Utah have submitted Regional Haze State Implementation Plans with no proposed pollution reductions, allowing some of the nation's biggest polluters to remain uncontrolled for nitrogen oxide, sulfur dioxide, and other pollutants when common-sense controls exist that could significantly cut those emissions.
EPAs proposed disapprovals of these do-nothing state plans are a critical first step to protect air quality, both in national parks and our communities. I urge EPA to finalize its proposed disapprovals and act quickly to implement plans that will result in real pollution reductions.
In Utah, EPA analysis shows that installing selective catalytic reduction (SCR) on Hunter and Huntington coal plants would be cost-effective and provide massive visibility benefits for Utahs national parks. These plants have avoided pollution reductions for decades. Now is the time for EPA to act.
Similarly, in Wyoming, the state failed to even consider pollution controls at the states largest polluters, including Jim Bridger, Naughton, Dave Johnston, and Wyodak coal plants. Each of these facilities could install cost-effective pollution controls, including SCRs, that would result in significant air-quality improvements across the state.
Please finalize the proposed disapprovals of Utah and Wyomings do-nothing plans and require enforceable pollution reductions, including SCR installation, on our states' biggest polluters Hunter, Huntington, Jim Bridger, Naughton, Dave Johnston, and Wyodak.",https://www.regulations.gov/comment/EPA-R08-OAR-2024-0389-0371,,false,source=Regulations.gov v4 comment detail; retrievedAt=2026-09-12T18:11:40+00:00; commentOnDocumentId=EPA-R08-OAR-2024-0389-0001; duplicateComments=1; organizationMissing=true
EPA-R08-OAR-2024-0389,EPA-R08-OAR-2024-0389-0372,Edward Landler,not provided by public Regulations.gov fields,2024-10-09T04:00:00Z,"Wyoming and Utah have submitted Regional Haze State Implementation Plans with no proposed pollution reductions, allowing some of the nation's biggest polluters to remain uncontrolled for nitrogen oxide, sulfur dioxide, and other pollutants when common-sense controls exist that could significantly cut those emissions.
EPAs proposed disapprovals of these do-nothing state plans are a critical first step to protect air quality, both in national parks and our communities. I urge EPA to finalize its proposed disapprovals and act quickly to implement plans that will result in real pollution reductions.
In Utah, EPA analysis shows that installing selective catalytic reduction (SCR) on Hunter and Huntington coal plants would be cost-effective and provide massive visibility benefits for Utahs national parks. These plants have avoided pollution reductions for decades. Now is the time for EPA to act.
Similarly, in Wyoming, the state failed to even consider pollution controls at the states largest polluters, including Jim Bridger, Naughton, Dave Johnston, and Wyodak coal plants. Each of these facilities could install cost-effective pollution controls, including SCRs, that would result in significant air-quality improvements across the state.
Please finalize the proposed disapprovals of Utah and Wyomings do-nothing plans and require enforceable pollution reductions, including SCR installation, on our states' biggest polluters Hunter, Huntington, Jim Bridger, Naughton, Dave Johnston, and Wyodak.",https://www.regulations.gov/comment/EPA-R08-OAR-2024-0389-0372,,false,source=Regulations.gov v4 comment detail; retrievedAt=2026-09-12T18:11:40+00:00; commentOnDocumentId=EPA-R08-OAR-2024-0389-0001; duplicateComments=1; organizationMissing=true
EPA-R08-OAR-2024-0389,EPA-R08-OAR-2024-0389-0373,Lacey Hicks,not provided by public Regulations.gov fields,2024-10-09T04:00:00Z,"Wyoming and Utah have submitted Regional Haze State Implementation Plans with no proposed pollution reductions, allowing some of the nation's biggest polluters to remain uncontrolled for nitrogen oxide, sulfur dioxide, and other pollutants when common-sense controls exist that could significantly cut those emissions.
EPAs proposed disapprovals of these do-nothing state plans are a critical first step to protect air quality, both in national parks and our communities. I urge EPA to finalize its proposed disapprovals and act quickly to implement plans that will result in real pollution reductions.
In Utah, EPA analysis shows that installing selective catalytic reduction (SCR) on Hunter and Huntington coal plants would be cost-effective and provide massive visibility benefits for Utahs national parks. These plants have avoided pollution reductions for decades. Now is the time for EPA to act.
Similarly, in Wyoming, the state failed to even consider pollution controls at the states largest polluters, including Jim Bridger, Naughton, Dave Johnston, and Wyodak coal plants. Each of these facilities could install cost-effective pollution controls, including SCRs, that would result in significant air-quality improvements across the state.
Please finalize the proposed disapprovals of Utah and Wyomings do-nothing plans and require enforceable pollution reductions, including SCR installation, on our states' biggest polluters Hunter, Huntington, Jim Bridger, Naughton, Dave Johnston, and Wyodak.",https://www.regulations.gov/comment/EPA-R08-OAR-2024-0389-0373,,false,source=Regulations.gov v4 comment detail; retrievedAt=2026-09-12T18:11:40+00:00; commentOnDocumentId=EPA-R08-OAR-2024-0389-0001; duplicateComments=1; organizationMissing=true
EPA-R08-OAR-2024-0389,EPA-R08-OAR-2024-0389-0374,Walter Jorgensen,not provided by public Regulations.gov fields,2024-10-09T04:00:00Z,"Having to view magnificent outdoor wonders like this thru a haze is shameful. Please continue fixing it.
Walt Jorgensen, former elected official
former Montanan
What we see, and sometimes not see, is certainly what we breathe.
Wyoming and Utah have submitted Regional Haze State Implementation Plans with no proposed pollution reductions, allowing some of the nation's biggest polluters to remain uncontrolled for nitrogen oxide, sulfur dioxide, and other pollutants when common-sense controls exist that could significantly cut those emissions.
EPAs proposed disapprovals of these do-nothing state plans are a critical first step to protect air quality, both in national parks and our communities. I urge EPA to finalize its proposed disapprovals and act quickly to implement plans that will result in real pollution reductions.
In Utah, EPA analysis shows that installing selective catalytic reduction (SCR) on Hunter and Huntington coal plants would be cost-effective and provide massive visibility benefits for Utahs national parks. These plants have avoided pollution reductions for decades. Now is the time for EPA to act.
Similarly, in Wyoming, the state failed to even consider pollution controls at the states largest polluters, including Jim Bridger, Naughton, Dave Johnston, and Wyodak coal plants. Each of these facilities could install cost-effective pollution controls, including SCRs, that would result in significant air-quality improvements across the state.
Please finalize the proposed disapprovals of Utah and Wyomings do-nothing plans and require enforceable pollution reductions, including SCR installation, on our states' biggest polluters Hunter, Huntington, Jim Bridger, Naughton, Dave Johnston, and Wyodak.",https://www.regulations.gov/comment/EPA-R08-OAR-2024-0389-0374,,false,source=Regulations.gov v4 comment detail; retrievedAt=2026-09-12T18:11:40+00:00; commentOnDocumentId=EPA-R08-OAR-2024-0389-0001; duplicateComments=1; organizationMissing=true
EPA-R08-OAR-2024-0389,EPA-R08-OAR-2024-0389-0375,Chrissy See,not provided by public Regulations.gov fields,2024-10-09T04:00:00Z,"Wyoming and Utah have submitted Regional Haze State Implementation Plans with no proposed pollution reductions, allowing some of the nation's biggest polluters to remain uncontrolled for nitrogen oxide, sulfur dioxide, and other pollutants when common-sense controls exist that could significantly cut those emissions.
EPAs proposed disapprovals of these do-nothing state plans are a critical first step to protect air quality, both in national parks and our communities. I urge EPA to finalize its proposed disapprovals and act quickly to implement plans that will result in real pollution reductions.
In Utah, EPA analysis shows that installing selective catalytic reduction (SCR) on Hunter and Huntington coal plants would be cost-effective and provide massive visibility benefits for Utahs national parks. These plants have avoided pollution reductions for decades. Now is the time for EPA to act.
Similarly, in Wyoming, the state failed to even consider pollution controls at the states largest polluters, including Jim Bridger, Naughton, Dave Johnston, and Wyodak coal plants. Each of these facilities could install cost-effective pollution controls, including SCRs, that would result in significant air-quality improvements across the state.
Please finalize the proposed disapprovals of Utah and Wyomings do-nothing plans and require enforceable pollution reductions, including SCR installation, on our states' biggest polluters Hunter, Huntington, Jim Bridger, Naughton, Dave Johnston, and Wyodak.",https://www.regulations.gov/comment/EPA-R08-OAR-2024-0389-0375,,false,source=Regulations.gov v4 comment detail; retrievedAt=2026-09-12T18:11:40+00:00; commentOnDocumentId=EPA-R08-OAR-2024-0389-0001; duplicateComments=1; organizationMissing=true
EPA-R08-OAR-2024-0389,EPA-R08-OAR-2024-0389-0376,Leon Robert,not provided by public Regulations.gov fields,2024-10-09T04:00:00Z,"We deserve clean water and air, freedom from pollution.
Wyoming and Utah have submitted Regional Haze State Implementation Plans with no proposed pollution reductions, allowing some of the nation's biggest polluters to remain uncontrolled for nitrogen oxide, sulfur dioxide, and other pollutants when common-sense controls exist that could significantly cut those emissions. We deserve clean air and water, freedom from pollution.
EPAs proposed disapprovals of these do-nothing state plans are a critical first step to protect air quality, both in national parks and our communities. I urge EPA to finalize its proposed disapprovals and act quickly to implement plans that will result in real pollution reductions.
In Utah, EPA analysis shows that installing selective catalytic reduction (SCR) on Hunter and Huntington coal plants would be cost-effective and provide massive visibility benefits for Utahs national parks. These plants have avoided pollution reductions for decades. Now is the time for EPA to act.
Similarly, in Wyoming, the state failed to even consider pollution controls at the states largest polluters, including Jim Bridger, Naughton, Dave Johnston, and Wyodak coal plants. Each of these facilities could install cost-effective pollution controls, including SCRs, that would result in significant air-quality improvements across the state.
Please finalize the proposed disapprovals of Utah and Wyomings do-nothing plans and require enforceable pollution reductions, including SCR installation, on our states' biggest polluters Hunter, Huntington, Jim Bridger, Naughton, Dave Johnston, and Wyodak.",https://www.regulations.gov/comment/EPA-R08-OAR-2024-0389-0376,,false,source=Regulations.gov v4 comment detail; retrievedAt=2026-09-12T18:11:40+00:00; commentOnDocumentId=EPA-R08-OAR-2024-0389-0001; duplicateComments=1; organizationMissing=true
EPA-R08-OAR-2024-0389,EPA-R08-OAR-2024-0389-0377,Linda Donnelly,not provided by public Regulations.gov fields,2024-10-09T04:00:00Z,"Wyoming and Utah have submitted Regional Haze State Implementation Plans with no proposed pollution reductions, allowing some of the nation's biggest polluters to remain uncontrolled for nitrogen oxide, sulfur dioxide, and other pollutants when common-sense controls exist that could significantly cut those emissions.
EPAs proposed disapprovals of these do-nothing state plans are a critical first step to protect air quality, both in national parks and our communities. I urge EPA to finalize its proposed disapprovals and act quickly to implement plans that will result in real pollution reductions.
In Utah, EPA analysis shows that installing selective catalytic reduction (SCR) on Hunter and Huntington coal plants would be cost-effective and provide massive visibility benefits for Utahs national parks. These plants have avoided pollution reductions for decades. Now is the time for EPA to act.
Similarly, in Wyoming, the state failed to even consider pollution controls at the states largest polluters, including Jim Bridger, Naughton, Dave Johnston, and Wyodak coal plants. Each of these facilities could install cost-effective pollution controls, including SCRs, that would result in significant air-quality improvements across the state.
Please finalize the proposed disapprovals of Utah and Wyomings do-nothing plans and require enforceable pollution reductions, including SCR installation, on our states' biggest polluters Hunter, Huntington, Jim Bridger, Naughton, Dave Johnston, and Wyodak.",https://www.regulations.gov/comment/EPA-R08-OAR-2024-0389-0377,,false,source=Regulations.gov v4 comment detail; retrievedAt=2026-09-12T18:11:40+00:00; commentOnDocumentId=EPA-R08-OAR-2024-0389-0001; duplicateComments=1; organizationMissing=true
EPA-R08-OAR-2024-0389,EPA-R08-OAR-2024-0389-0378,Armin Wright,not provided by public Regulations.gov fields,2024-10-09T04:00:00Z,"Wyoming and Utah have submitted Regional Haze State Implementation Plans with no proposed pollution reductions, allowing some of the nation's biggest polluters to remain uncontrolled for nitrogen oxide, sulfur dioxide, and other pollutants when common-sense controls exist that could significantly cut those emissions.
EPAs proposed disapprovals of these do-nothing state plans are a critical first step to protect air quality, both in national parks and our communities. I urge EPA to finalize its proposed disapprovals and act quickly to implement plans that will result in real pollution reductions.
In Utah, EPA analysis shows that installing selective catalytic reduction (SCR) on Hunter and Huntington coal plants would be cost-effective and provide massive visibility benefits for Utahs national parks. These plants have avoided pollution reductions for decades. Now is the time for EPA to act.
Similarly, in Wyoming, the state failed to even consider pollution controls at the states largest polluters, including Jim Bridger, Naughton, Dave Johnston, and Wyodak coal plants. Each of these facilities could install cost-effective pollution controls, including SCRs, that would result in significant air-quality improvements across the state.
Please finalize the proposed disapprovals of Utah and Wyomings do-nothing plans and require enforceable pollution reductions, including SCR installation, on our states' biggest polluters Hunter, Huntington, Jim Bridger, Naughton, Dave Johnston, and Wyodak.",https://www.regulations.gov/comment/EPA-R08-OAR-2024-0389-0378,,false,source=Regulations.gov v4 comment detail; retrievedAt=2026-09-12T18:11:40+00:00; commentOnDocumentId=EPA-R08-OAR-2024-0389-0001; duplicateComments=1; organizationMissing=true
EPA-R08-OAR-2024-0389,EPA-R08-OAR-2024-0389-0379,Maureen Knutsen,not provided by public Regulations.gov fields,2024-10-09T04:00:00Z,"Wyoming and Utah have submitted Regional Haze State Implementation Plans with no proposed pollution reductions, allowing some of the nation's biggest polluters to remain uncontrolled for nitrogen oxide, sulfur dioxide, and other pollutants when common-sense controls exist that could significantly cut those emissions.
EPAs proposed disapprovals of these do-nothing state plans are a critical first step to protect air quality, both in national parks and our communities. I urge EPA to finalize its proposed disapprovals and act quickly to implement plans that will result in real pollution reductions.
In Utah, EPA analysis shows that installing selective catalytic reduction (SCR) on Hunter and Huntington coal plants would be cost-effective and provide massive visibility benefits for Utahs national parks. These plants have avoided pollution reductions for decades. Now is the time for EPA to act.
Similarly, in Wyoming, the state failed to even consider pollution controls at the states largest polluters, including Jim Bridger, Naughton, Dave Johnston, and Wyodak coal plants. Each of these facilities could install cost-effective pollution controls, including SCRs, that would result in significant air-quality improvements across the state.
Please finalize the proposed disapprovals of Utah and Wyomings do-nothing plans and require enforceable pollution reductions, including SCR installation, on our states' biggest polluters Hunter, Huntington, Jim Bridger, Naughton, Dave Johnston, and Wyodak.",https://www.regulations.gov/comment/EPA-R08-OAR-2024-0389-0379,,false,source=Regulations.gov v4 comment detail; retrievedAt=2026-09-12T18:11:40+00:00; commentOnDocumentId=EPA-R08-OAR-2024-0389-0001; duplicateComments=1; organizationMissing=true
EPA-R08-OAR-2024-0389,EPA-R08-OAR-2024-0389-0380,Richard Seiferheld,not provided by public Regulations.gov fields,2024-10-09T04:00:00Z,"Wyoming and Utah have submitted Regional Haze State Implementation Plans with no proposed pollution reductions, allowing some of the nation's biggest polluters to remain uncontrolled for nitrogen oxide, sulfur dioxide, and other pollutants when common-sense controls exist that could significantly cut those emissions.
EPAs proposed disapprovals of these do-nothing state plans are a critical first step to protect air quality, both in national parks and our communities. I urge EPA to finalize its proposed disapprovals and act quickly to implement plans that will result in real pollution reductions.
In Utah, EPA analysis shows that installing selective catalytic reduction (SCR) on Hunter and Huntington coal plants would be cost-effective and provide massive visibility benefits for Utahs national parks. These plants have avoided pollution reductions for decades. Now is the time for EPA to act.
Similarly, in Wyoming, the state failed to even consider pollution controls at the states largest polluters, including Jim Bridger, Naughton, Dave Johnston, and Wyodak coal plants. Each of these facilities could install cost-effective pollution controls, including SCRs, that would result in significant air-quality improvements across the state.
Please finalize the proposed disapprovals of Utah and Wyomings do-nothing plans and require enforceable pollution reductions, including SCR installation, on our states' biggest polluters Hunter, Huntington, Jim Bridger, Naughton, Dave Johnston, and Wyodak.",https://www.regulations.gov/comment/EPA-R08-OAR-2024-0389-0380,,false,source=Regulations.gov v4 comment detail; retrievedAt=2026-09-12T18:11:40+00:00; commentOnDocumentId=EPA-R08-OAR-2024-0389-0001; duplicateComments=1; organizationMissing=true
EPA-R08-OAR-2024-0389,EPA-R08-OAR-2024-0389-0381,Jane Kroger,not provided by public Regulations.gov fields,2024-10-09T04:00:00Z,"Wyoming and Utah have submitted Regional Haze State Implementation Plans with no proposed pollution reductions, allowing some of the nation's biggest polluters to remain uncontrolled for nitrogen oxide, sulfur dioxide, and other pollutants when common-sense controls exist that could significantly cut those emissions.
EPAs proposed disapprovals of these do-nothing state plans are a critical first step to protect air quality, both in national parks and our communities. I urge EPA to finalize its proposed disapprovals and act quickly to implement plans that will result in real pollution reductions.
In Utah, EPA analysis shows that installing selective catalytic reduction (SCR) on Hunter and Huntington coal plants would be cost-effective and provide massive visibility benefits for Utahs national parks. These plants have avoided pollution reductions for decades. Now is the time for EPA to act.
Similarly, in Wyoming, the state failed to even consider pollution controls at the states largest polluters, including Jim Bridger, Naughton, Dave Johnston, and Wyodak coal plants. Each of these facilities could install cost-effective pollution controls, including SCRs, that would result in significant air-quality improvements across the state.
Please finalize the proposed disapprovals of Utah and Wyomings do-nothing plans and require enforceable pollution reductions, including SCR installation, on our states' biggest polluters Hunter, Huntington, Jim Bridger, Naughton, Dave Johnston, and Wyodak.",https://www.regulations.gov/comment/EPA-R08-OAR-2024-0389-0381,,false,source=Regulations.gov v4 comment detail; retrievedAt=2026-09-12T18:11:40+00:00; commentOnDocumentId=EPA-R08-OAR-2024-0389-0001; duplicateComments=1; organizationMissing=true
EPA-R08-OAR-2024-0389,EPA-R08-OAR-2024-0389-0382,Penelope Prochazka,not provided by public Regulations.gov fields,2024-10-09T04:00:00Z,"Wyoming and Utah have submitted Regional Haze State Implementation Plans with no proposed pollution reductions, allowing some of the nation's biggest polluters to remain uncontrolled for nitrogen oxide, sulfur dioxide, and other pollutants when common-sense controls exist that could significantly cut those emissions.
EPAs proposed disapprovals of these do-nothing state plans are a critical first step to protect air quality, both in national parks and our communities. I urge EPA to finalize its proposed disapprovals and act quickly to implement plans that will result in real pollution reductions.
In Utah, EPA analysis shows that installing selective catalytic reduction (SCR) on Hunter and Huntington coal plants would be cost-effective and provide massive visibility benefits for Utahs national parks. These plants have avoided pollution reductions for decades. Now is the time for EPA to act.
Similarly, in Wyoming, the state failed to even consider pollution controls at the states largest polluters, including Jim Bridger, Naughton, Dave Johnston, and Wyodak coal plants. Each of these facilities could install cost-effective pollution controls, including SCRs, that would result in significant air-quality improvements across the state.
Please finalize the proposed disapprovals of Utah and Wyomings do-nothing plans and require enforceable pollution reductions, including SCR installation, on our states' biggest polluters Hunter, Huntington, Jim Bridger, Naughton, Dave Johnston, and Wyodak.",https://www.regulations.gov/comment/EPA-R08-OAR-2024-0389-0382,,false,source=Regulations.gov v4 comment detail; retrievedAt=2026-09-12T18:11:40+00:00; commentOnDocumentId=EPA-R08-OAR-2024-0389-0001; duplicateComments=1; organizationMissing=true
EPA-R08-OAR-2024-0389,EPA-R08-OAR-2024-0389-0383,Dennis Davideit,not provided by public Regulations.gov fields,2024-10-09T04:00:00Z,"Please *oppose* do-nothing state plans re air pollution
Wyoming and Utah have submitted Regional Haze State Implementation Plans with no proposed pollution reductions, allowing some of the nation's biggest polluters to remain uncontrolled for nitrogen oxide, sulfur dioxide, and other pollutants when common-sense controls exist that could significantly cut those emissions.
EPAs proposed disapprovals of these do-nothing state plans are a critical first step to protect air quality, both in national parks and our communities. I urge EPA to finalize its proposed disapprovals and act quickly to implement plans that will result in real pollution reductions.
In Utah, EPA analysis shows that installing selective catalytic reduction (SCR) on Hunter and Huntington coal plants would be cost-effective and provide massive visibility benefits for Utahs national parks. These plants have avoided pollution reductions for decades. Now is the time for EPA to act.
Similarly, in Wyoming, the state failed to even consider pollution controls at the states largest polluters, including Jim Bridger, Naughton, Dave Johnston, and Wyodak coal plants. Each of these facilities could install cost-effective pollution controls, including SCRs, that would result in significant air-quality improvements across the state.
Please finalize the proposed disapprovals of Utah and Wyomings do-nothing plans and require enforceable pollution reductions, including SCR installation, on our states' biggest polluters Hunter, Huntington, Jim Bridger, Naughton, Dave Johnston, and Wyodak.",https://www.regulations.gov/comment/EPA-R08-OAR-2024-0389-0383,,false,source=Regulations.gov v4 comment detail; retrievedAt=2026-09-12T18:11:40+00:00; commentOnDocumentId=EPA-R08-OAR-2024-0389-0001; duplicateComments=1; organizationMissing=true
EPA-R08-OAR-2024-0389,EPA-R08-OAR-2024-0389-0384,Jean Butcher,not provided by public Regulations.gov fields,2024-10-09T04:00:00Z,"Our national parks matter to me and to all Americans - please clean up the haze obscuring the fabulous views!
Wyoming and Utah have submitted Regional Haze State Implementation Plans with no proposed pollution reductions, allowing some of the nation's biggest polluters to remain uncontrolled for nitrogen oxide, sulfur dioxide, and other pollutants when common-sense controls exist that could significantly cut those emissions.
EPAs proposed disapprovals of these do-nothing state plans are a critical first step to protect air quality, both in national parks and our communities. I urge EPA to finalize its proposed disapprovals and act quickly to implement plans that will result in real pollution reductions.
In Utah, EPA analysis shows that installing selective catalytic reduction (SCR) on Hunter and Huntington coal plants would be cost-effective and provide massive visibility benefits for Utahs national parks. These plants have avoided pollution reductions for decades. Now is the time for EPA to act.
Similarly, in Wyoming, the state failed to even consider pollution controls at the states largest polluters, including Jim Bridger, Naughton, Dave Johnston, and Wyodak coal plants. Each of these facilities could install cost-effective pollution controls, including SCRs, that would result in significant air-quality improvements across the state.
Please finalize the proposed disapprovals of Utah and Wyomings do-nothing plans and require enforceable pollution reductions, including SCR installation, on our states' biggest polluters Hunter, Huntington, Jim Bridger, Naughton, Dave Johnston, and Wyodak.",https://www.regulations.gov/comment/EPA-R08-OAR-2024-0389-0384,,false,source=Regulations.gov v4 comment detail; retrievedAt=2026-09-12T18:11:40+00:00; commentOnDocumentId=EPA-R08-OAR-2024-0389-0001; duplicateComments=1; organizationMissing=true
EPA-R08-OAR-2024-0389,EPA-R08-OAR-2024-0389-0385,Jonah D?Alessio,not provided by public Regulations.gov fields,2024-10-09T04:00:00Z,"Wyoming and Utah have submitted Regional Haze State Implementation Plans with no proposed pollution reductions, allowing some of the nation's biggest polluters to remain uncontrolled for nitrogen oxide, sulfur dioxide, and other pollutants when common-sense controls exist that could significantly cut those emissions.
EPAs proposed disapprovals of these do-nothing state plans are a critical first step to protect air quality, both in national parks and our communities. I urge EPA to finalize its proposed disapprovals and act quickly to implement plans that will result in real pollution reductions.
In Utah, EPA analysis shows that installing selective catalytic reduction (SCR) on Hunter and Huntington coal plants would be cost-effective and provide massive visibility benefits for Utahs national parks. These plants have avoided pollution reductions for decades. Now is the time for EPA to act.
Similarly, in Wyoming, the state failed to even consider pollution controls at the states largest polluters, including Jim Bridger, Naughton, Dave Johnston, and Wyodak coal plants. Each of these facilities could install cost-effective pollution controls, including SCRs, that would result in significant air-quality improvements across the state.
Please finalize the proposed disapprovals of Utah and Wyomings do-nothing plans and require enforceable pollution reductions, including SCR installation, on our states' biggest polluters Hunter, Huntington, Jim Bridger, Naughton, Dave Johnston, and Wyodak.",https://www.regulations.gov/comment/EPA-R08-OAR-2024-0389-0385,,false,source=Regulations.gov v4 comment detail; retrievedAt=2026-09-12T18:11:40+00:00; commentOnDocumentId=EPA-R08-OAR-2024-0389-0001; duplicateComments=1; organizationMissing=true
EPA-R08-OAR-2024-0389,EPA-R08-OAR-2024-0389-0386,Martha Moga,not provided by public Regulations.gov fields,2024-10-09T04:00:00Z,"Wyoming and Utah have submitted Regional Haze State Implementation Plans with no proposed pollution reductions, allowing some of the nation's biggest polluters to remain uncontrolled for nitrogen oxide, sulfur dioxide, and other pollutants when common-sense controls exist that could significantly cut those emissions.
EPAs proposed disapprovals of these do-nothing state plans are a critical first step to protect air quality, both in national parks and our communities. I urge EPA to finalize its proposed disapprovals and act quickly to implement plans that will result in real pollution reductions.
In Utah, EPA analysis shows that installing selective catalytic reduction (SCR) on Hunter and Huntington coal plants would be cost-effective and provide massive visibility benefits for Utahs national parks. These plants have avoided pollution reductions for decades. Now is the time for EPA to act.
Similarly, in Wyoming, the state failed to even consider pollution controls at the states largest polluters, including Jim Bridger, Naughton, Dave Johnston, and Wyodak coal plants. Each of these facilities could install cost-effective pollution controls, including SCRs, that would result in significant air-quality improvements across the state.
Please finalize the proposed disapprovals of Utah and Wyomings do-nothing plans and require enforceable pollution reductions, including SCR installation, on our states' biggest polluters Hunter, Huntington, Jim Bridger, Naughton, Dave Johnston, and Wyodak.",https://www.regulations.gov/comment/EPA-R08-OAR-2024-0389-0386,,false,source=Regulations.gov v4 comment detail; retrievedAt=2026-09-12T18:11:40+00:00; commentOnDocumentId=EPA-R08-OAR-2024-0389-0001; duplicateComments=1; organizationMissing=true
EPA-R08-OAR-2024-0389,EPA-R08-OAR-2024-0389-0387,Mari Matsumoto,not provided by public Regulations.gov fields,2024-10-09T04:00:00Z,"Wyoming and Utah have submitted Regional Haze State Implementation Plans with no proposed pollution reductions, allowing some of the nation's biggest polluters to remain uncontrolled for nitrogen oxide, sulfur dioxide, and other pollutants when common-sense controls exist that could significantly cut those emissions.
EPAs proposed disapprovals of these do-nothing state plans are a critical first step to protect air quality, both in national parks and our communities. I urge EPA to finalize its proposed disapprovals and act quickly to implement plans that will result in real pollution reductions.
In Utah, EPA analysis shows that installing selective catalytic reduction (SCR) on Hunter and Huntington coal plants would be cost-effective and provide massive visibility benefits for Utahs national parks. These plants have avoided pollution reductions for decades. Now is the time for EPA to act.
Similarly, in Wyoming, the state failed to even consider pollution controls at the states largest polluters, including Jim Bridger, Naughton, Dave Johnston, and Wyodak coal plants. Each of these facilities could install cost-effective pollution controls, including SCRs, that would result in significant air-quality improvements across the state.
Please finalize the proposed disapprovals of Utah and Wyomings do-nothing plans and require enforceable pollution reductions, including SCR installation, on our states' biggest polluters Hunter, Huntington, Jim Bridger, Naughton, Dave Johnston, and Wyodak.",https://www.regulations.gov/comment/EPA-R08-OAR-2024-0389-0387,,false,source=Regulations.gov v4 comment detail; retrievedAt=2026-09-12T18:11:40+00:00; commentOnDocumentId=EPA-R08-OAR-2024-0389-0001; duplicateComments=1; organizationMissing=true
EPA-R08-OAR-2024-0389,EPA-R08-OAR-2024-0389-0388,Michael Caplan,not provided by public Regulations.gov fields,2024-10-09T04:00:00Z,"Wyoming and Utah have submitted Regional Haze State Implementation Plans with no proposed pollution reductions, allowing some of the nation's biggest polluters to remain uncontrolled for nitrogen oxide, sulfur dioxide, and other pollutants when common-sense controls exist that could significantly cut those emissions.
EPAs proposed disapprovals of these do-nothing state plans are a critical first step to protect air quality, both in national parks and our communities. I urge EPA to finalize its proposed disapprovals and act quickly to implement plans that will result in real pollution reductions.
In Utah, EPA analysis shows that installing selective catalytic reduction (SCR) on Hunter and Huntington coal plants would be cost-effective and provide massive visibility benefits for Utahs national parks. These plants have avoided pollution reductions for decades. Now is the time for EPA to act.
Similarly, in Wyoming, the state failed to even consider pollution controls at the states largest polluters, including Jim Bridger, Naughton, Dave Johnston, and Wyodak coal plants. Each of these facilities could install cost-effective pollution controls, including SCRs, that would result in significant air-quality improvements across the state.
Please finalize the proposed disapprovals of Utah and Wyomings do-nothing plans and require enforceable pollution reductions, including SCR installation, on our states' biggest polluters Hunter, Huntington, Jim Bridger, Naughton, Dave Johnston, and Wyodak.",https://www.regulations.gov/comment/EPA-R08-OAR-2024-0389-0388,,false,source=Regulations.gov v4 comment detail; retrievedAt=2026-09-12T18:11:40+00:00; commentOnDocumentId=EPA-R08-OAR-2024-0389-0001; duplicateComments=1; organizationMissing=true
EPA-R08-OAR-2024-0389,EPA-R08-OAR-2024-0389-0389,Jen Santoro,not provided by public Regulations.gov fields,2024-10-09T04:00:00Z,"I also live in Utah. Each time there is a high pressure period , you can SEE the cloud of black coming across the valley from north to south. We have some of the worst air quality worldwide: even Mexico City has cleaned up compared to us. And there are also refineries here that are problematic. Utah legislature is clueless and also refuses to comply with environmental edicts. We try hard to vote better, but the gerrymandering is also an issue. Please help those of us who aren't counting on an afterlife to enjoy the time we have here and stop destroying the environment.
Wyoming and Utah have submitted Regional Haze State Implementation Plans with no proposed pollution reductions, allowing some of the nation's biggest polluters to remain uncontrolled for nitrogen oxide, sulfur dioxide, and other pollutants when common-sense controls exist that could significantly cut those emissions.
EPAs proposed disapprovals of these do-nothing state plans are a critical first step to protect air quality, both in national parks and our communities. I urge EPA to finalize its proposed disapprovals and act quickly to implement plans that will result in real pollution reductions.
In Utah, EPA analysis shows that installing selective catalytic reduction (SCR) on Hunter and Huntington coal plants would be cost-effective and provide massive visibility benefits for Utahs national parks. These plants have avoided pollution reductions for decades. Now is the time for EPA to act.
Similarly, in Wyoming, the state failed to even consider pollution controls at the states largest polluters, including Jim Bridger, Naughton, Dave Johnston, and Wyodak coal plants. Each of these facilities could install cost-effective pollution controls, including SCRs, that would result in significant air-quality improvements across the state.
Please finalize the proposed disapprovals of Utah and Wyomings do-nothing plans and require enforceable pollution reductions, including SCR installation, on our states' biggest polluters Hunter, Huntington, Jim Bridger, Naughton, Dave Johnston, and Wyodak.",https://www.regulations.gov/comment/EPA-R08-OAR-2024-0389-0389,,false,source=Regulations.gov v4 comment detail; retrievedAt=2026-09-12T18:11:40+00:00; commentOnDocumentId=EPA-R08-OAR-2024-0389-0001; duplicateComments=1; organizationMissing=true
EPA-R08-OAR-2024-0389,EPA-R08-OAR-2024-0389-0390,Jon And Warren,not provided by public Regulations.gov fields,2024-10-09T04:00:00Z,"Wyoming and Utah have submitted Regional Haze State Implementation Plans with no proposed pollution reductions, allowing some of the nation's biggest polluters to remain uncontrolled for nitrogen oxide, sulfur dioxide, and other pollutants when common-sense controls exist that could significantly cut those emissions.
EPAs proposed disapprovals of these do-nothing state plans are a critical first step to protect air quality, both in national parks and our communities. I urge EPA to finalize its proposed disapprovals and act quickly to implement plans that will result in real pollution reductions.
In Utah, EPA analysis shows that installing selective catalytic reduction (SCR) on Hunter and Huntington coal plants would be cost-effective and provide massive visibility benefits for Utahs national parks. These plants have avoided pollution reductions for decades. Now is the time for EPA to act.
Similarly, in Wyoming, the state failed to even consider pollution controls at the states largest polluters, including Jim Bridger, Naughton, Dave Johnston, and Wyodak coal plants. Each of these facilities could install cost-effective pollution controls, including SCRs, that would result in significant air-quality improvements across the state.
Please finalize the proposed disapprovals of Utah and Wyomings do-nothing plans and require enforceable pollution reductions, including SCR installation, on our states' biggest polluters Hunter, Huntington, Jim Bridger, Naughton, Dave Johnston, and Wyodak.",https://www.regulations.gov/comment/EPA-R08-OAR-2024-0389-0390,,false,source=Regulations.gov v4 comment detail; retrievedAt=2026-09-12T18:11:40+00:00; commentOnDocumentId=EPA-R08-OAR-2024-0389-0001; duplicateComments=1; organizationMissing=true
EPA-R08-OAR-2024-0389,EPA-R08-OAR-2024-0389-0391,Peter Lautz,not provided by public Regulations.gov fields,2024-10-09T04:00:00Z,"Wyoming and Utah have submitted Regional Haze State Implementation Plans with no proposed pollution reductions, allowing some of the nation's biggest polluters to remain uncontrolled for nitrogen oxide, sulfur dioxide, and other pollutants when common-sense controls exist that could significantly cut those emissions.
EPAs proposed disapprovals of these do-nothing state plans are a critical first step to protect air quality, both in national parks and our communities. I urge EPA to finalize its proposed disapprovals and act quickly to implement plans that will result in real pollution reductions.
In Utah, EPA analysis shows that installing selective catalytic reduction (SCR) on Hunter and Huntington coal plants would be cost-effective and provide massive visibility benefits for Utahs national parks. These plants have avoided pollution reductions for decades. Now is the time for EPA to act.
Similarly, in Wyoming, the state failed to even consider pollution controls at the states largest polluters, including Jim Bridger, Naughton, Dave Johnston, and Wyodak coal plants. Each of these facilities could install cost-effective pollution controls, including SCRs, that would result in significant air-quality improvements across the state.
Please finalize the proposed disapprovals of Utah and Wyomings do-nothing plans and require enforceable pollution reductions, including SCR installation, on our states' biggest polluters Hunter, Huntington, Jim Bridger, Naughton, Dave Johnston, and Wyodak.",https://www.regulations.gov/comment/EPA-R08-OAR-2024-0389-0391,,false,source=Regulations.gov v4 comment detail; retrievedAt=2026-09-12T18:11:40+00:00; commentOnDocumentId=EPA-R08-OAR-2024-0389-0001; duplicateComments=1; organizationMissing=true
EPA-R08-OAR-2024-0389,EPA-R08-OAR-2024-0389-0392,Carol E Gentry,not provided by public Regulations.gov fields,2024-10-09T04:00:00Z,"Wyoming and Utah have submitted Regional Haze State Implementation Plans with no proposed pollution reductions, allowing some of the nation's biggest polluters to remain uncontrolled for nitrogen oxide, sulfur dioxide, and other pollutants when common-sense controls exist that could significantly cut those emissions.
EPAs proposed disapprovals of these do-nothing state plans are a critical first step to protect air quality, both in national parks and our communities. I urge EPA to finalize its proposed disapprovals and act quickly to implement plans that will result in real pollution reductions.
In Utah, EPA analysis shows that installing selective catalytic reduction (SCR) on Hunter and Huntington coal plants would be cost-effective and provide massive visibility benefits for Utahs national parks. These plants have avoided pollution reductions for decades. Now is the time for EPA to act.
Similarly, in Wyoming, the state failed to even consider pollution controls at the states largest polluters, including Jim Bridger, Naughton, Dave Johnston, and Wyodak coal plants. Each of these facilities could install cost-effective pollution controls, including SCRs, that would result in significant air-quality improvements across the state.
Please finalize the proposed disapprovals of Utah and Wyomings do-nothing plans and require enforceable pollution reductions, including SCR installation, on our states' biggest polluters Hunter, Huntington, Jim Bridger, Naughton, Dave Johnston, and Wyodak.",https://www.regulations.gov/comment/EPA-R08-OAR-2024-0389-0392,,false,source=Regulations.gov v4 comment detail; retrievedAt=2026-09-12T18:11:40+00:00; commentOnDocumentId=EPA-R08-OAR-2024-0389-0001; duplicateComments=1; organizationMissing=true
EPA-R08-OAR-2024-0389,EPA-R08-OAR-2024-0389-0393,Susan Cameron,not provided by public Regulations.gov fields,2024-10-09T04:00:00Z,"Please finalize the proposed disapprovals and hold these companies responsible for cleaning up their emissions. I love Utah's parks (haven't made it to Canyonlands, but I was blown away by the others), and Yellowstone was stunning. I would love to see the views unimpeded by coal pollution before I die. Thank you for all the hard work you put in for the betterment of our country. Some of us appreciate you more than you know.
Wyoming and Utah have submitted Regional Haze State Implementation Plans with no proposed pollution reductions, allowing some of the nation's biggest polluters to remain uncontrolled for nitrogen oxide, sulfur dioxide, and other pollutants when common-sense controls exist that could significantly cut those emissions.
EPAs proposed disapprovals of these do-nothing state plans are a critical first step to protect air quality, both in national parks and our communities. I urge EPA to finalize its proposed disapprovals and act quickly to implement plans that will result in real pollution reductions.
In Utah, EPA analysis shows that installing selective catalytic reduction (SCR) on Hunter and Huntington coal plants would be cost-effective and provide massive visibility benefits for Utahs national parks. These plants have avoided pollution reductions for decades. Now is the time for EPA to act.
Similarly, in Wyoming, the state failed to even consider pollution controls at the states largest polluters, including Jim Bridger, Naughton, Dave Johnston, and Wyodak coal plants. Each of these facilities could install cost-effective pollution controls, including SCRs, that would result in significant air-quality improvements across the state.
Please finalize the proposed disapprovals of Utah and Wyomings do-nothing plans and require enforceable pollution reductions, including SCR installation, on our states' biggest polluters Hunter, Huntington, Jim Bridger, Naughton, Dave Johnston, and Wyodak.",https://www.regulations.gov/comment/EPA-R08-OAR-2024-0389-0393,,false,source=Regulations.gov v4 comment detail; retrievedAt=2026-09-12T18:11:40+00:00; commentOnDocumentId=EPA-R08-OAR-2024-0389-0001; duplicateComments=1; organizationMissing=true
EPA-R08-OAR-2024-0389,EPA-R08-OAR-2024-0389-0394,Kent Mitchell,not provided by public Regulations.gov fields,2024-10-09T04:00:00Z,"Wyoming and Utah have submitted Regional Haze State Implementation Plans with no proposed pollution reductions, allowing some of the nation's biggest polluters to remain uncontrolled for nitrogen oxide, sulfur dioxide, and other pollutants when common-sense controls exist that could significantly cut those emissions.
EPAs proposed disapprovals of these do-nothing state plans are a critical first step to protect air quality, both in national parks and our communities. I urge EPA to finalize its proposed disapprovals and act quickly to implement plans that will result in real pollution reductions.
In Utah, EPA analysis shows that installing selective catalytic reduction (SCR) on Hunter and Huntington coal plants would be cost-effective and provide massive visibility benefits for Utahs national parks. These plants have avoided pollution reductions for decades. Now is the time for EPA to act.
Similarly, in Wyoming, the state failed to even consider pollution controls at the states largest polluters, including Jim Bridger, Naughton, Dave Johnston, and Wyodak coal plants. Each of these facilities could install cost-effective pollution controls, including SCRs, that would result in significant air-quality improvements across the state.
Please finalize the proposed disapprovals of Utah and Wyomings do-nothing plans and require enforceable pollution reductions, including SCR installation, on our states' biggest polluters Hunter, Huntington, Jim Bridger, Naughton, Dave Johnston, and Wyodak.",https://www.regulations.gov/comment/EPA-R08-OAR-2024-0389-0394,,false,source=Regulations.gov v4 comment detail; retrievedAt=2026-09-12T18:11:40+00:00; commentOnDocumentId=EPA-R08-OAR-2024-0389-0001; duplicateComments=1; organizationMissing=true
EPA-R08-OAR-2024-0389,EPA-R08-OAR-2024-0389-0395,Brian Cocco,not provided by public Regulations.gov fields,2024-10-09T04:00:00Z,"Wyoming and Utah have submitted Regional Haze State Implementation Plans with no proposed pollution reductions, allowing some of the nation's biggest polluters to remain uncontrolled for nitrogen oxide, sulfur dioxide, and other pollutants when common-sense controls exist that could significantly cut those emissions.
EPAs proposed disapprovals of these do-nothing state plans are a critical first step to protect air quality, both in national parks and our communities. I urge EPA to finalize its proposed disapprovals and act quickly to implement plans that will result in real pollution reductions.
In Utah, EPA analysis shows that installing selective catalytic reduction (SCR) on Hunter and Huntington coal plants would be cost-effective and provide massive visibility benefits for Utahs national parks. These plants have avoided pollution reductions for decades. Now is the time for EPA to act.
Similarly, in Wyoming, the state failed to even consider pollution controls at the states largest polluters, including Jim Bridger, Naughton, Dave Johnston, and Wyodak coal plants. Each of these facilities could install cost-effective pollution controls, including SCRs, that would result in significant air-quality improvements across the state.
Please finalize the proposed disapprovals of Utah and Wyomings do-nothing plans and require enforceable pollution reductions, including SCR installation, on our states' biggest polluters Hunter, Huntington, Jim Bridger, Naughton, Dave Johnston, and Wyodak.",https://www.regulations.gov/comment/EPA-R08-OAR-2024-0389-0395,,false,source=Regulations.gov v4 comment detail; retrievedAt=2026-09-12T18:11:40+00:00; commentOnDocumentId=EPA-R08-OAR-2024-0389-0001; duplicateComments=1; organizationMissing=true
EPA-R08-OAR-2024-0389,EPA-R08-OAR-2024-0389-0396,Ron Matelich,not provided by public Regulations.gov fields,2024-10-09T04:00:00Z,"Wyoming and Utah have submitted Regional Haze State Implementation Plans with no proposed pollution reductions, allowing some of the nation's biggest polluters to remain uncontrolled for nitrogen oxide, sulfur dioxide, and other pollutants when common-sense controls exist that could significantly cut those emissions.
EPAs proposed disapprovals of these do-nothing state plans are a critical first step to protect air quality, both in national parks and our communities. I urge EPA to finalize its proposed disapprovals and act quickly to implement plans that will result in real pollution reductions.
In Utah, EPA analysis shows that installing selective catalytic reduction (SCR) on Hunter and Huntington coal plants would be cost-effective and provide massive visibility benefits for Utahs national parks. These plants have avoided pollution reductions for decades. Now is the time for EPA to act.
Similarly, in Wyoming, the state failed to even consider pollution controls at the states largest polluters, including Jim Bridger, Naughton, Dave Johnston, and Wyodak coal plants. Each of these facilities could install cost-effective pollution controls, including SCRs, that would result in significant air-quality improvements across the state.
Please finalize the proposed disapprovals of Utah and Wyomings do-nothing plans and require enforceable pollution reductions, including SCR installation, on our states' biggest polluters Hunter, Huntington, Jim Bridger, Naughton, Dave Johnston, and Wyodak.",https://www.regulations.gov/comment/EPA-R08-OAR-2024-0389-0396,,false,source=Regulations.gov v4 comment detail; retrievedAt=2026-09-12T18:11:40+00:00; commentOnDocumentId=EPA-R08-OAR-2024-0389-0001; duplicateComments=1; organizationMissing=true
EPA-R08-OAR-2024-0389,EPA-R08-OAR-2024-0389-0397,Marilyn Vohs,not provided by public Regulations.gov fields,2024-10-09T04:00:00Z,"Wyoming and Utah have submitted Regional Haze State Implementation Plans with no proposed pollution reductions, allowing some of the nation's biggest polluters to remain uncontrolled for nitrogen oxide, sulfur dioxide, and other pollutants when common-sense controls exist that could significantly cut those emissions.
EPAs proposed disapprovals of these do-nothing state plans are a critical first step to protect air quality, both in national parks and our communities. I urge EPA to finalize its proposed disapprovals and act quickly to implement plans that will result in real pollution reductions.
In Utah, EPA analysis shows that installing selective catalytic reduction (SCR) on Hunter and Huntington coal plants would be cost-effective and provide massive visibility benefits for Utahs national parks. These plants have avoided pollution reductions for decades. Now is the time for EPA to act.
Similarly, in Wyoming, the state failed to even consider pollution controls at the states largest polluters, including Jim Bridger, Naughton, Dave Johnston, and Wyodak coal plants. Each of these facilities could install cost-effective pollution controls, including SCRs, that would result in significant air-quality improvements across the state.
Please finalize the proposed disapprovals of Utah and Wyomings do-nothing plans and require enforceable pollution reductions, including SCR installation, on our states' biggest polluters Hunter, Huntington, Jim Bridger, Naughton, Dave Johnston, and Wyodak.",https://www.regulations.gov/comment/EPA-R08-OAR-2024-0389-0397,,false,source=Regulations.gov v4 comment detail; retrievedAt=2026-09-12T18:11:40+00:00; commentOnDocumentId=EPA-R08-OAR-2024-0389-0001; duplicateComments=1; organizationMissing=true
EPA-R08-OAR-2024-0389,EPA-R08-OAR-2024-0389-0398,Robert Bench,not provided by public Regulations.gov fields,2024-10-09T04:00:00Z,"Wyoming and Utah have submitted Regional Haze State Implementation Plans with no proposed pollution reductions, allowing some of the nation's biggest polluters to remain uncontrolled for nitrogen oxide, sulfur dioxide, and other pollutants when common-sense controls exist that could significantly cut those emissions.
EPAs proposed disapprovals of these do-nothing state plans are a critical first step to protect air quality, both in national parks and our communities. I urge EPA to finalize its proposed disapprovals and act quickly to implement plans that will result in real pollution reductions.
In Utah, EPA analysis shows that installing selective catalytic reduction (SCR) on Hunter and Huntington coal plants would be cost-effective and provide massive visibility benefits for Utahs national parks. These plants have avoided pollution reductions for decades. Now is the time for EPA to act.
Similarly, in Wyoming, the state failed to even consider pollution controls at the states largest polluters, including Jim Bridger, Naughton, Dave Johnston, and Wyodak coal plants. Each of these facilities could install cost-effective pollution controls, including SCRs, that would result in significant air-quality improvements across the state.
Please finalize the proposed disapprovals of Utah and Wyomings do-nothing plans and require enforceable pollution reductions, including SCR installation, on our states' biggest polluters Hunter, Huntington, Jim Bridger, Naughton, Dave Johnston, and Wyodak.",https://www.regulations.gov/comment/EPA-R08-OAR-2024-0389-0398,,false,source=Regulations.gov v4 comment detail; retrievedAt=2026-09-12T18:11:40+00:00; commentOnDocumentId=EPA-R08-OAR-2024-0389-0001; duplicateComments=1; organizationMissing=true
EPA-R08-OAR-2024-0389,EPA-R08-OAR-2024-0389-0399,Judith Von Kleinsmid,not provided by public Regulations.gov fields,2024-10-09T04:00:00Z,"Wyoming and Utah have submitted Regional Haze State Implementation Plans with no proposed pollution reductions, allowing some of the nation's biggest polluters to remain uncontrolled for nitrogen oxide, sulfur dioxide, and other pollutants when common-sense controls exist that could significantly cut those emissions.
EPAs proposed disapprovals of these do-nothing state plans are a critical first step to protect air quality, both in national parks and our communities. I urge EPA to finalize its proposed disapprovals and act quickly to implement plans that will result in real pollution reductions.
In Utah, EPA analysis shows that installing selective catalytic reduction (SCR) on Hunter and Huntington coal plants would be cost-effective and provide massive visibility benefits for Utahs national parks. These plants have avoided pollution reductions for decades. Now is the time for EPA to act.
Similarly, in Wyoming, the state failed to even consider pollution controls at the states largest polluters, including Jim Bridger, Naughton, Dave Johnston, and Wyodak coal plants. Each of these facilities could install cost-effective pollution controls, including SCRs, that would result in significant air-quality improvements across the state.
Please finalize the proposed disapprovals of Utah and Wyomings do-nothing plans and require enforceable pollution reductions, including SCR installation, on our states' biggest polluters Hunter, Huntington, Jim Bridger, Naughton, Dave Johnston, and Wyodak.
Thank you.",https://www.regulations.gov/comment/EPA-R08-OAR-2024-0389-0399,,false,source=Regulations.gov v4 comment detail; retrievedAt=2026-09-12T18:11:40+00:00; commentOnDocumentId=EPA-R08-OAR-2024-0389-0001; duplicateComments=1; organizationMissing=true
EPA-R08-OAR-2024-0389,EPA-R08-OAR-2024-0389-0400,Geoffrey Shaw,not provided by public Regulations.gov fields,2024-10-09T04:00:00Z,"Wyoming and Utah have submitted Regional Haze State Implementation Plans with no proposed pollution reductions, allowing some of the nation's biggest polluters to remain uncontrolled for nitrogen oxide, sulfur dioxide, and other pollutants when common-sense controls exist that could significantly cut those emissions.
EPAs proposed disapprovals of these do-nothing state plans are a critical first step to protect air quality, both in national parks and our communities. I urge EPA to finalize its proposed disapprovals and act quickly to implement plans that will result in real pollution reductions.
In Utah, EPA analysis shows that installing selective catalytic reduction (SCR) on Hunter and Huntington coal plants would be cost-effective and provide massive visibility benefits for Utahs national parks. These plants have avoided pollution reductions for decades. Now is the time for EPA to act.
Similarly, in Wyoming, the state failed to even consider pollution controls at the states largest polluters, including Jim Bridger, Naughton, Dave Johnston, and Wyodak coal plants. Each of these facilities could install cost-effective pollution controls, including SCRs, that would result in significant air-quality improvements across the state.
Please finalize the proposed disapprovals of Utah and Wyomings do-nothing plans and require enforceable pollution reductions, including SCR installation, on our states' biggest polluters Hunter, Huntington, Jim Bridger, Naughton, Dave Johnston, and Wyodak.",https://www.regulations.gov/comment/EPA-R08-OAR-2024-0389-0400,,false,source=Regulations.gov v4 comment detail; retrievedAt=2026-09-12T18:11:40+00:00; commentOnDocumentId=EPA-R08-OAR-2024-0389-0001; duplicateComments=1; organizationMissing=true
EPA-R08-OAR-2024-0389,EPA-R08-OAR-2024-0389-0401,Gerald Mantonya,not provided by public Regulations.gov fields,2024-10-09T04:00:00Z,"Wyoming and Utah have submitted Regional Haze State Implementation Plans with no proposed pollution reductions, allowing some of the nation's biggest polluters to remain uncontrolled for nitrogen oxide, sulfur dioxide, and other pollutants when common-sense controls exist that could significantly cut those emissions.
EPAs proposed disapprovals of these do-nothing state plans are a critical first step to protect air quality, both in national parks and our communities. I urge EPA to finalize its proposed disapprovals and act quickly to implement plans that will result in real pollution reductions.
In Utah, EPA analysis shows that installing selective catalytic reduction (SCR) on Hunter and Huntington coal plants would be cost-effective and provide massive visibility benefits for Utahs national parks. These plants have avoided pollution reductions for decades. Now is the time for EPA to act.
Similarly, in Wyoming, the state failed to even consider pollution controls at the states largest polluters, including Jim Bridger, Naughton, Dave Johnston, and Wyodak coal plants. Each of these facilities could install cost-effective pollution controls, including SCRs, that would result in significant air-quality improvements across the state.
Please finalize the proposed disapprovals of Utah and Wyomings do-nothing plans and require enforceable pollution reductions, including SCR installation, on our states' biggest polluters Hunter, Huntington, Jim Bridger, Naughton, Dave Johnston, and Wyodak.",https://www.regulations.gov/comment/EPA-R08-OAR-2024-0389-0401,,false,source=Regulations.gov v4 comment detail; retrievedAt=2026-09-12T18:11:40+00:00; commentOnDocumentId=EPA-R08-OAR-2024-0389-0001; duplicateComments=1; organizationMissing=true
EPA-R08-OAR-2024-0389,EPA-R08-OAR-2024-0389-0402,Patricia Mcelderry,not provided by public Regulations.gov fields,2024-10-09T04:00:00Z,"Wyoming and Utah have submitted Regional Haze State Implementation Plans with no proposed pollution reductions, allowing some of the nation's biggest polluters to remain uncontrolled for nitrogen oxide, sulfur dioxide, and other pollutants when common-sense controls exist that could significantly cut those emissions.
EPAs proposed disapprovals of these do-nothing state plans are a critical first step to protect air quality, both in national parks and our communities. I urge EPA to finalize its proposed disapprovals and act quickly to implement plans that will result in real pollution reductions.
In Utah, EPA analysis shows that installing selective catalytic reduction (SCR) on Hunter and Huntington coal plants would be cost-effective and provide massive visibility benefits for Utahs national parks. These plants have avoided pollution reductions for decades. Now is the time for EPA to act.
Similarly, in Wyoming, the state failed to even consider pollution controls at the states largest polluters, including Jim Bridger, Naughton, Dave Johnston, and Wyodak coal plants. Each of these facilities could install cost-effective pollution controls, including SCRs, that would result in significant air-quality improvements across the state.
Please finalize the proposed disapprovals of Utah and Wyomings do-nothing plans and require enforceable pollution reductions, including SCR installation, on our states' biggest polluters Hunter, Huntington, Jim Bridger, Naughton, Dave Johnston, and Wyodak.",https://www.regulations.gov/comment/EPA-R08-OAR-2024-0389-0402,,false,source=Regulations.gov v4 comment detail; retrievedAt=2026-09-12T18:11:40+00:00; commentOnDocumentId=EPA-R08-OAR-2024-0389-0001; duplicateComments=1; organizationMissing=true
EPA-R08-OAR-2024-0389,EPA-R08-OAR-2024-0389-0403,Anthony Carreon,not provided by public Regulations.gov fields,2024-10-09T04:00:00Z,"This is very important!!!!
Wyoming and Utah have submitted Regional Haze State Implementation Plans with no proposed pollution reductions, allowing some of the nation's biggest polluters to remain uncontrolled for nitrogen oxide, sulfur dioxide, and other pollutants when common-sense controls exist that could significantly cut those emissions.
EPAs proposed disapprovals of these do-nothing state plans are a critical first step to protect air quality, both in national parks and our communities. I urge EPA to finalize its proposed disapprovals and act quickly to implement plans that will result in real pollution reductions.
In Utah, EPA analysis shows that installing selective catalytic reduction (SCR) on Hunter and Huntington coal plants would be cost-effective and provide massive visibility benefits for Utahs national parks. These plants have avoided pollution reductions for decades. Now is the time for EPA to act.
Similarly, in Wyoming, the state failed to even consider pollution controls at the states largest polluters, including Jim Bridger, Naughton, Dave Johnston, and Wyodak coal plants. Each of these facilities could install cost-effective pollution controls, including SCRs, that would result in significant air-quality improvements across the state.
Please finalize the proposed disapprovals of Utah and Wyomings do-nothing plans and require enforceable pollution reductions, including SCR installation, on our states' biggest polluters Hunter, Huntington, Jim Bridger, Naughton, Dave Johnston, and Wyodak.",https://www.regulations.gov/comment/EPA-R08-OAR-2024-0389-0403,,false,source=Regulations.gov v4 comment detail; retrievedAt=2026-09-12T18:11:40+00:00; commentOnDocumentId=EPA-R08-OAR-2024-0389-0001; duplicateComments=1; organizationMissing=true
EPA-R08-OAR-2024-0389,EPA-R08-OAR-2024-0389-0404,Robert Rosenblum,not provided by public Regulations.gov fields,2024-10-09T04:00:00Z,"Wyoming and Utah have submitted Regional Haze State Implementation Plans with no proposed pollution reductions, allowing some of the nation's biggest polluters to remain uncontrolled for nitrogen oxide, sulfur dioxide, and other pollutants when common-sense controls exist that could significantly cut those emissions.
EPAs proposed disapprovals of these do-nothing state plans are a critical first step to protect air quality, both in national parks and our communities. I urge EPA to finalize its proposed disapprovals and act quickly to implement plans that will result in real pollution reductions.
In Utah, EPA analysis shows that installing selective catalytic reduction (SCR) on Hunter and Huntington coal plants would be cost-effective and provide massive visibility benefits for Utahs national parks. These plants have avoided pollution reductions for decades. Now is the time for EPA to act.
Similarly, in Wyoming, the state failed to even consider pollution controls at the states largest polluters, including Jim Bridger, Naughton, Dave Johnston, and Wyodak coal plants. Each of these facilities could install cost-effective pollution controls, including SCRs, that would result in significant air-quality improvements across the state.
Please finalize the proposed disapprovals of Utah and Wyomings do-nothing plans and require enforceable pollution reductions, including SCR installation, on our states' biggest polluters Hunter, Huntington, Jim Bridger, Naughton, Dave Johnston, and Wyodak.",https://www.regulations.gov/comment/EPA-R08-OAR-2024-0389-0404,,false,source=Regulations.gov v4 comment detail; retrievedAt=2026-09-12T18:11:40+00:00; commentOnDocumentId=EPA-R08-OAR-2024-0389-0001; duplicateComments=1; organizationMissing=true
EPA-R08-OAR-2024-0389,EPA-R08-OAR-2024-0389-0405,Joan Chatman,not provided by public Regulations.gov fields,2024-10-09T04:00:00Z,"Wyoming and Utah have submitted Regional Haze State Implementation Plans with no proposed pollution reductions, allowing some of the nation's biggest polluters to remain uncontrolled for nitrogen oxide, sulfur dioxide, and other pollutants when common-sense controls exist that could significantly cut those emissions.
EPAs proposed disapprovals of these do-nothing state plans are a critical first step to protect air quality, both in national parks and our communities. I urge EPA to finalize its proposed disapprovals and act quickly to implement plans that will result in real pollution reductions.
In Utah, EPA analysis shows that installing selective catalytic reduction (SCR) on Hunter and Huntington coal plants would be cost-effective and provide massive visibility benefits for Utahs national parks. These plants have avoided pollution reductions for decades. Now is the time for EPA to act.
Similarly, in Wyoming, the state failed to even consider pollution controls at the states largest polluters, including Jim Bridger, Naughton, Dave Johnston, and Wyodak coal plants. Each of these facilities could install cost-effective pollution controls, including SCRs, that would result in significant air-quality improvements across the state.
Please finalize the proposed disapprovals of Utah and Wyomings do-nothing plans and require enforceable pollution reductions, including SCR installation, on our states' biggest polluters Hunter, Huntington, Jim Bridger, Naughton, Dave Johnston, and Wyodak.",https://www.regulations.gov/comment/EPA-R08-OAR-2024-0389-0405,,false,source=Regulations.gov v4 comment detail; retrievedAt=2026-09-12T18:11:40+00:00; commentOnDocumentId=EPA-R08-OAR-2024-0389-0001; duplicateComments=1; organizationMissing=true
EPA-R08-OAR-2024-0389,EPA-R08-OAR-2024-0389-0406,Donald Rothberg,not provided by public Regulations.gov fields,2024-10-09T04:00:00Z,"Wyoming and Utah have submitted Regional Haze State Implementation Plans with no proposed pollution reductions, allowing some of the nation's biggest polluters to remain uncontrolled for nitrogen oxide, sulfur dioxide, and other pollutants when common-sense controls exist that could significantly cut those emissions.
EPAs proposed disapprovals of these do-nothing state plans are a critical first step to protect air quality, both in national parks and our communities. I urge EPA to finalize its proposed disapprovals and act quickly to implement plans that will result in real pollution reductions.
In Utah, EPA analysis shows that installing selective catalytic reduction (SCR) on Hunter and Huntington coal plants would be cost-effective and provide massive visibility benefits for Utahs national parks. These plants have avoided pollution reductions for decades. Now is the time for EPA to act.
Similarly, in Wyoming, the state failed to even consider pollution controls at the states largest polluters, including Jim Bridger, Naughton, Dave Johnston, and Wyodak coal plants. Each of these facilities could install cost-effective pollution controls, including SCRs, that would result in significant air-quality improvements across the state.
Please finalize the proposed disapprovals of Utah and Wyomings do-nothing plans and require enforceable pollution reductions, including SCR installation, on our states' biggest polluters Hunter, Huntington, Jim Bridger, Naughton, Dave Johnston, and Wyodak.",https://www.regulations.gov/comment/EPA-R08-OAR-2024-0389-0406,,false,source=Regulations.gov v4 comment detail; retrievedAt=2026-09-12T18:11:40+00:00; commentOnDocumentId=EPA-R08-OAR-2024-0389-0001; duplicateComments=1; organizationMissing=true
EPA-R08-OAR-2024-0389,EPA-R08-OAR-2024-0389-0407,Greg Destro,not provided by public Regulations.gov fields,2024-10-09T04:00:00Z,"Dirty coal plants cannot be allowed to pollute with Impunity - they MUST BE better regulated!!
Wyoming and Utah have submitted Regional Haze State Implementation Plans with no proposed pollution reductions, allowing some of the nation's biggest polluters to remain uncontrolled for nitrogen oxide, sulfur dioxide, and other pollutants when common-sense controls exist that could significantly cut those emissions.
EPAs proposed disapprovals of these do-nothing state plans are a critical first step to protect air quality, both in national parks and our communities. I urge EPA to finalize its proposed disapprovals and act quickly to implement plans that will result in real pollution reductions.
In Utah, EPA analysis shows that installing selective catalytic reduction (SCR) on Hunter and Huntington coal plants would be cost-effective and provide massive visibility benefits for Utahs national parks. These plants have avoided pollution reductions for decades. Now is the time for EPA to act.
Similarly, in Wyoming, the state failed to even consider pollution controls at the states largest polluters, including Jim Bridger, Naughton, Dave Johnston, and Wyodak coal plants. Each of these facilities could install cost-effective pollution controls, including SCRs, that would result in significant air-quality improvements across the state.
Please finalize the proposed disapprovals of Utah and Wyomings do-nothing plans and require enforceable pollution reductions, including SCR installation, on our states' biggest polluters Hunter, Huntington, Jim Bridger, Naughton, Dave Johnston, and Wyodak.",https://www.regulations.gov/comment/EPA-R08-OAR-2024-0389-0407,,false,source=Regulations.gov v4 comment detail; retrievedAt=2026-09-12T18:11:40+00:00; commentOnDocumentId=EPA-R08-OAR-2024-0389-0001; duplicateComments=1; organizationMissing=true
EPA-R08-OAR-2024-0389,EPA-R08-OAR-2024-0389-0408,Candace Galen,not provided by public Regulations.gov fields,2024-10-09T04:00:00Z,"haze is not just a view killer, it makes spending time outside enjoying the view a hazardous activity
Wyoming and Utah have submitted Regional Haze State Implementation Plans with no proposed pollution reductions, allowing some of the nation's biggest polluters to remain uncontrolled for nitrogen oxide, sulfur dioxide, and other pollutants when common-sense controls exist that could significantly cut those emissions.
EPAs proposed disapprovals of these do-nothing state plans are a critical first step to protect air quality, both in national parks and our communities. I urge EPA to finalize its proposed disapprovals and act quickly to implement plans that will result in real pollution reductions.
In Utah, EPA analysis shows that installing selective catalytic reduction (SCR) on Hunter and Huntington coal plants would be cost-effective and provide massive visibility benefits for Utahs national parks. These plants have avoided pollution reductions for decades. Now is the time for EPA to act.
Similarly, in Wyoming, the state failed to even consider pollution controls at the states largest polluters, including Jim Bridger, Naughton, Dave Johnston, and Wyodak coal plants. Each of these facilities could install cost-effective pollution controls, including SCRs, that would result in significant air-quality improvements across the state.
Please finalize the proposed disapprovals of Utah and Wyomings do-nothing plans and require enforceable pollution reductions, including SCR installation, on our states' biggest polluters Hunter, Huntington, Jim Bridger, Naughton, Dave Johnston, and Wyodak.",https://www.regulations.gov/comment/EPA-R08-OAR-2024-0389-0408,,false,source=Regulations.gov v4 comment detail; retrievedAt=2026-09-12T18:11:40+00:00; commentOnDocumentId=EPA-R08-OAR-2024-0389-0001; duplicateComments=1; organizationMissing=true
EPA-R08-OAR-2024-0389,EPA-R08-OAR-2024-0389-0409,Beth Eisenbeis,not provided by public Regulations.gov fields,2024-10-09T04:00:00Z,"Wyoming and Utah have submitted Regional Haze State Implementation Plans with no proposed pollution reductions, allowing some of the nation's biggest polluters to remain uncontrolled for nitrogen oxide, sulfur dioxide, and other pollutants when common-sense controls exist that could significantly cut those emissions.
EPAs proposed disapprovals of these do-nothing state plans are a critical first step to protect air quality, both in national parks and our communities. I urge EPA to finalize its proposed disapprovals and act quickly to implement plans that will result in real pollution reductions.
In Utah, EPA analysis shows that installing selective catalytic reduction (SCR) on Hunter and Huntington coal plants would be cost-effective and provide massive visibility benefits for Utahs national parks. These plants have avoided pollution reductions for decades. Now is the time for EPA to act.
Similarly, in Wyoming, the state failed to even consider pollution controls at the states largest polluters, including Jim Bridger, Naughton, Dave Johnston, and Wyodak coal plants. Each of these facilities could install cost-effective pollution controls, including SCRs, that would result in significant air-quality improvements across the state.
Please finalize the proposed disapprovals of Utah and Wyomings do-nothing plans and require enforceable pollution reductions, including SCR installation, on our states' biggest polluters Hunter, Huntington, Jim Bridger, Naughton, Dave Johnston, and Wyodak.",https://www.regulations.gov/comment/EPA-R08-OAR-2024-0389-0409,,false,source=Regulations.gov v4 comment detail; retrievedAt=2026-09-12T18:11:40+00:00; commentOnDocumentId=EPA-R08-OAR-2024-0389-0001; duplicateComments=1; organizationMissing=true
EPA-R08-OAR-2024-0389,EPA-R08-OAR-2024-0389-0410,Sharon Paltin,not provided by public Regulations.gov fields,2024-10-09T04:00:00Z,"Wyoming and Utah have submitted Regional Haze State Implementation Plans with no proposed pollution reductions, allowing some of the nation's biggest polluters to remain uncontrolled for nitrogen oxide, sulfur dioxide, and other pollutants when common-sense controls exist that could significantly cut those emissions.
EPAs proposed disapprovals of these do-nothing state plans are a critical first step to protect air quality, both in national parks and our communities. I urge EPA to finalize its proposed disapprovals and act quickly to implement plans that will result in real pollution reductions.
In Utah, EPA analysis shows that installing selective catalytic reduction (SCR) on Hunter and Huntington coal plants would be cost-effective and provide massive visibility benefits for Utahs national parks. These plants have avoided pollution reductions for decades. Now is the time for EPA to act.
Similarly, in Wyoming, the state failed to even consider pollution controls at the states largest polluters, including Jim Bridger, Naughton, Dave Johnston, and Wyodak coal plants. Each of these facilities could install cost-effective pollution controls, including SCRs, that would result in significant air-quality improvements across the state.
Please finalize the proposed disapprovals of Utah and Wyomings do-nothing plans and require enforceable pollution reductions, including SCR installation, on our states' biggest polluters Hunter, Huntington, Jim Bridger, Naughton, Dave Johnston, and Wyodak.",https://www.regulations.gov/comment/EPA-R08-OAR-2024-0389-0410,,false,source=Regulations.gov v4 comment detail; retrievedAt=2026-09-12T18:11:40+00:00; commentOnDocumentId=EPA-R08-OAR-2024-0389-0001; duplicateComments=1; organizationMissing=true
EPA-R08-OAR-2024-0389,EPA-R08-OAR-2024-0389-0411,Joseph White,not provided by public Regulations.gov fields,2024-10-09T04:00:00Z,"Wyoming and Utah have submitted Regional Haze State Implementation Plans with no proposed pollution reductions, allowing some of the nation's biggest polluters to remain uncontrolled for nitrogen oxide, sulfur dioxide, and other pollutants when common-sense controls exist that could significantly cut those emissions.
EPAs proposed disapproval of these do-nothing state plans is a critical first step to protecting air quality in national parks and our communities. I urge EPA to finalize its proposed disapprovals and act quickly to implement plans that will result in real pollution reductions.
In Utah, EPA analysis shows that installing selective catalytic reduction (SCR) on Hunter and Huntington coal plants would be cost-effective and provide massive visibility benefits for Utahs national parks. These plants have avoided pollution reductions for decades. Now is the time for EPA to act.
Similarly, in Wyoming, the state failed to consider pollution controls at the states largest polluters, including Jim Bridger, Naughton, Dave Johnston, and Wyodak coal plants. Each of these facilities could install cost-effective pollution controls, including SCRs, that would result in significant air-quality improvements across the state.
Please finalize the proposed disapprovals of Utah and Wyomings do-nothing plans and require enforceable pollution reductions, including SCR installation, on our states' biggest polluters Hunter, Huntington, Jim Bridger, Naughton, Dave Johnston, and Wyodak.",https://www.regulations.gov/comment/EPA-R08-OAR-2024-0389-0411,,false,source=Regulations.gov v4 comment detail; retrievedAt=2026-09-12T18:11:40+00:00; commentOnDocumentId=EPA-R08-OAR-2024-0389-0001; duplicateComments=1; organizationMissing=true
EPA-R08-OAR-2024-0389,EPA-R08-OAR-2024-0389-0412,Veena Singwi,not provided by public Regulations.gov fields,2024-10-09T04:00:00Z,"Wyoming and Utah have submitted Regional Haze State Implementation Plans with no proposed pollution reductions, allowing some of the nation's biggest polluters to remain uncontrolled for nitrogen oxide, sulfur dioxide, and other pollutants when common-sense controls exist that could significantly cut those emissions.
EPAs proposed disapprovals of these do-nothing state plans are a critical first step to protect air quality, both in national parks and our communities. I urge EPA to finalize its proposed disapprovals and act quickly to implement plans that will result in real pollution reductions.
In Utah, EPA analysis shows that installing selective catalytic reduction (SCR) on Hunter and Huntington coal plants would be cost-effective and provide massive visibility benefits for Utahs national parks. These plants have avoided pollution reductions for decades. Now is the time for EPA to act.
Similarly, in Wyoming, the state failed to even consider pollution controls at the states largest polluters, including Jim Bridger, Naughton, Dave Johnston, and Wyodak coal plants. Each of these facilities could install cost-effective pollution controls, including SCRs, that would result in significant air-quality improvements across the state.
Please finalize the proposed disapprovals of Utah and Wyomings do-nothing plans and require enforceable pollution reductions, including SCR installation, on our states' biggest polluters Hunter, Huntington, Jim Bridger, Naughton, Dave Johnston, and Wyodak.",https://www.regulations.gov/comment/EPA-R08-OAR-2024-0389-0412,,false,source=Regulations.gov v4 comment detail; retrievedAt=2026-09-12T18:11:40+00:00; commentOnDocumentId=EPA-R08-OAR-2024-0389-0001; duplicateComments=1; organizationMissing=true
EPA-R08-OAR-2024-0389,EPA-R08-OAR-2024-0389-0413,Barbara Sandow,not provided by public Regulations.gov fields,2024-10-09T04:00:00Z,"Wyoming and Utah have submitted Regional Haze State Implementation Plans with no proposed pollution reductions, allowing some of the nation's biggest polluters to remain uncontrolled for nitrogen oxide, sulfur dioxide, and other pollutants when common-sense controls exist that could significantly cut those emissions.
EPAs proposed disapprovals of these do-nothing state plans are a critical first step to protect air quality, both in national parks and our communities. I urge EPA to finalize its proposed disapprovals and act quickly to implement plans that will result in real pollution reductions.
In Utah, EPA analysis shows that installing selective catalytic reduction (SCR) on Hunter and Huntington coal plants would be cost-effective and provide massive visibility benefits for Utahs national parks. These plants have avoided pollution reductions for decades. Now is the time for EPA to act.
Similarly, in Wyoming, the state failed to even consider pollution controls at the states largest polluters, including Jim Bridger, Naughton, Dave Johnston, and Wyodak coal plants. Each of these facilities could install cost-effective pollution controls, including SCRs, that would result in significant air-quality improvements across the state.
Please finalize the proposed disapprovals of Utah and Wyomings do-nothing plans and require enforceable pollution reductions, including SCR installation, on our states' biggest polluters Hunter, Huntington, Jim Bridger, Naughton, Dave Johnston, and Wyodak.",https://www.regulations.gov/comment/EPA-R08-OAR-2024-0389-0413,,false,source=Regulations.gov v4 comment detail; retrievedAt=2026-09-12T18:11:40+00:00; commentOnDocumentId=EPA-R08-OAR-2024-0389-0001; duplicateComments=1; organizationMissing=true
EPA-R08-OAR-2024-0389,EPA-R08-OAR-2024-0389-0414,Cynthia Marrs,not provided by public Regulations.gov fields,2024-10-09T04:00:00Z,"Wyoming and Utah have submitted Regional Haze State Implementation Plans with no proposed pollution reductions, allowing some of the nation's biggest polluters to remain uncontrolled for nitrogen oxide, sulfur dioxide, and other pollutants when common-sense controls exist that could significantly cut those emissions.
EPAs proposed disapprovals of these do-nothing state plans are a critical first step to protect air quality, both in national parks and our communities. I urge EPA to finalize its proposed disapprovals and act quickly to implement plans that will result in real pollution reductions.
In Utah, EPA analysis shows that installing selective catalytic reduction (SCR) on Hunter and Huntington coal plants would be cost-effective and provide massive visibility benefits for Utahs national parks. These plants have avoided pollution reductions for decades. Now is the time for EPA to act.
Similarly, in Wyoming, the state failed to even consider pollution controls at the states largest polluters, including Jim Bridger, Naughton, Dave Johnston, and Wyodak coal plants. Each of these facilities could install cost-effective pollution controls, including SCRs, that would result in significant air-quality improvements across the state.
Please finalize the proposed disapprovals of Utah and Wyomings do-nothing plans and require enforceable pollution reductions, including SCR installation, on our states' biggest polluters Hunter, Huntington, Jim Bridger, Naughton, Dave Johnston, and Wyodak.",https://www.regulations.gov/comment/EPA-R08-OAR-2024-0389-0414,,false,source=Regulations.gov v4 comment detail; retrievedAt=2026-09-12T18:11:40+00:00; commentOnDocumentId=EPA-R08-OAR-2024-0389-0001; duplicateComments=1; organizationMissing=true
EPA-R08-OAR-2024-0389,EPA-R08-OAR-2024-0389-0415,Dylan Abramovich,not provided by public Regulations.gov fields,2024-10-09T04:00:00Z,"I have health problems because of smokey air.
Wyoming and Utah have submitted Regional Haze State Implementation Plans with no proposed pollution reductions, allowing some of the nation's biggest polluters to remain uncontrolled for nitrogen oxide, sulfur dioxide, and other pollutants when common-sense controls exist that could significantly cut those emissions.
EPAs proposed disapprovals of these do-nothing state plans are a critical first step to protect air quality, both in national parks and our communities. I STRONGLY urge EPA to finalize its proposed disapprovals and act quickly to implement plans that will result in real pollution reductions.
In Utah, EPA analysis shows that installing selective catalytic reduction (SCR) on Hunter and Huntington coal plants would be cost-effective and provide massive visibility benefits for Utahs national parks. These plants have avoided pollution reductions for decades. Now is the time for EPA to act.
Similarly, in Wyoming, the state failed to even consider pollution controls at the states largest polluters, including Jim Bridger, Naughton, Dave Johnston, and Wyodak coal plants. Each of these facilities could install cost-effective pollution controls, including SCRs, that would result in significant air-quality improvements across the state.
Please finalize the proposed disapprovals of Utah and Wyomings do-nothing plans and require enforceable pollution reductions, including SCR installation, on our states' biggest polluters Hunter, Huntington, Jim Bridger, Naughton, Dave Johnston, and Wyodak.",https://www.regulations.gov/comment/EPA-R08-OAR-2024-0389-0415,,false,source=Regulations.gov v4 comment detail; retrievedAt=2026-09-12T18:11:40+00:00; commentOnDocumentId=EPA-R08-OAR-2024-0389-0001; duplicateComments=1; organizationMissing=true
EPA-R08-OAR-2024-0389,EPA-R08-OAR-2024-0389-0416,Scott Kennedy,not provided by public Regulations.gov fields,2024-10-09T04:00:00Z,"Wyoming and Utah have submitted Regional Haze State Implementation Plans with no proposed pollution reductions, allowing some of the nation's biggest polluters to remain uncontrolled for nitrogen oxide, sulfur dioxide, and other pollutants when common-sense controls exist that could significantly cut those emissions.
EPAs proposed disapprovals of these do-nothing state plans are a critical first step to protect air quality, both in national parks and our communities. I urge EPA to finalize its proposed disapprovals and act quickly to implement plans that will result in real pollution reductions.
In Utah, EPA analysis shows that installing selective catalytic reduction (SCR) on Hunter and Huntington coal plants would be cost-effective and provide massive visibility benefits for Utahs national parks. These plants have avoided pollution reductions for decades. Now is the time for EPA to act.
Similarly, in Wyoming, the state failed to even consider pollution controls at the states largest polluters, including Jim Bridger, Naughton, Dave Johnston, and Wyodak coal plants. Each of these facilities could install cost-effective pollution controls, including SCRs, that would result in significant air-quality improvements across the state.
Please finalize the proposed disapprovals of Utah and Wyomings do-nothing plans and require enforceable pollution reductions, including SCR installation, on our states' biggest polluters Hunter, Huntington, Jim Bridger, Naughton, Dave Johnston, and Wyodak.",https://www.regulations.gov/comment/EPA-R08-OAR-2024-0389-0416,,false,source=Regulations.gov v4 comment detail; retrievedAt=2026-09-12T18:11:40+00:00; commentOnDocumentId=EPA-R08-OAR-2024-0389-0001; duplicateComments=1; organizationMissing=true
EPA-R08-OAR-2024-0389,EPA-R08-OAR-2024-0389-0417,Katharine Warner,not provided by public Regulations.gov fields,2024-10-09T04:00:00Z,"Wyoming and Utah have submitted Regional Haze State Implementation Plans with no proposed pollution reductions, allowing some of the nation's biggest polluters to remain uncontrolled for nitrogen oxide, sulfur dioxide, and other pollutants when common-sense controls exist that could significantly cut those emissions.
EPAs proposed disapprovals of these do-nothing state plans are a critical first step to protect air quality, both in national parks and our communities. I urge EPA to finalize its proposed disapprovals and act quickly to implement plans that will result in real pollution reductions.
In Utah, EPA analysis shows that installing selective catalytic reduction (SCR) on Hunter and Huntington coal plants would be cost-effective and provide massive visibility benefits for Utahs national parks. These plants have avoided pollution reductions for decades. Now is the time for EPA to act.
Similarly, in Wyoming, the state failed to even consider pollution controls at the states largest polluters, including Jim Bridger, Naughton, Dave Johnston, and Wyodak coal plants. Each of these facilities could install cost-effective pollution controls, including SCRs, that would result in significant air-quality improvements across the state.
Please finalize the proposed disapprovals of Utah and Wyomings do-nothing plans and require enforceable pollution reductions, including SCR installation, on our states' biggest polluters Hunter, Huntington, Jim Bridger, Naughton, Dave Johnston, and Wyodak.",https://www.regulations.gov/comment/EPA-R08-OAR-2024-0389-0417,,false,source=Regulations.gov v4 comment detail; retrievedAt=2026-09-12T18:11:40+00:00; commentOnDocumentId=EPA-R08-OAR-2024-0389-0001; duplicateComments=1; organizationMissing=true
EPA-R08-OAR-2024-0389,EPA-R08-OAR-2024-0389-0418,Sarah Sismondo,not provided by public Regulations.gov fields,2024-10-09T04:00:00Z,"Wyoming and Utah have submitted Regional Haze State Implementation Plans with no proposed pollution reductions, allowing some of the nation's biggest polluters to remain uncontrolled for nitrogen oxide, sulfur dioxide, and other pollutants when common-sense controls exist that could significantly cut those emissions.
EPAs proposed disapprovals of these do-nothing state plans are a critical first step to protect air quality, both in national parks and our communities. I urge EPA to finalize its proposed disapprovals and act quickly to implement plans that will result in real pollution reductions.
In Utah, EPA analysis shows that installing selective catalytic reduction (SCR) on Hunter and Huntington coal plants would be cost-effective and provide massive visibility benefits for Utahs national parks. These plants have avoided pollution reductions for decades. Now is the time for EPA to act.
Similarly, in Wyoming, the state failed to even consider pollution controls at the states largest polluters, including Jim Bridger, Naughton, Dave Johnston, and Wyodak coal plants. Each of these facilities could install cost-effective pollution controls, including SCRs, that would result in significant air-quality improvements across the state.
Please finalize the proposed disapprovals of Utah and Wyomings do-nothing plans and require enforceable pollution reductions, including SCR installation, on our states' biggest polluters Hunter, Huntington, Jim Bridger, Naughton, Dave Johnston, and Wyodak.",https://www.regulations.gov/comment/EPA-R08-OAR-2024-0389-0418,,false,source=Regulations.gov v4 comment detail; retrievedAt=2026-09-12T18:11:40+00:00; commentOnDocumentId=EPA-R08-OAR-2024-0389-0001; duplicateComments=1; organizationMissing=true
EPA-R08-OAR-2024-0389,EPA-R08-OAR-2024-0389-0419,Walt Mintkeski,not provided by public Regulations.gov fields,2024-10-09T04:00:00Z,"Wyoming and Utah have submitted Regional Haze State Implementation Plans with no proposed pollution reductions, allowing some of the nation's biggest polluters to remain uncontrolled for nitrogen oxide, sulfur dioxide, and other pollutants when common-sense controls exist that could significantly cut those emissions. And cutting these emissions not only improves visibility but also public health, which is important to me as a lung cancer patient.
EPAs proposed disapprovals of these do-nothing state plans are a critical first step to protect air quality, both in national parks and our communities. I urge EPA to finalize its proposed disapprovals and act quickly to implement plans that will result in real pollution reductions.
In Utah, EPA analysis shows that installing selective catalytic reduction (SCR) on Hunter and Huntington coal plants would be cost-effective and provide massive visibility benefits for Utahs national parks. These plants have avoided pollution reductions for decades. Now is the time for EPA to act.
Similarly, in Wyoming, the state failed to even consider pollution controls at the states largest polluters, including Jim Bridger, Naughton, Dave Johnston, and Wyodak coal plants. Each of these facilities could install cost-effective pollution controls, including SCRs, that would result in significant air-quality improvements across the state.
Please finalize the proposed disapprovals of Utah and Wyomings do-nothing plans and require enforceable pollution reductions, including SCR installation, on our states' biggest polluters Hunter, Huntington, Jim Bridger, Naughton, Dave Johnston, and Wyodak.",https://www.regulations.gov/comment/EPA-R08-OAR-2024-0389-0419,,false,source=Regulations.gov v4 comment detail; retrievedAt=2026-09-12T18:11:40+00:00; commentOnDocumentId=EPA-R08-OAR-2024-0389-0001; duplicateComments=1; organizationMissing=true
EPA-R08-OAR-2024-0389,EPA-R08-OAR-2024-0389-0420,Marshall Hill-Tanquist,not provided by public Regulations.gov fields,2024-10-09T04:00:00Z,"Please protect this beautiful wild area.
Wyoming and Utah have submitted Regional Haze State Implementation Plans with no proposed pollution reductions, allowing some of the nation's biggest polluters to remain uncontrolled for nitrogen oxide, sulfur dioxide, and other pollutants when common-sense controls exist that could significantly cut those emissions.
EPAs proposed disapprovals of these do-nothing state plans are a critical first step to protect air quality, both in national parks and our communities. I urge EPA to finalize its proposed disapprovals and act quickly to implement plans that will result in real pollution reductions.
In Utah, EPA analysis shows that installing selective catalytic reduction (SCR) on Hunter and Huntington coal plants would be cost-effective and provide massive visibility benefits for Utahs national parks. These plants have avoided pollution reductions for decades. Now is the time for EPA to act.
Similarly, in Wyoming, the state failed to even consider pollution controls at the states largest polluters, including Jim Bridger, Naughton, Dave Johnston, and Wyodak coal plants. Each of these facilities could install cost-effective pollution controls, including SCRs, that would result in significant air-quality improvements across the state.
Please finalize the proposed disapprovals of Utah and Wyomings do-nothing plans and require enforceable pollution reductions, including SCR installation, on our states' biggest polluters Hunter, Huntington, Jim Bridger, Naughton, Dave Johnston, and Wyodak.",https://www.regulations.gov/comment/EPA-R08-OAR-2024-0389-0420,,false,source=Regulations.gov v4 comment detail; retrievedAt=2026-09-12T18:11:40+00:00; commentOnDocumentId=EPA-R08-OAR-2024-0389-0001; duplicateComments=1; organizationMissing=true
EPA-R08-OAR-2024-0389,EPA-R08-OAR-2024-0389-0421,Darlene Wyatt,not provided by public Regulations.gov fields,2024-10-09T04:00:00Z,"Wyoming and Utah have submitted Regional Haze State Implementation Plans with no proposed pollution reductions, allowing some of the nation's biggest polluters to remain uncontrolled for nitrogen oxide, sulfur dioxide, and other pollutants when common-sense controls exist that could significantly cut those emissions.
EPAs proposed disapprovals of these do-nothing state plans are a critical first step to protect air quality, both in national parks and our communities. I urge EPA to finalize its proposed disapprovals and act quickly to implement plans that will result in real pollution reductions.
In Utah, EPA analysis shows that installing selective catalytic reduction (SCR) on Hunter and Huntington coal plants would be cost-effective and provide massive visibility benefits for Utahs national parks. These plants have avoided pollution reductions for decades. Now is the time for EPA to act.
Similarly, in Wyoming, the state failed to even consider pollution controls at the states largest polluters, including Jim Bridger, Naughton, Dave Johnston, and Wyodak coal plants. Each of these facilities could install cost-effective pollution controls, including SCRs, that would result in significant air-quality improvements across the state.
Please finalize the proposed disapprovals of Utah and Wyomings do-nothing plans and require enforceable pollution reductions, including SCR installation, on our states' biggest polluters Hunter, Huntington, Jim Bridger, Naughton, Dave Johnston, and Wyodak.",https://www.regulations.gov/comment/EPA-R08-OAR-2024-0389-0421,,false,source=Regulations.gov v4 comment detail; retrievedAt=2026-09-12T18:11:40+00:00; commentOnDocumentId=EPA-R08-OAR-2024-0389-0001; duplicateComments=1; organizationMissing=true
EPA-R08-OAR-2024-0389,EPA-R08-OAR-2024-0389-0422,Norman Bishop,not provided by public Regulations.gov fields,2024-10-09T04:00:00Z,"As a retired national park ranger, I am deeply disappointed to see park views impavted by smoke.
Wyoming and Utah have submitted Regional Haze State Implementation Plans with no proposed pollution reductions, allowing some of the nation's biggest polluters to remain uncontrolled for nitrogen oxide, sulfur dioxide, and other pollutants when common-sense controls exist that could significantly cut those emissions.
EPAs proposed disapprovals of these do-nothing state plans are a critical first step to protect air quality, both in national parks and our communities. I urge EPA to finalize its proposed disapprovals and act quickly to implement plans that will result in real pollution reductions.
In Utah, EPA analysis shows that installing selective catalytic reduction (SCR) on Hunter and Huntington coal plants would be cost-effective and provide massive visibility benefits for Utahs national parks. These plants have avoided pollution reductions for decades. Now is the time for EPA to act.
Similarly, in Wyoming, the state failed to even consider pollution controls at the states largest polluters, including Jim Bridger, Naughton, Dave Johnston, and Wyodak coal plants. Each of these facilities could install cost-effective pollution controls, including SCRs, that would result in significant air-quality improvements across the state.
Please finalize the proposed disapprovals of Utah and Wyomings do-nothing plans and require enforceable pollution reductions, including SCR installation, on our states' biggest polluters Hunter, Huntington, Jim Bridger, Naughton, Dave Johnston, and Wyodak.",https://www.regulations.gov/comment/EPA-R08-OAR-2024-0389-0422,,false,source=Regulations.gov v4 comment detail; retrievedAt=2026-09-12T18:11:40+00:00; commentOnDocumentId=EPA-R08-OAR-2024-0389-0001; duplicateComments=1; organizationMissing=true
EPA-R08-OAR-2024-0389,EPA-R08-OAR-2024-0389-0423,Ray Lorenson,not provided by public Regulations.gov fields,2024-10-09T04:00:00Z,"Wyoming and Utah have submitted Regional Haze State Implementation Plans with no proposed pollution reductions, allowing some of the nation's biggest polluters to remain uncontrolled for nitrogen oxide, sulfur dioxide, and other pollutants when common-sense controls exist that could significantly cut those emissions.
EPAs proposed disapprovals of these do-nothing state plans are a critical first step to protect air quality, both in national parks and our communities. I urge EPA to finalize its proposed disapprovals and act quickly to implement plans that will result in real pollution reductions.
In Utah, EPA analysis shows that installing selective catalytic reduction (SCR) on Hunter and Huntington coal plants would be cost-effective and provide massive visibility benefits for Utahs national parks. These plants have avoided pollution reductions for decades. Now is the time for EPA to act.
Similarly, in Wyoming, the state failed to even consider pollution controls at the states largest polluters, including Jim Bridger, Naughton, Dave Johnston, and Wyodak coal plants. Each of these facilities could install cost-effective pollution controls, including SCRs, that would result in significant air-quality improvements across the state.
Please finalize the proposed disapprovals of Utah and Wyomings do-nothing plans and require enforceable pollution reductions, including SCR installation, on our states' biggest polluters Hunter, Huntington, Jim Bridger, Naughton, Dave Johnston, and Wyodak.",https://www.regulations.gov/comment/EPA-R08-OAR-2024-0389-0423,,false,source=Regulations.gov v4 comment detail; retrievedAt=2026-09-12T18:11:40+00:00; commentOnDocumentId=EPA-R08-OAR-2024-0389-0001; duplicateComments=1; organizationMissing=true
EPA-R08-OAR-2024-0389,EPA-R08-OAR-2024-0389-0424,William Jerrems,not provided by public Regulations.gov fields,2024-10-09T04:00:00Z,"Wyoming and Utah have submitted Regional Haze State Implementation Plans with no proposed pollution reductions, allowing some of the nation's biggest polluters to remain uncontrolled for nitrogen oxide, sulfur dioxide, and other pollutants when common-sense controls exist that could significantly cut those emissions.
EPAs proposed disapprovals of these do-nothing state plans are a critical first step to protect air quality, both in national parks and our communities. I urge EPA to finalize its proposed disapprovals and act quickly to implement plans that will result in real pollution reductions.
In Utah, EPA analysis shows that installing selective catalytic reduction (SCR) on Hunter and Huntington coal plants would be cost-effective and provide massive visibility benefits for Utahs national parks. These plants have avoided pollution reductions for decades. Now is the time for EPA to act.
Similarly, in Wyoming, the state failed to even consider pollution controls at the states largest polluters, including Jim Bridger, Naughton, Dave Johnston, and Wyodak coal plants. Each of these facilities could install cost-effective pollution controls, including SCRs, that would result in significant air-quality improvements across the state.
Please finalize the proposed disapprovals of Utah and Wyomings do-nothing plans and require enforceable pollution reductions, including SCR installation, on our states' biggest polluters Hunter, Huntington, Jim Bridger, Naughton, Dave Johnston, and Wyodak.",https://www.regulations.gov/comment/EPA-R08-OAR-2024-0389-0424,,false,source=Regulations.gov v4 comment detail; retrievedAt=2026-09-12T18:11:40+00:00; commentOnDocumentId=EPA-R08-OAR-2024-0389-0001; duplicateComments=1; organizationMissing=true
EPA-R08-OAR-2024-0389,EPA-R08-OAR-2024-0389-0425,Layne Wheeler,not provided by public Regulations.gov fields,2024-10-09T04:00:00Z,"Wyoming and Utah have submitted Regional Haze State Implementation Plans with no proposed pollution reductions, allowing some of the nation's biggest polluters to remain uncontrolled for nitrogen oxide, sulfur dioxide, and other pollutants when common-sense controls exist that could significantly cut those emissions.
EPAs proposed disapprovals of these do-nothing state plans are a critical first step to protect air quality, both in national parks and our communities. I urge EPA to finalize its proposed disapprovals and act quickly to implement plans that will result in real pollution reductions.
In Utah, EPA analysis shows that installing selective catalytic reduction (SCR) on Hunter and Huntington coal plants would be cost-effective and provide massive visibility benefits for Utahs national parks. These plants have avoided pollution reductions for decades. Now is the time for EPA to act.
Similarly, in Wyoming, the state failed to even consider pollution controls at the states largest polluters, including Jim Bridger, Naughton, Dave Johnston, and Wyodak coal plants. Each of these facilities could install cost-effective pollution controls, including SCRs, that would result in significant air-quality improvements across the state.
Please finalize the proposed disapprovals of Utah and Wyomings do-nothing plans and require enforceable pollution reductions, including SCR installation, on our states' biggest polluters Hunter, Huntington, Jim Bridger, Naughton, Dave Johnston, and Wyodak.",https://www.regulations.gov/comment/EPA-R08-OAR-2024-0389-0425,,false,source=Regulations.gov v4 comment detail; retrievedAt=2026-09-12T18:11:40+00:00; commentOnDocumentId=EPA-R08-OAR-2024-0389-0001; duplicateComments=1; organizationMissing=true
EPA-R08-OAR-2024-0389,EPA-R08-OAR-2024-0389-0426,Scott Crass,not provided by public Regulations.gov fields,2024-10-09T04:00:00Z,"Wyoming and Utah have submitted Regional Haze State Implementation Plans with no proposed pollution reductions, allowing some of the nation's biggest polluters to remain uncontrolled for nitrogen oxide, sulfur dioxide, and other pollutants when common-sense controls exist that could significantly cut those emissions.
EPAs proposed disapprovals of these do-nothing state plans are a critical first step to protect air quality, both in national parks and our communities. I urge EPA to finalize its proposed disapprovals and act quickly to implement plans that will result in real pollution reductions.
In Utah, EPA analysis shows that installing selective catalytic reduction (SCR) on Hunter and Huntington coal plants would be cost-effective and provide massive visibility benefits for Utahs national parks. These plants have avoided pollution reductions for decades. Now is the time for EPA to act.
Similarly, in Wyoming, the state failed to even consider pollution controls at the states largest polluters, including Jim Bridger, Naughton, Dave Johnston, and Wyodak coal plants. Each of these facilities could install cost-effective pollution controls, including SCRs, that would result in significant air-quality improvements across the state.
Please finalize the proposed disapprovals of Utah and Wyomings do-nothing plans and require enforceable pollution reductions, including SCR installation, on our states' biggest polluters Hunter, Huntington, Jim Bridger, Naughton, Dave Johnston, and Wyodak.",https://www.regulations.gov/comment/EPA-R08-OAR-2024-0389-0426,,false,source=Regulations.gov v4 comment detail; retrievedAt=2026-09-12T18:11:40+00:00; commentOnDocumentId=EPA-R08-OAR-2024-0389-0001; duplicateComments=1; organizationMissing=true
EPA-R08-OAR-2024-0389,EPA-R08-OAR-2024-0389-0427,Martha Diaz,not provided by public Regulations.gov fields,2024-10-09T04:00:00Z,"Wyoming and Utah have submitted Regional Haze State Implementation Plans with no proposed pollution reductions, allowing some of the nation's biggest polluters to remain uncontrolled for nitrogen oxide, sulfur dioxide, and other pollutants when common-sense controls exist that could significantly cut those emissions.
EPAs proposed disapprovals of these do-nothing state plans are a critical first step to protect air quality, both in national parks and our communities. I urge EPA to finalize its proposed disapprovals and act quickly to implement plans that will result in real pollution reductions.
In Utah, EPA analysis shows that installing selective catalytic reduction (SCR) on Hunter and Huntington coal plants would be cost-effective and provide massive visibility benefits for Utahs national parks. These plants have avoided pollution reductions for decades. Now is the time for EPA to act.
Similarly, in Wyoming, the state failed to even consider pollution controls at the states largest polluters, including Jim Bridger, Naughton, Dave Johnston, and Wyodak coal plants. Each of these facilities could install cost-effective pollution controls, including SCRs, that would result in significant air-quality improvements across the state.
Please finalize the proposed disapprovals of Utah and Wyomings do-nothing plans and require enforceable pollution reductions, including SCR installation, on our states' biggest polluters Hunter, Huntington, Jim Bridger, Naughton, Dave Johnston, and Wyodak.",https://www.regulations.gov/comment/EPA-R08-OAR-2024-0389-0427,,false,source=Regulations.gov v4 comment detail; retrievedAt=2026-09-12T18:11:40+00:00; commentOnDocumentId=EPA-R08-OAR-2024-0389-0001; duplicateComments=1; organizationMissing=true
EPA-R08-OAR-2024-0389,EPA-R08-OAR-2024-0389-0428,Greg Thomsen,not provided by public Regulations.gov fields,2024-10-09T04:00:00Z,"Wyoming and Utah have submitted Regional Haze State Implementation Plans with no proposed pollution reductions, allowing some of the nation's biggest polluters to remain uncontrolled for nitrogen oxide, sulfur dioxide, and other pollutants when common-sense controls exist that could significantly cut those emissions.
EPAs proposed disapprovals of these do-nothing state plans are a critical first step to protect air quality, both in national parks and our communities. I urge EPA to finalize its proposed disapprovals and act quickly to implement plans that will result in real pollution reductions.
In Utah, EPA analysis shows that installing selective catalytic reduction (SCR) on Hunter and Huntington coal plants would be cost-effective and provide massive visibility benefits for Utahs national parks. These plants have avoided pollution reductions for decades. Now is the time for EPA to act.
Similarly, in Wyoming, the state failed to even consider pollution controls at the states largest polluters, including Jim Bridger, Naughton, Dave Johnston, and Wyodak coal plants. Each of these facilities could install cost-effective pollution controls, including SCRs, that would result in significant air-quality improvements across the state.
Please finalize the proposed disapprovals of Utah and Wyomings do-nothing plans and require enforceable pollution reductions, including SCR installation, on our states' biggest polluters Hunter, Huntington, Jim Bridger, Naughton, Dave Johnston, and Wyodak.",https://www.regulations.gov/comment/EPA-R08-OAR-2024-0389-0428,,false,source=Regulations.gov v4 comment detail; retrievedAt=2026-09-12T18:11:40+00:00; commentOnDocumentId=EPA-R08-OAR-2024-0389-0001; duplicateComments=1; organizationMissing=true
EPA-R08-OAR-2024-0389,EPA-R08-OAR-2024-0389-0429,Carolyn Eckel,not provided by public Regulations.gov fields,2024-10-09T04:00:00Z,"Wyoming and Utah have submitted Regional Haze State Implementation Plans with no proposed pollution reductions, allowing some of the nation's biggest polluters to remain uncontrolled for nitrogen oxide, sulfur dioxide, and other pollutants when common-sense controls exist that could significantly cut those emissions.
EPAs proposed disapprovals of these do-nothing state plans are a critical first step to protect air quality, both in national parks and our communities. I urge EPA to finalize its proposed disapprovals and act quickly to implement plans that will result in real pollution reductions.
In Utah, EPA analysis shows that installing selective catalytic reduction (SCR) on Hunter and Huntington coal plants would be cost-effective and provide massive visibility benefits for Utahs national parks. These plants have avoided pollution reductions for decades. Now is the time for EPA to act.
Similarly, in Wyoming, the state failed to even consider pollution controls at the states largest polluters, including Jim Bridger, Naughton, Dave Johnston, and Wyodak coal plants. Each of these facilities could install cost-effective pollution controls, including SCRs, that would result in significant air-quality improvements across the state.
Please finalize the proposed disapprovals of Utah and Wyomings do-nothing plans and require enforceable pollution reductions, including SCR installation, on our states' biggest polluters Hunter, Huntington, Jim Bridger, Naughton, Dave Johnston, and Wyodak.",https://www.regulations.gov/comment/EPA-R08-OAR-2024-0389-0429,,false,source=Regulations.gov v4 comment detail; retrievedAt=2026-09-12T18:11:40+00:00; commentOnDocumentId=EPA-R08-OAR-2024-0389-0001; duplicateComments=1; organizationMissing=true
EPA-R08-OAR-2024-0389,EPA-R08-OAR-2024-0389-0430,Betty Kissilove,not provided by public Regulations.gov fields,2024-10-09T04:00:00Z,"Wyoming and Utah have submitted Regional Haze State Implementation Plans with no proposed pollution reductions, allowing some of the nation's biggest polluters to remain uncontrolled for nitrogen oxide, sulfur dioxide, and other pollutants when common-sense controls exist that could significantly cut those emissions.
EPAs proposed disapprovals of these do-nothing state plans are a critical first step to protect air quality, both in national parks and our communities. I urge EPA to finalize its proposed disapprovals and act quickly to implement plans that will result in real pollution reductions.
In Utah, EPA analysis shows that installing selective catalytic reduction (SCR) on Hunter and Huntington coal plants would be cost-effective and provide massive visibility benefits for Utahs national parks. These plants have avoided pollution reductions for decades. Now is the time for EPA to act.
Similarly, in Wyoming, the state failed to even consider pollution controls at the states largest polluters, including Jim Bridger, Naughton, Dave Johnston, and Wyodak coal plants. Each of these facilities could install cost-effective pollution controls, including SCRs, that would result in significant air-quality improvements across the state.
Please finalize the proposed disapprovals of Utah and Wyomings do-nothing plans and require enforceable pollution reductions, including SCR installation, on our states' biggest polluters Hunter, Huntington, Jim Bridger, Naughton, Dave Johnston, and Wyodak.",https://www.regulations.gov/comment/EPA-R08-OAR-2024-0389-0430,,false,source=Regulations.gov v4 comment detail; retrievedAt=2026-09-12T18:11:40+00:00; commentOnDocumentId=EPA-R08-OAR-2024-0389-0001; duplicateComments=1; organizationMissing=true
EPA-R08-OAR-2024-0389,EPA-R08-OAR-2024-0389-0431,Orianna Rodriguez,not provided by public Regulations.gov fields,2024-10-09T04:00:00Z,"I want my kids and my grandkids and everyone elses to be able to enjoy the parks be able to see the parks be able to breathe in the parks so please do something to make that happen.
Wyoming and Utah have submitted Regional Haze State Implementation Plans with no proposed pollution reductions, allowing some of the nation's biggest polluters to remain uncontrolled for nitrogen oxide, sulfur dioxide, and other pollutants when common-sense controls exist that could significantly cut those emissions.
EPAs proposed disapprovals of these do-nothing state plans are a critical first step to protect air quality, both in national parks and our communities. I urge EPA to finalize its proposed disapprovals and act quickly to implement plans that will result in real pollution reductions.
In Utah, EPA analysis shows that installing selective catalytic reduction (SCR) on Hunter and Huntington coal plants would be cost-effective and provide massive visibility benefits for Utahs national parks. These plants have avoided pollution reductions for decades. Now is the time for EPA to act.
Similarly, in Wyoming, the state failed to even consider pollution controls at the states largest polluters, including Jim Bridger, Naughton, Dave Johnston, and Wyodak coal plants. Each of these facilities could install cost-effective pollution controls, including SCRs, that would result in significant air-quality improvements across the state.
Please finalize the proposed disapprovals of Utah and Wyomings do-nothing plans and require enforceable pollution reductions, including SCR installation, on our states' biggest polluters Hunter, Huntington, Jim Bridger, Naughton, Dave Johnston, and Wyodak.",https://www.regulations.gov/comment/EPA-R08-OAR-2024-0389-0431,,false,source=Regulations.gov v4 comment detail; retrievedAt=2026-09-12T18:11:40+00:00; commentOnDocumentId=EPA-R08-OAR-2024-0389-0001; duplicateComments=1; organizationMissing=true
EPA-R08-OAR-2024-0389,EPA-R08-OAR-2024-0389-0432,Susan Brisby,not provided by public Regulations.gov fields,2024-10-09T04:00:00Z,"Wyoming and Utah have submitted Regional Haze State Implementation Plans with no proposed pollution reductions, allowing some of the nation's biggest polluters to remain uncontrolled for nitrogen oxide, sulfur dioxide, and other pollutants when common-sense controls exist that could significantly cut those emissions.
EPAs proposed disapprovals of these do-nothing state plans are a critical first step to protect air quality, both in national parks and our communities. I urge EPA to finalize its proposed disapprovals and act quickly to implement plans that will result in real pollution reductions.
In Utah, EPA analysis shows that installing selective catalytic reduction (SCR) on Hunter and Huntington coal plants would be cost-effective and provide massive visibility benefits for Utahs national parks. These plants have avoided pollution reductions for decades. Now is the time for EPA to act.
Similarly, in Wyoming, the state failed to even consider pollution controls at the states largest polluters, including Jim Bridger, Naughton, Dave Johnston, and Wyodak coal plants. Each of these facilities could install cost-effective pollution controls, including SCRs, that would result in significant air-quality improvements across the state.
Please finalize the proposed disapprovals of Utah and Wyomings do-nothing plans and require enforceable pollution reductions, including SCR installation, on our states' biggest polluters Hunter, Huntington, Jim Bridger, Naughton, Dave Johnston, and Wyodak.",https://www.regulations.gov/comment/EPA-R08-OAR-2024-0389-0432,,false,source=Regulations.gov v4 comment detail; retrievedAt=2026-09-12T18:11:40+00:00; commentOnDocumentId=EPA-R08-OAR-2024-0389-0001; duplicateComments=1; organizationMissing=true
EPA-R08-OAR-2024-0389,EPA-R08-OAR-2024-0389-0433,Evelyn Drews,not provided by public Regulations.gov fields,2024-10-09T04:00:00Z,"As a person who has served over 25 years in our beautiful National Parks, I recognize how important these treasures are to our nation. They should be places where our spirits as well as our health can be restored. To have them polluted by coal plants is unacceptable. Also the countryside nearby. The Clean Air Act was inacted to protect the health of our citizens. It must continue to do so! I strongly support the EPA proposal to disapprove of state plans. Their inaction is not acceptable. In is what is best for the health of our citizens... and the amazing views.
Wyoming and Utah have submitted Regional Haze State Implementation Plans with no proposed pollution reductions, allowing some of the nation's biggest polluters to remain uncontrolled for nitrogen oxide, sulfur dioxide, and other pollutants when common-sense controls exist that could significantly cut those emissions.
EPAs proposed disapprovals of these do-nothing state plans are a critical first step to protect air quality, both in national parks and our communities. I urge EPA to finalize its proposed disapprovals and act quickly to implement plans that will result in real pollution reductions.
In Utah, EPA analysis shows that installing selective catalytic reduction (SCR) on Hunter and Huntington coal plants would be cost-effective and provide massive visibility benefits for Utahs national parks. These plants have avoided pollution reductions for decades. Now is the time for EPA to act.
Similarly, in Wyoming, the state failed to even consider pollution controls at the states largest polluters, including Jim Bridger, Naughton, Dave Johnston, and Wyodak coal plants. Each of these facilities could install cost-effective pollution controls, including SCRs, that would result in significant air-quality improvements across the state.
Please finalize the proposed disapprovals of Utah and Wyomings do-nothing plans and require enforceable pollution reductions, including SCR installation, on our states' biggest polluters Hunter, Huntington, Jim Bridger, Naughton, Dave Johnston, and Wyodak.",https://www.regulations.gov/comment/EPA-R08-OAR-2024-0389-0433,,false,source=Regulations.gov v4 comment detail; retrievedAt=2026-09-12T18:11:40+00:00; commentOnDocumentId=EPA-R08-OAR-2024-0389-0001; duplicateComments=1; organizationMissing=true
EPA-R08-OAR-2024-0389,EPA-R08-OAR-2024-0389-0434,Stephen Vaughan,not provided by public Regulations.gov fields,2024-10-09T04:00:00Z,"Wyoming and Utah have submitted Regional Haze State Implementation Plans with no proposed pollution reductions, allowing some of the nation's biggest polluters to remain uncontrolled for nitrogen oxide, sulfur dioxide, and other pollutants when common-sense controls exist that could significantly cut those emissions.
EPAs proposed disapprovals of these do-nothing state plans are a critical first step to protect air quality, both in national parks and our communities. I urge EPA to finalize its proposed disapprovals and act quickly to implement plans that will result in real pollution reductions.
In Utah, EPA analysis shows that installing selective catalytic reduction (SCR) on Hunter and Huntington coal plants would be cost-effective and provide massive visibility benefits for Utahs national parks. These plants have avoided pollution reductions for decades. Now is the time for EPA to act.
Similarly, in Wyoming, the state failed to even consider pollution controls at the states largest polluters, including Jim Bridger, Naughton, Dave Johnston, and Wyodak coal plants. Each of these facilities could install cost-effective pollution controls, including SCRs, that would result in significant air-quality improvements across the state.
Please finalize the proposed disapprovals of Utah and Wyomings do-nothing plans and require enforceable pollution reductions, including SCR installation, on our states' biggest polluters Hunter, Huntington, Jim Bridger, Naughton, Dave Johnston, and Wyodak.",https://www.regulations.gov/comment/EPA-R08-OAR-2024-0389-0434,,false,source=Regulations.gov v4 comment detail; retrievedAt=2026-09-12T18:11:40+00:00; commentOnDocumentId=EPA-R08-OAR-2024-0389-0001; duplicateComments=1; organizationMissing=true
EPA-R08-OAR-2024-0389,EPA-R08-OAR-2024-0389-0435,Melissa Davis,not provided by public Regulations.gov fields,2024-10-09T04:00:00Z,"Wyoming and Utah have submitted Regional Haze State Implementation Plans with no proposed pollution reductions, allowing some of the nation's biggest polluters to remain uncontrolled for nitrogen oxide, sulfur dioxide, and other pollutants when common-sense controls exist that could significantly cut those emissions.
EPAs proposed disapprovals of these do-nothing state plans are a critical first step to protect air quality, both in national parks and our communities. I urge EPA to finalize its proposed disapprovals and act quickly to implement plans that will result in real pollution reductions.
In Utah, EPA analysis shows that installing selective catalytic reduction (SCR) on Hunter and Huntington coal plants would be cost-effective and provide massive visibility benefits for Utahs national parks. These plants have avoided pollution reductions for decades. Now is the time for EPA to act.
Similarly, in Wyoming, the state failed to even consider pollution controls at the states largest polluters, including Jim Bridger, Naughton, Dave Johnston, and Wyodak coal plants. Each of these facilities could install cost-effective pollution controls, including SCRs, that would result in significant air-quality improvements across the state.
Please finalize the proposed disapprovals of Utah and Wyomings do-nothing plans and require enforceable pollution reductions, including SCR installation, on our states' biggest polluters Hunter, Huntington, Jim Bridger, Naughton, Dave Johnston, and Wyodak.",https://www.regulations.gov/comment/EPA-R08-OAR-2024-0389-0435,,false,source=Regulations.gov v4 comment detail; retrievedAt=2026-09-12T18:11:40+00:00; commentOnDocumentId=EPA-R08-OAR-2024-0389-0001; duplicateComments=1; organizationMissing=true
EPA-R08-OAR-2024-0389,EPA-R08-OAR-2024-0389-0436,Sally Cumine,not provided by public Regulations.gov fields,2024-10-09T04:00:00Z,"Canyon Lands area is paradise for me and should never be exploited
Wyoming and Utah have submitted Regional Haze State Implementation Plans with no proposed pollution reductions, allowing some of the nation's biggest polluters to remain uncontrolled for nitrogen oxide, sulfur dioxide, and other pollutants when common-sense controls exist that could significantly cut those emissions.
EPAs proposed disapprovals of these do-nothing state plans are a critical first step to protect air quality, both in national parks and our communities. I urge EPA to finalize its proposed disapprovals and act quickly to implement plans that will result in real pollution reductions.
In Utah, EPA analysis shows that installing selective catalytic reduction (SCR) on Hunter and Huntington coal plants would be cost-effective and provide massive visibility benefits for Utahs national parks. These plants have avoided pollution reductions for decades. Now is the time for EPA to act.
Similarly, in Wyoming, the state failed to even consider pollution controls at the states largest polluters, including Jim Bridger, Naughton, Dave Johnston, and Wyodak coal plants. Each of these facilities could install cost-effective pollution controls, including SCRs, that would result in significant air-quality improvements across the state.
Please finalize the proposed disapprovals of Utah and Wyomings do-nothing plans and require enforceable pollution reductions, including SCR installation, on our states' biggest polluters Hunter, Huntington, Jim Bridger, Naughton, Dave Johnston, and Wyodak.",https://www.regulations.gov/comment/EPA-R08-OAR-2024-0389-0436,,false,source=Regulations.gov v4 comment detail; retrievedAt=2026-09-12T18:11:40+00:00; commentOnDocumentId=EPA-R08-OAR-2024-0389-0001; duplicateComments=1; organizationMissing=true
EPA-R08-OAR-2024-0389,EPA-R08-OAR-2024-0389-0437,Emily Van Alyne,not provided by public Regulations.gov fields,2024-10-09T04:00:00Z,"Wyoming and Utah have submitted Regional Haze State Implementation Plans with no proposed pollution reductions, allowing some of the nation's biggest polluters to remain uncontrolled for nitrogen oxide, sulfur dioxide, and other pollutants when common-sense controls exist that could significantly cut those emissions.
EPAs proposed disapprovals of these do-nothing state plans are a critical first step to protect air quality, both in national parks and our communities. I urge EPA to finalize its proposed disapprovals and act quickly to implement plans that will result in real pollution reductions.
In Utah, EPA analysis shows that installing selective catalytic reduction (SCR) on Hunter and Huntington coal plants would be cost-effective and provide massive visibility benefits for Utahs national parks. These plants have avoided pollution reductions for decades. Now is the time for EPA to act.
Similarly, in Wyoming, the state failed to even consider pollution controls at the states largest polluters, including Jim Bridger, Naughton, Dave Johnston, and Wyodak coal plants. Each of these facilities could install cost-effective pollution controls, including SCRs, that would result in significant air-quality improvements across the state.
Please finalize the proposed disapprovals of Utah and Wyomings do-nothing plans and require enforceable pollution reductions, including SCR installation, on our states' biggest polluters Hunter, Huntington, Jim Bridger, Naughton, Dave Johnston, and Wyodak.",https://www.regulations.gov/comment/EPA-R08-OAR-2024-0389-0437,,false,source=Regulations.gov v4 comment detail; retrievedAt=2026-09-12T18:11:40+00:00; commentOnDocumentId=EPA-R08-OAR-2024-0389-0001; duplicateComments=1; organizationMissing=true
EPA-R08-OAR-2024-0389,EPA-R08-OAR-2024-0389-0438,Barry Feinberg,not provided by public Regulations.gov fields,2024-10-09T04:00:00Z,"Wyoming and Utah have submitted Regional Haze State Implementation Plans with no proposed pollution reductions, allowing some of the nation's biggest polluters to remain uncontrolled for nitrogen oxide, sulfur dioxide, and other pollutants when common-sense controls exist that could significantly cut those emissions.
EPAs proposed disapprovals of these do-nothing state plans are a critical first step to protect air quality, both in national parks and our communities. I urge EPA to finalize its proposed disapprovals and act quickly to implement plans that will result in real pollution reductions.
In Utah, EPA analysis shows that installing selective catalytic reduction (SCR) on Hunter and Huntington coal plants would be cost-effective and provide massive visibility benefits for Utahs national parks. These plants have avoided pollution reductions for decades. Now is the time for EPA to act.
Similarly, in Wyoming, the state failed to even consider pollution controls at the states largest polluters, including Jim Bridger, Naughton, Dave Johnston, and Wyodak coal plants. Each of these facilities could install cost-effective pollution controls, including SCRs, that would result in significant air-quality improvements across the state.
Please finalize the proposed disapprovals of Utah and Wyomings do-nothing plans and require enforceable pollution reductions, including SCR installation, on our states' biggest polluters Hunter, Huntington, Jim Bridger, Naughton, Dave Johnston, and Wyodak.",https://www.regulations.gov/comment/EPA-R08-OAR-2024-0389-0438,,false,source=Regulations.gov v4 comment detail; retrievedAt=2026-09-12T18:11:40+00:00; commentOnDocumentId=EPA-R08-OAR-2024-0389-0001; duplicateComments=1; organizationMissing=true
EPA-R08-OAR-2024-0389,EPA-R08-OAR-2024-0389-0439,Rob Cherwink,not provided by public Regulations.gov fields,2024-10-09T04:00:00Z,"Protect our parks by cleaning up dirty coal plants!
Wyoming and Utah have submitted Regional Haze State Implementation Plans with no proposed pollution reductions, allowing some of the nation's biggest polluters to remain uncontrolled for nitrogen oxide, sulfur dioxide, and other pollutants when common-sense controls exist that could significantly cut those emissions.
EPAs proposed disapprovals of these do-nothing state plans are a critical first step to protect air quality, both in national parks and our communities. I urge EPA to finalize its proposed disapprovals and act quickly to implement plans that will result in real pollution reductions.
In Utah, EPA analysis shows that installing selective catalytic reduction (SCR) on Hunter and Huntington coal plants would be cost-effective and provide massive visibility benefits for Utahs national parks. These plants have avoided pollution reductions for decades. Now is the time for EPA to act.
Similarly, in Wyoming, the state failed to even consider pollution controls at the states largest polluters, including Jim Bridger, Naughton, Dave Johnston, and Wyodak coal plants. Each of these facilities could install cost-effective pollution controls, including SCRs, that would result in significant air-quality improvements across the state.
Please finalize the proposed disapprovals of Utah and Wyomings do-nothing plans and require enforceable pollution reductions, including SCR installation, on our states' biggest polluters Hunter, Huntington, Jim Bridger, Naughton, Dave Johnston, and Wyodak.",https://www.regulations.gov/comment/EPA-R08-OAR-2024-0389-0439,,false,source=Regulations.gov v4 comment detail; retrievedAt=2026-09-12T18:11:40+00:00; commentOnDocumentId=EPA-R08-OAR-2024-0389-0001; duplicateComments=1; organizationMissing=true
EPA-R08-OAR-2024-0389,EPA-R08-OAR-2024-0389-0440,Barbara Simboli,not provided by public Regulations.gov fields,2024-10-09T04:00:00Z,"Wyoming and Utah have submitted Regional Haze State Implementation Plans with no proposed pollution reductions, allowing some of the nation's biggest polluters to remain uncontrolled for nitrogen oxide, sulfur dioxide, and other pollutants when common-sense controls exist that could significantly cut those emissions.
EPAs proposed disapprovals of these do-nothing state plans are a critical first step to protect air quality, both in national parks and our communities. I urge EPA to finalize its proposed disapprovals and act quickly to implement plans that will result in real pollution reductions.
In Utah, EPA analysis shows that installing selective catalytic reduction (SCR) on Hunter and Huntington coal plants would be cost-effective and provide massive visibility benefits for Utahs national parks. These plants have avoided pollution reductions for decades. Now is the time for EPA to act.
Similarly, in Wyoming, the state failed to even consider pollution controls at the states largest polluters, including Jim Bridger, Naughton, Dave Johnston, and Wyodak coal plants. Each of these facilities could install cost-effective pollution controls, including SCRs, that would result in significant air-quality improvements across the state.
Please finalize the proposed disapprovals of Utah and Wyomings do-nothing plans and require enforceable pollution reductions, including SCR installation, on our states' biggest polluters Hunter, Huntington, Jim Bridger, Naughton, Dave Johnston, and Wyodak.",https://www.regulations.gov/comment/EPA-R08-OAR-2024-0389-0440,,false,source=Regulations.gov v4 comment detail; retrievedAt=2026-09-12T18:11:40+00:00; commentOnDocumentId=EPA-R08-OAR-2024-0389-0001; duplicateComments=1; organizationMissing=true
EPA-R08-OAR-2024-0389,EPA-R08-OAR-2024-0389-0441,Nancy Phillips,not provided by public Regulations.gov fields,2024-10-09T04:00:00Z,"Wyoming and Utah have submitted Regional Haze State Implementation Plans with no proposed pollution reductions, allowing some of the nation's biggest polluters to remain uncontrolled for nitrogen oxide, sulfur dioxide, and other pollutants when common-sense controls exist that could significantly cut those emissions.
EPAs proposed disapprovals of these do-nothing state plans are a critical first step to protect air quality, both in national parks and our communities. I urge EPA to finalize its proposed disapprovals and act quickly to implement plans that will result in real pollution reductions.
In Utah, EPA analysis shows that installing selective catalytic reduction (SCR) on Hunter and Huntington coal plants would be cost-effective and provide massive visibility benefits for Utahs national parks. These plants have avoided pollution reductions for decades. Now is the time for EPA to act.
Similarly, in Wyoming, the state failed to even consider pollution controls at the states largest polluters, including Jim Bridger, Naughton, Dave Johnston, and Wyodak coal plants. Each of these facilities could install cost-effective pollution controls, including SCRs, that would result in significant air-quality improvements across the state.
Please finalize the proposed disapprovals of Utah and Wyomings do-nothing plans and require enforceable pollution reductions, including SCR installation, on our states' biggest polluters Hunter, Huntington, Jim Bridger, Naughton, Dave Johnston, and Wyodak.",https://www.regulations.gov/comment/EPA-R08-OAR-2024-0389-0441,,false,source=Regulations.gov v4 comment detail; retrievedAt=2026-09-12T18:11:40+00:00; commentOnDocumentId=EPA-R08-OAR-2024-0389-0001; duplicateComments=1; organizationMissing=true
EPA-R08-OAR-2024-0389,EPA-R08-OAR-2024-0389-0442,Susan Watts,not provided by public Regulations.gov fields,2024-10-09T04:00:00Z,"Wyoming and Utah have submitted Regional Haze State Implementation Plans with no proposed pollution reductions, allowing some of the nation's biggest polluters to remain uncontrolled for nitrogen oxide, sulfur dioxide, and other pollutants when common-sense controls exist that could significantly cut those emissions.
EPAs proposed disapprovals of these do-nothing state plans are a critical first step to protect air quality, both in national parks and our communities. I urge EPA to finalize its proposed disapprovals and act quickly to implement plans that will result in real pollution reductions.
In Utah, EPA analysis shows that installing selective catalytic reduction (SCR) on Hunter and Huntington coal plants would be cost-effective and provide massive visibility benefits for Utahs national parks. These plants have avoided pollution reductions for decades. Now is the time for EPA to act.
Similarly, in Wyoming, the state failed to even consider pollution controls at the states largest polluters, including Jim Bridger, Naughton, Dave Johnston, and Wyodak coal plants. Each of these facilities could install cost-effective pollution controls, including SCRs, that would result in significant air-quality improvements across the state.
Please finalize the proposed disapprovals of Utah and Wyomings do-nothing plans and require enforceable pollution reductions, including SCR installation, on our states' biggest polluters Hunter, Huntington, Jim Bridger, Naughton, Dave Johnston, and Wyodak.",https://www.regulations.gov/comment/EPA-R08-OAR-2024-0389-0442,,false,source=Regulations.gov v4 comment detail; retrievedAt=2026-09-12T18:11:40+00:00; commentOnDocumentId=EPA-R08-OAR-2024-0389-0001; duplicateComments=1; organizationMissing=true
EPA-R08-OAR-2024-0389,EPA-R08-OAR-2024-0389-0443,Gregg Arnold,not provided by public Regulations.gov fields,2024-10-09T04:00:00Z,"I consider myself a pretty middle of the road person; I recognize we need to cut down trees to build homes and burn some fossil fuels to produce electricity. But I also believe it is reasonable to enact and strictly enforce enforce environmental regulations to minimize the effects on health and the aesthetics of our precious national parks and other areas that add so much to the joy of living. Thank you for reading.
Wyoming and Utah have submitted Regional Haze State Implementation Plans with no proposed pollution reductions, allowing some of the nation's biggest polluters to remain uncontrolled for nitrogen oxide, sulfur dioxide, and other pollutants when common-sense controls exist that could significantly cut those emissions.
EPAs proposed disapprovals of these do-nothing state plans are a critical first step to protect air quality, both in national parks and our communities. I urge EPA to finalize its proposed disapprovals and act quickly to implement plans that will result in real pollution reductions.
In Utah, EPA analysis shows that installing selective catalytic reduction (SCR) on Hunter and Huntington coal plants would be cost-effective and provide massive visibility benefits for Utahs national parks. These plants have avoided pollution reductions for decades. Now is the time for EPA to act.
Similarly, in Wyoming, the state failed to even consider pollution controls at the states largest polluters, including Jim Bridger, Naughton, Dave Johnston, and Wyodak coal plants. Each of these facilities could install cost-effective pollution controls, including SCRs, that would result in significant air-quality improvements across the state.
Please finalize the proposed disapprovals of Utah and Wyomings do-nothing plans and require enforceable pollution reductions, including SCR installation, on our states' biggest polluters Hunter, Huntington, Jim Bridger, Naughton, Dave Johnston, and Wyodak.",https://www.regulations.gov/comment/EPA-R08-OAR-2024-0389-0443,,false,source=Regulations.gov v4 comment detail; retrievedAt=2026-09-12T18:11:40+00:00; commentOnDocumentId=EPA-R08-OAR-2024-0389-0001; duplicateComments=1; organizationMissing=true
EPA-R08-OAR-2024-0389,EPA-R08-OAR-2024-0389-0444,Donna Fung,not provided by public Regulations.gov fields,2024-10-09T04:00:00Z,"Wyoming and Utah have submitted Regional Haze State Implementation Plans with no proposed pollution reductions, allowing some of the nation's biggest polluters to remain uncontrolled for nitrogen oxide, sulfur dioxide, and other pollutants when common-sense controls exist that could significantly cut those emissions.
EPAs proposed disapprovals of these do-nothing state plans are a critical first step to protect air quality, both in national parks and our communities. I urge EPA to finalize its proposed disapprovals and act quickly to implement plans that will result in real pollution reductions.
In Utah, EPA analysis shows that installing selective catalytic reduction (SCR) on Hunter and Huntington coal plants would be cost-effective and provide massive visibility benefits for Utahs national parks. These plants have avoided pollution reductions for decades. Now is the time for EPA to act.
Similarly, in Wyoming, the state failed to even consider pollution controls at the states largest polluters, including Jim Bridger, Naughton, Dave Johnston, and Wyodak coal plants. Each of these facilities could install cost-effective pollution controls, including SCRs, that would result in significant air-quality improvements across the state.
Please finalize the proposed disapprovals of Utah and Wyomings do-nothing plans and require enforceable pollution reductions, including SCR installation, on our states' biggest polluters Hunter, Huntington, Jim Bridger, Naughton, Dave Johnston, and Wyodak.",https://www.regulations.gov/comment/EPA-R08-OAR-2024-0389-0444,,false,source=Regulations.gov v4 comment detail; retrievedAt=2026-09-12T18:11:40+00:00; commentOnDocumentId=EPA-R08-OAR-2024-0389-0001; duplicateComments=1; organizationMissing=true
EPA-R08-OAR-2024-0389,EPA-R08-OAR-2024-0389-0445,Diana Wilkinson,not provided by public Regulations.gov fields,2024-10-09T04:00:00Z,"Wyoming and Utah have submitted Regional Haze State Implementation Plans with no proposed pollution reductions, allowing some of the nation's biggest polluters to remain uncontrolled for nitrogen oxide, sulfur dioxide, and other pollutants when common-sense controls exist that could significantly cut those emissions.
EPAs proposed disapprovals of these do-nothing state plans are a critical first step to protect air quality, both in national parks and our communities. I urge EPA to finalize its proposed disapprovals and act quickly to implement plans that will result in real pollution reductions.
In Utah, EPA analysis shows that installing selective catalytic reduction (SCR) on Hunter and Huntington coal plants would be cost-effective and provide massive visibility benefits for Utahs national parks. These plants have avoided pollution reductions for decades. Now is the time for EPA to act.
Similarly, in Wyoming, the state failed to even consider pollution controls at the states largest polluters, including Jim Bridger, Naughton, Dave Johnston, and Wyodak coal plants. Each of these facilities could install cost-effective pollution controls, including SCRs, that would result in significant air-quality improvements across the state.
Please finalize the proposed disapprovals of Utah and Wyomings do-nothing plans and require enforceable pollution reductions, including SCR installation, on our states' biggest polluters Hunter, Huntington, Jim Bridger, Naughton, Dave Johnston, and Wyodak.",https://www.regulations.gov/comment/EPA-R08-OAR-2024-0389-0445,,false,source=Regulations.gov v4 comment detail; retrievedAt=2026-09-12T18:11:40+00:00; commentOnDocumentId=EPA-R08-OAR-2024-0389-0001; duplicateComments=1; organizationMissing=true
EPA-R08-OAR-2024-0389,EPA-R08-OAR-2024-0389-0446,Patirica Mesec,not provided by public Regulations.gov fields,2024-10-09T04:00:00Z,"Our fantastically beautiful and peaceful national parks continue to lift our spirits. You must please control the pollution of all kinds that is constantly seeping into the Parks. People should not have to worry about being able to breathe when they are in our parks.
Wyoming and Utah have submitted Regional Haze State Implementation Plans with no proposed pollution reductions, allowing some of the nation's biggest polluters to remain uncontrolled for nitrogen oxide, sulfur dioxide, and other pollutants when common-sense controls exist that could significantly cut those emissions.
EPAs proposed disapprovals of these do-nothing state plans are a critical first step to protect air quality, both in national parks and our communities. I urge EPA to finalize its proposed disapprovals and act quickly to implement plans that will result in real pollution reductions.
In Utah, EPA analysis shows that installing selective catalytic reduction (SCR) on Hunter and Huntington coal plants would be cost-effective and provide massive visibility benefits for Utahs national parks. These plants have avoided pollution reductions for decades. Now is the time for EPA to act.
Similarly, in Wyoming, the state failed to even consider pollution controls at the states largest polluters, including Jim Bridger, Naughton, Dave Johnston, and Wyodak coal plants. Each of these facilities could install cost-effective pollution controls, including SCRs, that would result in significant air-quality improvements across the state.
Please finalize the proposed disapprovals of Utah and Wyomings do-nothing plans and require enforceable pollution reductions, including SCR installation, on our states' biggest polluters Hunter, Huntington, Jim Bridger, Naughton, Dave Johnston, and Wyodak.",https://www.regulations.gov/comment/EPA-R08-OAR-2024-0389-0446,,false,source=Regulations.gov v4 comment detail; retrievedAt=2026-09-12T18:11:40+00:00; commentOnDocumentId=EPA-R08-OAR-2024-0389-0001; duplicateComments=1; organizationMissing=true
EPA-R08-OAR-2024-0389,EPA-R08-OAR-2024-0389-0447,Elizabeth Etgen,not provided by public Regulations.gov fields,2024-10-09T04:00:00Z,"Wyoming and Utah have submitted Regional Haze State Implementation Plans with no proposed pollution reductions, allowing some of the nation's biggest polluters to remain uncontrolled for nitrogen oxide, sulfur dioxide, and other pollutants when common-sense controls exist that could significantly cut those emissions.
EPAs proposed disapprovals of these do-nothing state plans are a critical first step to protect air quality, both in national parks and our communities. I urge EPA to finalize its proposed disapprovals and act quickly to implement plans that will result in real pollution reductions.
In Utah, EPA analysis shows that installing selective catalytic reduction (SCR) on Hunter and Huntington coal plants would be cost-effective and provide massive visibility benefits for Utahs national parks. These plants have avoided pollution reductions for decades. Now is the time for EPA to act.
Similarly, in Wyoming, the state failed to even consider pollution controls at the states largest polluters, including Jim Bridger, Naughton, Dave Johnston, and Wyodak coal plants. Each of these facilities could install cost-effective pollution controls, including SCRs, that would result in significant air-quality improvements across the state.
Please finalize the proposed disapprovals of Utah and Wyomings do-nothing plans and require enforceable pollution reductions, including SCR installation, on our states' biggest polluters Hunter, Huntington, Jim Bridger, Naughton, Dave Johnston, and Wyodak.",https://www.regulations.gov/comment/EPA-R08-OAR-2024-0389-0447,,false,source=Regulations.gov v4 comment detail; retrievedAt=2026-09-12T18:11:40+00:00; commentOnDocumentId=EPA-R08-OAR-2024-0389-0001; duplicateComments=1; organizationMissing=true
EPA-R08-OAR-2024-0389,EPA-R08-OAR-2024-0389-0448,Norma Skinner,not provided by public Regulations.gov fields,2024-10-09T04:00:00Z,"I love our National Parks and want my great grandchildren to learn to love them.
Wyoming and Utah have submitted Regional Haze State Implementation Plans with no proposed pollution reductions, allowing some of the nation's biggest polluters to remain uncontrolled for nitrogen oxide, sulfur dioxide, and other pollutants when common-sense controls exist that could significantly cut those emissions.
EPAs proposed disapprovals of these do-nothing state plans are a critical first step to protect air quality, both in national parks and our communities. I urge EPA to finalize its proposed disapprovals and act quickly to implement plans that will result in real pollution reductions.
In Utah, EPA analysis shows that installing selective catalytic reduction (SCR) on Hunter and Huntington coal plants would be cost-effective and provide massive visibility benefits for Utahs national parks. These plants have avoided pollution reductions for decades. Now is the time for EPA to act.
Similarly, in Wyoming, the state failed to even consider pollution controls at the states largest polluters, including Jim Bridger, Naughton, Dave Johnston, and Wyodak coal plants. Each of these facilities could install cost-effective pollution controls, including SCRs, that would result in significant air-quality improvements across the state.
Please finalize the proposed disapprovals of Utah and Wyomings do-nothing plans and require enforceable pollution reductions, including SCR installation, on our states' biggest polluters Hunter, Huntington, Jim Bridger, Naughton, Dave Johnston, and Wyodak.",https://www.regulations.gov/comment/EPA-R08-OAR-2024-0389-0448,,false,source=Regulations.gov v4 comment detail; retrievedAt=2026-09-12T18:11:40+00:00; commentOnDocumentId=EPA-R08-OAR-2024-0389-0001; duplicateComments=1; organizationMissing=true
EPA-R08-OAR-2024-0389,EPA-R08-OAR-2024-0389-0449,Kathy Buxton,not provided by public Regulations.gov fields,2024-10-09T04:00:00Z,"I used to live in Wyoming and the air was so clear you could see for miles! Yellowstone and the Tetons shone beautifully against the blue sky! Please reduce the pollution in the air!
Wyoming and Utah have submitted Regional Haze State Implementation Plans with no proposed pollution reductions, allowing some of the nation's biggest polluters to remain uncontrolled for nitrogen oxide, sulfur dioxide, and other pollutants when common-sense controls exist that could significantly cut those emissions.
EPAs proposed disapprovals of these do-nothing state plans are a critical first step to protect air quality, both in national parks and our communities. I urge EPA to finalize its proposed disapprovals and act quickly to implement plans that will result in real pollution reductions.
In Utah, EPA analysis shows that installing selective catalytic reduction (SCR) on Hunter and Huntington coal plants would be cost-effective and provide massive visibility benefits for Utahs national parks. These plants have avoided pollution reductions for decades. Now is the time for EPA to act.
Similarly, in Wyoming, the state failed to even consider pollution controls at the states largest polluters, including Jim Bridger, Naughton, Dave Johnston, and Wyodak coal plants. Each of these facilities could install cost-effective pollution controls, including SCRs, that would result in significant air-quality improvements across the state.
Please finalize the proposed disapprovals of Utah and Wyomings do-nothing plans and require enforceable pollution reductions, including SCR installation, on our states' biggest polluters Hunter, Huntington, Jim Bridger, Naughton, Dave Johnston, and Wyodak.",https://www.regulations.gov/comment/EPA-R08-OAR-2024-0389-0449,,false,source=Regulations.gov v4 comment detail; retrievedAt=2026-09-12T18:11:40+00:00; commentOnDocumentId=EPA-R08-OAR-2024-0389-0001; duplicateComments=1; organizationMissing=true
EPA-R08-OAR-2024-0389,EPA-R08-OAR-2024-0389-0450,Janis Dale,not provided by public Regulations.gov fields,2024-10-09T04:00:00Z,"Wyoming and Utah have submitted Regional Haze State Implementation Plans with no proposed pollution reductions, allowing some of the nation's biggest polluters to remain uncontrolled for nitrogen oxide, sulfur dioxide, and other pollutants when common-sense controls exist that could significantly cut those emissions.
EPAs proposed disapprovals of these do-nothing state plans are a critical first step to protect air quality, both in national parks and our communities. I urge EPA to finalize its proposed disapprovals and act quickly to implement plans that will result in real pollution reductions.
In Utah, EPA analysis shows that installing selective catalytic reduction (SCR) on Hunter and Huntington coal plants would be cost-effective and provide massive visibility benefits for Utahs national parks. These plants have avoided pollution reductions for decades. Now is the time for EPA to act.
Similarly, in Wyoming, the state failed to even consider pollution controls at the states largest polluters, including Jim Bridger, Naughton, Dave Johnston, and Wyodak coal plants. Each of these facilities could install cost-effective pollution controls, including SCRs, that would result in significant air-quality improvements across the state.
Please finalize the proposed disapprovals of Utah and Wyomings do-nothing plans and require enforceable pollution reductions, including SCR installation, on our states' biggest polluters Hunter, Huntington, Jim Bridger, Naughton, Dave Johnston, and Wyodak.",https://www.regulations.gov/comment/EPA-R08-OAR-2024-0389-0450,,false,source=Regulations.gov v4 comment detail; retrievedAt=2026-09-12T18:11:40+00:00; commentOnDocumentId=EPA-R08-OAR-2024-0389-0001; duplicateComments=1; organizationMissing=true
EPA-R08-OAR-2024-0389,EPA-R08-OAR-2024-0389-0451,Kathryn Spence,not provided by public Regulations.gov fields,2024-10-09T04:00:00Z,"Wyoming and Utah have submitted Regional Haze State Implementation Plans with no proposed pollution reductions, allowing some of the nation's biggest polluters to remain uncontrolled for nitrogen oxide, sulfur dioxide, and other pollutants when common-sense controls exist that could significantly cut those emissions.
EPAs proposed disapprovals of these do-nothing state plans are a critical first step to protect air quality, both in national parks and our communities. I urge EPA to finalize its proposed disapprovals and act quickly to implement plans that will result in real pollution reductions.
In Utah, EPA analysis shows that installing selective catalytic reduction (SCR) on Hunter and Huntington coal plants would be cost-effective and provide massive visibility benefits for Utahs national parks. These plants have avoided pollution reductions for decades. Now is the time for EPA to act.
Similarly, in Wyoming, the state failed to even consider pollution controls at the states largest polluters, including Jim Bridger, Naughton, Dave Johnston, and Wyodak coal plants. Each of these facilities could install cost-effective pollution controls, including SCRs, that would result in significant air-quality improvements across the state.
Please finalize the proposed disapprovals of Utah and Wyomings do-nothing plans and require enforceable pollution reductions, including SCR installation, on our states' biggest polluters Hunter, Huntington, Jim Bridger, Naughton, Dave Johnston, and Wyodak.",https://www.regulations.gov/comment/EPA-R08-OAR-2024-0389-0451,,false,source=Regulations.gov v4 comment detail; retrievedAt=2026-09-12T18:11:40+00:00; commentOnDocumentId=EPA-R08-OAR-2024-0389-0001; duplicateComments=1; organizationMissing=true
EPA-R08-OAR-2024-0389,EPA-R08-OAR-2024-0389-0452,Georgia Labey,not provided by public Regulations.gov fields,2024-10-09T04:00:00Z,"Wyoming and Utah have submitted Regional Haze State Implementation Plans with no proposed pollution reductions, allowing some of the nation's biggest polluters to remain uncontrolled for nitrogen oxide, sulfur dioxide, and other pollutants when common-sense controls exist that could significantly cut those emissions.
EPAs proposed disapprovals of these do-nothing state plans are a critical first step to protect air quality, both in national parks and our communities. I urge EPA to finalize its proposed disapprovals and act quickly to implement plans that will result in real pollution reductions.
In Utah, EPA analysis shows that installing selective catalytic reduction (SCR) on Hunter and Huntington coal plants would be cost-effective and provide massive visibility benefits for Utahs national parks. These plants have avoided pollution reductions for decades. Now is the time for EPA to act.
Similarly, in Wyoming, the state failed to even consider pollution controls at the states largest polluters, including Jim Bridger, Naughton, Dave Johnston, and Wyodak coal plants. Each of these facilities could install cost-effective pollution controls, including SCRs, that would result in significant air-quality improvements across the state.
Please finalize the proposed disapprovals of Utah and Wyomings do-nothing plans and require enforceable pollution reductions, including SCR installation, on our states' biggest polluters Hunter, Huntington, Jim Bridger, Naughton, Dave Johnston, and Wyodak.",https://www.regulations.gov/comment/EPA-R08-OAR-2024-0389-0452,,false,source=Regulations.gov v4 comment detail; retrievedAt=2026-09-12T18:11:40+00:00; commentOnDocumentId=EPA-R08-OAR-2024-0389-0001; duplicateComments=1; organizationMissing=true
EPA-R08-OAR-2024-0389,EPA-R08-OAR-2024-0389-0453,Maryellen Redish,not provided by public Regulations.gov fields,2024-10-09T04:00:00Z,"Make coal the past.
Wyoming and Utah have submitted Regional Haze State Implementation Plans with no proposed pollution reductions, allowing some of the nation's biggest polluters to remain uncontrolled for nitrogen oxide, sulfur dioxide, and other pollutants when common-sense controls exist that could significantly cut those emissions.
EPAs proposed disapprovals of these do-nothing state plans are a critical first step to protect air quality, both in national parks and our communities. I urge EPA to finalize its proposed disapprovals and act quickly to implement plans that will result in real pollution reductions.
In Utah, EPA analysis shows that installing selective catalytic reduction (SCR) on Hunter and Huntington coal plants would be cost-effective and provide massive visibility benefits for Utahs national parks. These plants have avoided pollution reductions for decades. Now is the time for EPA to act.
Similarly, in Wyoming, the state failed to even consider pollution controls at the states largest polluters, including Jim Bridger, Naughton, Dave Johnston, and Wyodak coal plants. Each of these facilities could install cost-effective pollution controls, including SCRs, that would result in significant air-quality improvements across the state.
Please finalize the proposed disapprovals of Utah and Wyomings do-nothing plans and require enforceable pollution reductions, including SCR installation, on our states' biggest polluters Hunter, Huntington, Jim Bridger, Naughton, Dave Johnston, and Wyodak.",https://www.regulations.gov/comment/EPA-R08-OAR-2024-0389-0453,,false,source=Regulations.gov v4 comment detail; retrievedAt=2026-09-12T18:11:40+00:00; commentOnDocumentId=EPA-R08-OAR-2024-0389-0001; duplicateComments=1; organizationMissing=true
EPA-R08-OAR-2024-0389,EPA-R08-OAR-2024-0389-0454,Sara Tincher,not provided by public Regulations.gov fields,2024-10-09T04:00:00Z,"Wyoming and Utah have submitted Regional Haze State Implementation Plans with no proposed pollution reductions, allowing some of the nation's biggest polluters to remain uncontrolled for nitrogen oxide, sulfur dioxide, and other pollutants when common-sense controls exist that could significantly cut those emissions.
EPAs proposed disapprovals of these do-nothing state plans are a critical first step to protect air quality, both in national parks and our communities. I urge EPA to finalize its proposed disapprovals and act quickly to implement plans that will result in real pollution reductions.
In Utah, EPA analysis shows that installing selective catalytic reduction (SCR) on Hunter and Huntington coal plants would be cost-effective and provide massive visibility benefits for Utahs national parks. These plants have avoided pollution reductions for decades. Now is the time for EPA to act.
Similarly, in Wyoming, the state failed to even consider pollution controls at the states largest polluters, including Jim Bridger, Naughton, Dave Johnston, and Wyodak coal plants. Each of these facilities could install cost-effective pollution controls, including SCRs, that would result in significant air-quality improvements across the state.
Please finalize the proposed disapprovals of Utah and Wyomings do-nothing plans and require enforceable pollution reductions, including SCR installation, on our states' biggest polluters Hunter, Huntington, Jim Bridger, Naughton, Dave Johnston, and Wyodak.",https://www.regulations.gov/comment/EPA-R08-OAR-2024-0389-0454,,false,source=Regulations.gov v4 comment detail; retrievedAt=2026-09-12T18:11:40+00:00; commentOnDocumentId=EPA-R08-OAR-2024-0389-0001; duplicateComments=1; organizationMissing=true
EPA-R08-OAR-2024-0389,EPA-R08-OAR-2024-0389-0455,Leland Erickson,not provided by public Regulations.gov fields,2024-10-09T04:00:00Z,"Wyoming and Utah have submitted Regional Haze State Implementation Plans with no proposed pollution reductions, allowing some of the nation's biggest polluters to remain uncontrolled for nitrogen oxide, sulfur dioxide, and other pollutants when common-sense controls exist that could significantly cut those emissions.
EPAs proposed disapprovals of these do-nothing state plans are a critical first step to protect air quality, both in national parks and our communities. I urge EPA to finalize its proposed disapprovals and act quickly to implement plans that will result in real pollution reductions.
In Utah, EPA analysis shows that installing selective catalytic reduction (SCR) on Hunter and Huntington coal plants would be cost-effective and provide massive visibility benefits for Utahs national parks. These plants have avoided pollution reductions for decades. Now is the time for EPA to act.
Similarly, in Wyoming, the state failed to even consider pollution controls at the states largest polluters, including Jim Bridger, Naughton, Dave Johnston, and Wyodak coal plants. Each of these facilities could install cost-effective pollution controls, including SCRs, that would result in significant air-quality improvements across the state.
Please finalize the proposed disapprovals of Utah and Wyomings do-nothing plans and require enforceable pollution reductions, including SCR installation, on our states' biggest polluters Hunter, Huntington, Jim Bridger, Naughton, Dave Johnston, and Wyodak.",https://www.regulations.gov/comment/EPA-R08-OAR-2024-0389-0455,,false,source=Regulations.gov v4 comment detail; retrievedAt=2026-09-12T18:11:40+00:00; commentOnDocumentId=EPA-R08-OAR-2024-0389-0001; duplicateComments=1; organizationMissing=true
EPA-R08-OAR-2024-0389,EPA-R08-OAR-2024-0389-0456,Rolf Friis,not provided by public Regulations.gov fields,2024-10-09T04:00:00Z,"Wyoming and Utah have submitted Regional Haze State Implementation Plans with no proposed pollution reductions, allowing some of the nation's biggest polluters to remain uncontrolled for nitrogen oxide, sulfur dioxide, and other pollutants when common-sense controls exist that could significantly cut those emissions.
It's time to move forward.
EPAs proposed disapprovals of these do-nothing state plans are a critical first step to protect air quality, both in national parks and our communities. I urge EPA to finalize its proposed disapprovals and act quickly to implement plans that will result in real pollution reductions.
In Utah, EPA analysis shows that installing selective catalytic reduction (SCR) on Hunter and Huntington coal plants would be cost-effective and provide massive visibility benefits for Utahs national parks. These plants have avoided pollution reductions for decades. Now is the time for EPA to act.
Similarly, in Wyoming, the state failed to even consider pollution controls at the states largest polluters, including Jim Bridger, Naughton, Dave Johnston, and Wyodak coal plants. Each of these facilities could install cost-effective pollution controls, including SCRs, that would result in significant air-quality improvements across the state.
Please finalize the proposed disapprovals of Utah and Wyomings do-nothing plans and require enforceable pollution reductions, including SCR installation, on our states' biggest polluters Hunter, Huntington, Jim Bridger, Naughton, Dave Johnston, and Wyodak.",https://www.regulations.gov/comment/EPA-R08-OAR-2024-0389-0456,,false,source=Regulations.gov v4 comment detail; retrievedAt=2026-09-12T18:11:40+00:00; commentOnDocumentId=EPA-R08-OAR-2024-0389-0001; duplicateComments=1; organizationMissing=true
EPA-R08-OAR-2024-0389,EPA-R08-OAR-2024-0389-0457,Ted Dennis,not provided by public Regulations.gov fields,2024-10-09T04:00:00Z,"Wyoming and Utah have submitted Regional Haze State Implementation Plans with no proposed pollution reductions, allowing some of the nation's biggest polluters to remain uncontrolled for nitrogen oxide, sulfur dioxide, and other pollutants when common-sense controls exist that could significantly cut those emissions.
EPAs proposed disapprovals of these do-nothing state plans are a critical first step to protect air quality, both in national parks and our communities. I urge EPA to finalize its proposed disapprovals and act quickly to implement plans that will result in real pollution reductions.
In Utah, EPA analysis shows that installing selective catalytic reduction (SCR) on Hunter and Huntington coal plants would be cost-effective and provide massive visibility benefits for Utahs national parks. These plants have avoided pollution reductions for decades. Now is the time for EPA to act.
Similarly, in Wyoming, the state failed to even consider pollution controls at the states largest polluters, including Jim Bridger, Naughton, Dave Johnston, and Wyodak coal plants. Each of these facilities could install cost-effective pollution controls, including SCRs, that would result in significant air-quality improvements across the state.
Please finalize the proposed disapprovals of Utah and Wyomings do-nothing plans and require enforceable pollution reductions, including SCR installation, on our states' biggest polluters Hunter, Huntington, Jim Bridger, Naughton, Dave Johnston, and Wyodak.",https://www.regulations.gov/comment/EPA-R08-OAR-2024-0389-0457,,false,source=Regulations.gov v4 comment detail; retrievedAt=2026-09-12T18:11:40+00:00; commentOnDocumentId=EPA-R08-OAR-2024-0389-0001; duplicateComments=1; organizationMissing=true
EPA-R08-OAR-2024-0389,EPA-R08-OAR-2024-0389-0458,Julie Knight,not provided by public Regulations.gov fields,2024-10-09T04:00:00Z,"Wyoming and Utah have submitted Regional Haze State Implementation Plans with no proposed pollution reductions, allowing some of the nation's biggest polluters to remain uncontrolled for nitrogen oxide, sulfur dioxide, and other pollutants when common-sense controls exist that could significantly cut those emissions.
EPAs proposed disapprovals of these do-nothing state plans are a critical first step to protect air quality, both in national parks and our communities. I urge EPA to finalize its proposed disapprovals and act quickly to implement plans that will result in real pollution reductions.
In Utah, EPA analysis shows that installing selective catalytic reduction (SCR) on Hunter and Huntington coal plants would be cost-effective and provide massive visibility benefits for Utahs national parks. These plants have avoided pollution reductions for decades. Now is the time for EPA to act.
Similarly, in Wyoming, the state failed to even consider pollution controls at the states largest polluters, including Jim Bridger, Naughton, Dave Johnston, and Wyodak coal plants. Each of these facilities could install cost-effective pollution controls, including SCRs, that would result in significant air-quality improvements across the state.
Please finalize the proposed disapprovals of Utah and Wyomings do-nothing plans and require enforceable pollution reductions, including SCR installation, on our states' biggest polluters Hunter, Huntington, Jim Bridger, Naughton, Dave Johnston, and Wyodak.",https://www.regulations.gov/comment/EPA-R08-OAR-2024-0389-0458,,false,source=Regulations.gov v4 comment detail; retrievedAt=2026-09-12T18:11:40+00:00; commentOnDocumentId=EPA-R08-OAR-2024-0389-0001; duplicateComments=1; organizationMissing=true
EPA-R08-OAR-2024-0389,EPA-R08-OAR-2024-0389-0459,Malcolm Cumming,not provided by public Regulations.gov fields,2024-10-09T04:00:00Z,"Just one more reason to get beyond coal - fouled air over parks.
Wyoming and Utah have submitted Regional Haze State Implementation Plans with no proposed pollution reductions, allowing some of the nation's biggest polluters to remain uncontrolled for nitrogen oxide, sulfur dioxide, and other pollutants when common-sense controls exist that could significantly cut those emissions.
EPAs proposed disapprovals of these do-nothing state plans are a critical first step to protect air quality, both in national parks and our communities. I urge EPA to finalize its proposed disapprovals and act quickly to implement plans that will result in real pollution reductions.
In Utah, EPA analysis shows that installing selective catalytic reduction (SCR) on Hunter and Huntington coal plants would be cost-effective and provide massive visibility benefits for Utahs national parks. These plants have avoided pollution reductions for decades. Now is the time for EPA to act.
Similarly, in Wyoming, the state failed to even consider pollution controls at the states largest polluters, including Jim Bridger, Naughton, Dave Johnston, and Wyodak coal plants. Each of these facilities could install cost-effective pollution controls, including SCRs, that would result in significant air-quality improvements across the state.
Please finalize the proposed disapprovals of Utah and Wyomings do-nothing plans and require enforceable pollution reductions, including SCR installation, on our states' biggest polluters Hunter, Huntington, Jim Bridger, Naughton, Dave Johnston, and Wyodak.",https://www.regulations.gov/comment/EPA-R08-OAR-2024-0389-0459,,false,source=Regulations.gov v4 comment detail; retrievedAt=2026-09-12T18:11:40+00:00; commentOnDocumentId=EPA-R08-OAR-2024-0389-0001; duplicateComments=1; organizationMissing=true
EPA-R08-OAR-2024-0389,EPA-R08-OAR-2024-0389-0460,Brandie Deal,not provided by public Regulations.gov fields,2024-10-09T04:00:00Z,"Wyoming and Utah have submitted Regional Haze State Implementation Plans with no proposed pollution reductions, allowing some of the nation's biggest polluters to remain uncontrolled for nitrogen oxide, sulfur dioxide, and other pollutants when common-sense controls exist that could significantly cut those emissions.
EPAs proposed disapprovals of these do-nothing state plans are a critical first step to protect air quality, both in national parks and our communities. I urge EPA to finalize its proposed disapprovals and act quickly to implement plans that will result in real pollution reductions.
In Utah, EPA analysis shows that installing selective catalytic reduction (SCR) on Hunter and Huntington coal plants would be cost-effective and provide massive visibility benefits for Utahs national parks. These plants have avoided pollution reductions for decades. Now is the time for EPA to act.
Similarly, in Wyoming, the state failed to even consider pollution controls at the states largest polluters, including Jim Bridger, Naughton, Dave Johnston, and Wyodak coal plants. Each of these facilities could install cost-effective pollution controls, including SCRs, that would result in significant air-quality improvements across the state.
Please finalize the proposed disapprovals of Utah and Wyomings do-nothing plans and require enforceable pollution reductions, including SCR installation, on our states' biggest polluters Hunter, Huntington, Jim Bridger, Naughton, Dave Johnston, and Wyodak.",https://www.regulations.gov/comment/EPA-R08-OAR-2024-0389-0460,,false,source=Regulations.gov v4 comment detail; retrievedAt=2026-09-12T18:11:40+00:00; commentOnDocumentId=EPA-R08-OAR-2024-0389-0001; duplicateComments=1; organizationMissing=true
EPA-R08-OAR-2024-0389,EPA-R08-OAR-2024-0389-0461,Kevin Jensen,not provided by public Regulations.gov fields,2024-10-09T04:00:00Z,"Wyoming and Utah have submitted Regional Haze State Implementation Plans with no proposed pollution reductions, allowing some of the nation's biggest polluters to remain uncontrolled for nitrogen oxide, sulfur dioxide, and other pollutants when common-sense controls exist that could significantly cut those emissions.
EPAs proposed disapprovals of these do-nothing state plans are a critical first step to protect air quality, both in national parks and our communities. I urge EPA to finalize its proposed disapprovals and act quickly to implement plans that will result in real pollution reductions.
In Utah, EPA analysis shows that installing selective catalytic reduction (SCR) on Hunter and Huntington coal plants would be cost-effective and provide massive visibility benefits for Utahs national parks. These plants have avoided pollution reductions for decades. Now is the time for EPA to act.
Similarly, in Wyoming, the state failed to even consider pollution controls at the states largest polluters, including Jim Bridger, Naughton, Dave Johnston, and Wyodak coal plants. Each of these facilities could install cost-effective pollution controls, including SCRs, that would result in significant air-quality improvements across the state.
Please finalize the proposed disapprovals of Utah and Wyomings do-nothing plans and require enforceable pollution reductions, including SCR installation, on our states' biggest polluters Hunter, Huntington, Jim Bridger, Naughton, Dave Johnston, and Wyodak.",https://www.regulations.gov/comment/EPA-R08-OAR-2024-0389-0461,,false,source=Regulations.gov v4 comment detail; retrievedAt=2026-09-12T18:11:40+00:00; commentOnDocumentId=EPA-R08-OAR-2024-0389-0001; duplicateComments=1; organizationMissing=true
EPA-R08-OAR-2024-0389,EPA-R08-OAR-2024-0389-0462,Jean Boone,not provided by public Regulations.gov fields,2024-10-09T04:00:00Z,"Wyoming and Utah have submitted Regional Haze State Implementation Plans with no proposed pollution reductions, allowing some of the nation's biggest polluters to remain uncontrolled for nitrogen oxide, sulfur dioxide, and other pollutants when common-sense controls exist that could significantly cut those emissions.
EPAs proposed disapprovals of these do-nothing state plans are a critical first step to protect air quality, both in national parks and our communities. I urge EPA to finalize its proposed disapprovals and act quickly to implement plans that will result in real pollution reductions.
In Utah, EPA analysis shows that installing selective catalytic reduction (SCR) on Hunter and Huntington coal plants would be cost-effective and provide massive visibility benefits for Utahs national parks. These plants have avoided pollution reductions for decades. Now is the time for EPA to act.
Similarly, in Wyoming, the state failed to even consider pollution controls at the states largest polluters, including Jim Bridger, Naughton, Dave Johnston, and Wyodak coal plants. Each of these facilities could install cost-effective pollution controls, including SCRs, that would result in significant air-quality improvements across the state.
Please finalize the proposed disapprovals of Utah and Wyomings do-nothing plans and require enforceable pollution reductions, including SCR installation, on our states' biggest polluters Hunter, Huntington, Jim Bridger, Naughton, Dave Johnston, and Wyodak.",https://www.regulations.gov/comment/EPA-R08-OAR-2024-0389-0462,,false,source=Regulations.gov v4 comment detail; retrievedAt=2026-09-12T18:11:40+00:00; commentOnDocumentId=EPA-R08-OAR-2024-0389-0001; duplicateComments=1; organizationMissing=true
EPA-R08-OAR-2024-0389,EPA-R08-OAR-2024-0389-0463,Howard Meyerson,not provided by public Regulations.gov fields,2024-10-09T04:00:00Z,"Wyoming and Utah have submitted Regional Haze State Implementation Plans with no proposed pollution reductions, allowing some of the nation's biggest polluters to remain uncontrolled for nitrogen oxide, sulfur dioxide, and other pollutants when common-sense controls exist that could significantly cut those emissions.
EPAs proposed disapprovals of these do-nothing state plans are a critical first step to protect air quality, both in national parks and our communities. I urge EPA to finalize its proposed disapprovals and act quickly to implement plans that will result in real pollution reductions.
In Utah, EPA analysis shows that installing selective catalytic reduction (SCR) on Hunter and Huntington coal plants would be cost-effective and provide massive visibility benefits for Utahs national parks. These plants have avoided pollution reductions for decades. Now is the time for EPA to act.
Similarly, in Wyoming, the state failed to even consider pollution controls at the states largest polluters, including Jim Bridger, Naughton, Dave Johnston, and Wyodak coal plants. Each of these facilities could install cost-effective pollution controls, including SCRs, that would result in significant air-quality improvements across the state.
Please finalize the proposed disapprovals of Utah and Wyomings do-nothing plans and require enforceable pollution reductions, including SCR installation, on our states' biggest polluters Hunter, Huntington, Jim Bridger, Naughton, Dave Johnston, and Wyodak.",https://www.regulations.gov/comment/EPA-R08-OAR-2024-0389-0463,,false,source=Regulations.gov v4 comment detail; retrievedAt=2026-09-12T18:11:40+00:00; commentOnDocumentId=EPA-R08-OAR-2024-0389-0001; duplicateComments=1; organizationMissing=true
EPA-R08-OAR-2024-0389,EPA-R08-OAR-2024-0389-0464,Aerie Youn,not provided by public Regulations.gov fields,2024-10-09T04:00:00Z,"Wyoming and Utah have submitted Regional Haze State Implementation Plans with no proposed pollution reductions, allowing some of the nation's biggest polluters to remain uncontrolled for nitrogen oxide, sulfur dioxide, and other pollutants when common-sense controls exist that could significantly cut those emissions.
EPAs proposed disapprovals of these do-nothing state plans are a critical first step to protect air quality, both in national parks and our communities. I urge EPA to finalize its proposed disapprovals and act quickly to implement plans that will result in real pollution reductions.
In Utah, EPA analysis shows that installing selective catalytic reduction (SCR) on Hunter and Huntington coal plants would be cost-effective and provide massive visibility benefits for Utahs national parks. These plants have avoided pollution reductions for decades. Now is the time for EPA to act.
Similarly, in Wyoming, the state failed to even consider pollution controls at the states largest polluters, including Jim Bridger, Naughton, Dave Johnston, and Wyodak coal plants. Each of these facilities could install cost-effective pollution controls, including SCRs, that would result in significant air-quality improvements across the state.
Please finalize the proposed disapprovals of Utah and Wyomings do-nothing plans and require enforceable pollution reductions, including SCR installation, on our states' biggest polluters Hunter, Huntington, Jim Bridger, Naughton, Dave Johnston, and Wyodak.",https://www.regulations.gov/comment/EPA-R08-OAR-2024-0389-0464,,false,source=Regulations.gov v4 comment detail; retrievedAt=2026-09-12T18:11:40+00:00; commentOnDocumentId=EPA-R08-OAR-2024-0389-0001; duplicateComments=1; organizationMissing=true
EPA-R08-OAR-2024-0389,EPA-R08-OAR-2024-0389-0465,Ian Cael Bixby,not provided by public Regulations.gov fields,2024-10-09T04:00:00Z,"Wyoming and Utah have submitted Regional Haze State Implementation Plans with no proposed pollution reductions, allowing some of the nation's biggest polluters to remain uncontrolled for nitrogen oxide, sulfur dioxide, and other pollutants when common-sense controls exist that could significantly cut those emissions.
EPAs proposed disapprovals of these do-nothing state plans are a critical first step to protect air quality, both in national parks and our communities. I urge EPA to finalize its proposed disapprovals and act quickly to implement plans that will result in real pollution reductions.
In Utah, EPA analysis shows that installing selective catalytic reduction (SCR) on Hunter and Huntington coal plants would be cost-effective and provide massive visibility benefits for Utahs national parks. These plants have avoided pollution reductions for decades. Now is the time for EPA to act.
Similarly, in Wyoming, the state failed to even consider pollution controls at the states largest polluters, including Jim Bridger, Naughton, Dave Johnston, and Wyodak coal plants. Each of these facilities could install cost-effective pollution controls, including SCRs, that would result in significant air-quality improvements across the state.
Please finalize the proposed disapprovals of Utah and Wyomings do-nothing plans and require enforceable pollution reductions, including SCR installation, on our states' biggest polluters Hunter, Huntington, Jim Bridger, Naughton, Dave Johnston, and Wyodak.",https://www.regulations.gov/comment/EPA-R08-OAR-2024-0389-0465,,false,source=Regulations.gov v4 comment detail; retrievedAt=2026-09-12T18:11:40+00:00; commentOnDocumentId=EPA-R08-OAR-2024-0389-0001; duplicateComments=1; organizationMissing=true
EPA-R08-OAR-2024-0389,EPA-R08-OAR-2024-0389-0466,C A Terry Huff,not provided by public Regulations.gov fields,2024-10-09T04:00:00Z,"Wyoming and Utah have submitted Regional Haze State Implementation Plans with no proposed pollution reductions, allowing some of the nation's biggest polluters to remain uncontrolled for nitrogen oxide, sulfur dioxide, and other pollutants when common-sense controls exist that could significantly cut those emissions.
EPAs proposed disapprovals of these do-nothing state plans are a critical first step to protect air quality, both in national parks and our communities. I urge EPA to finalize its proposed disapprovals and act quickly to implement plans that will result in real pollution reductions.
In Utah, EPA analysis shows that installing selective catalytic reduction (SCR) on Hunter and Huntington coal plants would be cost-effective and provide massive visibility benefits for Utahs national parks. These plants have avoided pollution reductions for decades. Now is the time for EPA to act.
Similarly, in Wyoming, the state failed to even consider pollution controls at the states largest polluters, including Jim Bridger, Naughton, Dave Johnston, and Wyodak coal plants. Each of these facilities could install cost-effective pollution controls, including SCRs, that would result in significant air-quality improvements across the state.
Please finalize the proposed disapprovals of Utah and Wyomings do-nothing plans and require enforceable pollution reductions, including SCR installation, on our states' biggest polluters Hunter, Huntington, Jim Bridger, Naughton, Dave Johnston, and Wyodak.",https://www.regulations.gov/comment/EPA-R08-OAR-2024-0389-0466,,false,source=Regulations.gov v4 comment detail; retrievedAt=2026-09-12T18:11:40+00:00; commentOnDocumentId=EPA-R08-OAR-2024-0389-0001; duplicateComments=1; organizationMissing=true
EPA-R08-OAR-2024-0389,EPA-R08-OAR-2024-0389-0467,Mary Hicklin,not provided by public Regulations.gov fields,2024-10-09T04:00:00Z,"Wyoming and Utah have submitted Regional Haze State Implementation Plans with no proposed pollution reductions, allowing some of the nation's biggest polluters to remain uncontrolled for nitrogen oxide, sulfur dioxide, and other pollutants when common-sense controls exist that could significantly cut those emissions.
EPAs proposed disapprovals of these do-nothing state plans are a critical first step to protect air quality, both in national parks and our communities. I urge EPA to finalize its proposed disapprovals and act quickly to implement plans that will result in real pollution reductions.
In Utah, EPA analysis shows that installing selective catalytic reduction (SCR) on Hunter and Huntington coal plants would be cost-effective and provide massive visibility benefits for Utahs national parks. These plants have avoided pollution reductions for decades. Now is the time for EPA to act.
Similarly, in Wyoming, the state failed to even consider pollution controls at the states largest polluters, including Jim Bridger, Naughton, Dave Johnston, and Wyodak coal plants. Each of these facilities could install cost-effective pollution controls, including SCRs, that would result in significant air-quality improvements across the state.
Please finalize the proposed disapprovals of Utah and Wyomings do-nothing plans and require enforceable pollution reductions, including SCR installation, on our states' biggest polluters Hunter, Huntington, Jim Bridger, Naughton, Dave Johnston, and Wyodak.",https://www.regulations.gov/comment/EPA-R08-OAR-2024-0389-0467,,false,source=Regulations.gov v4 comment detail; retrievedAt=2026-09-12T18:11:40+00:00; commentOnDocumentId=EPA-R08-OAR-2024-0389-0001; duplicateComments=1; organizationMissing=true
EPA-R08-OAR-2024-0389,EPA-R08-OAR-2024-0389-0468,Lucy Hart,not provided by public Regulations.gov fields,2024-10-09T04:00:00Z,"Wyoming and Utah have submitted Regional Haze State Implementation Plans with no proposed pollution reductions, allowing some of the nation's biggest polluters to remain uncontrolled for nitrogen oxide, sulfur dioxide, and other pollutants when common-sense controls exist that could significantly cut those emissions.
EPAs proposed disapprovals of these do-nothing state plans are a critical first step to protect air quality, both in national parks and our communities. I urge EPA to finalize its proposed disapprovals and act quickly to implement plans that will result in real pollution reductions.
In Utah, EPA analysis shows that installing selective catalytic reduction (SCR) on Hunter and Huntington coal plants would be cost-effective and provide massive visibility benefits for Utahs national parks. These plants have avoided pollution reductions for decades. Now is the time for EPA to act.
Similarly, in Wyoming, the state failed to even consider pollution controls at the states largest polluters, including Jim Bridger, Naughton, Dave Johnston, and Wyodak coal plants. Each of these facilities could install cost-effective pollution controls, including SCRs, that would result in significant air-quality improvements across the state.
Please finalize the proposed disapprovals of Utah and Wyomings do-nothing plans and require enforceable pollution reductions, including SCR installation, on our states' biggest polluters Hunter, Huntington, Jim Bridger, Naughton, Dave Johnston, and Wyodak.",https://www.regulations.gov/comment/EPA-R08-OAR-2024-0389-0468,,false,source=Regulations.gov v4 comment detail; retrievedAt=2026-09-12T18:11:40+00:00; commentOnDocumentId=EPA-R08-OAR-2024-0389-0001; duplicateComments=1; organizationMissing=true
EPA-R08-OAR-2024-0389,EPA-R08-OAR-2024-0389-0469,Pia Loeper,not provided by public Regulations.gov fields,2024-10-09T04:00:00Z,"Wyoming and Utah have submitted Regional Haze State Implementation Plans with no proposed pollution reductions, allowing some of the nation's biggest polluters to remain uncontrolled for nitrogen oxide, sulfur dioxide, and other pollutants when common-sense controls exist that could significantly cut those emissions.
EPAs proposed disapprovals of these do-nothing state plans are a critical first step to protect air quality, both in national parks and our communities. I urge EPA to finalize its proposed disapprovals and act quickly to implement plans that will result in real pollution reductions.
In Utah, EPA analysis shows that installing selective catalytic reduction (SCR) on Hunter and Huntington coal plants would be cost-effective and provide massive visibility benefits for Utahs national parks. These plants have avoided pollution reductions for decades. Now is the time for EPA to act.
Similarly, in Wyoming, the state failed to even consider pollution controls at the states largest polluters, including Jim Bridger, Naughton, Dave Johnston, and Wyodak coal plants. Each of these facilities could install cost-effective pollution controls, including SCRs, that would result in significant air-quality improvements across the state.
Please finalize the proposed disapprovals of Utah and Wyomings do-nothing plans and require enforceable pollution reductions, including SCR installation, on our states' biggest polluters Hunter, Huntington, Jim Bridger, Naughton, Dave Johnston, and Wyodak.",https://www.regulations.gov/comment/EPA-R08-OAR-2024-0389-0469,,false,source=Regulations.gov v4 comment detail; retrievedAt=2026-09-12T18:11:40+00:00; commentOnDocumentId=EPA-R08-OAR-2024-0389-0001; duplicateComments=1; organizationMissing=true
EPA-R08-OAR-2024-0389,EPA-R08-OAR-2024-0389-0470,Shauna Gonzalez,not provided by public Regulations.gov fields,2024-10-09T04:00:00Z,"Wyoming and Utah have submitted Regional Haze State Implementation Plans with no proposed pollution reductions, allowing some of the nation's biggest polluters to remain uncontrolled for nitrogen oxide, sulfur dioxide, and other pollutants when common-sense controls exist that could significantly cut those emissions.
EPAs proposed disapprovals of these do-nothing state plans are a critical first step to protect air quality, both in national parks and our communities. I urge EPA to finalize its proposed disapprovals and act quickly to implement plans that will result in real pollution reductions.
In Utah, EPA analysis shows that installing selective catalytic reduction (SCR) on Hunter and Huntington coal plants would be cost-effective and provide massive visibility benefits for Utahs national parks. These plants have avoided pollution reductions for decades. Now is the time for EPA to act.
Similarly, in Wyoming, the state failed to even consider pollution controls at the states largest polluters, including Jim Bridger, Naughton, Dave Johnston, and Wyodak coal plants. Each of these facilities could install cost-effective pollution controls, including SCRs, that would result in significant air-quality improvements across the state.
Please finalize the proposed disapprovals of Utah and Wyomings do-nothing plans and require enforceable pollution reductions, including SCR installation, on our states' biggest polluters Hunter, Huntington, Jim Bridger, Naughton, Dave Johnston, and Wyodak.",https://www.regulations.gov/comment/EPA-R08-OAR-2024-0389-0470,,false,source=Regulations.gov v4 comment detail; retrievedAt=2026-09-12T18:11:40+00:00; commentOnDocumentId=EPA-R08-OAR-2024-0389-0001; duplicateComments=1; organizationMissing=true
EPA-R08-OAR-2024-0389,EPA-R08-OAR-2024-0389-0471,Catherine Montgomery,not provided by public Regulations.gov fields,2024-10-09T04:00:00Z,"I have visited most of our national parks...they are a priceless treasure but we have to protect them from all sources of pollution. It is quite depressing to travel to the parks in Utah and Wyoming and then have the vistas ruined by smog. Please do what you can to correct this situation.
Wyoming and Utah have submitted Regional Haze State Implementation Plans with no proposed pollution reductions, allowing some of the nation's biggest polluters to remain uncontrolled for nitrogen oxide, sulfur dioxide, and other pollutants when common-sense controls exist that could significantly cut those emissions.
EPAs proposed disapprovals of these do-nothing state plans are a critical first step to protect air quality, both in national parks and our communities. I urge EPA to finalize its proposed disapprovals and act quickly to implement plans that will result in real pollution reductions.
In Utah, EPA analysis shows that installing selective catalytic reduction (SCR) on Hunter and Huntington coal plants would be cost-effective and provide massive visibility benefits for Utahs national parks. These plants have avoided pollution reductions for decades. Now is the time for EPA to act.
Similarly, in Wyoming, the state failed to even consider pollution controls at the states largest polluters, including Jim Bridger, Naughton, Dave Johnston, and Wyodak coal plants. Each of these facilities could install cost-effective pollution controls, including SCRs, that would result in significant air-quality improvements across the state.
Please finalize the proposed disapprovals of Utah and Wyomings do-nothing plans and require enforceable pollution reductions, including SCR installation, on our states' biggest polluters Hunter, Huntington, Jim Bridger, Naughton, Dave Johnston, and Wyodak.",https://www.regulations.gov/comment/EPA-R08-OAR-2024-0389-0471,,false,source=Regulations.gov v4 comment detail; retrievedAt=2026-09-12T18:11:40+00:00; commentOnDocumentId=EPA-R08-OAR-2024-0389-0001; duplicateComments=1; organizationMissing=true
EPA-R08-OAR-2024-0389,EPA-R08-OAR-2024-0389-0472,Dale Greer,not provided by public Regulations.gov fields,2024-10-09T04:00:00Z,"Wyoming and Utah have submitted Regional Haze State Implementation Plans with no proposed pollution reductions, allowing some of the nation's biggest polluters to remain uncontrolled for nitrogen oxide, sulfur dioxide, and other pollutants when common-sense controls exist that could significantly cut those emissions.
EPAs proposed disapprovals of these do-nothing state plans are a critical first step to protect air quality, both in national parks and our communities. I urge EPA to finalize its proposed disapprovals and act quickly to implement plans that will result in real pollution reductions.
In Utah, EPA analysis shows that installing selective catalytic reduction (SCR) on Hunter and Huntington coal plants would be cost-effective and provide massive visibility benefits for Utahs national parks. These plants have avoided pollution reductions for decades. Now is the time for EPA to act.
Similarly, in Wyoming, the state failed to even consider pollution controls at the states largest polluters, including Jim Bridger, Naughton, Dave Johnston, and Wyodak coal plants. Each of these facilities could install cost-effective pollution controls, including SCRs, that would result in significant air-quality improvements across the state.
Please finalize the proposed disapprovals of Utah and Wyomings do-nothing plans and require enforceable pollution reductions, including SCR installation, on our states' biggest polluters Hunter, Huntington, Jim Bridger, Naughton, Dave Johnston, and Wyodak.",https://www.regulations.gov/comment/EPA-R08-OAR-2024-0389-0472,,false,source=Regulations.gov v4 comment detail; retrievedAt=2026-09-12T18:11:40+00:00; commentOnDocumentId=EPA-R08-OAR-2024-0389-0001; duplicateComments=1; organizationMissing=true
EPA-R08-OAR-2024-0389,EPA-R08-OAR-2024-0389-0473,Bret Smith,not provided by public Regulations.gov fields,2024-10-09T04:00:00Z,"Wyoming and Utah have submitted Regional Haze State Implementation Plans with no proposed pollution reductions, allowing some of the nation's biggest polluters to remain uncontrolled for nitrogen oxide, sulfur dioxide, and other pollutants when common-sense controls exist that could significantly cut those emissions.
EPAs proposed disapprovals of these do-nothing state plans are a critical first step to protect air quality, both in national parks and our communities. I urge EPA to finalize its proposed disapprovals and act quickly to implement plans that will result in real pollution reductions.
In Utah, EPA analysis shows that installing selective catalytic reduction (SCR) on Hunter and Huntington coal plants would be cost-effective and provide massive visibility benefits for Utahs national parks. These plants have avoided pollution reductions for decades. Now is the time for EPA to act.
Similarly, in Wyoming, the state failed to even consider pollution controls at the states largest polluters, including Jim Bridger, Naughton, Dave Johnston, and Wyodak coal plants. Each of these facilities could install cost-effective pollution controls, including SCRs, that would result in significant air-quality improvements across the state.
Please finalize the proposed disapprovals of Utah and Wyomings do-nothing plans and require enforceable pollution reductions, including SCR installation, on our states' biggest polluters Hunter, Huntington, Jim Bridger, Naughton, Dave Johnston, and Wyodak.",https://www.regulations.gov/comment/EPA-R08-OAR-2024-0389-0473,,false,source=Regulations.gov v4 comment detail; retrievedAt=2026-09-12T18:11:40+00:00; commentOnDocumentId=EPA-R08-OAR-2024-0389-0001; duplicateComments=1; organizationMissing=true
EPA-R08-OAR-2024-0389,EPA-R08-OAR-2024-0389-0474,Mary Franz,not provided by public Regulations.gov fields,2024-10-09T04:00:00Z,"Wyoming and Utah have submitted Regional Haze State Implementation Plans with no proposed pollution reductions, allowing some of the nation's biggest polluters to remain uncontrolled for nitrogen oxide, sulfur dioxide, and other pollutants when common-sense controls exist that could significantly cut those emissions.
EPAs proposed disapprovals of these do-nothing state plans are a critical first step to protect air quality, both in national parks and our communities. I urge EPA to finalize its proposed disapprovals and act quickly to implement plans that will result in real pollution reductions.
In Utah, EPA analysis shows that installing selective catalytic reduction (SCR) on Hunter and Huntington coal plants would be cost-effective and provide massive visibility benefits for Utahs national parks. These plants have avoided pollution reductions for decades. Now is the time for EPA to act.
Similarly, in Wyoming, the state failed to even consider pollution controls at the states largest polluters, including Jim Bridger, Naughton, Dave Johnston, and Wyodak coal plants. Each of these facilities could install cost-effective pollution controls, including SCRs, that would result in significant air-quality improvements across the state.
Please finalize the proposed disapprovals of Utah and Wyomings do-nothing plans and require enforceable pollution reductions, including SCR installation, on our states' biggest polluters Hunter, Huntington, Jim Bridger, Naughton, Dave Johnston, and Wyodak.",https://www.regulations.gov/comment/EPA-R08-OAR-2024-0389-0474,,false,source=Regulations.gov v4 comment detail; retrievedAt=2026-09-12T18:11:40+00:00; commentOnDocumentId=EPA-R08-OAR-2024-0389-0001; duplicateComments=1; organizationMissing=true
EPA-R08-OAR-2024-0389,EPA-R08-OAR-2024-0389-0475,Yvette Goot,not provided by public Regulations.gov fields,2024-10-09T04:00:00Z,"Wyoming and Utah have submitted Regional Haze State Implementation Plans with no proposed pollution reductions, allowing some of the nation's biggest polluters to remain uncontrolled for nitrogen oxide, sulfur dioxide, and other pollutants when common-sense controls exist that could significantly cut those emissions.
EPAs proposed disapprovals of these do-nothing state plans are a critical first step to protect air quality, both in national parks and our communities. I urge EPA to finalize its proposed disapprovals and act quickly to implement plans that will result in real pollution reductions.
In Utah, EPA analysis shows that installing selective catalytic reduction (SCR) on Hunter and Huntington coal plants would be cost-effective and provide massive visibility benefits for Utahs national parks. These plants have avoided pollution reductions for decades. Now is the time for EPA to act.
Similarly, in Wyoming, the state failed to even consider pollution controls at the states largest polluters, including Jim Bridger, Naughton, Dave Johnston, and Wyodak coal plants. Each of these facilities could install cost-effective pollution controls, including SCRs, that would result in significant air-quality improvements across the state.
Please finalize the proposed disapprovals of Utah and Wyomings do-nothing plans and require enforceable pollution reductions, including SCR installation, on our states' biggest polluters Hunter, Huntington, Jim Bridger, Naughton, Dave Johnston, and Wyodak.",https://www.regulations.gov/comment/EPA-R08-OAR-2024-0389-0475,,false,source=Regulations.gov v4 comment detail; retrievedAt=2026-09-12T18:11:40+00:00; commentOnDocumentId=EPA-R08-OAR-2024-0389-0001; duplicateComments=1; organizationMissing=true
EPA-R08-OAR-2024-0389,EPA-R08-OAR-2024-0389-0476,Joan Miller,not provided by public Regulations.gov fields,2024-10-09T04:00:00Z,"Wyoming and Utah have submitted Regional Haze State Implementation Plans with no proposed pollution reductions, allowing some of the nation's biggest polluters to remain uncontrolled for nitrogen oxide, sulfur dioxide, and other pollutants when common-sense controls exist that could significantly cut those emissions.
EPAs proposed disapprovals of these do-nothing state plans are a critical first step to protect air quality, both in national parks and our communities. I urge EPA to finalize its proposed disapprovals and act quickly to implement plans that will result in real pollution reductions.
In Utah, EPA analysis shows that installing selective catalytic reduction (SCR) on Hunter and Huntington coal plants would be cost-effective and provide massive visibility benefits for Utahs national parks. These plants have avoided pollution reductions for decades. Now is the time for EPA to act.
Similarly, in Wyoming, the state failed to even consider pollution controls at the states largest polluters, including Jim Bridger, Naughton, Dave Johnston, and Wyodak coal plants. Each of these facilities could install cost-effective pollution controls, including SCRs, that would result in significant air-quality improvements across the state.
Please finalize the proposed disapprovals of Utah and Wyomings do-nothing plans and require enforceable pollution reductions, including SCR installation, on our states' biggest polluters Hunter, Huntington, Jim Bridger, Naughton, Dave Johnston, and Wyodak.",https://www.regulations.gov/comment/EPA-R08-OAR-2024-0389-0476,,false,source=Regulations.gov v4 comment detail; retrievedAt=2026-09-12T18:11:40+00:00; commentOnDocumentId=EPA-R08-OAR-2024-0389-0001; duplicateComments=1; organizationMissing=true
EPA-R08-OAR-2024-0389,EPA-R08-OAR-2024-0389-0477,Beverly Carman,not provided by public Regulations.gov fields,2024-10-09T04:00:00Z,"Wyoming and Utah have submitted Regional Haze State Implementation Plans with no proposed pollution reductions, allowing some of the nation's biggest polluters to remain uncontrolled for nitrogen oxide, sulfur dioxide, and other pollutants when common-sense controls exist that could significantly cut those emissions.
EPAs proposed disapprovals of these do-nothing state plans are a critical first step to protect air quality, both in national parks and our communities. I urge EPA to finalize its proposed disapprovals and act quickly to implement plans that will result in real pollution reductions.
In Utah, EPA analysis shows that installing selective catalytic reduction (SCR) on Hunter and Huntington coal plants would be cost-effective and provide massive visibility benefits for Utahs national parks. These plants have avoided pollution reductions for decades. Now is the time for EPA to act.
Similarly, in Wyoming, the state failed to even consider pollution controls at the states largest polluters, including Jim Bridger, Naughton, Dave Johnston, and Wyodak coal plants. Each of these facilities could install cost-effective pollution controls, including SCRs, that would result in significant air-quality improvements across the state.
Please finalize the proposed disapprovals of Utah and Wyomings do-nothing plans and require enforceable pollution reductions, including SCR installation, on our states' biggest polluters Hunter, Huntington, Jim Bridger, Naughton, Dave Johnston, and Wyodak.",https://www.regulations.gov/comment/EPA-R08-OAR-2024-0389-0477,,false,source=Regulations.gov v4 comment detail; retrievedAt=2026-09-12T18:11:40+00:00; commentOnDocumentId=EPA-R08-OAR-2024-0389-0001; duplicateComments=1; organizationMissing=true
EPA-R08-OAR-2024-0389,EPA-R08-OAR-2024-0389-0478,Margaret Masek,not provided by public Regulations.gov fields,2024-10-09T04:00:00Z,"Wyoming and Utah have submitted Regional Haze State Implementation Plans with no proposed pollution reductions, allowing some of the nation's biggest polluters to remain uncontrolled for nitrogen oxide, sulfur dioxide, and other pollutants when common-sense controls exist that could significantly cut those emissions.
EPAs proposed disapprovals of these do-nothing state plans are a critical first step to protect air quality, both in national parks and our communities. I urge EPA to finalize its proposed disapprovals and act quickly to implement plans that will result in real pollution reductions.
In Utah, EPA analysis shows that installing selective catalytic reduction (SCR) on Hunter and Huntington coal plants would be cost-effective and provide massive visibility benefits for Utahs national parks. These plants have avoided pollution reductions for decades. Now is the time for EPA to act.
Similarly, in Wyoming, the state failed to even consider pollution controls at the states largest polluters, including Jim Bridger, Naughton, Dave Johnston, and Wyodak coal plants. Each of these facilities could install cost-effective pollution controls, including SCRs, that would result in significant air-quality improvements across the state.
Please finalize the proposed disapprovals of Utah and Wyomings do-nothing plans and require enforceable pollution reductions, including SCR installation, on our states' biggest polluters Hunter, Huntington, Jim Bridger, Naughton, Dave Johnston, and Wyodak.",https://www.regulations.gov/comment/EPA-R08-OAR-2024-0389-0478,,false,source=Regulations.gov v4 comment detail; retrievedAt=2026-09-12T18:11:40+00:00; commentOnDocumentId=EPA-R08-OAR-2024-0389-0001; duplicateComments=1; organizationMissing=true
EPA-R08-OAR-2024-0389,EPA-R08-OAR-2024-0389-0479,Michael McAinsh,not provided by public Regulations.gov fields,2024-10-09T04:00:00Z,"Wyoming and Utah have submitted Regional Haze State Implementation Plans with no proposed pollution reductions, showing that they are beholden to coal interests rather than the interests of visitors who should be able to view unpolluted vistas in our national parks. Allowing some of the nation's biggest polluters to continue uncontrolled emissions of nitrogen oxide, sulfur dioxide, and other pollutants when common-sense controls exist that could significantly cut those emissions is unconscionable.
EPAs proposed disapprovals of these do-nothing state plans are a critical first step to protect air quality, both in national parks and our communities. I urge EPA to finalize its proposed disapprovals and act quickly to implement plans that will result in real pollution reductions.
In Utah, EPA analysis shows that installing selective catalytic reduction (SCR) on Hunter and Huntington coal plants would be cost-effective and provide massive visibility benefits for Utahs national parks. These plants have avoided pollution reductions for decades. Now is the time for EPA to act.
Similarly, in Wyoming, the state failed to even consider pollution controls at the states largest polluters, including Jim Bridger, Naughton, Dave Johnston, and Wyodak coal plants. Each of these facilities could install cost-effective pollution controls, including SCRs, that would result in significant air-quality improvements across the state.
Please finalize the proposed disapprovals of Utah and Wyomings do-nothing plans and require enforceable pollution reductions, including SCR installation, on our states' biggest polluters Hunter, Huntington, Jim Bridger, Naughton, Dave Johnston, and Wyodak.",https://www.regulations.gov/comment/EPA-R08-OAR-2024-0389-0479,,false,source=Regulations.gov v4 comment detail; retrievedAt=2026-09-12T18:11:40+00:00; commentOnDocumentId=EPA-R08-OAR-2024-0389-0001; duplicateComments=1; organizationMissing=true
EPA-R08-OAR-2024-0389,EPA-R08-OAR-2024-0389-0480,Victoria Silver,not provided by public Regulations.gov fields,2024-10-09T04:00:00Z,"Utah and Wyoming have no right to pollute our parks, or play games with the patrimony of all Americans.
Wyoming and Utah have submitted Regional Haze State Implementation Plans with no proposed pollution reductions, allowing some of the nation's biggest polluters to remain uncontrolled for nitrogen oxide, sulfur dioxide, and other pollutants when common-sense controls exist that could significantly cut those emissions.
EPAs proposed disapprovals of these do-nothing state plans are a critical first step to protect air quality, both in national parks and our communities. I urge EPA to finalize its proposed disapprovals and act quickly to implement plans that will result in real pollution reductions.
In Utah, EPA analysis shows that installing selective catalytic reduction (SCR) on Hunter and Huntington coal plants would be cost-effective and provide massive visibility benefits for Utahs national parks. These plants have avoided pollution reductions for decades. Now is the time for EPA to act.
Similarly, in Wyoming, the state failed to even consider pollution controls at the states largest polluters, including Jim Bridger, Naughton, Dave Johnston, and Wyodak coal plants. Each of these facilities could install cost-effective pollution controls, including SCRs, that would result in significant air-quality improvements across the state.
Please finalize the proposed disapprovals of Utah and Wyomings do-nothing plans and require enforceable pollution reductions, including SCR installation, on our states' biggest polluters Hunter, Huntington, Jim Bridger, Naughton, Dave Johnston, and Wyodak.",https://www.regulations.gov/comment/EPA-R08-OAR-2024-0389-0480,,false,source=Regulations.gov v4 comment detail; retrievedAt=2026-09-12T18:11:40+00:00; commentOnDocumentId=EPA-R08-OAR-2024-0389-0001; duplicateComments=1; organizationMissing=true
EPA-R08-OAR-2024-0389,EPA-R08-OAR-2024-0389-0481,Michael Glass,not provided by public Regulations.gov fields,2024-10-09T04:00:00Z,"Way past time to pull the chemicals that we put into the air back out! It can and should be done, almost regardless of potential cost if humans are to survive long term.
Wyoming and Utah have submitted Regional Haze State Implementation Plans with no proposed pollution reductions, allowing some of the nation's biggest polluters to remain uncontrolled for nitrogen oxide, sulfur dioxide, and other pollutants when common-sense controls exist that could significantly cut those emissions.
EPAs proposed disapprovals of these do-nothing state plans are a critical first step to protect air quality, both in national parks and our communities. I urge EPA to finalize its proposed disapprovals and act quickly to implement plans that will result in real pollution reductions.
In Utah, EPA analysis shows that installing selective catalytic reduction (SCR) on Hunter and Huntington coal plants would be cost-effective and provide massive visibility benefits for Utahs national parks. These plants have avoided pollution reductions for decades. Now is the time for EPA to act.
Similarly, in Wyoming, the state failed to even consider pollution controls at the states largest polluters, including Jim Bridger, Naughton, Dave Johnston, and Wyodak coal plants. Each of these facilities could install cost-effective pollution controls, including SCRs, that would result in significant air-quality improvements across the state.
Please finalize the proposed disapprovals of Utah and Wyomings do-nothing plans and require enforceable pollution reductions, including SCR installation, on our states' biggest polluters Hunter, Huntington, Jim Bridger, Naughton, Dave Johnston, and Wyodak.",https://www.regulations.gov/comment/EPA-R08-OAR-2024-0389-0481,,false,source=Regulations.gov v4 comment detail; retrievedAt=2026-09-12T18:11:40+00:00; commentOnDocumentId=EPA-R08-OAR-2024-0389-0001; duplicateComments=1; organizationMissing=true
EPA-R08-OAR-2024-0389,EPA-R08-OAR-2024-0389-0482,Nelou Nazifi,not provided by public Regulations.gov fields,2024-10-09T04:00:00Z,"Wyoming and Utah have submitted Regional Haze State Implementation Plans with no proposed pollution reductions, allowing some of the nation's biggest polluters to remain uncontrolled for nitrogen oxide, sulfur dioxide, and other pollutants when common-sense controls exist that could significantly cut those emissions.
EPAs proposed disapprovals of these do-nothing state plans are a critical first step to protect air quality, both in national parks and our communities. I urge EPA to finalize its proposed disapprovals and act quickly to implement plans that will result in real pollution reductions.
In Utah, EPA analysis shows that installing selective catalytic reduction (SCR) on Hunter and Huntington coal plants would be cost-effective and provide massive visibility benefits for Utahs national parks. These plants have avoided pollution reductions for decades. Now is the time for EPA to act.
Similarly, in Wyoming, the state failed to even consider pollution controls at the states largest polluters, including Jim Bridger, Naughton, Dave Johnston, and Wyodak coal plants. Each of these facilities could install cost-effective pollution controls, including SCRs, that would result in significant air-quality improvements across the state.
Please finalize the proposed disapprovals of Utah and Wyomings do-nothing plans and require enforceable pollution reductions, including SCR installation, on our states' biggest polluters Hunter, Huntington, Jim Bridger, Naughton, Dave Johnston, and Wyodak.",https://www.regulations.gov/comment/EPA-R08-OAR-2024-0389-0482,,false,source=Regulations.gov v4 comment detail; retrievedAt=2026-09-12T18:11:40+00:00; commentOnDocumentId=EPA-R08-OAR-2024-0389-0001; duplicateComments=1; organizationMissing=true
EPA-R08-OAR-2024-0389,EPA-R08-OAR-2024-0389-0483,Myrna Eden,not provided by public Regulations.gov fields,2024-10-09T04:00:00Z,"Wyoming and Utah have submitted Regional Haze State Implementation Plans with no proposed pollution reductions, allowing some of the nation's biggest polluters to remain uncontrolled for nitrogen oxide, sulfur dioxide, and other pollutants when common-sense controls exist that could significantly cut those emissions.
EPAs proposed disapprovals of these do-nothing state plans are a critical first step to protect air quality, both in national parks and our communities. I urge EPA to finalize its proposed disapprovals and act quickly to implement plans that will result in real pollution reductions.
In Utah, EPA analysis shows that installing selective catalytic reduction (SCR) on Hunter and Huntington coal plants would be cost-effective and provide massive visibility benefits for Utahs national parks. These plants have avoided pollution reductions for decades. Now is the time for EPA to act.
Similarly, in Wyoming, the state failed to even consider pollution controls at the states largest polluters, including Jim Bridger, Naughton, Dave Johnston, and Wyodak coal plants. Each of these facilities could install cost-effective pollution controls, including SCRs, that would result in significant air-quality improvements across the state.
Please finalize the proposed disapprovals of Utah and Wyomings do-nothing plans and require enforceable pollution reductions, including SCR installation, on our states' biggest polluters Hunter, Huntington, Jim Bridger, Naughton, Dave Johnston, and Wyodak.",https://www.regulations.gov/comment/EPA-R08-OAR-2024-0389-0483,,false,source=Regulations.gov v4 comment detail; retrievedAt=2026-09-12T18:11:40+00:00; commentOnDocumentId=EPA-R08-OAR-2024-0389-0001; duplicateComments=1; organizationMissing=true
EPA-R08-OAR-2024-0389,EPA-R08-OAR-2024-0389-0484,Karina Black,not provided by public Regulations.gov fields,2024-10-09T04:00:00Z,"Wyoming and Utah have submitted Regional Haze State Implementation Plans with no proposed pollution reductions, allowing some of the nation's biggest polluters to remain uncontrolled for nitrogen oxide, sulfur dioxide, and other pollutants when common-sense controls exist that could significantly cut those emissions.
EPAs proposed disapprovals of these do-nothing state plans are a critical first step to protect air quality, both in national parks and our communities. I urge EPA to finalize its proposed disapprovals and act quickly to implement plans that will result in real pollution reductions.
In Utah, EPA analysis shows that installing selective catalytic reduction (SCR) on Hunter and Huntington coal plants would be cost-effective and provide massive visibility benefits for Utahs national parks. These plants have avoided pollution reductions for decades. Now is the time for EPA to act.
Similarly, in Wyoming, the state failed to even consider pollution controls at the states largest polluters, including Jim Bridger, Naughton, Dave Johnston, and Wyodak coal plants. Each of these facilities could install cost-effective pollution controls, including SCRs, that would result in significant air-quality improvements across the state.
Please finalize the proposed disapprovals of Utah and Wyomings do-nothing plans and require enforceable pollution reductions, including SCR installation, on our states' biggest polluters Hunter, Huntington, Jim Bridger, Naughton, Dave Johnston, and Wyodak.",https://www.regulations.gov/comment/EPA-R08-OAR-2024-0389-0484,,false,source=Regulations.gov v4 comment detail; retrievedAt=2026-09-12T18:11:40+00:00; commentOnDocumentId=EPA-R08-OAR-2024-0389-0001; duplicateComments=1; organizationMissing=true
EPA-R08-OAR-2024-0389,EPA-R08-OAR-2024-0389-0485,Ravid Raphael,not provided by public Regulations.gov fields,2024-10-09T04:00:00Z,"Visitors to our national parks deserve clear and clean skies. The pollution from coal plants' disease causing emissions must be reduced.
Wyoming and Utah have submitted Regional Haze State Implementation Plans with no proposed pollution reductions, allowing some of the nation's biggest polluters to remain uncontrolled for nitrogen oxide, sulfur dioxide, and other pollutants when common-sense controls exist that could significantly cut those emissions.
EPAs proposed disapprovals of these do-nothing state plans are a critical first step to protect air quality, both in national parks and our communities. I urge EPA to finalize its proposed disapprovals and act quickly to implement plans that will result in real pollution reductions.
In Utah, EPA analysis shows that installing selective catalytic reduction (SCR) on Hunter and Huntington coal plants would be cost-effective and provide massive visibility benefits for Utahs national parks. These plants have avoided pollution reductions for decades. Now is the time for EPA to act.
Similarly, in Wyoming, the state failed to even consider pollution controls at the states largest polluters, including Jim Bridger, Naughton, Dave Johnston, and Wyodak coal plants. Each of these facilities could install cost-effective pollution controls, including SCRs, that would result in significant air-quality improvements across the state.
Please finalize the proposed disapprovals of Utah and Wyomings do-nothing plans and require enforceable pollution reductions, including SCR installation, on our states' biggest polluters Hunter, Huntington, Jim Bridger, Naughton, Dave Johnston, and Wyodak.",https://www.regulations.gov/comment/EPA-R08-OAR-2024-0389-0485,,false,source=Regulations.gov v4 comment detail; retrievedAt=2026-09-12T18:11:40+00:00; commentOnDocumentId=EPA-R08-OAR-2024-0389-0001; duplicateComments=1; organizationMissing=true
EPA-R08-OAR-2024-0389,EPA-R08-OAR-2024-0389-0486,Marilynne Wilander,not provided by public Regulations.gov fields,2024-10-09T04:00:00Z,"If not now, when
Wyoming and Utah have submitted Regional Haze State Implementation Plans with no proposed pollution reductions, allowing some of the nation's biggest polluters to remain uncontrolled for nitrogen oxide, sulfur dioxide, and other pollutants when common-sense controls exist that could significantly cut those emissions.
EPAs proposed disapprovals of these do-nothing state plans are a critical first step to protect air quality, both in national parks and our communities. I urge EPA to finalize its proposed disapprovals and act quickly to implement plans that will result in real pollution reductions.
In Utah, EPA analysis shows that installing selective catalytic reduction (SCR) on Hunter and Huntington coal plants would be cost-effective and provide massive visibility benefits for Utahs national parks. These plants have avoided pollution reductions for decades. Now is the time for EPA to act.
Similarly, in Wyoming, the state failed to even consider pollution controls at the states largest polluters, including Jim Bridger, Naughton, Dave Johnston, and Wyodak coal plants. Each of these facilities could install cost-effective pollution controls, including SCRs, that would result in significant air-quality improvements across the state.
Please finalize the proposed disapprovals of Utah and Wyomings do-nothing plans and require enforceable pollution reductions, including SCR installation, on our states' biggest polluters Hunter, Huntington, Jim Bridger, Naughton, Dave Johnston, and Wyodak.",https://www.regulations.gov/comment/EPA-R08-OAR-2024-0389-0486,,false,source=Regulations.gov v4 comment detail; retrievedAt=2026-09-12T18:11:40+00:00; commentOnDocumentId=EPA-R08-OAR-2024-0389-0001; duplicateComments=1; organizationMissing=true
EPA-R08-OAR-2024-0389,EPA-R08-OAR-2024-0389-0487,John Mckee,not provided by public Regulations.gov fields,2024-10-09T04:00:00Z,"Wyoming and Utah have submitted Regional Haze State Implementation Plans with no proposed pollution reductions, allowing some of the nation's biggest polluters to remain uncontrolled for nitrogen oxide, sulfur dioxide, and other pollutants when common-sense controls exist that could significantly cut those emissions.
EPAs proposed disapprovals of these do-nothing state plans are a critical first step to protect air quality, both in national parks and our communities. I urge EPA to finalize its proposed disapprovals and act quickly to implement plans that will result in real pollution reductions.
In Utah, EPA analysis shows that installing selective catalytic reduction (SCR) on Hunter and Huntington coal plants would be cost-effective and provide massive visibility benefits for Utahs national parks. These plants have avoided pollution reductions for decades. Now is the time for EPA to act.
Similarly, in Wyoming, the state failed to even consider pollution controls at the states largest polluters, including Jim Bridger, Naughton, Dave Johnston, and Wyodak coal plants. Each of these facilities could install cost-effective pollution controls, including SCRs, that would result in significant air-quality improvements across the state.
Please finalize the proposed disapprovals of Utah and Wyomings do-nothing plans and require enforceable pollution reductions, including SCR installation, on our states' biggest polluters Hunter, Huntington, Jim Bridger, Naughton, Dave Johnston, and Wyodak.",https://www.regulations.gov/comment/EPA-R08-OAR-2024-0389-0487,,false,source=Regulations.gov v4 comment detail; retrievedAt=2026-09-12T18:11:40+00:00; commentOnDocumentId=EPA-R08-OAR-2024-0389-0001; duplicateComments=1; organizationMissing=true
EPA-R08-OAR-2024-0389,EPA-R08-OAR-2024-0389-0488,Jose Sanchez,not provided by public Regulations.gov fields,2024-10-09T04:00:00Z,"Wyoming and Utah have submitted Regional Haze State Implementation Plans with no proposed pollution reductions, allowing some of the nation's biggest polluters to remain uncontrolled for nitrogen oxide, sulfur dioxide, and other pollutants when common-sense controls exist that could significantly cut those emissions.
EPAs proposed disapprovals of these do-nothing state plans are a critical first step to protect air quality, both in national parks and our communities. I urge EPA to finalize its proposed disapprovals and act quickly to implement plans that will result in real pollution reductions.
In Utah, EPA analysis shows that installing selective catalytic reduction (SCR) on Hunter and Huntington coal plants would be cost-effective and provide massive visibility benefits for Utahs national parks. These plants have avoided pollution reductions for decades. Now is the time for EPA to act.
Similarly, in Wyoming, the state failed to even consider pollution controls at the states largest polluters, including Jim Bridger, Naughton, Dave Johnston, and Wyodak coal plants. Each of these facilities could install cost-effective pollution controls, including SCRs, that would result in significant air-quality improvements across the state.
Please finalize the proposed disapprovals of Utah and Wyomings do-nothing plans and require enforceable pollution reductions, including SCR installation, on our states' biggest polluters Hunter, Huntington, Jim Bridger, Naughton, Dave Johnston, and Wyodak.",https://www.regulations.gov/comment/EPA-R08-OAR-2024-0389-0488,,false,source=Regulations.gov v4 comment detail; retrievedAt=2026-09-12T18:11:40+00:00; commentOnDocumentId=EPA-R08-OAR-2024-0389-0001; duplicateComments=1; organizationMissing=true
EPA-R08-OAR-2024-0389,EPA-R08-OAR-2024-0389-0489,Joanne Fornes,not provided by public Regulations.gov fields,2024-10-09T04:00:00Z,"Yellowstone and the Grand Tetons were amazing when we visited in 2008!
Wyoming and Utah have submitted Regional Haze State Implementation Plans with no proposed pollution reductions, allowing some of the nation's biggest polluters to remain uncontrolled for nitrogen oxide, sulfur dioxide, and other pollutants when common-sense controls exist that could significantly cut those emissions.
EPAs proposed disapprovals of these do-nothing state plans are a critical first step to protect air quality, both in national parks and our communities. I urge EPA to finalize its proposed disapprovals and act quickly to implement plans that will result in real pollution reductions.
In Utah, EPA analysis shows that installing selective catalytic reduction (SCR) on Hunter and Huntington coal plants would be cost-effective and provide massive visibility benefits for Utahs national parks. These plants have avoided pollution reductions for decades. Now is the time for EPA to act.
Similarly, in Wyoming, the state failed to even consider pollution controls at the states largest polluters, including Jim Bridger, Naughton, Dave Johnston, and Wyodak coal plants. Each of these facilities could install cost-effective pollution controls, including SCRs, that would result in significant air-quality improvements across the state.
Please finalize the proposed disapprovals of Utah and Wyomings do-nothing plans and require enforceable pollution reductions, including SCR installation, on our states' biggest polluters Hunter, Huntington, Jim Bridger, Naughton, Dave Johnston, and Wyodak.",https://www.regulations.gov/comment/EPA-R08-OAR-2024-0389-0489,,false,source=Regulations.gov v4 comment detail; retrievedAt=2026-09-12T18:11:40+00:00; commentOnDocumentId=EPA-R08-OAR-2024-0389-0001; duplicateComments=1; organizationMissing=true
EPA-R08-OAR-2024-0389,EPA-R08-OAR-2024-0389-0490,Sheila Dooley,not provided by public Regulations.gov fields,2024-10-09T04:00:00Z,"As a cancer survivor, I am very concerned about coal pollution.
Wyoming and Utah have submitted Regional Haze State Implementation Plans with no proposed pollution reductions, allowing some of the nation's biggest polluters to remain uncontrolled for nitrogen oxide, sulfur dioxide, and other pollutants when common-sense controls exist that could significantly cut those emissions.
EPAs proposed disapprovals of these do-nothing state plans are a critical first step to protect air quality, both in national parks and our communities. I urge EPA to finalize its proposed disapprovals and act quickly to implement plans that will result in real pollution reductions.
In Utah, EPA analysis shows that installing selective catalytic reduction (SCR) on Hunter and Huntington coal plants would be cost-effective and provide massive visibility benefits for Utahs national parks. These plants have avoided pollution reductions for decades. Now is the time for EPA to act.
Similarly, in Wyoming, the state failed to even consider pollution controls at the states largest polluters, including Jim Bridger, Naughton, Dave Johnston, and Wyodak coal plants. Each of these facilities could install cost-effective pollution controls, including SCRs, that would result in significant air-quality improvements across the state.
Please finalize the proposed disapprovals of Utah and Wyomings do-nothing plans and require enforceable pollution reductions, including SCR installation, on our states' biggest polluters Hunter, Huntington, Jim Bridger, Naughton, Dave Johnston, and Wyodak.",https://www.regulations.gov/comment/EPA-R08-OAR-2024-0389-0490,,false,source=Regulations.gov v4 comment detail; retrievedAt=2026-09-12T18:11:40+00:00; commentOnDocumentId=EPA-R08-OAR-2024-0389-0001; duplicateComments=1; organizationMissing=true
EPA-R08-OAR-2024-0389,EPA-R08-OAR-2024-0389-0491,Elizabeth Menetrey,not provided by public Regulations.gov fields,2024-10-09T04:00:00Z,"Visiting National Parks is one of greatest things in life. Their value is immeasurable!
Wyoming and Utah have submitted Regional Haze State Implementation Plans with no proposed pollution reductions, allowing some of the nation's biggest polluters to remain uncontrolled for nitrogen oxide, sulfur dioxide, and other pollutants when common-sense controls exist that could significantly cut those emissions.
EPAs proposed disapprovals of these do-nothing state plans are a critical first step to protect air quality, both in national parks and our communities. I urge EPA to finalize its proposed disapprovals and act quickly to implement plans that will result in real pollution reductions.
In Utah, EPA analysis shows that installing selective catalytic reduction (SCR) on Hunter and Huntington coal plants would be cost-effective and provide massive visibility benefits for Utahs national parks. These plants have avoided pollution reductions for decades. Now is the time for EPA to act.
Similarly, in Wyoming, the state failed to even consider pollution controls at the states largest polluters, including Jim Bridger, Naughton, Dave Johnston, and Wyodak coal plants. Each of these facilities could install cost-effective pollution controls, including SCRs, that would result in significant air-quality improvements across the state.
Please finalize the proposed disapprovals of Utah and Wyomings do-nothing plans and require enforceable pollution reductions, including SCR installation, on our states' biggest polluters Hunter, Huntington, Jim Bridger, Naughton, Dave Johnston, and Wyodak.",https://www.regulations.gov/comment/EPA-R08-OAR-2024-0389-0491,,false,source=Regulations.gov v4 comment detail; retrievedAt=2026-09-12T18:11:40+00:00; commentOnDocumentId=EPA-R08-OAR-2024-0389-0001; duplicateComments=1; organizationMissing=true
EPA-R08-OAR-2024-0389,EPA-R08-OAR-2024-0389-0492,Rhett Lawrence,not provided by public Regulations.gov fields,2024-10-09T04:00:00Z,"Wyoming and Utah have submitted Regional Haze State Implementation Plans with no proposed pollution reductions, allowing some of the nation's biggest polluters to remain uncontrolled for nitrogen oxide, sulfur dioxide, and other pollutants when common-sense controls exist that could significantly cut those emissions.
EPAs proposed disapprovals of these do-nothing state plans are a critical first step to protect air quality, both in national parks and our communities. I urge EPA to finalize its proposed disapprovals and act quickly to implement plans that will result in real pollution reductions.
In Utah, EPA analysis shows that installing selective catalytic reduction (SCR) on Hunter and Huntington coal plants would be cost-effective and provide massive visibility benefits for Utahs national parks. These plants have avoided pollution reductions for decades. Now is the time for EPA to act.
Similarly, in Wyoming, the state failed to even consider pollution controls at the states largest polluters, including Jim Bridger, Naughton, Dave Johnston, and Wyodak coal plants. Each of these facilities could install cost-effective pollution controls, including SCRs, that would result in significant air-quality improvements across the state.
Please finalize the proposed disapprovals of Utah and Wyomings do-nothing plans and require enforceable pollution reductions, including SCR installation, on our states' biggest polluters Hunter, Huntington, Jim Bridger, Naughton, Dave Johnston, and Wyodak.",https://www.regulations.gov/comment/EPA-R08-OAR-2024-0389-0492,,false,source=Regulations.gov v4 comment detail; retrievedAt=2026-09-12T18:11:40+00:00; commentOnDocumentId=EPA-R08-OAR-2024-0389-0001; duplicateComments=1; organizationMissing=true
EPA-R08-OAR-2024-0389,EPA-R08-OAR-2024-0389-0493,Steven Yeager,not provided by public Regulations.gov fields,2024-10-09T04:00:00Z,"Wyoming and Utah have submitted Regional Haze State Implementation Plans with no proposed pollution reductions, allowing some of the nation's biggest polluters to remain uncontrolled for nitrogen oxide, sulfur dioxide, and other pollutants when common-sense controls exist that could significantly cut those emissions.
EPAs proposed disapprovals of these do-nothing state plans are a critical first step to protect air quality, both in national parks and our communities. I urge EPA to finalize its proposed disapprovals and act quickly to implement plans that will result in real pollution reductions.
In Utah, EPA analysis shows that installing selective catalytic reduction (SCR) on Hunter and Huntington coal plants would be cost-effective and provide massive visibility benefits for Utahs national parks. These plants have avoided pollution reductions for decades. Now is the time for EPA to act.
Similarly, in Wyoming, the state failed to even consider pollution controls at the states largest polluters, including Jim Bridger, Naughton, Dave Johnston, and Wyodak coal plants. Each of these facilities could install cost-effective pollution controls, including SCRs, that would result in significant air-quality improvements across the state.
Please finalize the proposed disapprovals of Utah and Wyomings do-nothing plans and require enforceable pollution reductions, including SCR installation, on our states' biggest polluters Hunter, Huntington, Jim Bridger, Naughton, Dave Johnston, and Wyodak.",https://www.regulations.gov/comment/EPA-R08-OAR-2024-0389-0493,,false,source=Regulations.gov v4 comment detail; retrievedAt=2026-09-12T18:11:40+00:00; commentOnDocumentId=EPA-R08-OAR-2024-0389-0001; duplicateComments=1; organizationMissing=true
EPA-R08-OAR-2024-0389,EPA-R08-OAR-2024-0389-0494,Darrell Neft,not provided by public Regulations.gov fields,2024-10-09T04:00:00Z,"Wyoming and Utah have submitted Regional Haze State Implementation Plans with no proposed pollution reductions, allowing some of the nation's biggest polluters to remain uncontrolled for nitrogen oxide, sulfur dioxide, and other pollutants when common-sense controls exist that could significantly cut those emissions.
EPAs proposed disapprovals of these do-nothing state plans are a critical first step to protect air quality, both in national parks and our communities. I urge EPA to finalize its proposed disapprovals and act quickly to implement plans that will result in real pollution reductions.
In Utah, EPA analysis shows that installing selective catalytic reduction (SCR) on Hunter and Huntington coal plants would be cost-effective and provide massive visibility benefits for Utahs national parks. These plants have avoided pollution reductions for decades. Now is the time for EPA to act.
Similarly, in Wyoming, the state failed to even consider pollution controls at the states largest polluters, including Jim Bridger, Naughton, Dave Johnston, and Wyodak coal plants. Each of these facilities could install cost-effective pollution controls, including SCRs, that would result in significant air-quality improvements across the state.
Please finalize the proposed disapprovals of Utah and Wyomings do-nothing plans and require enforceable pollution reductions, including SCR installation, on our states' biggest polluters Hunter, Huntington, Jim Bridger, Naughton, Dave Johnston, and Wyodak.",https://www.regulations.gov/comment/EPA-R08-OAR-2024-0389-0494,,false,source=Regulations.gov v4 comment detail; retrievedAt=2026-09-12T18:11:40+00:00; commentOnDocumentId=EPA-R08-OAR-2024-0389-0001; duplicateComments=1; organizationMissing=true
EPA-R08-OAR-2024-0389,EPA-R08-OAR-2024-0389-0495,Donna Shaw,not provided by public Regulations.gov fields,2024-10-09T04:00:00Z,"Wyoming and Utah have submitted Regional Haze State Implementation Plans with no proposed pollution reductions, allowing some of the nation's biggest polluters to remain uncontrolled for nitrogen oxide, sulfur dioxide, and other pollutants when common-sense controls exist that could significantly cut those emissions.
EPAs proposed disapprovals of these do-nothing state plans are a critical first step to protect air quality, both in national parks and our communities. I urge EPA to finalize its proposed disapprovals and act quickly to implement plans that will result in real pollution reductions.
In Utah, EPA analysis shows that installing selective catalytic reduction (SCR) on Hunter and Huntington coal plants would be cost-effective and provide massive visibility benefits for Utahs national parks. These plants have avoided pollution reductions for decades. Now is the time for EPA to act.
Similarly, in Wyoming, the state failed to even consider pollution controls at the states largest polluters, including Jim Bridger, Naughton, Dave Johnston, and Wyodak coal plants. Each of these facilities could install cost-effective pollution controls, including SCRs, that would result in significant air-quality improvements across the state.
Please finalize the proposed disapprovals of Utah and Wyomings do-nothing plans and require enforceable pollution reductions, including SCR installation, on our states' biggest polluters Hunter, Huntington, Jim Bridger, Naughton, Dave Johnston, and Wyodak.",https://www.regulations.gov/comment/EPA-R08-OAR-2024-0389-0495,,false,source=Regulations.gov v4 comment detail; retrievedAt=2026-09-12T18:11:40+00:00; commentOnDocumentId=EPA-R08-OAR-2024-0389-0001; duplicateComments=1; organizationMissing=true
EPA-R08-OAR-2024-0389,EPA-R08-OAR-2024-0389-0496,J Barry Gurdin,not provided by public Regulations.gov fields,2024-10-09T04:00:00Z,"Wyoming and Utah have submitted Regional Haze State Implementation Plans with no proposed pollution reductions, allowing some of the nation's biggest polluters to remain uncontrolled for nitrogen oxide, sulfur dioxide, and other pollutants when common-sense controls exist that could significantly cut those emissions.
EPAs proposed disapprovals of these do-nothing state plans are a critical first step to protect air quality, both in national parks and our communities. I urge EPA to finalize its proposed disapprovals and act quickly to implement plans that will result in real pollution reductions.
In Utah, EPA analysis shows that installing selective catalytic reduction (SCR) on Hunter and Huntington coal plants would be cost-effective and provide massive visibility benefits for Utahs national parks. These plants have avoided pollution reductions for decades. Now is the time for EPA to act.
Similarly, in Wyoming, the state failed to even consider pollution controls at the states largest polluters, including Jim Bridger, Naughton, Dave Johnston, and Wyodak coal plants. Each of these facilities could install cost-effective pollution controls, including SCRs, that would result in significant air-quality improvements across the state.
Please finalize the proposed disapprovals of Utah and Wyomings do-nothing plans and require enforceable pollution reductions, including SCR installation, on our states' biggest polluters Hunter, Huntington, Jim Bridger, Naughton, Dave Johnston, and Wyodak.",https://www.regulations.gov/comment/EPA-R08-OAR-2024-0389-0496,,false,source=Regulations.gov v4 comment detail; retrievedAt=2026-09-12T18:11:40+00:00; commentOnDocumentId=EPA-R08-OAR-2024-0389-0001; duplicateComments=1; organizationMissing=true
EPA-R08-OAR-2024-0389,EPA-R08-OAR-2024-0389-0497,Nancy Boyd,not provided by public Regulations.gov fields,2024-10-09T04:00:00Z,"Wyoming and Utah have submitted Regional Haze State Implementation Plans with no proposed pollution reductions, allowing some of the nation's biggest polluters to remain uncontrolled for nitrogen oxide, sulfur dioxide, and other pollutants when common-sense controls exist that could significantly cut those emissions.
EPAs proposed disapprovals of these do-nothing state plans are a critical first step to protect air quality, both in national parks and our communities. I urge EPA to finalize its proposed disapprovals and act quickly to implement plans that will result in real pollution reductions.
In Utah, EPA analysis shows that installing selective catalytic reduction (SCR) on Hunter and Huntington coal plants would be cost-effective and provide massive visibility benefits for Utahs national parks. These plants have avoided pollution reductions for decades. Now is the time for EPA to act.
Similarly, in Wyoming, the state failed to even consider pollution controls at the states largest polluters, including Jim Bridger, Naughton, Dave Johnston, and Wyodak coal plants. Each of these facilities could install cost-effective pollution controls, including SCRs, that would result in significant air-quality improvements across the state.
Please finalize the proposed disapprovals of Utah and Wyomings do-nothing plans and require enforceable pollution reductions, including SCR installation, on our states' biggest polluters Hunter, Huntington, Jim Bridger, Naughton, Dave Johnston, and Wyodak.",https://www.regulations.gov/comment/EPA-R08-OAR-2024-0389-0497,,false,source=Regulations.gov v4 comment detail; retrievedAt=2026-09-12T18:11:40+00:00; commentOnDocumentId=EPA-R08-OAR-2024-0389-0001; duplicateComments=1; organizationMissing=true
EPA-R08-OAR-2024-0389,EPA-R08-OAR-2024-0389-0498,Dorothy Geraghty,not provided by public Regulations.gov fields,2024-10-09T04:00:00Z,"Wyoming and Utah have submitted Regional Haze State Implementation Plans with no proposed pollution reductions, allowing some of the nation's biggest polluters to remain uncontrolled for nitrogen oxide, sulfur dioxide, and other pollutants when common-sense controls exist that could significantly cut those emissions.
EPAs proposed disapprovals of these do-nothing state plans are a critical first step to protect air quality, both in national parks and our communities. I urge EPA to finalize its proposed disapprovals and act quickly to implement plans that will result in real pollution reductions.
In Utah, EPA analysis shows that installing selective catalytic reduction (SCR) on Hunter and Huntington coal plants would be cost-effective and provide massive visibility benefits for Utahs national parks. These plants have avoided pollution reductions for decades. Now is the time for EPA to act.
Similarly, in Wyoming, the state failed to even consider pollution controls at the states largest polluters, including Jim Bridger, Naughton, Dave Johnston, and Wyodak coal plants. Each of these facilities could install cost-effective pollution controls, including SCRs, that would result in significant air-quality improvements across the state.
Please finalize the proposed disapprovals of Utah and Wyomings do-nothing plans and require enforceable pollution reductions, including SCR installation, on our states' biggest polluters Hunter, Huntington, Jim Bridger, Naughton, Dave Johnston, and Wyodak.",https://www.regulations.gov/comment/EPA-R08-OAR-2024-0389-0498,,false,source=Regulations.gov v4 comment detail; retrievedAt=2026-09-12T18:11:40+00:00; commentOnDocumentId=EPA-R08-OAR-2024-0389-0001; duplicateComments=1; organizationMissing=true
EPA-R08-OAR-2024-0389,EPA-R08-OAR-2024-0389-0499,Eva Perich,not provided by public Regulations.gov fields,2024-10-09T04:00:00Z,"I'm 96 yrs. old and worry about the world my 3 month old great grand-daughter will grow up in.
Wyoming and Utah have submitted Regional Haze State Implementation Plans with no proposed pollution reductions, allowing some of the nation's biggest polluters to remain uncontrolled for nitrogen oxide, sulfur dioxide, and other pollutants when common-sense controls exist that could significantly cut those emissions.
EPAs proposed disapprovals of these do-nothing state plans are a critical first step to protect air quality, both in national parks and our communities. I urge EPA to finalize its proposed disapprovals and act quickly to implement plans that will result in real pollution reductions.
In Utah, EPA analysis shows that installing selective catalytic reduction (SCR) on Hunter and Huntington coal plants would be cost-effective and provide massive visibility benefits for Utahs national parks. These plants have avoided pollution reductions for decades. Now is the time for EPA to act.
Similarly, in Wyoming, the state failed to even consider pollution controls at the states largest polluters, including Jim Bridger, Naughton, Dave Johnston, and Wyodak coal plants. Each of these facilities could install cost-effective pollution controls, including SCRs, that would result in significant air-quality improvements across the state.
Please finalize the proposed disapprovals of Utah and Wyomings do-nothing plans and require enforceable pollution reductions, including SCR installation, on our states' biggest polluters Hunter, Huntington, Jim Bridger, Naughton, Dave Johnston, and Wyodak.",https://www.regulations.gov/comment/EPA-R08-OAR-2024-0389-0499,,false,source=Regulations.gov v4 comment detail; retrievedAt=2026-09-12T18:11:40+00:00; commentOnDocumentId=EPA-R08-OAR-2024-0389-0001; duplicateComments=1; organizationMissing=true
EPA-R08-OAR-2024-0389,EPA-R08-OAR-2024-0389-0500,Alan Johnson,not provided by public Regulations.gov fields,2024-10-09T04:00:00Z,"For all of us and our children.
Wyoming and Utah have submitted Regional Haze State Implementation Plans with no proposed pollution reductions, allowing some of the nation's biggest polluters to remain uncontrolled for nitrogen oxide, sulfur dioxide, and other pollutants when common-sense controls exist that could significantly cut those emissions.
EPAs proposed disapprovals of these do-nothing state plans are a critical first step to protect air quality, both in national parks and our communities. I urge EPA to finalize its proposed disapprovals and act quickly to implement plans that will result in real pollution reductions.
In Utah, EPA analysis shows that installing selective catalytic reduction (SCR) on Hunter and Huntington coal plants would be cost-effective and provide massive visibility benefits for Utahs national parks. These plants have avoided pollution reductions for decades. Now is the time for EPA to act.
Similarly, in Wyoming, the state failed to even consider pollution controls at the states largest polluters, including Jim Bridger, Naughton, Dave Johnston, and Wyodak coal plants. Each of these facilities could install cost-effective pollution controls, including SCRs, that would result in significant air-quality improvements across the state.
Please finalize the proposed disapprovals of Utah and Wyomings do-nothing plans and require enforceable pollution reductions, including SCR installation, on our states' biggest polluters Hunter, Huntington, Jim Bridger, Naughton, Dave Johnston, and Wyodak.",https://www.regulations.gov/comment/EPA-R08-OAR-2024-0389-0500,,false,source=Regulations.gov v4 comment detail; retrievedAt=2026-09-12T18:11:40+00:00; commentOnDocumentId=EPA-R08-OAR-2024-0389-0001; duplicateComments=1; organizationMissing=true
EPA-R08-OAR-2024-0389,EPA-R08-OAR-2024-0389-0501,Stephen Condit,not provided by public Regulations.gov fields,2024-10-09T04:00:00Z,"Preserve the National Parks Clean Air
Wyoming and Utah have submitted Regional Haze State Implementation Plans with no proposed pollution reductions, allowing some of the nation's biggest polluters to remain uncontrolled for nitrogen oxide, sulfur dioxide, and other pollutants when common-sense controls exist that could significantly cut those emissions.
This is unacceptable as it pollutes our national treasures and endangers the health of the wildlife that live there and everyone who visits these parks.
EPAs proposed disapprovals of these do-nothing state plans are a critical first step to protect air quality, both in national parks and our communities. I urge EPA to finalize its proposed disapprovals and act quickly to implement plans that will result in real pollution reductions.
In Utah, EPA analysis shows that installing selective catalytic reduction (SCR) on Hunter and Huntington coal plants would be cost-effective and provide massive visibility benefits for Utahs national parks. These plants have avoided pollution reductions for decades. Now is the time for EPA to act.
Similarly, in Wyoming, the state failed to even consider pollution controls at the states largest polluters, including Jim Bridger, Naughton, Dave Johnston, and Wyodak coal plants. Each of these facilities could install cost-effective pollution controls, including SCRs, that would result in significant air-quality improvements across the state.
Please finalize the proposed disapprovals of Utah and Wyomings do-nothing plans and require enforceable pollution reductions, including SCR installation, on our states' biggest polluters Hunter, Huntington, Jim Bridger, Naughton, Dave Johnston, and Wyodak.",https://www.regulations.gov/comment/EPA-R08-OAR-2024-0389-0501,,false,source=Regulations.gov v4 comment detail; retrievedAt=2026-09-12T18:11:40+00:00; commentOnDocumentId=EPA-R08-OAR-2024-0389-0001; duplicateComments=1; organizationMissing=true
EPA-R08-OAR-2024-0389,EPA-R08-OAR-2024-0389-0502,Sue Hall,not provided by public Regulations.gov fields,2024-10-09T04:00:00Z,"Wyoming and Utah have submitted Regional Haze State Implementation Plans with no proposed pollution reductions, allowing some of the nation's biggest polluters to remain uncontrolled for nitrogen oxide, sulfur dioxide, and other pollutants when common-sense controls exist that could significantly cut those emissions.
EPAs proposed disapprovals of these do-nothing state plans are a critical first step to protect air quality, both in national parks and our communities. I urge EPA to finalize its proposed disapprovals and act quickly to implement plans that will result in real pollution reductions.
In Utah, EPA analysis shows that installing selective catalytic reduction (SCR) on Hunter and Huntington coal plants would be cost-effective and provide massive visibility benefits for Utahs national parks. These plants have avoided pollution reductions for decades. Now is the time for EPA to act.
Similarly, in Wyoming, the state failed to even consider pollution controls at the states largest polluters, including Jim Bridger, Naughton, Dave Johnston, and Wyodak coal plants. Each of these facilities could install cost-effective pollution controls, including SCRs, that would result in significant air-quality improvements across the state.
Please finalize the proposed disapprovals of Utah and Wyomings do-nothing plans and require enforceable pollution reductions, including SCR installation, on our states' biggest polluters Hunter, Huntington, Jim Bridger, Naughton, Dave Johnston, and Wyodak.",https://www.regulations.gov/comment/EPA-R08-OAR-2024-0389-0502,,false,source=Regulations.gov v4 comment detail; retrievedAt=2026-09-12T18:11:40+00:00; commentOnDocumentId=EPA-R08-OAR-2024-0389-0001; duplicateComments=1; organizationMissing=true
EPA-R08-OAR-2024-0389,EPA-R08-OAR-2024-0389-0503,Maryfrances Careccia,not provided by public Regulations.gov fields,2024-10-09T04:00:00Z,"STOP THE GREED
Wyoming and Utah have submitted Regional Haze State Implementation Plans with no proposed pollution reductions, allowing some of the nation's biggest polluters to remain uncontrolled for nitrogen oxide, sulfur dioxide, and other pollutants when common-sense controls exist that could significantly cut those emissions.
EPAs proposed disapprovals of these do-nothing state plans are a critical first step to protect air quality, both in national parks and our communities. I urge EPA to finalize its proposed disapprovals and act quickly to implement plans that will result in real pollution reductions.
In Utah, EPA analysis shows that installing selective catalytic reduction (SCR) on Hunter and Huntington coal plants would be cost-effective and provide massive visibility benefits for Utahs national parks. These plants have avoided pollution reductions for decades. Now is the time for EPA to act.
Similarly, in Wyoming, the state failed to even consider pollution controls at the states largest polluters, including Jim Bridger, Naughton, Dave Johnston, and Wyodak coal plants. Each of these facilities could install cost-effective pollution controls, including SCRs, that would result in significant air-quality improvements across the state.
Please finalize the proposed disapprovals of Utah and Wyomings do-nothing plans and require enforceable pollution reductions, including SCR installation, on our states' biggest polluters Hunter, Huntington, Jim Bridger, Naughton, Dave Johnston, and Wyodak.",https://www.regulations.gov/comment/EPA-R08-OAR-2024-0389-0503,,false,source=Regulations.gov v4 comment detail; retrievedAt=2026-09-12T18:11:40+00:00; commentOnDocumentId=EPA-R08-OAR-2024-0389-0001; duplicateComments=1; organizationMissing=true
EPA-R08-OAR-2024-0389,EPA-R08-OAR-2024-0389-0504,Nancy White,not provided by public Regulations.gov fields,2024-10-09T04:00:00Z,"Wyoming and Utah have submitted Regional Haze State Implementation Plans with no proposed pollution reductions, allowing some of the nation's biggest polluters to remain uncontrolled for nitrogen oxide, sulfur dioxide, and other pollutants when common-sense controls exist that could significantly cut those emissions.
EPAs proposed disapprovals of these do-nothing state plans are a critical first step to protect air quality, both in national parks and our communities. I urge EPA to finalize its proposed disapprovals and act quickly to implement plans that will result in real pollution reductions.
In Utah, EPA analysis shows that installing selective catalytic reduction (SCR) on Hunter and Huntington coal plants would be cost-effective and provide massive visibility benefits for Utahs national parks. These plants have avoided pollution reductions for decades. Now is the time for EPA to act.
Similarly, in Wyoming, the state failed to even consider pollution controls at the states largest polluters, including Jim Bridger, Naughton, Dave Johnston, and Wyodak coal plants. Each of these facilities could install cost-effective pollution controls, including SCRs, that would result in significant air-quality improvements across the state.
Please finalize the proposed disapprovals of Utah and Wyomings do-nothing plans and require enforceable pollution reductions, including SCR installation, on our states' biggest polluters Hunter, Huntington, Jim Bridger, Naughton, Dave Johnston, and Wyodak.",https://www.regulations.gov/comment/EPA-R08-OAR-2024-0389-0504,,false,source=Regulations.gov v4 comment detail; retrievedAt=2026-09-12T18:11:40+00:00; commentOnDocumentId=EPA-R08-OAR-2024-0389-0001; duplicateComments=1; organizationMissing=true
EPA-R08-OAR-2024-0389,EPA-R08-OAR-2024-0389-0505,Michael Smith,not provided by public Regulations.gov fields,2024-10-09T04:00:00Z,"I am a scientist and outdoors enthusiast who spends a lot of time recreating in WY, UT and elsewhere in the west. I want clean air! And as a taxpayer and citizen I demand it.
Wyoming and Utah have submitted Regional Haze State Implementation Plans with no proposed pollution reductions, allowing some of the nation's biggest polluters to remain uncontrolled for nitrogen oxide, sulfur dioxide, and other pollutants when common-sense controls exist that could significantly cut those emissions.
EPAs proposed disapprovals of these do-nothing state plans are a critical first step to protect air quality, both in national parks and our communities. I urge EPA to finalize its proposed disapprovals and act quickly to implement plans that will result in real pollution reductions.
In Utah, EPA analysis shows that installing selective catalytic reduction (SCR) on Hunter and Huntington coal plants would be cost-effective and provide massive visibility benefits for Utahs national parks. These plants have avoided pollution reductions for decades. Now is the time for EPA to act.
Similarly, in Wyoming, the state failed to even consider pollution controls at the states largest polluters, including Jim Bridger, Naughton, Dave Johnston, and Wyodak coal plants. Each of these facilities could install cost-effective pollution controls, including SCRs, that would result in significant air-quality improvements across the state.
Please finalize the proposed disapprovals of Utah and Wyomings do-nothing plans and require enforceable pollution reductions, including SCR installation, on our states' biggest polluters Hunter, Huntington, Jim Bridger, Naughton, Dave Johnston, and Wyodak.",https://www.regulations.gov/comment/EPA-R08-OAR-2024-0389-0505,,false,source=Regulations.gov v4 comment detail; retrievedAt=2026-09-12T18:11:40+00:00; commentOnDocumentId=EPA-R08-OAR-2024-0389-0001; duplicateComments=1; organizationMissing=true
EPA-R08-OAR-2024-0389,EPA-R08-OAR-2024-0389-0506,Steven Hoelke,not provided by public Regulations.gov fields,2024-10-09T04:00:00Z,"Wyoming and Utah have submitted Regional Haze State Implementation Plans with no proposed pollution reductions, allowing some of the nation's biggest polluters to remain uncontrolled for nitrogen oxide, sulfur dioxide, and other pollutants when common-sense controls exist that could significantly cut those emissions.
EPAs proposed disapprovals of these do-nothing state plans are a critical first step to protect air quality, both in national parks and our communities. I urge EPA to finalize its proposed disapprovals and act quickly to implement plans that will result in real pollution reductions.
In Utah, EPA analysis shows that installing selective catalytic reduction (SCR) on Hunter and Huntington coal plants would be cost-effective and provide massive visibility benefits for Utahs national parks. These plants have avoided pollution reductions for decades. Now is the time for EPA to act.
Similarly, in Wyoming, the state failed to even consider pollution controls at the states largest polluters, including Jim Bridger, Naughton, Dave Johnston, and Wyodak coal plants. Each of these facilities could install cost-effective pollution controls, including SCRs, that would result in significant air-quality improvements across the state.
Please finalize the proposed disapprovals of Utah and Wyomings do-nothing plans and require enforceable pollution reductions, including SCR installation, on our states' biggest polluters Hunter, Huntington, Jim Bridger, Naughton, Dave Johnston, and Wyodak.",https://www.regulations.gov/comment/EPA-R08-OAR-2024-0389-0506,,false,source=Regulations.gov v4 comment detail; retrievedAt=2026-09-12T18:11:40+00:00; commentOnDocumentId=EPA-R08-OAR-2024-0389-0001; duplicateComments=1; organizationMissing=true
EPA-R08-OAR-2024-0389,EPA-R08-OAR-2024-0389-0507,Sandy Zelasko,not provided by public Regulations.gov fields,2024-10-09T04:00:00Z,"Wyoming and Utah have submitted Regional Haze State Implementation Plans with no proposed pollution reductions, allowing some of the nation's biggest polluters to remain uncontrolled for nitrogen oxide, sulfur dioxide, and other pollutants when common-sense controls exist that could significantly cut those emissions.
EPAs proposed disapprovals of these do-nothing state plans are a critical first step to protect air quality, both in national parks and our communities. I urge EPA to finalize its proposed disapprovals and act quickly to implement plans that will result in real pollution reductions.
In Utah, EPA analysis shows that installing selective catalytic reduction (SCR) on Hunter and Huntington coal plants would be cost-effective and provide massive visibility benefits for Utahs national parks. These plants have avoided pollution reductions for decades. Now is the time for EPA to act.
Similarly, in Wyoming, the state failed to even consider pollution controls at the states largest polluters, including Jim Bridger, Naughton, Dave Johnston, and Wyodak coal plants. Each of these facilities could install cost-effective pollution controls, including SCRs, that would result in significant air-quality improvements across the state.
Please finalize the proposed disapprovals of Utah and Wyomings do-nothing plans and require enforceable pollution reductions, including SCR installation, on our states' biggest polluters Hunter, Huntington, Jim Bridger, Naughton, Dave Johnston, and Wyodak.",https://www.regulations.gov/comment/EPA-R08-OAR-2024-0389-0507,,false,source=Regulations.gov v4 comment detail; retrievedAt=2026-09-12T18:11:40+00:00; commentOnDocumentId=EPA-R08-OAR-2024-0389-0001; duplicateComments=1; organizationMissing=true
EPA-R08-OAR-2024-0389,EPA-R08-OAR-2024-0389-0508,Karen Fisher,not provided by public Regulations.gov fields,2024-10-09T04:00:00Z,"Wyoming and Utah have submitted Regional Haze State Implementation Plans with no proposed pollution reductions, allowing some of the nation's biggest polluters to remain uncontrolled for nitrogen oxide, sulfur dioxide, and other pollutants when common-sense controls exist that could significantly cut those emissions.
EPAs proposed disapprovals of these do-nothing state plans are a critical first step to protect air quality, both in national parks and our communities. I urge EPA to finalize its proposed disapprovals and act quickly to implement plans that will result in real pollution reductions.
In Utah, EPA analysis shows that installing selective catalytic reduction (SCR) on Hunter and Huntington coal plants would be cost-effective and provide massive visibility benefits for Utahs national parks. These plants have avoided pollution reductions for decades. Now is the time for EPA to act.
Similarly, in Wyoming, the state failed to even consider pollution controls at the states largest polluters, including Jim Bridger, Naughton, Dave Johnston, and Wyodak coal plants. Each of these facilities could install cost-effective pollution controls, including SCRs, that would result in significant air-quality improvements across the state.
Please finalize the proposed disapprovals of Utah and Wyomings do-nothing plans and require enforceable pollution reductions, including SCR installation, on our states' biggest polluters Hunter, Huntington, Jim Bridger, Naughton, Dave Johnston, and Wyodak.",https://www.regulations.gov/comment/EPA-R08-OAR-2024-0389-0508,,false,source=Regulations.gov v4 comment detail; retrievedAt=2026-09-12T18:11:40+00:00; commentOnDocumentId=EPA-R08-OAR-2024-0389-0001; duplicateComments=1; organizationMissing=true
EPA-R08-OAR-2024-0389,EPA-R08-OAR-2024-0389-0509,Alice Johnson,not provided by public Regulations.gov fields,2024-10-09T04:00:00Z,"Wyoming and Utah have submitted Regional Haze State Implementation Plans with no proposed pollution reductions, allowing some of the nation's biggest polluters to remain uncontrolled for nitrogen oxide, sulfur dioxide, and other pollutants when common-sense controls exist that could significantly cut those emissions.
EPAs proposed disapprovals of these do-nothing state plans are a critical first step to protect air quality, both in national parks and our communities. I urge EPA to finalize its proposed disapprovals and act quickly to implement plans that will result in real pollution reductions.
In Utah, EPA analysis shows that installing selective catalytic reduction (SCR) on Hunter and Huntington coal plants would be cost-effective and provide massive visibility benefits for Utahs national parks. These plants have avoided pollution reductions for decades. Now is the time for EPA to act.
Similarly, in Wyoming, the state failed to even consider pollution controls at the states largest polluters, including Jim Bridger, Naughton, Dave Johnston, and Wyodak coal plants. Each of these facilities could install cost-effective pollution controls, including SCRs, that would result in significant air-quality improvements across the state.
Please finalize the proposed disapprovals of Utah and Wyomings do-nothing plans and require enforceable pollution reductions, including SCR installation, on our states' biggest polluters Hunter, Huntington, Jim Bridger, Naughton, Dave Johnston, and Wyodak.",https://www.regulations.gov/comment/EPA-R08-OAR-2024-0389-0509,,false,source=Regulations.gov v4 comment detail; retrievedAt=2026-09-12T18:11:40+00:00; commentOnDocumentId=EPA-R08-OAR-2024-0389-0001; duplicateComments=1; organizationMissing=true
EPA-R08-OAR-2024-0389,EPA-R08-OAR-2024-0389-0510,Linda Thompson,not provided by public Regulations.gov fields,2024-10-09T04:00:00Z,"Wyoming and Utah have submitted Regional Haze State Implementation Plans with no proposed pollution reductions, allowing some of the nation's biggest polluters to remain uncontrolled for nitrogen oxide, sulfur dioxide, and other pollutants when common-sense controls exist that could significantly cut those emissions.
EPAs proposed disapprovals of these do-nothing state plans are a critical first step to protect air quality, both in national parks and our communities. I urge EPA to finalize its proposed disapprovals and act quickly to implement plans that will result in real pollution reductions.
In Utah, EPA analysis shows that installing selective catalytic reduction (SCR) on Hunter and Huntington coal plants would be cost-effective and provide massive visibility benefits for Utahs national parks. These plants have avoided pollution reductions for decades. Now is the time for EPA to act.
Similarly, in Wyoming, the state failed to even consider pollution controls at the states largest polluters, including Jim Bridger, Naughton, Dave Johnston, and Wyodak coal plants. Each of these facilities could install cost-effective pollution controls, including SCRs, that would result in significant air-quality improvements across the state.
Please finalize the proposed disapprovals of Utah and Wyomings do-nothing plans and require enforceable pollution reductions, including SCR installation, on our states' biggest polluters Hunter, Huntington, Jim Bridger, Naughton, Dave Johnston, and Wyodak.",https://www.regulations.gov/comment/EPA-R08-OAR-2024-0389-0510,,false,source=Regulations.gov v4 comment detail; retrievedAt=2026-09-12T18:11:40+00:00; commentOnDocumentId=EPA-R08-OAR-2024-0389-0001; duplicateComments=1; organizationMissing=true
EPA-R08-OAR-2024-0389,EPA-R08-OAR-2024-0389-0511,Ronald Lukasiewicz,not provided by public Regulations.gov fields,2024-10-09T04:00:00Z,"Wyoming and Utah have submitted Regional Haze State Implementation Plans with no proposed pollution reductions, allowing some of the nation's biggest polluters to remain uncontrolled for nitrogen oxide, sulfur dioxide, and other pollutants when common-sense controls exist that could significantly cut those emissions.
EPAs proposed disapprovals of these do-nothing state plans are a critical first step to protect air quality, both in national parks and our communities. I urge EPA to finalize its proposed disapprovals and act quickly to implement plans that will result in real pollution reductions.
In Utah, EPA analysis shows that installing selective catalytic reduction (SCR) on Hunter and Huntington coal plants would be cost-effective and provide massive visibility benefits for Utahs national parks. These plants have avoided pollution reductions for decades. Now is the time for EPA to act.
Similarly, in Wyoming, the state failed to even consider pollution controls at the states largest polluters, including Jim Bridger, Naughton, Dave Johnston, and Wyodak coal plants. Each of these facilities could install cost-effective pollution controls, including SCRs, that would result in significant air-quality improvements across the state.
Please finalize the proposed disapprovals of Utah and Wyomings do-nothing plans and require enforceable pollution reductions, including SCR installation, on our states' biggest polluters Hunter, Huntington, Jim Bridger, Naughton, Dave Johnston, and Wyodak.",https://www.regulations.gov/comment/EPA-R08-OAR-2024-0389-0511,,false,source=Regulations.gov v4 comment detail; retrievedAt=2026-09-12T18:11:40+00:00; commentOnDocumentId=EPA-R08-OAR-2024-0389-0001; duplicateComments=1; organizationMissing=true
EPA-R08-OAR-2024-0389,EPA-R08-OAR-2024-0389-0512,Brad Nelson,not provided by public Regulations.gov fields,2024-10-09T04:00:00Z,"People should not be breathing foul air. This air pollution comes from the burning of fossil fuels. Is the burning of fossil fuels more important than people's health It shouldn't be.
Wyoming and Utah have submitted Regional Haze State Implementation Plans with no proposed pollution reductions, allowing some of the nation's biggest polluters to remain uncontrolled for nitrogen oxide, sulfur dioxide, and other pollutants when common-sense controls exist that could significantly cut those emissions.
EPAs proposed disapprovals of these do-nothing state plans are a critical first step to protect air quality, both in national parks and our communities. I urge EPA to finalize its proposed disapprovals and act quickly to implement plans that will result in real pollution reductions.
In Utah, EPA analysis shows that installing selective catalytic reduction (SCR) on Hunter and Huntington coal plants would be cost-effective and provide massive visibility benefits for Utahs national parks. These plants have avoided pollution reductions for decades. Now is the time for EPA to act.
Similarly, in Wyoming, the state failed to even consider pollution controls at the states largest polluters, including Jim Bridger, Naughton, Dave Johnston, and Wyodak coal plants. Each of these facilities could install cost-effective pollution controls, including SCRs, that would result in significant air-quality improvements across the state.
Please finalize the proposed disapprovals of Utah and Wyomings do-nothing plans and require enforceable pollution reductions, including SCR installation, on our states' biggest polluters Hunter, Huntington, Jim Bridger, Naughton, Dave Johnston, and Wyodak.",https://www.regulations.gov/comment/EPA-R08-OAR-2024-0389-0512,,false,source=Regulations.gov v4 comment detail; retrievedAt=2026-09-12T18:11:40+00:00; commentOnDocumentId=EPA-R08-OAR-2024-0389-0001; duplicateComments=1; organizationMissing=true
EPA-R08-OAR-2024-0389,EPA-R08-OAR-2024-0389-0513,James Mc Keever,not provided by public Regulations.gov fields,2024-10-09T04:00:00Z,"As one who has hiked in Wyoming and Utah, I have experienced air pollution.
Wyoming and Utah have submitted Regional Haze State Implementation Plans with no proposed pollution reductions, allowing some of the nation's biggest polluters to remain uncontrolled for nitrogen oxide, sulfur dioxide, and other pollutants when common-sense controls exist that could significantly cut those emissions.
EPAs proposed disapprovals of these do-nothing state plans are a critical first step to protect air quality, both in national parks and our communities. I urge EPA to finalize its proposed disapprovals and act quickly to implement plans that will result in real pollution reductions.
In Utah, EPA analysis shows that installing selective catalytic reduction (SCR) on Hunter and Huntington coal plants would be cost-effective and provide massive visibility benefits for Utahs national parks. These plants have avoided pollution reductions for decades. Now is the time for EPA to act.
Similarly, in Wyoming, the state failed to even consider pollution controls at the states largest polluters, including Jim Bridger, Naughton, Dave Johnston, and Wyodak coal plants. Each of these facilities could install cost-effective pollution controls, including SCRs, that would result in significant air-quality improvements across the state.
Please finalize the proposed disapprovals of Utah and Wyomings do-nothing plans and require enforceable pollution reductions, including SCR installation, on our states' biggest polluters Hunter, Huntington, Jim Bridger, Naughton, Dave Johnston, and Wyodak.",https://www.regulations.gov/comment/EPA-R08-OAR-2024-0389-0513,,false,source=Regulations.gov v4 comment detail; retrievedAt=2026-09-12T18:11:40+00:00; commentOnDocumentId=EPA-R08-OAR-2024-0389-0001; duplicateComments=1; organizationMissing=true
EPA-R08-OAR-2024-0389,EPA-R08-OAR-2024-0389-0514,Karen Collett,not provided by public Regulations.gov fields,2024-10-09T04:00:00Z,"Wyoming and Utah have submitted Regional Haze State Implementation Plans with no proposed pollution reductions, allowing some of the nation's biggest polluters to remain uncontrolled for nitrogen oxide, sulfur dioxide, and other pollutants when common-sense controls exist that could significantly cut those emissions.
EPAs proposed disapprovals of these do-nothing state plans are a critical first step to protect air quality, both in national parks and our communities. I urge EPA to finalize its proposed disapprovals and act quickly to implement plans that will result in real pollution reductions.
In Utah, EPA analysis shows that installing selective catalytic reduction (SCR) on Hunter and Huntington coal plants would be cost-effective and provide massive visibility benefits for Utahs national parks. These plants have avoided pollution reductions for decades. Now is the time for EPA to act.
Similarly, in Wyoming, the state failed to even consider pollution controls at the states largest polluters, including Jim Bridger, Naughton, Dave Johnston, and Wyodak coal plants. Each of these facilities could install cost-effective pollution controls, including SCRs, that would result in significant air-quality improvements across the state.
Please finalize the proposed disapprovals of Utah and Wyomings do-nothing plans and require enforceable pollution reductions, including SCR installation, on our states' biggest polluters Hunter, Huntington, Jim Bridger, Naughton, Dave Johnston, and Wyodak.",https://www.regulations.gov/comment/EPA-R08-OAR-2024-0389-0514,,false,source=Regulations.gov v4 comment detail; retrievedAt=2026-09-12T18:11:40+00:00; commentOnDocumentId=EPA-R08-OAR-2024-0389-0001; duplicateComments=1; organizationMissing=true
EPA-R08-OAR-2024-0389,EPA-R08-OAR-2024-0389-0515,Michael Stoyanow,not provided by public Regulations.gov fields,2024-10-09T04:00:00Z,"Please stop the desecration of our planet for profit. Time is short, and the damage often irreversible. Do the right thing!
Wyoming and Utah have submitted Regional Haze State Implementation Plans with no proposed pollution reductions, allowing some of the nation's biggest polluters to remain uncontrolled for nitrogen oxide, sulfur dioxide, and other pollutants when common-sense controls exist that could significantly cut those emissions.
EPAs proposed disapprovals of these do-nothing state plans are a critical first step to protect air quality, both in national parks and our communities. I urge EPA to finalize its proposed disapprovals and act quickly to implement plans that will result in real pollution reductions.
In Utah, EPA analysis shows that installing selective catalytic reduction (SCR) on Hunter and Huntington coal plants would be cost-effective and provide massive visibility benefits for Utahs national parks. These plants have avoided pollution reductions for decades. Now is the time for EPA to act.
Similarly, in Wyoming, the state failed to even consider pollution controls at the states largest polluters, including Jim Bridger, Naughton, Dave Johnston, and Wyodak coal plants. Each of these facilities could install cost-effective pollution controls, including SCRs, that would result in significant air-quality improvements across the state.
Please finalize the proposed disapprovals of Utah and Wyomings do-nothing plans and require enforceable pollution reductions, including SCR installation, on our states' biggest polluters Hunter, Huntington, Jim Bridger, Naughton, Dave Johnston, and Wyodak.",https://www.regulations.gov/comment/EPA-R08-OAR-2024-0389-0515,,false,source=Regulations.gov v4 comment detail; retrievedAt=2026-09-12T18:11:40+00:00; commentOnDocumentId=EPA-R08-OAR-2024-0389-0001; duplicateComments=1; organizationMissing=true
EPA-R08-OAR-2024-0389,EPA-R08-OAR-2024-0389-0516,Alice Flegel,not provided by public Regulations.gov fields,2024-10-09T04:00:00Z,"Clean, clear air is possible in our National Parks. We must have tougher regulations.
Wyoming and Utah have submitted Regional Haze State Implementation Plans with no proposed pollution reductions, allowing some of the nation's biggest polluters to remain uncontrolled for nitrogen oxide, sulfur dioxide, and other pollutants when common-sense controls exist that could significantly cut those emissions.
EPAs proposed disapprovals of these do-nothing state plans are a critical first step to protect air quality, both in national parks and our communities. I urge EPA to finalize its proposed disapprovals and act quickly to implement plans that will result in real pollution reductions.
In Utah, EPA analysis shows that installing selective catalytic reduction (SCR) on Hunter and Huntington coal plants would be cost-effective and provide massive visibility benefits for Utahs national parks. These plants have avoided pollution reductions for decades. Now is the time for EPA to act.
Similarly, in Wyoming, the state failed to even consider pollution controls at the states largest polluters, including Jim Bridger, Naughton, Dave Johnston, and Wyodak coal plants. Each of these facilities could install cost-effective pollution controls, including SCRs, that would result in significant air-quality improvements across the state.
Please finalize the proposed disapprovals of Utah and Wyomings do-nothing plans and require enforceable pollution reductions, including SCR installation, on our states' biggest polluters Hunter, Huntington, Jim Bridger, Naughton, Dave Johnston, and Wyodak.",https://www.regulations.gov/comment/EPA-R08-OAR-2024-0389-0516,,false,source=Regulations.gov v4 comment detail; retrievedAt=2026-09-12T18:11:40+00:00; commentOnDocumentId=EPA-R08-OAR-2024-0389-0001; duplicateComments=1; organizationMissing=true
EPA-R08-OAR-2024-0389,EPA-R08-OAR-2024-0389-0517,Lauren Alexandra,not provided by public Regulations.gov fields,2024-10-09T04:00:00Z,"Wyoming and Utah have submitted Regional Haze State Implementation Plans with no proposed pollution reductions, allowing some of the nation's biggest polluters to remain uncontrolled for nitrogen oxide, sulfur dioxide, and other pollutants when common-sense controls exist that could significantly cut those emissions.
EPAs proposed disapprovals of these do-nothing state plans are a critical first step to protect air quality, both in national parks and our communities. I urge EPA to finalize its proposed disapprovals and act quickly to implement plans that will result in real pollution reductions.
In Utah, EPA analysis shows that installing selective catalytic reduction (SCR) on Hunter and Huntington coal plants would be cost-effective and provide massive visibility benefits for Utahs national parks. These plants have avoided pollution reductions for decades. Now is the time for EPA to act.
Similarly, in Wyoming, the state failed to even consider pollution controls at the states largest polluters, including Jim Bridger, Naughton, Dave Johnston, and Wyodak coal plants. Each of these facilities could install cost-effective pollution controls, including SCRs, that would result in significant air-quality improvements across the state.
Please finalize the proposed disapprovals of Utah and Wyomings do-nothing plans and require enforceable pollution reductions, including SCR installation, on our states' biggest polluters Hunter, Huntington, Jim Bridger, Naughton, Dave Johnston, and Wyodak.",https://www.regulations.gov/comment/EPA-R08-OAR-2024-0389-0517,,false,source=Regulations.gov v4 comment detail; retrievedAt=2026-09-12T18:11:40+00:00; commentOnDocumentId=EPA-R08-OAR-2024-0389-0001; duplicateComments=1; organizationMissing=true
EPA-R08-OAR-2024-0389,EPA-R08-OAR-2024-0389-0518,Mariana Mellor,not provided by public Regulations.gov fields,2024-10-09T04:00:00Z,"No nature, no humans.
Wyoming and Utah have submitted Regional Haze State Implementation Plans with no proposed pollution reductions, allowing some of the nation's biggest polluters to remain uncontrolled for nitrogen oxide, sulfur dioxide, and other pollutants when common-sense controls exist that could significantly cut those emissions.
EPAs proposed disapprovals of these do-nothing state plans are a critical first step to protect air quality, both in national parks and our communities. I urge EPA to finalize its proposed disapprovals and act quickly to implement plans that will result in real pollution reductions.
In Utah, EPA analysis shows that installing selective catalytic reduction (SCR) on Hunter and Huntington coal plants would be cost-effective and provide massive visibility benefits for Utahs national parks. These plants have avoided pollution reductions for decades. Now is the time for EPA to act.
Similarly, in Wyoming, the state failed to even consider pollution controls at the states largest polluters, including Jim Bridger, Naughton, Dave Johnston, and Wyodak coal plants. Each of these facilities could install cost-effective pollution controls, including SCRs, that would result in significant air-quality improvements across the state.
Please finalize the proposed disapprovals of Utah and Wyomings do-nothing plans and require enforceable pollution reductions, including SCR installation, on our states' biggest polluters Hunter, Huntington, Jim Bridger, Naughton, Dave Johnston, and Wyodak.",https://www.regulations.gov/comment/EPA-R08-OAR-2024-0389-0518,,false,source=Regulations.gov v4 comment detail; retrievedAt=2026-09-12T18:11:40+00:00; commentOnDocumentId=EPA-R08-OAR-2024-0389-0001; duplicateComments=1; organizationMissing=true
EPA-R08-OAR-2024-0389,EPA-R08-OAR-2024-0389-0519,Kerry Krebill,not provided by public Regulations.gov fields,2024-10-09T04:00:00Z,"Wyoming and Utah have submitted Regional Haze State Implementation Plans with no proposed pollution reductions, allowing some of the nation's biggest polluters to remain uncontrolled for nitrogen oxide, sulfur dioxide, and other pollutants when common-sense controls exist that could significantly cut those emissions.
EPAs proposed disapprovals of these do-nothing state plans are a critical first step to protect air quality, both in national parks and our communities. I urge EPA to finalize its proposed disapprovals and act quickly to implement plans that will result in real pollution reductions.
In Utah, EPA analysis shows that installing selective catalytic reduction (SCR) on Hunter and Huntington coal plants would be cost-effective and provide massive visibility benefits for Utahs national parks. These plants have avoided pollution reductions for decades. Now is the time for EPA to act.
Similarly, in Wyoming, the state failed to even consider pollution controls at the states largest polluters, including Jim Bridger, Naughton, Dave Johnston, and Wyodak coal plants. Each of these facilities could install cost-effective pollution controls, including SCRs, that would result in significant air-quality improvements across the state.
Please finalize the proposed disapprovals of Utah and Wyomings do-nothing plans and require enforceable pollution reductions, including SCR installation, on our states' biggest polluters Hunter, Huntington, Jim Bridger, Naughton, Dave Johnston, and Wyodak.",https://www.regulations.gov/comment/EPA-R08-OAR-2024-0389-0519,,false,source=Regulations.gov v4 comment detail; retrievedAt=2026-09-12T18:11:40+00:00; commentOnDocumentId=EPA-R08-OAR-2024-0389-0001; duplicateComments=1; organizationMissing=true
EPA-R08-OAR-2024-0389,EPA-R08-OAR-2024-0389-0520,Gayle Cuddy,not provided by public Regulations.gov fields,2024-10-09T04:00:00Z,"Please take measures to clear the smog from Utah national parks.!!
Wyoming and Utah have submitted Regional Haze State Implementation Plans with no proposed pollution reductions, allowing some of the nation's biggest polluters to remain uncontrolled for nitrogen oxide, sulfur dioxide, and other pollutants when common-sense controls exist that could significantly cut those emissions.
EPAs proposed disapprovals of these do-nothing state plans are a critical first step to protect air quality, both in national parks and our communities. I urge EPA to finalize its proposed disapprovals and act quickly to implement plans that will result in real pollution reductions.
In Utah, EPA analysis shows that installing selective catalytic reduction (SCR) on Hunter and Huntington coal plants would be cost-effective and provide massive visibility benefits for Utahs national parks. These plants have avoided pollution reductions for decades. Now is the time for EPA to act.
Similarly, in Wyoming, the state failed to even consider pollution controls at the states largest polluters, including Jim Bridger, Naughton, Dave Johnston, and Wyodak coal plants. Each of these facilities could install cost-effective pollution controls, including SCRs, that would result in significant air-quality improvements across the state.
Please finalize the proposed disapprovals of Utah and Wyomings do-nothing plans and require enforceable pollution reductions, including SCR installation, on our states' biggest polluters Hunter, Huntington, Jim Bridger, Naughton, Dave Johnston, and Wyodak.",https://www.regulations.gov/comment/EPA-R08-OAR-2024-0389-0520,,false,source=Regulations.gov v4 comment detail; retrievedAt=2026-09-12T18:11:40+00:00; commentOnDocumentId=EPA-R08-OAR-2024-0389-0001; duplicateComments=1; organizationMissing=true
EPA-R08-OAR-2024-0389,EPA-R08-OAR-2024-0389-0521,Dave Roehm,not provided by public Regulations.gov fields,2024-10-09T04:00:00Z,"Wyoming and Utah have submitted Regional Haze State Implementation Plans with no proposed pollution reductions, allowing some of the nation's biggest polluters to remain uncontrolled for nitrogen oxide, sulfur dioxide, and other pollutants when common-sense controls exist that could significantly cut those emissions.
EPAs proposed disapprovals of these do-nothing state plans are a critical first step to protect air quality, both in national parks and our communities. I urge EPA to finalize its proposed disapprovals and act quickly to implement plans that will result in real pollution reductions.
In Utah, EPA analysis shows that installing selective catalytic reduction (SCR) on Hunter and Huntington coal plants would be cost-effective and provide massive visibility benefits for Utahs national parks. These plants have avoided pollution reductions for decades. Now is the time for EPA to act.
Similarly, in Wyoming, the state failed to even consider pollution controls at the states largest polluters, including Jim Bridger, Naughton, Dave Johnston, and Wyodak coal plants. Each of these facilities could install cost-effective pollution controls, including SCRs, that would result in significant air-quality improvements across the state.
Please finalize the proposed disapprovals of Utah and Wyomings do-nothing plans and require enforceable pollution reductions, including SCR installation, on our states' biggest polluters Hunter, Huntington, Jim Bridger, Naughton, Dave Johnston, and Wyodak.",https://www.regulations.gov/comment/EPA-R08-OAR-2024-0389-0521,,false,source=Regulations.gov v4 comment detail; retrievedAt=2026-09-12T18:11:40+00:00; commentOnDocumentId=EPA-R08-OAR-2024-0389-0001; duplicateComments=1; organizationMissing=true
EPA-R08-OAR-2024-0389,EPA-R08-OAR-2024-0389-0522,Lisa Steele,not provided by public Regulations.gov fields,2024-10-09T04:00:00Z,"Wyoming and Utah have submitted Regional Haze State Implementation Plans with no proposed pollution reductions, allowing some of the nation's biggest polluters to remain uncontrolled for nitrogen oxide, sulfur dioxide, and other pollutants when common-sense controls exist that could significantly cut those emissions.
EPAs proposed disapprovals of these do-nothing state plans are a critical first step to protect air quality, both in national parks and our communities. I urge EPA to finalize its proposed disapprovals and act quickly to implement plans that will result in real pollution reductions.
In Utah, EPA analysis shows that installing selective catalytic reduction (SCR) on Hunter and Huntington coal plants would be cost-effective and provide massive visibility benefits for Utahs national parks. These plants have avoided pollution reductions for decades. Now is the time for EPA to act.
Similarly, in Wyoming, the state failed to even consider pollution controls at the states largest polluters, including Jim Bridger, Naughton, Dave Johnston, and Wyodak coal plants. Each of these facilities could install cost-effective pollution controls, including SCRs, that would result in significant air-quality improvements across the state.
Please finalize the proposed disapprovals of Utah and Wyomings do-nothing plans and require enforceable pollution reductions, including SCR installation, on our states' biggest polluters Hunter, Huntington, Jim Bridger, Naughton, Dave Johnston, and Wyodak.",https://www.regulations.gov/comment/EPA-R08-OAR-2024-0389-0522,,false,source=Regulations.gov v4 comment detail; retrievedAt=2026-09-12T18:11:40+00:00; commentOnDocumentId=EPA-R08-OAR-2024-0389-0001; duplicateComments=1; organizationMissing=true
EPA-R08-OAR-2024-0389,EPA-R08-OAR-2024-0389-0523,Timothy Jenkins,not provided by public Regulations.gov fields,2024-10-09T04:00:00Z,"Wyoming and Utah have submitted Regional Haze State Implementation Plans with no proposed pollution reductions, allowing some of the nation's biggest polluters to remain uncontrolled for nitrogen oxide, sulfur dioxide, and other pollutants when common-sense controls exist that could significantly cut those emissions.
EPAs proposed disapprovals of these do-nothing state plans are a critical first step to protect air quality, both in national parks and our communities. I urge EPA to finalize its proposed disapprovals and act quickly to implement plans that will result in real pollution reductions.
In Utah, EPA analysis shows that installing selective catalytic reduction (SCR) on Hunter and Huntington coal plants would be cost-effective and provide massive visibility benefits for Utahs national parks. These plants have avoided pollution reductions for decades. Now is the time for EPA to act.
Similarly, in Wyoming, the state failed to even consider pollution controls at the states largest polluters, including Jim Bridger, Naughton, Dave Johnston, and Wyodak coal plants. Each of these facilities could install cost-effective pollution controls, including SCRs, that would result in significant air-quality improvements across the state.
Please finalize the proposed disapprovals of Utah and Wyomings do-nothing plans and require enforceable pollution reductions, including SCR installation, on our states' biggest polluters Hunter, Huntington, Jim Bridger, Naughton, Dave Johnston, and Wyodak.",https://www.regulations.gov/comment/EPA-R08-OAR-2024-0389-0523,,false,source=Regulations.gov v4 comment detail; retrievedAt=2026-09-12T18:11:40+00:00; commentOnDocumentId=EPA-R08-OAR-2024-0389-0001; duplicateComments=1; organizationMissing=true
EPA-R08-OAR-2024-0389,EPA-R08-OAR-2024-0389-0524,Linda Mizell,not provided by public Regulations.gov fields,2024-10-09T04:00:00Z,"Wyoming and Utah have submitted Regional Haze State Implementation Plans with no proposed pollution reductions, allowing some of the nation's biggest polluters to remain uncontrolled for nitrogen oxide, sulfur dioxide, and other pollutants when common-sense controls exist that could significantly cut those emissions.
EPAs proposed disapprovals of these do-nothing state plans are a critical first step to protect air quality, both in national parks and our communities. I urge EPA to finalize its proposed disapprovals and act quickly to implement plans that will result in real pollution reductions.
In Utah, EPA analysis shows that installing selective catalytic reduction (SCR) on Hunter and Huntington coal plants would be cost-effective and provide massive visibility benefits for Utahs national parks. These plants have avoided pollution reductions for decades. Now is the time for EPA to act.
Similarly, in Wyoming, the state failed to even consider pollution controls at the states largest polluters, including Jim Bridger, Naughton, Dave Johnston, and Wyodak coal plants. Each of these facilities could install cost-effective pollution controls, including SCRs, that would result in significant air-quality improvements across the state.
Please finalize the proposed disapprovals of Utah and Wyomings do-nothing plans and require enforceable pollution reductions, including SCR installation, on our states' biggest polluters Hunter, Huntington, Jim Bridger, Naughton, Dave Johnston, and Wyodak.",https://www.regulations.gov/comment/EPA-R08-OAR-2024-0389-0524,,false,source=Regulations.gov v4 comment detail; retrievedAt=2026-09-12T18:11:40+00:00; commentOnDocumentId=EPA-R08-OAR-2024-0389-0001; duplicateComments=1; organizationMissing=true
EPA-R08-OAR-2024-0389,EPA-R08-OAR-2024-0389-0525,Kae Bender,not provided by public Regulations.gov fields,2024-10-09T04:00:00Z,"Honestly, ALL coal plants should be decommissioned yesterday. There is NO reason to contuse perpetuating the dirtiest energy possible. We need to transition to clean energy now.
Wyoming and Utah have submitted Regional Haze State Implementation Plans with no proposed pollution reductions, allowing some of the nation's biggest polluters to remain uncontrolled for nitrogen oxide, sulfur dioxide, and other pollutants when common-sense controls exist that could significantly cut those emissions.
EPAs proposed disapprovals of these do-nothing state plans are a critical first step to protect air quality, both in national parks and our communities. I urge EPA to finalize its proposed disapprovals and act quickly to implement plans that will result in real pollution reductions.
In Utah, EPA analysis shows that installing selective catalytic reduction (SCR) on Hunter and Huntington coal plants would be cost-effective and provide massive visibility benefits for Utahs national parks. These plants have avoided pollution reductions for decades. Now is the time for EPA to act.
Similarly, in Wyoming, the state failed to even consider pollution controls at the states largest polluters, including Jim Bridger, Naughton, Dave Johnston, and Wyodak coal plants. Each of these facilities could install cost-effective pollution controls, including SCRs, that would result in significant air-quality improvements across the state.
Please finalize the proposed disapprovals of Utah and Wyomings do-nothing plans and require enforceable pollution reductions, including SCR installation, on our states' biggest polluters Hunter, Huntington, Jim Bridger, Naughton, Dave Johnston, and Wyodak.",https://www.regulations.gov/comment/EPA-R08-OAR-2024-0389-0525,,false,source=Regulations.gov v4 comment detail; retrievedAt=2026-09-12T18:11:40+00:00; commentOnDocumentId=EPA-R08-OAR-2024-0389-0001; duplicateComments=1; organizationMissing=true
EPA-R08-OAR-2024-0389,EPA-R08-OAR-2024-0389-0526,Anne Yount,not provided by public Regulations.gov fields,2024-10-09T04:00:00Z,"Please dont let our National Park Treasures fall to polluters!
Wyoming and Utah have submitted Regional Haze State Implementation Plans with no proposed pollution reductions, allowing some of the nation's biggest polluters to remain uncontrolled for nitrogen oxide, sulfur dioxide, and other pollutants when common-sense controls exist that could significantly cut those emissions.
EPAs proposed disapprovals of these do-nothing state plans are a critical first step to protect air quality, both in national parks and our communities. I urge EPA to finalize its proposed disapprovals and act quickly to implement plans that will result in real pollution reductions.
In Utah, EPA analysis shows that installing selective catalytic reduction (SCR) on Hunter and Huntington coal plants would be cost-effective and provide massive visibility benefits for Utahs national parks. These plants have avoided pollution reductions for decades. Now is the time for EPA to act.
Similarly, in Wyoming, the state failed to even consider pollution controls at the states largest polluters, including Jim Bridger, Naughton, Dave Johnston, and Wyodak coal plants. Each of these facilities could install cost-effective pollution controls, including SCRs, that would result in significant air-quality improvements across the state.
Please finalize the proposed disapprovals of Utah and Wyomings do-nothing plans and require enforceable pollution reductions, including SCR installation, on our states' biggest polluters Hunter, Huntington, Jim Bridger, Naughton, Dave Johnston, and Wyodak.",https://www.regulations.gov/comment/EPA-R08-OAR-2024-0389-0526,,false,source=Regulations.gov v4 comment detail; retrievedAt=2026-09-12T18:11:40+00:00; commentOnDocumentId=EPA-R08-OAR-2024-0389-0001; duplicateComments=1; organizationMissing=true
EPA-R08-OAR-2024-0389,EPA-R08-OAR-2024-0389-0527,Donnie Benson,not provided by public Regulations.gov fields,2024-10-09T04:00:00Z,"Wyoming and Utah have submitted Regional Haze State Implementation Plans with no proposed pollution reductions, allowing some of the nation's biggest polluters to remain uncontrolled for nitrogen oxide, sulfur dioxide, and other pollutants when common-sense controls exist that could significantly cut those emissions.
EPAs proposed disapprovals of these do-nothing state plans are a critical first step to protect air quality, both in national parks and our communities. I urge EPA to finalize its proposed disapprovals and act quickly to implement plans that will result in real pollution reductions.
In Utah, EPA analysis shows that installing selective catalytic reduction (SCR) on Hunter and Huntington coal plants would be cost-effective and provide massive visibility benefits for Utahs national parks. These plants have avoided pollution reductions for decades. Now is the time for EPA to act.
Similarly, in Wyoming, the state failed to even consider pollution controls at the states largest polluters, including Jim Bridger, Naughton, Dave Johnston, and Wyodak coal plants. Each of these facilities could install cost-effective pollution controls, including SCRs, that would result in significant air-quality improvements across the state.
Please finalize the proposed disapprovals of Utah and Wyomings do-nothing plans and require enforceable pollution reductions, including SCR installation, on our states' biggest polluters Hunter, Huntington, Jim Bridger, Naughton, Dave Johnston, and Wyodak.",https://www.regulations.gov/comment/EPA-R08-OAR-2024-0389-0527,,false,source=Regulations.gov v4 comment detail; retrievedAt=2026-09-12T18:11:40+00:00; commentOnDocumentId=EPA-R08-OAR-2024-0389-0001; duplicateComments=1; organizationMissing=true
EPA-R08-OAR-2024-0389,EPA-R08-OAR-2024-0389-0528,Kay L.,not provided by public Regulations.gov fields,2024-10-09T04:00:00Z,"Wyoming and Utah have submitted Regional Haze State Implementation Plans with no proposed pollution reductions, allowing some of the nation's biggest polluters to remain uncontrolled for nitrogen oxide, sulfur dioxide, and other pollutants when common-sense controls exist that could significantly cut those emissions.
EPAs proposed disapprovals of these do-nothing state plans are a critical first step to protect air quality, both in national parks and our communities. I urge EPA to finalize its proposed disapprovals and act quickly to implement plans that will result in real pollution reductions.
In Utah, EPA analysis shows that installing selective catalytic reduction (SCR) on Hunter and Huntington coal plants would be cost-effective and provide massive visibility benefits for Utahs national parks. These plants have avoided pollution reductions for decades. Now is the time for EPA to act.
Similarly, in Wyoming, the state failed to even consider pollution controls at the states largest polluters, including Jim Bridger, Naughton, Dave Johnston, and Wyodak coal plants. Each of these facilities could install cost-effective pollution controls, including SCRs, that would result in significant air-quality improvements across the state.
Please finalize the proposed disapprovals of Utah and Wyomings do-nothing plans and require enforceable pollution reductions, including SCR installation, on our states' biggest polluters Hunter, Huntington, Jim Bridger, Naughton, Dave Johnston, and Wyodak.",https://www.regulations.gov/comment/EPA-R08-OAR-2024-0389-0528,,false,source=Regulations.gov v4 comment detail; retrievedAt=2026-09-12T18:11:40+00:00; commentOnDocumentId=EPA-R08-OAR-2024-0389-0001; duplicateComments=1; organizationMissing=true
EPA-R08-OAR-2024-0389,EPA-R08-OAR-2024-0389-0529,Leah Altman,not provided by public Regulations.gov fields,2024-10-09T04:00:00Z,"Wyoming and Utah have submitted Regional Haze State Implementation Plans with no proposed pollution reductions, allowing some of the nation's biggest polluters to remain uncontrolled for nitrogen oxide, sulfur dioxide, and other pollutants when common-sense controls exist that could significantly cut those emissions.
EPAs proposed disapprovals of these do-nothing state plans are a critical first step to protect air quality, both in national parks and our communities. I urge EPA to finalize its proposed disapprovals and act quickly to implement plans that will result in real pollution reductions.
In Utah, EPA analysis shows that installing selective catalytic reduction (SCR) on Hunter and Huntington coal plants would be cost-effective and provide massive visibility benefits for Utahs national parks. These plants have avoided pollution reductions for decades. Now is the time for EPA to act.
Similarly, in Wyoming, the state failed to even consider pollution controls at the states largest polluters, including Jim Bridger, Naughton, Dave Johnston, and Wyodak coal plants. Each of these facilities could install cost-effective pollution controls, including SCRs, that would result in significant air-quality improvements across the state.
Please finalize the proposed disapprovals of Utah and Wyomings do-nothing plans and require enforceable pollution reductions, including SCR installation, on our states' biggest polluters Hunter, Huntington, Jim Bridger, Naughton, Dave Johnston, and Wyodak.",https://www.regulations.gov/comment/EPA-R08-OAR-2024-0389-0529,,false,source=Regulations.gov v4 comment detail; retrievedAt=2026-09-12T18:11:40+00:00; commentOnDocumentId=EPA-R08-OAR-2024-0389-0001; duplicateComments=1; organizationMissing=true
EPA-R08-OAR-2024-0389,EPA-R08-OAR-2024-0389-0530,David Morris,not provided by public Regulations.gov fields,2024-10-09T04:00:00Z,"Weve been there - we need to do better!
Wyoming and Utah have submitted Regional Haze State Implementation Plans with no proposed pollution reductions, allowing some of the nation's biggest polluters to remain uncontrolled for nitrogen oxide, sulfur dioxide, and other pollutants when common-sense controls exist that could significantly cut those emissions.
EPAs proposed disapprovals of these do-nothing state plans are a critical first step to protect air quality, both in national parks and our communities. I urge EPA to finalize its proposed disapprovals and act quickly to implement plans that will result in real pollution reductions.
In Utah, EPA analysis shows that installing selective catalytic reduction (SCR) on Hunter and Huntington coal plants would be cost-effective and provide massive visibility benefits for Utahs national parks. These plants have avoided pollution reductions for decades. Now is the time for EPA to act.
Similarly, in Wyoming, the state failed to even consider pollution controls at the states largest polluters, including Jim Bridger, Naughton, Dave Johnston, and Wyodak coal plants. Each of these facilities could install cost-effective pollution controls, including SCRs, that would result in significant air-quality improvements across the state.
Please finalize the proposed disapprovals of Utah and Wyomings do-nothing plans and require enforceable pollution reductions, including SCR installation, on our states' biggest polluters Hunter, Huntington, Jim Bridger, Naughton, Dave Johnston, and Wyodak.",https://www.regulations.gov/comment/EPA-R08-OAR-2024-0389-0530,,false,source=Regulations.gov v4 comment detail; retrievedAt=2026-09-12T18:11:40+00:00; commentOnDocumentId=EPA-R08-OAR-2024-0389-0001; duplicateComments=1; organizationMissing=true
EPA-R08-OAR-2024-0389,EPA-R08-OAR-2024-0389-0531,Katie Rodgers,not provided by public Regulations.gov fields,2024-10-09T04:00:00Z,"The sky is a wonderful natural resource we cant afford to ruin.
Wyoming and Utah have submitted Regional Haze State Implementation Plans with no proposed pollution reductions, allowing some of the nation's biggest polluters to remain uncontrolled for nitrogen oxide, sulfur dioxide, and other pollutants when common-sense controls exist that could significantly cut those emissions.
EPAs proposed disapprovals of these do-nothing state plans are a critical first step to protect air quality, both in national parks and our communities. I urge EPA to finalize its proposed disapprovals and act quickly to implement plans that will result in real pollution reductions.
In Utah, EPA analysis shows that installing selective catalytic reduction (SCR) on Hunter and Huntington coal plants would be cost-effective and provide massive visibility benefits for Utahs national parks. These plants have avoided pollution reductions for decades. Now is the time for EPA to act.
Similarly, in Wyoming, the state failed to even consider pollution controls at the states largest polluters, including Jim Bridger, Naughton, Dave Johnston, and Wyodak coal plants. Each of these facilities could install cost-effective pollution controls, including SCRs, that would result in significant air-quality improvements across the state.
Please finalize the proposed disapprovals of Utah and Wyomings do-nothing plans and require enforceable pollution reductions, including SCR installation, on our states' biggest polluters Hunter, Huntington, Jim Bridger, Naughton, Dave Johnston, and Wyodak.",https://www.regulations.gov/comment/EPA-R08-OAR-2024-0389-0531,,false,source=Regulations.gov v4 comment detail; retrievedAt=2026-09-12T18:11:40+00:00; commentOnDocumentId=EPA-R08-OAR-2024-0389-0001; duplicateComments=1; organizationMissing=true
EPA-R08-OAR-2024-0389,EPA-R08-OAR-2024-0389-0532,John Everett,not provided by public Regulations.gov fields,2024-10-09T04:00:00Z,"Wyoming and Utah have submitted Regional Haze State Implementation Plans with no proposed pollution reductions, allowing some of the nation's biggest polluters to remain uncontrolled for nitrogen oxide, sulfur dioxide, and other pollutants when common-sense controls exist that could significantly cut those emissions.
EPAs proposed disapprovals of these do-nothing state plans are a critical first step to protect air quality, both in national parks and our communities. I urge EPA to finalize its proposed disapprovals and act quickly to implement plans that will result in real pollution reductions.
In Utah, EPA analysis shows that installing selective catalytic reduction (SCR) on Hunter and Huntington coal plants would be cost-effective and provide massive visibility benefits for Utahs national parks. These plants have avoided pollution reductions for decades. Now is the time for EPA to act.
Similarly, in Wyoming, the state failed to even consider pollution controls at the states largest polluters, including Jim Bridger, Naughton, Dave Johnston, and Wyodak coal plants. Each of these facilities could install cost-effective pollution controls, including SCRs, that would result in significant air-quality improvements across the state.
Please finalize the proposed disapprovals of Utah and Wyomings do-nothing plans and require enforceable pollution reductions, including SCR installation, on our states' biggest polluters Hunter, Huntington, Jim Bridger, Naughton, Dave Johnston, and Wyodak.",https://www.regulations.gov/comment/EPA-R08-OAR-2024-0389-0532,,false,source=Regulations.gov v4 comment detail; retrievedAt=2026-09-12T18:11:40+00:00; commentOnDocumentId=EPA-R08-OAR-2024-0389-0001; duplicateComments=1; organizationMissing=true
EPA-R08-OAR-2024-0389,EPA-R08-OAR-2024-0389-0533,Neal Moranton,not provided by public Regulations.gov fields,2024-10-09T04:00:00Z,"Wyoming and Utah have submitted Regional Haze State Implementation Plans with no proposed pollution reductions, allowing some of the nation's biggest polluters to remain uncontrolled for nitrogen oxide, sulfur dioxide, and other pollutants when common-sense controls exist that could significantly cut those emissions.
EPAs proposed disapprovals of these do-nothing state plans are a critical first step to protect air quality, both in national parks and our communities. I urge EPA to finalize its proposed disapprovals and act quickly to implement plans that will result in real pollution reductions.
In Utah, EPA analysis shows that installing selective catalytic reduction (SCR) on Hunter and Huntington coal plants would be cost-effective and provide massive visibility benefits for Utahs national parks. These plants have avoided pollution reductions for decades. Now is the time for EPA to act.
Similarly, in Wyoming, the state failed to even consider pollution controls at the states largest polluters, including Jim Bridger, Naughton, Dave Johnston, and Wyodak coal plants. Each of these facilities could install cost-effective pollution controls, including SCRs, that would result in significant air-quality improvements across the state.
Please finalize the proposed disapprovals of Utah and Wyomings do-nothing plans and require enforceable pollution reductions, including SCR installation, on our states' biggest polluters Hunter, Huntington, Jim Bridger, Naughton, Dave Johnston, and Wyodak.",https://www.regulations.gov/comment/EPA-R08-OAR-2024-0389-0533,,false,source=Regulations.gov v4 comment detail; retrievedAt=2026-09-12T18:11:40+00:00; commentOnDocumentId=EPA-R08-OAR-2024-0389-0001; duplicateComments=1; organizationMissing=true
EPA-R08-OAR-2024-0389,EPA-R08-OAR-2024-0389-0534,Sandra Ciske,not provided by public Regulations.gov fields,2024-10-09T04:00:00Z,"Please require the strongest possible standards now for the well being of people, communities and the environment.
Thank you.
Wyoming and Utah have submitted Regional Haze State Implementation Plans with no proposed pollution reductions, allowing some of the nation's biggest polluters to remain uncontrolled for nitrogen oxide, sulfur dioxide, and other pollutants when common-sense controls exist that could significantly cut those emissions.
EPAs proposed disapprovals of these do-nothing state plans are a critical first step to protect air quality, both in national parks and our communities. I urge EPA to finalize its proposed disapprovals and act quickly to implement plans that will result in real pollution reductions.
In Utah, EPA analysis shows that installing selective catalytic reduction (SCR) on Hunter and Huntington coal plants would be cost-effective and provide massive visibility benefits for Utahs national parks. These plants have avoided pollution reductions for decades. Now is the time for EPA to act.
Similarly, in Wyoming, the state failed to even consider pollution controls at the states largest polluters, including Jim Bridger, Naughton, Dave Johnston, and Wyodak coal plants. Each of these facilities could install cost-effective pollution controls, including SCRs, that would result in significant air-quality improvements across the state.
Please finalize the proposed disapprovals of Utah and Wyomings do-nothing plans and require enforceable pollution reductions, including SCR installation, on our states' biggest polluters Hunter, Huntington, Jim Bridger, Naughton, Dave Johnston, and Wyodak.",https://www.regulations.gov/comment/EPA-R08-OAR-2024-0389-0534,,false,source=Regulations.gov v4 comment detail; retrievedAt=2026-09-12T18:11:40+00:00; commentOnDocumentId=EPA-R08-OAR-2024-0389-0001; duplicateComments=1; organizationMissing=true
EPA-R08-OAR-2024-0389,EPA-R08-OAR-2024-0389-0535,Jill Van Cise,not provided by public Regulations.gov fields,2024-10-09T04:00:00Z,"Wyoming and Utah have submitted Regional Haze State Implementation Plans with no proposed pollution reductions, allowing some of the nation's biggest polluters to remain uncontrolled for nitrogen oxide, sulfur dioxide, and other pollutants when common-sense controls exist that could significantly cut those emissions.
EPAs proposed disapprovals of these do-nothing state plans are a critical first step to protect air quality, both in national parks and our communities. I urge EPA to finalize its proposed disapprovals and act quickly to implement plans that will result in real pollution reductions.
In Utah, EPA analysis shows that installing selective catalytic reduction (SCR) on Hunter and Huntington coal plants would be cost-effective and provide massive visibility benefits for Utahs national parks. These plants have avoided pollution reductions for decades. Now is the time for EPA to act.
Similarly, in Wyoming, the state failed to even consider pollution controls at the states largest polluters, including Jim Bridger, Naughton, Dave Johnston, and Wyodak coal plants. Each of these facilities could install cost-effective pollution controls, including SCRs, that would result in significant air-quality improvements across the state.
Please finalize the proposed disapprovals of Utah and Wyomings do-nothing plans and require enforceable pollution reductions, including SCR installation, on our states' biggest polluters Hunter, Huntington, Jim Bridger, Naughton, Dave Johnston, and Wyodak.
Jil Karen Van Cise",https://www.regulations.gov/comment/EPA-R08-OAR-2024-0389-0535,,false,source=Regulations.gov v4 comment detail; retrievedAt=2026-09-12T18:11:40+00:00; commentOnDocumentId=EPA-R08-OAR-2024-0389-0001; duplicateComments=1; organizationMissing=true
EPA-R08-OAR-2024-0389,EPA-R08-OAR-2024-0389-0536,Jamie Wolf,not provided by public Regulations.gov fields,2024-10-09T04:00:00Z,"Wyoming and Utah have submitted Regional Haze State Implementation Plans with no proposed pollution reductions, allowing some of the nation's biggest polluters to remain uncontrolled for nitrogen oxide, sulfur dioxide, and other pollutants when common-sense controls exist that could significantly cut those emissions.
EPAs proposed disapprovals of these do-nothing state plans are a critical first step to protect air quality, both in national parks and our communities. I urge EPA to finalize its proposed disapprovals and act quickly to implement plans that will result in real pollution reductions.
In Utah, EPA analysis shows that installing selective catalytic reduction (SCR) on Hunter and Huntington coal plants would be cost-effective and provide massive visibility benefits for Utahs national parks. These plants have avoided pollution reductions for decades. Now is the time for EPA to act.
Similarly, in Wyoming, the state failed to even consider pollution controls at the states largest polluters, including Jim Bridger, Naughton, Dave Johnston, and Wyodak coal plants. Each of these facilities could install cost-effective pollution controls, including SCRs, that would result in significant air-quality improvements across the state.
Please finalize the proposed disapprovals of Utah and Wyomings do-nothing plans and require enforceable pollution reductions, including SCR installation, on our states' biggest polluters Hunter, Huntington, Jim Bridger, Naughton, Dave Johnston, and Wyodak.",https://www.regulations.gov/comment/EPA-R08-OAR-2024-0389-0536,,false,source=Regulations.gov v4 comment detail; retrievedAt=2026-09-12T18:11:40+00:00; commentOnDocumentId=EPA-R08-OAR-2024-0389-0001; duplicateComments=1; organizationMissing=true
EPA-R08-OAR-2024-0389,EPA-R08-OAR-2024-0389-0537,Norman Lewis,not provided by public Regulations.gov fields,2024-10-09T04:00:00Z,"Wyoming and Utah have submitted Regional Haze State Implementation Plans with no proposed pollution reductions, allowing some of the nation's biggest polluters to remain uncontrolled for nitrogen oxide, sulfur dioxide, and other pollutants when common-sense controls exist that could significantly cut those emissions.
EPAs proposed disapprovals of these do-nothing state plans are a critical first step to protect air quality, both in national parks and our communities. I urge EPA to finalize its proposed disapprovals and act quickly to implement plans that will result in real pollution reductions.
In Utah, EPA analysis shows that installing selective catalytic reduction (SCR) on Hunter and Huntington coal plants would be cost-effective and provide massive visibility benefits for Utahs national parks. These plants have avoided pollution reductions for decades. Now is the time for EPA to act.
Similarly, in Wyoming, the state failed to even consider pollution controls at the states largest polluters, including Jim Bridger, Naughton, Dave Johnston, and Wyodak coal plants. Each of these facilities could install cost-effective pollution controls, including SCRs, that would result in significant air-quality improvements across the state.
Please finalize the proposed disapprovals of Utah and Wyomings do-nothing plans and require enforceable pollution reductions, including SCR installation, on our states' biggest polluters Hunter, Huntington, Jim Bridger, Naughton, Dave Johnston, and Wyodak.",https://www.regulations.gov/comment/EPA-R08-OAR-2024-0389-0537,,false,source=Regulations.gov v4 comment detail; retrievedAt=2026-09-12T18:11:40+00:00; commentOnDocumentId=EPA-R08-OAR-2024-0389-0001; duplicateComments=1; organizationMissing=true
EPA-R08-OAR-2024-0389,EPA-R08-OAR-2024-0389-0538,Margie Heller,not provided by public Regulations.gov fields,2024-10-09T04:00:00Z,"Wyoming and Utah have submitted Regional Haze State Implementation Plans with no proposed pollution reductions, allowing some of the nation's biggest polluters to remain uncontrolled for nitrogen oxide, sulfur dioxide, and other pollutants when common-sense controls exist that could significantly cut those emissions.
EPAs proposed disapprovals of these do-nothing state plans are a critical first step to protect air quality, both in national parks and our communities. I urge EPA to finalize its proposed disapprovals and act quickly to implement plans that will result in real pollution reductions.
In Utah, EPA analysis shows that installing selective catalytic reduction (SCR) on Hunter and Huntington coal plants would be cost-effective and provide massive visibility benefits for Utahs national parks. These plants have avoided pollution reductions for decades. Now is the time for EPA to act.
Similarly, in Wyoming, the state failed to even consider pollution controls at the states largest polluters, including Jim Bridger, Naughton, Dave Johnston, and Wyodak coal plants. Each of these facilities could install cost-effective pollution controls, including SCRs, that would result in significant air-quality improvements across the state.
Please finalize the proposed disapprovals of Utah and Wyomings do-nothing plans and require enforceable pollution reductions, including SCR installation, on our states' biggest polluters Hunter, Huntington, Jim Bridger, Naughton, Dave Johnston, and Wyodak.",https://www.regulations.gov/comment/EPA-R08-OAR-2024-0389-0538,,false,source=Regulations.gov v4 comment detail; retrievedAt=2026-09-12T18:11:40+00:00; commentOnDocumentId=EPA-R08-OAR-2024-0389-0001; duplicateComments=1; organizationMissing=true
EPA-R08-OAR-2024-0389,EPA-R08-OAR-2024-0389-0539,AJ Cho,not provided by public Regulations.gov fields,2024-10-09T04:00:00Z,"Wyoming and Utah have submitted Regional Haze State Implementation Plans with no proposed pollution reductions, allowing some of the nation's biggest polluters to remain uncontrolled for nitrogen oxide, sulfur dioxide, and other pollutants when common-sense controls exist that could significantly cut those emissions.
EPAs proposed disapprovals of these do-nothing state plans are a critical first step to protect air quality, both in national parks and our communities. I urge EPA to finalize its proposed disapprovals and act quickly to implement plans that will result in real pollution reductions.
In Utah, EPA analysis shows that installing selective catalytic reduction (SCR) on Hunter and Huntington coal plants would be cost-effective and provide massive visibility benefits for Utahs national parks. These plants have avoided pollution reductions for decades. Now is the time for EPA to act.
Similarly, in Wyoming, the state failed to even consider pollution controls at the states largest polluters, including Jim Bridger, Naughton, Dave Johnston, and Wyodak coal plants. Each of these facilities could install cost-effective pollution controls, including SCRs, that would result in significant air-quality improvements across the state.
Please finalize the proposed disapprovals of Utah and Wyomings do-nothing plans and require enforceable pollution reductions, including SCR installation, on our states' biggest polluters Hunter, Huntington, Jim Bridger, Naughton, Dave Johnston, and Wyodak.",https://www.regulations.gov/comment/EPA-R08-OAR-2024-0389-0539,,false,source=Regulations.gov v4 comment detail; retrievedAt=2026-09-12T18:11:40+00:00; commentOnDocumentId=EPA-R08-OAR-2024-0389-0001; duplicateComments=1; organizationMissing=true
EPA-R08-OAR-2024-0389,EPA-R08-OAR-2024-0389-0540,Vincent Murray,not provided by public Regulations.gov fields,2024-10-09T04:00:00Z,"Our National Parks are national treasures. We must do everything we can to protect them, just as we would our most cherished cathedrals. They are that important! Please end pollution that middies their skies.
Wyoming and Utah have submitted Regional Haze State Implementation Plans with no proposed pollution reductions, allowing some of the nation's biggest polluters to remain uncontrolled for nitrogen oxide, sulfur dioxide, and other pollutants when common-sense controls exist that could significantly cut those emissions.
EPAs proposed disapprovals of these do-nothing state plans are a critical first step to protect air quality, both in national parks and our communities. I urge EPA to finalize its proposed disapprovals and act quickly to implement plans that will result in real pollution reductions.
In Utah, EPA analysis shows that installing selective catalytic reduction (SCR) on Hunter and Huntington coal plants would be cost-effective and provide massive visibility benefits for Utahs national parks. These plants have avoided pollution reductions for decades. Now is the time for EPA to act.
Similarly, in Wyoming, the state failed to even consider pollution controls at the states largest polluters, including Jim Bridger, Naughton, Dave Johnston, and Wyodak coal plants. Each of these facilities could install cost-effective pollution controls, including SCRs, that would result in significant air-quality improvements across the state.
Please finalize the proposed disapprovals of Utah and Wyomings do-nothing plans and require enforceable pollution reductions, including SCR installation, on our states' biggest polluters Hunter, Huntington, Jim Bridger, Naughton, Dave Johnston, and Wyodak.",https://www.regulations.gov/comment/EPA-R08-OAR-2024-0389-0540,,false,source=Regulations.gov v4 comment detail; retrievedAt=2026-09-12T18:11:40+00:00; commentOnDocumentId=EPA-R08-OAR-2024-0389-0001; duplicateComments=1; organizationMissing=true
EPA-R08-OAR-2024-0389,EPA-R08-OAR-2024-0389-0541,Rachel Mercedes Verdugo,not provided by public Regulations.gov fields,2024-10-09T04:00:00Z,"It's a car of more moneys, again !!!
Wyoming and Utah have submitted Regional Haze State Implementation Plans with no proposed pollution reductions, allowing some of the nation's biggest polluters to remain uncontrolled for nitrogen oxide, sulfur dioxide, and other pollutants when common-sense controls exist that could significantly cut those emissions.
EPAs proposed disapprovals of these do-nothing state plans are a critical first step to protect air quality, both in national parks and our communities. I urge EPA to finalize its proposed disapprovals and act quickly to implement plans that will result in real pollution reductions.
In Utah, EPA analysis shows that installing selective catalytic reduction (SCR) on Hunter and Huntington coal plants would be cost-effective and provide massive visibility benefits for Utahs national parks. These plants have avoided pollution reductions for decades. Now is the time for EPA to act.
Similarly, in Wyoming, the state failed to even consider pollution controls at the states largest polluters, including Jim Bridger, Naughton, Dave Johnston, and Wyodak coal plants. Each of these facilities could install cost-effective pollution controls, including SCRs, that would result in significant air-quality improvements across the state.
Please finalize the proposed disapprovals of Utah and Wyomings do-nothing plans and require enforceable pollution reductions, including SCR installation, on our states' biggest polluters Hunter, Huntington, Jim Bridger, Naughton, Dave Johnston, and Wyodak.",https://www.regulations.gov/comment/EPA-R08-OAR-2024-0389-0541,,false,source=Regulations.gov v4 comment detail; retrievedAt=2026-09-12T18:11:40+00:00; commentOnDocumentId=EPA-R08-OAR-2024-0389-0001; duplicateComments=1; organizationMissing=true
EPA-R08-OAR-2024-0389,EPA-R08-OAR-2024-0389-0542,Charles Raymond,not provided by public Regulations.gov fields,2024-10-09T04:00:00Z,"Wyoming and Utah have submitted Regional Haze State Implementation Plans with no proposed pollution reductions, allowing some of the nation's biggest polluters to remain uncontrolled for nitrogen oxide, sulfur dioxide, and other pollutants when common-sense controls exist that could significantly cut those emissions.
EPAs proposed disapprovals of these do-nothing state plans are a critical first step to protect air quality, both in national parks and our communities. I urge EPA to finalize its proposed disapprovals and act quickly to implement plans that will result in real pollution reductions.
In Utah, EPA analysis shows that installing selective catalytic reduction (SCR) on Hunter and Huntington coal plants would be cost-effective and provide massive visibility benefits for Utahs national parks. These plants have avoided pollution reductions for decades. Now is the time for EPA to act.
Similarly, in Wyoming, the state failed to even consider pollution controls at the states largest polluters, including Jim Bridger, Naughton, Dave Johnston, and Wyodak coal plants. Each of these facilities could install cost-effective pollution controls, including SCRs, that would result in significant air-quality improvements across the state.
Please finalize the proposed disapprovals of Utah and Wyomings do-nothing plans and require enforceable pollution reductions, including SCR installation, on our states' biggest polluters Hunter, Huntington, Jim Bridger, Naughton, Dave Johnston, and Wyodak.",https://www.regulations.gov/comment/EPA-R08-OAR-2024-0389-0542,,false,source=Regulations.gov v4 comment detail; retrievedAt=2026-09-12T18:11:40+00:00; commentOnDocumentId=EPA-R08-OAR-2024-0389-0001; duplicateComments=1; organizationMissing=true
EPA-R08-OAR-2024-0389,EPA-R08-OAR-2024-0389-0543,Sarah Tamor,not provided by public Regulations.gov fields,2024-10-09T04:00:00Z,"PLEASE REJECT the Regional Haze Plans from WY and Utah! PLEASE PROTECT OUR AIR QUALITY!
Wyoming and Utah have submitted Regional Haze State Implementation Plans with no proposed pollution reductions, allowing some of the nation's biggest polluters to remain uncontrolled for nitrogen oxide, sulfur dioxide, and other pollutants when common-sense controls exist that could significantly cut those emissions.
EPAs proposed disapprovals of these do-nothing state plans are a critical first step to protect air quality, both in national parks and our communities. I urge EPA to finalize its proposed disapprovals and act quickly to implement plans that will result in real pollution reductions.
In Utah, EPA analysis shows that installing selective catalytic reduction (SCR) on Hunter and Huntington coal plants would be cost-effective and provide massive visibility benefits for Utahs national parks. These plants have avoided pollution reductions for decades. Now is the time for EPA to act.
Similarly, in Wyoming, the state failed to even consider pollution controls at the states largest polluters, including Jim Bridger, Naughton, Dave Johnston, and Wyodak coal plants. Each of these facilities could install cost-effective pollution controls, including SCRs, that would result in significant air-quality improvements across the state.
Please finalize the proposed disapprovals of Utah and Wyomings do-nothing plans and require enforceable pollution reductions, including SCR installation, on our states' biggest polluters Hunter, Huntington, Jim Bridger, Naughton, Dave Johnston, and Wyodak.",https://www.regulations.gov/comment/EPA-R08-OAR-2024-0389-0543,,false,source=Regulations.gov v4 comment detail; retrievedAt=2026-09-12T18:11:40+00:00; commentOnDocumentId=EPA-R08-OAR-2024-0389-0001; duplicateComments=1; organizationMissing=true
EPA-R08-OAR-2024-0389,EPA-R08-OAR-2024-0389-0544,Judy Kahle,not provided by public Regulations.gov fields,2024-10-09T04:00:00Z,"National Parks are essential for providing habitat for wildlife that is also impacted by coal produced smog.
Wyoming and Utah have submitted Regional Haze State Implementation Plans with no proposed pollution reductions, allowing some of the nation's biggest polluters to remain uncontrolled for nitrogen oxide, sulfur dioxide, and other pollutants when common-sense controls exist that could significantly cut those emissions.
EPAs proposed disapprovals of these do-nothing state plans are a critical first step to protect air quality, both in national parks and our communities. I urge EPA to finalize its proposed disapprovals and act quickly to implement plans that will result in real pollution reductions.
In Utah, EPA analysis shows that installing selective catalytic reduction (SCR) on Hunter and Huntington coal plants would be cost-effective and provide massive visibility benefits for Utahs national parks. These plants have avoided pollution reductions for decades. Now is the time for EPA to act.
Similarly, in Wyoming, the state failed to even consider pollution controls at the states largest polluters, including Jim Bridger, Naughton, Dave Johnston, and Wyodak coal plants. Each of these facilities could install cost-effective pollution controls, including SCRs, that would result in significant air-quality improvements across the state.
Please finalize the proposed disapprovals of Utah and Wyomings do-nothing plans and require enforceable pollution reductions, including SCR installation, on our states' biggest polluters Hunter, Huntington, Jim Bridger, Naughton, Dave Johnston, and Wyodak.",https://www.regulations.gov/comment/EPA-R08-OAR-2024-0389-0544,,false,source=Regulations.gov v4 comment detail; retrievedAt=2026-09-12T18:11:40+00:00; commentOnDocumentId=EPA-R08-OAR-2024-0389-0001; duplicateComments=1; organizationMissing=true
EPA-R08-OAR-2024-0389,EPA-R08-OAR-2024-0389-0545,Rachel Mercedes Verdugo,not provided by public Regulations.gov fields,2024-10-09T04:00:00Z,"Needs to be done
Wyoming and Utah have submitted Regional Haze State Implementation Plans with no proposed pollution reductions, allowing some of the nation's biggest polluters to remain uncontrolled for nitrogen oxide, sulfur dioxide, and other pollutants when common-sense controls exist that could significantly cut those emissions.
EPAs proposed disapprovals of these do-nothing state plans are a critical first step to protect air quality, both in national parks and our communities. I urge EPA to finalize its proposed disapprovals and act quickly to implement plans that will result in real pollution reductions.
In Utah, EPA analysis shows that installing selective catalytic reduction (SCR) on Hunter and Huntington coal plants would be cost-effective and provide massive visibility benefits for Utahs national parks. These plants have avoided pollution reductions for decades. Now is the time for EPA to act.
Similarly, in Wyoming, the state failed to even consider pollution controls at the states largest polluters, including Jim Bridger, Naughton, Dave Johnston, and Wyodak coal plants. Each of these facilities could install cost-effective pollution controls, including SCRs, that would result in significant air-quality improvements across the state.
Please finalize the proposed disapprovals of Utah and Wyomings do-nothing plans and require enforceable pollution reductions, including SCR installation, on our states' biggest polluters Hunter, Huntington, Jim Bridger, Naughton, Dave Johnston, and Wyodak.",https://www.regulations.gov/comment/EPA-R08-OAR-2024-0389-0545,,false,source=Regulations.gov v4 comment detail; retrievedAt=2026-09-12T18:11:40+00:00; commentOnDocumentId=EPA-R08-OAR-2024-0389-0001; duplicateComments=1; organizationMissing=true
EPA-R08-OAR-2024-0389,EPA-R08-OAR-2024-0389-0546,Gary Gill,not provided by public Regulations.gov fields,2024-10-09T04:00:00Z,"Wyoming and Utah have submitted Regional Haze State Implementation Plans with no proposed pollution reductions, allowing some of the nation's biggest polluters to remain uncontrolled for nitrogen oxide, sulfur dioxide, and other pollutants when common-sense controls exist that could significantly cut those emissions.
EPAs proposed disapprovals of these do-nothing state plans are a critical first step to protect air quality, both in national parks and our communities. I urge EPA to finalize its proposed disapprovals and act quickly to implement plans that will result in real pollution reductions.
In Utah, EPA analysis shows that installing selective catalytic reduction (SCR) on Hunter and Huntington coal plants would be cost-effective and provide massive visibility benefits for Utahs national parks. These plants have avoided pollution reductions for decades. Now is the time for EPA to act.
Similarly, in Wyoming, the state failed to even consider pollution controls at the states largest polluters, including Jim Bridger, Naughton, Dave Johnston, and Wyodak coal plants. Each of these facilities could install cost-effective pollution controls, including SCRs, that would result in significant air-quality improvements across the state.
Please finalize the proposed disapprovals of Utah and Wyomings do-nothing plans and require enforceable pollution reductions, including SCR installation, on our states' biggest polluters Hunter, Huntington, Jim Bridger, Naughton, Dave Johnston, and Wyodak.",https://www.regulations.gov/comment/EPA-R08-OAR-2024-0389-0546,,false,source=Regulations.gov v4 comment detail; retrievedAt=2026-09-12T18:11:40+00:00; commentOnDocumentId=EPA-R08-OAR-2024-0389-0001; duplicateComments=1; organizationMissing=true
EPA-R08-OAR-2024-0389,EPA-R08-OAR-2024-0389-0547,Doug Evans,not provided by public Regulations.gov fields,2024-10-09T04:00:00Z,"Wyoming and Utah have submitted Regional Haze State Implementation Plans with no proposed pollution reductions, allowing some of the nation's biggest polluters to remain uncontrolled for nitrogen oxide, sulfur dioxide, and other pollutants when common-sense controls exist that could significantly cut those emissions.
EPAs proposed disapprovals of these do-nothing state plans are a critical first step to protect air quality, both in national parks and our communities. I urge EPA to finalize its proposed disapprovals and act quickly to implement plans that will result in real pollution reductions.
In Utah, EPA analysis shows that installing selective catalytic reduction (SCR) on Hunter and Huntington coal plants would be cost-effective and provide massive visibility benefits for Utahs national parks. These plants have avoided pollution reductions for decades. Now is the time for EPA to act.
Similarly, in Wyoming, the state failed to even consider pollution controls at the states largest polluters, including Jim Bridger, Naughton, Dave Johnston, and Wyodak coal plants. Each of these facilities could install cost-effective pollution controls, including SCRs, that would result in significant air-quality improvements across the state.
Please finalize the proposed disapprovals of Utah and Wyomings do-nothing plans and require enforceable pollution reductions, including SCR installation, on our states' biggest polluters Hunter, Huntington, Jim Bridger, Naughton, Dave Johnston, and Wyodak.",https://www.regulations.gov/comment/EPA-R08-OAR-2024-0389-0547,,false,source=Regulations.gov v4 comment detail; retrievedAt=2026-09-12T18:11:40+00:00; commentOnDocumentId=EPA-R08-OAR-2024-0389-0001; duplicateComments=1; organizationMissing=true
EPA-R08-OAR-2024-0389,EPA-R08-OAR-2024-0389-0548,Hanna Kemink,not provided by public Regulations.gov fields,2024-10-09T04:00:00Z,"America is not China yet! Please keep our air and rivers clean.
Wyoming and Utah have submitted Regional Haze State Implementation Plans with no proposed pollution reductions, allowing some of the nation's biggest polluters to remain uncontrolled for nitrogen oxide, sulfur dioxide, and other pollutants when common-sense controls exist that could significantly cut those emissions.
EPAs proposed disapprovals of these do-nothing state plans are a critical first step to protect air quality, both in national parks and our communities. I urge EPA to finalize its proposed disapprovals and act quickly to implement plans that will result in real pollution reductions.
In Utah, EPA analysis shows that installing selective catalytic reduction (SCR) on Hunter and Huntington coal plants would be cost-effective and provide massive visibility benefits for Utahs national parks. These plants have avoided pollution reductions for decades. Now is the time for EPA to act.
Similarly, in Wyoming, the state failed to even consider pollution controls at the states largest polluters, including Jim Bridger, Naughton, Dave Johnston, and Wyodak coal plants. Each of these facilities could install cost-effective pollution controls, including SCRs, that would result in significant air-quality improvements across the state.
Please finalize the proposed disapprovals of Utah and Wyomings do-nothing plans and require enforceable pollution reductions, including SCR installation, on our states' biggest polluters Hunter, Huntington, Jim Bridger, Naughton, Dave Johnston, and Wyodak.",https://www.regulations.gov/comment/EPA-R08-OAR-2024-0389-0548,,false,source=Regulations.gov v4 comment detail; retrievedAt=2026-09-12T18:11:40+00:00; commentOnDocumentId=EPA-R08-OAR-2024-0389-0001; duplicateComments=1; organizationMissing=true
EPA-R08-OAR-2024-0389,EPA-R08-OAR-2024-0389-0549,Vic Deangelo,not provided by public Regulations.gov fields,2024-10-09T04:00:00Z,"Wyoming and Utah have submitted Regional Haze State Implementation Plans with no proposed pollution reductions, allowing some of the nation's biggest polluters to remain uncontrolled for nitrogen oxide, sulfur dioxide, and other pollutants when common-sense controls exist that could significantly cut those emissions.
EPAs proposed disapprovals of these do-nothing state plans are a critical first step to protect air quality, both in national parks and our communities. I urge EPA to finalize its proposed disapprovals and act quickly to implement plans that will result in real pollution reductions.
In Utah, EPA analysis shows that installing selective catalytic reduction (SCR) on Hunter and Huntington coal plants would be cost-effective and provide massive visibility benefits for Utahs national parks. These plants have avoided pollution reductions for decades. Now is the time for EPA to act.
Similarly, in Wyoming, the state failed to even consider pollution controls at the states largest polluters, including Jim Bridger, Naughton, Dave Johnston, and Wyodak coal plants. Each of these facilities could install cost-effective pollution controls, including SCRs, that would result in significant air-quality improvements across the state.
Please finalize the proposed disapprovals of Utah and Wyomings do-nothing plans and require enforceable pollution reductions, including SCR installation, on our states' biggest polluters Hunter, Huntington, Jim Bridger, Naughton, Dave Johnston, and Wyodak.",https://www.regulations.gov/comment/EPA-R08-OAR-2024-0389-0549,,false,source=Regulations.gov v4 comment detail; retrievedAt=2026-09-12T18:11:40+00:00; commentOnDocumentId=EPA-R08-OAR-2024-0389-0001; duplicateComments=1; organizationMissing=true
EPA-R08-OAR-2024-0389,EPA-R08-OAR-2024-0389-0550,Michael Silver,not provided by public Regulations.gov fields,2024-10-09T04:00:00Z,"Wyoming and Utah have submitted Regional Haze State Implementation Plans with no proposed pollution reductions, allowing some of the nation's biggest polluters to remain uncontrolled for nitrogen oxide, sulfur dioxide, and other pollutants when common-sense controls exist that could significantly cut those emissions.
EPAs proposed disapprovals of these do-nothing state plans are a critical first step to protect air quality, both in national parks and our communities. I urge EPA to finalize its proposed disapprovals and act quickly to implement plans that will result in real pollution reductions.
In Utah, EPA analysis shows that installing selective catalytic reduction (SCR) on Hunter and Huntington coal plants would be cost-effective and provide massive visibility benefits for Utahs national parks. These plants have avoided pollution reductions for decades. Now is the time for EPA to act.
Similarly, in Wyoming, the state failed to even consider pollution controls at the states largest polluters, including Jim Bridger, Naughton, Dave Johnston, and Wyodak coal plants. Each of these facilities could install cost-effective pollution controls, including SCRs, that would result in significant air-quality improvements across the state.
Please finalize the proposed disapprovals of Utah and Wyomings do-nothing plans and require enforceable pollution reductions, including SCR installation, on our states' biggest polluters Hunter, Huntington, Jim Bridger, Naughton, Dave Johnston, and Wyodak.",https://www.regulations.gov/comment/EPA-R08-OAR-2024-0389-0550,,false,source=Regulations.gov v4 comment detail; retrievedAt=2026-09-12T18:11:40+00:00; commentOnDocumentId=EPA-R08-OAR-2024-0389-0001; duplicateComments=1; organizationMissing=true
EPA-R08-OAR-2024-0389,EPA-R08-OAR-2024-0389-0551,Robert Thornhill,not provided by public Regulations.gov fields,2024-10-09T04:00:00Z,"Wyoming and Utah have submitted Regional Haze State Implementation Plans with no proposed pollution reductions, allowing some of the nation's biggest polluters to remain uncontrolled for nitrogen oxide, sulfur dioxide, and other pollutants when common-sense controls exist that could significantly cut those emissions.
EPAs proposed disapprovals of these do-nothing state plans are a critical first step to protect air quality, both in national parks and our communities. I urge EPA to finalize its proposed disapprovals and act quickly to implement plans that will result in real pollution reductions.
In Utah, EPA analysis shows that installing selective catalytic reduction (SCR) on Hunter and Huntington coal plants would be cost-effective and provide massive visibility benefits for Utahs national parks. These plants have avoided pollution reductions for decades. Now is the time for EPA to act.
Similarly, in Wyoming, the state failed to even consider pollution controls at the states largest polluters, including Jim Bridger, Naughton, Dave Johnston, and Wyodak coal plants. Each of these facilities could install cost-effective pollution controls, including SCRs, that would result in significant air-quality improvements across the state.
Please finalize the proposed disapprovals of Utah and Wyomings do-nothing plans and require enforceable pollution reductions, including SCR installation, on our states' biggest polluters Hunter, Huntington, Jim Bridger, Naughton, Dave Johnston, and Wyodak.",https://www.regulations.gov/comment/EPA-R08-OAR-2024-0389-0551,,false,source=Regulations.gov v4 comment detail; retrievedAt=2026-09-12T18:11:40+00:00; commentOnDocumentId=EPA-R08-OAR-2024-0389-0001; duplicateComments=1; organizationMissing=true
EPA-R08-OAR-2024-0389,EPA-R08-OAR-2024-0389-0552,Philip Colvard,not provided by public Regulations.gov fields,2024-10-09T04:00:00Z,"Wyoming and Utah have submitted Regional Haze State Implementation Plans with no proposed pollution reductions, allowing some of the nation's biggest polluters to remain uncontrolled for nitrogen oxide, sulfur dioxide, and other pollutants when common-sense controls exist that could significantly cut those emissions.
EPAs proposed rejections of these terrible state plans are a critical first step to protect air quality, both in national parks and our communities. I urge EPA to finalize its proposed disapprovals and act quickly to implement plans that will result in real pollution reductions.
In Utah, EPA analysis shows that installing selective catalytic reduction (SCR) on Hunter and Huntington coal plants would be cost-effective and provide massive visibility benefits for Utahs national parks. These plants have avoided pollution reductions for decades. Now is the time for EPA to act.
Similarly, in Wyoming, the state failed to even consider pollution controls at the states largest polluters, including Jim Bridger, Naughton, Dave Johnston, and Wyodak coal plants. Each of these facilities could install cost-effective pollution controls, including SCRs, that would result in significant air-quality improvements across the state.
Please finalize the proposed disapprovals of Utah and Wyomings plans and require enforceable pollution reductions, including SCR installation, on our states' biggest polluters Hunter, Huntington, Jim Bridger, Naughton, Dave Johnston, and Wyodak.",https://www.regulations.gov/comment/EPA-R08-OAR-2024-0389-0552,,false,source=Regulations.gov v4 comment detail; retrievedAt=2026-09-12T18:11:40+00:00; commentOnDocumentId=EPA-R08-OAR-2024-0389-0001; duplicateComments=1; organizationMissing=true
EPA-R08-OAR-2024-0389,EPA-R08-OAR-2024-0389-0553,Janet Miller,not provided by public Regulations.gov fields,2024-10-09T04:00:00Z,"Wyoming and Utah have submitted Regional Haze State Implementation Plans with no proposed pollution reductions, allowing some of the nation's biggest polluters to remain uncontrolled for nitrogen oxide, sulfur dioxide, and other pollutants when common-sense controls exist that could significantly cut those emissions.
EPAs proposed disapprovals of these do-nothing state plans are a critical first step to protect air quality, both in national parks and our communities. I urge EPA to finalize its proposed disapprovals and act quickly to implement plans that will result in real pollution reductions.
In Utah, EPA analysis shows that installing selective catalytic reduction (SCR) on Hunter and Huntington coal plants would be cost-effective and provide massive visibility benefits for Utahs national parks. These plants have avoided pollution reductions for decades. Now is the time for EPA to act.
Similarly, in Wyoming, the state failed to even consider pollution controls at the states largest polluters, including Jim Bridger, Naughton, Dave Johnston, and Wyodak coal plants. Each of these facilities could install cost-effective pollution controls, including SCRs, that would result in significant air-quality improvements across the state.
Please finalize the proposed disapprovals of Utah and Wyomings do-nothing plans and require enforceable pollution reductions, including SCR installation, on our states' biggest polluters Hunter, Huntington, Jim Bridger, Naughton, Dave Johnston, and Wyodak.",https://www.regulations.gov/comment/EPA-R08-OAR-2024-0389-0553,,false,source=Regulations.gov v4 comment detail; retrievedAt=2026-09-12T18:11:40+00:00; commentOnDocumentId=EPA-R08-OAR-2024-0389-0001; duplicateComments=1; organizationMissing=true
EPA-R08-OAR-2024-0389,EPA-R08-OAR-2024-0389-0554,Maureen Fry,not provided by public Regulations.gov fields,2024-10-09T04:00:00Z,"Wyoming and Utah have submitted Regional Haze State Implementation Plans with no proposed pollution reductions, allowing some of the nation's biggest polluters to remain uncontrolled for nitrogen oxide, sulfur dioxide, and other pollutants when common-sense controls exist that could significantly cut those emissions.
EPAs proposed disapprovals of these do-nothing state plans are a critical first step to protect air quality, both in national parks and our communities. I urge EPA to finalize its proposed disapprovals and act quickly to implement plans that will result in real pollution reductions.
In Utah, EPA analysis shows that installing selective catalytic reduction (SCR) on Hunter and Huntington coal plants would be cost-effective and provide massive visibility benefits for Utahs national parks. These plants have avoided pollution reductions for decades. Now is the time for EPA to act.
Similarly, in Wyoming, the state failed to even consider pollution controls at the states largest polluters, including Jim Bridger, Naughton, Dave Johnston, and Wyodak coal plants. Each of these facilities could install cost-effective pollution controls, including SCRs, that would result in significant air-quality improvements across the state.
Please finalize the proposed disapprovals of Utah and Wyomings do-nothing plans and require enforceable pollution reductions, including SCR installation, on our states' biggest polluters Hunter, Huntington, Jim Bridger, Naughton, Dave Johnston, and Wyodak.",https://www.regulations.gov/comment/EPA-R08-OAR-2024-0389-0554,,false,source=Regulations.gov v4 comment detail; retrievedAt=2026-09-12T18:11:40+00:00; commentOnDocumentId=EPA-R08-OAR-2024-0389-0001; duplicateComments=1; organizationMissing=true
EPA-R08-OAR-2024-0389,EPA-R08-OAR-2024-0389-0555,Deanna Johnson,not provided by public Regulations.gov fields,2024-10-09T04:00:00Z,"Wyoming and Utah have submitted Regional Haze State Implementation Plans with no proposed pollution reductions, allowing some of the nation's biggest polluters to remain uncontrolled for nitrogen oxide, sulfur dioxide, and other pollutants when common-sense controls exist that could significantly cut those emissions.
EPAs proposed disapprovals of these do-nothing state plans are a critical first step to protect air quality, both in national parks and our communities. I urge EPA to finalize its proposed disapprovals and act quickly to implement plans that will result in real pollution reductions.
In Utah, EPA analysis shows that installing selective catalytic reduction (SCR) on Hunter and Huntington coal plants would be cost-effective and provide massive visibility benefits for Utahs national parks. These plants have avoided pollution reductions for decades. Now is the time for EPA to act.
Similarly, in Wyoming, the state failed to even consider pollution controls at the states largest polluters, including Jim Bridger, Naughton, Dave Johnston, and Wyodak coal plants. Each of these facilities could install cost-effective pollution controls, including SCRs, that would result in significant air-quality improvements across the state.
Please finalize the proposed disapprovals of Utah and Wyomings do-nothing plans and require enforceable pollution reductions, including SCR installation, on our states' biggest polluters Hunter, Huntington, Jim Bridger, Naughton, Dave Johnston, and Wyodak.",https://www.regulations.gov/comment/EPA-R08-OAR-2024-0389-0555,,false,source=Regulations.gov v4 comment detail; retrievedAt=2026-09-12T18:11:40+00:00; commentOnDocumentId=EPA-R08-OAR-2024-0389-0001; duplicateComments=1; organizationMissing=true
EPA-R08-OAR-2024-0389,EPA-R08-OAR-2024-0389-0556,Susan Taylor,not provided by public Regulations.gov fields,2024-10-09T04:00:00Z,"This is important on so many levels. Please use your authority to enforce reductions of coal pollution in Utah and Wyoming since those states don't want to take action to limit it themselves. The pollution causes damage to the environment, including some of our beautiful national parks, and to human health. As you are aware, air pollution doesn't just stay in the location of its origin.
Wyoming and Utah have submitted Regional Haze State Implementation Plans with no proposed pollution reductions, allowing some of the nation's biggest polluters to remain uncontrolled for nitrogen oxide, sulfur dioxide, and other pollutants when common-sense controls exist that could significantly cut those emissions.
EPAs proposed disapprovals of these do-nothing state plans are a critical first step to protect air quality, both in national parks and our communities. I urge EPA to finalize its proposed disapprovals and act quickly to implement plans that will result in real pollution reductions.
In Utah, EPA analysis shows that installing selective catalytic reduction (SCR) on Hunter and Huntington coal plants would be cost-effective and provide massive visibility benefits for Utahs national parks. These plants have avoided pollution reductions for decades. Now is the time for EPA to act.
Similarly, in Wyoming, the state failed to even consider pollution controls at the states largest polluters, including Jim Bridger, Naughton, Dave Johnston, and Wyodak coal plants. Each of these facilities could install cost-effective pollution controls, including SCRs, that would result in significant air-quality improvements across the state.
Please finalize the proposed disapprovals of Utah and Wyomings do-nothing plans and require enforceable pollution reductions, including SCR installation, on our states' biggest polluters Hunter, Huntington, Jim Bridger, Naughton, Dave Johnston, and Wyodak.",https://www.regulations.gov/comment/EPA-R08-OAR-2024-0389-0556,,false,source=Regulations.gov v4 comment detail; retrievedAt=2026-09-12T18:11:40+00:00; commentOnDocumentId=EPA-R08-OAR-2024-0389-0001; duplicateComments=1; organizationMissing=true
EPA-R08-OAR-2024-0389,EPA-R08-OAR-2024-0389-0557,Laura Strom,not provided by public Regulations.gov fields,2024-10-09T04:00:00Z,"Wyoming and Utah have submitted Regional Haze State Implementation Plans with no proposed pollution reductions, allowing some of the nation's biggest polluters to remain uncontrolled for nitrogen oxide, sulfur dioxide, and other pollutants when common-sense controls exist that could significantly cut those emissions.
EPAs proposed disapprovals of these do-nothing state plans are a critical first step to protect air quality, both in national parks and our communities. I urge EPA to finalize its proposed disapprovals and act quickly to implement plans that will result in real pollution reductions.
In Utah, EPA analysis shows that installing selective catalytic reduction (SCR) on Hunter and Huntington coal plants would be cost-effective and provide massive visibility benefits for Utahs national parks. These plants have avoided pollution reductions for decades. Now is the time for EPA to act.
Similarly, in Wyoming, the state failed to even consider pollution controls at the states largest polluters, including Jim Bridger, Naughton, Dave Johnston, and Wyodak coal plants. Each of these facilities could install cost-effective pollution controls, including SCRs, that would result in significant air-quality improvements across the state.
Please finalize the proposed disapprovals of Utah and Wyomings do-nothing plans and require enforceable pollution reductions, including SCR installation, on our states' biggest polluters Hunter, Huntington, Jim Bridger, Naughton, Dave Johnston, and Wyodak.",https://www.regulations.gov/comment/EPA-R08-OAR-2024-0389-0557,,false,source=Regulations.gov v4 comment detail; retrievedAt=2026-09-12T18:11:40+00:00; commentOnDocumentId=EPA-R08-OAR-2024-0389-0001; duplicateComments=1; organizationMissing=true
EPA-R08-OAR-2024-0389,EPA-R08-OAR-2024-0389-0558,Amy Franz,not provided by public Regulations.gov fields,2024-10-09T04:00:00Z,"Wyoming and Utah have submitted Regional Haze State Implementation Plans with no proposed pollution reductions, allowing some of the nation's biggest polluters to remain uncontrolled for nitrogen oxide, sulfur dioxide, and other pollutants when common-sense controls exist that could significantly cut those emissions.
EPAs proposed disapprovals of these do-nothing state plans are a critical first step to protect air quality, both in national parks and our communities. I urge EPA to finalize its proposed disapprovals and act quickly to implement plans that will result in real pollution reductions.
In Utah, EPA analysis shows that installing selective catalytic reduction (SCR) on Hunter and Huntington coal plants would be cost-effective and provide massive visibility benefits for Utahs national parks. These plants have avoided pollution reductions for decades. Now is the time for EPA to act.
Similarly, in Wyoming, the state failed to even consider pollution controls at the states largest polluters, including Jim Bridger, Naughton, Dave Johnston, and Wyodak coal plants. Each of these facilities could install cost-effective pollution controls, including SCRs, that would result in significant air-quality improvements across the state.
Please finalize the proposed disapprovals of Utah and Wyomings do-nothing plans and require enforceable pollution reductions, including SCR installation, on our states' biggest polluters Hunter, Huntington, Jim Bridger, Naughton, Dave Johnston, and Wyodak.",https://www.regulations.gov/comment/EPA-R08-OAR-2024-0389-0558,,false,source=Regulations.gov v4 comment detail; retrievedAt=2026-09-12T18:11:40+00:00; commentOnDocumentId=EPA-R08-OAR-2024-0389-0001; duplicateComments=1; organizationMissing=true
EPA-R08-OAR-2024-0389,EPA-R08-OAR-2024-0389-0559,Blair Aldworth,not provided by public Regulations.gov fields,2024-10-09T04:00:00Z,"Wyoming and Utah have submitted Regional Haze State Implementation Plans with no proposed pollution reductions, allowing some of the nation's biggest polluters to remain uncontrolled for nitrogen oxide, sulfur dioxide, and other pollutants when common-sense controls exist that could significantly cut those emissions.
EPAs proposed disapprovals of these do-nothing state plans are a critical first step to protect air quality, both in national parks and our communities. I urge EPA to finalize its proposed disapprovals and act quickly to implement plans that will result in real pollution reductions.
In Utah, EPA analysis shows that installing selective catalytic reduction (SCR) on Hunter and Huntington coal plants would be cost-effective and provide massive visibility benefits for Utahs national parks. These plants have avoided pollution reductions for decades. Now is the time for EPA to act.
Similarly, in Wyoming, the state failed to even consider pollution controls at the states largest polluters, including Jim Bridger, Naughton, Dave Johnston, and Wyodak coal plants. Each of these facilities could install cost-effective pollution controls, including SCRs, that would result in significant air-quality improvements across the state.
Please finalize the proposed disapprovals of Utah and Wyomings do-nothing plans and require enforceable pollution reductions, including SCR installation, on our states' biggest polluters Hunter, Huntington, Jim Bridger, Naughton, Dave Johnston, and Wyodak.",https://www.regulations.gov/comment/EPA-R08-OAR-2024-0389-0559,,false,source=Regulations.gov v4 comment detail; retrievedAt=2026-09-12T18:11:40+00:00; commentOnDocumentId=EPA-R08-OAR-2024-0389-0001; duplicateComments=1; organizationMissing=true
EPA-R08-OAR-2024-0389,EPA-R08-OAR-2024-0389-0560,James Osborn,not provided by public Regulations.gov fields,2024-10-09T04:00:00Z,"The true cost of carbon based energy needs to be established. Take care of the air by forcing polluters to cleanup their act. Why should the people suffer for profit The extra cost for pollution controls is the real cost of this kind of energy. Make it so!
Wyoming and Utah have submitted Regional Haze State Implementation Plans with no proposed pollution reductions, allowing some of the nation's biggest polluters to remain uncontrolled for nitrogen oxide, sulfur dioxide, and other pollutants when common-sense controls exist that could significantly cut those emissions.
EPAs proposed disapprovals of these do-nothing state plans are a critical first step to protect air quality, both in national parks and our communities. I urge EPA to finalize its proposed disapprovals and act quickly to implement plans that will result in real pollution reductions.
In Utah, EPA analysis shows that installing selective catalytic reduction (SCR) on Hunter and Huntington coal plants would be cost-effective and provide massive visibility benefits for Utahs national parks. These plants have avoided pollution reductions for decades. Now is the time for EPA to act.
Similarly, in Wyoming, the state failed to even consider pollution controls at the states largest polluters, including Jim Bridger, Naughton, Dave Johnston, and Wyodak coal plants. Each of these facilities could install cost-effective pollution controls, including SCRs, that would result in significant air-quality improvements across the state.
Please finalize the proposed disapprovals of Utah and Wyomings do-nothing plans and require enforceable pollution reductions, including SCR installation, on our states' biggest polluters Hunter, Huntington, Jim Bridger, Naughton, Dave Johnston, and Wyodak.",https://www.regulations.gov/comment/EPA-R08-OAR-2024-0389-0560,,false,source=Regulations.gov v4 comment detail; retrievedAt=2026-09-12T18:11:40+00:00; commentOnDocumentId=EPA-R08-OAR-2024-0389-0001; duplicateComments=1; organizationMissing=true
EPA-R08-OAR-2024-0389,EPA-R08-OAR-2024-0389-0561,Jane Spini,not provided by public Regulations.gov fields,2024-10-09T04:00:00Z,"Wyoming and Utah have submitted Regional Haze State Implementation Plans with no proposed pollution reductions, allowing some of the nation's biggest polluters to remain uncontrolled for nitrogen oxide, sulfur dioxide, and other pollutants when common-sense controls exist that could significantly cut those emissions.
EPAs proposed disapprovals of these do-nothing state plans are a critical first step to protect air quality, both in national parks and our communities. I urge EPA to finalize its proposed disapprovals and act quickly to implement plans that will result in real pollution reductions.
In Utah, EPA analysis shows that installing selective catalytic reduction (SCR) on Hunter and Huntington coal plants would be cost-effective and provide massive visibility benefits for Utahs national parks. These plants have avoided pollution reductions for decades. Now is the time for EPA to act.
Similarly, in Wyoming, the state failed to even consider pollution controls at the states largest polluters, including Jim Bridger, Naughton, Dave Johnston, and Wyodak coal plants. Each of these facilities could install cost-effective pollution controls, including SCRs, that would result in significant air-quality improvements across the state.
Please finalize the proposed disapprovals of Utah and Wyomings do-nothing plans and require enforceable pollution reductions, including SCR installation, on our states' biggest polluters Hunter, Huntington, Jim Bridger, Naughton, Dave Johnston, and Wyodak.",https://www.regulations.gov/comment/EPA-R08-OAR-2024-0389-0561,,false,source=Regulations.gov v4 comment detail; retrievedAt=2026-09-12T18:11:40+00:00; commentOnDocumentId=EPA-R08-OAR-2024-0389-0001; duplicateComments=1; organizationMissing=true
EPA-R08-OAR-2024-0389,EPA-R08-OAR-2024-0389-0562,Joy Mueller,not provided by public Regulations.gov fields,2024-10-09T04:00:00Z,"I used to visit these parks 40 years ago, when the skies were crystal clear. Not any more, so sad for our younger generation!
Wyoming and Utah have submitted Regional Haze State Implementation Plans with no proposed pollution reductions, allowing some of the nation's biggest polluters to remain uncontrolled for nitrogen oxide, sulfur dioxide, and other pollutants when common-sense controls exist that could significantly cut those emissions.
EPAs proposed disapprovals of these do-nothing state plans are a critical first step to protect air quality, both in national parks and our communities. I urge EPA to finalize its proposed disapprovals and act quickly to implement plans that will result in real pollution reductions.
In Utah, EPA analysis shows that installing selective catalytic reduction (SCR) on Hunter and Huntington coal plants would be cost-effective and provide massive visibility benefits for Utahs national parks. These plants have avoided pollution reductions for decades. Now is the time for EPA to act.
Similarly, in Wyoming, the state failed to even consider pollution controls at the states largest polluters, including Jim Bridger, Naughton, Dave Johnston, and Wyodak coal plants. Each of these facilities could install cost-effective pollution controls, including SCRs, that would result in significant air-quality improvements across the state.
Please finalize the proposed disapprovals of Utah and Wyomings do-nothing plans and require enforceable pollution reductions, including SCR installation, on our states' biggest polluters Hunter, Huntington, Jim Bridger, Naughton, Dave Johnston, and Wyodak.",https://www.regulations.gov/comment/EPA-R08-OAR-2024-0389-0562,,false,source=Regulations.gov v4 comment detail; retrievedAt=2026-09-12T18:11:40+00:00; commentOnDocumentId=EPA-R08-OAR-2024-0389-0001; duplicateComments=1; organizationMissing=true
EPA-R08-OAR-2024-0389,EPA-R08-OAR-2024-0389-0563,Dennis Allen,not provided by public Regulations.gov fields,2024-10-09T04:00:00Z,"Wyoming and Utah have submitted Regional Haze State Implementation Plans with no proposed pollution reductions, allowing some of the nation's biggest polluters to remain uncontrolled for nitrogen oxide, sulfur dioxide, and other pollutants when common-sense controls exist that could significantly cut those emissions.
EPAs proposed disapprovals of these do-nothing state plans are a critical first step to protect air quality, both in national parks and our communities. I urge EPA to finalize its proposed disapprovals and act quickly to implement plans that will result in real pollution reductions.
In Utah, EPA analysis shows that installing selective catalytic reduction (SCR) on Hunter and Huntington coal plants would be cost-effective and provide massive visibility benefits for Utahs national parks. These plants have avoided pollution reductions for decades. Now is the time for EPA to act.
Similarly, in Wyoming, the state failed to even consider pollution controls at the states largest polluters, including Jim Bridger, Naughton, Dave Johnston, and Wyodak coal plants. Each of these facilities could install cost-effective pollution controls, including SCRs, that would result in significant air-quality improvements across the state.
Please finalize the proposed disapprovals of Utah and Wyomings do-nothing plans and require enforceable pollution reductions, including SCR installation, on our states' biggest polluters Hunter, Huntington, Jim Bridger, Naughton, Dave Johnston, and Wyodak.",https://www.regulations.gov/comment/EPA-R08-OAR-2024-0389-0563,,false,source=Regulations.gov v4 comment detail; retrievedAt=2026-09-12T18:11:40+00:00; commentOnDocumentId=EPA-R08-OAR-2024-0389-0001; duplicateComments=1; organizationMissing=true
EPA-R08-OAR-2024-0389,EPA-R08-OAR-2024-0389-0564,Georgina Armstrong,not provided by public Regulations.gov fields,2024-10-09T04:00:00Z,"Wyoming and Utah have submitted Regional Haze State Implementation Plans with no proposed pollution reductions, allowing some of the nation's biggest polluters to remain uncontrolled for nitrogen oxide, sulfur dioxide, and other pollutants when common-sense controls exist that could significantly cut those emissions.
EPAs proposed disapprovals of these do-nothing state plans are a critical first step to protect air quality, both in national parks and our communities. I urge EPA to finalize its proposed disapprovals and act quickly to implement plans that will result in real pollution reductions.
In Utah, EPA analysis shows that installing selective catalytic reduction (SCR) on Hunter and Huntington coal plants would be cost-effective and provide massive visibility benefits for Utahs national parks. These plants have avoided pollution reductions for decades. Now is the time for EPA to act.
Similarly, in Wyoming, the state failed to even consider pollution controls at the states largest polluters, including Jim Bridger, Naughton, Dave Johnston, and Wyodak coal plants. Each of these facilities could install cost-effective pollution controls, including SCRs, that would result in significant air-quality improvements across the state.
Please finalize the proposed disapprovals of Utah and Wyomings do-nothing plans and require enforceable pollution reductions, including SCR installation, on our states' biggest polluters Hunter, Huntington, Jim Bridger, Naughton, Dave Johnston, and Wyodak.",https://www.regulations.gov/comment/EPA-R08-OAR-2024-0389-0564,,false,source=Regulations.gov v4 comment detail; retrievedAt=2026-09-12T18:11:40+00:00; commentOnDocumentId=EPA-R08-OAR-2024-0389-0001; duplicateComments=1; organizationMissing=true
EPA-R08-OAR-2024-0389,EPA-R08-OAR-2024-0389-0565,Cindy Ferguson,not provided by public Regulations.gov fields,2024-10-09T04:00:00Z,"Wyoming and Utah have submitted Regional Haze State Implementation Plans with no proposed pollution reductions, allowing some of the nation's biggest polluters to remain uncontrolled for nitrogen oxide, sulfur dioxide, and other pollutants when common-sense controls exist that could significantly cut those emissions.
EPAs proposed disapprovals of these do-nothing state plans are a critical first step to protect air quality, both in national parks and our communities. I urge EPA to finalize its proposed disapprovals and act quickly to implement plans that will result in real pollution reductions.
In Utah, EPA analysis shows that installing selective catalytic reduction (SCR) on Hunter and Huntington coal plants would be cost-effective and provide massive visibility benefits for Utahs national parks. These plants have avoided pollution reductions for decades. Now is the time for EPA to act.
Similarly, in Wyoming, the state failed to even consider pollution controls at the states largest polluters, including Jim Bridger, Naughton, Dave Johnston, and Wyodak coal plants. Each of these facilities could install cost-effective pollution controls, including SCRs, that would result in significant air-quality improvements across the state.
Please finalize the proposed disapprovals of Utah and Wyomings do-nothing plans and require enforceable pollution reductions, including SCR installation, on our states' biggest polluters Hunter, Huntington, Jim Bridger, Naughton, Dave Johnston, and Wyodak.",https://www.regulations.gov/comment/EPA-R08-OAR-2024-0389-0565,,false,source=Regulations.gov v4 comment detail; retrievedAt=2026-09-12T18:11:40+00:00; commentOnDocumentId=EPA-R08-OAR-2024-0389-0001; duplicateComments=1; organizationMissing=true
EPA-R08-OAR-2024-0389,EPA-R08-OAR-2024-0389-0566,Holly Stuart,not provided by public Regulations.gov fields,2024-10-09T04:00:00Z,"Let Utah breathe! And see the scenery, too!
Wyoming and Utah have submitted Regional Haze State Implementation Plans with no proposed pollution reductions, allowing some of the nation's biggest polluters to remain uncontrolled for nitrogen oxide, sulfur dioxide, and other pollutants when common-sense controls exist that could significantly cut those emissions.
EPAs proposed disapprovals of these do-nothing state plans are a critical first step to protect air quality, both in national parks and our communities. I urge EPA to finalize its proposed disapprovals and act quickly to implement plans that will result in real pollution reductions.
In Utah, EPA analysis shows that installing selective catalytic reduction (SCR) on Hunter and Huntington coal plants would be cost-effective and provide massive visibility benefits for Utahs national parks. These plants have avoided pollution reductions for decades. Now is the time for EPA to act.
Similarly, in Wyoming, the state failed to even consider pollution controls at the states largest polluters, including Jim Bridger, Naughton, Dave Johnston, and Wyodak coal plants. Each of these facilities could install cost-effective pollution controls, including SCRs, that would result in significant air-quality improvements across the state.
Please finalize the proposed disapprovals of Utah and Wyomings do-nothing plans and require enforceable pollution reductions, including SCR installation, on our states' biggest polluters Hunter, Huntington, Jim Bridger, Naughton, Dave Johnston, and Wyodak.",https://www.regulations.gov/comment/EPA-R08-OAR-2024-0389-0566,,false,source=Regulations.gov v4 comment detail; retrievedAt=2026-09-12T18:11:40+00:00; commentOnDocumentId=EPA-R08-OAR-2024-0389-0001; duplicateComments=1; organizationMissing=true
EPA-R08-OAR-2024-0389,EPA-R08-OAR-2024-0389-0567,William Belknap,not provided by public Regulations.gov fields,2024-10-09T04:00:00Z,"We needn't be like pigs in a sty, do something about the pollution.
Wyoming and Utah have submitted Regional Haze State Implementation Plans with no proposed pollution reductions, allowing some of the nation's biggest polluters to remain uncontrolled for nitrogen oxide, sulfur dioxide, and other pollutants when common-sense controls exist that could significantly cut those emissions.
EPAs proposed disapprovals of these do-nothing state plans are a critical first step to protect air quality, both in national parks and our communities. I urge EPA to finalize its proposed disapprovals and act quickly to implement plans that will result in real pollution reductions.
In Utah, EPA analysis shows that installing selective catalytic reduction (SCR) on Hunter and Huntington coal plants would be cost-effective and provide massive visibility benefits for Utahs national parks. These plants have avoided pollution reductions for decades. Now is the time for EPA to act.
Similarly, in Wyoming, the state failed to even consider pollution controls at the states largest polluters, including Jim Bridger, Naughton, Dave Johnston, and Wyodak coal plants. Each of these facilities could install cost-effective pollution controls, including SCRs, that would result in significant air-quality improvements across the state.
Please finalize the proposed disapprovals of Utah and Wyomings do-nothing plans and require enforceable pollution reductions, including SCR installation, on our states' biggest polluters Hunter, Huntington, Jim Bridger, Naughton, Dave Johnston, and Wyodak.",https://www.regulations.gov/comment/EPA-R08-OAR-2024-0389-0567,,false,source=Regulations.gov v4 comment detail; retrievedAt=2026-09-12T18:11:40+00:00; commentOnDocumentId=EPA-R08-OAR-2024-0389-0001; duplicateComments=1; organizationMissing=true
EPA-R08-OAR-2024-0389,EPA-R08-OAR-2024-0389-0568,Luann Mcvey,not provided by public Regulations.gov fields,2024-10-09T04:00:00Z,"Wyoming and Utah have submitted Regional Haze State Implementation Plans with no proposed pollution reductions, allowing some of the nation's biggest polluters to remain uncontrolled for nitrogen oxide, sulfur dioxide, and other pollutants when common-sense controls exist that could significantly cut those emissions.
EPAs proposed disapprovals of these do-nothing state plans are a critical first step to protect air quality, both in national parks and our communities. I urge EPA to finalize its proposed disapprovals and act quickly to implement plans that will result in real pollution reductions.
In Utah, EPA analysis shows that installing selective catalytic reduction (SCR) on Hunter and Huntington coal plants would be cost-effective and provide massive visibility benefits for Utahs national parks. These plants have avoided pollution reductions for decades. Now is the time for EPA to act.
Similarly, in Wyoming, the state failed to even consider pollution controls at the states largest polluters, including Jim Bridger, Naughton, Dave Johnston, and Wyodak coal plants. Each of these facilities could install cost-effective pollution controls, including SCRs, that would result in significant air-quality improvements across the state.
Please finalize the proposed disapprovals of Utah and Wyomings do-nothing plans and require enforceable pollution reductions, including SCR installation, on our states' biggest polluters Hunter, Huntington, Jim Bridger, Naughton, Dave Johnston, and Wyodak.",https://www.regulations.gov/comment/EPA-R08-OAR-2024-0389-0568,,false,source=Regulations.gov v4 comment detail; retrievedAt=2026-09-12T18:11:40+00:00; commentOnDocumentId=EPA-R08-OAR-2024-0389-0001; duplicateComments=1; organizationMissing=true
EPA-R08-OAR-2024-0389,EPA-R08-OAR-2024-0389-0569,Peter Canavan,not provided by public Regulations.gov fields,2024-10-09T04:00:00Z,"We visited the parks a few years ago and saw the haze in Utah. It was shocking! We cant even visit our National Parks without encountering pollution of the worst and most dangerouscoal burning pollution!
We wondered what kind of a country are we where our most natural treasures are subject to environmental degradation on a massive scale Coal burning should be banned universally! Why are we allowing it to continue and destroy our National Parks
Please stop this travesty and tragedy now!
Wyoming and Utah have submitted Regional Haze State Implementation Plans with no proposed pollution reductions, allowing some of the nation's biggest polluters to remain uncontrolled for nitrogen oxide, sulfur dioxide, and other pollutants when common-sense controls exist that could significantly cut those emissions.
EPAs proposed disapprovals of these do-nothing state plans are a critical first step to protect air quality, both in national parks and our communities. I urge EPA to finalize its proposed disapprovals and act quickly to implement plans that will result in real pollution reductions.
In Utah, EPA analysis shows that installing selective catalytic reduction (SCR) on Hunter and Huntington coal plants would be cost-effective and provide massive visibility benefits for Utahs national parks. These plants have avoided pollution reductions for decades. Now is the time for EPA to act.
Similarly, in Wyoming, the state failed to even consider pollution controls at the states largest polluters, including Jim Bridger, Naughton, Dave Johnston, and Wyodak coal plants. Each of these facilities could install cost-effective pollution controls, including SCRs, that would result in significant air-quality improvements across the state.
Please finalize the proposed disapprovals of Utah and Wyomings do-nothing plans and require enforceable pollution reductions, including SCR installation, on our states' biggest polluters Hunter, Huntington, Jim Bridger, Naughton, Dave Johnston, and Wyodak.",https://www.regulations.gov/comment/EPA-R08-OAR-2024-0389-0569,,false,source=Regulations.gov v4 comment detail; retrievedAt=2026-09-12T18:11:40+00:00; commentOnDocumentId=EPA-R08-OAR-2024-0389-0001; duplicateComments=1; organizationMissing=true
EPA-R08-OAR-2024-0389,EPA-R08-OAR-2024-0389-0570,Robert Richards,not provided by public Regulations.gov fields,2024-10-09T04:00:00Z,"Wyoming and Utah have submitted Regional Haze State Implementation Plans with no proposed pollution reductions, allowing some of the nation's biggest polluters to remain uncontrolled for nitrogen oxide, sulfur dioxide, and other pollutants when common-sense controls exist that could significantly cut those emissions.
EPAs proposed disapprovals of these do-nothing state plans are a critical first step to protect air quality, both in national parks and our communities. I urge EPA to finalize its proposed disapprovals and act quickly to implement plans that will result in real pollution reductions.
In Utah, EPA analysis shows that installing selective catalytic reduction (SCR) on Hunter and Huntington coal plants would be cost-effective and provide massive visibility benefits for Utahs national parks. These plants have avoided pollution reductions for decades. Now is the time for EPA to act.
Similarly, in Wyoming, the state failed to even consider pollution controls at the states largest polluters, including Jim Bridger, Naughton, Dave Johnston, and Wyodak coal plants. Each of these facilities could install cost-effective pollution controls, including SCRs, that would result in significant air-quality improvements across the state.
Please finalize the proposed disapprovals of Utah and Wyomings do-nothing plans and require enforceable pollution reductions, including SCR installation, on our states' biggest polluters Hunter, Huntington, Jim Bridger, Naughton, Dave Johnston, and Wyodak.",https://www.regulations.gov/comment/EPA-R08-OAR-2024-0389-0570,,false,source=Regulations.gov v4 comment detail; retrievedAt=2026-09-12T18:11:40+00:00; commentOnDocumentId=EPA-R08-OAR-2024-0389-0001; duplicateComments=1; organizationMissing=true
EPA-R08-OAR-2024-0389,EPA-R08-OAR-2024-0389-0571,Martin Marcus,not provided by public Regulations.gov fields,2024-10-09T04:00:00Z,"Wyoming and Utah have submitted Regional Haze State Implementation Plans with no proposed pollution reductions, allowing some of the nation's biggest polluters to remain uncontrolled for nitrogen oxide, sulfur dioxide, and other pollutants when common-sense controls exist that could significantly cut those emissions.
EPAs proposed disapprovals of these do-nothing state plans are a critical first step to protect air quality, both in national parks and our communities. I urge EPA to finalize its proposed disapprovals and act quickly to implement plans that will result in real pollution reductions.
In Utah, EPA analysis shows that installing selective catalytic reduction (SCR) on Hunter and Huntington coal plants would be cost-effective and provide massive visibility benefits for Utahs national parks. These plants have avoided pollution reductions for decades. Now is the time for EPA to act.
Similarly, in Wyoming, the state failed to even consider pollution controls at the states largest polluters, including Jim Bridger, Naughton, Dave Johnston, and Wyodak coal plants. Each of these facilities could install cost-effective pollution controls, including SCRs, that would result in significant air-quality improvements across the state.
Please finalize the proposed disapprovals of Utah and Wyomings do-nothing plans and require enforceable pollution reductions, including SCR installation, on our states' biggest polluters Hunter, Huntington, Jim Bridger, Naughton, Dave Johnston, and Wyodak.",https://www.regulations.gov/comment/EPA-R08-OAR-2024-0389-0571,,false,source=Regulations.gov v4 comment detail; retrievedAt=2026-09-12T18:11:40+00:00; commentOnDocumentId=EPA-R08-OAR-2024-0389-0001; duplicateComments=1; organizationMissing=true
EPA-R08-OAR-2024-0389,EPA-R08-OAR-2024-0389-0572,Sean Edmison,not provided by public Regulations.gov fields,2024-10-09T04:00:00Z,"Wyoming and Utah have submitted Regional Haze State Implementation Plans with no proposed pollution reductions, allowing some of the nation's biggest polluters to remain uncontrolled for nitrogen oxide, sulfur dioxide, and other pollutants when common-sense controls exist that could significantly cut those emissions.
EPAs proposed disapprovals of these do-nothing state plans are a critical first step to protect air quality, both in national parks and our communities. I urge EPA to finalize its proposed disapprovals and act quickly to implement plans that will result in real pollution reductions.
In Utah, EPA analysis shows that installing selective catalytic reduction (SCR) on Hunter and Huntington coal plants would be cost-effective and provide massive visibility benefits for Utahs national parks. These plants have avoided pollution reductions for decades. Now is the time for EPA to act.
Similarly, in Wyoming, the state failed to even consider pollution controls at the states largest polluters, including Jim Bridger, Naughton, Dave Johnston, and Wyodak coal plants. Each of these facilities could install cost-effective pollution controls, including SCRs, that would result in significant air-quality improvements across the state.
Please finalize the proposed disapprovals of Utah and Wyomings do-nothing plans and require enforceable pollution reductions, including SCR installation, on our states' biggest polluters: Hunter, Huntington, Jim Bridger, Naughton, Dave Johnston, and Wyodak.",https://www.regulations.gov/comment/EPA-R08-OAR-2024-0389-0572,,false,source=Regulations.gov v4 comment detail; retrievedAt=2026-09-12T18:11:40+00:00; commentOnDocumentId=EPA-R08-OAR-2024-0389-0001; duplicateComments=1; organizationMissing=true
