reformEventId,canonicalActorId,actorName,comparisonGroup,treated,sourceSystem,sourceOutcome,quarter,quarterIndex,eventTimeQuarter,periodStart,periodEnd,eventQuarter,includedInPrimary,prePostClass,observedSourceRecords,zeroFilled,activityAmountMillions,activityAmountDollars,log1pActivityDollars,preparationRule,claimBoundary
hloga-2007-federal-lobbying-disclosure,cand-2baa779c041d,AMERICAN AMBULANCE ASSOCIATION,treated_hloga_lda_client,1,Official LDA API,federal LDA reported lobbying amount,2007Q1,0,-2,2007-01-01,2007-03-31,no,yes,clean_pre,2,no,0.21878453,218784.53,12.29584722,"LDA issue rows collapsed to filing UUID, registration rows removed, latest filing revision retained per actor-client-registrant-period, semiannual amounts allocated to quarters by covered days","Descriptive source-confounded HLOGA panel diagnostics only; no causal substitution effect, hidden-channel magnitude, policy calibration, or national generalization."
hloga-2007-federal-lobbying-disclosure,cand-2baa779c041d,AMERICAN AMBULANCE ASSOCIATION,treated_hloga_lda_client,1,Official LDA API,federal LDA reported lobbying amount,2007Q2,1,-1,2007-04-01,2007-06-30,no,yes,clean_pre,2,no,0.22121547,221215.47,12.30689700,"LDA issue rows collapsed to filing UUID, registration rows removed, latest filing revision retained per actor-client-registrant-period, semiannual amounts allocated to quarters by covered days","Descriptive source-confounded HLOGA panel diagnostics only; no causal substitution effect, hidden-channel magnitude, policy calibration, or national generalization."
hloga-2007-federal-lobbying-disclosure,cand-2baa779c041d,AMERICAN AMBULANCE ASSOCIATION,treated_hloga_lda_client,1,Official LDA API,federal LDA reported lobbying amount,2007Q3,2,0,2007-07-01,2007-09-30,yes,no,event_quarter_excluded,2,no,0.24000000,240000.00,12.38839837,"LDA issue rows collapsed to filing UUID, registration rows removed, latest filing revision retained per actor-client-registrant-period, semiannual amounts allocated to quarters by covered days","Descriptive source-confounded HLOGA panel diagnostics only; no causal substitution effect, hidden-channel magnitude, policy calibration, or national generalization."
hloga-2007-federal-lobbying-disclosure,cand-2baa779c041d,AMERICAN AMBULANCE ASSOCIATION,treated_hloga_lda_client,1,Official LDA API,federal LDA reported lobbying amount,2007Q4,3,1,2007-10-01,2007-12-31,no,yes,post,2,no,0.24000000,240000.00,12.38839837,"LDA issue rows collapsed to filing UUID, registration rows removed, latest filing revision retained per actor-client-registrant-period, semiannual amounts allocated to quarters by covered days","Descriptive source-confounded HLOGA panel diagnostics only; no causal substitution effect, hidden-channel magnitude, policy calibration, or national generalization."
hloga-2007-federal-lobbying-disclosure,cand-2baa779c041d,AMERICAN AMBULANCE ASSOCIATION,treated_hloga_lda_client,1,Official LDA API,federal LDA reported lobbying amount,2008Q1,4,2,2008-01-01,2008-03-31,no,yes,post,2,no,0.26500000,265000.00,12.48748888,"LDA issue rows collapsed to filing UUID, registration rows removed, latest filing revision retained per actor-client-registrant-period, semiannual amounts allocated to quarters by covered days","Descriptive source-confounded HLOGA panel diagnostics only; no causal substitution effect, hidden-channel magnitude, policy calibration, or national generalization."
hloga-2007-federal-lobbying-disclosure,cand-2baa779c041d,AMERICAN AMBULANCE ASSOCIATION,treated_hloga_lda_client,1,Official LDA API,federal LDA reported lobbying amount,2008Q2,5,3,2008-04-01,2008-06-30,no,yes,post,2,no,0.29000000,290000.00,12.57763965,"LDA issue rows collapsed to filing UUID, registration rows removed, latest filing revision retained per actor-client-registrant-period, semiannual amounts allocated to quarters by covered days","Descriptive source-confounded HLOGA panel diagnostics only; no causal substitution effect, hidden-channel magnitude, policy calibration, or national generalization."
hloga-2007-federal-lobbying-disclosure,cand-2baa779c041d,AMERICAN AMBULANCE ASSOCIATION,treated_hloga_lda_client,1,Official LDA API,federal LDA reported lobbying amount,2008Q3,6,4,2008-07-01,2008-09-30,no,yes,post,2,no,0.29000000,290000.00,12.57763965,"LDA issue rows collapsed to filing UUID, registration rows removed, latest filing revision retained per actor-client-registrant-period, semiannual amounts allocated to quarters by covered days","Descriptive source-confounded HLOGA panel diagnostics only; no causal substitution effect, hidden-channel magnitude, policy calibration, or national generalization."
hloga-2007-federal-lobbying-disclosure,cand-2baa779c041d,AMERICAN AMBULANCE ASSOCIATION,treated_hloga_lda_client,1,Official LDA API,federal LDA reported lobbying amount,2008Q4,7,5,2008-10-01,2008-12-31,no,yes,post,2,no,0.29000000,290000.00,12.57763965,"LDA issue rows collapsed to filing UUID, registration rows removed, latest filing revision retained per actor-client-registrant-period, semiannual amounts allocated to quarters by covered days","Descriptive source-confounded HLOGA panel diagnostics only; no causal substitution effect, hidden-channel magnitude, policy calibration, or national generalization."
hloga-2007-federal-lobbying-disclosure,cand-372cc95f9387,AMERICAN PUBLIC GAS ASSOCIATION,treated_hloga_lda_client,1,Official LDA API,federal LDA reported lobbying amount,2007Q1,0,-2,2007-01-01,2007-03-31,no,yes,clean_pre,2,no,0.02983425,29834.25,10.30344600,"LDA issue rows collapsed to filing UUID, registration rows removed, latest filing revision retained per actor-client-registrant-period, semiannual amounts allocated to quarters by covered days","Descriptive source-confounded HLOGA panel diagnostics only; no causal substitution effect, hidden-channel magnitude, policy calibration, or national generalization."
hloga-2007-federal-lobbying-disclosure,cand-372cc95f9387,AMERICAN PUBLIC GAS ASSOCIATION,treated_hloga_lda_client,1,Official LDA API,federal LDA reported lobbying amount,2007Q2,1,-1,2007-04-01,2007-06-30,no,yes,clean_pre,2,no,0.03016575,30165.75,10.31449547,"LDA issue rows collapsed to filing UUID, registration rows removed, latest filing revision retained per actor-client-registrant-period, semiannual amounts allocated to quarters by covered days","Descriptive source-confounded HLOGA panel diagnostics only; no causal substitution effect, hidden-channel magnitude, policy calibration, or national generalization."
hloga-2007-federal-lobbying-disclosure,cand-372cc95f9387,AMERICAN PUBLIC GAS ASSOCIATION,treated_hloga_lda_client,1,Official LDA API,federal LDA reported lobbying amount,2007Q3,2,0,2007-07-01,2007-09-30,yes,no,event_quarter_excluded,2,no,0.04000000,40000.00,10.59665973,"LDA issue rows collapsed to filing UUID, registration rows removed, latest filing revision retained per actor-client-registrant-period, semiannual amounts allocated to quarters by covered days","Descriptive source-confounded HLOGA panel diagnostics only; no causal substitution effect, hidden-channel magnitude, policy calibration, or national generalization."
hloga-2007-federal-lobbying-disclosure,cand-372cc95f9387,AMERICAN PUBLIC GAS ASSOCIATION,treated_hloga_lda_client,1,Official LDA API,federal LDA reported lobbying amount,2007Q4,3,1,2007-10-01,2007-12-31,no,yes,post,2,no,0.04000000,40000.00,10.59665973,"LDA issue rows collapsed to filing UUID, registration rows removed, latest filing revision retained per actor-client-registrant-period, semiannual amounts allocated to quarters by covered days","Descriptive source-confounded HLOGA panel diagnostics only; no causal substitution effect, hidden-channel magnitude, policy calibration, or national generalization."
hloga-2007-federal-lobbying-disclosure,cand-372cc95f9387,AMERICAN PUBLIC GAS ASSOCIATION,treated_hloga_lda_client,1,Official LDA API,federal LDA reported lobbying amount,2008Q1,4,2,2008-01-01,2008-03-31,no,yes,post,2,no,0.02000000,20000.00,9.90353755,"LDA issue rows collapsed to filing UUID, registration rows removed, latest filing revision retained per actor-client-registrant-period, semiannual amounts allocated to quarters by covered days","Descriptive source-confounded HLOGA panel diagnostics only; no causal substitution effect, hidden-channel magnitude, policy calibration, or national generalization."
hloga-2007-federal-lobbying-disclosure,cand-372cc95f9387,AMERICAN PUBLIC GAS ASSOCIATION,treated_hloga_lda_client,1,Official LDA API,federal LDA reported lobbying amount,2008Q2,5,3,2008-04-01,2008-06-30,no,yes,post,2,no,0.05000000,50000.00,10.81979828,"LDA issue rows collapsed to filing UUID, registration rows removed, latest filing revision retained per actor-client-registrant-period, semiannual amounts allocated to quarters by covered days","Descriptive source-confounded HLOGA panel diagnostics only; no causal substitution effect, hidden-channel magnitude, policy calibration, or national generalization."
hloga-2007-federal-lobbying-disclosure,cand-372cc95f9387,AMERICAN PUBLIC GAS ASSOCIATION,treated_hloga_lda_client,1,Official LDA API,federal LDA reported lobbying amount,2008Q3,6,4,2008-07-01,2008-09-30,no,yes,post,2,no,0.03000000,30000.00,10.30898599,"LDA issue rows collapsed to filing UUID, registration rows removed, latest filing revision retained per actor-client-registrant-period, semiannual amounts allocated to quarters by covered days","Descriptive source-confounded HLOGA panel diagnostics only; no causal substitution effect, hidden-channel magnitude, policy calibration, or national generalization."
hloga-2007-federal-lobbying-disclosure,cand-372cc95f9387,AMERICAN PUBLIC GAS ASSOCIATION,treated_hloga_lda_client,1,Official LDA API,federal LDA reported lobbying amount,2008Q4,7,5,2008-10-01,2008-12-31,no,yes,post,2,no,0.02500000,25000.00,10.12667110,"LDA issue rows collapsed to filing UUID, registration rows removed, latest filing revision retained per actor-client-registrant-period, semiannual amounts allocated to quarters by covered days","Descriptive source-confounded HLOGA panel diagnostics only; no causal substitution effect, hidden-channel magnitude, policy calibration, or national generalization."
hloga-2007-federal-lobbying-disclosure,cand-5d1da86118e5,AMERICAN BENEFITS COUNCIL,treated_hloga_lda_client,1,Official LDA API,federal LDA reported lobbying amount,2007Q1,0,-2,2007-01-01,2007-03-31,no,yes,clean_pre,4,no,0.23867403,238674.03,12.38285821,"LDA issue rows collapsed to filing UUID, registration rows removed, latest filing revision retained per actor-client-registrant-period, semiannual amounts allocated to quarters by covered days","Descriptive source-confounded HLOGA panel diagnostics only; no causal substitution effect, hidden-channel magnitude, policy calibration, or national generalization."
hloga-2007-federal-lobbying-disclosure,cand-5d1da86118e5,AMERICAN BENEFITS COUNCIL,treated_hloga_lda_client,1,Official LDA API,federal LDA reported lobbying amount,2007Q2,1,-1,2007-04-01,2007-06-30,no,yes,clean_pre,4,no,0.24132597,241325.97,12.39390800,"LDA issue rows collapsed to filing UUID, registration rows removed, latest filing revision retained per actor-client-registrant-period, semiannual amounts allocated to quarters by covered days","Descriptive source-confounded HLOGA panel diagnostics only; no causal substitution effect, hidden-channel magnitude, policy calibration, or national generalization."
hloga-2007-federal-lobbying-disclosure,cand-5d1da86118e5,AMERICAN BENEFITS COUNCIL,treated_hloga_lda_client,1,Official LDA API,federal LDA reported lobbying amount,2007Q3,2,0,2007-07-01,2007-09-30,yes,no,event_quarter_excluded,3,no,0.20000000,200000.00,12.20607765,"LDA issue rows collapsed to filing UUID, registration rows removed, latest filing revision retained per actor-client-registrant-period, semiannual amounts allocated to quarters by covered days","Descriptive source-confounded HLOGA panel diagnostics only; no causal substitution effect, hidden-channel magnitude, policy calibration, or national generalization."
hloga-2007-federal-lobbying-disclosure,cand-5d1da86118e5,AMERICAN BENEFITS COUNCIL,treated_hloga_lda_client,1,Official LDA API,federal LDA reported lobbying amount,2007Q4,3,1,2007-10-01,2007-12-31,no,yes,post,3,no,0.20000000,200000.00,12.20607765,"LDA issue rows collapsed to filing UUID, registration rows removed, latest filing revision retained per actor-client-registrant-period, semiannual amounts allocated to quarters by covered days","Descriptive source-confounded HLOGA panel diagnostics only; no causal substitution effect, hidden-channel magnitude, policy calibration, or national generalization."
hloga-2007-federal-lobbying-disclosure,cand-5d1da86118e5,AMERICAN BENEFITS COUNCIL,treated_hloga_lda_client,1,Official LDA API,federal LDA reported lobbying amount,2008Q1,4,2,2008-01-01,2008-03-31,no,yes,post,3,no,0.33960000,339600.00,12.73552668,"LDA issue rows collapsed to filing UUID, registration rows removed, latest filing revision retained per actor-client-registrant-period, semiannual amounts allocated to quarters by covered days","Descriptive source-confounded HLOGA panel diagnostics only; no causal substitution effect, hidden-channel magnitude, policy calibration, or national generalization."
hloga-2007-federal-lobbying-disclosure,cand-5d1da86118e5,AMERICAN BENEFITS COUNCIL,treated_hloga_lda_client,1,Official LDA API,federal LDA reported lobbying amount,2008Q2,5,3,2008-04-01,2008-06-30,no,yes,post,3,no,0.32800000,328000.00,12.70077194,"LDA issue rows collapsed to filing UUID, registration rows removed, latest filing revision retained per actor-client-registrant-period, semiannual amounts allocated to quarters by covered days","Descriptive source-confounded HLOGA panel diagnostics only; no causal substitution effect, hidden-channel magnitude, policy calibration, or national generalization."
hloga-2007-federal-lobbying-disclosure,cand-5d1da86118e5,AMERICAN BENEFITS COUNCIL,treated_hloga_lda_client,1,Official LDA API,federal LDA reported lobbying amount,2008Q3,6,4,2008-07-01,2008-09-30,no,yes,post,3,no,0.33670000,336700.00,12.72695058,"LDA issue rows collapsed to filing UUID, registration rows removed, latest filing revision retained per actor-client-registrant-period, semiannual amounts allocated to quarters by covered days","Descriptive source-confounded HLOGA panel diagnostics only; no causal substitution effect, hidden-channel magnitude, policy calibration, or national generalization."
hloga-2007-federal-lobbying-disclosure,cand-5d1da86118e5,AMERICAN BENEFITS COUNCIL,treated_hloga_lda_client,1,Official LDA API,federal LDA reported lobbying amount,2008Q4,7,5,2008-10-01,2008-12-31,no,yes,post,3,no,0.30040000,300400.00,12.61287353,"LDA issue rows collapsed to filing UUID, registration rows removed, latest filing revision retained per actor-client-registrant-period, semiannual amounts allocated to quarters by covered days","Descriptive source-confounded HLOGA panel diagnostics only; no causal substitution effect, hidden-channel magnitude, policy calibration, or national generalization."
hloga-2007-federal-lobbying-disclosure,cand-9948f2974958,ADVANCED MEDICAL TECHNOLOGY ASSOCIATION,treated_hloga_lda_client,1,Official LDA API,federal LDA reported lobbying amount,2007Q1,0,-2,2007-01-01,2007-03-31,no,yes,clean_pre,3,no,0.15911602,159116.02,11.97739520,"LDA issue rows collapsed to filing UUID, registration rows removed, latest filing revision retained per actor-client-registrant-period, semiannual amounts allocated to quarters by covered days","Descriptive source-confounded HLOGA panel diagnostics only; no causal substitution effect, hidden-channel magnitude, policy calibration, or national generalization."
hloga-2007-federal-lobbying-disclosure,cand-9948f2974958,ADVANCED MEDICAL TECHNOLOGY ASSOCIATION,treated_hloga_lda_client,1,Official LDA API,federal LDA reported lobbying amount,2007Q2,1,-1,2007-04-01,2007-06-30,no,yes,clean_pre,3,no,0.16088398,160883.98,11.98844497,"LDA issue rows collapsed to filing UUID, registration rows removed, latest filing revision retained per actor-client-registrant-period, semiannual amounts allocated to quarters by covered days","Descriptive source-confounded HLOGA panel diagnostics only; no causal substitution effect, hidden-channel magnitude, policy calibration, or national generalization."
hloga-2007-federal-lobbying-disclosure,cand-9948f2974958,ADVANCED MEDICAL TECHNOLOGY ASSOCIATION,treated_hloga_lda_client,1,Official LDA API,federal LDA reported lobbying amount,2007Q3,2,0,2007-07-01,2007-09-30,yes,no,event_quarter_excluded,4,no,0.13000000,130000.00,11.77529742,"LDA issue rows collapsed to filing UUID, registration rows removed, latest filing revision retained per actor-client-registrant-period, semiannual amounts allocated to quarters by covered days","Descriptive source-confounded HLOGA panel diagnostics only; no causal substitution effect, hidden-channel magnitude, policy calibration, or national generalization."
hloga-2007-federal-lobbying-disclosure,cand-9948f2974958,ADVANCED MEDICAL TECHNOLOGY ASSOCIATION,treated_hloga_lda_client,1,Official LDA API,federal LDA reported lobbying amount,2007Q4,3,1,2007-10-01,2007-12-31,no,yes,post,4,no,0.13000000,130000.00,11.77529742,"LDA issue rows collapsed to filing UUID, registration rows removed, latest filing revision retained per actor-client-registrant-period, semiannual amounts allocated to quarters by covered days","Descriptive source-confounded HLOGA panel diagnostics only; no causal substitution effect, hidden-channel magnitude, policy calibration, or national generalization."
hloga-2007-federal-lobbying-disclosure,cand-9948f2974958,ADVANCED MEDICAL TECHNOLOGY ASSOCIATION,treated_hloga_lda_client,1,Official LDA API,federal LDA reported lobbying amount,2008Q1,4,2,2008-01-01,2008-03-31,no,yes,post,3,no,0.09000000,90000.00,11.40757606,"LDA issue rows collapsed to filing UUID, registration rows removed, latest filing revision retained per actor-client-registrant-period, semiannual amounts allocated to quarters by covered days","Descriptive source-confounded HLOGA panel diagnostics only; no causal substitution effect, hidden-channel magnitude, policy calibration, or national generalization."
hloga-2007-federal-lobbying-disclosure,cand-9948f2974958,ADVANCED MEDICAL TECHNOLOGY ASSOCIATION,treated_hloga_lda_client,1,Official LDA API,federal LDA reported lobbying amount,2008Q2,5,3,2008-04-01,2008-06-30,no,yes,post,3,no,0.13000000,130000.00,11.77529742,"LDA issue rows collapsed to filing UUID, registration rows removed, latest filing revision retained per actor-client-registrant-period, semiannual amounts allocated to quarters by covered days","Descriptive source-confounded HLOGA panel diagnostics only; no causal substitution effect, hidden-channel magnitude, policy calibration, or national generalization."
hloga-2007-federal-lobbying-disclosure,cand-9948f2974958,ADVANCED MEDICAL TECHNOLOGY ASSOCIATION,treated_hloga_lda_client,1,Official LDA API,federal LDA reported lobbying amount,2008Q3,6,4,2008-07-01,2008-09-30,no,yes,post,3,no,0.11000000,110000.00,11.60824474,"LDA issue rows collapsed to filing UUID, registration rows removed, latest filing revision retained per actor-client-registrant-period, semiannual amounts allocated to quarters by covered days","Descriptive source-confounded HLOGA panel diagnostics only; no causal substitution effect, hidden-channel magnitude, policy calibration, or national generalization."
hloga-2007-federal-lobbying-disclosure,cand-9948f2974958,ADVANCED MEDICAL TECHNOLOGY ASSOCIATION,treated_hloga_lda_client,1,Official LDA API,federal LDA reported lobbying amount,2008Q4,7,5,2008-10-01,2008-12-31,no,yes,post,3,no,0.10000000,100000.00,11.51293546,"LDA issue rows collapsed to filing UUID, registration rows removed, latest filing revision retained per actor-client-registrant-period, semiannual amounts allocated to quarters by covered days","Descriptive source-confounded HLOGA panel diagnostics only; no causal substitution effect, hidden-channel magnitude, policy calibration, or national generalization."
hloga-2007-federal-lobbying-disclosure,cand-b905d6833296,American Petroleum Institute,treated_hloga_lda_client,1,Official LDA API,federal LDA reported lobbying amount,2007Q1,0,-2,2007-01-01,2007-03-31,no,yes,clean_pre,10,no,1.11878453,1118784.53,13.92775431,"LDA issue rows collapsed to filing UUID, registration rows removed, latest filing revision retained per actor-client-registrant-period, semiannual amounts allocated to quarters by covered days","Descriptive source-confounded HLOGA panel diagnostics only; no causal substitution effect, hidden-channel magnitude, policy calibration, or national generalization."
hloga-2007-federal-lobbying-disclosure,cand-b905d6833296,American Petroleum Institute,treated_hloga_lda_client,1,Official LDA API,federal LDA reported lobbying amount,2007Q2,1,-1,2007-04-01,2007-06-30,no,yes,clean_pre,10,no,1.13121547,1131215.47,13.93880413,"LDA issue rows collapsed to filing UUID, registration rows removed, latest filing revision retained per actor-client-registrant-period, semiannual amounts allocated to quarters by covered days","Descriptive source-confounded HLOGA panel diagnostics only; no causal substitution effect, hidden-channel magnitude, policy calibration, or national generalization."
hloga-2007-federal-lobbying-disclosure,cand-b905d6833296,American Petroleum Institute,treated_hloga_lda_client,1,Official LDA API,federal LDA reported lobbying amount,2007Q3,2,0,2007-07-01,2007-09-30,yes,no,event_quarter_excluded,14,no,1.58000000,1580000.00,14.27293604,"LDA issue rows collapsed to filing UUID, registration rows removed, latest filing revision retained per actor-client-registrant-period, semiannual amounts allocated to quarters by covered days","Descriptive source-confounded HLOGA panel diagnostics only; no causal substitution effect, hidden-channel magnitude, policy calibration, or national generalization."
hloga-2007-federal-lobbying-disclosure,cand-b905d6833296,American Petroleum Institute,treated_hloga_lda_client,1,Official LDA API,federal LDA reported lobbying amount,2007Q4,3,1,2007-10-01,2007-12-31,no,yes,post,14,no,1.58000000,1580000.00,14.27293604,"LDA issue rows collapsed to filing UUID, registration rows removed, latest filing revision retained per actor-client-registrant-period, semiannual amounts allocated to quarters by covered days","Descriptive source-confounded HLOGA panel diagnostics only; no causal substitution effect, hidden-channel magnitude, policy calibration, or national generalization."
hloga-2007-federal-lobbying-disclosure,cand-b905d6833296,American Petroleum Institute,treated_hloga_lda_client,1,Official LDA API,federal LDA reported lobbying amount,2008Q1,4,2,2008-01-01,2008-03-31,no,yes,post,9,no,1.68000000,1680000.00,14.33430495,"LDA issue rows collapsed to filing UUID, registration rows removed, latest filing revision retained per actor-client-registrant-period, semiannual amounts allocated to quarters by covered days","Descriptive source-confounded HLOGA panel diagnostics only; no causal substitution effect, hidden-channel magnitude, policy calibration, or national generalization."
hloga-2007-federal-lobbying-disclosure,cand-b905d6833296,American Petroleum Institute,treated_hloga_lda_client,1,Official LDA API,federal LDA reported lobbying amount,2008Q2,5,3,2008-04-01,2008-06-30,no,yes,post,10,no,1.39000000,1390000.00,14.14481502,"LDA issue rows collapsed to filing UUID, registration rows removed, latest filing revision retained per actor-client-registrant-period, semiannual amounts allocated to quarters by covered days","Descriptive source-confounded HLOGA panel diagnostics only; no causal substitution effect, hidden-channel magnitude, policy calibration, or national generalization."
hloga-2007-federal-lobbying-disclosure,cand-b905d6833296,American Petroleum Institute,treated_hloga_lda_client,1,Official LDA API,federal LDA reported lobbying amount,2008Q3,6,4,2008-07-01,2008-09-30,no,yes,post,11,no,1.70000000,1700000.00,14.34613940,"LDA issue rows collapsed to filing UUID, registration rows removed, latest filing revision retained per actor-client-registrant-period, semiannual amounts allocated to quarters by covered days","Descriptive source-confounded HLOGA panel diagnostics only; no causal substitution effect, hidden-channel magnitude, policy calibration, or national generalization."
hloga-2007-federal-lobbying-disclosure,cand-b905d6833296,American Petroleum Institute,treated_hloga_lda_client,1,Official LDA API,federal LDA reported lobbying amount,2008Q4,7,5,2008-10-01,2008-12-31,no,yes,post,11,no,1.67940000,1679400.00,14.33394774,"LDA issue rows collapsed to filing UUID, registration rows removed, latest filing revision retained per actor-client-registrant-period, semiannual amounts allocated to quarters by covered days","Descriptive source-confounded HLOGA panel diagnostics only; no causal substitution effect, hidden-channel magnitude, policy calibration, or national generalization."
hloga-2007-federal-lobbying-disclosure,cand-c1ad13278d87,AMERICAN ASSOCIATION OF CROP INSURERS,treated_hloga_lda_client,1,Official LDA API,federal LDA reported lobbying amount,2007Q1,0,-2,2007-01-01,2007-03-31,no,yes,clean_pre,2,no,0.02983425,29834.25,10.30344600,"LDA issue rows collapsed to filing UUID, registration rows removed, latest filing revision retained per actor-client-registrant-period, semiannual amounts allocated to quarters by covered days","Descriptive source-confounded HLOGA panel diagnostics only; no causal substitution effect, hidden-channel magnitude, policy calibration, or national generalization."
hloga-2007-federal-lobbying-disclosure,cand-c1ad13278d87,AMERICAN ASSOCIATION OF CROP INSURERS,treated_hloga_lda_client,1,Official LDA API,federal LDA reported lobbying amount,2007Q2,1,-1,2007-04-01,2007-06-30,no,yes,clean_pre,2,no,0.03016575,30165.75,10.31449547,"LDA issue rows collapsed to filing UUID, registration rows removed, latest filing revision retained per actor-client-registrant-period, semiannual amounts allocated to quarters by covered days","Descriptive source-confounded HLOGA panel diagnostics only; no causal substitution effect, hidden-channel magnitude, policy calibration, or national generalization."
hloga-2007-federal-lobbying-disclosure,cand-c1ad13278d87,AMERICAN ASSOCIATION OF CROP INSURERS,treated_hloga_lda_client,1,Official LDA API,federal LDA reported lobbying amount,2007Q3,2,0,2007-07-01,2007-09-30,yes,no,event_quarter_excluded,2,no,0.07000000,70000.00,11.15626481,"LDA issue rows collapsed to filing UUID, registration rows removed, latest filing revision retained per actor-client-registrant-period, semiannual amounts allocated to quarters by covered days","Descriptive source-confounded HLOGA panel diagnostics only; no causal substitution effect, hidden-channel magnitude, policy calibration, or national generalization."
hloga-2007-federal-lobbying-disclosure,cand-c1ad13278d87,AMERICAN ASSOCIATION OF CROP INSURERS,treated_hloga_lda_client,1,Official LDA API,federal LDA reported lobbying amount,2007Q4,3,1,2007-10-01,2007-12-31,no,yes,post,2,no,0.07000000,70000.00,11.15626481,"LDA issue rows collapsed to filing UUID, registration rows removed, latest filing revision retained per actor-client-registrant-period, semiannual amounts allocated to quarters by covered days","Descriptive source-confounded HLOGA panel diagnostics only; no causal substitution effect, hidden-channel magnitude, policy calibration, or national generalization."
hloga-2007-federal-lobbying-disclosure,cand-c1ad13278d87,AMERICAN ASSOCIATION OF CROP INSURERS,treated_hloga_lda_client,1,Official LDA API,federal LDA reported lobbying amount,2008Q1,4,2,2008-01-01,2008-03-31,no,yes,post,2,no,0.07000000,70000.00,11.15626481,"LDA issue rows collapsed to filing UUID, registration rows removed, latest filing revision retained per actor-client-registrant-period, semiannual amounts allocated to quarters by covered days","Descriptive source-confounded HLOGA panel diagnostics only; no causal substitution effect, hidden-channel magnitude, policy calibration, or national generalization."
hloga-2007-federal-lobbying-disclosure,cand-c1ad13278d87,AMERICAN ASSOCIATION OF CROP INSURERS,treated_hloga_lda_client,1,Official LDA API,federal LDA reported lobbying amount,2008Q2,5,3,2008-04-01,2008-06-30,no,yes,post,2,no,0.08000000,80000.00,11.28979441,"LDA issue rows collapsed to filing UUID, registration rows removed, latest filing revision retained per actor-client-registrant-period, semiannual amounts allocated to quarters by covered days","Descriptive source-confounded HLOGA panel diagnostics only; no causal substitution effect, hidden-channel magnitude, policy calibration, or national generalization."
hloga-2007-federal-lobbying-disclosure,cand-c1ad13278d87,AMERICAN ASSOCIATION OF CROP INSURERS,treated_hloga_lda_client,1,Official LDA API,federal LDA reported lobbying amount,2008Q3,6,4,2008-07-01,2008-09-30,no,yes,post,2,no,0.03000000,30000.00,10.30898599,"LDA issue rows collapsed to filing UUID, registration rows removed, latest filing revision retained per actor-client-registrant-period, semiannual amounts allocated to quarters by covered days","Descriptive source-confounded HLOGA panel diagnostics only; no causal substitution effect, hidden-channel magnitude, policy calibration, or national generalization."
hloga-2007-federal-lobbying-disclosure,cand-c1ad13278d87,AMERICAN ASSOCIATION OF CROP INSURERS,treated_hloga_lda_client,1,Official LDA API,federal LDA reported lobbying amount,2008Q4,7,5,2008-10-01,2008-12-31,no,yes,post,2,no,0.03000000,30000.00,10.30898599,"LDA issue rows collapsed to filing UUID, registration rows removed, latest filing revision retained per actor-client-registrant-period, semiannual amounts allocated to quarters by covered days","Descriptive source-confounded HLOGA panel diagnostics only; no causal substitution effect, hidden-channel magnitude, policy calibration, or national generalization."
hloga-2007-federal-lobbying-disclosure,cand-d5522e62fad7,AMERICAN GAS ASSOCIATION,treated_hloga_lda_client,1,Official LDA API,federal LDA reported lobbying amount,2007Q1,0,-2,2007-01-01,2007-03-31,no,yes,clean_pre,4,no,0.13325967,133259.67,11.80006240,"LDA issue rows collapsed to filing UUID, registration rows removed, latest filing revision retained per actor-client-registrant-period, semiannual amounts allocated to quarters by covered days","Descriptive source-confounded HLOGA panel diagnostics only; no causal substitution effect, hidden-channel magnitude, policy calibration, or national generalization."
hloga-2007-federal-lobbying-disclosure,cand-d5522e62fad7,AMERICAN GAS ASSOCIATION,treated_hloga_lda_client,1,Official LDA API,federal LDA reported lobbying amount,2007Q2,1,-1,2007-04-01,2007-06-30,no,yes,clean_pre,4,no,0.13474033,134740.33,11.81111216,"LDA issue rows collapsed to filing UUID, registration rows removed, latest filing revision retained per actor-client-registrant-period, semiannual amounts allocated to quarters by covered days","Descriptive source-confounded HLOGA panel diagnostics only; no causal substitution effect, hidden-channel magnitude, policy calibration, or national generalization."
hloga-2007-federal-lobbying-disclosure,cand-d5522e62fad7,AMERICAN GAS ASSOCIATION,treated_hloga_lda_client,1,Official LDA API,federal LDA reported lobbying amount,2007Q3,2,0,2007-07-01,2007-09-30,yes,no,event_quarter_excluded,4,no,0.13575000,135750.00,11.81857760,"LDA issue rows collapsed to filing UUID, registration rows removed, latest filing revision retained per actor-client-registrant-period, semiannual amounts allocated to quarters by covered days","Descriptive source-confounded HLOGA panel diagnostics only; no causal substitution effect, hidden-channel magnitude, policy calibration, or national generalization."
hloga-2007-federal-lobbying-disclosure,cand-d5522e62fad7,AMERICAN GAS ASSOCIATION,treated_hloga_lda_client,1,Official LDA API,federal LDA reported lobbying amount,2007Q4,3,1,2007-10-01,2007-12-31,no,yes,post,4,no,0.13575000,135750.00,11.81857760,"LDA issue rows collapsed to filing UUID, registration rows removed, latest filing revision retained per actor-client-registrant-period, semiannual amounts allocated to quarters by covered days","Descriptive source-confounded HLOGA panel diagnostics only; no causal substitution effect, hidden-channel magnitude, policy calibration, or national generalization."
hloga-2007-federal-lobbying-disclosure,cand-d5522e62fad7,AMERICAN GAS ASSOCIATION,treated_hloga_lda_client,1,Official LDA API,federal LDA reported lobbying amount,2008Q1,4,2,2008-01-01,2008-03-31,no,yes,post,4,no,0.21000000,210000.00,12.25486757,"LDA issue rows collapsed to filing UUID, registration rows removed, latest filing revision retained per actor-client-registrant-period, semiannual amounts allocated to quarters by covered days","Descriptive source-confounded HLOGA panel diagnostics only; no causal substitution effect, hidden-channel magnitude, policy calibration, or national generalization."
hloga-2007-federal-lobbying-disclosure,cand-d5522e62fad7,AMERICAN GAS ASSOCIATION,treated_hloga_lda_client,1,Official LDA API,federal LDA reported lobbying amount,2008Q2,5,3,2008-04-01,2008-06-30,no,yes,post,4,no,0.28000000,280000.00,12.54254845,"LDA issue rows collapsed to filing UUID, registration rows removed, latest filing revision retained per actor-client-registrant-period, semiannual amounts allocated to quarters by covered days","Descriptive source-confounded HLOGA panel diagnostics only; no causal substitution effect, hidden-channel magnitude, policy calibration, or national generalization."
hloga-2007-federal-lobbying-disclosure,cand-d5522e62fad7,AMERICAN GAS ASSOCIATION,treated_hloga_lda_client,1,Official LDA API,federal LDA reported lobbying amount,2008Q3,6,4,2008-07-01,2008-09-30,no,yes,post,4,no,0.23000000,230000.00,12.34583894,"LDA issue rows collapsed to filing UUID, registration rows removed, latest filing revision retained per actor-client-registrant-period, semiannual amounts allocated to quarters by covered days","Descriptive source-confounded HLOGA panel diagnostics only; no causal substitution effect, hidden-channel magnitude, policy calibration, or national generalization."
hloga-2007-federal-lobbying-disclosure,cand-d5522e62fad7,AMERICAN GAS ASSOCIATION,treated_hloga_lda_client,1,Official LDA API,federal LDA reported lobbying amount,2008Q4,7,5,2008-10-01,2008-12-31,no,yes,post,4,no,0.36000000,360000.00,12.79386209,"LDA issue rows collapsed to filing UUID, registration rows removed, latest filing revision retained per actor-client-registrant-period, semiannual amounts allocated to quarters by covered days","Descriptive source-confounded HLOGA panel diagnostics only; no causal substitution effect, hidden-channel magnitude, policy calibration, or national generalization."
hloga-2007-federal-lobbying-disclosure,cand-f7178708cc78,AMERICAN ASSOCIATION FOR JUSTICE,treated_hloga_lda_client,1,Official LDA API,federal LDA reported lobbying amount,2007Q1,0,-2,2007-01-01,2007-03-31,no,yes,clean_pre,5,no,2.06850829,2068508.29,14.54233875,"LDA issue rows collapsed to filing UUID, registration rows removed, latest filing revision retained per actor-client-registrant-period, semiannual amounts allocated to quarters by covered days","Descriptive source-confounded HLOGA panel diagnostics only; no causal substitution effect, hidden-channel magnitude, policy calibration, or national generalization."
hloga-2007-federal-lobbying-disclosure,cand-f7178708cc78,AMERICAN ASSOCIATION FOR JUSTICE,treated_hloga_lda_client,1,Official LDA API,federal LDA reported lobbying amount,2007Q2,1,-1,2007-04-01,2007-06-30,no,yes,clean_pre,5,no,2.09149171,2091491.71,14.55338859,"LDA issue rows collapsed to filing UUID, registration rows removed, latest filing revision retained per actor-client-registrant-period, semiannual amounts allocated to quarters by covered days","Descriptive source-confounded HLOGA panel diagnostics only; no causal substitution effect, hidden-channel magnitude, policy calibration, or national generalization."
hloga-2007-federal-lobbying-disclosure,cand-f7178708cc78,AMERICAN ASSOCIATION FOR JUSTICE,treated_hloga_lda_client,1,Official LDA API,federal LDA reported lobbying amount,2007Q3,2,0,2007-07-01,2007-09-30,yes,no,event_quarter_excluded,5,no,1.71000000,1710000.00,14.35200451,"LDA issue rows collapsed to filing UUID, registration rows removed, latest filing revision retained per actor-client-registrant-period, semiannual amounts allocated to quarters by covered days","Descriptive source-confounded HLOGA panel diagnostics only; no causal substitution effect, hidden-channel magnitude, policy calibration, or national generalization."
hloga-2007-federal-lobbying-disclosure,cand-f7178708cc78,AMERICAN ASSOCIATION FOR JUSTICE,treated_hloga_lda_client,1,Official LDA API,federal LDA reported lobbying amount,2007Q4,3,1,2007-10-01,2007-12-31,no,yes,post,5,no,1.71000000,1710000.00,14.35200451,"LDA issue rows collapsed to filing UUID, registration rows removed, latest filing revision retained per actor-client-registrant-period, semiannual amounts allocated to quarters by covered days","Descriptive source-confounded HLOGA panel diagnostics only; no causal substitution effect, hidden-channel magnitude, policy calibration, or national generalization."
hloga-2007-federal-lobbying-disclosure,cand-f7178708cc78,AMERICAN ASSOCIATION FOR JUSTICE,treated_hloga_lda_client,1,Official LDA API,federal LDA reported lobbying amount,2008Q1,4,2,2008-01-01,2008-03-31,no,yes,post,6,no,1.55500000,1555000.00,14.25698675,"LDA issue rows collapsed to filing UUID, registration rows removed, latest filing revision retained per actor-client-registrant-period, semiannual amounts allocated to quarters by covered days","Descriptive source-confounded HLOGA panel diagnostics only; no causal substitution effect, hidden-channel magnitude, policy calibration, or national generalization."
hloga-2007-federal-lobbying-disclosure,cand-f7178708cc78,AMERICAN ASSOCIATION FOR JUSTICE,treated_hloga_lda_client,1,Official LDA API,federal LDA reported lobbying amount,2008Q2,5,3,2008-04-01,2008-06-30,no,yes,post,6,no,2.26500000,2265000.00,14.63308576,"LDA issue rows collapsed to filing UUID, registration rows removed, latest filing revision retained per actor-client-registrant-period, semiannual amounts allocated to quarters by covered days","Descriptive source-confounded HLOGA panel diagnostics only; no causal substitution effect, hidden-channel magnitude, policy calibration, or national generalization."
hloga-2007-federal-lobbying-disclosure,cand-f7178708cc78,AMERICAN ASSOCIATION FOR JUSTICE,treated_hloga_lda_client,1,Official LDA API,federal LDA reported lobbying amount,2008Q3,6,4,2008-07-01,2008-09-30,no,yes,post,6,no,1.78000000,1780000.00,14.39212448,"LDA issue rows collapsed to filing UUID, registration rows removed, latest filing revision retained per actor-client-registrant-period, semiannual amounts allocated to quarters by covered days","Descriptive source-confounded HLOGA panel diagnostics only; no causal substitution effect, hidden-channel magnitude, policy calibration, or national generalization."
hloga-2007-federal-lobbying-disclosure,cand-f7178708cc78,AMERICAN ASSOCIATION FOR JUSTICE,treated_hloga_lda_client,1,Official LDA API,federal LDA reported lobbying amount,2008Q4,7,5,2008-10-01,2008-12-31,no,yes,post,6,no,1.68500000,1685000.00,14.33727672,"LDA issue rows collapsed to filing UUID, registration rows removed, latest filing revision retained per actor-client-registrant-period, semiannual amounts allocated to quarters by covered days","Descriptive source-confounded HLOGA panel diagnostics only; no causal substitution effect, hidden-channel magnitude, policy calibration, or national generalization."
hloga-2007-federal-lobbying-disclosure,co-control-03d646106379,DENVER DEPARTMENT OF HUMAN SERVICES,control_unaffected_colorado_state_lobbying_jurisdiction,0,Colorado Secretary of State lobbyist income data,Colorado state-lobbyist income transaction amount,2007Q1,0,-2,2007-01-01,2007-03-31,no,yes,clean_pre,3,no,0.01800000,18000.00,9.79818259,one Colorado row retained per client-lobbyist-registration-date-amount receipt key and remaining income summed by actor-quarter,"Descriptive source-confounded HLOGA panel diagnostics only; no causal substitution effect, hidden-channel magnitude, policy calibration, or national generalization."
hloga-2007-federal-lobbying-disclosure,co-control-03d646106379,DENVER DEPARTMENT OF HUMAN SERVICES,control_unaffected_colorado_state_lobbying_jurisdiction,0,Colorado Secretary of State lobbyist income data,Colorado state-lobbyist income transaction amount,2007Q2,1,-1,2007-04-01,2007-06-30,no,yes,clean_pre,3,no,0.01800000,18000.00,9.79818259,one Colorado row retained per client-lobbyist-registration-date-amount receipt key and remaining income summed by actor-quarter,"Descriptive source-confounded HLOGA panel diagnostics only; no causal substitution effect, hidden-channel magnitude, policy calibration, or national generalization."
hloga-2007-federal-lobbying-disclosure,co-control-03d646106379,DENVER DEPARTMENT OF HUMAN SERVICES,control_unaffected_colorado_state_lobbying_jurisdiction,0,Colorado Secretary of State lobbyist income data,Colorado state-lobbyist income transaction amount,2007Q3,2,0,2007-07-01,2007-09-30,yes,no,event_quarter_excluded,3,no,0.01800000,18000.00,9.79818259,one Colorado row retained per client-lobbyist-registration-date-amount receipt key and remaining income summed by actor-quarter,"Descriptive source-confounded HLOGA panel diagnostics only; no causal substitution effect, hidden-channel magnitude, policy calibration, or national generalization."
hloga-2007-federal-lobbying-disclosure,co-control-03d646106379,DENVER DEPARTMENT OF HUMAN SERVICES,control_unaffected_colorado_state_lobbying_jurisdiction,0,Colorado Secretary of State lobbyist income data,Colorado state-lobbyist income transaction amount,2007Q4,3,1,2007-10-01,2007-12-31,no,yes,post,3,no,0.01800000,18000.00,9.79818259,one Colorado row retained per client-lobbyist-registration-date-amount receipt key and remaining income summed by actor-quarter,"Descriptive source-confounded HLOGA panel diagnostics only; no causal substitution effect, hidden-channel magnitude, policy calibration, or national generalization."
hloga-2007-federal-lobbying-disclosure,co-control-03d646106379,DENVER DEPARTMENT OF HUMAN SERVICES,control_unaffected_colorado_state_lobbying_jurisdiction,0,Colorado Secretary of State lobbyist income data,Colorado state-lobbyist income transaction amount,2008Q1,4,2,2008-01-01,2008-03-31,no,yes,post,2,no,0.01200000,12000.00,9.39274526,one Colorado row retained per client-lobbyist-registration-date-amount receipt key and remaining income summed by actor-quarter,"Descriptive source-confounded HLOGA panel diagnostics only; no causal substitution effect, hidden-channel magnitude, policy calibration, or national generalization."
hloga-2007-federal-lobbying-disclosure,co-control-03d646106379,DENVER DEPARTMENT OF HUMAN SERVICES,control_unaffected_colorado_state_lobbying_jurisdiction,0,Colorado Secretary of State lobbyist income data,Colorado state-lobbyist income transaction amount,2008Q2,5,3,2008-04-01,2008-06-30,no,yes,post,3,no,0.01800000,18000.00,9.79818259,one Colorado row retained per client-lobbyist-registration-date-amount receipt key and remaining income summed by actor-quarter,"Descriptive source-confounded HLOGA panel diagnostics only; no causal substitution effect, hidden-channel magnitude, policy calibration, or national generalization."
hloga-2007-federal-lobbying-disclosure,co-control-03d646106379,DENVER DEPARTMENT OF HUMAN SERVICES,control_unaffected_colorado_state_lobbying_jurisdiction,0,Colorado Secretary of State lobbyist income data,Colorado state-lobbyist income transaction amount,2008Q3,6,4,2008-07-01,2008-09-30,no,yes,post,3,no,0.01800000,18000.00,9.79818259,one Colorado row retained per client-lobbyist-registration-date-amount receipt key and remaining income summed by actor-quarter,"Descriptive source-confounded HLOGA panel diagnostics only; no causal substitution effect, hidden-channel magnitude, policy calibration, or national generalization."
hloga-2007-federal-lobbying-disclosure,co-control-03d646106379,DENVER DEPARTMENT OF HUMAN SERVICES,control_unaffected_colorado_state_lobbying_jurisdiction,0,Colorado Secretary of State lobbyist income data,Colorado state-lobbyist income transaction amount,2008Q4,7,5,2008-10-01,2008-12-31,no,yes,post,4,no,0.02400000,24000.00,10.08585078,one Colorado row retained per client-lobbyist-registration-date-amount receipt key and remaining income summed by actor-quarter,"Descriptive source-confounded HLOGA panel diagnostics only; no causal substitution effect, hidden-channel magnitude, policy calibration, or national generalization."
hloga-2007-federal-lobbying-disclosure,co-control-09762b8d8e6c,COLORADO CONTRACTORS ASSOCIATION,control_unaffected_colorado_state_lobbying_jurisdiction,0,Colorado Secretary of State lobbyist income data,Colorado state-lobbyist income transaction amount,2007Q1,0,-2,2007-01-01,2007-03-31,no,yes,clean_pre,2,no,0.01600000,16000.00,9.68040650,one Colorado row retained per client-lobbyist-registration-date-amount receipt key and remaining income summed by actor-quarter,"Descriptive source-confounded HLOGA panel diagnostics only; no causal substitution effect, hidden-channel magnitude, policy calibration, or national generalization."
hloga-2007-federal-lobbying-disclosure,co-control-09762b8d8e6c,COLORADO CONTRACTORS ASSOCIATION,control_unaffected_colorado_state_lobbying_jurisdiction,0,Colorado Secretary of State lobbyist income data,Colorado state-lobbyist income transaction amount,2007Q2,1,-1,2007-04-01,2007-06-30,no,yes,clean_pre,3,no,0.02400000,24000.00,10.08585078,one Colorado row retained per client-lobbyist-registration-date-amount receipt key and remaining income summed by actor-quarter,"Descriptive source-confounded HLOGA panel diagnostics only; no causal substitution effect, hidden-channel magnitude, policy calibration, or national generalization."
hloga-2007-federal-lobbying-disclosure,co-control-09762b8d8e6c,COLORADO CONTRACTORS ASSOCIATION,control_unaffected_colorado_state_lobbying_jurisdiction,0,Colorado Secretary of State lobbyist income data,Colorado state-lobbyist income transaction amount,2007Q3,2,0,2007-07-01,2007-09-30,yes,no,event_quarter_excluded,2,no,0.01800000,18000.00,9.79818259,one Colorado row retained per client-lobbyist-registration-date-amount receipt key and remaining income summed by actor-quarter,"Descriptive source-confounded HLOGA panel diagnostics only; no causal substitution effect, hidden-channel magnitude, policy calibration, or national generalization."
hloga-2007-federal-lobbying-disclosure,co-control-09762b8d8e6c,COLORADO CONTRACTORS ASSOCIATION,control_unaffected_colorado_state_lobbying_jurisdiction,0,Colorado Secretary of State lobbyist income data,Colorado state-lobbyist income transaction amount,2007Q4,3,1,2007-10-01,2007-12-31,no,yes,post,3,no,0.02400000,24000.00,10.08585078,one Colorado row retained per client-lobbyist-registration-date-amount receipt key and remaining income summed by actor-quarter,"Descriptive source-confounded HLOGA panel diagnostics only; no causal substitution effect, hidden-channel magnitude, policy calibration, or national generalization."
hloga-2007-federal-lobbying-disclosure,co-control-09762b8d8e6c,COLORADO CONTRACTORS ASSOCIATION,control_unaffected_colorado_state_lobbying_jurisdiction,0,Colorado Secretary of State lobbyist income data,Colorado state-lobbyist income transaction amount,2008Q1,4,2,2008-01-01,2008-03-31,no,yes,post,3,no,0.02600000,26000.00,10.16589028,one Colorado row retained per client-lobbyist-registration-date-amount receipt key and remaining income summed by actor-quarter,"Descriptive source-confounded HLOGA panel diagnostics only; no causal substitution effect, hidden-channel magnitude, policy calibration, or national generalization."
hloga-2007-federal-lobbying-disclosure,co-control-09762b8d8e6c,COLORADO CONTRACTORS ASSOCIATION,control_unaffected_colorado_state_lobbying_jurisdiction,0,Colorado Secretary of State lobbyist income data,Colorado state-lobbyist income transaction amount,2008Q2,5,3,2008-04-01,2008-06-30,no,yes,post,3,no,0.02400000,24000.00,10.08585078,one Colorado row retained per client-lobbyist-registration-date-amount receipt key and remaining income summed by actor-quarter,"Descriptive source-confounded HLOGA panel diagnostics only; no causal substitution effect, hidden-channel magnitude, policy calibration, or national generalization."
hloga-2007-federal-lobbying-disclosure,co-control-09762b8d8e6c,COLORADO CONTRACTORS ASSOCIATION,control_unaffected_colorado_state_lobbying_jurisdiction,0,Colorado Secretary of State lobbyist income data,Colorado state-lobbyist income transaction amount,2008Q3,6,4,2008-07-01,2008-09-30,no,yes,post,3,no,0.02400000,24000.00,10.08585078,one Colorado row retained per client-lobbyist-registration-date-amount receipt key and remaining income summed by actor-quarter,"Descriptive source-confounded HLOGA panel diagnostics only; no causal substitution effect, hidden-channel magnitude, policy calibration, or national generalization."
hloga-2007-federal-lobbying-disclosure,co-control-09762b8d8e6c,COLORADO CONTRACTORS ASSOCIATION,control_unaffected_colorado_state_lobbying_jurisdiction,0,Colorado Secretary of State lobbyist income data,Colorado state-lobbyist income transaction amount,2008Q4,7,5,2008-10-01,2008-12-31,no,yes,post,10,no,0.13570000,135700.00,11.81820921,one Colorado row retained per client-lobbyist-registration-date-amount receipt key and remaining income summed by actor-quarter,"Descriptive source-confounded HLOGA panel diagnostics only; no causal substitution effect, hidden-channel magnitude, policy calibration, or national generalization."
hloga-2007-federal-lobbying-disclosure,co-control-0bacc6017010,"COLORADO LEGISLATIVE SERVICES, LLC",control_unaffected_colorado_state_lobbying_jurisdiction,0,Colorado Secretary of State lobbyist income data,Colorado state-lobbyist income transaction amount,2007Q1,0,-2,2007-01-01,2007-03-31,no,yes,clean_pre,15,no,0.10710000,107100.00,11.58152759,one Colorado row retained per client-lobbyist-registration-date-amount receipt key and remaining income summed by actor-quarter,"Descriptive source-confounded HLOGA panel diagnostics only; no causal substitution effect, hidden-channel magnitude, policy calibration, or national generalization."
hloga-2007-federal-lobbying-disclosure,co-control-0bacc6017010,"COLORADO LEGISLATIVE SERVICES, LLC",control_unaffected_colorado_state_lobbying_jurisdiction,0,Colorado Secretary of State lobbyist income data,Colorado state-lobbyist income transaction amount,2007Q2,1,-1,2007-04-01,2007-06-30,no,yes,clean_pre,15,no,0.26210000,262100.00,12.47648520,one Colorado row retained per client-lobbyist-registration-date-amount receipt key and remaining income summed by actor-quarter,"Descriptive source-confounded HLOGA panel diagnostics only; no causal substitution effect, hidden-channel magnitude, policy calibration, or national generalization."
hloga-2007-federal-lobbying-disclosure,co-control-0bacc6017010,"COLORADO LEGISLATIVE SERVICES, LLC",control_unaffected_colorado_state_lobbying_jurisdiction,0,Colorado Secretary of State lobbyist income data,Colorado state-lobbyist income transaction amount,2007Q3,2,0,2007-07-01,2007-09-30,yes,no,event_quarter_excluded,17,no,0.15340000,153400.00,11.94081069,one Colorado row retained per client-lobbyist-registration-date-amount receipt key and remaining income summed by actor-quarter,"Descriptive source-confounded HLOGA panel diagnostics only; no causal substitution effect, hidden-channel magnitude, policy calibration, or national generalization."
hloga-2007-federal-lobbying-disclosure,co-control-0bacc6017010,"COLORADO LEGISLATIVE SERVICES, LLC",control_unaffected_colorado_state_lobbying_jurisdiction,0,Colorado Secretary of State lobbyist income data,Colorado state-lobbyist income transaction amount,2007Q4,3,1,2007-10-01,2007-12-31,no,yes,post,13,no,0.07800000,78000.00,11.26447693,one Colorado row retained per client-lobbyist-registration-date-amount receipt key and remaining income summed by actor-quarter,"Descriptive source-confounded HLOGA panel diagnostics only; no causal substitution effect, hidden-channel magnitude, policy calibration, or national generalization."
hloga-2007-federal-lobbying-disclosure,co-control-0bacc6017010,"COLORADO LEGISLATIVE SERVICES, LLC",control_unaffected_colorado_state_lobbying_jurisdiction,0,Colorado Secretary of State lobbyist income data,Colorado state-lobbyist income transaction amount,2008Q1,4,2,2008-01-01,2008-03-31,no,yes,post,14,no,0.08700000,87000.00,11.37367489,one Colorado row retained per client-lobbyist-registration-date-amount receipt key and remaining income summed by actor-quarter,"Descriptive source-confounded HLOGA panel diagnostics only; no causal substitution effect, hidden-channel magnitude, policy calibration, or national generalization."
hloga-2007-federal-lobbying-disclosure,co-control-0bacc6017010,"COLORADO LEGISLATIVE SERVICES, LLC",control_unaffected_colorado_state_lobbying_jurisdiction,0,Colorado Secretary of State lobbyist income data,Colorado state-lobbyist income transaction amount,2008Q2,5,3,2008-04-01,2008-06-30,no,yes,post,21,no,0.23350000,233500.00,12.36094164,one Colorado row retained per client-lobbyist-registration-date-amount receipt key and remaining income summed by actor-quarter,"Descriptive source-confounded HLOGA panel diagnostics only; no causal substitution effect, hidden-channel magnitude, policy calibration, or national generalization."
hloga-2007-federal-lobbying-disclosure,co-control-0bacc6017010,"COLORADO LEGISLATIVE SERVICES, LLC",control_unaffected_colorado_state_lobbying_jurisdiction,0,Colorado Secretary of State lobbyist income data,Colorado state-lobbyist income transaction amount,2008Q3,6,4,2008-07-01,2008-09-30,no,yes,post,16,no,0.19100000,191000.00,12.16003394,one Colorado row retained per client-lobbyist-registration-date-amount receipt key and remaining income summed by actor-quarter,"Descriptive source-confounded HLOGA panel diagnostics only; no causal substitution effect, hidden-channel magnitude, policy calibration, or national generalization."
hloga-2007-federal-lobbying-disclosure,co-control-0bacc6017010,"COLORADO LEGISLATIVE SERVICES, LLC",control_unaffected_colorado_state_lobbying_jurisdiction,0,Colorado Secretary of State lobbyist income data,Colorado state-lobbyist income transaction amount,2008Q4,7,5,2008-10-01,2008-12-31,no,yes,post,14,no,0.11200000,112000.00,11.62626308,one Colorado row retained per client-lobbyist-registration-date-amount receipt key and remaining income summed by actor-quarter,"Descriptive source-confounded HLOGA panel diagnostics only; no causal substitution effect, hidden-channel magnitude, policy calibration, or national generalization."
hloga-2007-federal-lobbying-disclosure,co-control-104f510fd5f1,MESA STATE COLLEGE,control_unaffected_colorado_state_lobbying_jurisdiction,0,Colorado Secretary of State lobbyist income data,Colorado state-lobbyist income transaction amount,2007Q1,0,-2,2007-01-01,2007-03-31,no,yes,clean_pre,6,no,0.02710000,27100.00,10.20732591,one Colorado row retained per client-lobbyist-registration-date-amount receipt key and remaining income summed by actor-quarter,"Descriptive source-confounded HLOGA panel diagnostics only; no causal substitution effect, hidden-channel magnitude, policy calibration, or national generalization."
hloga-2007-federal-lobbying-disclosure,co-control-104f510fd5f1,MESA STATE COLLEGE,control_unaffected_colorado_state_lobbying_jurisdiction,0,Colorado Secretary of State lobbyist income data,Colorado state-lobbyist income transaction amount,2007Q2,1,-1,2007-04-01,2007-06-30,no,yes,clean_pre,5,no,0.01800000,18000.00,9.79818259,one Colorado row retained per client-lobbyist-registration-date-amount receipt key and remaining income summed by actor-quarter,"Descriptive source-confounded HLOGA panel diagnostics only; no causal substitution effect, hidden-channel magnitude, policy calibration, or national generalization."
hloga-2007-federal-lobbying-disclosure,co-control-104f510fd5f1,MESA STATE COLLEGE,control_unaffected_colorado_state_lobbying_jurisdiction,0,Colorado Secretary of State lobbyist income data,Colorado state-lobbyist income transaction amount,2007Q3,2,0,2007-07-01,2007-09-30,yes,no,event_quarter_excluded,4,no,0.01680000,16800.00,9.72919369,one Colorado row retained per client-lobbyist-registration-date-amount receipt key and remaining income summed by actor-quarter,"Descriptive source-confounded HLOGA panel diagnostics only; no causal substitution effect, hidden-channel magnitude, policy calibration, or national generalization."
hloga-2007-federal-lobbying-disclosure,co-control-104f510fd5f1,MESA STATE COLLEGE,control_unaffected_colorado_state_lobbying_jurisdiction,0,Colorado Secretary of State lobbyist income data,Colorado state-lobbyist income transaction amount,2007Q4,3,1,2007-10-01,2007-12-31,no,yes,post,5,no,0.01990000,19900.00,9.89852526,one Colorado row retained per client-lobbyist-registration-date-amount receipt key and remaining income summed by actor-quarter,"Descriptive source-confounded HLOGA panel diagnostics only; no causal substitution effect, hidden-channel magnitude, policy calibration, or national generalization."
hloga-2007-federal-lobbying-disclosure,co-control-104f510fd5f1,MESA STATE COLLEGE,control_unaffected_colorado_state_lobbying_jurisdiction,0,Colorado Secretary of State lobbyist income data,Colorado state-lobbyist income transaction amount,2008Q1,4,2,2008-01-01,2008-03-31,no,yes,post,6,no,0.02780000,27800.00,10.23282727,one Colorado row retained per client-lobbyist-registration-date-amount receipt key and remaining income summed by actor-quarter,"Descriptive source-confounded HLOGA panel diagnostics only; no causal substitution effect, hidden-channel magnitude, policy calibration, or national generalization."
hloga-2007-federal-lobbying-disclosure,co-control-104f510fd5f1,MESA STATE COLLEGE,control_unaffected_colorado_state_lobbying_jurisdiction,0,Colorado Secretary of State lobbyist income data,Colorado state-lobbyist income transaction amount,2008Q2,5,3,2008-04-01,2008-06-30,no,yes,post,5,no,0.02140000,21400.00,9.97119293,one Colorado row retained per client-lobbyist-registration-date-amount receipt key and remaining income summed by actor-quarter,"Descriptive source-confounded HLOGA panel diagnostics only; no causal substitution effect, hidden-channel magnitude, policy calibration, or national generalization."
hloga-2007-federal-lobbying-disclosure,co-control-104f510fd5f1,MESA STATE COLLEGE,control_unaffected_colorado_state_lobbying_jurisdiction,0,Colorado Secretary of State lobbyist income data,Colorado state-lobbyist income transaction amount,2008Q3,6,4,2008-07-01,2008-09-30,no,yes,post,7,no,0.02830000,28300.00,10.25065242,one Colorado row retained per client-lobbyist-registration-date-amount receipt key and remaining income summed by actor-quarter,"Descriptive source-confounded HLOGA panel diagnostics only; no causal substitution effect, hidden-channel magnitude, policy calibration, or national generalization."
hloga-2007-federal-lobbying-disclosure,co-control-104f510fd5f1,MESA STATE COLLEGE,control_unaffected_colorado_state_lobbying_jurisdiction,0,Colorado Secretary of State lobbyist income data,Colorado state-lobbyist income transaction amount,2008Q4,7,5,2008-10-01,2008-12-31,no,yes,post,6,no,0.02740000,27400.00,10.21833479,one Colorado row retained per client-lobbyist-registration-date-amount receipt key and remaining income summed by actor-quarter,"Descriptive source-confounded HLOGA panel diagnostics only; no causal substitution effect, hidden-channel magnitude, policy calibration, or national generalization."
hloga-2007-federal-lobbying-disclosure,co-control-2254ea1330e0,COLORADO CHIROPRACTIC ASSOCIATION,control_unaffected_colorado_state_lobbying_jurisdiction,0,Colorado Secretary of State lobbyist income data,Colorado state-lobbyist income transaction amount,2007Q1,0,-2,2007-01-01,2007-03-31,no,yes,clean_pre,3,no,0.02550000,25500.00,10.14647295,one Colorado row retained per client-lobbyist-registration-date-amount receipt key and remaining income summed by actor-quarter,"Descriptive source-confounded HLOGA panel diagnostics only; no causal substitution effect, hidden-channel magnitude, policy calibration, or national generalization."
hloga-2007-federal-lobbying-disclosure,co-control-2254ea1330e0,COLORADO CHIROPRACTIC ASSOCIATION,control_unaffected_colorado_state_lobbying_jurisdiction,0,Colorado Secretary of State lobbyist income data,Colorado state-lobbyist income transaction amount,2007Q2,1,-1,2007-04-01,2007-06-30,no,yes,clean_pre,3,no,0.02550000,25500.00,10.14647295,one Colorado row retained per client-lobbyist-registration-date-amount receipt key and remaining income summed by actor-quarter,"Descriptive source-confounded HLOGA panel diagnostics only; no causal substitution effect, hidden-channel magnitude, policy calibration, or national generalization."
hloga-2007-federal-lobbying-disclosure,co-control-2254ea1330e0,COLORADO CHIROPRACTIC ASSOCIATION,control_unaffected_colorado_state_lobbying_jurisdiction,0,Colorado Secretary of State lobbyist income data,Colorado state-lobbyist income transaction amount,2007Q3,2,0,2007-07-01,2007-09-30,yes,no,event_quarter_excluded,3,no,0.02550000,25500.00,10.14647295,one Colorado row retained per client-lobbyist-registration-date-amount receipt key and remaining income summed by actor-quarter,"Descriptive source-confounded HLOGA panel diagnostics only; no causal substitution effect, hidden-channel magnitude, policy calibration, or national generalization."
hloga-2007-federal-lobbying-disclosure,co-control-2254ea1330e0,COLORADO CHIROPRACTIC ASSOCIATION,control_unaffected_colorado_state_lobbying_jurisdiction,0,Colorado Secretary of State lobbyist income data,Colorado state-lobbyist income transaction amount,2007Q4,3,1,2007-10-01,2007-12-31,no,yes,post,4,no,0.03000000,30000.00,10.30898599,one Colorado row retained per client-lobbyist-registration-date-amount receipt key and remaining income summed by actor-quarter,"Descriptive source-confounded HLOGA panel diagnostics only; no causal substitution effect, hidden-channel magnitude, policy calibration, or national generalization."
hloga-2007-federal-lobbying-disclosure,co-control-2254ea1330e0,COLORADO CHIROPRACTIC ASSOCIATION,control_unaffected_colorado_state_lobbying_jurisdiction,0,Colorado Secretary of State lobbyist income data,Colorado state-lobbyist income transaction amount,2008Q1,4,2,2008-01-01,2008-03-31,no,yes,post,4,no,0.01950000,19500.00,9.87822103,one Colorado row retained per client-lobbyist-registration-date-amount receipt key and remaining income summed by actor-quarter,"Descriptive source-confounded HLOGA panel diagnostics only; no causal substitution effect, hidden-channel magnitude, policy calibration, or national generalization."
hloga-2007-federal-lobbying-disclosure,co-control-2254ea1330e0,COLORADO CHIROPRACTIC ASSOCIATION,control_unaffected_colorado_state_lobbying_jurisdiction,0,Colorado Secretary of State lobbyist income data,Colorado state-lobbyist income transaction amount,2008Q2,5,3,2008-04-01,2008-06-30,no,yes,post,5,no,0.02950000,29500.00,10.29217944,one Colorado row retained per client-lobbyist-registration-date-amount receipt key and remaining income summed by actor-quarter,"Descriptive source-confounded HLOGA panel diagnostics only; no causal substitution effect, hidden-channel magnitude, policy calibration, or national generalization."
hloga-2007-federal-lobbying-disclosure,co-control-2254ea1330e0,COLORADO CHIROPRACTIC ASSOCIATION,control_unaffected_colorado_state_lobbying_jurisdiction,0,Colorado Secretary of State lobbyist income data,Colorado state-lobbyist income transaction amount,2008Q3,6,4,2008-07-01,2008-09-30,no,yes,post,5,no,0.02950000,29500.00,10.29217944,one Colorado row retained per client-lobbyist-registration-date-amount receipt key and remaining income summed by actor-quarter,"Descriptive source-confounded HLOGA panel diagnostics only; no causal substitution effect, hidden-channel magnitude, policy calibration, or national generalization."
hloga-2007-federal-lobbying-disclosure,co-control-2254ea1330e0,COLORADO CHIROPRACTIC ASSOCIATION,control_unaffected_colorado_state_lobbying_jurisdiction,0,Colorado Secretary of State lobbyist income data,Colorado state-lobbyist income transaction amount,2008Q4,7,5,2008-10-01,2008-12-31,no,yes,post,2,no,0.01300000,13000.00,9.47278156,one Colorado row retained per client-lobbyist-registration-date-amount receipt key and remaining income summed by actor-quarter,"Descriptive source-confounded HLOGA panel diagnostics only; no causal substitution effect, hidden-channel magnitude, policy calibration, or national generalization."
hloga-2007-federal-lobbying-disclosure,co-control-22685ef7eba1,COLORADO COMMUNITY COLLEGE SYSTEM,control_unaffected_colorado_state_lobbying_jurisdiction,0,Colorado Secretary of State lobbyist income data,Colorado state-lobbyist income transaction amount,2007Q1,0,-2,2007-01-01,2007-03-31,no,yes,clean_pre,6,no,0.02220000,22200.00,10.00789261,one Colorado row retained per client-lobbyist-registration-date-amount receipt key and remaining income summed by actor-quarter,"Descriptive source-confounded HLOGA panel diagnostics only; no causal substitution effect, hidden-channel magnitude, policy calibration, or national generalization."
hloga-2007-federal-lobbying-disclosure,co-control-22685ef7eba1,COLORADO COMMUNITY COLLEGE SYSTEM,control_unaffected_colorado_state_lobbying_jurisdiction,0,Colorado Secretary of State lobbyist income data,Colorado state-lobbyist income transaction amount,2007Q2,1,-1,2007-04-01,2007-06-30,no,yes,clean_pre,6,no,0.02220000,22200.00,10.00789261,one Colorado row retained per client-lobbyist-registration-date-amount receipt key and remaining income summed by actor-quarter,"Descriptive source-confounded HLOGA panel diagnostics only; no causal substitution effect, hidden-channel magnitude, policy calibration, or national generalization."
hloga-2007-federal-lobbying-disclosure,co-control-22685ef7eba1,COLORADO COMMUNITY COLLEGE SYSTEM,control_unaffected_colorado_state_lobbying_jurisdiction,0,Colorado Secretary of State lobbyist income data,Colorado state-lobbyist income transaction amount,2007Q3,2,0,2007-07-01,2007-09-30,yes,no,event_quarter_excluded,5,no,0.02100000,21000.00,9.95232533,one Colorado row retained per client-lobbyist-registration-date-amount receipt key and remaining income summed by actor-quarter,"Descriptive source-confounded HLOGA panel diagnostics only; no causal substitution effect, hidden-channel magnitude, policy calibration, or national generalization."
hloga-2007-federal-lobbying-disclosure,co-control-22685ef7eba1,COLORADO COMMUNITY COLLEGE SYSTEM,control_unaffected_colorado_state_lobbying_jurisdiction,0,Colorado Secretary of State lobbyist income data,Colorado state-lobbyist income transaction amount,2007Q4,3,1,2007-10-01,2007-12-31,no,yes,post,6,no,0.02470000,24700.00,10.11459901,one Colorado row retained per client-lobbyist-registration-date-amount receipt key and remaining income summed by actor-quarter,"Descriptive source-confounded HLOGA panel diagnostics only; no causal substitution effect, hidden-channel magnitude, policy calibration, or national generalization."
hloga-2007-federal-lobbying-disclosure,co-control-22685ef7eba1,COLORADO COMMUNITY COLLEGE SYSTEM,control_unaffected_colorado_state_lobbying_jurisdiction,0,Colorado Secretary of State lobbyist income data,Colorado state-lobbyist income transaction amount,2008Q1,4,2,2008-01-01,2008-03-31,no,yes,post,6,no,0.02520000,25200.00,10.13463896,one Colorado row retained per client-lobbyist-registration-date-amount receipt key and remaining income summed by actor-quarter,"Descriptive source-confounded HLOGA panel diagnostics only; no causal substitution effect, hidden-channel magnitude, policy calibration, or national generalization."
hloga-2007-federal-lobbying-disclosure,co-control-22685ef7eba1,COLORADO COMMUNITY COLLEGE SYSTEM,control_unaffected_colorado_state_lobbying_jurisdiction,0,Colorado Secretary of State lobbyist income data,Colorado state-lobbyist income transaction amount,2008Q2,5,3,2008-04-01,2008-06-30,no,yes,post,6,no,0.02520000,25200.00,10.13463896,one Colorado row retained per client-lobbyist-registration-date-amount receipt key and remaining income summed by actor-quarter,"Descriptive source-confounded HLOGA panel diagnostics only; no causal substitution effect, hidden-channel magnitude, policy calibration, or national generalization."
hloga-2007-federal-lobbying-disclosure,co-control-22685ef7eba1,COLORADO COMMUNITY COLLEGE SYSTEM,control_unaffected_colorado_state_lobbying_jurisdiction,0,Colorado Secretary of State lobbyist income data,Colorado state-lobbyist income transaction amount,2008Q3,6,4,2008-07-01,2008-09-30,no,yes,post,6,no,0.02520000,25200.00,10.13463896,one Colorado row retained per client-lobbyist-registration-date-amount receipt key and remaining income summed by actor-quarter,"Descriptive source-confounded HLOGA panel diagnostics only; no causal substitution effect, hidden-channel magnitude, policy calibration, or national generalization."
hloga-2007-federal-lobbying-disclosure,co-control-22685ef7eba1,COLORADO COMMUNITY COLLEGE SYSTEM,control_unaffected_colorado_state_lobbying_jurisdiction,0,Colorado Secretary of State lobbyist income data,Colorado state-lobbyist income transaction amount,2008Q4,7,5,2008-10-01,2008-12-31,no,yes,post,5,no,0.02100000,21000.00,9.95232533,one Colorado row retained per client-lobbyist-registration-date-amount receipt key and remaining income summed by actor-quarter,"Descriptive source-confounded HLOGA panel diagnostics only; no causal substitution effect, hidden-channel magnitude, policy calibration, or national generalization."
hloga-2007-federal-lobbying-disclosure,co-control-3ac9c1100a5a,HOME CARE ASSN OF COLO,control_unaffected_colorado_state_lobbying_jurisdiction,0,Colorado Secretary of State lobbyist income data,Colorado state-lobbyist income transaction amount,2007Q1,0,-2,2007-01-01,2007-03-31,no,yes,clean_pre,6,no,0.02660000,26600.00,10.18870409,one Colorado row retained per client-lobbyist-registration-date-amount receipt key and remaining income summed by actor-quarter,"Descriptive source-confounded HLOGA panel diagnostics only; no causal substitution effect, hidden-channel magnitude, policy calibration, or national generalization."
hloga-2007-federal-lobbying-disclosure,co-control-3ac9c1100a5a,HOME CARE ASSN OF COLO,control_unaffected_colorado_state_lobbying_jurisdiction,0,Colorado Secretary of State lobbyist income data,Colorado state-lobbyist income transaction amount,2007Q2,1,-1,2007-04-01,2007-06-30,no,yes,clean_pre,6,no,0.02280000,22800.00,10.03455967,one Colorado row retained per client-lobbyist-registration-date-amount receipt key and remaining income summed by actor-quarter,"Descriptive source-confounded HLOGA panel diagnostics only; no causal substitution effect, hidden-channel magnitude, policy calibration, or national generalization."
hloga-2007-federal-lobbying-disclosure,co-control-3ac9c1100a5a,HOME CARE ASSN OF COLO,control_unaffected_colorado_state_lobbying_jurisdiction,0,Colorado Secretary of State lobbyist income data,Colorado state-lobbyist income transaction amount,2007Q3,2,0,2007-07-01,2007-09-30,yes,no,event_quarter_excluded,7,no,0.02630000,26300.00,10.17736224,one Colorado row retained per client-lobbyist-registration-date-amount receipt key and remaining income summed by actor-quarter,"Descriptive source-confounded HLOGA panel diagnostics only; no causal substitution effect, hidden-channel magnitude, policy calibration, or national generalization."
hloga-2007-federal-lobbying-disclosure,co-control-3ac9c1100a5a,HOME CARE ASSN OF COLO,control_unaffected_colorado_state_lobbying_jurisdiction,0,Colorado Secretary of State lobbyist income data,Colorado state-lobbyist income transaction amount,2007Q4,3,1,2007-10-01,2007-12-31,no,yes,post,5,no,0.01820000,18200.00,9.80923182,one Colorado row retained per client-lobbyist-registration-date-amount receipt key and remaining income summed by actor-quarter,"Descriptive source-confounded HLOGA panel diagnostics only; no causal substitution effect, hidden-channel magnitude, policy calibration, or national generalization."
hloga-2007-federal-lobbying-disclosure,co-control-3ac9c1100a5a,HOME CARE ASSN OF COLO,control_unaffected_colorado_state_lobbying_jurisdiction,0,Colorado Secretary of State lobbyist income data,Colorado state-lobbyist income transaction amount,2008Q1,4,2,2008-01-01,2008-03-31,no,yes,post,6,no,0.02460000,24600.00,10.11054237,one Colorado row retained per client-lobbyist-registration-date-amount receipt key and remaining income summed by actor-quarter,"Descriptive source-confounded HLOGA panel diagnostics only; no causal substitution effect, hidden-channel magnitude, policy calibration, or national generalization."
hloga-2007-federal-lobbying-disclosure,co-control-3ac9c1100a5a,HOME CARE ASSN OF COLO,control_unaffected_colorado_state_lobbying_jurisdiction,0,Colorado Secretary of State lobbyist income data,Colorado state-lobbyist income transaction amount,2008Q2,5,3,2008-04-01,2008-06-30,no,yes,post,6,no,0.02660000,26600.00,10.18870409,one Colorado row retained per client-lobbyist-registration-date-amount receipt key and remaining income summed by actor-quarter,"Descriptive source-confounded HLOGA panel diagnostics only; no causal substitution effect, hidden-channel magnitude, policy calibration, or national generalization."
hloga-2007-federal-lobbying-disclosure,co-control-3ac9c1100a5a,HOME CARE ASSN OF COLO,control_unaffected_colorado_state_lobbying_jurisdiction,0,Colorado Secretary of State lobbyist income data,Colorado state-lobbyist income transaction amount,2008Q3,6,4,2008-07-01,2008-09-30,no,yes,post,7,no,0.02750000,27500.00,10.22197765,one Colorado row retained per client-lobbyist-registration-date-amount receipt key and remaining income summed by actor-quarter,"Descriptive source-confounded HLOGA panel diagnostics only; no causal substitution effect, hidden-channel magnitude, policy calibration, or national generalization."
hloga-2007-federal-lobbying-disclosure,co-control-3ac9c1100a5a,HOME CARE ASSN OF COLO,control_unaffected_colorado_state_lobbying_jurisdiction,0,Colorado Secretary of State lobbyist income data,Colorado state-lobbyist income transaction amount,2008Q4,7,5,2008-10-01,2008-12-31,no,yes,post,6,no,0.02460000,24600.00,10.11054237,one Colorado row retained per client-lobbyist-registration-date-amount receipt key and remaining income summed by actor-quarter,"Descriptive source-confounded HLOGA panel diagnostics only; no causal substitution effect, hidden-channel magnitude, policy calibration, or national generalization."
hloga-2007-federal-lobbying-disclosure,co-control-6b9b8c8c0a16,COLORADO BANKERS ASSOCIATION,control_unaffected_colorado_state_lobbying_jurisdiction,0,Colorado Secretary of State lobbyist income data,Colorado state-lobbyist income transaction amount,2007Q1,0,-2,2007-01-01,2007-03-31,no,yes,clean_pre,7,no,0.03660000,36600.00,10.50783084,one Colorado row retained per client-lobbyist-registration-date-amount receipt key and remaining income summed by actor-quarter,"Descriptive source-confounded HLOGA panel diagnostics only; no causal substitution effect, hidden-channel magnitude, policy calibration, or national generalization."
hloga-2007-federal-lobbying-disclosure,co-control-6b9b8c8c0a16,COLORADO BANKERS ASSOCIATION,control_unaffected_colorado_state_lobbying_jurisdiction,0,Colorado Secretary of State lobbyist income data,Colorado state-lobbyist income transaction amount,2007Q2,1,-1,2007-04-01,2007-06-30,no,yes,clean_pre,5,no,0.03190000,31900.00,10.37039264,one Colorado row retained per client-lobbyist-registration-date-amount receipt key and remaining income summed by actor-quarter,"Descriptive source-confounded HLOGA panel diagnostics only; no causal substitution effect, hidden-channel magnitude, policy calibration, or national generalization."
hloga-2007-federal-lobbying-disclosure,co-control-6b9b8c8c0a16,COLORADO BANKERS ASSOCIATION,control_unaffected_colorado_state_lobbying_jurisdiction,0,Colorado Secretary of State lobbyist income data,Colorado state-lobbyist income transaction amount,2007Q3,2,0,2007-07-01,2007-09-30,yes,no,event_quarter_excluded,0,yes,0.00000000,0.00,0.00000000,one Colorado row retained per client-lobbyist-registration-date-amount receipt key and remaining income summed by actor-quarter,"Descriptive source-confounded HLOGA panel diagnostics only; no causal substitution effect, hidden-channel magnitude, policy calibration, or national generalization."
hloga-2007-federal-lobbying-disclosure,co-control-6b9b8c8c0a16,COLORADO BANKERS ASSOCIATION,control_unaffected_colorado_state_lobbying_jurisdiction,0,Colorado Secretary of State lobbyist income data,Colorado state-lobbyist income transaction amount,2007Q4,3,1,2007-10-01,2007-12-31,no,yes,post,2,no,0.04620000,46200.00,10.74075672,one Colorado row retained per client-lobbyist-registration-date-amount receipt key and remaining income summed by actor-quarter,"Descriptive source-confounded HLOGA panel diagnostics only; no causal substitution effect, hidden-channel magnitude, policy calibration, or national generalization."
hloga-2007-federal-lobbying-disclosure,co-control-6b9b8c8c0a16,COLORADO BANKERS ASSOCIATION,control_unaffected_colorado_state_lobbying_jurisdiction,0,Colorado Secretary of State lobbyist income data,Colorado state-lobbyist income transaction amount,2008Q1,4,2,2008-01-01,2008-03-31,no,yes,post,7,no,0.03090000,30900.00,10.33854382,one Colorado row retained per client-lobbyist-registration-date-amount receipt key and remaining income summed by actor-quarter,"Descriptive source-confounded HLOGA panel diagnostics only; no causal substitution effect, hidden-channel magnitude, policy calibration, or national generalization."
hloga-2007-federal-lobbying-disclosure,co-control-6b9b8c8c0a16,COLORADO BANKERS ASSOCIATION,control_unaffected_colorado_state_lobbying_jurisdiction,0,Colorado Secretary of State lobbyist income data,Colorado state-lobbyist income transaction amount,2008Q2,5,3,2008-04-01,2008-06-30,no,yes,post,7,no,0.03090000,30900.00,10.33854382,one Colorado row retained per client-lobbyist-registration-date-amount receipt key and remaining income summed by actor-quarter,"Descriptive source-confounded HLOGA panel diagnostics only; no causal substitution effect, hidden-channel magnitude, policy calibration, or national generalization."
hloga-2007-federal-lobbying-disclosure,co-control-6b9b8c8c0a16,COLORADO BANKERS ASSOCIATION,control_unaffected_colorado_state_lobbying_jurisdiction,0,Colorado Secretary of State lobbyist income data,Colorado state-lobbyist income transaction amount,2008Q3,6,4,2008-07-01,2008-09-30,no,yes,post,1,no,0.02380000,23800.00,10.07748288,one Colorado row retained per client-lobbyist-registration-date-amount receipt key and remaining income summed by actor-quarter,"Descriptive source-confounded HLOGA panel diagnostics only; no causal substitution effect, hidden-channel magnitude, policy calibration, or national generalization."
hloga-2007-federal-lobbying-disclosure,co-control-6b9b8c8c0a16,COLORADO BANKERS ASSOCIATION,control_unaffected_colorado_state_lobbying_jurisdiction,0,Colorado Secretary of State lobbyist income data,Colorado state-lobbyist income transaction amount,2008Q4,7,5,2008-10-01,2008-12-31,no,yes,post,1,no,0.02380000,23800.00,10.07748288,one Colorado row retained per client-lobbyist-registration-date-amount receipt key and remaining income summed by actor-quarter,"Descriptive source-confounded HLOGA panel diagnostics only; no causal substitution effect, hidden-channel magnitude, policy calibration, or national generalization."
hloga-2007-federal-lobbying-disclosure,co-control-758a0126410b,COLORADO HOSPITAL ASSOCIATION,control_unaffected_colorado_state_lobbying_jurisdiction,0,Colorado Secretary of State lobbyist income data,Colorado state-lobbyist income transaction amount,2007Q1,0,-2,2007-01-01,2007-03-31,no,yes,clean_pre,11,no,0.03170000,31700.00,10.36410351,one Colorado row retained per client-lobbyist-registration-date-amount receipt key and remaining income summed by actor-quarter,"Descriptive source-confounded HLOGA panel diagnostics only; no causal substitution effect, hidden-channel magnitude, policy calibration, or national generalization."
hloga-2007-federal-lobbying-disclosure,co-control-758a0126410b,COLORADO HOSPITAL ASSOCIATION,control_unaffected_colorado_state_lobbying_jurisdiction,0,Colorado Secretary of State lobbyist income data,Colorado state-lobbyist income transaction amount,2007Q2,1,-1,2007-04-01,2007-06-30,no,yes,clean_pre,9,no,0.03100000,31000.00,10.34177474,one Colorado row retained per client-lobbyist-registration-date-amount receipt key and remaining income summed by actor-quarter,"Descriptive source-confounded HLOGA panel diagnostics only; no causal substitution effect, hidden-channel magnitude, policy calibration, or national generalization."
hloga-2007-federal-lobbying-disclosure,co-control-758a0126410b,COLORADO HOSPITAL ASSOCIATION,control_unaffected_colorado_state_lobbying_jurisdiction,0,Colorado Secretary of State lobbyist income data,Colorado state-lobbyist income transaction amount,2007Q3,2,0,2007-07-01,2007-09-30,yes,no,event_quarter_excluded,5,no,0.01450000,14500.00,9.58197289,one Colorado row retained per client-lobbyist-registration-date-amount receipt key and remaining income summed by actor-quarter,"Descriptive source-confounded HLOGA panel diagnostics only; no causal substitution effect, hidden-channel magnitude, policy calibration, or national generalization."
hloga-2007-federal-lobbying-disclosure,co-control-758a0126410b,COLORADO HOSPITAL ASSOCIATION,control_unaffected_colorado_state_lobbying_jurisdiction,0,Colorado Secretary of State lobbyist income data,Colorado state-lobbyist income transaction amount,2007Q4,3,1,2007-10-01,2007-12-31,no,yes,post,7,no,0.03250000,32500.00,10.38902614,one Colorado row retained per client-lobbyist-registration-date-amount receipt key and remaining income summed by actor-quarter,"Descriptive source-confounded HLOGA panel diagnostics only; no causal substitution effect, hidden-channel magnitude, policy calibration, or national generalization."
hloga-2007-federal-lobbying-disclosure,co-control-758a0126410b,COLORADO HOSPITAL ASSOCIATION,control_unaffected_colorado_state_lobbying_jurisdiction,0,Colorado Secretary of State lobbyist income data,Colorado state-lobbyist income transaction amount,2008Q1,4,2,2008-01-01,2008-03-31,no,yes,post,9,no,0.03730000,37300.00,10.52677541,one Colorado row retained per client-lobbyist-registration-date-amount receipt key and remaining income summed by actor-quarter,"Descriptive source-confounded HLOGA panel diagnostics only; no causal substitution effect, hidden-channel magnitude, policy calibration, or national generalization."
hloga-2007-federal-lobbying-disclosure,co-control-758a0126410b,COLORADO HOSPITAL ASSOCIATION,control_unaffected_colorado_state_lobbying_jurisdiction,0,Colorado Secretary of State lobbyist income data,Colorado state-lobbyist income transaction amount,2008Q2,5,3,2008-04-01,2008-06-30,no,yes,post,13,no,0.04180000,41800.00,10.64067554,one Colorado row retained per client-lobbyist-registration-date-amount receipt key and remaining income summed by actor-quarter,"Descriptive source-confounded HLOGA panel diagnostics only; no causal substitution effect, hidden-channel magnitude, policy calibration, or national generalization."
hloga-2007-federal-lobbying-disclosure,co-control-758a0126410b,COLORADO HOSPITAL ASSOCIATION,control_unaffected_colorado_state_lobbying_jurisdiction,0,Colorado Secretary of State lobbyist income data,Colorado state-lobbyist income transaction amount,2008Q3,6,4,2008-07-01,2008-09-30,no,yes,post,17,no,0.02220000,22200.00,10.00789261,one Colorado row retained per client-lobbyist-registration-date-amount receipt key and remaining income summed by actor-quarter,"Descriptive source-confounded HLOGA panel diagnostics only; no causal substitution effect, hidden-channel magnitude, policy calibration, or national generalization."
hloga-2007-federal-lobbying-disclosure,co-control-758a0126410b,COLORADO HOSPITAL ASSOCIATION,control_unaffected_colorado_state_lobbying_jurisdiction,0,Colorado Secretary of State lobbyist income data,Colorado state-lobbyist income transaction amount,2008Q4,7,5,2008-10-01,2008-12-31,no,yes,post,21,no,0.04570000,45700.00,10.72987546,one Colorado row retained per client-lobbyist-registration-date-amount receipt key and remaining income summed by actor-quarter,"Descriptive source-confounded HLOGA panel diagnostics only; no causal substitution effect, hidden-channel magnitude, policy calibration, or national generalization."
hloga-2007-federal-lobbying-disclosure,co-control-7f7eb3ead4ea,COLORADO ASSOCIATION OF HOME BUILDERS,control_unaffected_colorado_state_lobbying_jurisdiction,0,Colorado Secretary of State lobbyist income data,Colorado state-lobbyist income transaction amount,2007Q1,0,-2,2007-01-01,2007-03-31,no,yes,clean_pre,6,no,0.03690000,36900.00,10.51599393,one Colorado row retained per client-lobbyist-registration-date-amount receipt key and remaining income summed by actor-quarter,"Descriptive source-confounded HLOGA panel diagnostics only; no causal substitution effect, hidden-channel magnitude, policy calibration, or national generalization."
hloga-2007-federal-lobbying-disclosure,co-control-7f7eb3ead4ea,COLORADO ASSOCIATION OF HOME BUILDERS,control_unaffected_colorado_state_lobbying_jurisdiction,0,Colorado Secretary of State lobbyist income data,Colorado state-lobbyist income transaction amount,2007Q2,1,-1,2007-04-01,2007-06-30,no,yes,clean_pre,6,no,0.03690000,36900.00,10.51599393,one Colorado row retained per client-lobbyist-registration-date-amount receipt key and remaining income summed by actor-quarter,"Descriptive source-confounded HLOGA panel diagnostics only; no causal substitution effect, hidden-channel magnitude, policy calibration, or national generalization."
hloga-2007-federal-lobbying-disclosure,co-control-7f7eb3ead4ea,COLORADO ASSOCIATION OF HOME BUILDERS,control_unaffected_colorado_state_lobbying_jurisdiction,0,Colorado Secretary of State lobbyist income data,Colorado state-lobbyist income transaction amount,2007Q3,2,0,2007-07-01,2007-09-30,yes,no,event_quarter_excluded,3,no,0.02010000,20100.00,9.90852484,one Colorado row retained per client-lobbyist-registration-date-amount receipt key and remaining income summed by actor-quarter,"Descriptive source-confounded HLOGA panel diagnostics only; no causal substitution effect, hidden-channel magnitude, policy calibration, or national generalization."
hloga-2007-federal-lobbying-disclosure,co-control-7f7eb3ead4ea,COLORADO ASSOCIATION OF HOME BUILDERS,control_unaffected_colorado_state_lobbying_jurisdiction,0,Colorado Secretary of State lobbyist income data,Colorado state-lobbyist income transaction amount,2007Q4,3,1,2007-10-01,2007-12-31,no,yes,post,3,no,0.02010000,20100.00,9.90852484,one Colorado row retained per client-lobbyist-registration-date-amount receipt key and remaining income summed by actor-quarter,"Descriptive source-confounded HLOGA panel diagnostics only; no causal substitution effect, hidden-channel magnitude, policy calibration, or national generalization."
hloga-2007-federal-lobbying-disclosure,co-control-7f7eb3ead4ea,COLORADO ASSOCIATION OF HOME BUILDERS,control_unaffected_colorado_state_lobbying_jurisdiction,0,Colorado Secretary of State lobbyist income data,Colorado state-lobbyist income transaction amount,2008Q1,4,2,2008-01-01,2008-03-31,no,yes,post,3,no,0.02010000,20100.00,9.90852484,one Colorado row retained per client-lobbyist-registration-date-amount receipt key and remaining income summed by actor-quarter,"Descriptive source-confounded HLOGA panel diagnostics only; no causal substitution effect, hidden-channel magnitude, policy calibration, or national generalization."
hloga-2007-federal-lobbying-disclosure,co-control-7f7eb3ead4ea,COLORADO ASSOCIATION OF HOME BUILDERS,control_unaffected_colorado_state_lobbying_jurisdiction,0,Colorado Secretary of State lobbyist income data,Colorado state-lobbyist income transaction amount,2008Q2,5,3,2008-04-01,2008-06-30,no,yes,post,3,no,0.02010000,20100.00,9.90852484,one Colorado row retained per client-lobbyist-registration-date-amount receipt key and remaining income summed by actor-quarter,"Descriptive source-confounded HLOGA panel diagnostics only; no causal substitution effect, hidden-channel magnitude, policy calibration, or national generalization."
hloga-2007-federal-lobbying-disclosure,co-control-7f7eb3ead4ea,COLORADO ASSOCIATION OF HOME BUILDERS,control_unaffected_colorado_state_lobbying_jurisdiction,0,Colorado Secretary of State lobbyist income data,Colorado state-lobbyist income transaction amount,2008Q3,6,4,2008-07-01,2008-09-30,no,yes,post,3,no,0.02010000,20100.00,9.90852484,one Colorado row retained per client-lobbyist-registration-date-amount receipt key and remaining income summed by actor-quarter,"Descriptive source-confounded HLOGA panel diagnostics only; no causal substitution effect, hidden-channel magnitude, policy calibration, or national generalization."
hloga-2007-federal-lobbying-disclosure,co-control-7f7eb3ead4ea,COLORADO ASSOCIATION OF HOME BUILDERS,control_unaffected_colorado_state_lobbying_jurisdiction,0,Colorado Secretary of State lobbyist income data,Colorado state-lobbyist income transaction amount,2008Q4,7,5,2008-10-01,2008-12-31,no,yes,post,3,no,0.02010000,20100.00,9.90852484,one Colorado row retained per client-lobbyist-registration-date-amount receipt key and remaining income summed by actor-quarter,"Descriptive source-confounded HLOGA panel diagnostics only; no causal substitution effect, hidden-channel magnitude, policy calibration, or national generalization."
hloga-2007-federal-lobbying-disclosure,co-control-80ee761a6f12,"COLORADO COUNTIES, INC.",control_unaffected_colorado_state_lobbying_jurisdiction,0,Colorado Secretary of State lobbyist income data,Colorado state-lobbyist income transaction amount,2007Q1,0,-2,2007-01-01,2007-03-31,no,yes,clean_pre,11,no,0.04270000,42700.00,10.66197762,one Colorado row retained per client-lobbyist-registration-date-amount receipt key and remaining income summed by actor-quarter,"Descriptive source-confounded HLOGA panel diagnostics only; no causal substitution effect, hidden-channel magnitude, policy calibration, or national generalization."
hloga-2007-federal-lobbying-disclosure,co-control-80ee761a6f12,"COLORADO COUNTIES, INC.",control_unaffected_colorado_state_lobbying_jurisdiction,0,Colorado Secretary of State lobbyist income data,Colorado state-lobbyist income transaction amount,2007Q2,1,-1,2007-04-01,2007-06-30,no,yes,clean_pre,10,no,0.04240000,42400.00,10.65492723,one Colorado row retained per client-lobbyist-registration-date-amount receipt key and remaining income summed by actor-quarter,"Descriptive source-confounded HLOGA panel diagnostics only; no causal substitution effect, hidden-channel magnitude, policy calibration, or national generalization."
hloga-2007-federal-lobbying-disclosure,co-control-80ee761a6f12,"COLORADO COUNTIES, INC.",control_unaffected_colorado_state_lobbying_jurisdiction,0,Colorado Secretary of State lobbyist income data,Colorado state-lobbyist income transaction amount,2007Q3,2,0,2007-07-01,2007-09-30,yes,no,event_quarter_excluded,6,no,0.02340000,23400.00,10.06053404,one Colorado row retained per client-lobbyist-registration-date-amount receipt key and remaining income summed by actor-quarter,"Descriptive source-confounded HLOGA panel diagnostics only; no causal substitution effect, hidden-channel magnitude, policy calibration, or national generalization."
hloga-2007-federal-lobbying-disclosure,co-control-80ee761a6f12,"COLORADO COUNTIES, INC.",control_unaffected_colorado_state_lobbying_jurisdiction,0,Colorado Secretary of State lobbyist income data,Colorado state-lobbyist income transaction amount,2007Q4,3,1,2007-10-01,2007-12-31,no,yes,post,6,no,0.02810000,28100.00,10.24356044,one Colorado row retained per client-lobbyist-registration-date-amount receipt key and remaining income summed by actor-quarter,"Descriptive source-confounded HLOGA panel diagnostics only; no causal substitution effect, hidden-channel magnitude, policy calibration, or national generalization."
hloga-2007-federal-lobbying-disclosure,co-control-80ee761a6f12,"COLORADO COUNTIES, INC.",control_unaffected_colorado_state_lobbying_jurisdiction,0,Colorado Secretary of State lobbyist income data,Colorado state-lobbyist income transaction amount,2008Q1,4,2,2008-01-01,2008-03-31,no,yes,post,10,no,0.03680000,36800.00,10.51328030,one Colorado row retained per client-lobbyist-registration-date-amount receipt key and remaining income summed by actor-quarter,"Descriptive source-confounded HLOGA panel diagnostics only; no causal substitution effect, hidden-channel magnitude, policy calibration, or national generalization."
hloga-2007-federal-lobbying-disclosure,co-control-80ee761a6f12,"COLORADO COUNTIES, INC.",control_unaffected_colorado_state_lobbying_jurisdiction,0,Colorado Secretary of State lobbyist income data,Colorado state-lobbyist income transaction amount,2008Q2,5,3,2008-04-01,2008-06-30,no,yes,post,8,no,0.03020000,30200.00,10.31563032,one Colorado row retained per client-lobbyist-registration-date-amount receipt key and remaining income summed by actor-quarter,"Descriptive source-confounded HLOGA panel diagnostics only; no causal substitution effect, hidden-channel magnitude, policy calibration, or national generalization."
hloga-2007-federal-lobbying-disclosure,co-control-80ee761a6f12,"COLORADO COUNTIES, INC.",control_unaffected_colorado_state_lobbying_jurisdiction,0,Colorado Secretary of State lobbyist income data,Colorado state-lobbyist income transaction amount,2008Q3,6,4,2008-07-01,2008-09-30,no,yes,post,7,no,0.02360000,23600.00,10.06904436,one Colorado row retained per client-lobbyist-registration-date-amount receipt key and remaining income summed by actor-quarter,"Descriptive source-confounded HLOGA panel diagnostics only; no causal substitution effect, hidden-channel magnitude, policy calibration, or national generalization."
hloga-2007-federal-lobbying-disclosure,co-control-80ee761a6f12,"COLORADO COUNTIES, INC.",control_unaffected_colorado_state_lobbying_jurisdiction,0,Colorado Secretary of State lobbyist income data,Colorado state-lobbyist income transaction amount,2008Q4,7,5,2008-10-01,2008-12-31,no,yes,post,9,no,0.02450000,24500.00,10.10646921,one Colorado row retained per client-lobbyist-registration-date-amount receipt key and remaining income summed by actor-quarter,"Descriptive source-confounded HLOGA panel diagnostics only; no causal substitution effect, hidden-channel magnitude, policy calibration, or national generalization."
hloga-2007-federal-lobbying-disclosure,co-control-9096919a2514,COLORADO COMPETITIVE COUNCIL,control_unaffected_colorado_state_lobbying_jurisdiction,0,Colorado Secretary of State lobbyist income data,Colorado state-lobbyist income transaction amount,2007Q1,0,-2,2007-01-01,2007-03-31,no,yes,clean_pre,6,no,0.04650000,46500.00,10.74722910,one Colorado row retained per client-lobbyist-registration-date-amount receipt key and remaining income summed by actor-quarter,"Descriptive source-confounded HLOGA panel diagnostics only; no causal substitution effect, hidden-channel magnitude, policy calibration, or national generalization."
hloga-2007-federal-lobbying-disclosure,co-control-9096919a2514,COLORADO COMPETITIVE COUNCIL,control_unaffected_colorado_state_lobbying_jurisdiction,0,Colorado Secretary of State lobbyist income data,Colorado state-lobbyist income transaction amount,2007Q2,1,-1,2007-04-01,2007-06-30,no,yes,clean_pre,5,no,0.03600000,36000.00,10.49130199,one Colorado row retained per client-lobbyist-registration-date-amount receipt key and remaining income summed by actor-quarter,"Descriptive source-confounded HLOGA panel diagnostics only; no causal substitution effect, hidden-channel magnitude, policy calibration, or national generalization."
hloga-2007-federal-lobbying-disclosure,co-control-9096919a2514,COLORADO COMPETITIVE COUNCIL,control_unaffected_colorado_state_lobbying_jurisdiction,0,Colorado Secretary of State lobbyist income data,Colorado state-lobbyist income transaction amount,2007Q3,2,0,2007-07-01,2007-09-30,yes,no,event_quarter_excluded,6,no,0.03300000,33000.00,10.40429314,one Colorado row retained per client-lobbyist-registration-date-amount receipt key and remaining income summed by actor-quarter,"Descriptive source-confounded HLOGA panel diagnostics only; no causal substitution effect, hidden-channel magnitude, policy calibration, or national generalization."
hloga-2007-federal-lobbying-disclosure,co-control-9096919a2514,COLORADO COMPETITIVE COUNCIL,control_unaffected_colorado_state_lobbying_jurisdiction,0,Colorado Secretary of State lobbyist income data,Colorado state-lobbyist income transaction amount,2007Q4,3,1,2007-10-01,2007-12-31,no,yes,post,6,no,0.03300000,33000.00,10.40429314,one Colorado row retained per client-lobbyist-registration-date-amount receipt key and remaining income summed by actor-quarter,"Descriptive source-confounded HLOGA panel diagnostics only; no causal substitution effect, hidden-channel magnitude, policy calibration, or national generalization."
hloga-2007-federal-lobbying-disclosure,co-control-9096919a2514,COLORADO COMPETITIVE COUNCIL,control_unaffected_colorado_state_lobbying_jurisdiction,0,Colorado Secretary of State lobbyist income data,Colorado state-lobbyist income transaction amount,2008Q1,4,2,2008-01-01,2008-03-31,no,yes,post,6,no,0.03650000,36500.00,10.50509494,one Colorado row retained per client-lobbyist-registration-date-amount receipt key and remaining income summed by actor-quarter,"Descriptive source-confounded HLOGA panel diagnostics only; no causal substitution effect, hidden-channel magnitude, policy calibration, or national generalization."
hloga-2007-federal-lobbying-disclosure,co-control-9096919a2514,COLORADO COMPETITIVE COUNCIL,control_unaffected_colorado_state_lobbying_jurisdiction,0,Colorado Secretary of State lobbyist income data,Colorado state-lobbyist income transaction amount,2008Q2,5,3,2008-04-01,2008-06-30,no,yes,post,5,no,0.02700000,27000.00,10.20362918,one Colorado row retained per client-lobbyist-registration-date-amount receipt key and remaining income summed by actor-quarter,"Descriptive source-confounded HLOGA panel diagnostics only; no causal substitution effect, hidden-channel magnitude, policy calibration, or national generalization."
hloga-2007-federal-lobbying-disclosure,co-control-9096919a2514,COLORADO COMPETITIVE COUNCIL,control_unaffected_colorado_state_lobbying_jurisdiction,0,Colorado Secretary of State lobbyist income data,Colorado state-lobbyist income transaction amount,2008Q3,6,4,2008-07-01,2008-09-30,no,yes,post,3,no,0.01800000,18000.00,9.79818259,one Colorado row retained per client-lobbyist-registration-date-amount receipt key and remaining income summed by actor-quarter,"Descriptive source-confounded HLOGA panel diagnostics only; no causal substitution effect, hidden-channel magnitude, policy calibration, or national generalization."
hloga-2007-federal-lobbying-disclosure,co-control-9096919a2514,COLORADO COMPETITIVE COUNCIL,control_unaffected_colorado_state_lobbying_jurisdiction,0,Colorado Secretary of State lobbyist income data,Colorado state-lobbyist income transaction amount,2008Q4,7,5,2008-10-01,2008-12-31,no,yes,post,2,no,0.01200000,12000.00,9.39274526,one Colorado row retained per client-lobbyist-registration-date-amount receipt key and remaining income summed by actor-quarter,"Descriptive source-confounded HLOGA panel diagnostics only; no causal substitution effect, hidden-channel magnitude, policy calibration, or national generalization."
hloga-2007-federal-lobbying-disclosure,co-control-9aa64de8d66e,COLO MEDICAL SOCIETY,control_unaffected_colorado_state_lobbying_jurisdiction,0,Colorado Secretary of State lobbyist income data,Colorado state-lobbyist income transaction amount,2007Q1,0,-2,2007-01-01,2007-03-31,no,yes,clean_pre,3,no,0.02700000,27000.00,10.20362918,one Colorado row retained per client-lobbyist-registration-date-amount receipt key and remaining income summed by actor-quarter,"Descriptive source-confounded HLOGA panel diagnostics only; no causal substitution effect, hidden-channel magnitude, policy calibration, or national generalization."
hloga-2007-federal-lobbying-disclosure,co-control-9aa64de8d66e,COLO MEDICAL SOCIETY,control_unaffected_colorado_state_lobbying_jurisdiction,0,Colorado Secretary of State lobbyist income data,Colorado state-lobbyist income transaction amount,2007Q2,1,-1,2007-04-01,2007-06-30,no,yes,clean_pre,3,no,0.02700000,27000.00,10.20362918,one Colorado row retained per client-lobbyist-registration-date-amount receipt key and remaining income summed by actor-quarter,"Descriptive source-confounded HLOGA panel diagnostics only; no causal substitution effect, hidden-channel magnitude, policy calibration, or national generalization."
hloga-2007-federal-lobbying-disclosure,co-control-9aa64de8d66e,COLO MEDICAL SOCIETY,control_unaffected_colorado_state_lobbying_jurisdiction,0,Colorado Secretary of State lobbyist income data,Colorado state-lobbyist income transaction amount,2007Q3,2,0,2007-07-01,2007-09-30,yes,no,event_quarter_excluded,3,no,0.02700000,27000.00,10.20362918,one Colorado row retained per client-lobbyist-registration-date-amount receipt key and remaining income summed by actor-quarter,"Descriptive source-confounded HLOGA panel diagnostics only; no causal substitution effect, hidden-channel magnitude, policy calibration, or national generalization."
hloga-2007-federal-lobbying-disclosure,co-control-9aa64de8d66e,COLO MEDICAL SOCIETY,control_unaffected_colorado_state_lobbying_jurisdiction,0,Colorado Secretary of State lobbyist income data,Colorado state-lobbyist income transaction amount,2007Q4,3,1,2007-10-01,2007-12-31,no,yes,post,3,no,0.02700000,27000.00,10.20362918,one Colorado row retained per client-lobbyist-registration-date-amount receipt key and remaining income summed by actor-quarter,"Descriptive source-confounded HLOGA panel diagnostics only; no causal substitution effect, hidden-channel magnitude, policy calibration, or national generalization."
hloga-2007-federal-lobbying-disclosure,co-control-9aa64de8d66e,COLO MEDICAL SOCIETY,control_unaffected_colorado_state_lobbying_jurisdiction,0,Colorado Secretary of State lobbyist income data,Colorado state-lobbyist income transaction amount,2008Q1,4,2,2008-01-01,2008-03-31,no,yes,post,3,no,0.02700000,27000.00,10.20362918,one Colorado row retained per client-lobbyist-registration-date-amount receipt key and remaining income summed by actor-quarter,"Descriptive source-confounded HLOGA panel diagnostics only; no causal substitution effect, hidden-channel magnitude, policy calibration, or national generalization."
hloga-2007-federal-lobbying-disclosure,co-control-9aa64de8d66e,COLO MEDICAL SOCIETY,control_unaffected_colorado_state_lobbying_jurisdiction,0,Colorado Secretary of State lobbyist income data,Colorado state-lobbyist income transaction amount,2008Q2,5,3,2008-04-01,2008-06-30,no,yes,post,3,no,0.02700000,27000.00,10.20362918,one Colorado row retained per client-lobbyist-registration-date-amount receipt key and remaining income summed by actor-quarter,"Descriptive source-confounded HLOGA panel diagnostics only; no causal substitution effect, hidden-channel magnitude, policy calibration, or national generalization."
hloga-2007-federal-lobbying-disclosure,co-control-9aa64de8d66e,COLO MEDICAL SOCIETY,control_unaffected_colorado_state_lobbying_jurisdiction,0,Colorado Secretary of State lobbyist income data,Colorado state-lobbyist income transaction amount,2008Q3,6,4,2008-07-01,2008-09-30,no,yes,post,3,no,0.02700000,27000.00,10.20362918,one Colorado row retained per client-lobbyist-registration-date-amount receipt key and remaining income summed by actor-quarter,"Descriptive source-confounded HLOGA panel diagnostics only; no causal substitution effect, hidden-channel magnitude, policy calibration, or national generalization."
hloga-2007-federal-lobbying-disclosure,co-control-9aa64de8d66e,COLO MEDICAL SOCIETY,control_unaffected_colorado_state_lobbying_jurisdiction,0,Colorado Secretary of State lobbyist income data,Colorado state-lobbyist income transaction amount,2008Q4,7,5,2008-10-01,2008-12-31,no,yes,post,3,no,0.02700000,27000.00,10.20362918,one Colorado row retained per client-lobbyist-registration-date-amount receipt key and remaining income summed by actor-quarter,"Descriptive source-confounded HLOGA panel diagnostics only; no causal substitution effect, hidden-channel magnitude, policy calibration, or national generalization."
hloga-2007-federal-lobbying-disclosure,co-control-9c22b3350766,COLO TRIAL LAWYERS ASSN,control_unaffected_colorado_state_lobbying_jurisdiction,0,Colorado Secretary of State lobbyist income data,Colorado state-lobbyist income transaction amount,2007Q1,0,-2,2007-01-01,2007-03-31,no,yes,clean_pre,7,no,0.05390000,53900.00,10.89490431,one Colorado row retained per client-lobbyist-registration-date-amount receipt key and remaining income summed by actor-quarter,"Descriptive source-confounded HLOGA panel diagnostics only; no causal substitution effect, hidden-channel magnitude, policy calibration, or national generalization."
hloga-2007-federal-lobbying-disclosure,co-control-9c22b3350766,COLO TRIAL LAWYERS ASSN,control_unaffected_colorado_state_lobbying_jurisdiction,0,Colorado Secretary of State lobbyist income data,Colorado state-lobbyist income transaction amount,2007Q2,1,-1,2007-04-01,2007-06-30,no,yes,clean_pre,6,no,0.04620000,46200.00,10.74075672,one Colorado row retained per client-lobbyist-registration-date-amount receipt key and remaining income summed by actor-quarter,"Descriptive source-confounded HLOGA panel diagnostics only; no causal substitution effect, hidden-channel magnitude, policy calibration, or national generalization."
hloga-2007-federal-lobbying-disclosure,co-control-9c22b3350766,COLO TRIAL LAWYERS ASSN,control_unaffected_colorado_state_lobbying_jurisdiction,0,Colorado Secretary of State lobbyist income data,Colorado state-lobbyist income transaction amount,2007Q3,2,0,2007-07-01,2007-09-30,yes,no,event_quarter_excluded,6,no,0.03280000,32800.00,10.39821428,one Colorado row retained per client-lobbyist-registration-date-amount receipt key and remaining income summed by actor-quarter,"Descriptive source-confounded HLOGA panel diagnostics only; no causal substitution effect, hidden-channel magnitude, policy calibration, or national generalization."
hloga-2007-federal-lobbying-disclosure,co-control-9c22b3350766,COLO TRIAL LAWYERS ASSN,control_unaffected_colorado_state_lobbying_jurisdiction,0,Colorado Secretary of State lobbyist income data,Colorado state-lobbyist income transaction amount,2007Q4,3,1,2007-10-01,2007-12-31,no,yes,post,6,no,0.04640000,46400.00,10.74507629,one Colorado row retained per client-lobbyist-registration-date-amount receipt key and remaining income summed by actor-quarter,"Descriptive source-confounded HLOGA panel diagnostics only; no causal substitution effect, hidden-channel magnitude, policy calibration, or national generalization."
hloga-2007-federal-lobbying-disclosure,co-control-9c22b3350766,COLO TRIAL LAWYERS ASSN,control_unaffected_colorado_state_lobbying_jurisdiction,0,Colorado Secretary of State lobbyist income data,Colorado state-lobbyist income transaction amount,2008Q1,4,2,2008-01-01,2008-03-31,no,yes,post,5,no,0.03850000,38500.00,10.55843949,one Colorado row retained per client-lobbyist-registration-date-amount receipt key and remaining income summed by actor-quarter,"Descriptive source-confounded HLOGA panel diagnostics only; no causal substitution effect, hidden-channel magnitude, policy calibration, or national generalization."
hloga-2007-federal-lobbying-disclosure,co-control-9c22b3350766,COLO TRIAL LAWYERS ASSN,control_unaffected_colorado_state_lobbying_jurisdiction,0,Colorado Secretary of State lobbyist income data,Colorado state-lobbyist income transaction amount,2008Q2,5,3,2008-04-01,2008-06-30,no,yes,post,6,no,0.04620000,46200.00,10.74075672,one Colorado row retained per client-lobbyist-registration-date-amount receipt key and remaining income summed by actor-quarter,"Descriptive source-confounded HLOGA panel diagnostics only; no causal substitution effect, hidden-channel magnitude, policy calibration, or national generalization."
hloga-2007-federal-lobbying-disclosure,co-control-9c22b3350766,COLO TRIAL LAWYERS ASSN,control_unaffected_colorado_state_lobbying_jurisdiction,0,Colorado Secretary of State lobbyist income data,Colorado state-lobbyist income transaction amount,2008Q3,6,4,2008-07-01,2008-09-30,no,yes,post,4,no,0.03160000,31600.00,10.36094404,one Colorado row retained per client-lobbyist-registration-date-amount receipt key and remaining income summed by actor-quarter,"Descriptive source-confounded HLOGA panel diagnostics only; no causal substitution effect, hidden-channel magnitude, policy calibration, or national generalization."
hloga-2007-federal-lobbying-disclosure,co-control-9c22b3350766,COLO TRIAL LAWYERS ASSN,control_unaffected_colorado_state_lobbying_jurisdiction,0,Colorado Secretary of State lobbyist income data,Colorado state-lobbyist income transaction amount,2008Q4,7,5,2008-10-01,2008-12-31,no,yes,post,8,no,0.04800000,48000.00,10.77897712,one Colorado row retained per client-lobbyist-registration-date-amount receipt key and remaining income summed by actor-quarter,"Descriptive source-confounded HLOGA panel diagnostics only; no causal substitution effect, hidden-channel magnitude, policy calibration, or national generalization."
hloga-2007-federal-lobbying-disclosure,co-control-a6b02d1fc05e,COALITION FOR THOROUGH & UNIFORM COLORADO PUBLIC EDUCATION SYSTEM,control_unaffected_colorado_state_lobbying_jurisdiction,0,Colorado Secretary of State lobbyist income data,Colorado state-lobbyist income transaction amount,2007Q1,0,-2,2007-01-01,2007-03-31,no,yes,clean_pre,2,no,0.06000000,60000.00,11.00211651,one Colorado row retained per client-lobbyist-registration-date-amount receipt key and remaining income summed by actor-quarter,"Descriptive source-confounded HLOGA panel diagnostics only; no causal substitution effect, hidden-channel magnitude, policy calibration, or national generalization."
hloga-2007-federal-lobbying-disclosure,co-control-a6b02d1fc05e,COALITION FOR THOROUGH & UNIFORM COLORADO PUBLIC EDUCATION SYSTEM,control_unaffected_colorado_state_lobbying_jurisdiction,0,Colorado Secretary of State lobbyist income data,Colorado state-lobbyist income transaction amount,2007Q2,1,-1,2007-04-01,2007-06-30,no,yes,clean_pre,0,yes,0.00000000,0.00,0.00000000,one Colorado row retained per client-lobbyist-registration-date-amount receipt key and remaining income summed by actor-quarter,"Descriptive source-confounded HLOGA panel diagnostics only; no causal substitution effect, hidden-channel magnitude, policy calibration, or national generalization."
hloga-2007-federal-lobbying-disclosure,co-control-a6b02d1fc05e,COALITION FOR THOROUGH & UNIFORM COLORADO PUBLIC EDUCATION SYSTEM,control_unaffected_colorado_state_lobbying_jurisdiction,0,Colorado Secretary of State lobbyist income data,Colorado state-lobbyist income transaction amount,2007Q3,2,0,2007-07-01,2007-09-30,yes,no,event_quarter_excluded,1,no,0.03000000,30000.00,10.30898599,one Colorado row retained per client-lobbyist-registration-date-amount receipt key and remaining income summed by actor-quarter,"Descriptive source-confounded HLOGA panel diagnostics only; no causal substitution effect, hidden-channel magnitude, policy calibration, or national generalization."
hloga-2007-federal-lobbying-disclosure,co-control-a6b02d1fc05e,COALITION FOR THOROUGH & UNIFORM COLORADO PUBLIC EDUCATION SYSTEM,control_unaffected_colorado_state_lobbying_jurisdiction,0,Colorado Secretary of State lobbyist income data,Colorado state-lobbyist income transaction amount,2007Q4,3,1,2007-10-01,2007-12-31,no,yes,post,1,no,0.03000000,30000.00,10.30898599,one Colorado row retained per client-lobbyist-registration-date-amount receipt key and remaining income summed by actor-quarter,"Descriptive source-confounded HLOGA panel diagnostics only; no causal substitution effect, hidden-channel magnitude, policy calibration, or national generalization."
hloga-2007-federal-lobbying-disclosure,co-control-a6b02d1fc05e,COALITION FOR THOROUGH & UNIFORM COLORADO PUBLIC EDUCATION SYSTEM,control_unaffected_colorado_state_lobbying_jurisdiction,0,Colorado Secretary of State lobbyist income data,Colorado state-lobbyist income transaction amount,2008Q1,4,2,2008-01-01,2008-03-31,no,yes,post,2,no,0.06000000,60000.00,11.00211651,one Colorado row retained per client-lobbyist-registration-date-amount receipt key and remaining income summed by actor-quarter,"Descriptive source-confounded HLOGA panel diagnostics only; no causal substitution effect, hidden-channel magnitude, policy calibration, or national generalization."
hloga-2007-federal-lobbying-disclosure,co-control-a6b02d1fc05e,COALITION FOR THOROUGH & UNIFORM COLORADO PUBLIC EDUCATION SYSTEM,control_unaffected_colorado_state_lobbying_jurisdiction,0,Colorado Secretary of State lobbyist income data,Colorado state-lobbyist income transaction amount,2008Q2,5,3,2008-04-01,2008-06-30,no,yes,post,1,no,0.03000000,30000.00,10.30898599,one Colorado row retained per client-lobbyist-registration-date-amount receipt key and remaining income summed by actor-quarter,"Descriptive source-confounded HLOGA panel diagnostics only; no causal substitution effect, hidden-channel magnitude, policy calibration, or national generalization."
hloga-2007-federal-lobbying-disclosure,co-control-a6b02d1fc05e,COALITION FOR THOROUGH & UNIFORM COLORADO PUBLIC EDUCATION SYSTEM,control_unaffected_colorado_state_lobbying_jurisdiction,0,Colorado Secretary of State lobbyist income data,Colorado state-lobbyist income transaction amount,2008Q3,6,4,2008-07-01,2008-09-30,no,yes,post,1,no,0.03000000,30000.00,10.30898599,one Colorado row retained per client-lobbyist-registration-date-amount receipt key and remaining income summed by actor-quarter,"Descriptive source-confounded HLOGA panel diagnostics only; no causal substitution effect, hidden-channel magnitude, policy calibration, or national generalization."
hloga-2007-federal-lobbying-disclosure,co-control-a6b02d1fc05e,COALITION FOR THOROUGH & UNIFORM COLORADO PUBLIC EDUCATION SYSTEM,control_unaffected_colorado_state_lobbying_jurisdiction,0,Colorado Secretary of State lobbyist income data,Colorado state-lobbyist income transaction amount,2008Q4,7,5,2008-10-01,2008-12-31,no,yes,post,0,yes,0.00000000,0.00,0.00000000,one Colorado row retained per client-lobbyist-registration-date-amount receipt key and remaining income summed by actor-quarter,"Descriptive source-confounded HLOGA panel diagnostics only; no causal substitution effect, hidden-channel magnitude, policy calibration, or national generalization."
hloga-2007-federal-lobbying-disclosure,co-control-a9dd129f18bb,COLORADO RETAIL COUNCIL,control_unaffected_colorado_state_lobbying_jurisdiction,0,Colorado Secretary of State lobbyist income data,Colorado state-lobbyist income transaction amount,2007Q1,0,-2,2007-01-01,2007-03-31,no,yes,clean_pre,3,no,0.04260000,42600.00,10.65963301,one Colorado row retained per client-lobbyist-registration-date-amount receipt key and remaining income summed by actor-quarter,"Descriptive source-confounded HLOGA panel diagnostics only; no causal substitution effect, hidden-channel magnitude, policy calibration, or national generalization."
hloga-2007-federal-lobbying-disclosure,co-control-a9dd129f18bb,COLORADO RETAIL COUNCIL,control_unaffected_colorado_state_lobbying_jurisdiction,0,Colorado Secretary of State lobbyist income data,Colorado state-lobbyist income transaction amount,2007Q2,1,-1,2007-04-01,2007-06-30,no,yes,clean_pre,2,no,0.02840000,28400.00,10.25417963,one Colorado row retained per client-lobbyist-registration-date-amount receipt key and remaining income summed by actor-quarter,"Descriptive source-confounded HLOGA panel diagnostics only; no causal substitution effect, hidden-channel magnitude, policy calibration, or national generalization."
hloga-2007-federal-lobbying-disclosure,co-control-a9dd129f18bb,COLORADO RETAIL COUNCIL,control_unaffected_colorado_state_lobbying_jurisdiction,0,Colorado Secretary of State lobbyist income data,Colorado state-lobbyist income transaction amount,2007Q3,2,0,2007-07-01,2007-09-30,yes,no,event_quarter_excluded,3,no,0.04260000,42600.00,10.65963301,one Colorado row retained per client-lobbyist-registration-date-amount receipt key and remaining income summed by actor-quarter,"Descriptive source-confounded HLOGA panel diagnostics only; no causal substitution effect, hidden-channel magnitude, policy calibration, or national generalization."
hloga-2007-federal-lobbying-disclosure,co-control-a9dd129f18bb,COLORADO RETAIL COUNCIL,control_unaffected_colorado_state_lobbying_jurisdiction,0,Colorado Secretary of State lobbyist income data,Colorado state-lobbyist income transaction amount,2007Q4,3,1,2007-10-01,2007-12-31,no,yes,post,3,no,0.04260000,42600.00,10.65963301,one Colorado row retained per client-lobbyist-registration-date-amount receipt key and remaining income summed by actor-quarter,"Descriptive source-confounded HLOGA panel diagnostics only; no causal substitution effect, hidden-channel magnitude, policy calibration, or national generalization."
hloga-2007-federal-lobbying-disclosure,co-control-a9dd129f18bb,COLORADO RETAIL COUNCIL,control_unaffected_colorado_state_lobbying_jurisdiction,0,Colorado Secretary of State lobbyist income data,Colorado state-lobbyist income transaction amount,2008Q1,4,2,2008-01-01,2008-03-31,no,yes,post,3,no,0.04260000,42600.00,10.65963301,one Colorado row retained per client-lobbyist-registration-date-amount receipt key and remaining income summed by actor-quarter,"Descriptive source-confounded HLOGA panel diagnostics only; no causal substitution effect, hidden-channel magnitude, policy calibration, or national generalization."
hloga-2007-federal-lobbying-disclosure,co-control-a9dd129f18bb,COLORADO RETAIL COUNCIL,control_unaffected_colorado_state_lobbying_jurisdiction,0,Colorado Secretary of State lobbyist income data,Colorado state-lobbyist income transaction amount,2008Q2,5,3,2008-04-01,2008-06-30,no,yes,post,2,no,0.04260000,42600.00,10.65963301,one Colorado row retained per client-lobbyist-registration-date-amount receipt key and remaining income summed by actor-quarter,"Descriptive source-confounded HLOGA panel diagnostics only; no causal substitution effect, hidden-channel magnitude, policy calibration, or national generalization."
hloga-2007-federal-lobbying-disclosure,co-control-a9dd129f18bb,COLORADO RETAIL COUNCIL,control_unaffected_colorado_state_lobbying_jurisdiction,0,Colorado Secretary of State lobbyist income data,Colorado state-lobbyist income transaction amount,2008Q3,6,4,2008-07-01,2008-09-30,no,yes,post,3,no,0.04260000,42600.00,10.65963301,one Colorado row retained per client-lobbyist-registration-date-amount receipt key and remaining income summed by actor-quarter,"Descriptive source-confounded HLOGA panel diagnostics only; no causal substitution effect, hidden-channel magnitude, policy calibration, or national generalization."
hloga-2007-federal-lobbying-disclosure,co-control-a9dd129f18bb,COLORADO RETAIL COUNCIL,control_unaffected_colorado_state_lobbying_jurisdiction,0,Colorado Secretary of State lobbyist income data,Colorado state-lobbyist income transaction amount,2008Q4,7,5,2008-10-01,2008-12-31,no,yes,post,3,no,0.04260000,42600.00,10.65963301,one Colorado row retained per client-lobbyist-registration-date-amount receipt key and remaining income summed by actor-quarter,"Descriptive source-confounded HLOGA panel diagnostics only; no causal substitution effect, hidden-channel magnitude, policy calibration, or national generalization."
hloga-2007-federal-lobbying-disclosure,co-control-c6fc0835cd94,COLORADO WINNING EDGE,control_unaffected_colorado_state_lobbying_jurisdiction,0,Colorado Secretary of State lobbyist income data,Colorado state-lobbyist income transaction amount,2007Q1,0,-2,2007-01-01,2007-03-31,no,yes,clean_pre,7,no,0.04850000,48500.00,10.78933970,one Colorado row retained per client-lobbyist-registration-date-amount receipt key and remaining income summed by actor-quarter,"Descriptive source-confounded HLOGA panel diagnostics only; no causal substitution effect, hidden-channel magnitude, policy calibration, or national generalization."
hloga-2007-federal-lobbying-disclosure,co-control-c6fc0835cd94,COLORADO WINNING EDGE,control_unaffected_colorado_state_lobbying_jurisdiction,0,Colorado Secretary of State lobbyist income data,Colorado state-lobbyist income transaction amount,2007Q2,1,-1,2007-04-01,2007-06-30,no,yes,clean_pre,5,no,0.03140000,31400.00,10.35459502,one Colorado row retained per client-lobbyist-registration-date-amount receipt key and remaining income summed by actor-quarter,"Descriptive source-confounded HLOGA panel diagnostics only; no causal substitution effect, hidden-channel magnitude, policy calibration, or national generalization."
hloga-2007-federal-lobbying-disclosure,co-control-c6fc0835cd94,COLORADO WINNING EDGE,control_unaffected_colorado_state_lobbying_jurisdiction,0,Colorado Secretary of State lobbyist income data,Colorado state-lobbyist income transaction amount,2007Q3,2,0,2007-07-01,2007-09-30,yes,no,event_quarter_excluded,6,no,0.02820000,28200.00,10.24711272,one Colorado row retained per client-lobbyist-registration-date-amount receipt key and remaining income summed by actor-quarter,"Descriptive source-confounded HLOGA panel diagnostics only; no causal substitution effect, hidden-channel magnitude, policy calibration, or national generalization."
hloga-2007-federal-lobbying-disclosure,co-control-c6fc0835cd94,COLORADO WINNING EDGE,control_unaffected_colorado_state_lobbying_jurisdiction,0,Colorado Secretary of State lobbyist income data,Colorado state-lobbyist income transaction amount,2007Q4,3,1,2007-10-01,2007-12-31,no,yes,post,6,no,0.03420000,34200.00,10.44001016,one Colorado row retained per client-lobbyist-registration-date-amount receipt key and remaining income summed by actor-quarter,"Descriptive source-confounded HLOGA panel diagnostics only; no causal substitution effect, hidden-channel magnitude, policy calibration, or national generalization."
hloga-2007-federal-lobbying-disclosure,co-control-c6fc0835cd94,COLORADO WINNING EDGE,control_unaffected_colorado_state_lobbying_jurisdiction,0,Colorado Secretary of State lobbyist income data,Colorado state-lobbyist income transaction amount,2008Q1,4,2,2008-01-01,2008-03-31,no,yes,post,4,no,0.02460000,24600.00,10.11054237,one Colorado row retained per client-lobbyist-registration-date-amount receipt key and remaining income summed by actor-quarter,"Descriptive source-confounded HLOGA panel diagnostics only; no causal substitution effect, hidden-channel magnitude, policy calibration, or national generalization."
hloga-2007-federal-lobbying-disclosure,co-control-c6fc0835cd94,COLORADO WINNING EDGE,control_unaffected_colorado_state_lobbying_jurisdiction,0,Colorado Secretary of State lobbyist income data,Colorado state-lobbyist income transaction amount,2008Q2,5,3,2008-04-01,2008-06-30,no,yes,post,7,no,0.03930000,39300.00,10.57900524,one Colorado row retained per client-lobbyist-registration-date-amount receipt key and remaining income summed by actor-quarter,"Descriptive source-confounded HLOGA panel diagnostics only; no causal substitution effect, hidden-channel magnitude, policy calibration, or national generalization."
hloga-2007-federal-lobbying-disclosure,co-control-c6fc0835cd94,COLORADO WINNING EDGE,control_unaffected_colorado_state_lobbying_jurisdiction,0,Colorado Secretary of State lobbyist income data,Colorado state-lobbyist income transaction amount,2008Q3,6,4,2008-07-01,2008-09-30,no,yes,post,5,no,0.02060000,20600.00,9.93309490,one Colorado row retained per client-lobbyist-registration-date-amount receipt key and remaining income summed by actor-quarter,"Descriptive source-confounded HLOGA panel diagnostics only; no causal substitution effect, hidden-channel magnitude, policy calibration, or national generalization."
hloga-2007-federal-lobbying-disclosure,co-control-c6fc0835cd94,COLORADO WINNING EDGE,control_unaffected_colorado_state_lobbying_jurisdiction,0,Colorado Secretary of State lobbyist income data,Colorado state-lobbyist income transaction amount,2008Q4,7,5,2008-10-01,2008-12-31,no,yes,post,3,no,0.01630000,16300.00,9.69898173,one Colorado row retained per client-lobbyist-registration-date-amount receipt key and remaining income summed by actor-quarter,"Descriptive source-confounded HLOGA panel diagnostics only; no causal substitution effect, hidden-channel magnitude, policy calibration, or national generalization."
hloga-2007-federal-lobbying-disclosure,co-control-c9a8745f0cee,CITY & COUNTY OF DENVER,control_unaffected_colorado_state_lobbying_jurisdiction,0,Colorado Secretary of State lobbyist income data,Colorado state-lobbyist income transaction amount,2007Q1,0,-2,2007-01-01,2007-03-31,no,yes,clean_pre,6,no,0.02300000,23000.00,10.04329297,one Colorado row retained per client-lobbyist-registration-date-amount receipt key and remaining income summed by actor-quarter,"Descriptive source-confounded HLOGA panel diagnostics only; no causal substitution effect, hidden-channel magnitude, policy calibration, or national generalization."
hloga-2007-federal-lobbying-disclosure,co-control-c9a8745f0cee,CITY & COUNTY OF DENVER,control_unaffected_colorado_state_lobbying_jurisdiction,0,Colorado Secretary of State lobbyist income data,Colorado state-lobbyist income transaction amount,2007Q2,1,-1,2007-04-01,2007-06-30,no,yes,clean_pre,5,no,0.03330000,33300.00,10.41334271,one Colorado row retained per client-lobbyist-registration-date-amount receipt key and remaining income summed by actor-quarter,"Descriptive source-confounded HLOGA panel diagnostics only; no causal substitution effect, hidden-channel magnitude, policy calibration, or national generalization."
hloga-2007-federal-lobbying-disclosure,co-control-c9a8745f0cee,CITY & COUNTY OF DENVER,control_unaffected_colorado_state_lobbying_jurisdiction,0,Colorado Secretary of State lobbyist income data,Colorado state-lobbyist income transaction amount,2007Q3,2,0,2007-07-01,2007-09-30,yes,no,event_quarter_excluded,0,yes,0.00000000,0.00,0.00000000,one Colorado row retained per client-lobbyist-registration-date-amount receipt key and remaining income summed by actor-quarter,"Descriptive source-confounded HLOGA panel diagnostics only; no causal substitution effect, hidden-channel magnitude, policy calibration, or national generalization."
hloga-2007-federal-lobbying-disclosure,co-control-c9a8745f0cee,CITY & COUNTY OF DENVER,control_unaffected_colorado_state_lobbying_jurisdiction,0,Colorado Secretary of State lobbyist income data,Colorado state-lobbyist income transaction amount,2007Q4,3,1,2007-10-01,2007-12-31,no,yes,post,6,no,0.05100000,51000.00,10.83960052,one Colorado row retained per client-lobbyist-registration-date-amount receipt key and remaining income summed by actor-quarter,"Descriptive source-confounded HLOGA panel diagnostics only; no causal substitution effect, hidden-channel magnitude, policy calibration, or national generalization."
hloga-2007-federal-lobbying-disclosure,co-control-c9a8745f0cee,CITY & COUNTY OF DENVER,control_unaffected_colorado_state_lobbying_jurisdiction,0,Colorado Secretary of State lobbyist income data,Colorado state-lobbyist income transaction amount,2008Q1,4,2,2008-01-01,2008-03-31,no,yes,post,7,no,0.04540000,45400.00,10.72328941,one Colorado row retained per client-lobbyist-registration-date-amount receipt key and remaining income summed by actor-quarter,"Descriptive source-confounded HLOGA panel diagnostics only; no causal substitution effect, hidden-channel magnitude, policy calibration, or national generalization."
hloga-2007-federal-lobbying-disclosure,co-control-c9a8745f0cee,CITY & COUNTY OF DENVER,control_unaffected_colorado_state_lobbying_jurisdiction,0,Colorado Secretary of State lobbyist income data,Colorado state-lobbyist income transaction amount,2008Q2,5,3,2008-04-01,2008-06-30,no,yes,post,4,no,0.02040000,20400.00,9.92333920,one Colorado row retained per client-lobbyist-registration-date-amount receipt key and remaining income summed by actor-quarter,"Descriptive source-confounded HLOGA panel diagnostics only; no causal substitution effect, hidden-channel magnitude, policy calibration, or national generalization."
hloga-2007-federal-lobbying-disclosure,co-control-c9a8745f0cee,CITY & COUNTY OF DENVER,control_unaffected_colorado_state_lobbying_jurisdiction,0,Colorado Secretary of State lobbyist income data,Colorado state-lobbyist income transaction amount,2008Q3,6,4,2008-07-01,2008-09-30,no,yes,post,4,no,0.04080000,40800.00,10.61646187,one Colorado row retained per client-lobbyist-registration-date-amount receipt key and remaining income summed by actor-quarter,"Descriptive source-confounded HLOGA panel diagnostics only; no causal substitution effect, hidden-channel magnitude, policy calibration, or national generalization."
hloga-2007-federal-lobbying-disclosure,co-control-c9a8745f0cee,CITY & COUNTY OF DENVER,control_unaffected_colorado_state_lobbying_jurisdiction,0,Colorado Secretary of State lobbyist income data,Colorado state-lobbyist income transaction amount,2008Q4,7,5,2008-10-01,2008-12-31,no,yes,post,7,no,0.03520000,35200.00,10.46882977,one Colorado row retained per client-lobbyist-registration-date-amount receipt key and remaining income summed by actor-quarter,"Descriptive source-confounded HLOGA panel diagnostics only; no causal substitution effect, hidden-channel magnitude, policy calibration, or national generalization."
hloga-2007-federal-lobbying-disclosure,co-control-cdc34b8a0f81,COLORADO EDUCATION ASSOCIATION,control_unaffected_colorado_state_lobbying_jurisdiction,0,Colorado Secretary of State lobbyist income data,Colorado state-lobbyist income transaction amount,2007Q1,0,-2,2007-01-01,2007-03-31,no,yes,clean_pre,6,no,0.02220000,22200.00,10.00789261,one Colorado row retained per client-lobbyist-registration-date-amount receipt key and remaining income summed by actor-quarter,"Descriptive source-confounded HLOGA panel diagnostics only; no causal substitution effect, hidden-channel magnitude, policy calibration, or national generalization."
hloga-2007-federal-lobbying-disclosure,co-control-cdc34b8a0f81,COLORADO EDUCATION ASSOCIATION,control_unaffected_colorado_state_lobbying_jurisdiction,0,Colorado Secretary of State lobbyist income data,Colorado state-lobbyist income transaction amount,2007Q2,1,-1,2007-04-01,2007-06-30,no,yes,clean_pre,7,no,0.02320000,23200.00,10.05195066,one Colorado row retained per client-lobbyist-registration-date-amount receipt key and remaining income summed by actor-quarter,"Descriptive source-confounded HLOGA panel diagnostics only; no causal substitution effect, hidden-channel magnitude, policy calibration, or national generalization."
hloga-2007-federal-lobbying-disclosure,co-control-cdc34b8a0f81,COLORADO EDUCATION ASSOCIATION,control_unaffected_colorado_state_lobbying_jurisdiction,0,Colorado Secretary of State lobbyist income data,Colorado state-lobbyist income transaction amount,2007Q3,2,0,2007-07-01,2007-09-30,yes,no,event_quarter_excluded,9,no,0.03330000,33300.00,10.41334271,one Colorado row retained per client-lobbyist-registration-date-amount receipt key and remaining income summed by actor-quarter,"Descriptive source-confounded HLOGA panel diagnostics only; no causal substitution effect, hidden-channel magnitude, policy calibration, or national generalization."
hloga-2007-federal-lobbying-disclosure,co-control-cdc34b8a0f81,COLORADO EDUCATION ASSOCIATION,control_unaffected_colorado_state_lobbying_jurisdiction,0,Colorado Secretary of State lobbyist income data,Colorado state-lobbyist income transaction amount,2007Q4,3,1,2007-10-01,2007-12-31,no,yes,post,8,no,0.02990000,29900.00,10.30564720,one Colorado row retained per client-lobbyist-registration-date-amount receipt key and remaining income summed by actor-quarter,"Descriptive source-confounded HLOGA panel diagnostics only; no causal substitution effect, hidden-channel magnitude, policy calibration, or national generalization."
hloga-2007-federal-lobbying-disclosure,co-control-cdc34b8a0f81,COLORADO EDUCATION ASSOCIATION,control_unaffected_colorado_state_lobbying_jurisdiction,0,Colorado Secretary of State lobbyist income data,Colorado state-lobbyist income transaction amount,2008Q1,4,2,2008-01-01,2008-03-31,no,yes,post,8,no,0.02670000,26700.00,10.19245630,one Colorado row retained per client-lobbyist-registration-date-amount receipt key and remaining income summed by actor-quarter,"Descriptive source-confounded HLOGA panel diagnostics only; no causal substitution effect, hidden-channel magnitude, policy calibration, or national generalization."
hloga-2007-federal-lobbying-disclosure,co-control-cdc34b8a0f81,COLORADO EDUCATION ASSOCIATION,control_unaffected_colorado_state_lobbying_jurisdiction,0,Colorado Secretary of State lobbyist income data,Colorado state-lobbyist income transaction amount,2008Q2,5,3,2008-04-01,2008-06-30,no,yes,post,10,no,0.03430000,34300.00,10.44292979,one Colorado row retained per client-lobbyist-registration-date-amount receipt key and remaining income summed by actor-quarter,"Descriptive source-confounded HLOGA panel diagnostics only; no causal substitution effect, hidden-channel magnitude, policy calibration, or national generalization."
hloga-2007-federal-lobbying-disclosure,co-control-cdc34b8a0f81,COLORADO EDUCATION ASSOCIATION,control_unaffected_colorado_state_lobbying_jurisdiction,0,Colorado Secretary of State lobbyist income data,Colorado state-lobbyist income transaction amount,2008Q3,6,4,2008-07-01,2008-09-30,no,yes,post,10,no,0.03470000,34700.00,10.45452378,one Colorado row retained per client-lobbyist-registration-date-amount receipt key and remaining income summed by actor-quarter,"Descriptive source-confounded HLOGA panel diagnostics only; no causal substitution effect, hidden-channel magnitude, policy calibration, or national generalization."
hloga-2007-federal-lobbying-disclosure,co-control-cdc34b8a0f81,COLORADO EDUCATION ASSOCIATION,control_unaffected_colorado_state_lobbying_jurisdiction,0,Colorado Secretary of State lobbyist income data,Colorado state-lobbyist income transaction amount,2008Q4,7,5,2008-10-01,2008-12-31,no,yes,post,4,no,0.01560000,15600.00,9.65509029,one Colorado row retained per client-lobbyist-registration-date-amount receipt key and remaining income summed by actor-quarter,"Descriptive source-confounded HLOGA panel diagnostics only; no causal substitution effect, hidden-channel magnitude, policy calibration, or national generalization."
hloga-2007-federal-lobbying-disclosure,co-control-d4b976aead01,COLORADO OIL & GAS ASSOCIATION,control_unaffected_colorado_state_lobbying_jurisdiction,0,Colorado Secretary of State lobbyist income data,Colorado state-lobbyist income transaction amount,2007Q1,0,-2,2007-01-01,2007-03-31,no,yes,clean_pre,3,no,0.02010000,20100.00,9.90852484,one Colorado row retained per client-lobbyist-registration-date-amount receipt key and remaining income summed by actor-quarter,"Descriptive source-confounded HLOGA panel diagnostics only; no causal substitution effect, hidden-channel magnitude, policy calibration, or national generalization."
hloga-2007-federal-lobbying-disclosure,co-control-d4b976aead01,COLORADO OIL & GAS ASSOCIATION,control_unaffected_colorado_state_lobbying_jurisdiction,0,Colorado Secretary of State lobbyist income data,Colorado state-lobbyist income transaction amount,2007Q2,1,-1,2007-04-01,2007-06-30,no,yes,clean_pre,3,no,0.02010000,20100.00,9.90852484,one Colorado row retained per client-lobbyist-registration-date-amount receipt key and remaining income summed by actor-quarter,"Descriptive source-confounded HLOGA panel diagnostics only; no causal substitution effect, hidden-channel magnitude, policy calibration, or national generalization."
hloga-2007-federal-lobbying-disclosure,co-control-d4b976aead01,COLORADO OIL & GAS ASSOCIATION,control_unaffected_colorado_state_lobbying_jurisdiction,0,Colorado Secretary of State lobbyist income data,Colorado state-lobbyist income transaction amount,2007Q3,2,0,2007-07-01,2007-09-30,yes,no,event_quarter_excluded,3,no,0.02010000,20100.00,9.90852484,one Colorado row retained per client-lobbyist-registration-date-amount receipt key and remaining income summed by actor-quarter,"Descriptive source-confounded HLOGA panel diagnostics only; no causal substitution effect, hidden-channel magnitude, policy calibration, or national generalization."
hloga-2007-federal-lobbying-disclosure,co-control-d4b976aead01,COLORADO OIL & GAS ASSOCIATION,control_unaffected_colorado_state_lobbying_jurisdiction,0,Colorado Secretary of State lobbyist income data,Colorado state-lobbyist income transaction amount,2007Q4,3,1,2007-10-01,2007-12-31,no,yes,post,3,no,0.02010000,20100.00,9.90852484,one Colorado row retained per client-lobbyist-registration-date-amount receipt key and remaining income summed by actor-quarter,"Descriptive source-confounded HLOGA panel diagnostics only; no causal substitution effect, hidden-channel magnitude, policy calibration, or national generalization."
hloga-2007-federal-lobbying-disclosure,co-control-d4b976aead01,COLORADO OIL & GAS ASSOCIATION,control_unaffected_colorado_state_lobbying_jurisdiction,0,Colorado Secretary of State lobbyist income data,Colorado state-lobbyist income transaction amount,2008Q1,4,2,2008-01-01,2008-03-31,no,yes,post,3,no,0.02010000,20100.00,9.90852484,one Colorado row retained per client-lobbyist-registration-date-amount receipt key and remaining income summed by actor-quarter,"Descriptive source-confounded HLOGA panel diagnostics only; no causal substitution effect, hidden-channel magnitude, policy calibration, or national generalization."
hloga-2007-federal-lobbying-disclosure,co-control-d4b976aead01,COLORADO OIL & GAS ASSOCIATION,control_unaffected_colorado_state_lobbying_jurisdiction,0,Colorado Secretary of State lobbyist income data,Colorado state-lobbyist income transaction amount,2008Q2,5,3,2008-04-01,2008-06-30,no,yes,post,3,no,0.02010000,20100.00,9.90852484,one Colorado row retained per client-lobbyist-registration-date-amount receipt key and remaining income summed by actor-quarter,"Descriptive source-confounded HLOGA panel diagnostics only; no causal substitution effect, hidden-channel magnitude, policy calibration, or national generalization."
hloga-2007-federal-lobbying-disclosure,co-control-d4b976aead01,COLORADO OIL & GAS ASSOCIATION,control_unaffected_colorado_state_lobbying_jurisdiction,0,Colorado Secretary of State lobbyist income data,Colorado state-lobbyist income transaction amount,2008Q3,6,4,2008-07-01,2008-09-30,no,yes,post,3,no,0.02010000,20100.00,9.90852484,one Colorado row retained per client-lobbyist-registration-date-amount receipt key and remaining income summed by actor-quarter,"Descriptive source-confounded HLOGA panel diagnostics only; no causal substitution effect, hidden-channel magnitude, policy calibration, or national generalization."
hloga-2007-federal-lobbying-disclosure,co-control-d4b976aead01,COLORADO OIL & GAS ASSOCIATION,control_unaffected_colorado_state_lobbying_jurisdiction,0,Colorado Secretary of State lobbyist income data,Colorado state-lobbyist income transaction amount,2008Q4,7,5,2008-10-01,2008-12-31,no,yes,post,3,no,0.02010000,20100.00,9.90852484,one Colorado row retained per client-lobbyist-registration-date-amount receipt key and remaining income summed by actor-quarter,"Descriptive source-confounded HLOGA panel diagnostics only; no causal substitution effect, hidden-channel magnitude, policy calibration, or national generalization."
hloga-2007-federal-lobbying-disclosure,co-control-d57b93ce4bf8,COLORADO SCHOOL OF MINES,control_unaffected_colorado_state_lobbying_jurisdiction,0,Colorado Secretary of State lobbyist income data,Colorado state-lobbyist income transaction amount,2007Q1,0,-2,2007-01-01,2007-03-31,no,yes,clean_pre,1,no,0.02330000,23300.00,10.05625156,one Colorado row retained per client-lobbyist-registration-date-amount receipt key and remaining income summed by actor-quarter,"Descriptive source-confounded HLOGA panel diagnostics only; no causal substitution effect, hidden-channel magnitude, policy calibration, or national generalization."
hloga-2007-federal-lobbying-disclosure,co-control-d57b93ce4bf8,COLORADO SCHOOL OF MINES,control_unaffected_colorado_state_lobbying_jurisdiction,0,Colorado Secretary of State lobbyist income data,Colorado state-lobbyist income transaction amount,2007Q2,1,-1,2007-04-01,2007-06-30,no,yes,clean_pre,1,no,0.02330000,23300.00,10.05625156,one Colorado row retained per client-lobbyist-registration-date-amount receipt key and remaining income summed by actor-quarter,"Descriptive source-confounded HLOGA panel diagnostics only; no causal substitution effect, hidden-channel magnitude, policy calibration, or national generalization."
hloga-2007-federal-lobbying-disclosure,co-control-d57b93ce4bf8,COLORADO SCHOOL OF MINES,control_unaffected_colorado_state_lobbying_jurisdiction,0,Colorado Secretary of State lobbyist income data,Colorado state-lobbyist income transaction amount,2007Q3,2,0,2007-07-01,2007-09-30,yes,no,event_quarter_excluded,1,no,0.02350000,23500.00,10.06479825,one Colorado row retained per client-lobbyist-registration-date-amount receipt key and remaining income summed by actor-quarter,"Descriptive source-confounded HLOGA panel diagnostics only; no causal substitution effect, hidden-channel magnitude, policy calibration, or national generalization."
hloga-2007-federal-lobbying-disclosure,co-control-d57b93ce4bf8,COLORADO SCHOOL OF MINES,control_unaffected_colorado_state_lobbying_jurisdiction,0,Colorado Secretary of State lobbyist income data,Colorado state-lobbyist income transaction amount,2007Q4,3,1,2007-10-01,2007-12-31,no,yes,post,1,no,0.02350000,23500.00,10.06479825,one Colorado row retained per client-lobbyist-registration-date-amount receipt key and remaining income summed by actor-quarter,"Descriptive source-confounded HLOGA panel diagnostics only; no causal substitution effect, hidden-channel magnitude, policy calibration, or national generalization."
hloga-2007-federal-lobbying-disclosure,co-control-d57b93ce4bf8,COLORADO SCHOOL OF MINES,control_unaffected_colorado_state_lobbying_jurisdiction,0,Colorado Secretary of State lobbyist income data,Colorado state-lobbyist income transaction amount,2008Q1,4,2,2008-01-01,2008-03-31,no,yes,post,1,no,0.02350000,23500.00,10.06479825,one Colorado row retained per client-lobbyist-registration-date-amount receipt key and remaining income summed by actor-quarter,"Descriptive source-confounded HLOGA panel diagnostics only; no causal substitution effect, hidden-channel magnitude, policy calibration, or national generalization."
hloga-2007-federal-lobbying-disclosure,co-control-d57b93ce4bf8,COLORADO SCHOOL OF MINES,control_unaffected_colorado_state_lobbying_jurisdiction,0,Colorado Secretary of State lobbyist income data,Colorado state-lobbyist income transaction amount,2008Q2,5,3,2008-04-01,2008-06-30,no,yes,post,1,no,0.02350000,23500.00,10.06479825,one Colorado row retained per client-lobbyist-registration-date-amount receipt key and remaining income summed by actor-quarter,"Descriptive source-confounded HLOGA panel diagnostics only; no causal substitution effect, hidden-channel magnitude, policy calibration, or national generalization."
hloga-2007-federal-lobbying-disclosure,co-control-d57b93ce4bf8,COLORADO SCHOOL OF MINES,control_unaffected_colorado_state_lobbying_jurisdiction,0,Colorado Secretary of State lobbyist income data,Colorado state-lobbyist income transaction amount,2008Q3,6,4,2008-07-01,2008-09-30,no,yes,post,1,no,0.02420000,24200.00,10.09414923,one Colorado row retained per client-lobbyist-registration-date-amount receipt key and remaining income summed by actor-quarter,"Descriptive source-confounded HLOGA panel diagnostics only; no causal substitution effect, hidden-channel magnitude, policy calibration, or national generalization."
hloga-2007-federal-lobbying-disclosure,co-control-d57b93ce4bf8,COLORADO SCHOOL OF MINES,control_unaffected_colorado_state_lobbying_jurisdiction,0,Colorado Secretary of State lobbyist income data,Colorado state-lobbyist income transaction amount,2008Q4,7,5,2008-10-01,2008-12-31,no,yes,post,1,no,0.02420000,24200.00,10.09414923,one Colorado row retained per client-lobbyist-registration-date-amount receipt key and remaining income summed by actor-quarter,"Descriptive source-confounded HLOGA panel diagnostics only; no causal substitution effect, hidden-channel magnitude, policy calibration, or national generalization."
hloga-2007-federal-lobbying-disclosure,co-control-d6e60e991fc6,COLO COMMUNIQUE INC,control_unaffected_colorado_state_lobbying_jurisdiction,0,Colorado Secretary of State lobbyist income data,Colorado state-lobbyist income transaction amount,2007Q1,0,-2,2007-01-01,2007-03-31,no,yes,clean_pre,8,no,0.07000000,70000.00,11.15626481,one Colorado row retained per client-lobbyist-registration-date-amount receipt key and remaining income summed by actor-quarter,"Descriptive source-confounded HLOGA panel diagnostics only; no causal substitution effect, hidden-channel magnitude, policy calibration, or national generalization."
hloga-2007-federal-lobbying-disclosure,co-control-d6e60e991fc6,COLO COMMUNIQUE INC,control_unaffected_colorado_state_lobbying_jurisdiction,0,Colorado Secretary of State lobbyist income data,Colorado state-lobbyist income transaction amount,2007Q2,1,-1,2007-04-01,2007-06-30,no,yes,clean_pre,9,no,0.09000000,90000.00,11.40757606,one Colorado row retained per client-lobbyist-registration-date-amount receipt key and remaining income summed by actor-quarter,"Descriptive source-confounded HLOGA panel diagnostics only; no causal substitution effect, hidden-channel magnitude, policy calibration, or national generalization."
hloga-2007-federal-lobbying-disclosure,co-control-d6e60e991fc6,COLO COMMUNIQUE INC,control_unaffected_colorado_state_lobbying_jurisdiction,0,Colorado Secretary of State lobbyist income data,Colorado state-lobbyist income transaction amount,2007Q3,2,0,2007-07-01,2007-09-30,yes,no,event_quarter_excluded,11,no,0.08000000,80000.00,11.28979441,one Colorado row retained per client-lobbyist-registration-date-amount receipt key and remaining income summed by actor-quarter,"Descriptive source-confounded HLOGA panel diagnostics only; no causal substitution effect, hidden-channel magnitude, policy calibration, or national generalization."
hloga-2007-federal-lobbying-disclosure,co-control-d6e60e991fc6,COLO COMMUNIQUE INC,control_unaffected_colorado_state_lobbying_jurisdiction,0,Colorado Secretary of State lobbyist income data,Colorado state-lobbyist income transaction amount,2007Q4,3,1,2007-10-01,2007-12-31,no,yes,post,17,no,0.09300000,93000.00,11.44036552,one Colorado row retained per client-lobbyist-registration-date-amount receipt key and remaining income summed by actor-quarter,"Descriptive source-confounded HLOGA panel diagnostics only; no causal substitution effect, hidden-channel magnitude, policy calibration, or national generalization."
hloga-2007-federal-lobbying-disclosure,co-control-d6e60e991fc6,COLO COMMUNIQUE INC,control_unaffected_colorado_state_lobbying_jurisdiction,0,Colorado Secretary of State lobbyist income data,Colorado state-lobbyist income transaction amount,2008Q1,4,2,2008-01-01,2008-03-31,no,yes,post,18,no,0.11240000,112400.00,11.62982811,one Colorado row retained per client-lobbyist-registration-date-amount receipt key and remaining income summed by actor-quarter,"Descriptive source-confounded HLOGA panel diagnostics only; no causal substitution effect, hidden-channel magnitude, policy calibration, or national generalization."
hloga-2007-federal-lobbying-disclosure,co-control-d6e60e991fc6,COLO COMMUNIQUE INC,control_unaffected_colorado_state_lobbying_jurisdiction,0,Colorado Secretary of State lobbyist income data,Colorado state-lobbyist income transaction amount,2008Q2,5,3,2008-04-01,2008-06-30,no,yes,post,15,no,0.09540000,95400.00,11.46584434,one Colorado row retained per client-lobbyist-registration-date-amount receipt key and remaining income summed by actor-quarter,"Descriptive source-confounded HLOGA panel diagnostics only; no causal substitution effect, hidden-channel magnitude, policy calibration, or national generalization."
hloga-2007-federal-lobbying-disclosure,co-control-d6e60e991fc6,COLO COMMUNIQUE INC,control_unaffected_colorado_state_lobbying_jurisdiction,0,Colorado Secretary of State lobbyist income data,Colorado state-lobbyist income transaction amount,2008Q3,6,4,2008-07-01,2008-09-30,no,yes,post,15,no,0.09590000,95900.00,11.47107169,one Colorado row retained per client-lobbyist-registration-date-amount receipt key and remaining income summed by actor-quarter,"Descriptive source-confounded HLOGA panel diagnostics only; no causal substitution effect, hidden-channel magnitude, policy calibration, or national generalization."
hloga-2007-federal-lobbying-disclosure,co-control-d6e60e991fc6,COLO COMMUNIQUE INC,control_unaffected_colorado_state_lobbying_jurisdiction,0,Colorado Secretary of State lobbyist income data,Colorado state-lobbyist income transaction amount,2008Q4,7,5,2008-10-01,2008-12-31,no,yes,post,19,no,0.11770000,117700.00,11.67590279,one Colorado row retained per client-lobbyist-registration-date-amount receipt key and remaining income summed by actor-quarter,"Descriptive source-confounded HLOGA panel diagnostics only; no causal substitution effect, hidden-channel magnitude, policy calibration, or national generalization."
hloga-2007-federal-lobbying-disclosure,co-control-e7ae3a328573,JEFFERSON COUNTY JUSTICE SERVICES DIVISON,control_unaffected_colorado_state_lobbying_jurisdiction,0,Colorado Secretary of State lobbyist income data,Colorado state-lobbyist income transaction amount,2007Q1,0,-2,2007-01-01,2007-03-31,no,yes,clean_pre,0,yes,0.00000000,0.00,0.00000000,one Colorado row retained per client-lobbyist-registration-date-amount receipt key and remaining income summed by actor-quarter,"Descriptive source-confounded HLOGA panel diagnostics only; no causal substitution effect, hidden-channel magnitude, policy calibration, or national generalization."
hloga-2007-federal-lobbying-disclosure,co-control-e7ae3a328573,JEFFERSON COUNTY JUSTICE SERVICES DIVISON,control_unaffected_colorado_state_lobbying_jurisdiction,0,Colorado Secretary of State lobbyist income data,Colorado state-lobbyist income transaction amount,2007Q2,1,-1,2007-04-01,2007-06-30,no,yes,clean_pre,0,yes,0.00000000,0.00,0.00000000,one Colorado row retained per client-lobbyist-registration-date-amount receipt key and remaining income summed by actor-quarter,"Descriptive source-confounded HLOGA panel diagnostics only; no causal substitution effect, hidden-channel magnitude, policy calibration, or national generalization."
hloga-2007-federal-lobbying-disclosure,co-control-e7ae3a328573,JEFFERSON COUNTY JUSTICE SERVICES DIVISON,control_unaffected_colorado_state_lobbying_jurisdiction,0,Colorado Secretary of State lobbyist income data,Colorado state-lobbyist income transaction amount,2007Q3,2,0,2007-07-01,2007-09-30,yes,no,event_quarter_excluded,4,no,0.01640000,16400.00,9.70509759,one Colorado row retained per client-lobbyist-registration-date-amount receipt key and remaining income summed by actor-quarter,"Descriptive source-confounded HLOGA panel diagnostics only; no causal substitution effect, hidden-channel magnitude, policy calibration, or national generalization."
hloga-2007-federal-lobbying-disclosure,co-control-e7ae3a328573,JEFFERSON COUNTY JUSTICE SERVICES DIVISON,control_unaffected_colorado_state_lobbying_jurisdiction,0,Colorado Secretary of State lobbyist income data,Colorado state-lobbyist income transaction amount,2007Q4,3,1,2007-10-01,2007-12-31,no,yes,post,6,no,0.02460000,24600.00,10.11054237,one Colorado row retained per client-lobbyist-registration-date-amount receipt key and remaining income summed by actor-quarter,"Descriptive source-confounded HLOGA panel diagnostics only; no causal substitution effect, hidden-channel magnitude, policy calibration, or national generalization."
hloga-2007-federal-lobbying-disclosure,co-control-e7ae3a328573,JEFFERSON COUNTY JUSTICE SERVICES DIVISON,control_unaffected_colorado_state_lobbying_jurisdiction,0,Colorado Secretary of State lobbyist income data,Colorado state-lobbyist income transaction amount,2008Q1,4,2,2008-01-01,2008-03-31,no,yes,post,4,no,0.01640000,16400.00,9.70509759,one Colorado row retained per client-lobbyist-registration-date-amount receipt key and remaining income summed by actor-quarter,"Descriptive source-confounded HLOGA panel diagnostics only; no causal substitution effect, hidden-channel magnitude, policy calibration, or national generalization."
hloga-2007-federal-lobbying-disclosure,co-control-e7ae3a328573,JEFFERSON COUNTY JUSTICE SERVICES DIVISON,control_unaffected_colorado_state_lobbying_jurisdiction,0,Colorado Secretary of State lobbyist income data,Colorado state-lobbyist income transaction amount,2008Q2,5,3,2008-04-01,2008-06-30,no,yes,post,6,no,0.02460000,24600.00,10.11054237,one Colorado row retained per client-lobbyist-registration-date-amount receipt key and remaining income summed by actor-quarter,"Descriptive source-confounded HLOGA panel diagnostics only; no causal substitution effect, hidden-channel magnitude, policy calibration, or national generalization."
hloga-2007-federal-lobbying-disclosure,co-control-e7ae3a328573,JEFFERSON COUNTY JUSTICE SERVICES DIVISON,control_unaffected_colorado_state_lobbying_jurisdiction,0,Colorado Secretary of State lobbyist income data,Colorado state-lobbyist income transaction amount,2008Q3,6,4,2008-07-01,2008-09-30,no,yes,post,6,no,0.02460000,24600.00,10.11054237,one Colorado row retained per client-lobbyist-registration-date-amount receipt key and remaining income summed by actor-quarter,"Descriptive source-confounded HLOGA panel diagnostics only; no causal substitution effect, hidden-channel magnitude, policy calibration, or national generalization."
hloga-2007-federal-lobbying-disclosure,co-control-e7ae3a328573,JEFFERSON COUNTY JUSTICE SERVICES DIVISON,control_unaffected_colorado_state_lobbying_jurisdiction,0,Colorado Secretary of State lobbyist income data,Colorado state-lobbyist income transaction amount,2008Q4,7,5,2008-10-01,2008-12-31,no,yes,post,6,no,0.03260000,32600.00,10.39209824,one Colorado row retained per client-lobbyist-registration-date-amount receipt key and remaining income summed by actor-quarter,"Descriptive source-confounded HLOGA panel diagnostics only; no causal substitution effect, hidden-channel magnitude, policy calibration, or national generalization."
hloga-2007-federal-lobbying-disclosure,co-control-eddefaed5467,COLO MINING ASSN,control_unaffected_colorado_state_lobbying_jurisdiction,0,Colorado Secretary of State lobbyist income data,Colorado state-lobbyist income transaction amount,2007Q1,0,-2,2007-01-01,2007-03-31,no,yes,clean_pre,3,no,0.02160000,21600.00,9.98049489,one Colorado row retained per client-lobbyist-registration-date-amount receipt key and remaining income summed by actor-quarter,"Descriptive source-confounded HLOGA panel diagnostics only; no causal substitution effect, hidden-channel magnitude, policy calibration, or national generalization."
hloga-2007-federal-lobbying-disclosure,co-control-eddefaed5467,COLO MINING ASSN,control_unaffected_colorado_state_lobbying_jurisdiction,0,Colorado Secretary of State lobbyist income data,Colorado state-lobbyist income transaction amount,2007Q2,1,-1,2007-04-01,2007-06-30,no,yes,clean_pre,3,no,0.02160000,21600.00,9.98049489,one Colorado row retained per client-lobbyist-registration-date-amount receipt key and remaining income summed by actor-quarter,"Descriptive source-confounded HLOGA panel diagnostics only; no causal substitution effect, hidden-channel magnitude, policy calibration, or national generalization."
hloga-2007-federal-lobbying-disclosure,co-control-eddefaed5467,COLO MINING ASSN,control_unaffected_colorado_state_lobbying_jurisdiction,0,Colorado Secretary of State lobbyist income data,Colorado state-lobbyist income transaction amount,2007Q3,2,0,2007-07-01,2007-09-30,yes,no,event_quarter_excluded,3,no,0.02160000,21600.00,9.98049489,one Colorado row retained per client-lobbyist-registration-date-amount receipt key and remaining income summed by actor-quarter,"Descriptive source-confounded HLOGA panel diagnostics only; no causal substitution effect, hidden-channel magnitude, policy calibration, or national generalization."
hloga-2007-federal-lobbying-disclosure,co-control-eddefaed5467,COLO MINING ASSN,control_unaffected_colorado_state_lobbying_jurisdiction,0,Colorado Secretary of State lobbyist income data,Colorado state-lobbyist income transaction amount,2007Q4,3,1,2007-10-01,2007-12-31,no,yes,post,4,no,0.03040000,30400.00,10.32223078,one Colorado row retained per client-lobbyist-registration-date-amount receipt key and remaining income summed by actor-quarter,"Descriptive source-confounded HLOGA panel diagnostics only; no causal substitution effect, hidden-channel magnitude, policy calibration, or national generalization."
hloga-2007-federal-lobbying-disclosure,co-control-eddefaed5467,COLO MINING ASSN,control_unaffected_colorado_state_lobbying_jurisdiction,0,Colorado Secretary of State lobbyist income data,Colorado state-lobbyist income transaction amount,2008Q1,4,2,2008-01-01,2008-03-31,no,yes,post,4,no,0.02330000,23300.00,10.05625156,one Colorado row retained per client-lobbyist-registration-date-amount receipt key and remaining income summed by actor-quarter,"Descriptive source-confounded HLOGA panel diagnostics only; no causal substitution effect, hidden-channel magnitude, policy calibration, or national generalization."
hloga-2007-federal-lobbying-disclosure,co-control-eddefaed5467,COLO MINING ASSN,control_unaffected_colorado_state_lobbying_jurisdiction,0,Colorado Secretary of State lobbyist income data,Colorado state-lobbyist income transaction amount,2008Q2,5,3,2008-04-01,2008-06-30,no,yes,post,3,no,0.02220000,22200.00,10.00789261,one Colorado row retained per client-lobbyist-registration-date-amount receipt key and remaining income summed by actor-quarter,"Descriptive source-confounded HLOGA panel diagnostics only; no causal substitution effect, hidden-channel magnitude, policy calibration, or national generalization."
hloga-2007-federal-lobbying-disclosure,co-control-eddefaed5467,COLO MINING ASSN,control_unaffected_colorado_state_lobbying_jurisdiction,0,Colorado Secretary of State lobbyist income data,Colorado state-lobbyist income transaction amount,2008Q3,6,4,2008-07-01,2008-09-30,no,yes,post,3,no,0.02340000,23400.00,10.06053404,one Colorado row retained per client-lobbyist-registration-date-amount receipt key and remaining income summed by actor-quarter,"Descriptive source-confounded HLOGA panel diagnostics only; no causal substitution effect, hidden-channel magnitude, policy calibration, or national generalization."
hloga-2007-federal-lobbying-disclosure,co-control-eddefaed5467,COLO MINING ASSN,control_unaffected_colorado_state_lobbying_jurisdiction,0,Colorado Secretary of State lobbyist income data,Colorado state-lobbyist income transaction amount,2008Q4,7,5,2008-10-01,2008-12-31,no,yes,post,3,no,0.02340000,23400.00,10.06053404,one Colorado row retained per client-lobbyist-registration-date-amount receipt key and remaining income summed by actor-quarter,"Descriptive source-confounded HLOGA panel diagnostics only; no causal substitution effect, hidden-channel magnitude, policy calibration, or national generalization."
hloga-2007-federal-lobbying-disclosure,co-control-fe8639332b2e,COLORADO CATHOLIC CONFERENCE,control_unaffected_colorado_state_lobbying_jurisdiction,0,Colorado Secretary of State lobbyist income data,Colorado state-lobbyist income transaction amount,2007Q1,0,-2,2007-01-01,2007-03-31,no,yes,clean_pre,11,no,0.02640000,26400.00,10.18115717,one Colorado row retained per client-lobbyist-registration-date-amount receipt key and remaining income summed by actor-quarter,"Descriptive source-confounded HLOGA panel diagnostics only; no causal substitution effect, hidden-channel magnitude, policy calibration, or national generalization."
hloga-2007-federal-lobbying-disclosure,co-control-fe8639332b2e,COLORADO CATHOLIC CONFERENCE,control_unaffected_colorado_state_lobbying_jurisdiction,0,Colorado Secretary of State lobbyist income data,Colorado state-lobbyist income transaction amount,2007Q2,1,-1,2007-04-01,2007-06-30,no,yes,clean_pre,9,no,0.02690000,26900.00,10.19991874,one Colorado row retained per client-lobbyist-registration-date-amount receipt key and remaining income summed by actor-quarter,"Descriptive source-confounded HLOGA panel diagnostics only; no causal substitution effect, hidden-channel magnitude, policy calibration, or national generalization."
hloga-2007-federal-lobbying-disclosure,co-control-fe8639332b2e,COLORADO CATHOLIC CONFERENCE,control_unaffected_colorado_state_lobbying_jurisdiction,0,Colorado Secretary of State lobbyist income data,Colorado state-lobbyist income transaction amount,2007Q3,2,0,2007-07-01,2007-09-30,yes,no,event_quarter_excluded,5,no,0.01860000,18600.00,9.83097062,one Colorado row retained per client-lobbyist-registration-date-amount receipt key and remaining income summed by actor-quarter,"Descriptive source-confounded HLOGA panel diagnostics only; no causal substitution effect, hidden-channel magnitude, policy calibration, or national generalization."
hloga-2007-federal-lobbying-disclosure,co-control-fe8639332b2e,COLORADO CATHOLIC CONFERENCE,control_unaffected_colorado_state_lobbying_jurisdiction,0,Colorado Secretary of State lobbyist income data,Colorado state-lobbyist income transaction amount,2007Q4,3,1,2007-10-01,2007-12-31,no,yes,post,3,no,0.01200000,12000.00,9.39274526,one Colorado row retained per client-lobbyist-registration-date-amount receipt key and remaining income summed by actor-quarter,"Descriptive source-confounded HLOGA panel diagnostics only; no causal substitution effect, hidden-channel magnitude, policy calibration, or national generalization."
hloga-2007-federal-lobbying-disclosure,co-control-fe8639332b2e,COLORADO CATHOLIC CONFERENCE,control_unaffected_colorado_state_lobbying_jurisdiction,0,Colorado Secretary of State lobbyist income data,Colorado state-lobbyist income transaction amount,2008Q1,4,2,2008-01-01,2008-03-31,no,yes,post,6,no,0.01800000,18000.00,9.79818259,one Colorado row retained per client-lobbyist-registration-date-amount receipt key and remaining income summed by actor-quarter,"Descriptive source-confounded HLOGA panel diagnostics only; no causal substitution effect, hidden-channel magnitude, policy calibration, or national generalization."
hloga-2007-federal-lobbying-disclosure,co-control-fe8639332b2e,COLORADO CATHOLIC CONFERENCE,control_unaffected_colorado_state_lobbying_jurisdiction,0,Colorado Secretary of State lobbyist income data,Colorado state-lobbyist income transaction amount,2008Q2,5,3,2008-04-01,2008-06-30,no,yes,post,4,no,0.01400000,14000.00,9.54688403,one Colorado row retained per client-lobbyist-registration-date-amount receipt key and remaining income summed by actor-quarter,"Descriptive source-confounded HLOGA panel diagnostics only; no causal substitution effect, hidden-channel magnitude, policy calibration, or national generalization."
hloga-2007-federal-lobbying-disclosure,co-control-fe8639332b2e,COLORADO CATHOLIC CONFERENCE,control_unaffected_colorado_state_lobbying_jurisdiction,0,Colorado Secretary of State lobbyist income data,Colorado state-lobbyist income transaction amount,2008Q3,6,4,2008-07-01,2008-09-30,no,yes,post,3,no,0.01200000,12000.00,9.39274526,one Colorado row retained per client-lobbyist-registration-date-amount receipt key and remaining income summed by actor-quarter,"Descriptive source-confounded HLOGA panel diagnostics only; no causal substitution effect, hidden-channel magnitude, policy calibration, or national generalization."
hloga-2007-federal-lobbying-disclosure,co-control-fe8639332b2e,COLORADO CATHOLIC CONFERENCE,control_unaffected_colorado_state_lobbying_jurisdiction,0,Colorado Secretary of State lobbyist income data,Colorado state-lobbyist income transaction amount,2008Q4,7,5,2008-10-01,2008-12-31,no,yes,post,3,no,0.01710000,17100.00,9.74689222,one Colorado row retained per client-lobbyist-registration-date-amount receipt key and remaining income summed by actor-quarter,"Descriptive source-confounded HLOGA panel diagnostics only; no causal substitution effect, hidden-channel magnitude, policy calibration, or national generalization."
