canonicalActorId,primaryName,ldaClientId,ldaClientApiUrl,filingUuid,filingYear,filingPeriod,filingType,filingDocumentUrl,dtPosted,clientName,registrantName,issueCode,ldaIssueCode,ldaIssueDisplay,periodStart,periodEnd,venue,activityType,activityMeasure,activityAmount,sourceSystem,sourceRecordId,exposureGroup,reformEventId,activityUnits,jurisdiction,matchConfidence,reviewStatus,evidenceRule,reviewer,reviewDate,sourceUrl,notes
cand-2baa779c041d,AMERICAN AMBULANCE ASSOCIATION,11295,https://lda.gov/api/v1/clients/136998/,29ea1944-8aff-41e4-bfb7-2f2aa9c21257,2007,mid_year,MM,https://lda.gov/filings/public/filing/29ea1944-8aff-41e4-bfb7-2f2aa9c21257/print/,2007-08-09T07:21:43-04:00,AMERICAN AMBULANCE ASSOCIATION,SQUIRE PATTON BOGGS,lda-hom,HOM,Homeland Security,2007-01-01,2007-06-30,visible_lobbying,visible_lobbying_filing,1.0000,0.1400,Official LDA API,29ea1944-8aff-41e4-bfb7-2f2aa9c21257|lda-hom|3,treated_hloga_lda_client,hloga-2007-federal-lobbying-disclosure,filing_count; amount_millions,United States federal,0.8000,reviewed_exact_lda_client_name_source_row,exact-normalized-client-name-match-to-reviewed-canonical-actor,codex-source-audit,2026-07-24,https://lda.gov/filings/public/filing/29ea1944-8aff-41e4-bfb7-2f2aa9c21257/print/,official LDA API filing row matched by exact normalized client name to the reviewed canonical actor; usable as treated visible-lobbying pre/post source surface only; stable cross-source LDA client-ID promotion and comparison-group design remain unresolved
cand-2baa779c041d,AMERICAN AMBULANCE ASSOCIATION,11295,https://lda.gov/api/v1/clients/136998/,29ea1944-8aff-41e4-bfb7-2f2aa9c21257,2007,mid_year,MM,https://lda.gov/filings/public/filing/29ea1944-8aff-41e4-bfb7-2f2aa9c21257/print/,2007-08-09T07:21:43-04:00,AMERICAN AMBULANCE ASSOCIATION,SQUIRE PATTON BOGGS,lda-mmm,MMM,Medicare/Medicaid,2007-01-01,2007-06-30,visible_lobbying,visible_lobbying_filing,1.0000,0.1400,Official LDA API,29ea1944-8aff-41e4-bfb7-2f2aa9c21257|lda-mmm|2,treated_hloga_lda_client,hloga-2007-federal-lobbying-disclosure,filing_count; amount_millions,United States federal,0.8000,reviewed_exact_lda_client_name_source_row,exact-normalized-client-name-match-to-reviewed-canonical-actor,codex-source-audit,2026-07-24,https://lda.gov/filings/public/filing/29ea1944-8aff-41e4-bfb7-2f2aa9c21257/print/,official LDA API filing row matched by exact normalized client name to the reviewed canonical actor; usable as treated visible-lobbying pre/post source surface only; stable cross-source LDA client-ID promotion and comparison-group design remain unresolved
cand-2baa779c041d,AMERICAN AMBULANCE ASSOCIATION,11295,https://lda.gov/api/v1/clients/136998/,29ea1944-8aff-41e4-bfb7-2f2aa9c21257,2007,mid_year,MM,https://lda.gov/filings/public/filing/29ea1944-8aff-41e4-bfb7-2f2aa9c21257/print/,2007-08-09T07:21:43-04:00,AMERICAN AMBULANCE ASSOCIATION,SQUIRE PATTON BOGGS,lda-tax,TAX,Taxation/Internal Revenue Code,2007-01-01,2007-06-30,visible_lobbying,visible_lobbying_filing,1.0000,0.1400,Official LDA API,29ea1944-8aff-41e4-bfb7-2f2aa9c21257|lda-tax|1,treated_hloga_lda_client,hloga-2007-federal-lobbying-disclosure,filing_count; amount_millions,United States federal,0.8000,reviewed_exact_lda_client_name_source_row,exact-normalized-client-name-match-to-reviewed-canonical-actor,codex-source-audit,2026-07-24,https://lda.gov/filings/public/filing/29ea1944-8aff-41e4-bfb7-2f2aa9c21257/print/,official LDA API filing row matched by exact normalized client name to the reviewed canonical actor; usable as treated visible-lobbying pre/post source surface only; stable cross-source LDA client-ID promotion and comparison-group design remain unresolved
cand-2baa779c041d,AMERICAN AMBULANCE ASSOCIATION,12,https://lda.gov/api/v1/clients/159870/,9110be8b-6d5f-477f-9316-3974da8c07a2,2007,mid_year,MM,https://lda.gov/filings/public/filing/9110be8b-6d5f-477f-9316-3974da8c07a2/print/,2007-08-16T07:17:38-04:00,AMERICAN AMBULANCE ASSOCIATION,AMERICAN AMBULANCE ASSOCIATION,lda-hcr,HCR,Health Issues,2007-01-01,2007-06-30,visible_lobbying,visible_lobbying_filing,1.0000,0.3000,Official LDA API,9110be8b-6d5f-477f-9316-3974da8c07a2|lda-hcr|1,treated_hloga_lda_client,hloga-2007-federal-lobbying-disclosure,filing_count; amount_millions,United States federal,0.8000,reviewed_exact_lda_client_name_source_row,exact-normalized-client-name-match-to-reviewed-canonical-actor,codex-source-audit,2026-07-24,https://lda.gov/filings/public/filing/9110be8b-6d5f-477f-9316-3974da8c07a2/print/,official LDA API filing row matched by exact normalized client name to the reviewed canonical actor; usable as treated visible-lobbying pre/post source surface only; stable cross-source LDA client-ID promotion and comparison-group design remain unresolved
cand-2baa779c041d,AMERICAN AMBULANCE ASSOCIATION,12,https://lda.gov/api/v1/clients/159870/,9110be8b-6d5f-477f-9316-3974da8c07a2,2007,mid_year,MM,https://lda.gov/filings/public/filing/9110be8b-6d5f-477f-9316-3974da8c07a2/print/,2007-08-16T07:17:38-04:00,AMERICAN AMBULANCE ASSOCIATION,AMERICAN AMBULANCE ASSOCIATION,lda-hom,HOM,Homeland Security,2007-01-01,2007-06-30,visible_lobbying,visible_lobbying_filing,1.0000,0.3000,Official LDA API,9110be8b-6d5f-477f-9316-3974da8c07a2|lda-hom|2,treated_hloga_lda_client,hloga-2007-federal-lobbying-disclosure,filing_count; amount_millions,United States federal,0.8000,reviewed_exact_lda_client_name_source_row,exact-normalized-client-name-match-to-reviewed-canonical-actor,codex-source-audit,2026-07-24,https://lda.gov/filings/public/filing/9110be8b-6d5f-477f-9316-3974da8c07a2/print/,official LDA API filing row matched by exact normalized client name to the reviewed canonical actor; usable as treated visible-lobbying pre/post source surface only; stable cross-source LDA client-ID promotion and comparison-group design remain unresolved
cand-2baa779c041d,AMERICAN AMBULANCE ASSOCIATION,12,https://lda.gov/api/v1/clients/159870/,9110be8b-6d5f-477f-9316-3974da8c07a2,2007,mid_year,MM,https://lda.gov/filings/public/filing/9110be8b-6d5f-477f-9316-3974da8c07a2/print/,2007-08-16T07:17:38-04:00,AMERICAN AMBULANCE ASSOCIATION,AMERICAN AMBULANCE ASSOCIATION,lda-tax,TAX,Taxation/Internal Revenue Code,2007-01-01,2007-06-30,visible_lobbying,visible_lobbying_filing,1.0000,0.3000,Official LDA API,9110be8b-6d5f-477f-9316-3974da8c07a2|lda-tax|3,treated_hloga_lda_client,hloga-2007-federal-lobbying-disclosure,filing_count; amount_millions,United States federal,0.8000,reviewed_exact_lda_client_name_source_row,exact-normalized-client-name-match-to-reviewed-canonical-actor,codex-source-audit,2026-07-24,https://lda.gov/filings/public/filing/9110be8b-6d5f-477f-9316-3974da8c07a2/print/,official LDA API filing row matched by exact normalized client name to the reviewed canonical actor; usable as treated visible-lobbying pre/post source surface only; stable cross-source LDA client-ID promotion and comparison-group design remain unresolved
cand-2baa779c041d,AMERICAN AMBULANCE ASSOCIATION,11295,https://lda.gov/api/v1/clients/136998/,31d81171-72e4-43a9-9303-7d611a41385b,2007,year_end,YY,https://lda.gov/filings/public/filing/31d81171-72e4-43a9-9303-7d611a41385b/print/,2008-02-08T09:32:05-05:00,AMERICAN AMBULANCE ASSOCIATION,SQUIRE PATTON BOGGS,lda-hom,HOM,Homeland Security,2007-07-01,2007-12-31,visible_lobbying,visible_lobbying_filing,1.0000,0.1800,Official LDA API,31d81171-72e4-43a9-9303-7d611a41385b|lda-hom|3,treated_hloga_lda_client,hloga-2007-federal-lobbying-disclosure,filing_count; amount_millions,United States federal,0.8000,reviewed_exact_lda_client_name_source_row,exact-normalized-client-name-match-to-reviewed-canonical-actor,codex-source-audit,2026-07-24,https://lda.gov/filings/public/filing/31d81171-72e4-43a9-9303-7d611a41385b/print/,official LDA API filing row matched by exact normalized client name to the reviewed canonical actor; usable as treated visible-lobbying pre/post source surface only; stable cross-source LDA client-ID promotion and comparison-group design remain unresolved
cand-2baa779c041d,AMERICAN AMBULANCE ASSOCIATION,11295,https://lda.gov/api/v1/clients/136998/,31d81171-72e4-43a9-9303-7d611a41385b,2007,year_end,YY,https://lda.gov/filings/public/filing/31d81171-72e4-43a9-9303-7d611a41385b/print/,2008-02-08T09:32:05-05:00,AMERICAN AMBULANCE ASSOCIATION,SQUIRE PATTON BOGGS,lda-mmm,MMM,Medicare/Medicaid,2007-07-01,2007-12-31,visible_lobbying,visible_lobbying_filing,1.0000,0.1800,Official LDA API,31d81171-72e4-43a9-9303-7d611a41385b|lda-mmm|2,treated_hloga_lda_client,hloga-2007-federal-lobbying-disclosure,filing_count; amount_millions,United States federal,0.8000,reviewed_exact_lda_client_name_source_row,exact-normalized-client-name-match-to-reviewed-canonical-actor,codex-source-audit,2026-07-24,https://lda.gov/filings/public/filing/31d81171-72e4-43a9-9303-7d611a41385b/print/,official LDA API filing row matched by exact normalized client name to the reviewed canonical actor; usable as treated visible-lobbying pre/post source surface only; stable cross-source LDA client-ID promotion and comparison-group design remain unresolved
cand-2baa779c041d,AMERICAN AMBULANCE ASSOCIATION,11295,https://lda.gov/api/v1/clients/136998/,31d81171-72e4-43a9-9303-7d611a41385b,2007,year_end,YY,https://lda.gov/filings/public/filing/31d81171-72e4-43a9-9303-7d611a41385b/print/,2008-02-08T09:32:05-05:00,AMERICAN AMBULANCE ASSOCIATION,SQUIRE PATTON BOGGS,lda-tax,TAX,Taxation/Internal Revenue Code,2007-07-01,2007-12-31,visible_lobbying,visible_lobbying_filing,1.0000,0.1800,Official LDA API,31d81171-72e4-43a9-9303-7d611a41385b|lda-tax|1,treated_hloga_lda_client,hloga-2007-federal-lobbying-disclosure,filing_count; amount_millions,United States federal,0.8000,reviewed_exact_lda_client_name_source_row,exact-normalized-client-name-match-to-reviewed-canonical-actor,codex-source-audit,2026-07-24,https://lda.gov/filings/public/filing/31d81171-72e4-43a9-9303-7d611a41385b/print/,official LDA API filing row matched by exact normalized client name to the reviewed canonical actor; usable as treated visible-lobbying pre/post source surface only; stable cross-source LDA client-ID promotion and comparison-group design remain unresolved
cand-2baa779c041d,AMERICAN AMBULANCE ASSOCIATION,12,https://lda.gov/api/v1/clients/159870/,7d2d7902-4082-43a9-9f51-5d97f3b7c4e6,2007,year_end,YY,https://lda.gov/filings/public/filing/7d2d7902-4082-43a9-9f51-5d97f3b7c4e6/print/,2008-01-24T11:54:38-05:00,AMERICAN AMBULANCE ASSOCIATION,AMERICAN AMBULANCE ASSOCIATION,lda-hcr,HCR,Health Issues,2007-07-01,2007-12-31,visible_lobbying,visible_lobbying_filing,1.0000,0.3000,Official LDA API,7d2d7902-4082-43a9-9f51-5d97f3b7c4e6|lda-hcr|2,treated_hloga_lda_client,hloga-2007-federal-lobbying-disclosure,filing_count; amount_millions,United States federal,0.8000,reviewed_exact_lda_client_name_source_row,exact-normalized-client-name-match-to-reviewed-canonical-actor,codex-source-audit,2026-07-24,https://lda.gov/filings/public/filing/7d2d7902-4082-43a9-9f51-5d97f3b7c4e6/print/,official LDA API filing row matched by exact normalized client name to the reviewed canonical actor; usable as treated visible-lobbying pre/post source surface only; stable cross-source LDA client-ID promotion and comparison-group design remain unresolved
cand-2baa779c041d,AMERICAN AMBULANCE ASSOCIATION,12,https://lda.gov/api/v1/clients/159870/,7d2d7902-4082-43a9-9f51-5d97f3b7c4e6,2007,year_end,YY,https://lda.gov/filings/public/filing/7d2d7902-4082-43a9-9f51-5d97f3b7c4e6/print/,2008-01-24T11:54:38-05:00,AMERICAN AMBULANCE ASSOCIATION,AMERICAN AMBULANCE ASSOCIATION,lda-hom,HOM,Homeland Security,2007-07-01,2007-12-31,visible_lobbying,visible_lobbying_filing,1.0000,0.3000,Official LDA API,7d2d7902-4082-43a9-9f51-5d97f3b7c4e6|lda-hom|4,treated_hloga_lda_client,hloga-2007-federal-lobbying-disclosure,filing_count; amount_millions,United States federal,0.8000,reviewed_exact_lda_client_name_source_row,exact-normalized-client-name-match-to-reviewed-canonical-actor,codex-source-audit,2026-07-24,https://lda.gov/filings/public/filing/7d2d7902-4082-43a9-9f51-5d97f3b7c4e6/print/,official LDA API filing row matched by exact normalized client name to the reviewed canonical actor; usable as treated visible-lobbying pre/post source surface only; stable cross-source LDA client-ID promotion and comparison-group design remain unresolved
cand-2baa779c041d,AMERICAN AMBULANCE ASSOCIATION,12,https://lda.gov/api/v1/clients/159870/,7d2d7902-4082-43a9-9f51-5d97f3b7c4e6,2007,year_end,YY,https://lda.gov/filings/public/filing/7d2d7902-4082-43a9-9f51-5d97f3b7c4e6/print/,2008-01-24T11:54:38-05:00,AMERICAN AMBULANCE ASSOCIATION,AMERICAN AMBULANCE ASSOCIATION,lda-lbr,LBR,Labor Issues/Antitrust/Workplace,2007-07-01,2007-12-31,visible_lobbying,visible_lobbying_filing,1.0000,0.3000,Official LDA API,7d2d7902-4082-43a9-9f51-5d97f3b7c4e6|lda-lbr|3,treated_hloga_lda_client,hloga-2007-federal-lobbying-disclosure,filing_count; amount_millions,United States federal,0.8000,reviewed_exact_lda_client_name_source_row,exact-normalized-client-name-match-to-reviewed-canonical-actor,codex-source-audit,2026-07-24,https://lda.gov/filings/public/filing/7d2d7902-4082-43a9-9f51-5d97f3b7c4e6/print/,official LDA API filing row matched by exact normalized client name to the reviewed canonical actor; usable as treated visible-lobbying pre/post source surface only; stable cross-source LDA client-ID promotion and comparison-group design remain unresolved
cand-2baa779c041d,AMERICAN AMBULANCE ASSOCIATION,12,https://lda.gov/api/v1/clients/159870/,7d2d7902-4082-43a9-9f51-5d97f3b7c4e6,2007,year_end,YY,https://lda.gov/filings/public/filing/7d2d7902-4082-43a9-9f51-5d97f3b7c4e6/print/,2008-01-24T11:54:38-05:00,AMERICAN AMBULANCE ASSOCIATION,AMERICAN AMBULANCE ASSOCIATION,lda-tax,TAX,Taxation/Internal Revenue Code,2007-07-01,2007-12-31,visible_lobbying,visible_lobbying_filing,1.0000,0.3000,Official LDA API,7d2d7902-4082-43a9-9f51-5d97f3b7c4e6|lda-tax|1,treated_hloga_lda_client,hloga-2007-federal-lobbying-disclosure,filing_count; amount_millions,United States federal,0.8000,reviewed_exact_lda_client_name_source_row,exact-normalized-client-name-match-to-reviewed-canonical-actor,codex-source-audit,2026-07-24,https://lda.gov/filings/public/filing/7d2d7902-4082-43a9-9f51-5d97f3b7c4e6/print/,official LDA API filing row matched by exact normalized client name to the reviewed canonical actor; usable as treated visible-lobbying pre/post source surface only; stable cross-source LDA client-ID promotion and comparison-group design remain unresolved
cand-2baa779c041d,AMERICAN AMBULANCE ASSOCIATION,12,https://lda.gov/api/v1/clients/159870/,6123c162-831d-4892-bdff-a4adbe82f6db,2008,first_quarter,Q1,https://lda.gov/filings/public/filing/6123c162-831d-4892-bdff-a4adbe82f6db/print/,2008-04-19T08:53:05-04:00,AMERICAN AMBULANCE ASSOCIATION,AMERICAN AMBULANCE ASSOCIATION,lda-hom,HOM,Homeland Security,2008-01-01,2008-03-31,visible_lobbying,visible_lobbying_filing,1.0000,0.1750,Official LDA API,6123c162-831d-4892-bdff-a4adbe82f6db|lda-hom|4,treated_hloga_lda_client,hloga-2007-federal-lobbying-disclosure,filing_count; amount_millions,United States federal,0.8000,reviewed_exact_lda_client_name_source_row,exact-normalized-client-name-match-to-reviewed-canonical-actor,codex-source-audit,2026-07-24,https://lda.gov/filings/public/filing/6123c162-831d-4892-bdff-a4adbe82f6db/print/,official LDA API filing row matched by exact normalized client name to the reviewed canonical actor; usable as treated visible-lobbying pre/post source surface only; stable cross-source LDA client-ID promotion and comparison-group design remain unresolved
cand-2baa779c041d,AMERICAN AMBULANCE ASSOCIATION,12,https://lda.gov/api/v1/clients/159870/,6123c162-831d-4892-bdff-a4adbe82f6db,2008,first_quarter,Q1,https://lda.gov/filings/public/filing/6123c162-831d-4892-bdff-a4adbe82f6db/print/,2008-04-19T08:53:05-04:00,AMERICAN AMBULANCE ASSOCIATION,AMERICAN AMBULANCE ASSOCIATION,lda-lbr,LBR,Labor Issues/Antitrust/Workplace,2008-01-01,2008-03-31,visible_lobbying,visible_lobbying_filing,1.0000,0.1750,Official LDA API,6123c162-831d-4892-bdff-a4adbe82f6db|lda-lbr|3,treated_hloga_lda_client,hloga-2007-federal-lobbying-disclosure,filing_count; amount_millions,United States federal,0.8000,reviewed_exact_lda_client_name_source_row,exact-normalized-client-name-match-to-reviewed-canonical-actor,codex-source-audit,2026-07-24,https://lda.gov/filings/public/filing/6123c162-831d-4892-bdff-a4adbe82f6db/print/,official LDA API filing row matched by exact normalized client name to the reviewed canonical actor; usable as treated visible-lobbying pre/post source surface only; stable cross-source LDA client-ID promotion and comparison-group design remain unresolved
cand-2baa779c041d,AMERICAN AMBULANCE ASSOCIATION,12,https://lda.gov/api/v1/clients/159870/,6123c162-831d-4892-bdff-a4adbe82f6db,2008,first_quarter,Q1,https://lda.gov/filings/public/filing/6123c162-831d-4892-bdff-a4adbe82f6db/print/,2008-04-19T08:53:05-04:00,AMERICAN AMBULANCE ASSOCIATION,AMERICAN AMBULANCE ASSOCIATION,lda-mmm,MMM,Medicare/Medicaid,2008-01-01,2008-03-31,visible_lobbying,visible_lobbying_filing,1.0000,0.1750,Official LDA API,6123c162-831d-4892-bdff-a4adbe82f6db|lda-mmm|2,treated_hloga_lda_client,hloga-2007-federal-lobbying-disclosure,filing_count; amount_millions,United States federal,0.8000,reviewed_exact_lda_client_name_source_row,exact-normalized-client-name-match-to-reviewed-canonical-actor,codex-source-audit,2026-07-24,https://lda.gov/filings/public/filing/6123c162-831d-4892-bdff-a4adbe82f6db/print/,official LDA API filing row matched by exact normalized client name to the reviewed canonical actor; usable as treated visible-lobbying pre/post source surface only; stable cross-source LDA client-ID promotion and comparison-group design remain unresolved
cand-2baa779c041d,AMERICAN AMBULANCE ASSOCIATION,12,https://lda.gov/api/v1/clients/159870/,6123c162-831d-4892-bdff-a4adbe82f6db,2008,first_quarter,Q1,https://lda.gov/filings/public/filing/6123c162-831d-4892-bdff-a4adbe82f6db/print/,2008-04-19T08:53:05-04:00,AMERICAN AMBULANCE ASSOCIATION,AMERICAN AMBULANCE ASSOCIATION,lda-tax,TAX,Taxation/Internal Revenue Code,2008-01-01,2008-03-31,visible_lobbying,visible_lobbying_filing,1.0000,0.1750,Official LDA API,6123c162-831d-4892-bdff-a4adbe82f6db|lda-tax|1,treated_hloga_lda_client,hloga-2007-federal-lobbying-disclosure,filing_count; amount_millions,United States federal,0.8000,reviewed_exact_lda_client_name_source_row,exact-normalized-client-name-match-to-reviewed-canonical-actor,codex-source-audit,2026-07-24,https://lda.gov/filings/public/filing/6123c162-831d-4892-bdff-a4adbe82f6db/print/,official LDA API filing row matched by exact normalized client name to the reviewed canonical actor; usable as treated visible-lobbying pre/post source surface only; stable cross-source LDA client-ID promotion and comparison-group design remain unresolved
cand-2baa779c041d,AMERICAN AMBULANCE ASSOCIATION,11295,https://lda.gov/api/v1/clients/136998/,7f93daaa-697a-40ee-ad80-8915e86c1a90,2008,first_quarter,Q1,https://lda.gov/filings/public/filing/7f93daaa-697a-40ee-ad80-8915e86c1a90/print/,2008-04-29T12:14:37-04:00,AMERICAN AMBULANCE ASSOCIATION,SQUIRE PATTON BOGGS,lda-hom,HOM,Homeland Security,2008-01-01,2008-03-31,visible_lobbying,visible_lobbying_filing,1.0000,0.0900,Official LDA API,7f93daaa-697a-40ee-ad80-8915e86c1a90|lda-hom|3,treated_hloga_lda_client,hloga-2007-federal-lobbying-disclosure,filing_count; amount_millions,United States federal,0.8000,reviewed_exact_lda_client_name_source_row,exact-normalized-client-name-match-to-reviewed-canonical-actor,codex-source-audit,2026-07-24,https://lda.gov/filings/public/filing/7f93daaa-697a-40ee-ad80-8915e86c1a90/print/,official LDA API filing row matched by exact normalized client name to the reviewed canonical actor; usable as treated visible-lobbying pre/post source surface only; stable cross-source LDA client-ID promotion and comparison-group design remain unresolved
cand-2baa779c041d,AMERICAN AMBULANCE ASSOCIATION,11295,https://lda.gov/api/v1/clients/136998/,7f93daaa-697a-40ee-ad80-8915e86c1a90,2008,first_quarter,Q1,https://lda.gov/filings/public/filing/7f93daaa-697a-40ee-ad80-8915e86c1a90/print/,2008-04-29T12:14:37-04:00,AMERICAN AMBULANCE ASSOCIATION,SQUIRE PATTON BOGGS,lda-mmm,MMM,Medicare/Medicaid,2008-01-01,2008-03-31,visible_lobbying,visible_lobbying_filing,1.0000,0.0900,Official LDA API,7f93daaa-697a-40ee-ad80-8915e86c1a90|lda-mmm|2,treated_hloga_lda_client,hloga-2007-federal-lobbying-disclosure,filing_count; amount_millions,United States federal,0.8000,reviewed_exact_lda_client_name_source_row,exact-normalized-client-name-match-to-reviewed-canonical-actor,codex-source-audit,2026-07-24,https://lda.gov/filings/public/filing/7f93daaa-697a-40ee-ad80-8915e86c1a90/print/,official LDA API filing row matched by exact normalized client name to the reviewed canonical actor; usable as treated visible-lobbying pre/post source surface only; stable cross-source LDA client-ID promotion and comparison-group design remain unresolved
cand-2baa779c041d,AMERICAN AMBULANCE ASSOCIATION,11295,https://lda.gov/api/v1/clients/136998/,7f93daaa-697a-40ee-ad80-8915e86c1a90,2008,first_quarter,Q1,https://lda.gov/filings/public/filing/7f93daaa-697a-40ee-ad80-8915e86c1a90/print/,2008-04-29T12:14:37-04:00,AMERICAN AMBULANCE ASSOCIATION,SQUIRE PATTON BOGGS,lda-tax,TAX,Taxation/Internal Revenue Code,2008-01-01,2008-03-31,visible_lobbying,visible_lobbying_filing,1.0000,0.0900,Official LDA API,7f93daaa-697a-40ee-ad80-8915e86c1a90|lda-tax|1,treated_hloga_lda_client,hloga-2007-federal-lobbying-disclosure,filing_count; amount_millions,United States federal,0.8000,reviewed_exact_lda_client_name_source_row,exact-normalized-client-name-match-to-reviewed-canonical-actor,codex-source-audit,2026-07-24,https://lda.gov/filings/public/filing/7f93daaa-697a-40ee-ad80-8915e86c1a90/print/,official LDA API filing row matched by exact normalized client name to the reviewed canonical actor; usable as treated visible-lobbying pre/post source surface only; stable cross-source LDA client-ID promotion and comparison-group design remain unresolved
cand-2baa779c041d,AMERICAN AMBULANCE ASSOCIATION,12,https://lda.gov/api/v1/clients/159870/,c3f61abb-e139-4778-a3a1-42b6c384213d,2008,first_quarter,1A,https://lda.gov/filings/public/filing/c3f61abb-e139-4778-a3a1-42b6c384213d/print/,2008-07-10T13:55:14-04:00,AMERICAN AMBULANCE ASSOCIATION,AMERICAN AMBULANCE ASSOCIATION,lda-hom,HOM,Homeland Security,2008-01-01,2008-03-31,visible_lobbying,visible_lobbying_filing,1.0000,0.1750,Official LDA API,c3f61abb-e139-4778-a3a1-42b6c384213d|lda-hom|4,treated_hloga_lda_client,hloga-2007-federal-lobbying-disclosure,filing_count; amount_millions,United States federal,0.8000,reviewed_exact_lda_client_name_source_row,exact-normalized-client-name-match-to-reviewed-canonical-actor,codex-source-audit,2026-07-24,https://lda.gov/filings/public/filing/c3f61abb-e139-4778-a3a1-42b6c384213d/print/,official LDA API filing row matched by exact normalized client name to the reviewed canonical actor; usable as treated visible-lobbying pre/post source surface only; stable cross-source LDA client-ID promotion and comparison-group design remain unresolved
cand-2baa779c041d,AMERICAN AMBULANCE ASSOCIATION,12,https://lda.gov/api/v1/clients/159870/,c3f61abb-e139-4778-a3a1-42b6c384213d,2008,first_quarter,1A,https://lda.gov/filings/public/filing/c3f61abb-e139-4778-a3a1-42b6c384213d/print/,2008-07-10T13:55:14-04:00,AMERICAN AMBULANCE ASSOCIATION,AMERICAN AMBULANCE ASSOCIATION,lda-lbr,LBR,Labor Issues/Antitrust/Workplace,2008-01-01,2008-03-31,visible_lobbying,visible_lobbying_filing,1.0000,0.1750,Official LDA API,c3f61abb-e139-4778-a3a1-42b6c384213d|lda-lbr|3,treated_hloga_lda_client,hloga-2007-federal-lobbying-disclosure,filing_count; amount_millions,United States federal,0.8000,reviewed_exact_lda_client_name_source_row,exact-normalized-client-name-match-to-reviewed-canonical-actor,codex-source-audit,2026-07-24,https://lda.gov/filings/public/filing/c3f61abb-e139-4778-a3a1-42b6c384213d/print/,official LDA API filing row matched by exact normalized client name to the reviewed canonical actor; usable as treated visible-lobbying pre/post source surface only; stable cross-source LDA client-ID promotion and comparison-group design remain unresolved
cand-2baa779c041d,AMERICAN AMBULANCE ASSOCIATION,12,https://lda.gov/api/v1/clients/159870/,c3f61abb-e139-4778-a3a1-42b6c384213d,2008,first_quarter,1A,https://lda.gov/filings/public/filing/c3f61abb-e139-4778-a3a1-42b6c384213d/print/,2008-07-10T13:55:14-04:00,AMERICAN AMBULANCE ASSOCIATION,AMERICAN AMBULANCE ASSOCIATION,lda-mmm,MMM,Medicare/Medicaid,2008-01-01,2008-03-31,visible_lobbying,visible_lobbying_filing,1.0000,0.1750,Official LDA API,c3f61abb-e139-4778-a3a1-42b6c384213d|lda-mmm|2,treated_hloga_lda_client,hloga-2007-federal-lobbying-disclosure,filing_count; amount_millions,United States federal,0.8000,reviewed_exact_lda_client_name_source_row,exact-normalized-client-name-match-to-reviewed-canonical-actor,codex-source-audit,2026-07-24,https://lda.gov/filings/public/filing/c3f61abb-e139-4778-a3a1-42b6c384213d/print/,official LDA API filing row matched by exact normalized client name to the reviewed canonical actor; usable as treated visible-lobbying pre/post source surface only; stable cross-source LDA client-ID promotion and comparison-group design remain unresolved
cand-2baa779c041d,AMERICAN AMBULANCE ASSOCIATION,12,https://lda.gov/api/v1/clients/159870/,c3f61abb-e139-4778-a3a1-42b6c384213d,2008,first_quarter,1A,https://lda.gov/filings/public/filing/c3f61abb-e139-4778-a3a1-42b6c384213d/print/,2008-07-10T13:55:14-04:00,AMERICAN AMBULANCE ASSOCIATION,AMERICAN AMBULANCE ASSOCIATION,lda-tax,TAX,Taxation/Internal Revenue Code,2008-01-01,2008-03-31,visible_lobbying,visible_lobbying_filing,1.0000,0.1750,Official LDA API,c3f61abb-e139-4778-a3a1-42b6c384213d|lda-tax|1,treated_hloga_lda_client,hloga-2007-federal-lobbying-disclosure,filing_count; amount_millions,United States federal,0.8000,reviewed_exact_lda_client_name_source_row,exact-normalized-client-name-match-to-reviewed-canonical-actor,codex-source-audit,2026-07-24,https://lda.gov/filings/public/filing/c3f61abb-e139-4778-a3a1-42b6c384213d/print/,official LDA API filing row matched by exact normalized client name to the reviewed canonical actor; usable as treated visible-lobbying pre/post source surface only; stable cross-source LDA client-ID promotion and comparison-group design remain unresolved
cand-2baa779c041d,AMERICAN AMBULANCE ASSOCIATION,12,https://lda.gov/api/v1/clients/159870/,5f711240-cecf-4f18-8143-ae2899ffd1b2,2008,second_quarter,Q2,https://lda.gov/filings/public/filing/5f711240-cecf-4f18-8143-ae2899ffd1b2/print/,2008-07-09T17:21:40-04:00,AMERICAN AMBULANCE ASSOCIATION,AMERICAN AMBULANCE ASSOCIATION,lda-hom,HOM,Homeland Security,2008-04-01,2008-06-30,visible_lobbying,visible_lobbying_filing,1.0000,0.2000,Official LDA API,5f711240-cecf-4f18-8143-ae2899ffd1b2|lda-hom|4,treated_hloga_lda_client,hloga-2007-federal-lobbying-disclosure,filing_count; amount_millions,United States federal,0.8000,reviewed_exact_lda_client_name_source_row,exact-normalized-client-name-match-to-reviewed-canonical-actor,codex-source-audit,2026-07-24,https://lda.gov/filings/public/filing/5f711240-cecf-4f18-8143-ae2899ffd1b2/print/,official LDA API filing row matched by exact normalized client name to the reviewed canonical actor; usable as treated visible-lobbying pre/post source surface only; stable cross-source LDA client-ID promotion and comparison-group design remain unresolved
cand-2baa779c041d,AMERICAN AMBULANCE ASSOCIATION,12,https://lda.gov/api/v1/clients/159870/,5f711240-cecf-4f18-8143-ae2899ffd1b2,2008,second_quarter,Q2,https://lda.gov/filings/public/filing/5f711240-cecf-4f18-8143-ae2899ffd1b2/print/,2008-07-09T17:21:40-04:00,AMERICAN AMBULANCE ASSOCIATION,AMERICAN AMBULANCE ASSOCIATION,lda-lbr,LBR,Labor Issues/Antitrust/Workplace,2008-04-01,2008-06-30,visible_lobbying,visible_lobbying_filing,1.0000,0.2000,Official LDA API,5f711240-cecf-4f18-8143-ae2899ffd1b2|lda-lbr|1,treated_hloga_lda_client,hloga-2007-federal-lobbying-disclosure,filing_count; amount_millions,United States federal,0.8000,reviewed_exact_lda_client_name_source_row,exact-normalized-client-name-match-to-reviewed-canonical-actor,codex-source-audit,2026-07-24,https://lda.gov/filings/public/filing/5f711240-cecf-4f18-8143-ae2899ffd1b2/print/,official LDA API filing row matched by exact normalized client name to the reviewed canonical actor; usable as treated visible-lobbying pre/post source surface only; stable cross-source LDA client-ID promotion and comparison-group design remain unresolved
cand-2baa779c041d,AMERICAN AMBULANCE ASSOCIATION,12,https://lda.gov/api/v1/clients/159870/,5f711240-cecf-4f18-8143-ae2899ffd1b2,2008,second_quarter,Q2,https://lda.gov/filings/public/filing/5f711240-cecf-4f18-8143-ae2899ffd1b2/print/,2008-07-09T17:21:40-04:00,AMERICAN AMBULANCE ASSOCIATION,AMERICAN AMBULANCE ASSOCIATION,lda-mmm,MMM,Medicare/Medicaid,2008-04-01,2008-06-30,visible_lobbying,visible_lobbying_filing,1.0000,0.2000,Official LDA API,5f711240-cecf-4f18-8143-ae2899ffd1b2|lda-mmm|3,treated_hloga_lda_client,hloga-2007-federal-lobbying-disclosure,filing_count; amount_millions,United States federal,0.8000,reviewed_exact_lda_client_name_source_row,exact-normalized-client-name-match-to-reviewed-canonical-actor,codex-source-audit,2026-07-24,https://lda.gov/filings/public/filing/5f711240-cecf-4f18-8143-ae2899ffd1b2/print/,official LDA API filing row matched by exact normalized client name to the reviewed canonical actor; usable as treated visible-lobbying pre/post source surface only; stable cross-source LDA client-ID promotion and comparison-group design remain unresolved
cand-2baa779c041d,AMERICAN AMBULANCE ASSOCIATION,12,https://lda.gov/api/v1/clients/159870/,5f711240-cecf-4f18-8143-ae2899ffd1b2,2008,second_quarter,Q2,https://lda.gov/filings/public/filing/5f711240-cecf-4f18-8143-ae2899ffd1b2/print/,2008-07-09T17:21:40-04:00,AMERICAN AMBULANCE ASSOCIATION,AMERICAN AMBULANCE ASSOCIATION,lda-tax,TAX,Taxation/Internal Revenue Code,2008-04-01,2008-06-30,visible_lobbying,visible_lobbying_filing,1.0000,0.2000,Official LDA API,5f711240-cecf-4f18-8143-ae2899ffd1b2|lda-tax|2,treated_hloga_lda_client,hloga-2007-federal-lobbying-disclosure,filing_count; amount_millions,United States federal,0.8000,reviewed_exact_lda_client_name_source_row,exact-normalized-client-name-match-to-reviewed-canonical-actor,codex-source-audit,2026-07-24,https://lda.gov/filings/public/filing/5f711240-cecf-4f18-8143-ae2899ffd1b2/print/,official LDA API filing row matched by exact normalized client name to the reviewed canonical actor; usable as treated visible-lobbying pre/post source surface only; stable cross-source LDA client-ID promotion and comparison-group design remain unresolved
cand-2baa779c041d,AMERICAN AMBULANCE ASSOCIATION,12,https://lda.gov/api/v1/clients/159870/,a460a2ac-5af5-4a9d-b86a-d7f698c0779c,2008,second_quarter,2A,https://lda.gov/filings/public/filing/a460a2ac-5af5-4a9d-b86a-d7f698c0779c/print/,2008-07-10T13:13:03-04:00,AMERICAN AMBULANCE ASSOCIATION,AMERICAN AMBULANCE ASSOCIATION,lda-hom,HOM,Homeland Security,2008-04-01,2008-06-30,visible_lobbying,visible_lobbying_filing,1.0000,0.2000,Official LDA API,a460a2ac-5af5-4a9d-b86a-d7f698c0779c|lda-hom|4,treated_hloga_lda_client,hloga-2007-federal-lobbying-disclosure,filing_count; amount_millions,United States federal,0.8000,reviewed_exact_lda_client_name_source_row,exact-normalized-client-name-match-to-reviewed-canonical-actor,codex-source-audit,2026-07-24,https://lda.gov/filings/public/filing/a460a2ac-5af5-4a9d-b86a-d7f698c0779c/print/,official LDA API filing row matched by exact normalized client name to the reviewed canonical actor; usable as treated visible-lobbying pre/post source surface only; stable cross-source LDA client-ID promotion and comparison-group design remain unresolved
cand-2baa779c041d,AMERICAN AMBULANCE ASSOCIATION,12,https://lda.gov/api/v1/clients/159870/,a460a2ac-5af5-4a9d-b86a-d7f698c0779c,2008,second_quarter,2A,https://lda.gov/filings/public/filing/a460a2ac-5af5-4a9d-b86a-d7f698c0779c/print/,2008-07-10T13:13:03-04:00,AMERICAN AMBULANCE ASSOCIATION,AMERICAN AMBULANCE ASSOCIATION,lda-lbr,LBR,Labor Issues/Antitrust/Workplace,2008-04-01,2008-06-30,visible_lobbying,visible_lobbying_filing,1.0000,0.2000,Official LDA API,a460a2ac-5af5-4a9d-b86a-d7f698c0779c|lda-lbr|3,treated_hloga_lda_client,hloga-2007-federal-lobbying-disclosure,filing_count; amount_millions,United States federal,0.8000,reviewed_exact_lda_client_name_source_row,exact-normalized-client-name-match-to-reviewed-canonical-actor,codex-source-audit,2026-07-24,https://lda.gov/filings/public/filing/a460a2ac-5af5-4a9d-b86a-d7f698c0779c/print/,official LDA API filing row matched by exact normalized client name to the reviewed canonical actor; usable as treated visible-lobbying pre/post source surface only; stable cross-source LDA client-ID promotion and comparison-group design remain unresolved
cand-2baa779c041d,AMERICAN AMBULANCE ASSOCIATION,12,https://lda.gov/api/v1/clients/159870/,a460a2ac-5af5-4a9d-b86a-d7f698c0779c,2008,second_quarter,2A,https://lda.gov/filings/public/filing/a460a2ac-5af5-4a9d-b86a-d7f698c0779c/print/,2008-07-10T13:13:03-04:00,AMERICAN AMBULANCE ASSOCIATION,AMERICAN AMBULANCE ASSOCIATION,lda-mmm,MMM,Medicare/Medicaid,2008-04-01,2008-06-30,visible_lobbying,visible_lobbying_filing,1.0000,0.2000,Official LDA API,a460a2ac-5af5-4a9d-b86a-d7f698c0779c|lda-mmm|2,treated_hloga_lda_client,hloga-2007-federal-lobbying-disclosure,filing_count; amount_millions,United States federal,0.8000,reviewed_exact_lda_client_name_source_row,exact-normalized-client-name-match-to-reviewed-canonical-actor,codex-source-audit,2026-07-24,https://lda.gov/filings/public/filing/a460a2ac-5af5-4a9d-b86a-d7f698c0779c/print/,official LDA API filing row matched by exact normalized client name to the reviewed canonical actor; usable as treated visible-lobbying pre/post source surface only; stable cross-source LDA client-ID promotion and comparison-group design remain unresolved
cand-2baa779c041d,AMERICAN AMBULANCE ASSOCIATION,12,https://lda.gov/api/v1/clients/159870/,a460a2ac-5af5-4a9d-b86a-d7f698c0779c,2008,second_quarter,2A,https://lda.gov/filings/public/filing/a460a2ac-5af5-4a9d-b86a-d7f698c0779c/print/,2008-07-10T13:13:03-04:00,AMERICAN AMBULANCE ASSOCIATION,AMERICAN AMBULANCE ASSOCIATION,lda-tax,TAX,Taxation/Internal Revenue Code,2008-04-01,2008-06-30,visible_lobbying,visible_lobbying_filing,1.0000,0.2000,Official LDA API,a460a2ac-5af5-4a9d-b86a-d7f698c0779c|lda-tax|1,treated_hloga_lda_client,hloga-2007-federal-lobbying-disclosure,filing_count; amount_millions,United States federal,0.8000,reviewed_exact_lda_client_name_source_row,exact-normalized-client-name-match-to-reviewed-canonical-actor,codex-source-audit,2026-07-24,https://lda.gov/filings/public/filing/a460a2ac-5af5-4a9d-b86a-d7f698c0779c/print/,official LDA API filing row matched by exact normalized client name to the reviewed canonical actor; usable as treated visible-lobbying pre/post source surface only; stable cross-source LDA client-ID promotion and comparison-group design remain unresolved
cand-2baa779c041d,AMERICAN AMBULANCE ASSOCIATION,11295,https://lda.gov/api/v1/clients/136998/,faf521ca-7304-4a04-8081-7ee301f72e5c,2008,second_quarter,Q2,https://lda.gov/filings/public/filing/faf521ca-7304-4a04-8081-7ee301f72e5c/print/,2008-07-19T16:42:42-04:00,AMERICAN AMBULANCE ASSOCIATION,SQUIRE PATTON BOGGS,lda-hom,HOM,Homeland Security,2008-04-01,2008-06-30,visible_lobbying,visible_lobbying_filing,1.0000,0.0900,Official LDA API,faf521ca-7304-4a04-8081-7ee301f72e5c|lda-hom|3,treated_hloga_lda_client,hloga-2007-federal-lobbying-disclosure,filing_count; amount_millions,United States federal,0.8000,reviewed_exact_lda_client_name_source_row,exact-normalized-client-name-match-to-reviewed-canonical-actor,codex-source-audit,2026-07-24,https://lda.gov/filings/public/filing/faf521ca-7304-4a04-8081-7ee301f72e5c/print/,official LDA API filing row matched by exact normalized client name to the reviewed canonical actor; usable as treated visible-lobbying pre/post source surface only; stable cross-source LDA client-ID promotion and comparison-group design remain unresolved
cand-2baa779c041d,AMERICAN AMBULANCE ASSOCIATION,11295,https://lda.gov/api/v1/clients/136998/,faf521ca-7304-4a04-8081-7ee301f72e5c,2008,second_quarter,Q2,https://lda.gov/filings/public/filing/faf521ca-7304-4a04-8081-7ee301f72e5c/print/,2008-07-19T16:42:42-04:00,AMERICAN AMBULANCE ASSOCIATION,SQUIRE PATTON BOGGS,lda-mmm,MMM,Medicare/Medicaid,2008-04-01,2008-06-30,visible_lobbying,visible_lobbying_filing,1.0000,0.0900,Official LDA API,faf521ca-7304-4a04-8081-7ee301f72e5c|lda-mmm|2,treated_hloga_lda_client,hloga-2007-federal-lobbying-disclosure,filing_count; amount_millions,United States federal,0.8000,reviewed_exact_lda_client_name_source_row,exact-normalized-client-name-match-to-reviewed-canonical-actor,codex-source-audit,2026-07-24,https://lda.gov/filings/public/filing/faf521ca-7304-4a04-8081-7ee301f72e5c/print/,official LDA API filing row matched by exact normalized client name to the reviewed canonical actor; usable as treated visible-lobbying pre/post source surface only; stable cross-source LDA client-ID promotion and comparison-group design remain unresolved
cand-2baa779c041d,AMERICAN AMBULANCE ASSOCIATION,11295,https://lda.gov/api/v1/clients/136998/,faf521ca-7304-4a04-8081-7ee301f72e5c,2008,second_quarter,Q2,https://lda.gov/filings/public/filing/faf521ca-7304-4a04-8081-7ee301f72e5c/print/,2008-07-19T16:42:42-04:00,AMERICAN AMBULANCE ASSOCIATION,SQUIRE PATTON BOGGS,lda-tax,TAX,Taxation/Internal Revenue Code,2008-04-01,2008-06-30,visible_lobbying,visible_lobbying_filing,1.0000,0.0900,Official LDA API,faf521ca-7304-4a04-8081-7ee301f72e5c|lda-tax|1,treated_hloga_lda_client,hloga-2007-federal-lobbying-disclosure,filing_count; amount_millions,United States federal,0.8000,reviewed_exact_lda_client_name_source_row,exact-normalized-client-name-match-to-reviewed-canonical-actor,codex-source-audit,2026-07-24,https://lda.gov/filings/public/filing/faf521ca-7304-4a04-8081-7ee301f72e5c/print/,official LDA API filing row matched by exact normalized client name to the reviewed canonical actor; usable as treated visible-lobbying pre/post source surface only; stable cross-source LDA client-ID promotion and comparison-group design remain unresolved
cand-2baa779c041d,AMERICAN AMBULANCE ASSOCIATION,11295,https://lda.gov/api/v1/clients/136998/,b87a7bfc-205b-4524-8c95-6931c21ebc8d,2008,third_quarter,Q3,https://lda.gov/filings/public/filing/b87a7bfc-205b-4524-8c95-6931c21ebc8d/print/,2008-10-18T05:23:01-04:00,AMERICAN AMBULANCE ASSOCIATION,SQUIRE PATTON BOGGS,lda-hom,HOM,Homeland Security,2008-07-01,2008-09-30,visible_lobbying,visible_lobbying_filing,1.0000,0.0900,Official LDA API,b87a7bfc-205b-4524-8c95-6931c21ebc8d|lda-hom|3,treated_hloga_lda_client,hloga-2007-federal-lobbying-disclosure,filing_count; amount_millions,United States federal,0.8000,reviewed_exact_lda_client_name_source_row,exact-normalized-client-name-match-to-reviewed-canonical-actor,codex-source-audit,2026-07-24,https://lda.gov/filings/public/filing/b87a7bfc-205b-4524-8c95-6931c21ebc8d/print/,official LDA API filing row matched by exact normalized client name to the reviewed canonical actor; usable as treated visible-lobbying pre/post source surface only; stable cross-source LDA client-ID promotion and comparison-group design remain unresolved
cand-2baa779c041d,AMERICAN AMBULANCE ASSOCIATION,11295,https://lda.gov/api/v1/clients/136998/,b87a7bfc-205b-4524-8c95-6931c21ebc8d,2008,third_quarter,Q3,https://lda.gov/filings/public/filing/b87a7bfc-205b-4524-8c95-6931c21ebc8d/print/,2008-10-18T05:23:01-04:00,AMERICAN AMBULANCE ASSOCIATION,SQUIRE PATTON BOGGS,lda-mmm,MMM,Medicare/Medicaid,2008-07-01,2008-09-30,visible_lobbying,visible_lobbying_filing,1.0000,0.0900,Official LDA API,b87a7bfc-205b-4524-8c95-6931c21ebc8d|lda-mmm|2,treated_hloga_lda_client,hloga-2007-federal-lobbying-disclosure,filing_count; amount_millions,United States federal,0.8000,reviewed_exact_lda_client_name_source_row,exact-normalized-client-name-match-to-reviewed-canonical-actor,codex-source-audit,2026-07-24,https://lda.gov/filings/public/filing/b87a7bfc-205b-4524-8c95-6931c21ebc8d/print/,official LDA API filing row matched by exact normalized client name to the reviewed canonical actor; usable as treated visible-lobbying pre/post source surface only; stable cross-source LDA client-ID promotion and comparison-group design remain unresolved
cand-2baa779c041d,AMERICAN AMBULANCE ASSOCIATION,11295,https://lda.gov/api/v1/clients/136998/,b87a7bfc-205b-4524-8c95-6931c21ebc8d,2008,third_quarter,Q3,https://lda.gov/filings/public/filing/b87a7bfc-205b-4524-8c95-6931c21ebc8d/print/,2008-10-18T05:23:01-04:00,AMERICAN AMBULANCE ASSOCIATION,SQUIRE PATTON BOGGS,lda-tax,TAX,Taxation/Internal Revenue Code,2008-07-01,2008-09-30,visible_lobbying,visible_lobbying_filing,1.0000,0.0900,Official LDA API,b87a7bfc-205b-4524-8c95-6931c21ebc8d|lda-tax|1,treated_hloga_lda_client,hloga-2007-federal-lobbying-disclosure,filing_count; amount_millions,United States federal,0.8000,reviewed_exact_lda_client_name_source_row,exact-normalized-client-name-match-to-reviewed-canonical-actor,codex-source-audit,2026-07-24,https://lda.gov/filings/public/filing/b87a7bfc-205b-4524-8c95-6931c21ebc8d/print/,official LDA API filing row matched by exact normalized client name to the reviewed canonical actor; usable as treated visible-lobbying pre/post source surface only; stable cross-source LDA client-ID promotion and comparison-group design remain unresolved
cand-2baa779c041d,AMERICAN AMBULANCE ASSOCIATION,12,https://lda.gov/api/v1/clients/159870/,c0ef65c0-edd0-4a96-8100-3e04e30539cd,2008,third_quarter,Q3,https://lda.gov/filings/public/filing/c0ef65c0-edd0-4a96-8100-3e04e30539cd/print/,2008-10-09T08:00:23-04:00,AMERICAN AMBULANCE ASSOCIATION,AMERICAN AMBULANCE ASSOCIATION,lda-hom,HOM,Homeland Security,2008-07-01,2008-09-30,visible_lobbying,visible_lobbying_filing,1.0000,0.2000,Official LDA API,c0ef65c0-edd0-4a96-8100-3e04e30539cd|lda-hom|4,treated_hloga_lda_client,hloga-2007-federal-lobbying-disclosure,filing_count; amount_millions,United States federal,0.8000,reviewed_exact_lda_client_name_source_row,exact-normalized-client-name-match-to-reviewed-canonical-actor,codex-source-audit,2026-07-24,https://lda.gov/filings/public/filing/c0ef65c0-edd0-4a96-8100-3e04e30539cd/print/,official LDA API filing row matched by exact normalized client name to the reviewed canonical actor; usable as treated visible-lobbying pre/post source surface only; stable cross-source LDA client-ID promotion and comparison-group design remain unresolved
cand-2baa779c041d,AMERICAN AMBULANCE ASSOCIATION,12,https://lda.gov/api/v1/clients/159870/,c0ef65c0-edd0-4a96-8100-3e04e30539cd,2008,third_quarter,Q3,https://lda.gov/filings/public/filing/c0ef65c0-edd0-4a96-8100-3e04e30539cd/print/,2008-10-09T08:00:23-04:00,AMERICAN AMBULANCE ASSOCIATION,AMERICAN AMBULANCE ASSOCIATION,lda-lbr,LBR,Labor Issues/Antitrust/Workplace,2008-07-01,2008-09-30,visible_lobbying,visible_lobbying_filing,1.0000,0.2000,Official LDA API,c0ef65c0-edd0-4a96-8100-3e04e30539cd|lda-lbr|3,treated_hloga_lda_client,hloga-2007-federal-lobbying-disclosure,filing_count; amount_millions,United States federal,0.8000,reviewed_exact_lda_client_name_source_row,exact-normalized-client-name-match-to-reviewed-canonical-actor,codex-source-audit,2026-07-24,https://lda.gov/filings/public/filing/c0ef65c0-edd0-4a96-8100-3e04e30539cd/print/,official LDA API filing row matched by exact normalized client name to the reviewed canonical actor; usable as treated visible-lobbying pre/post source surface only; stable cross-source LDA client-ID promotion and comparison-group design remain unresolved
cand-2baa779c041d,AMERICAN AMBULANCE ASSOCIATION,12,https://lda.gov/api/v1/clients/159870/,c0ef65c0-edd0-4a96-8100-3e04e30539cd,2008,third_quarter,Q3,https://lda.gov/filings/public/filing/c0ef65c0-edd0-4a96-8100-3e04e30539cd/print/,2008-10-09T08:00:23-04:00,AMERICAN AMBULANCE ASSOCIATION,AMERICAN AMBULANCE ASSOCIATION,lda-mmm,MMM,Medicare/Medicaid,2008-07-01,2008-09-30,visible_lobbying,visible_lobbying_filing,1.0000,0.2000,Official LDA API,c0ef65c0-edd0-4a96-8100-3e04e30539cd|lda-mmm|2,treated_hloga_lda_client,hloga-2007-federal-lobbying-disclosure,filing_count; amount_millions,United States federal,0.8000,reviewed_exact_lda_client_name_source_row,exact-normalized-client-name-match-to-reviewed-canonical-actor,codex-source-audit,2026-07-24,https://lda.gov/filings/public/filing/c0ef65c0-edd0-4a96-8100-3e04e30539cd/print/,official LDA API filing row matched by exact normalized client name to the reviewed canonical actor; usable as treated visible-lobbying pre/post source surface only; stable cross-source LDA client-ID promotion and comparison-group design remain unresolved
cand-2baa779c041d,AMERICAN AMBULANCE ASSOCIATION,12,https://lda.gov/api/v1/clients/159870/,c0ef65c0-edd0-4a96-8100-3e04e30539cd,2008,third_quarter,Q3,https://lda.gov/filings/public/filing/c0ef65c0-edd0-4a96-8100-3e04e30539cd/print/,2008-10-09T08:00:23-04:00,AMERICAN AMBULANCE ASSOCIATION,AMERICAN AMBULANCE ASSOCIATION,lda-tax,TAX,Taxation/Internal Revenue Code,2008-07-01,2008-09-30,visible_lobbying,visible_lobbying_filing,1.0000,0.2000,Official LDA API,c0ef65c0-edd0-4a96-8100-3e04e30539cd|lda-tax|1,treated_hloga_lda_client,hloga-2007-federal-lobbying-disclosure,filing_count; amount_millions,United States federal,0.8000,reviewed_exact_lda_client_name_source_row,exact-normalized-client-name-match-to-reviewed-canonical-actor,codex-source-audit,2026-07-24,https://lda.gov/filings/public/filing/c0ef65c0-edd0-4a96-8100-3e04e30539cd/print/,official LDA API filing row matched by exact normalized client name to the reviewed canonical actor; usable as treated visible-lobbying pre/post source surface only; stable cross-source LDA client-ID promotion and comparison-group design remain unresolved
cand-2baa779c041d,AMERICAN AMBULANCE ASSOCIATION,11295,https://lda.gov/api/v1/clients/136998/,1e33f7dc-e314-401e-8c0a-1bd0ada46e62,2008,fourth_quarter,Q4,https://lda.gov/filings/public/filing/1e33f7dc-e314-401e-8c0a-1bd0ada46e62/print/,2009-01-21T07:20:13-05:00,AMERICAN AMBULANCE ASSOCIATION,SQUIRE PATTON BOGGS,lda-hom,HOM,Homeland Security,2008-10-01,2008-12-31,visible_lobbying,visible_lobbying_filing,1.0000,0.0900,Official LDA API,1e33f7dc-e314-401e-8c0a-1bd0ada46e62|lda-hom|3,treated_hloga_lda_client,hloga-2007-federal-lobbying-disclosure,filing_count; amount_millions,United States federal,0.8000,reviewed_exact_lda_client_name_source_row,exact-normalized-client-name-match-to-reviewed-canonical-actor,codex-source-audit,2026-07-24,https://lda.gov/filings/public/filing/1e33f7dc-e314-401e-8c0a-1bd0ada46e62/print/,official LDA API filing row matched by exact normalized client name to the reviewed canonical actor; usable as treated visible-lobbying pre/post source surface only; stable cross-source LDA client-ID promotion and comparison-group design remain unresolved
cand-2baa779c041d,AMERICAN AMBULANCE ASSOCIATION,11295,https://lda.gov/api/v1/clients/136998/,1e33f7dc-e314-401e-8c0a-1bd0ada46e62,2008,fourth_quarter,Q4,https://lda.gov/filings/public/filing/1e33f7dc-e314-401e-8c0a-1bd0ada46e62/print/,2009-01-21T07:20:13-05:00,AMERICAN AMBULANCE ASSOCIATION,SQUIRE PATTON BOGGS,lda-mmm,MMM,Medicare/Medicaid,2008-10-01,2008-12-31,visible_lobbying,visible_lobbying_filing,1.0000,0.0900,Official LDA API,1e33f7dc-e314-401e-8c0a-1bd0ada46e62|lda-mmm|2,treated_hloga_lda_client,hloga-2007-federal-lobbying-disclosure,filing_count; amount_millions,United States federal,0.8000,reviewed_exact_lda_client_name_source_row,exact-normalized-client-name-match-to-reviewed-canonical-actor,codex-source-audit,2026-07-24,https://lda.gov/filings/public/filing/1e33f7dc-e314-401e-8c0a-1bd0ada46e62/print/,official LDA API filing row matched by exact normalized client name to the reviewed canonical actor; usable as treated visible-lobbying pre/post source surface only; stable cross-source LDA client-ID promotion and comparison-group design remain unresolved
cand-2baa779c041d,AMERICAN AMBULANCE ASSOCIATION,11295,https://lda.gov/api/v1/clients/136998/,1e33f7dc-e314-401e-8c0a-1bd0ada46e62,2008,fourth_quarter,Q4,https://lda.gov/filings/public/filing/1e33f7dc-e314-401e-8c0a-1bd0ada46e62/print/,2009-01-21T07:20:13-05:00,AMERICAN AMBULANCE ASSOCIATION,SQUIRE PATTON BOGGS,lda-tax,TAX,Taxation/Internal Revenue Code,2008-10-01,2008-12-31,visible_lobbying,visible_lobbying_filing,1.0000,0.0900,Official LDA API,1e33f7dc-e314-401e-8c0a-1bd0ada46e62|lda-tax|1,treated_hloga_lda_client,hloga-2007-federal-lobbying-disclosure,filing_count; amount_millions,United States federal,0.8000,reviewed_exact_lda_client_name_source_row,exact-normalized-client-name-match-to-reviewed-canonical-actor,codex-source-audit,2026-07-24,https://lda.gov/filings/public/filing/1e33f7dc-e314-401e-8c0a-1bd0ada46e62/print/,official LDA API filing row matched by exact normalized client name to the reviewed canonical actor; usable as treated visible-lobbying pre/post source surface only; stable cross-source LDA client-ID promotion and comparison-group design remain unresolved
cand-2baa779c041d,AMERICAN AMBULANCE ASSOCIATION,12,https://lda.gov/api/v1/clients/159870/,5cac2d1d-611c-449a-9db9-07abe37f25c2,2008,fourth_quarter,Q4,https://lda.gov/filings/public/filing/5cac2d1d-611c-449a-9db9-07abe37f25c2/print/,2009-01-16T15:24:47-05:00,AMERICAN AMBULANCE ASSOCIATION,AMERICAN AMBULANCE ASSOCIATION,lda-hom,HOM,Homeland Security,2008-10-01,2008-12-31,visible_lobbying,visible_lobbying_filing,1.0000,0.2000,Official LDA API,5cac2d1d-611c-449a-9db9-07abe37f25c2|lda-hom|2,treated_hloga_lda_client,hloga-2007-federal-lobbying-disclosure,filing_count; amount_millions,United States federal,0.8000,reviewed_exact_lda_client_name_source_row,exact-normalized-client-name-match-to-reviewed-canonical-actor,codex-source-audit,2026-07-24,https://lda.gov/filings/public/filing/5cac2d1d-611c-449a-9db9-07abe37f25c2/print/,official LDA API filing row matched by exact normalized client name to the reviewed canonical actor; usable as treated visible-lobbying pre/post source surface only; stable cross-source LDA client-ID promotion and comparison-group design remain unresolved
cand-2baa779c041d,AMERICAN AMBULANCE ASSOCIATION,12,https://lda.gov/api/v1/clients/159870/,5cac2d1d-611c-449a-9db9-07abe37f25c2,2008,fourth_quarter,Q4,https://lda.gov/filings/public/filing/5cac2d1d-611c-449a-9db9-07abe37f25c2/print/,2009-01-16T15:24:47-05:00,AMERICAN AMBULANCE ASSOCIATION,AMERICAN AMBULANCE ASSOCIATION,lda-lbr,LBR,Labor Issues/Antitrust/Workplace,2008-10-01,2008-12-31,visible_lobbying,visible_lobbying_filing,1.0000,0.2000,Official LDA API,5cac2d1d-611c-449a-9db9-07abe37f25c2|lda-lbr|4,treated_hloga_lda_client,hloga-2007-federal-lobbying-disclosure,filing_count; amount_millions,United States federal,0.8000,reviewed_exact_lda_client_name_source_row,exact-normalized-client-name-match-to-reviewed-canonical-actor,codex-source-audit,2026-07-24,https://lda.gov/filings/public/filing/5cac2d1d-611c-449a-9db9-07abe37f25c2/print/,official LDA API filing row matched by exact normalized client name to the reviewed canonical actor; usable as treated visible-lobbying pre/post source surface only; stable cross-source LDA client-ID promotion and comparison-group design remain unresolved
cand-2baa779c041d,AMERICAN AMBULANCE ASSOCIATION,12,https://lda.gov/api/v1/clients/159870/,5cac2d1d-611c-449a-9db9-07abe37f25c2,2008,fourth_quarter,Q4,https://lda.gov/filings/public/filing/5cac2d1d-611c-449a-9db9-07abe37f25c2/print/,2009-01-16T15:24:47-05:00,AMERICAN AMBULANCE ASSOCIATION,AMERICAN AMBULANCE ASSOCIATION,lda-mmm,MMM,Medicare/Medicaid,2008-10-01,2008-12-31,visible_lobbying,visible_lobbying_filing,1.0000,0.2000,Official LDA API,5cac2d1d-611c-449a-9db9-07abe37f25c2|lda-mmm|1,treated_hloga_lda_client,hloga-2007-federal-lobbying-disclosure,filing_count; amount_millions,United States federal,0.8000,reviewed_exact_lda_client_name_source_row,exact-normalized-client-name-match-to-reviewed-canonical-actor,codex-source-audit,2026-07-24,https://lda.gov/filings/public/filing/5cac2d1d-611c-449a-9db9-07abe37f25c2/print/,official LDA API filing row matched by exact normalized client name to the reviewed canonical actor; usable as treated visible-lobbying pre/post source surface only; stable cross-source LDA client-ID promotion and comparison-group design remain unresolved
cand-2baa779c041d,AMERICAN AMBULANCE ASSOCIATION,12,https://lda.gov/api/v1/clients/159870/,5cac2d1d-611c-449a-9db9-07abe37f25c2,2008,fourth_quarter,Q4,https://lda.gov/filings/public/filing/5cac2d1d-611c-449a-9db9-07abe37f25c2/print/,2009-01-16T15:24:47-05:00,AMERICAN AMBULANCE ASSOCIATION,AMERICAN AMBULANCE ASSOCIATION,lda-tax,TAX,Taxation/Internal Revenue Code,2008-10-01,2008-12-31,visible_lobbying,visible_lobbying_filing,1.0000,0.2000,Official LDA API,5cac2d1d-611c-449a-9db9-07abe37f25c2|lda-tax|3,treated_hloga_lda_client,hloga-2007-federal-lobbying-disclosure,filing_count; amount_millions,United States federal,0.8000,reviewed_exact_lda_client_name_source_row,exact-normalized-client-name-match-to-reviewed-canonical-actor,codex-source-audit,2026-07-24,https://lda.gov/filings/public/filing/5cac2d1d-611c-449a-9db9-07abe37f25c2/print/,official LDA API filing row matched by exact normalized client name to the reviewed canonical actor; usable as treated visible-lobbying pre/post source surface only; stable cross-source LDA client-ID promotion and comparison-group design remain unresolved
cand-372cc95f9387,AMERICAN PUBLIC GAS ASSOCIATION,3262,https://lda.gov/api/v1/clients/102310/,28145cd1-a9d1-4857-b5e0-a3fb29a4cdc7,2007,mid_year,MM,https://lda.gov/filings/public/filing/28145cd1-a9d1-4857-b5e0-a3fb29a4cdc7/print/,2007-08-06T16:40:45-04:00,AMERICAN PUBLIC GAS ASSOCIATION,ALSTON & BIRD LLP,lda-eng,ENG,Energy/Nuclear,2007-01-01,2007-06-30,visible_lobbying,visible_lobbying_filing,1.0000,0.0400,Official LDA API,28145cd1-a9d1-4857-b5e0-a3fb29a4cdc7|lda-eng|1,treated_hloga_lda_client,hloga-2007-federal-lobbying-disclosure,filing_count; amount_millions,United States federal,0.8000,reviewed_exact_lda_client_name_source_row,exact-normalized-client-name-match-to-reviewed-canonical-actor,codex-source-audit,2026-07-24,https://lda.gov/filings/public/filing/28145cd1-a9d1-4857-b5e0-a3fb29a4cdc7/print/,official LDA API filing row matched by exact normalized client name to the reviewed canonical actor; usable as treated visible-lobbying pre/post source surface only; stable cross-source LDA client-ID promotion and comparison-group design remain unresolved
cand-372cc95f9387,AMERICAN PUBLIC GAS ASSOCIATION,12,https://lda.gov/api/v1/clients/167305/,414dcc36-cd58-419e-a8e5-e2387d444783,2007,mid_year,MM,https://lda.gov/filings/public/filing/414dcc36-cd58-419e-a8e5-e2387d444783/print/,2007-08-07T00:00:00-04:00,AMERICAN PUBLIC GAS ASSOCIATION,THE AMERICAN PUBLIC GAS ASSOCIATION,lda-fue,FUE,Fuel/Gas/Oil,2007-01-01,2007-06-30,visible_lobbying,visible_lobbying_filing,1.0000,0.0200,Official LDA API,414dcc36-cd58-419e-a8e5-e2387d444783|lda-fue|1,treated_hloga_lda_client,hloga-2007-federal-lobbying-disclosure,filing_count; amount_millions,United States federal,0.8000,reviewed_exact_lda_client_name_source_row,exact-normalized-client-name-match-to-reviewed-canonical-actor,codex-source-audit,2026-07-24,https://lda.gov/filings/public/filing/414dcc36-cd58-419e-a8e5-e2387d444783/print/,official LDA API filing row matched by exact normalized client name to the reviewed canonical actor; usable as treated visible-lobbying pre/post source surface only; stable cross-source LDA client-ID promotion and comparison-group design remain unresolved
cand-372cc95f9387,AMERICAN PUBLIC GAS ASSOCIATION,3262,https://lda.gov/api/v1/clients/102310/,f200a51d-8c9c-4a10-abec-897f12f26dd6,2007,mid_year,RR,https://lda.gov/filings/public/filing/f200a51d-8c9c-4a10-abec-897f12f26dd6/print/,2007-01-11T00:00:00-05:00,AMERICAN PUBLIC GAS ASSOCIATION,ALSTON & BIRD LLP,lda-eng,ENG,Energy/Nuclear,2007-01-01,2007-06-30,visible_lobbying,visible_lobbying_filing,1.0000,0.0000,Official LDA API,f200a51d-8c9c-4a10-abec-897f12f26dd6|lda-eng|1,treated_hloga_lda_client,hloga-2007-federal-lobbying-disclosure,filing_count; amount_millions,United States federal,0.8000,reviewed_exact_lda_client_name_source_row,exact-normalized-client-name-match-to-reviewed-canonical-actor,codex-source-audit,2026-07-24,https://lda.gov/filings/public/filing/f200a51d-8c9c-4a10-abec-897f12f26dd6/print/,official LDA API filing row matched by exact normalized client name to the reviewed canonical actor; usable as treated visible-lobbying pre/post source surface only; stable cross-source LDA client-ID promotion and comparison-group design remain unresolved
cand-372cc95f9387,AMERICAN PUBLIC GAS ASSOCIATION,3262,https://lda.gov/api/v1/clients/102310/,f200a51d-8c9c-4a10-abec-897f12f26dd6,2007,mid_year,RR,https://lda.gov/filings/public/filing/f200a51d-8c9c-4a10-abec-897f12f26dd6/print/,2007-01-11T00:00:00-05:00,AMERICAN PUBLIC GAS ASSOCIATION,ALSTON & BIRD LLP,lda-nat,NAT,Natural Resources,2007-01-01,2007-06-30,visible_lobbying,visible_lobbying_filing,1.0000,0.0000,Official LDA API,f200a51d-8c9c-4a10-abec-897f12f26dd6|lda-nat|2,treated_hloga_lda_client,hloga-2007-federal-lobbying-disclosure,filing_count; amount_millions,United States federal,0.8000,reviewed_exact_lda_client_name_source_row,exact-normalized-client-name-match-to-reviewed-canonical-actor,codex-source-audit,2026-07-24,https://lda.gov/filings/public/filing/f200a51d-8c9c-4a10-abec-897f12f26dd6/print/,official LDA API filing row matched by exact normalized client name to the reviewed canonical actor; usable as treated visible-lobbying pre/post source surface only; stable cross-source LDA client-ID promotion and comparison-group design remain unresolved
cand-372cc95f9387,AMERICAN PUBLIC GAS ASSOCIATION,12,https://lda.gov/api/v1/clients/167305/,5c742088-c65d-4247-925b-2ea04f84dd0d,2007,year_end,YY,https://lda.gov/filings/public/filing/5c742088-c65d-4247-925b-2ea04f84dd0d/print/,2008-02-06T14:41:33.870000-05:00,AMERICAN PUBLIC GAS ASSOCIATION,THE AMERICAN PUBLIC GAS ASSOCIATION,lda-fin,FIN,Financial Institutions/Investments/Securities,2007-07-01,2007-12-31,visible_lobbying,visible_lobbying_filing,1.0000,0.0400,Official LDA API,5c742088-c65d-4247-925b-2ea04f84dd0d|lda-fin|1,treated_hloga_lda_client,hloga-2007-federal-lobbying-disclosure,filing_count; amount_millions,United States federal,0.8000,reviewed_exact_lda_client_name_source_row,exact-normalized-client-name-match-to-reviewed-canonical-actor,codex-source-audit,2026-07-24,https://lda.gov/filings/public/filing/5c742088-c65d-4247-925b-2ea04f84dd0d/print/,official LDA API filing row matched by exact normalized client name to the reviewed canonical actor; usable as treated visible-lobbying pre/post source surface only; stable cross-source LDA client-ID promotion and comparison-group design remain unresolved
cand-372cc95f9387,AMERICAN PUBLIC GAS ASSOCIATION,12,https://lda.gov/api/v1/clients/167305/,5c742088-c65d-4247-925b-2ea04f84dd0d,2007,year_end,YY,https://lda.gov/filings/public/filing/5c742088-c65d-4247-925b-2ea04f84dd0d/print/,2008-02-06T14:41:33.870000-05:00,AMERICAN PUBLIC GAS ASSOCIATION,THE AMERICAN PUBLIC GAS ASSOCIATION,lda-fue,FUE,Fuel/Gas/Oil,2007-07-01,2007-12-31,visible_lobbying,visible_lobbying_filing,1.0000,0.0400,Official LDA API,5c742088-c65d-4247-925b-2ea04f84dd0d|lda-fue|2,treated_hloga_lda_client,hloga-2007-federal-lobbying-disclosure,filing_count; amount_millions,United States federal,0.8000,reviewed_exact_lda_client_name_source_row,exact-normalized-client-name-match-to-reviewed-canonical-actor,codex-source-audit,2026-07-24,https://lda.gov/filings/public/filing/5c742088-c65d-4247-925b-2ea04f84dd0d/print/,official LDA API filing row matched by exact normalized client name to the reviewed canonical actor; usable as treated visible-lobbying pre/post source surface only; stable cross-source LDA client-ID promotion and comparison-group design remain unresolved
cand-372cc95f9387,AMERICAN PUBLIC GAS ASSOCIATION,3262,https://lda.gov/api/v1/clients/102310/,b732d451-3b4e-47bf-b3f8-e9c75c6d7783,2007,year_end,YY,https://lda.gov/filings/public/filing/b732d451-3b4e-47bf-b3f8-e9c75c6d7783/print/,2008-02-08T13:52:01.260000-05:00,AMERICAN PUBLIC GAS ASSOCIATION,ALSTON & BIRD LLP,lda-eng,ENG,Energy/Nuclear,2007-07-01,2007-12-31,visible_lobbying,visible_lobbying_filing,1.0000,0.0400,Official LDA API,b732d451-3b4e-47bf-b3f8-e9c75c6d7783|lda-eng|1,treated_hloga_lda_client,hloga-2007-federal-lobbying-disclosure,filing_count; amount_millions,United States federal,0.8000,reviewed_exact_lda_client_name_source_row,exact-normalized-client-name-match-to-reviewed-canonical-actor,codex-source-audit,2026-07-24,https://lda.gov/filings/public/filing/b732d451-3b4e-47bf-b3f8-e9c75c6d7783/print/,official LDA API filing row matched by exact normalized client name to the reviewed canonical actor; usable as treated visible-lobbying pre/post source surface only; stable cross-source LDA client-ID promotion and comparison-group design remain unresolved
cand-372cc95f9387,AMERICAN PUBLIC GAS ASSOCIATION,12,https://lda.gov/api/v1/clients/167305/,52179605-54cc-4c8c-bd50-3e0e8f29829f,2008,first_quarter,Q1,https://lda.gov/filings/public/filing/52179605-54cc-4c8c-bd50-3e0e8f29829f/print/,2008-04-15T13:38:46-04:00,AMERICAN PUBLIC GAS ASSOCIATION,THE AMERICAN PUBLIC GAS ASSOCIATION,lda-fin,FIN,Financial Institutions/Investments/Securities,2008-01-01,2008-03-31,visible_lobbying,visible_lobbying_filing,1.0000,0.0200,Official LDA API,52179605-54cc-4c8c-bd50-3e0e8f29829f|lda-fin|1,treated_hloga_lda_client,hloga-2007-federal-lobbying-disclosure,filing_count; amount_millions,United States federal,0.8000,reviewed_exact_lda_client_name_source_row,exact-normalized-client-name-match-to-reviewed-canonical-actor,codex-source-audit,2026-07-24,https://lda.gov/filings/public/filing/52179605-54cc-4c8c-bd50-3e0e8f29829f/print/,official LDA API filing row matched by exact normalized client name to the reviewed canonical actor; usable as treated visible-lobbying pre/post source surface only; stable cross-source LDA client-ID promotion and comparison-group design remain unresolved
cand-372cc95f9387,AMERICAN PUBLIC GAS ASSOCIATION,12,https://lda.gov/api/v1/clients/167305/,52179605-54cc-4c8c-bd50-3e0e8f29829f,2008,first_quarter,Q1,https://lda.gov/filings/public/filing/52179605-54cc-4c8c-bd50-3e0e8f29829f/print/,2008-04-15T13:38:46-04:00,AMERICAN PUBLIC GAS ASSOCIATION,THE AMERICAN PUBLIC GAS ASSOCIATION,lda-fue,FUE,Fuel/Gas/Oil,2008-01-01,2008-03-31,visible_lobbying,visible_lobbying_filing,1.0000,0.0200,Official LDA API,52179605-54cc-4c8c-bd50-3e0e8f29829f|lda-fue|2,treated_hloga_lda_client,hloga-2007-federal-lobbying-disclosure,filing_count; amount_millions,United States federal,0.8000,reviewed_exact_lda_client_name_source_row,exact-normalized-client-name-match-to-reviewed-canonical-actor,codex-source-audit,2026-07-24,https://lda.gov/filings/public/filing/52179605-54cc-4c8c-bd50-3e0e8f29829f/print/,official LDA API filing row matched by exact normalized client name to the reviewed canonical actor; usable as treated visible-lobbying pre/post source surface only; stable cross-source LDA client-ID promotion and comparison-group design remain unresolved
cand-372cc95f9387,AMERICAN PUBLIC GAS ASSOCIATION,3262,https://lda.gov/api/v1/clients/102310/,727378e9-832b-4166-a15c-b5cb99ac1745,2008,first_quarter,Q1Y,https://lda.gov/filings/public/filing/727378e9-832b-4166-a15c-b5cb99ac1745/print/,2008-04-21T11:48:29-04:00,AMERICAN PUBLIC GAS ASSOCIATION,ALSTON & BIRD LLP,lda-uns,UNS,Unspecified,2008-01-01,2008-03-31,visible_lobbying,visible_lobbying_filing,1.0000,0.0000,Official LDA API,727378e9-832b-4166-a15c-b5cb99ac1745|lda-uns|1,treated_hloga_lda_client,hloga-2007-federal-lobbying-disclosure,filing_count; amount_millions,United States federal,0.8000,reviewed_exact_lda_client_name_source_row,exact-normalized-client-name-match-to-reviewed-canonical-actor,codex-source-audit,2026-07-24,https://lda.gov/filings/public/filing/727378e9-832b-4166-a15c-b5cb99ac1745/print/,official LDA API filing row matched by exact normalized client name to the reviewed canonical actor; usable as treated visible-lobbying pre/post source surface only; stable cross-source LDA client-ID promotion and comparison-group design remain unresolved
cand-372cc95f9387,AMERICAN PUBLIC GAS ASSOCIATION,12,https://lda.gov/api/v1/clients/167305/,810962fe-5fe4-47b3-8cea-3e822d961a29,2008,second_quarter,Q2,https://lda.gov/filings/public/filing/810962fe-5fe4-47b3-8cea-3e822d961a29/print/,2008-07-17T17:16:27-04:00,AMERICAN PUBLIC GAS ASSOCIATION,THE AMERICAN PUBLIC GAS ASSOCIATION,lda-env,ENV,Environment/Superfund,2008-04-01,2008-06-30,visible_lobbying,visible_lobbying_filing,1.0000,0.0400,Official LDA API,810962fe-5fe4-47b3-8cea-3e822d961a29|lda-env|2,treated_hloga_lda_client,hloga-2007-federal-lobbying-disclosure,filing_count; amount_millions,United States federal,0.8000,reviewed_exact_lda_client_name_source_row,exact-normalized-client-name-match-to-reviewed-canonical-actor,codex-source-audit,2026-07-24,https://lda.gov/filings/public/filing/810962fe-5fe4-47b3-8cea-3e822d961a29/print/,official LDA API filing row matched by exact normalized client name to the reviewed canonical actor; usable as treated visible-lobbying pre/post source surface only; stable cross-source LDA client-ID promotion and comparison-group design remain unresolved
cand-372cc95f9387,AMERICAN PUBLIC GAS ASSOCIATION,12,https://lda.gov/api/v1/clients/167305/,810962fe-5fe4-47b3-8cea-3e822d961a29,2008,second_quarter,Q2,https://lda.gov/filings/public/filing/810962fe-5fe4-47b3-8cea-3e822d961a29/print/,2008-07-17T17:16:27-04:00,AMERICAN PUBLIC GAS ASSOCIATION,THE AMERICAN PUBLIC GAS ASSOCIATION,lda-fin,FIN,Financial Institutions/Investments/Securities,2008-04-01,2008-06-30,visible_lobbying,visible_lobbying_filing,1.0000,0.0400,Official LDA API,810962fe-5fe4-47b3-8cea-3e822d961a29|lda-fin|1,treated_hloga_lda_client,hloga-2007-federal-lobbying-disclosure,filing_count; amount_millions,United States federal,0.8000,reviewed_exact_lda_client_name_source_row,exact-normalized-client-name-match-to-reviewed-canonical-actor,codex-source-audit,2026-07-24,https://lda.gov/filings/public/filing/810962fe-5fe4-47b3-8cea-3e822d961a29/print/,official LDA API filing row matched by exact normalized client name to the reviewed canonical actor; usable as treated visible-lobbying pre/post source surface only; stable cross-source LDA client-ID promotion and comparison-group design remain unresolved
cand-372cc95f9387,AMERICAN PUBLIC GAS ASSOCIATION,12,https://lda.gov/api/v1/clients/167305/,810962fe-5fe4-47b3-8cea-3e822d961a29,2008,second_quarter,Q2,https://lda.gov/filings/public/filing/810962fe-5fe4-47b3-8cea-3e822d961a29/print/,2008-07-17T17:16:27-04:00,AMERICAN PUBLIC GAS ASSOCIATION,THE AMERICAN PUBLIC GAS ASSOCIATION,lda-fue,FUE,Fuel/Gas/Oil,2008-04-01,2008-06-30,visible_lobbying,visible_lobbying_filing,1.0000,0.0400,Official LDA API,810962fe-5fe4-47b3-8cea-3e822d961a29|lda-fue|3,treated_hloga_lda_client,hloga-2007-federal-lobbying-disclosure,filing_count; amount_millions,United States federal,0.8000,reviewed_exact_lda_client_name_source_row,exact-normalized-client-name-match-to-reviewed-canonical-actor,codex-source-audit,2026-07-24,https://lda.gov/filings/public/filing/810962fe-5fe4-47b3-8cea-3e822d961a29/print/,official LDA API filing row matched by exact normalized client name to the reviewed canonical actor; usable as treated visible-lobbying pre/post source surface only; stable cross-source LDA client-ID promotion and comparison-group design remain unresolved
cand-372cc95f9387,AMERICAN PUBLIC GAS ASSOCIATION,3262,https://lda.gov/api/v1/clients/102310/,b06808d1-7bfe-4157-a1d6-accc60482574,2008,second_quarter,Q2,https://lda.gov/filings/public/filing/b06808d1-7bfe-4157-a1d6-accc60482574/print/,2008-07-21T16:46:25-04:00,AMERICAN PUBLIC GAS ASSOCIATION,ALSTON & BIRD LLP,lda-eng,ENG,Energy/Nuclear,2008-04-01,2008-06-30,visible_lobbying,visible_lobbying_filing,1.0000,0.0100,Official LDA API,b06808d1-7bfe-4157-a1d6-accc60482574|lda-eng|1,treated_hloga_lda_client,hloga-2007-federal-lobbying-disclosure,filing_count; amount_millions,United States federal,0.8000,reviewed_exact_lda_client_name_source_row,exact-normalized-client-name-match-to-reviewed-canonical-actor,codex-source-audit,2026-07-24,https://lda.gov/filings/public/filing/b06808d1-7bfe-4157-a1d6-accc60482574/print/,official LDA API filing row matched by exact normalized client name to the reviewed canonical actor; usable as treated visible-lobbying pre/post source surface only; stable cross-source LDA client-ID promotion and comparison-group design remain unresolved
cand-372cc95f9387,AMERICAN PUBLIC GAS ASSOCIATION,3262,https://lda.gov/api/v1/clients/102310/,0059d5b4-2ab6-4d9f-97b5-30fe7d9e1d21,2008,third_quarter,Q3,https://lda.gov/filings/public/filing/0059d5b4-2ab6-4d9f-97b5-30fe7d9e1d21/print/,2008-10-20T15:35:25-04:00,AMERICAN PUBLIC GAS ASSOCIATION,ALSTON & BIRD LLP,lda-eng,ENG,Energy/Nuclear,2008-07-01,2008-09-30,visible_lobbying,visible_lobbying_filing,1.0000,0.0100,Official LDA API,0059d5b4-2ab6-4d9f-97b5-30fe7d9e1d21|lda-eng|1,treated_hloga_lda_client,hloga-2007-federal-lobbying-disclosure,filing_count; amount_millions,United States federal,0.8000,reviewed_exact_lda_client_name_source_row,exact-normalized-client-name-match-to-reviewed-canonical-actor,codex-source-audit,2026-07-24,https://lda.gov/filings/public/filing/0059d5b4-2ab6-4d9f-97b5-30fe7d9e1d21/print/,official LDA API filing row matched by exact normalized client name to the reviewed canonical actor; usable as treated visible-lobbying pre/post source surface only; stable cross-source LDA client-ID promotion and comparison-group design remain unresolved
cand-372cc95f9387,AMERICAN PUBLIC GAS ASSOCIATION,12,https://lda.gov/api/v1/clients/167305/,a2f07ff3-5b62-45a2-a2a7-070cbeab48a4,2008,third_quarter,Q3,https://lda.gov/filings/public/filing/a2f07ff3-5b62-45a2-a2a7-070cbeab48a4/print/,2008-10-20T15:27:30-04:00,AMERICAN PUBLIC GAS ASSOCIATION,THE AMERICAN PUBLIC GAS ASSOCIATION,lda-env,ENV,Environment/Superfund,2008-07-01,2008-09-30,visible_lobbying,visible_lobbying_filing,1.0000,0.0200,Official LDA API,a2f07ff3-5b62-45a2-a2a7-070cbeab48a4|lda-env|2,treated_hloga_lda_client,hloga-2007-federal-lobbying-disclosure,filing_count; amount_millions,United States federal,0.8000,reviewed_exact_lda_client_name_source_row,exact-normalized-client-name-match-to-reviewed-canonical-actor,codex-source-audit,2026-07-24,https://lda.gov/filings/public/filing/a2f07ff3-5b62-45a2-a2a7-070cbeab48a4/print/,official LDA API filing row matched by exact normalized client name to the reviewed canonical actor; usable as treated visible-lobbying pre/post source surface only; stable cross-source LDA client-ID promotion and comparison-group design remain unresolved
cand-372cc95f9387,AMERICAN PUBLIC GAS ASSOCIATION,12,https://lda.gov/api/v1/clients/167305/,a2f07ff3-5b62-45a2-a2a7-070cbeab48a4,2008,third_quarter,Q3,https://lda.gov/filings/public/filing/a2f07ff3-5b62-45a2-a2a7-070cbeab48a4/print/,2008-10-20T15:27:30-04:00,AMERICAN PUBLIC GAS ASSOCIATION,THE AMERICAN PUBLIC GAS ASSOCIATION,lda-fin,FIN,Financial Institutions/Investments/Securities,2008-07-01,2008-09-30,visible_lobbying,visible_lobbying_filing,1.0000,0.0200,Official LDA API,a2f07ff3-5b62-45a2-a2a7-070cbeab48a4|lda-fin|3,treated_hloga_lda_client,hloga-2007-federal-lobbying-disclosure,filing_count; amount_millions,United States federal,0.8000,reviewed_exact_lda_client_name_source_row,exact-normalized-client-name-match-to-reviewed-canonical-actor,codex-source-audit,2026-07-24,https://lda.gov/filings/public/filing/a2f07ff3-5b62-45a2-a2a7-070cbeab48a4/print/,official LDA API filing row matched by exact normalized client name to the reviewed canonical actor; usable as treated visible-lobbying pre/post source surface only; stable cross-source LDA client-ID promotion and comparison-group design remain unresolved
cand-372cc95f9387,AMERICAN PUBLIC GAS ASSOCIATION,12,https://lda.gov/api/v1/clients/167305/,a2f07ff3-5b62-45a2-a2a7-070cbeab48a4,2008,third_quarter,Q3,https://lda.gov/filings/public/filing/a2f07ff3-5b62-45a2-a2a7-070cbeab48a4/print/,2008-10-20T15:27:30-04:00,AMERICAN PUBLIC GAS ASSOCIATION,THE AMERICAN PUBLIC GAS ASSOCIATION,lda-fue,FUE,Fuel/Gas/Oil,2008-07-01,2008-09-30,visible_lobbying,visible_lobbying_filing,1.0000,0.0200,Official LDA API,a2f07ff3-5b62-45a2-a2a7-070cbeab48a4|lda-fue|1,treated_hloga_lda_client,hloga-2007-federal-lobbying-disclosure,filing_count; amount_millions,United States federal,0.8000,reviewed_exact_lda_client_name_source_row,exact-normalized-client-name-match-to-reviewed-canonical-actor,codex-source-audit,2026-07-24,https://lda.gov/filings/public/filing/a2f07ff3-5b62-45a2-a2a7-070cbeab48a4/print/,official LDA API filing row matched by exact normalized client name to the reviewed canonical actor; usable as treated visible-lobbying pre/post source surface only; stable cross-source LDA client-ID promotion and comparison-group design remain unresolved
cand-372cc95f9387,AMERICAN PUBLIC GAS ASSOCIATION,12,https://lda.gov/api/v1/clients/167305/,016d38d6-def3-4035-ba77-330dc398c5f2,2008,fourth_quarter,Q4,https://lda.gov/filings/public/filing/016d38d6-def3-4035-ba77-330dc398c5f2/print/,2009-01-14T14:58:05-05:00,AMERICAN PUBLIC GAS ASSOCIATION,THE AMERICAN PUBLIC GAS ASSOCIATION,lda-env,ENV,Environment/Superfund,2008-10-01,2008-12-31,visible_lobbying,visible_lobbying_filing,1.0000,0.0150,Official LDA API,016d38d6-def3-4035-ba77-330dc398c5f2|lda-env|3,treated_hloga_lda_client,hloga-2007-federal-lobbying-disclosure,filing_count; amount_millions,United States federal,0.8000,reviewed_exact_lda_client_name_source_row,exact-normalized-client-name-match-to-reviewed-canonical-actor,codex-source-audit,2026-07-24,https://lda.gov/filings/public/filing/016d38d6-def3-4035-ba77-330dc398c5f2/print/,official LDA API filing row matched by exact normalized client name to the reviewed canonical actor; usable as treated visible-lobbying pre/post source surface only; stable cross-source LDA client-ID promotion and comparison-group design remain unresolved
cand-372cc95f9387,AMERICAN PUBLIC GAS ASSOCIATION,12,https://lda.gov/api/v1/clients/167305/,016d38d6-def3-4035-ba77-330dc398c5f2,2008,fourth_quarter,Q4,https://lda.gov/filings/public/filing/016d38d6-def3-4035-ba77-330dc398c5f2/print/,2009-01-14T14:58:05-05:00,AMERICAN PUBLIC GAS ASSOCIATION,THE AMERICAN PUBLIC GAS ASSOCIATION,lda-fin,FIN,Financial Institutions/Investments/Securities,2008-10-01,2008-12-31,visible_lobbying,visible_lobbying_filing,1.0000,0.0150,Official LDA API,016d38d6-def3-4035-ba77-330dc398c5f2|lda-fin|2,treated_hloga_lda_client,hloga-2007-federal-lobbying-disclosure,filing_count; amount_millions,United States federal,0.8000,reviewed_exact_lda_client_name_source_row,exact-normalized-client-name-match-to-reviewed-canonical-actor,codex-source-audit,2026-07-24,https://lda.gov/filings/public/filing/016d38d6-def3-4035-ba77-330dc398c5f2/print/,official LDA API filing row matched by exact normalized client name to the reviewed canonical actor; usable as treated visible-lobbying pre/post source surface only; stable cross-source LDA client-ID promotion and comparison-group design remain unresolved
cand-372cc95f9387,AMERICAN PUBLIC GAS ASSOCIATION,12,https://lda.gov/api/v1/clients/167305/,016d38d6-def3-4035-ba77-330dc398c5f2,2008,fourth_quarter,Q4,https://lda.gov/filings/public/filing/016d38d6-def3-4035-ba77-330dc398c5f2/print/,2009-01-14T14:58:05-05:00,AMERICAN PUBLIC GAS ASSOCIATION,THE AMERICAN PUBLIC GAS ASSOCIATION,lda-fue,FUE,Fuel/Gas/Oil,2008-10-01,2008-12-31,visible_lobbying,visible_lobbying_filing,1.0000,0.0150,Official LDA API,016d38d6-def3-4035-ba77-330dc398c5f2|lda-fue|1,treated_hloga_lda_client,hloga-2007-federal-lobbying-disclosure,filing_count; amount_millions,United States federal,0.8000,reviewed_exact_lda_client_name_source_row,exact-normalized-client-name-match-to-reviewed-canonical-actor,codex-source-audit,2026-07-24,https://lda.gov/filings/public/filing/016d38d6-def3-4035-ba77-330dc398c5f2/print/,official LDA API filing row matched by exact normalized client name to the reviewed canonical actor; usable as treated visible-lobbying pre/post source surface only; stable cross-source LDA client-ID promotion and comparison-group design remain unresolved
cand-372cc95f9387,AMERICAN PUBLIC GAS ASSOCIATION,3262,https://lda.gov/api/v1/clients/102310/,2d458866-9560-449d-b1a5-2a6a4c5d73b7,2008,fourth_quarter,Q4,https://lda.gov/filings/public/filing/2d458866-9560-449d-b1a5-2a6a4c5d73b7/print/,2009-01-21T18:49:04-05:00,AMERICAN PUBLIC GAS ASSOCIATION,ALSTON & BIRD LLP,lda-eng,ENG,Energy/Nuclear,2008-10-01,2008-12-31,visible_lobbying,visible_lobbying_filing,1.0000,0.0100,Official LDA API,2d458866-9560-449d-b1a5-2a6a4c5d73b7|lda-eng|1,treated_hloga_lda_client,hloga-2007-federal-lobbying-disclosure,filing_count; amount_millions,United States federal,0.8000,reviewed_exact_lda_client_name_source_row,exact-normalized-client-name-match-to-reviewed-canonical-actor,codex-source-audit,2026-07-24,https://lda.gov/filings/public/filing/2d458866-9560-449d-b1a5-2a6a4c5d73b7/print/,official LDA API filing row matched by exact normalized client name to the reviewed canonical actor; usable as treated visible-lobbying pre/post source surface only; stable cross-source LDA client-ID promotion and comparison-group design remain unresolved
cand-372cc95f9387,AMERICAN PUBLIC GAS ASSOCIATION,12,https://lda.gov/api/v1/clients/167305/,41dbf8a1-f626-4a1a-9da4-dd9c06b39b4d,2008,fourth_quarter,4A,https://lda.gov/filings/public/filing/41dbf8a1-f626-4a1a-9da4-dd9c06b39b4d/print/,2009-02-27T14:21:39-05:00,AMERICAN PUBLIC GAS ASSOCIATION,THE AMERICAN PUBLIC GAS ASSOCIATION,lda-env,ENV,Environment/Superfund,2008-10-01,2008-12-31,visible_lobbying,visible_lobbying_filing,1.0000,0.0150,Official LDA API,41dbf8a1-f626-4a1a-9da4-dd9c06b39b4d|lda-env|2,treated_hloga_lda_client,hloga-2007-federal-lobbying-disclosure,filing_count; amount_millions,United States federal,0.8000,reviewed_exact_lda_client_name_source_row,exact-normalized-client-name-match-to-reviewed-canonical-actor,codex-source-audit,2026-07-24,https://lda.gov/filings/public/filing/41dbf8a1-f626-4a1a-9da4-dd9c06b39b4d/print/,official LDA API filing row matched by exact normalized client name to the reviewed canonical actor; usable as treated visible-lobbying pre/post source surface only; stable cross-source LDA client-ID promotion and comparison-group design remain unresolved
cand-372cc95f9387,AMERICAN PUBLIC GAS ASSOCIATION,12,https://lda.gov/api/v1/clients/167305/,41dbf8a1-f626-4a1a-9da4-dd9c06b39b4d,2008,fourth_quarter,4A,https://lda.gov/filings/public/filing/41dbf8a1-f626-4a1a-9da4-dd9c06b39b4d/print/,2009-02-27T14:21:39-05:00,AMERICAN PUBLIC GAS ASSOCIATION,THE AMERICAN PUBLIC GAS ASSOCIATION,lda-fin,FIN,Financial Institutions/Investments/Securities,2008-10-01,2008-12-31,visible_lobbying,visible_lobbying_filing,1.0000,0.0150,Official LDA API,41dbf8a1-f626-4a1a-9da4-dd9c06b39b4d|lda-fin|1,treated_hloga_lda_client,hloga-2007-federal-lobbying-disclosure,filing_count; amount_millions,United States federal,0.8000,reviewed_exact_lda_client_name_source_row,exact-normalized-client-name-match-to-reviewed-canonical-actor,codex-source-audit,2026-07-24,https://lda.gov/filings/public/filing/41dbf8a1-f626-4a1a-9da4-dd9c06b39b4d/print/,official LDA API filing row matched by exact normalized client name to the reviewed canonical actor; usable as treated visible-lobbying pre/post source surface only; stable cross-source LDA client-ID promotion and comparison-group design remain unresolved
cand-372cc95f9387,AMERICAN PUBLIC GAS ASSOCIATION,12,https://lda.gov/api/v1/clients/167305/,41dbf8a1-f626-4a1a-9da4-dd9c06b39b4d,2008,fourth_quarter,4A,https://lda.gov/filings/public/filing/41dbf8a1-f626-4a1a-9da4-dd9c06b39b4d/print/,2009-02-27T14:21:39-05:00,AMERICAN PUBLIC GAS ASSOCIATION,THE AMERICAN PUBLIC GAS ASSOCIATION,lda-fue,FUE,Fuel/Gas/Oil,2008-10-01,2008-12-31,visible_lobbying,visible_lobbying_filing,1.0000,0.0150,Official LDA API,41dbf8a1-f626-4a1a-9da4-dd9c06b39b4d|lda-fue|3,treated_hloga_lda_client,hloga-2007-federal-lobbying-disclosure,filing_count; amount_millions,United States federal,0.8000,reviewed_exact_lda_client_name_source_row,exact-normalized-client-name-match-to-reviewed-canonical-actor,codex-source-audit,2026-07-24,https://lda.gov/filings/public/filing/41dbf8a1-f626-4a1a-9da4-dd9c06b39b4d/print/,official LDA API filing row matched by exact normalized client name to the reviewed canonical actor; usable as treated visible-lobbying pre/post source surface only; stable cross-source LDA client-ID promotion and comparison-group design remain unresolved
cand-5d1da86118e5,AMERICAN BENEFITS COUNCIL,1001245,https://lda.gov/api/v1/clients/116558/,3f8079dc-3161-4ee6-b1c4-d7df216be1f5,2007,mid_year,RR,https://lda.gov/filings/public/filing/3f8079dc-3161-4ee6-b1c4-d7df216be1f5/print/,2007-03-05T14:11:57-05:00,AMERICAN BENEFITS COUNCIL,DELOITTE TAX LLP,lda-tax,TAX,Taxation/Internal Revenue Code,2007-01-01,2007-06-30,visible_lobbying,visible_lobbying_filing,1.0000,0.0000,Official LDA API,3f8079dc-3161-4ee6-b1c4-d7df216be1f5|lda-tax|1,treated_hloga_lda_client,hloga-2007-federal-lobbying-disclosure,filing_count; amount_millions,United States federal,0.8000,reviewed_exact_lda_client_name_source_row,exact-normalized-client-name-match-to-reviewed-canonical-actor,codex-source-audit,2026-07-24,https://lda.gov/filings/public/filing/3f8079dc-3161-4ee6-b1c4-d7df216be1f5/print/,official LDA API filing row matched by exact normalized client name to the reviewed canonical actor; usable as treated visible-lobbying pre/post source surface only; stable cross-source LDA client-ID promotion and comparison-group design remain unresolved
cand-5d1da86118e5,AMERICAN BENEFITS COUNCIL,1001245,https://lda.gov/api/v1/clients/116558/,507f8b76-3d9f-4249-900e-b4aba2e949b4,2007,mid_year,MT,https://lda.gov/filings/public/filing/507f8b76-3d9f-4249-900e-b4aba2e949b4/print/,2007-08-02T10:57:19-04:00,AMERICAN BENEFITS COUNCIL,DELOITTE TAX LLP,lda-uns,UNS,Unspecified,2007-01-01,2007-06-30,visible_lobbying,visible_lobbying_filing,1.0000,0.0000,Official LDA API,507f8b76-3d9f-4249-900e-b4aba2e949b4|lda-uns|1,treated_hloga_lda_client,hloga-2007-federal-lobbying-disclosure,filing_count; amount_millions,United States federal,0.8000,reviewed_exact_lda_client_name_source_row,exact-normalized-client-name-match-to-reviewed-canonical-actor,codex-source-audit,2026-07-24,https://lda.gov/filings/public/filing/507f8b76-3d9f-4249-900e-b4aba2e949b4/print/,official LDA API filing row matched by exact normalized client name to the reviewed canonical actor; usable as treated visible-lobbying pre/post source surface only; stable cross-source LDA client-ID promotion and comparison-group design remain unresolved
cand-5d1da86118e5,AMERICAN BENEFITS COUNCIL,327,https://lda.gov/api/v1/clients/122689/,68d944bb-b5fb-4507-8e84-6a9c1e809405,2007,mid_year,MM,https://lda.gov/filings/public/filing/68d944bb-b5fb-4507-8e84-6a9c1e809405/print/,2007-08-02T09:18:46-04:00,AMERICAN BENEFITS COUNCIL,"GROOM LAW GROUP, CHARTERED",lda-ret,RET,Retirement,2007-01-01,2007-06-30,visible_lobbying,visible_lobbying_filing,1.0000,0.1200,Official LDA API,68d944bb-b5fb-4507-8e84-6a9c1e809405|lda-ret|1,treated_hloga_lda_client,hloga-2007-federal-lobbying-disclosure,filing_count; amount_millions,United States federal,0.8000,reviewed_exact_lda_client_name_source_row,exact-normalized-client-name-match-to-reviewed-canonical-actor,codex-source-audit,2026-07-24,https://lda.gov/filings/public/filing/68d944bb-b5fb-4507-8e84-6a9c1e809405/print/,official LDA API filing row matched by exact normalized client name to the reviewed canonical actor; usable as treated visible-lobbying pre/post source surface only; stable cross-source LDA client-ID promotion and comparison-group design remain unresolved
cand-5d1da86118e5,AMERICAN BENEFITS COUNCIL,12,https://lda.gov/api/v1/clients/104889/,926def77-0b25-4c30-b4c7-6c4d4c89e98a,2007,mid_year,MM,https://lda.gov/filings/public/filing/926def77-0b25-4c30-b4c7-6c4d4c89e98a/print/,2007-08-08T09:07:56-04:00,AMERICAN BENEFITS COUNCIL,AMERICAN BENEFITS COUNCIL,lda-hcr,HCR,Health Issues,2007-01-01,2007-06-30,visible_lobbying,visible_lobbying_filing,1.0000,0.2400,Official LDA API,926def77-0b25-4c30-b4c7-6c4d4c89e98a|lda-hcr|2,treated_hloga_lda_client,hloga-2007-federal-lobbying-disclosure,filing_count; amount_millions,United States federal,0.8000,reviewed_exact_lda_client_name_source_row,exact-normalized-client-name-match-to-reviewed-canonical-actor,codex-source-audit,2026-07-24,https://lda.gov/filings/public/filing/926def77-0b25-4c30-b4c7-6c4d4c89e98a/print/,official LDA API filing row matched by exact normalized client name to the reviewed canonical actor; usable as treated visible-lobbying pre/post source surface only; stable cross-source LDA client-ID promotion and comparison-group design remain unresolved
cand-5d1da86118e5,AMERICAN BENEFITS COUNCIL,12,https://lda.gov/api/v1/clients/104889/,926def77-0b25-4c30-b4c7-6c4d4c89e98a,2007,mid_year,MM,https://lda.gov/filings/public/filing/926def77-0b25-4c30-b4c7-6c4d4c89e98a/print/,2007-08-08T09:07:56-04:00,AMERICAN BENEFITS COUNCIL,AMERICAN BENEFITS COUNCIL,lda-ret,RET,Retirement,2007-01-01,2007-06-30,visible_lobbying,visible_lobbying_filing,1.0000,0.2400,Official LDA API,926def77-0b25-4c30-b4c7-6c4d4c89e98a|lda-ret|1,treated_hloga_lda_client,hloga-2007-federal-lobbying-disclosure,filing_count; amount_millions,United States federal,0.8000,reviewed_exact_lda_client_name_source_row,exact-normalized-client-name-match-to-reviewed-canonical-actor,codex-source-audit,2026-07-24,https://lda.gov/filings/public/filing/926def77-0b25-4c30-b4c7-6c4d4c89e98a/print/,official LDA API filing row matched by exact normalized client name to the reviewed canonical actor; usable as treated visible-lobbying pre/post source surface only; stable cross-source LDA client-ID promotion and comparison-group design remain unresolved
cand-5d1da86118e5,AMERICAN BENEFITS COUNCIL,101,https://lda.gov/api/v1/clients/116145/,a6af508e-e923-4b7b-aa9d-3ade4ac56137,2007,mid_year,MM,https://lda.gov/filings/public/filing/a6af508e-e923-4b7b-aa9d-3ade4ac56137/print/,2007-08-13T11:53:28-04:00,AMERICAN BENEFITS COUNCIL,DAVIS & HARMAN LLP,lda-ret,RET,Retirement,2007-01-01,2007-06-30,visible_lobbying,visible_lobbying_filing,1.0000,0.1200,Official LDA API,a6af508e-e923-4b7b-aa9d-3ade4ac56137|lda-ret|2,treated_hloga_lda_client,hloga-2007-federal-lobbying-disclosure,filing_count; amount_millions,United States federal,0.8000,reviewed_exact_lda_client_name_source_row,exact-normalized-client-name-match-to-reviewed-canonical-actor,codex-source-audit,2026-07-24,https://lda.gov/filings/public/filing/a6af508e-e923-4b7b-aa9d-3ade4ac56137/print/,official LDA API filing row matched by exact normalized client name to the reviewed canonical actor; usable as treated visible-lobbying pre/post source surface only; stable cross-source LDA client-ID promotion and comparison-group design remain unresolved
cand-5d1da86118e5,AMERICAN BENEFITS COUNCIL,101,https://lda.gov/api/v1/clients/116145/,a6af508e-e923-4b7b-aa9d-3ade4ac56137,2007,mid_year,MM,https://lda.gov/filings/public/filing/a6af508e-e923-4b7b-aa9d-3ade4ac56137/print/,2007-08-13T11:53:28-04:00,AMERICAN BENEFITS COUNCIL,DAVIS & HARMAN LLP,lda-tax,TAX,Taxation/Internal Revenue Code,2007-01-01,2007-06-30,visible_lobbying,visible_lobbying_filing,1.0000,0.1200,Official LDA API,a6af508e-e923-4b7b-aa9d-3ade4ac56137|lda-tax|1,treated_hloga_lda_client,hloga-2007-federal-lobbying-disclosure,filing_count; amount_millions,United States federal,0.8000,reviewed_exact_lda_client_name_source_row,exact-normalized-client-name-match-to-reviewed-canonical-actor,codex-source-audit,2026-07-24,https://lda.gov/filings/public/filing/a6af508e-e923-4b7b-aa9d-3ade4ac56137/print/,official LDA API filing row matched by exact normalized client name to the reviewed canonical actor; usable as treated visible-lobbying pre/post source surface only; stable cross-source LDA client-ID promotion and comparison-group design remain unresolved
cand-5d1da86118e5,AMERICAN BENEFITS COUNCIL,12,https://lda.gov/api/v1/clients/104889/,1deb76ec-7f20-4460-bec8-5f6cdd6f2fb2,2007,year_end,YY,https://lda.gov/filings/public/filing/1deb76ec-7f20-4460-bec8-5f6cdd6f2fb2/print/,2008-02-14T12:27:15-05:00,AMERICAN BENEFITS COUNCIL,AMERICAN BENEFITS COUNCIL,lda-hcr,HCR,Health Issues,2007-07-01,2007-12-31,visible_lobbying,visible_lobbying_filing,1.0000,0.2000,Official LDA API,1deb76ec-7f20-4460-bec8-5f6cdd6f2fb2|lda-hcr|2,treated_hloga_lda_client,hloga-2007-federal-lobbying-disclosure,filing_count; amount_millions,United States federal,0.8000,reviewed_exact_lda_client_name_source_row,exact-normalized-client-name-match-to-reviewed-canonical-actor,codex-source-audit,2026-07-24,https://lda.gov/filings/public/filing/1deb76ec-7f20-4460-bec8-5f6cdd6f2fb2/print/,official LDA API filing row matched by exact normalized client name to the reviewed canonical actor; usable as treated visible-lobbying pre/post source surface only; stable cross-source LDA client-ID promotion and comparison-group design remain unresolved
cand-5d1da86118e5,AMERICAN BENEFITS COUNCIL,12,https://lda.gov/api/v1/clients/104889/,1deb76ec-7f20-4460-bec8-5f6cdd6f2fb2,2007,year_end,YY,https://lda.gov/filings/public/filing/1deb76ec-7f20-4460-bec8-5f6cdd6f2fb2/print/,2008-02-14T12:27:15-05:00,AMERICAN BENEFITS COUNCIL,AMERICAN BENEFITS COUNCIL,lda-ret,RET,Retirement,2007-07-01,2007-12-31,visible_lobbying,visible_lobbying_filing,1.0000,0.2000,Official LDA API,1deb76ec-7f20-4460-bec8-5f6cdd6f2fb2|lda-ret|1,treated_hloga_lda_client,hloga-2007-federal-lobbying-disclosure,filing_count; amount_millions,United States federal,0.8000,reviewed_exact_lda_client_name_source_row,exact-normalized-client-name-match-to-reviewed-canonical-actor,codex-source-audit,2026-07-24,https://lda.gov/filings/public/filing/1deb76ec-7f20-4460-bec8-5f6cdd6f2fb2/print/,official LDA API filing row matched by exact normalized client name to the reviewed canonical actor; usable as treated visible-lobbying pre/post source surface only; stable cross-source LDA client-ID promotion and comparison-group design remain unresolved
cand-5d1da86118e5,AMERICAN BENEFITS COUNCIL,101,https://lda.gov/api/v1/clients/116145/,d8771db3-3a97-4e53-906f-9cd5c833dd26,2007,year_end,YY,https://lda.gov/filings/public/filing/d8771db3-3a97-4e53-906f-9cd5c833dd26/print/,2008-02-14T12:43:35-05:00,AMERICAN BENEFITS COUNCIL,DAVIS & HARMAN LLP,lda-ret,RET,Retirement,2007-07-01,2007-12-31,visible_lobbying,visible_lobbying_filing,1.0000,0.1200,Official LDA API,d8771db3-3a97-4e53-906f-9cd5c833dd26|lda-ret|2,treated_hloga_lda_client,hloga-2007-federal-lobbying-disclosure,filing_count; amount_millions,United States federal,0.8000,reviewed_exact_lda_client_name_source_row,exact-normalized-client-name-match-to-reviewed-canonical-actor,codex-source-audit,2026-07-24,https://lda.gov/filings/public/filing/d8771db3-3a97-4e53-906f-9cd5c833dd26/print/,official LDA API filing row matched by exact normalized client name to the reviewed canonical actor; usable as treated visible-lobbying pre/post source surface only; stable cross-source LDA client-ID promotion and comparison-group design remain unresolved
cand-5d1da86118e5,AMERICAN BENEFITS COUNCIL,101,https://lda.gov/api/v1/clients/116145/,d8771db3-3a97-4e53-906f-9cd5c833dd26,2007,year_end,YY,https://lda.gov/filings/public/filing/d8771db3-3a97-4e53-906f-9cd5c833dd26/print/,2008-02-14T12:43:35-05:00,AMERICAN BENEFITS COUNCIL,DAVIS & HARMAN LLP,lda-tax,TAX,Taxation/Internal Revenue Code,2007-07-01,2007-12-31,visible_lobbying,visible_lobbying_filing,1.0000,0.1200,Official LDA API,d8771db3-3a97-4e53-906f-9cd5c833dd26|lda-tax|1,treated_hloga_lda_client,hloga-2007-federal-lobbying-disclosure,filing_count; amount_millions,United States federal,0.8000,reviewed_exact_lda_client_name_source_row,exact-normalized-client-name-match-to-reviewed-canonical-actor,codex-source-audit,2026-07-24,https://lda.gov/filings/public/filing/d8771db3-3a97-4e53-906f-9cd5c833dd26/print/,official LDA API filing row matched by exact normalized client name to the reviewed canonical actor; usable as treated visible-lobbying pre/post source surface only; stable cross-source LDA client-ID promotion and comparison-group design remain unresolved
cand-5d1da86118e5,AMERICAN BENEFITS COUNCIL,327,https://lda.gov/api/v1/clients/122689/,e72cf48c-dc98-4e86-9b9b-6162db85dd9a,2007,year_end,YY,https://lda.gov/filings/public/filing/e72cf48c-dc98-4e86-9b9b-6162db85dd9a/print/,2008-02-08T11:11:23.623000-05:00,AMERICAN BENEFITS COUNCIL,"GROOM LAW GROUP, CHARTERED",lda-hcr,HCR,Health Issues,2007-07-01,2007-12-31,visible_lobbying,visible_lobbying_filing,1.0000,0.0800,Official LDA API,e72cf48c-dc98-4e86-9b9b-6162db85dd9a|lda-hcr|2,treated_hloga_lda_client,hloga-2007-federal-lobbying-disclosure,filing_count; amount_millions,United States federal,0.8000,reviewed_exact_lda_client_name_source_row,exact-normalized-client-name-match-to-reviewed-canonical-actor,codex-source-audit,2026-07-24,https://lda.gov/filings/public/filing/e72cf48c-dc98-4e86-9b9b-6162db85dd9a/print/,official LDA API filing row matched by exact normalized client name to the reviewed canonical actor; usable as treated visible-lobbying pre/post source surface only; stable cross-source LDA client-ID promotion and comparison-group design remain unresolved
cand-5d1da86118e5,AMERICAN BENEFITS COUNCIL,327,https://lda.gov/api/v1/clients/122689/,e72cf48c-dc98-4e86-9b9b-6162db85dd9a,2007,year_end,YY,https://lda.gov/filings/public/filing/e72cf48c-dc98-4e86-9b9b-6162db85dd9a/print/,2008-02-08T11:11:23.623000-05:00,AMERICAN BENEFITS COUNCIL,"GROOM LAW GROUP, CHARTERED",lda-tax,TAX,Taxation/Internal Revenue Code,2007-07-01,2007-12-31,visible_lobbying,visible_lobbying_filing,1.0000,0.0800,Official LDA API,e72cf48c-dc98-4e86-9b9b-6162db85dd9a|lda-tax|1,treated_hloga_lda_client,hloga-2007-federal-lobbying-disclosure,filing_count; amount_millions,United States federal,0.8000,reviewed_exact_lda_client_name_source_row,exact-normalized-client-name-match-to-reviewed-canonical-actor,codex-source-audit,2026-07-24,https://lda.gov/filings/public/filing/e72cf48c-dc98-4e86-9b9b-6162db85dd9a/print/,official LDA API filing row matched by exact normalized client name to the reviewed canonical actor; usable as treated visible-lobbying pre/post source surface only; stable cross-source LDA client-ID promotion and comparison-group design remain unresolved
cand-5d1da86118e5,AMERICAN BENEFITS COUNCIL,101,https://lda.gov/api/v1/clients/116145/,5eba3c25-9261-4abe-8c36-0ba47d52eb7c,2008,first_quarter,Q1,https://lda.gov/filings/public/filing/5eba3c25-9261-4abe-8c36-0ba47d52eb7c/print/,2008-04-18T15:37:39-04:00,AMERICAN BENEFITS COUNCIL,DAVIS & HARMAN LLP,lda-hcr,HCR,Health Issues,2008-01-01,2008-03-31,visible_lobbying,visible_lobbying_filing,1.0000,0.0400,Official LDA API,5eba3c25-9261-4abe-8c36-0ba47d52eb7c|lda-hcr|1,treated_hloga_lda_client,hloga-2007-federal-lobbying-disclosure,filing_count; amount_millions,United States federal,0.8000,reviewed_exact_lda_client_name_source_row,exact-normalized-client-name-match-to-reviewed-canonical-actor,codex-source-audit,2026-07-24,https://lda.gov/filings/public/filing/5eba3c25-9261-4abe-8c36-0ba47d52eb7c/print/,official LDA API filing row matched by exact normalized client name to the reviewed canonical actor; usable as treated visible-lobbying pre/post source surface only; stable cross-source LDA client-ID promotion and comparison-group design remain unresolved
cand-5d1da86118e5,AMERICAN BENEFITS COUNCIL,101,https://lda.gov/api/v1/clients/116145/,5eba3c25-9261-4abe-8c36-0ba47d52eb7c,2008,first_quarter,Q1,https://lda.gov/filings/public/filing/5eba3c25-9261-4abe-8c36-0ba47d52eb7c/print/,2008-04-18T15:37:39-04:00,AMERICAN BENEFITS COUNCIL,DAVIS & HARMAN LLP,lda-ret,RET,Retirement,2008-01-01,2008-03-31,visible_lobbying,visible_lobbying_filing,1.0000,0.0400,Official LDA API,5eba3c25-9261-4abe-8c36-0ba47d52eb7c|lda-ret|3,treated_hloga_lda_client,hloga-2007-federal-lobbying-disclosure,filing_count; amount_millions,United States federal,0.8000,reviewed_exact_lda_client_name_source_row,exact-normalized-client-name-match-to-reviewed-canonical-actor,codex-source-audit,2026-07-24,https://lda.gov/filings/public/filing/5eba3c25-9261-4abe-8c36-0ba47d52eb7c/print/,official LDA API filing row matched by exact normalized client name to the reviewed canonical actor; usable as treated visible-lobbying pre/post source surface only; stable cross-source LDA client-ID promotion and comparison-group design remain unresolved
cand-5d1da86118e5,AMERICAN BENEFITS COUNCIL,101,https://lda.gov/api/v1/clients/116145/,5eba3c25-9261-4abe-8c36-0ba47d52eb7c,2008,first_quarter,Q1,https://lda.gov/filings/public/filing/5eba3c25-9261-4abe-8c36-0ba47d52eb7c/print/,2008-04-18T15:37:39-04:00,AMERICAN BENEFITS COUNCIL,DAVIS & HARMAN LLP,lda-tax,TAX,Taxation/Internal Revenue Code,2008-01-01,2008-03-31,visible_lobbying,visible_lobbying_filing,1.0000,0.0400,Official LDA API,5eba3c25-9261-4abe-8c36-0ba47d52eb7c|lda-tax|2,treated_hloga_lda_client,hloga-2007-federal-lobbying-disclosure,filing_count; amount_millions,United States federal,0.8000,reviewed_exact_lda_client_name_source_row,exact-normalized-client-name-match-to-reviewed-canonical-actor,codex-source-audit,2026-07-24,https://lda.gov/filings/public/filing/5eba3c25-9261-4abe-8c36-0ba47d52eb7c/print/,official LDA API filing row matched by exact normalized client name to the reviewed canonical actor; usable as treated visible-lobbying pre/post source surface only; stable cross-source LDA client-ID promotion and comparison-group design remain unresolved
cand-5d1da86118e5,AMERICAN BENEFITS COUNCIL,12,https://lda.gov/api/v1/clients/104889/,76489a5e-0d3d-4cf7-8270-12f492d3ac0e,2008,first_quarter,Q1,https://lda.gov/filings/public/filing/76489a5e-0d3d-4cf7-8270-12f492d3ac0e/print/,2008-04-21T14:31:29-04:00,AMERICAN BENEFITS COUNCIL,AMERICAN BENEFITS COUNCIL,lda-hcr,HCR,Health Issues,2008-01-01,2008-03-31,visible_lobbying,visible_lobbying_filing,1.0000,0.2896,Official LDA API,76489a5e-0d3d-4cf7-8270-12f492d3ac0e|lda-hcr|2,treated_hloga_lda_client,hloga-2007-federal-lobbying-disclosure,filing_count; amount_millions,United States federal,0.8000,reviewed_exact_lda_client_name_source_row,exact-normalized-client-name-match-to-reviewed-canonical-actor,codex-source-audit,2026-07-24,https://lda.gov/filings/public/filing/76489a5e-0d3d-4cf7-8270-12f492d3ac0e/print/,official LDA API filing row matched by exact normalized client name to the reviewed canonical actor; usable as treated visible-lobbying pre/post source surface only; stable cross-source LDA client-ID promotion and comparison-group design remain unresolved
cand-5d1da86118e5,AMERICAN BENEFITS COUNCIL,12,https://lda.gov/api/v1/clients/104889/,76489a5e-0d3d-4cf7-8270-12f492d3ac0e,2008,first_quarter,Q1,https://lda.gov/filings/public/filing/76489a5e-0d3d-4cf7-8270-12f492d3ac0e/print/,2008-04-21T14:31:29-04:00,AMERICAN BENEFITS COUNCIL,AMERICAN BENEFITS COUNCIL,lda-ret,RET,Retirement,2008-01-01,2008-03-31,visible_lobbying,visible_lobbying_filing,1.0000,0.2896,Official LDA API,76489a5e-0d3d-4cf7-8270-12f492d3ac0e|lda-ret|1,treated_hloga_lda_client,hloga-2007-federal-lobbying-disclosure,filing_count; amount_millions,United States federal,0.8000,reviewed_exact_lda_client_name_source_row,exact-normalized-client-name-match-to-reviewed-canonical-actor,codex-source-audit,2026-07-24,https://lda.gov/filings/public/filing/76489a5e-0d3d-4cf7-8270-12f492d3ac0e/print/,official LDA API filing row matched by exact normalized client name to the reviewed canonical actor; usable as treated visible-lobbying pre/post source surface only; stable cross-source LDA client-ID promotion and comparison-group design remain unresolved
cand-5d1da86118e5,AMERICAN BENEFITS COUNCIL,327,https://lda.gov/api/v1/clients/122689/,f652cbf6-dc20-41d3-b1e0-296e5be18034,2008,first_quarter,Q1,https://lda.gov/filings/public/filing/f652cbf6-dc20-41d3-b1e0-296e5be18034/print/,2008-04-18T10:24:51-04:00,AMERICAN BENEFITS COUNCIL,"GROOM LAW GROUP, CHARTERED",lda-ret,RET,Retirement,2008-01-01,2008-03-31,visible_lobbying,visible_lobbying_filing,1.0000,0.0100,Official LDA API,f652cbf6-dc20-41d3-b1e0-296e5be18034|lda-ret|1,treated_hloga_lda_client,hloga-2007-federal-lobbying-disclosure,filing_count; amount_millions,United States federal,0.8000,reviewed_exact_lda_client_name_source_row,exact-normalized-client-name-match-to-reviewed-canonical-actor,codex-source-audit,2026-07-24,https://lda.gov/filings/public/filing/f652cbf6-dc20-41d3-b1e0-296e5be18034/print/,official LDA API filing row matched by exact normalized client name to the reviewed canonical actor; usable as treated visible-lobbying pre/post source surface only; stable cross-source LDA client-ID promotion and comparison-group design remain unresolved
cand-5d1da86118e5,AMERICAN BENEFITS COUNCIL,327,https://lda.gov/api/v1/clients/122689/,360ead8d-4948-4c12-a58d-83494b76f0ee,2008,second_quarter,RA,https://lda.gov/filings/public/filing/360ead8d-4948-4c12-a58d-83494b76f0ee/print/,2008-04-16T00:00:00-04:00,AMERICAN BENEFITS COUNCIL,"GROOM LAW GROUP, CHARTERED",lda-uns,UNS,Unspecified,2008-04-01,2008-06-30,visible_lobbying,visible_lobbying_filing,1.0000,0.0000,Official LDA API,360ead8d-4948-4c12-a58d-83494b76f0ee|lda-uns|1,treated_hloga_lda_client,hloga-2007-federal-lobbying-disclosure,filing_count; amount_millions,United States federal,0.8000,reviewed_exact_lda_client_name_source_row,exact-normalized-client-name-match-to-reviewed-canonical-actor,codex-source-audit,2026-07-24,https://lda.gov/filings/public/filing/360ead8d-4948-4c12-a58d-83494b76f0ee/print/,official LDA API filing row matched by exact normalized client name to the reviewed canonical actor; usable as treated visible-lobbying pre/post source surface only; stable cross-source LDA client-ID promotion and comparison-group design remain unresolved
cand-5d1da86118e5,AMERICAN BENEFITS COUNCIL,327,https://lda.gov/api/v1/clients/122689/,6dfad611-0287-4a71-b833-278e58764683,2008,second_quarter,Q2,https://lda.gov/filings/public/filing/6dfad611-0287-4a71-b833-278e58764683/print/,2008-07-21T10:33:50-04:00,AMERICAN BENEFITS COUNCIL,"GROOM LAW GROUP, CHARTERED",lda-hcr,HCR,Health Issues,2008-04-01,2008-06-30,visible_lobbying,visible_lobbying_filing,1.0000,0.0300,Official LDA API,6dfad611-0287-4a71-b833-278e58764683|lda-hcr|2,treated_hloga_lda_client,hloga-2007-federal-lobbying-disclosure,filing_count; amount_millions,United States federal,0.8000,reviewed_exact_lda_client_name_source_row,exact-normalized-client-name-match-to-reviewed-canonical-actor,codex-source-audit,2026-07-24,https://lda.gov/filings/public/filing/6dfad611-0287-4a71-b833-278e58764683/print/,official LDA API filing row matched by exact normalized client name to the reviewed canonical actor; usable as treated visible-lobbying pre/post source surface only; stable cross-source LDA client-ID promotion and comparison-group design remain unresolved
cand-5d1da86118e5,AMERICAN BENEFITS COUNCIL,327,https://lda.gov/api/v1/clients/122689/,6dfad611-0287-4a71-b833-278e58764683,2008,second_quarter,Q2,https://lda.gov/filings/public/filing/6dfad611-0287-4a71-b833-278e58764683/print/,2008-07-21T10:33:50-04:00,AMERICAN BENEFITS COUNCIL,"GROOM LAW GROUP, CHARTERED",lda-tax,TAX,Taxation/Internal Revenue Code,2008-04-01,2008-06-30,visible_lobbying,visible_lobbying_filing,1.0000,0.0300,Official LDA API,6dfad611-0287-4a71-b833-278e58764683|lda-tax|1,treated_hloga_lda_client,hloga-2007-federal-lobbying-disclosure,filing_count; amount_millions,United States federal,0.8000,reviewed_exact_lda_client_name_source_row,exact-normalized-client-name-match-to-reviewed-canonical-actor,codex-source-audit,2026-07-24,https://lda.gov/filings/public/filing/6dfad611-0287-4a71-b833-278e58764683/print/,official LDA API filing row matched by exact normalized client name to the reviewed canonical actor; usable as treated visible-lobbying pre/post source surface only; stable cross-source LDA client-ID promotion and comparison-group design remain unresolved
cand-5d1da86118e5,AMERICAN BENEFITS COUNCIL,101,https://lda.gov/api/v1/clients/116145/,9eeb4a62-99eb-4c8d-a874-6ad89f05ea8e,2008,second_quarter,Q2,https://lda.gov/filings/public/filing/9eeb4a62-99eb-4c8d-a874-6ad89f05ea8e/print/,2008-07-18T10:59:58-04:00,AMERICAN BENEFITS COUNCIL,DAVIS & HARMAN LLP,lda-hcr,HCR,Health Issues,2008-04-01,2008-06-30,visible_lobbying,visible_lobbying_filing,1.0000,0.0700,Official LDA API,9eeb4a62-99eb-4c8d-a874-6ad89f05ea8e|lda-hcr|2,treated_hloga_lda_client,hloga-2007-federal-lobbying-disclosure,filing_count; amount_millions,United States federal,0.8000,reviewed_exact_lda_client_name_source_row,exact-normalized-client-name-match-to-reviewed-canonical-actor,codex-source-audit,2026-07-24,https://lda.gov/filings/public/filing/9eeb4a62-99eb-4c8d-a874-6ad89f05ea8e/print/,official LDA API filing row matched by exact normalized client name to the reviewed canonical actor; usable as treated visible-lobbying pre/post source surface only; stable cross-source LDA client-ID promotion and comparison-group design remain unresolved
cand-5d1da86118e5,AMERICAN BENEFITS COUNCIL,101,https://lda.gov/api/v1/clients/116145/,9eeb4a62-99eb-4c8d-a874-6ad89f05ea8e,2008,second_quarter,Q2,https://lda.gov/filings/public/filing/9eeb4a62-99eb-4c8d-a874-6ad89f05ea8e/print/,2008-07-18T10:59:58-04:00,AMERICAN BENEFITS COUNCIL,DAVIS & HARMAN LLP,lda-ret,RET,Retirement,2008-04-01,2008-06-30,visible_lobbying,visible_lobbying_filing,1.0000,0.0700,Official LDA API,9eeb4a62-99eb-4c8d-a874-6ad89f05ea8e|lda-ret|3,treated_hloga_lda_client,hloga-2007-federal-lobbying-disclosure,filing_count; amount_millions,United States federal,0.8000,reviewed_exact_lda_client_name_source_row,exact-normalized-client-name-match-to-reviewed-canonical-actor,codex-source-audit,2026-07-24,https://lda.gov/filings/public/filing/9eeb4a62-99eb-4c8d-a874-6ad89f05ea8e/print/,official LDA API filing row matched by exact normalized client name to the reviewed canonical actor; usable as treated visible-lobbying pre/post source surface only; stable cross-source LDA client-ID promotion and comparison-group design remain unresolved
cand-5d1da86118e5,AMERICAN BENEFITS COUNCIL,101,https://lda.gov/api/v1/clients/116145/,9eeb4a62-99eb-4c8d-a874-6ad89f05ea8e,2008,second_quarter,Q2,https://lda.gov/filings/public/filing/9eeb4a62-99eb-4c8d-a874-6ad89f05ea8e/print/,2008-07-18T10:59:58-04:00,AMERICAN BENEFITS COUNCIL,DAVIS & HARMAN LLP,lda-tax,TAX,Taxation/Internal Revenue Code,2008-04-01,2008-06-30,visible_lobbying,visible_lobbying_filing,1.0000,0.0700,Official LDA API,9eeb4a62-99eb-4c8d-a874-6ad89f05ea8e|lda-tax|1,treated_hloga_lda_client,hloga-2007-federal-lobbying-disclosure,filing_count; amount_millions,United States federal,0.8000,reviewed_exact_lda_client_name_source_row,exact-normalized-client-name-match-to-reviewed-canonical-actor,codex-source-audit,2026-07-24,https://lda.gov/filings/public/filing/9eeb4a62-99eb-4c8d-a874-6ad89f05ea8e/print/,official LDA API filing row matched by exact normalized client name to the reviewed canonical actor; usable as treated visible-lobbying pre/post source surface only; stable cross-source LDA client-ID promotion and comparison-group design remain unresolved
cand-5d1da86118e5,AMERICAN BENEFITS COUNCIL,12,https://lda.gov/api/v1/clients/104889/,b32186fd-1c20-4057-94e9-acf30c84b0d9,2008,second_quarter,Q2,https://lda.gov/filings/public/filing/b32186fd-1c20-4057-94e9-acf30c84b0d9/print/,2008-07-21T11:48:09-04:00,AMERICAN BENEFITS COUNCIL,AMERICAN BENEFITS COUNCIL,lda-hcr,HCR,Health Issues,2008-04-01,2008-06-30,visible_lobbying,visible_lobbying_filing,1.0000,0.2280,Official LDA API,b32186fd-1c20-4057-94e9-acf30c84b0d9|lda-hcr|2,treated_hloga_lda_client,hloga-2007-federal-lobbying-disclosure,filing_count; amount_millions,United States federal,0.8000,reviewed_exact_lda_client_name_source_row,exact-normalized-client-name-match-to-reviewed-canonical-actor,codex-source-audit,2026-07-24,https://lda.gov/filings/public/filing/b32186fd-1c20-4057-94e9-acf30c84b0d9/print/,official LDA API filing row matched by exact normalized client name to the reviewed canonical actor; usable as treated visible-lobbying pre/post source surface only; stable cross-source LDA client-ID promotion and comparison-group design remain unresolved
cand-5d1da86118e5,AMERICAN BENEFITS COUNCIL,12,https://lda.gov/api/v1/clients/104889/,b32186fd-1c20-4057-94e9-acf30c84b0d9,2008,second_quarter,Q2,https://lda.gov/filings/public/filing/b32186fd-1c20-4057-94e9-acf30c84b0d9/print/,2008-07-21T11:48:09-04:00,AMERICAN BENEFITS COUNCIL,AMERICAN BENEFITS COUNCIL,lda-ret,RET,Retirement,2008-04-01,2008-06-30,visible_lobbying,visible_lobbying_filing,1.0000,0.2280,Official LDA API,b32186fd-1c20-4057-94e9-acf30c84b0d9|lda-ret|1,treated_hloga_lda_client,hloga-2007-federal-lobbying-disclosure,filing_count; amount_millions,United States federal,0.8000,reviewed_exact_lda_client_name_source_row,exact-normalized-client-name-match-to-reviewed-canonical-actor,codex-source-audit,2026-07-24,https://lda.gov/filings/public/filing/b32186fd-1c20-4057-94e9-acf30c84b0d9/print/,official LDA API filing row matched by exact normalized client name to the reviewed canonical actor; usable as treated visible-lobbying pre/post source surface only; stable cross-source LDA client-ID promotion and comparison-group design remain unresolved
cand-5d1da86118e5,AMERICAN BENEFITS COUNCIL,327,https://lda.gov/api/v1/clients/122689/,16e73a0a-94ed-4a11-aacc-96966a2e5bbe,2008,third_quarter,Q3,https://lda.gov/filings/public/filing/16e73a0a-94ed-4a11-aacc-96966a2e5bbe/print/,2008-10-20T17:14:16-04:00,AMERICAN BENEFITS COUNCIL,"GROOM LAW GROUP, CHARTERED",lda-hcr,HCR,Health Issues,2008-07-01,2008-09-30,visible_lobbying,visible_lobbying_filing,1.0000,0.0300,Official LDA API,16e73a0a-94ed-4a11-aacc-96966a2e5bbe|lda-hcr|3,treated_hloga_lda_client,hloga-2007-federal-lobbying-disclosure,filing_count; amount_millions,United States federal,0.8000,reviewed_exact_lda_client_name_source_row,exact-normalized-client-name-match-to-reviewed-canonical-actor,codex-source-audit,2026-07-24,https://lda.gov/filings/public/filing/16e73a0a-94ed-4a11-aacc-96966a2e5bbe/print/,official LDA API filing row matched by exact normalized client name to the reviewed canonical actor; usable as treated visible-lobbying pre/post source surface only; stable cross-source LDA client-ID promotion and comparison-group design remain unresolved
cand-5d1da86118e5,AMERICAN BENEFITS COUNCIL,327,https://lda.gov/api/v1/clients/122689/,16e73a0a-94ed-4a11-aacc-96966a2e5bbe,2008,third_quarter,Q3,https://lda.gov/filings/public/filing/16e73a0a-94ed-4a11-aacc-96966a2e5bbe/print/,2008-10-20T17:14:16-04:00,AMERICAN BENEFITS COUNCIL,"GROOM LAW GROUP, CHARTERED",lda-ret,RET,Retirement,2008-07-01,2008-09-30,visible_lobbying,visible_lobbying_filing,1.0000,0.0300,Official LDA API,16e73a0a-94ed-4a11-aacc-96966a2e5bbe|lda-ret|1,treated_hloga_lda_client,hloga-2007-federal-lobbying-disclosure,filing_count; amount_millions,United States federal,0.8000,reviewed_exact_lda_client_name_source_row,exact-normalized-client-name-match-to-reviewed-canonical-actor,codex-source-audit,2026-07-24,https://lda.gov/filings/public/filing/16e73a0a-94ed-4a11-aacc-96966a2e5bbe/print/,official LDA API filing row matched by exact normalized client name to the reviewed canonical actor; usable as treated visible-lobbying pre/post source surface only; stable cross-source LDA client-ID promotion and comparison-group design remain unresolved
cand-5d1da86118e5,AMERICAN BENEFITS COUNCIL,327,https://lda.gov/api/v1/clients/122689/,16e73a0a-94ed-4a11-aacc-96966a2e5bbe,2008,third_quarter,Q3,https://lda.gov/filings/public/filing/16e73a0a-94ed-4a11-aacc-96966a2e5bbe/print/,2008-10-20T17:14:16-04:00,AMERICAN BENEFITS COUNCIL,"GROOM LAW GROUP, CHARTERED",lda-tax,TAX,Taxation/Internal Revenue Code,2008-07-01,2008-09-30,visible_lobbying,visible_lobbying_filing,1.0000,0.0300,Official LDA API,16e73a0a-94ed-4a11-aacc-96966a2e5bbe|lda-tax|2,treated_hloga_lda_client,hloga-2007-federal-lobbying-disclosure,filing_count; amount_millions,United States federal,0.8000,reviewed_exact_lda_client_name_source_row,exact-normalized-client-name-match-to-reviewed-canonical-actor,codex-source-audit,2026-07-24,https://lda.gov/filings/public/filing/16e73a0a-94ed-4a11-aacc-96966a2e5bbe/print/,official LDA API filing row matched by exact normalized client name to the reviewed canonical actor; usable as treated visible-lobbying pre/post source surface only; stable cross-source LDA client-ID promotion and comparison-group design remain unresolved
cand-5d1da86118e5,AMERICAN BENEFITS COUNCIL,12,https://lda.gov/api/v1/clients/104889/,289df83c-7936-4fa3-ab57-a6ecce5f20af,2008,third_quarter,Q3,https://lda.gov/filings/public/filing/289df83c-7936-4fa3-ab57-a6ecce5f20af/print/,2008-10-20T13:56:43-04:00,AMERICAN BENEFITS COUNCIL,AMERICAN BENEFITS COUNCIL,lda-hcr,HCR,Health Issues,2008-07-01,2008-09-30,visible_lobbying,visible_lobbying_filing,1.0000,0.2467,Official LDA API,289df83c-7936-4fa3-ab57-a6ecce5f20af|lda-hcr|2,treated_hloga_lda_client,hloga-2007-federal-lobbying-disclosure,filing_count; amount_millions,United States federal,0.8000,reviewed_exact_lda_client_name_source_row,exact-normalized-client-name-match-to-reviewed-canonical-actor,codex-source-audit,2026-07-24,https://lda.gov/filings/public/filing/289df83c-7936-4fa3-ab57-a6ecce5f20af/print/,official LDA API filing row matched by exact normalized client name to the reviewed canonical actor; usable as treated visible-lobbying pre/post source surface only; stable cross-source LDA client-ID promotion and comparison-group design remain unresolved
cand-5d1da86118e5,AMERICAN BENEFITS COUNCIL,12,https://lda.gov/api/v1/clients/104889/,289df83c-7936-4fa3-ab57-a6ecce5f20af,2008,third_quarter,Q3,https://lda.gov/filings/public/filing/289df83c-7936-4fa3-ab57-a6ecce5f20af/print/,2008-10-20T13:56:43-04:00,AMERICAN BENEFITS COUNCIL,AMERICAN BENEFITS COUNCIL,lda-ret,RET,Retirement,2008-07-01,2008-09-30,visible_lobbying,visible_lobbying_filing,1.0000,0.2467,Official LDA API,289df83c-7936-4fa3-ab57-a6ecce5f20af|lda-ret|1,treated_hloga_lda_client,hloga-2007-federal-lobbying-disclosure,filing_count; amount_millions,United States federal,0.8000,reviewed_exact_lda_client_name_source_row,exact-normalized-client-name-match-to-reviewed-canonical-actor,codex-source-audit,2026-07-24,https://lda.gov/filings/public/filing/289df83c-7936-4fa3-ab57-a6ecce5f20af/print/,official LDA API filing row matched by exact normalized client name to the reviewed canonical actor; usable as treated visible-lobbying pre/post source surface only; stable cross-source LDA client-ID promotion and comparison-group design remain unresolved
cand-5d1da86118e5,AMERICAN BENEFITS COUNCIL,101,https://lda.gov/api/v1/clients/116145/,416f2496-5ab7-425a-961f-73772b030c08,2008,third_quarter,Q3,https://lda.gov/filings/public/filing/416f2496-5ab7-425a-961f-73772b030c08/print/,2008-10-17T13:33:11-04:00,AMERICAN BENEFITS COUNCIL,DAVIS & HARMAN LLP,lda-hcr,HCR,Health Issues,2008-07-01,2008-09-30,visible_lobbying,visible_lobbying_filing,1.0000,0.0600,Official LDA API,416f2496-5ab7-425a-961f-73772b030c08|lda-hcr|1,treated_hloga_lda_client,hloga-2007-federal-lobbying-disclosure,filing_count; amount_millions,United States federal,0.8000,reviewed_exact_lda_client_name_source_row,exact-normalized-client-name-match-to-reviewed-canonical-actor,codex-source-audit,2026-07-24,https://lda.gov/filings/public/filing/416f2496-5ab7-425a-961f-73772b030c08/print/,official LDA API filing row matched by exact normalized client name to the reviewed canonical actor; usable as treated visible-lobbying pre/post source surface only; stable cross-source LDA client-ID promotion and comparison-group design remain unresolved
cand-5d1da86118e5,AMERICAN BENEFITS COUNCIL,101,https://lda.gov/api/v1/clients/116145/,416f2496-5ab7-425a-961f-73772b030c08,2008,third_quarter,Q3,https://lda.gov/filings/public/filing/416f2496-5ab7-425a-961f-73772b030c08/print/,2008-10-17T13:33:11-04:00,AMERICAN BENEFITS COUNCIL,DAVIS & HARMAN LLP,lda-ret,RET,Retirement,2008-07-01,2008-09-30,visible_lobbying,visible_lobbying_filing,1.0000,0.0600,Official LDA API,416f2496-5ab7-425a-961f-73772b030c08|lda-ret|3,treated_hloga_lda_client,hloga-2007-federal-lobbying-disclosure,filing_count; amount_millions,United States federal,0.8000,reviewed_exact_lda_client_name_source_row,exact-normalized-client-name-match-to-reviewed-canonical-actor,codex-source-audit,2026-07-24,https://lda.gov/filings/public/filing/416f2496-5ab7-425a-961f-73772b030c08/print/,official LDA API filing row matched by exact normalized client name to the reviewed canonical actor; usable as treated visible-lobbying pre/post source surface only; stable cross-source LDA client-ID promotion and comparison-group design remain unresolved
cand-5d1da86118e5,AMERICAN BENEFITS COUNCIL,101,https://lda.gov/api/v1/clients/116145/,416f2496-5ab7-425a-961f-73772b030c08,2008,third_quarter,Q3,https://lda.gov/filings/public/filing/416f2496-5ab7-425a-961f-73772b030c08/print/,2008-10-17T13:33:11-04:00,AMERICAN BENEFITS COUNCIL,DAVIS & HARMAN LLP,lda-tax,TAX,Taxation/Internal Revenue Code,2008-07-01,2008-09-30,visible_lobbying,visible_lobbying_filing,1.0000,0.0600,Official LDA API,416f2496-5ab7-425a-961f-73772b030c08|lda-tax|2,treated_hloga_lda_client,hloga-2007-federal-lobbying-disclosure,filing_count; amount_millions,United States federal,0.8000,reviewed_exact_lda_client_name_source_row,exact-normalized-client-name-match-to-reviewed-canonical-actor,codex-source-audit,2026-07-24,https://lda.gov/filings/public/filing/416f2496-5ab7-425a-961f-73772b030c08/print/,official LDA API filing row matched by exact normalized client name to the reviewed canonical actor; usable as treated visible-lobbying pre/post source surface only; stable cross-source LDA client-ID promotion and comparison-group design remain unresolved
cand-5d1da86118e5,AMERICAN BENEFITS COUNCIL,101,https://lda.gov/api/v1/clients/116145/,1707ca1c-fbd3-4cb7-911a-be39ace6da4a,2008,fourth_quarter,Q4,https://lda.gov/filings/public/filing/1707ca1c-fbd3-4cb7-911a-be39ace6da4a/print/,2009-01-16T17:30:26-05:00,AMERICAN BENEFITS COUNCIL,DAVIS & HARMAN LLP,lda-hcr,HCR,Health Issues,2008-10-01,2008-12-31,visible_lobbying,visible_lobbying_filing,1.0000,0.0800,Official LDA API,1707ca1c-fbd3-4cb7-911a-be39ace6da4a|lda-hcr|1,treated_hloga_lda_client,hloga-2007-federal-lobbying-disclosure,filing_count; amount_millions,United States federal,0.8000,reviewed_exact_lda_client_name_source_row,exact-normalized-client-name-match-to-reviewed-canonical-actor,codex-source-audit,2026-07-24,https://lda.gov/filings/public/filing/1707ca1c-fbd3-4cb7-911a-be39ace6da4a/print/,official LDA API filing row matched by exact normalized client name to the reviewed canonical actor; usable as treated visible-lobbying pre/post source surface only; stable cross-source LDA client-ID promotion and comparison-group design remain unresolved
cand-5d1da86118e5,AMERICAN BENEFITS COUNCIL,101,https://lda.gov/api/v1/clients/116145/,1707ca1c-fbd3-4cb7-911a-be39ace6da4a,2008,fourth_quarter,Q4,https://lda.gov/filings/public/filing/1707ca1c-fbd3-4cb7-911a-be39ace6da4a/print/,2009-01-16T17:30:26-05:00,AMERICAN BENEFITS COUNCIL,DAVIS & HARMAN LLP,lda-ret,RET,Retirement,2008-10-01,2008-12-31,visible_lobbying,visible_lobbying_filing,1.0000,0.0800,Official LDA API,1707ca1c-fbd3-4cb7-911a-be39ace6da4a|lda-ret|3,treated_hloga_lda_client,hloga-2007-federal-lobbying-disclosure,filing_count; amount_millions,United States federal,0.8000,reviewed_exact_lda_client_name_source_row,exact-normalized-client-name-match-to-reviewed-canonical-actor,codex-source-audit,2026-07-24,https://lda.gov/filings/public/filing/1707ca1c-fbd3-4cb7-911a-be39ace6da4a/print/,official LDA API filing row matched by exact normalized client name to the reviewed canonical actor; usable as treated visible-lobbying pre/post source surface only; stable cross-source LDA client-ID promotion and comparison-group design remain unresolved
cand-5d1da86118e5,AMERICAN BENEFITS COUNCIL,101,https://lda.gov/api/v1/clients/116145/,1707ca1c-fbd3-4cb7-911a-be39ace6da4a,2008,fourth_quarter,Q4,https://lda.gov/filings/public/filing/1707ca1c-fbd3-4cb7-911a-be39ace6da4a/print/,2009-01-16T17:30:26-05:00,AMERICAN BENEFITS COUNCIL,DAVIS & HARMAN LLP,lda-tax,TAX,Taxation/Internal Revenue Code,2008-10-01,2008-12-31,visible_lobbying,visible_lobbying_filing,1.0000,0.0800,Official LDA API,1707ca1c-fbd3-4cb7-911a-be39ace6da4a|lda-tax|2,treated_hloga_lda_client,hloga-2007-federal-lobbying-disclosure,filing_count; amount_millions,United States federal,0.8000,reviewed_exact_lda_client_name_source_row,exact-normalized-client-name-match-to-reviewed-canonical-actor,codex-source-audit,2026-07-24,https://lda.gov/filings/public/filing/1707ca1c-fbd3-4cb7-911a-be39ace6da4a/print/,official LDA API filing row matched by exact normalized client name to the reviewed canonical actor; usable as treated visible-lobbying pre/post source surface only; stable cross-source LDA client-ID promotion and comparison-group design remain unresolved
cand-5d1da86118e5,AMERICAN BENEFITS COUNCIL,12,https://lda.gov/api/v1/clients/104889/,4058b09c-c7cb-4a27-89e2-90aeefd970ee,2008,fourth_quarter,Q4,https://lda.gov/filings/public/filing/4058b09c-c7cb-4a27-89e2-90aeefd970ee/print/,2009-01-16T13:52:49-05:00,AMERICAN BENEFITS COUNCIL,AMERICAN BENEFITS COUNCIL,lda-hcr,HCR,Health Issues,2008-10-01,2008-12-31,visible_lobbying,visible_lobbying_filing,1.0000,0.2104,Official LDA API,4058b09c-c7cb-4a27-89e2-90aeefd970ee|lda-hcr|2,treated_hloga_lda_client,hloga-2007-federal-lobbying-disclosure,filing_count; amount_millions,United States federal,0.8000,reviewed_exact_lda_client_name_source_row,exact-normalized-client-name-match-to-reviewed-canonical-actor,codex-source-audit,2026-07-24,https://lda.gov/filings/public/filing/4058b09c-c7cb-4a27-89e2-90aeefd970ee/print/,official LDA API filing row matched by exact normalized client name to the reviewed canonical actor; usable as treated visible-lobbying pre/post source surface only; stable cross-source LDA client-ID promotion and comparison-group design remain unresolved
cand-5d1da86118e5,AMERICAN BENEFITS COUNCIL,12,https://lda.gov/api/v1/clients/104889/,4058b09c-c7cb-4a27-89e2-90aeefd970ee,2008,fourth_quarter,Q4,https://lda.gov/filings/public/filing/4058b09c-c7cb-4a27-89e2-90aeefd970ee/print/,2009-01-16T13:52:49-05:00,AMERICAN BENEFITS COUNCIL,AMERICAN BENEFITS COUNCIL,lda-ret,RET,Retirement,2008-10-01,2008-12-31,visible_lobbying,visible_lobbying_filing,1.0000,0.2104,Official LDA API,4058b09c-c7cb-4a27-89e2-90aeefd970ee|lda-ret|1,treated_hloga_lda_client,hloga-2007-federal-lobbying-disclosure,filing_count; amount_millions,United States federal,0.8000,reviewed_exact_lda_client_name_source_row,exact-normalized-client-name-match-to-reviewed-canonical-actor,codex-source-audit,2026-07-24,https://lda.gov/filings/public/filing/4058b09c-c7cb-4a27-89e2-90aeefd970ee/print/,official LDA API filing row matched by exact normalized client name to the reviewed canonical actor; usable as treated visible-lobbying pre/post source surface only; stable cross-source LDA client-ID promotion and comparison-group design remain unresolved
cand-5d1da86118e5,AMERICAN BENEFITS COUNCIL,327,https://lda.gov/api/v1/clients/122689/,5fbe6da4-fc09-460b-922d-8748845ca41c,2008,fourth_quarter,Q4,https://lda.gov/filings/public/filing/5fbe6da4-fc09-460b-922d-8748845ca41c/print/,2009-01-21T16:44:19-05:00,AMERICAN BENEFITS COUNCIL,"GROOM LAW GROUP, CHARTERED",lda-hcr,HCR,Health Issues,2008-10-01,2008-12-31,visible_lobbying,visible_lobbying_filing,1.0000,0.0100,Official LDA API,5fbe6da4-fc09-460b-922d-8748845ca41c|lda-hcr|1,treated_hloga_lda_client,hloga-2007-federal-lobbying-disclosure,filing_count; amount_millions,United States federal,0.8000,reviewed_exact_lda_client_name_source_row,exact-normalized-client-name-match-to-reviewed-canonical-actor,codex-source-audit,2026-07-24,https://lda.gov/filings/public/filing/5fbe6da4-fc09-460b-922d-8748845ca41c/print/,official LDA API filing row matched by exact normalized client name to the reviewed canonical actor; usable as treated visible-lobbying pre/post source surface only; stable cross-source LDA client-ID promotion and comparison-group design remain unresolved
cand-5d1da86118e5,AMERICAN BENEFITS COUNCIL,327,https://lda.gov/api/v1/clients/122689/,5fbe6da4-fc09-460b-922d-8748845ca41c,2008,fourth_quarter,Q4,https://lda.gov/filings/public/filing/5fbe6da4-fc09-460b-922d-8748845ca41c/print/,2009-01-21T16:44:19-05:00,AMERICAN BENEFITS COUNCIL,"GROOM LAW GROUP, CHARTERED",lda-tax,TAX,Taxation/Internal Revenue Code,2008-10-01,2008-12-31,visible_lobbying,visible_lobbying_filing,1.0000,0.0100,Official LDA API,5fbe6da4-fc09-460b-922d-8748845ca41c|lda-tax|2,treated_hloga_lda_client,hloga-2007-federal-lobbying-disclosure,filing_count; amount_millions,United States federal,0.8000,reviewed_exact_lda_client_name_source_row,exact-normalized-client-name-match-to-reviewed-canonical-actor,codex-source-audit,2026-07-24,https://lda.gov/filings/public/filing/5fbe6da4-fc09-460b-922d-8748845ca41c/print/,official LDA API filing row matched by exact normalized client name to the reviewed canonical actor; usable as treated visible-lobbying pre/post source surface only; stable cross-source LDA client-ID promotion and comparison-group design remain unresolved
cand-9948f2974958,ADVANCED MEDICAL TECHNOLOGY ASSOCIATION,1216,https://lda.gov/api/v1/clients/101988/,225a98b3-0430-4eb8-b7e6-6197ef2c7103,2007,mid_year,MM,https://lda.gov/filings/public/filing/225a98b3-0430-4eb8-b7e6-6197ef2c7103/print/,2007-08-06T14:17:44-04:00,ADVANCED MEDICAL TECHNOLOGY ASSOCIATION,"ALPINE GROUP PARTNERS, LLC.",lda-bud,BUD,Budget/Appropriations,2007-01-01,2007-06-30,visible_lobbying,visible_lobbying_filing,1.0000,0.0800,Official LDA API,225a98b3-0430-4eb8-b7e6-6197ef2c7103|lda-bud|4,treated_hloga_lda_client,hloga-2007-federal-lobbying-disclosure,filing_count; amount_millions,United States federal,0.8000,reviewed_exact_lda_client_name_source_row,exact-normalized-client-name-match-to-reviewed-canonical-actor,codex-source-audit,2026-07-24,https://lda.gov/filings/public/filing/225a98b3-0430-4eb8-b7e6-6197ef2c7103/print/,official LDA API filing row matched by exact normalized client name to the reviewed canonical actor; usable as treated visible-lobbying pre/post source surface only; stable cross-source LDA client-ID promotion and comparison-group design remain unresolved
cand-9948f2974958,ADVANCED MEDICAL TECHNOLOGY ASSOCIATION,1216,https://lda.gov/api/v1/clients/101988/,225a98b3-0430-4eb8-b7e6-6197ef2c7103,2007,mid_year,MM,https://lda.gov/filings/public/filing/225a98b3-0430-4eb8-b7e6-6197ef2c7103/print/,2007-08-06T14:17:44-04:00,ADVANCED MEDICAL TECHNOLOGY ASSOCIATION,"ALPINE GROUP PARTNERS, LLC.",lda-hcr,HCR,Health Issues,2007-01-01,2007-06-30,visible_lobbying,visible_lobbying_filing,1.0000,0.0800,Official LDA API,225a98b3-0430-4eb8-b7e6-6197ef2c7103|lda-hcr|2,treated_hloga_lda_client,hloga-2007-federal-lobbying-disclosure,filing_count; amount_millions,United States federal,0.8000,reviewed_exact_lda_client_name_source_row,exact-normalized-client-name-match-to-reviewed-canonical-actor,codex-source-audit,2026-07-24,https://lda.gov/filings/public/filing/225a98b3-0430-4eb8-b7e6-6197ef2c7103/print/,official LDA API filing row matched by exact normalized client name to the reviewed canonical actor; usable as treated visible-lobbying pre/post source surface only; stable cross-source LDA client-ID promotion and comparison-group design remain unresolved
cand-9948f2974958,ADVANCED MEDICAL TECHNOLOGY ASSOCIATION,1216,https://lda.gov/api/v1/clients/101988/,225a98b3-0430-4eb8-b7e6-6197ef2c7103,2007,mid_year,MM,https://lda.gov/filings/public/filing/225a98b3-0430-4eb8-b7e6-6197ef2c7103/print/,2007-08-06T14:17:44-04:00,ADVANCED MEDICAL TECHNOLOGY ASSOCIATION,"ALPINE GROUP PARTNERS, LLC.",lda-mmm,MMM,Medicare/Medicaid,2007-01-01,2007-06-30,visible_lobbying,visible_lobbying_filing,1.0000,0.0800,Official LDA API,225a98b3-0430-4eb8-b7e6-6197ef2c7103|lda-mmm|3,treated_hloga_lda_client,hloga-2007-federal-lobbying-disclosure,filing_count; amount_millions,United States federal,0.8000,reviewed_exact_lda_client_name_source_row,exact-normalized-client-name-match-to-reviewed-canonical-actor,codex-source-audit,2026-07-24,https://lda.gov/filings/public/filing/225a98b3-0430-4eb8-b7e6-6197ef2c7103/print/,official LDA API filing row matched by exact normalized client name to the reviewed canonical actor; usable as treated visible-lobbying pre/post source surface only; stable cross-source LDA client-ID promotion and comparison-group design remain unresolved
cand-9948f2974958,ADVANCED MEDICAL TECHNOLOGY ASSOCIATION,1216,https://lda.gov/api/v1/clients/101988/,225a98b3-0430-4eb8-b7e6-6197ef2c7103,2007,mid_year,MM,https://lda.gov/filings/public/filing/225a98b3-0430-4eb8-b7e6-6197ef2c7103/print/,2007-08-06T14:17:44-04:00,ADVANCED MEDICAL TECHNOLOGY ASSOCIATION,"ALPINE GROUP PARTNERS, LLC.",lda-trd,TRD,Trade (domestic/foreign),2007-01-01,2007-06-30,visible_lobbying,visible_lobbying_filing,1.0000,0.0800,Official LDA API,225a98b3-0430-4eb8-b7e6-6197ef2c7103|lda-trd|1,treated_hloga_lda_client,hloga-2007-federal-lobbying-disclosure,filing_count; amount_millions,United States federal,0.8000,reviewed_exact_lda_client_name_source_row,exact-normalized-client-name-match-to-reviewed-canonical-actor,codex-source-audit,2026-07-24,https://lda.gov/filings/public/filing/225a98b3-0430-4eb8-b7e6-6197ef2c7103/print/,official LDA API filing row matched by exact normalized client name to the reviewed canonical actor; usable as treated visible-lobbying pre/post source surface only; stable cross-source LDA client-ID promotion and comparison-group design remain unresolved
cand-9948f2974958,ADVANCED MEDICAL TECHNOLOGY ASSOCIATION,3375,https://lda.gov/api/v1/clients/113530/,3c6ee377-9add-413c-bc75-990d70efebda,2007,mid_year,MM,https://lda.gov/filings/public/filing/3c6ee377-9add-413c-bc75-990d70efebda/print/,2007-08-06T12:29:35-04:00,ADVANCED MEDICAL TECHNOLOGY ASSOCIATION,CLARK & WEINSTOCK,lda-hcr,HCR,Health Issues,2007-01-01,2007-06-30,visible_lobbying,visible_lobbying_filing,1.0000,0.1000,Official LDA API,3c6ee377-9add-413c-bc75-990d70efebda|lda-hcr|2,treated_hloga_lda_client,hloga-2007-federal-lobbying-disclosure,filing_count; amount_millions,United States federal,0.8000,reviewed_exact_lda_client_name_source_row,exact-normalized-client-name-match-to-reviewed-canonical-actor,codex-source-audit,2026-07-24,https://lda.gov/filings/public/filing/3c6ee377-9add-413c-bc75-990d70efebda/print/,official LDA API filing row matched by exact normalized client name to the reviewed canonical actor; usable as treated visible-lobbying pre/post source surface only; stable cross-source LDA client-ID promotion and comparison-group design remain unresolved
cand-9948f2974958,ADVANCED MEDICAL TECHNOLOGY ASSOCIATION,3375,https://lda.gov/api/v1/clients/113530/,3c6ee377-9add-413c-bc75-990d70efebda,2007,mid_year,MM,https://lda.gov/filings/public/filing/3c6ee377-9add-413c-bc75-990d70efebda/print/,2007-08-06T12:29:35-04:00,ADVANCED MEDICAL TECHNOLOGY ASSOCIATION,CLARK & WEINSTOCK,lda-med,MED,Medical/Disease Research/Clinical Labs,2007-01-01,2007-06-30,visible_lobbying,visible_lobbying_filing,1.0000,0.1000,Official LDA API,3c6ee377-9add-413c-bc75-990d70efebda|lda-med|4,treated_hloga_lda_client,hloga-2007-federal-lobbying-disclosure,filing_count; amount_millions,United States federal,0.8000,reviewed_exact_lda_client_name_source_row,exact-normalized-client-name-match-to-reviewed-canonical-actor,codex-source-audit,2026-07-24,https://lda.gov/filings/public/filing/3c6ee377-9add-413c-bc75-990d70efebda/print/,official LDA API filing row matched by exact normalized client name to the reviewed canonical actor; usable as treated visible-lobbying pre/post source surface only; stable cross-source LDA client-ID promotion and comparison-group design remain unresolved
cand-9948f2974958,ADVANCED MEDICAL TECHNOLOGY ASSOCIATION,3375,https://lda.gov/api/v1/clients/113530/,3c6ee377-9add-413c-bc75-990d70efebda,2007,mid_year,MM,https://lda.gov/filings/public/filing/3c6ee377-9add-413c-bc75-990d70efebda/print/,2007-08-06T12:29:35-04:00,ADVANCED MEDICAL TECHNOLOGY ASSOCIATION,CLARK & WEINSTOCK,lda-mmm,MMM,Medicare/Medicaid,2007-01-01,2007-06-30,visible_lobbying,visible_lobbying_filing,1.0000,0.1000,Official LDA API,3c6ee377-9add-413c-bc75-990d70efebda|lda-mmm|3,treated_hloga_lda_client,hloga-2007-federal-lobbying-disclosure,filing_count; amount_millions,United States federal,0.8000,reviewed_exact_lda_client_name_source_row,exact-normalized-client-name-match-to-reviewed-canonical-actor,codex-source-audit,2026-07-24,https://lda.gov/filings/public/filing/3c6ee377-9add-413c-bc75-990d70efebda/print/,official LDA API filing row matched by exact normalized client name to the reviewed canonical actor; usable as treated visible-lobbying pre/post source surface only; stable cross-source LDA client-ID promotion and comparison-group design remain unresolved
cand-9948f2974958,ADVANCED MEDICAL TECHNOLOGY ASSOCIATION,3375,https://lda.gov/api/v1/clients/113530/,3c6ee377-9add-413c-bc75-990d70efebda,2007,mid_year,MM,https://lda.gov/filings/public/filing/3c6ee377-9add-413c-bc75-990d70efebda/print/,2007-08-06T12:29:35-04:00,ADVANCED MEDICAL TECHNOLOGY ASSOCIATION,CLARK & WEINSTOCK,lda-tax,TAX,Taxation/Internal Revenue Code,2007-01-01,2007-06-30,visible_lobbying,visible_lobbying_filing,1.0000,0.1000,Official LDA API,3c6ee377-9add-413c-bc75-990d70efebda|lda-tax|1,treated_hloga_lda_client,hloga-2007-federal-lobbying-disclosure,filing_count; amount_millions,United States federal,0.8000,reviewed_exact_lda_client_name_source_row,exact-normalized-client-name-match-to-reviewed-canonical-actor,codex-source-audit,2026-07-24,https://lda.gov/filings/public/filing/3c6ee377-9add-413c-bc75-990d70efebda/print/,official LDA API filing row matched by exact normalized client name to the reviewed canonical actor; usable as treated visible-lobbying pre/post source surface only; stable cross-source LDA client-ID promotion and comparison-group design remain unresolved
cand-9948f2974958,ADVANCED MEDICAL TECHNOLOGY ASSOCIATION,1001887,https://lda.gov/api/v1/clients/170777/,4b2544ae-3b74-42a3-991e-4d81511271c5,2007,mid_year,MM,https://lda.gov/filings/public/filing/4b2544ae-3b74-42a3-991e-4d81511271c5/print/,2007-07-31T14:42:21-04:00,ADVANCED MEDICAL TECHNOLOGY ASSOCIATION,GOODWIN PROCTER LLP,lda-gov,GOV,Government Issues,2007-01-01,2007-06-30,visible_lobbying,visible_lobbying_filing,1.0000,0.1400,Official LDA API,4b2544ae-3b74-42a3-991e-4d81511271c5|lda-gov|1,treated_hloga_lda_client,hloga-2007-federal-lobbying-disclosure,filing_count; amount_millions,United States federal,0.8000,reviewed_exact_lda_client_name_source_row,exact-normalized-client-name-match-to-reviewed-canonical-actor,codex-source-audit,2026-07-24,https://lda.gov/filings/public/filing/4b2544ae-3b74-42a3-991e-4d81511271c5/print/,official LDA API filing row matched by exact normalized client name to the reviewed canonical actor; usable as treated visible-lobbying pre/post source surface only; stable cross-source LDA client-ID promotion and comparison-group design remain unresolved
cand-9948f2974958,ADVANCED MEDICAL TECHNOLOGY ASSOCIATION,1001887,https://lda.gov/api/v1/clients/170777/,a597046f-8e2d-4247-aafa-b85f89baec9e,2007,mid_year,RR,https://lda.gov/filings/public/filing/a597046f-8e2d-4247-aafa-b85f89baec9e/print/,2007-04-23T13:56:29-04:00,ADVANCED MEDICAL TECHNOLOGY ASSOCIATION,GOODWIN PROCTER LLP,lda-gov,GOV,Government Issues,2007-01-01,2007-06-30,visible_lobbying,visible_lobbying_filing,1.0000,0.0000,Official LDA API,a597046f-8e2d-4247-aafa-b85f89baec9e|lda-gov|3,treated_hloga_lda_client,hloga-2007-federal-lobbying-disclosure,filing_count; amount_millions,United States federal,0.8000,reviewed_exact_lda_client_name_source_row,exact-normalized-client-name-match-to-reviewed-canonical-actor,codex-source-audit,2026-07-24,https://lda.gov/filings/public/filing/a597046f-8e2d-4247-aafa-b85f89baec9e/print/,official LDA API filing row matched by exact normalized client name to the reviewed canonical actor; usable as treated visible-lobbying pre/post source surface only; stable cross-source LDA client-ID promotion and comparison-group design remain unresolved
cand-9948f2974958,ADVANCED MEDICAL TECHNOLOGY ASSOCIATION,1001887,https://lda.gov/api/v1/clients/170777/,a597046f-8e2d-4247-aafa-b85f89baec9e,2007,mid_year,RR,https://lda.gov/filings/public/filing/a597046f-8e2d-4247-aafa-b85f89baec9e/print/,2007-04-23T13:56:29-04:00,ADVANCED MEDICAL TECHNOLOGY ASSOCIATION,GOODWIN PROCTER LLP,lda-hcr,HCR,Health Issues,2007-01-01,2007-06-30,visible_lobbying,visible_lobbying_filing,1.0000,0.0000,Official LDA API,a597046f-8e2d-4247-aafa-b85f89baec9e|lda-hcr|2,treated_hloga_lda_client,hloga-2007-federal-lobbying-disclosure,filing_count; amount_millions,United States federal,0.8000,reviewed_exact_lda_client_name_source_row,exact-normalized-client-name-match-to-reviewed-canonical-actor,codex-source-audit,2026-07-24,https://lda.gov/filings/public/filing/a597046f-8e2d-4247-aafa-b85f89baec9e/print/,official LDA API filing row matched by exact normalized client name to the reviewed canonical actor; usable as treated visible-lobbying pre/post source surface only; stable cross-source LDA client-ID promotion and comparison-group design remain unresolved
cand-9948f2974958,ADVANCED MEDICAL TECHNOLOGY ASSOCIATION,1001887,https://lda.gov/api/v1/clients/170777/,a597046f-8e2d-4247-aafa-b85f89baec9e,2007,mid_year,RR,https://lda.gov/filings/public/filing/a597046f-8e2d-4247-aafa-b85f89baec9e/print/,2007-04-23T13:56:29-04:00,ADVANCED MEDICAL TECHNOLOGY ASSOCIATION,GOODWIN PROCTER LLP,lda-med,MED,Medical/Disease Research/Clinical Labs,2007-01-01,2007-06-30,visible_lobbying,visible_lobbying_filing,1.0000,0.0000,Official LDA API,a597046f-8e2d-4247-aafa-b85f89baec9e|lda-med|4,treated_hloga_lda_client,hloga-2007-federal-lobbying-disclosure,filing_count; amount_millions,United States federal,0.8000,reviewed_exact_lda_client_name_source_row,exact-normalized-client-name-match-to-reviewed-canonical-actor,codex-source-audit,2026-07-24,https://lda.gov/filings/public/filing/a597046f-8e2d-4247-aafa-b85f89baec9e/print/,official LDA API filing row matched by exact normalized client name to the reviewed canonical actor; usable as treated visible-lobbying pre/post source surface only; stable cross-source LDA client-ID promotion and comparison-group design remain unresolved
cand-9948f2974958,ADVANCED MEDICAL TECHNOLOGY ASSOCIATION,1001887,https://lda.gov/api/v1/clients/170777/,a597046f-8e2d-4247-aafa-b85f89baec9e,2007,mid_year,RR,https://lda.gov/filings/public/filing/a597046f-8e2d-4247-aafa-b85f89baec9e/print/,2007-04-23T13:56:29-04:00,ADVANCED MEDICAL TECHNOLOGY ASSOCIATION,GOODWIN PROCTER LLP,lda-trd,TRD,Trade (domestic/foreign),2007-01-01,2007-06-30,visible_lobbying,visible_lobbying_filing,1.0000,0.0000,Official LDA API,a597046f-8e2d-4247-aafa-b85f89baec9e|lda-trd|1,treated_hloga_lda_client,hloga-2007-federal-lobbying-disclosure,filing_count; amount_millions,United States federal,0.8000,reviewed_exact_lda_client_name_source_row,exact-normalized-client-name-match-to-reviewed-canonical-actor,codex-source-audit,2026-07-24,https://lda.gov/filings/public/filing/a597046f-8e2d-4247-aafa-b85f89baec9e/print/,official LDA API filing row matched by exact normalized client name to the reviewed canonical actor; usable as treated visible-lobbying pre/post source surface only; stable cross-source LDA client-ID promotion and comparison-group design remain unresolved
cand-9948f2974958,ADVANCED MEDICAL TECHNOLOGY ASSOCIATION,3375,https://lda.gov/api/v1/clients/113530/,189029b3-8c94-4537-98a5-c0e9ac16acca,2007,year_end,YT,https://lda.gov/filings/public/filing/189029b3-8c94-4537-98a5-c0e9ac16acca/print/,2008-02-06T09:44:49.870000-05:00,ADVANCED MEDICAL TECHNOLOGY ASSOCIATION,CLARK & WEINSTOCK,lda-hcr,HCR,Health Issues,2007-07-01,2007-12-31,visible_lobbying,visible_lobbying_filing,1.0000,0.0400,Official LDA API,189029b3-8c94-4537-98a5-c0e9ac16acca|lda-hcr|2,treated_hloga_lda_client,hloga-2007-federal-lobbying-disclosure,filing_count; amount_millions,United States federal,0.8000,reviewed_exact_lda_client_name_source_row,exact-normalized-client-name-match-to-reviewed-canonical-actor,codex-source-audit,2026-07-24,https://lda.gov/filings/public/filing/189029b3-8c94-4537-98a5-c0e9ac16acca/print/,official LDA API filing row matched by exact normalized client name to the reviewed canonical actor; usable as treated visible-lobbying pre/post source surface only; stable cross-source LDA client-ID promotion and comparison-group design remain unresolved
cand-9948f2974958,ADVANCED MEDICAL TECHNOLOGY ASSOCIATION,3375,https://lda.gov/api/v1/clients/113530/,189029b3-8c94-4537-98a5-c0e9ac16acca,2007,year_end,YT,https://lda.gov/filings/public/filing/189029b3-8c94-4537-98a5-c0e9ac16acca/print/,2008-02-06T09:44:49.870000-05:00,ADVANCED MEDICAL TECHNOLOGY ASSOCIATION,CLARK & WEINSTOCK,lda-med,MED,Medical/Disease Research/Clinical Labs,2007-07-01,2007-12-31,visible_lobbying,visible_lobbying_filing,1.0000,0.0400,Official LDA API,189029b3-8c94-4537-98a5-c0e9ac16acca|lda-med|4,treated_hloga_lda_client,hloga-2007-federal-lobbying-disclosure,filing_count; amount_millions,United States federal,0.8000,reviewed_exact_lda_client_name_source_row,exact-normalized-client-name-match-to-reviewed-canonical-actor,codex-source-audit,2026-07-24,https://lda.gov/filings/public/filing/189029b3-8c94-4537-98a5-c0e9ac16acca/print/,official LDA API filing row matched by exact normalized client name to the reviewed canonical actor; usable as treated visible-lobbying pre/post source surface only; stable cross-source LDA client-ID promotion and comparison-group design remain unresolved
cand-9948f2974958,ADVANCED MEDICAL TECHNOLOGY ASSOCIATION,3375,https://lda.gov/api/v1/clients/113530/,189029b3-8c94-4537-98a5-c0e9ac16acca,2007,year_end,YT,https://lda.gov/filings/public/filing/189029b3-8c94-4537-98a5-c0e9ac16acca/print/,2008-02-06T09:44:49.870000-05:00,ADVANCED MEDICAL TECHNOLOGY ASSOCIATION,CLARK & WEINSTOCK,lda-mmm,MMM,Medicare/Medicaid,2007-07-01,2007-12-31,visible_lobbying,visible_lobbying_filing,1.0000,0.0400,Official LDA API,189029b3-8c94-4537-98a5-c0e9ac16acca|lda-mmm|3,treated_hloga_lda_client,hloga-2007-federal-lobbying-disclosure,filing_count; amount_millions,United States federal,0.8000,reviewed_exact_lda_client_name_source_row,exact-normalized-client-name-match-to-reviewed-canonical-actor,codex-source-audit,2026-07-24,https://lda.gov/filings/public/filing/189029b3-8c94-4537-98a5-c0e9ac16acca/print/,official LDA API filing row matched by exact normalized client name to the reviewed canonical actor; usable as treated visible-lobbying pre/post source surface only; stable cross-source LDA client-ID promotion and comparison-group design remain unresolved
cand-9948f2974958,ADVANCED MEDICAL TECHNOLOGY ASSOCIATION,3375,https://lda.gov/api/v1/clients/113530/,189029b3-8c94-4537-98a5-c0e9ac16acca,2007,year_end,YT,https://lda.gov/filings/public/filing/189029b3-8c94-4537-98a5-c0e9ac16acca/print/,2008-02-06T09:44:49.870000-05:00,ADVANCED MEDICAL TECHNOLOGY ASSOCIATION,CLARK & WEINSTOCK,lda-tax,TAX,Taxation/Internal Revenue Code,2007-07-01,2007-12-31,visible_lobbying,visible_lobbying_filing,1.0000,0.0400,Official LDA API,189029b3-8c94-4537-98a5-c0e9ac16acca|lda-tax|1,treated_hloga_lda_client,hloga-2007-federal-lobbying-disclosure,filing_count; amount_millions,United States federal,0.8000,reviewed_exact_lda_client_name_source_row,exact-normalized-client-name-match-to-reviewed-canonical-actor,codex-source-audit,2026-07-24,https://lda.gov/filings/public/filing/189029b3-8c94-4537-98a5-c0e9ac16acca/print/,official LDA API filing row matched by exact normalized client name to the reviewed canonical actor; usable as treated visible-lobbying pre/post source surface only; stable cross-source LDA client-ID promotion and comparison-group design remain unresolved
cand-9948f2974958,ADVANCED MEDICAL TECHNOLOGY ASSOCIATION,1216,https://lda.gov/api/v1/clients/101988/,2ee78b37-6841-4399-88a2-5c68c873bce2,2007,year_end,YY,https://lda.gov/filings/public/filing/2ee78b37-6841-4399-88a2-5c68c873bce2/print/,2008-02-12T16:10:15-05:00,ADVANCED MEDICAL TECHNOLOGY ASSOCIATION,"ALPINE GROUP PARTNERS, LLC.",lda-ani,ANI,Animals,2007-07-01,2007-12-31,visible_lobbying,visible_lobbying_filing,1.0000,0.1200,Official LDA API,2ee78b37-6841-4399-88a2-5c68c873bce2|lda-ani|5,treated_hloga_lda_client,hloga-2007-federal-lobbying-disclosure,filing_count; amount_millions,United States federal,0.8000,reviewed_exact_lda_client_name_source_row,exact-normalized-client-name-match-to-reviewed-canonical-actor,codex-source-audit,2026-07-24,https://lda.gov/filings/public/filing/2ee78b37-6841-4399-88a2-5c68c873bce2/print/,official LDA API filing row matched by exact normalized client name to the reviewed canonical actor; usable as treated visible-lobbying pre/post source surface only; stable cross-source LDA client-ID promotion and comparison-group design remain unresolved
cand-9948f2974958,ADVANCED MEDICAL TECHNOLOGY ASSOCIATION,1216,https://lda.gov/api/v1/clients/101988/,2ee78b37-6841-4399-88a2-5c68c873bce2,2007,year_end,YY,https://lda.gov/filings/public/filing/2ee78b37-6841-4399-88a2-5c68c873bce2/print/,2008-02-12T16:10:15-05:00,ADVANCED MEDICAL TECHNOLOGY ASSOCIATION,"ALPINE GROUP PARTNERS, LLC.",lda-bud,BUD,Budget/Appropriations,2007-07-01,2007-12-31,visible_lobbying,visible_lobbying_filing,1.0000,0.1200,Official LDA API,2ee78b37-6841-4399-88a2-5c68c873bce2|lda-bud|4,treated_hloga_lda_client,hloga-2007-federal-lobbying-disclosure,filing_count; amount_millions,United States federal,0.8000,reviewed_exact_lda_client_name_source_row,exact-normalized-client-name-match-to-reviewed-canonical-actor,codex-source-audit,2026-07-24,https://lda.gov/filings/public/filing/2ee78b37-6841-4399-88a2-5c68c873bce2/print/,official LDA API filing row matched by exact normalized client name to the reviewed canonical actor; usable as treated visible-lobbying pre/post source surface only; stable cross-source LDA client-ID promotion and comparison-group design remain unresolved
cand-9948f2974958,ADVANCED MEDICAL TECHNOLOGY ASSOCIATION,1216,https://lda.gov/api/v1/clients/101988/,2ee78b37-6841-4399-88a2-5c68c873bce2,2007,year_end,YY,https://lda.gov/filings/public/filing/2ee78b37-6841-4399-88a2-5c68c873bce2/print/,2008-02-12T16:10:15-05:00,ADVANCED MEDICAL TECHNOLOGY ASSOCIATION,"ALPINE GROUP PARTNERS, LLC.",lda-hcr,HCR,Health Issues,2007-07-01,2007-12-31,visible_lobbying,visible_lobbying_filing,1.0000,0.1200,Official LDA API,2ee78b37-6841-4399-88a2-5c68c873bce2|lda-hcr|2,treated_hloga_lda_client,hloga-2007-federal-lobbying-disclosure,filing_count; amount_millions,United States federal,0.8000,reviewed_exact_lda_client_name_source_row,exact-normalized-client-name-match-to-reviewed-canonical-actor,codex-source-audit,2026-07-24,https://lda.gov/filings/public/filing/2ee78b37-6841-4399-88a2-5c68c873bce2/print/,official LDA API filing row matched by exact normalized client name to the reviewed canonical actor; usable as treated visible-lobbying pre/post source surface only; stable cross-source LDA client-ID promotion and comparison-group design remain unresolved
cand-9948f2974958,ADVANCED MEDICAL TECHNOLOGY ASSOCIATION,1216,https://lda.gov/api/v1/clients/101988/,2ee78b37-6841-4399-88a2-5c68c873bce2,2007,year_end,YY,https://lda.gov/filings/public/filing/2ee78b37-6841-4399-88a2-5c68c873bce2/print/,2008-02-12T16:10:15-05:00,ADVANCED MEDICAL TECHNOLOGY ASSOCIATION,"ALPINE GROUP PARTNERS, LLC.",lda-mmm,MMM,Medicare/Medicaid,2007-07-01,2007-12-31,visible_lobbying,visible_lobbying_filing,1.0000,0.1200,Official LDA API,2ee78b37-6841-4399-88a2-5c68c873bce2|lda-mmm|3,treated_hloga_lda_client,hloga-2007-federal-lobbying-disclosure,filing_count; amount_millions,United States federal,0.8000,reviewed_exact_lda_client_name_source_row,exact-normalized-client-name-match-to-reviewed-canonical-actor,codex-source-audit,2026-07-24,https://lda.gov/filings/public/filing/2ee78b37-6841-4399-88a2-5c68c873bce2/print/,official LDA API filing row matched by exact normalized client name to the reviewed canonical actor; usable as treated visible-lobbying pre/post source surface only; stable cross-source LDA client-ID promotion and comparison-group design remain unresolved
cand-9948f2974958,ADVANCED MEDICAL TECHNOLOGY ASSOCIATION,1216,https://lda.gov/api/v1/clients/101988/,2ee78b37-6841-4399-88a2-5c68c873bce2,2007,year_end,YY,https://lda.gov/filings/public/filing/2ee78b37-6841-4399-88a2-5c68c873bce2/print/,2008-02-12T16:10:15-05:00,ADVANCED MEDICAL TECHNOLOGY ASSOCIATION,"ALPINE GROUP PARTNERS, LLC.",lda-trd,TRD,Trade (domestic/foreign),2007-07-01,2007-12-31,visible_lobbying,visible_lobbying_filing,1.0000,0.1200,Official LDA API,2ee78b37-6841-4399-88a2-5c68c873bce2|lda-trd|1,treated_hloga_lda_client,hloga-2007-federal-lobbying-disclosure,filing_count; amount_millions,United States federal,0.8000,reviewed_exact_lda_client_name_source_row,exact-normalized-client-name-match-to-reviewed-canonical-actor,codex-source-audit,2026-07-24,https://lda.gov/filings/public/filing/2ee78b37-6841-4399-88a2-5c68c873bce2/print/,official LDA API filing row matched by exact normalized client name to the reviewed canonical actor; usable as treated visible-lobbying pre/post source surface only; stable cross-source LDA client-ID promotion and comparison-group design remain unresolved
cand-9948f2974958,ADVANCED MEDICAL TECHNOLOGY ASSOCIATION,1001887,https://lda.gov/api/v1/clients/170777/,41307b37-3c34-4810-98d0-2c4f8731d114,2007,year_end,YT,https://lda.gov/filings/public/filing/41307b37-3c34-4810-98d0-2c4f8731d114/print/,2008-02-04T12:50:52.593000-05:00,ADVANCED MEDICAL TECHNOLOGY ASSOCIATION,GOODWIN PROCTER LLP,lda-gov,GOV,Government Issues,2007-07-01,2007-12-31,visible_lobbying,visible_lobbying_filing,1.0000,0.0600,Official LDA API,41307b37-3c34-4810-98d0-2c4f8731d114|lda-gov|1,treated_hloga_lda_client,hloga-2007-federal-lobbying-disclosure,filing_count; amount_millions,United States federal,0.8000,reviewed_exact_lda_client_name_source_row,exact-normalized-client-name-match-to-reviewed-canonical-actor,codex-source-audit,2026-07-24,https://lda.gov/filings/public/filing/41307b37-3c34-4810-98d0-2c4f8731d114/print/,official LDA API filing row matched by exact normalized client name to the reviewed canonical actor; usable as treated visible-lobbying pre/post source surface only; stable cross-source LDA client-ID promotion and comparison-group design remain unresolved
cand-9948f2974958,ADVANCED MEDICAL TECHNOLOGY ASSOCIATION,898,https://lda.gov/api/v1/clients/175235/,64c3c987-8b70-4110-bb91-44c5c269f699,2007,year_end,YY,https://lda.gov/filings/public/filing/64c3c987-8b70-4110-bb91-44c5c269f699/print/,2008-02-14T16:48:23-05:00,ADVANCED MEDICAL TECHNOLOGY ASSOCIATION,CAUTHEN FORBES & WILLIAMS,lda-bud,BUD,Budget/Appropriations,2007-07-01,2007-12-31,visible_lobbying,visible_lobbying_filing,1.0000,0.0400,Official LDA API,64c3c987-8b70-4110-bb91-44c5c269f699|lda-bud|1,treated_hloga_lda_client,hloga-2007-federal-lobbying-disclosure,filing_count; amount_millions,United States federal,0.8000,reviewed_exact_lda_client_name_source_row,exact-normalized-client-name-match-to-reviewed-canonical-actor,codex-source-audit,2026-07-24,https://lda.gov/filings/public/filing/64c3c987-8b70-4110-bb91-44c5c269f699/print/,official LDA API filing row matched by exact normalized client name to the reviewed canonical actor; usable as treated visible-lobbying pre/post source surface only; stable cross-source LDA client-ID promotion and comparison-group design remain unresolved
cand-9948f2974958,ADVANCED MEDICAL TECHNOLOGY ASSOCIATION,898,https://lda.gov/api/v1/clients/175235/,64c3c987-8b70-4110-bb91-44c5c269f699,2007,year_end,YY,https://lda.gov/filings/public/filing/64c3c987-8b70-4110-bb91-44c5c269f699/print/,2008-02-14T16:48:23-05:00,ADVANCED MEDICAL TECHNOLOGY ASSOCIATION,CAUTHEN FORBES & WILLIAMS,lda-hcr,HCR,Health Issues,2007-07-01,2007-12-31,visible_lobbying,visible_lobbying_filing,1.0000,0.0400,Official LDA API,64c3c987-8b70-4110-bb91-44c5c269f699|lda-hcr|3,treated_hloga_lda_client,hloga-2007-federal-lobbying-disclosure,filing_count; amount_millions,United States federal,0.8000,reviewed_exact_lda_client_name_source_row,exact-normalized-client-name-match-to-reviewed-canonical-actor,codex-source-audit,2026-07-24,https://lda.gov/filings/public/filing/64c3c987-8b70-4110-bb91-44c5c269f699/print/,official LDA API filing row matched by exact normalized client name to the reviewed canonical actor; usable as treated visible-lobbying pre/post source surface only; stable cross-source LDA client-ID promotion and comparison-group design remain unresolved
cand-9948f2974958,ADVANCED MEDICAL TECHNOLOGY ASSOCIATION,898,https://lda.gov/api/v1/clients/175235/,64c3c987-8b70-4110-bb91-44c5c269f699,2007,year_end,YY,https://lda.gov/filings/public/filing/64c3c987-8b70-4110-bb91-44c5c269f699/print/,2008-02-14T16:48:23-05:00,ADVANCED MEDICAL TECHNOLOGY ASSOCIATION,CAUTHEN FORBES & WILLIAMS,lda-mmm,MMM,Medicare/Medicaid,2007-07-01,2007-12-31,visible_lobbying,visible_lobbying_filing,1.0000,0.0400,Official LDA API,64c3c987-8b70-4110-bb91-44c5c269f699|lda-mmm|2,treated_hloga_lda_client,hloga-2007-federal-lobbying-disclosure,filing_count; amount_millions,United States federal,0.8000,reviewed_exact_lda_client_name_source_row,exact-normalized-client-name-match-to-reviewed-canonical-actor,codex-source-audit,2026-07-24,https://lda.gov/filings/public/filing/64c3c987-8b70-4110-bb91-44c5c269f699/print/,official LDA API filing row matched by exact normalized client name to the reviewed canonical actor; usable as treated visible-lobbying pre/post source surface only; stable cross-source LDA client-ID promotion and comparison-group design remain unresolved
cand-9948f2974958,ADVANCED MEDICAL TECHNOLOGY ASSOCIATION,898,https://lda.gov/api/v1/clients/175235/,d21244b0-f09c-475a-97b2-16e1ca66a014,2007,year_end,RR,https://lda.gov/filings/public/filing/d21244b0-f09c-475a-97b2-16e1ca66a014/print/,2007-12-07T00:00:00-05:00,ADVANCED MEDICAL TECHNOLOGY ASSOCIATION,CAUTHEN FORBES & WILLIAMS,lda-bud,BUD,Budget/Appropriations,2007-07-01,2007-12-31,visible_lobbying,visible_lobbying_filing,1.0000,0.0000,Official LDA API,d21244b0-f09c-475a-97b2-16e1ca66a014|lda-bud|3,treated_hloga_lda_client,hloga-2007-federal-lobbying-disclosure,filing_count; amount_millions,United States federal,0.8000,reviewed_exact_lda_client_name_source_row,exact-normalized-client-name-match-to-reviewed-canonical-actor,codex-source-audit,2026-07-24,https://lda.gov/filings/public/filing/d21244b0-f09c-475a-97b2-16e1ca66a014/print/,official LDA API filing row matched by exact normalized client name to the reviewed canonical actor; usable as treated visible-lobbying pre/post source surface only; stable cross-source LDA client-ID promotion and comparison-group design remain unresolved
cand-9948f2974958,ADVANCED MEDICAL TECHNOLOGY ASSOCIATION,898,https://lda.gov/api/v1/clients/175235/,d21244b0-f09c-475a-97b2-16e1ca66a014,2007,year_end,RR,https://lda.gov/filings/public/filing/d21244b0-f09c-475a-97b2-16e1ca66a014/print/,2007-12-07T00:00:00-05:00,ADVANCED MEDICAL TECHNOLOGY ASSOCIATION,CAUTHEN FORBES & WILLIAMS,lda-hcr,HCR,Health Issues,2007-07-01,2007-12-31,visible_lobbying,visible_lobbying_filing,1.0000,0.0000,Official LDA API,d21244b0-f09c-475a-97b2-16e1ca66a014|lda-hcr|1,treated_hloga_lda_client,hloga-2007-federal-lobbying-disclosure,filing_count; amount_millions,United States federal,0.8000,reviewed_exact_lda_client_name_source_row,exact-normalized-client-name-match-to-reviewed-canonical-actor,codex-source-audit,2026-07-24,https://lda.gov/filings/public/filing/d21244b0-f09c-475a-97b2-16e1ca66a014/print/,official LDA API filing row matched by exact normalized client name to the reviewed canonical actor; usable as treated visible-lobbying pre/post source surface only; stable cross-source LDA client-ID promotion and comparison-group design remain unresolved
cand-9948f2974958,ADVANCED MEDICAL TECHNOLOGY ASSOCIATION,898,https://lda.gov/api/v1/clients/175235/,d21244b0-f09c-475a-97b2-16e1ca66a014,2007,year_end,RR,https://lda.gov/filings/public/filing/d21244b0-f09c-475a-97b2-16e1ca66a014/print/,2007-12-07T00:00:00-05:00,ADVANCED MEDICAL TECHNOLOGY ASSOCIATION,CAUTHEN FORBES & WILLIAMS,lda-mmm,MMM,Medicare/Medicaid,2007-07-01,2007-12-31,visible_lobbying,visible_lobbying_filing,1.0000,0.0000,Official LDA API,d21244b0-f09c-475a-97b2-16e1ca66a014|lda-mmm|2,treated_hloga_lda_client,hloga-2007-federal-lobbying-disclosure,filing_count; amount_millions,United States federal,0.8000,reviewed_exact_lda_client_name_source_row,exact-normalized-client-name-match-to-reviewed-canonical-actor,codex-source-audit,2026-07-24,https://lda.gov/filings/public/filing/d21244b0-f09c-475a-97b2-16e1ca66a014/print/,official LDA API filing row matched by exact normalized client name to the reviewed canonical actor; usable as treated visible-lobbying pre/post source surface only; stable cross-source LDA client-ID promotion and comparison-group design remain unresolved
cand-9948f2974958,ADVANCED MEDICAL TECHNOLOGY ASSOCIATION,1216,https://lda.gov/api/v1/clients/101988/,685152c3-01af-4b8d-aae8-d89dd3c457da,2008,first_quarter,Q1,https://lda.gov/filings/public/filing/685152c3-01af-4b8d-aae8-d89dd3c457da/print/,2008-04-21T09:23:22-04:00,ADVANCED MEDICAL TECHNOLOGY ASSOCIATION,"ALPINE GROUP PARTNERS, LLC.",lda-ani,ANI,Animals,2008-01-01,2008-03-31,visible_lobbying,visible_lobbying_filing,1.0000,0.0400,Official LDA API,685152c3-01af-4b8d-aae8-d89dd3c457da|lda-ani|5,treated_hloga_lda_client,hloga-2007-federal-lobbying-disclosure,filing_count; amount_millions,United States federal,0.8000,reviewed_exact_lda_client_name_source_row,exact-normalized-client-name-match-to-reviewed-canonical-actor,codex-source-audit,2026-07-24,https://lda.gov/filings/public/filing/685152c3-01af-4b8d-aae8-d89dd3c457da/print/,official LDA API filing row matched by exact normalized client name to the reviewed canonical actor; usable as treated visible-lobbying pre/post source surface only; stable cross-source LDA client-ID promotion and comparison-group design remain unresolved
cand-9948f2974958,ADVANCED MEDICAL TECHNOLOGY ASSOCIATION,1216,https://lda.gov/api/v1/clients/101988/,685152c3-01af-4b8d-aae8-d89dd3c457da,2008,first_quarter,Q1,https://lda.gov/filings/public/filing/685152c3-01af-4b8d-aae8-d89dd3c457da/print/,2008-04-21T09:23:22-04:00,ADVANCED MEDICAL TECHNOLOGY ASSOCIATION,"ALPINE GROUP PARTNERS, LLC.",lda-bud,BUD,Budget/Appropriations,2008-01-01,2008-03-31,visible_lobbying,visible_lobbying_filing,1.0000,0.0400,Official LDA API,685152c3-01af-4b8d-aae8-d89dd3c457da|lda-bud|4,treated_hloga_lda_client,hloga-2007-federal-lobbying-disclosure,filing_count; amount_millions,United States federal,0.8000,reviewed_exact_lda_client_name_source_row,exact-normalized-client-name-match-to-reviewed-canonical-actor,codex-source-audit,2026-07-24,https://lda.gov/filings/public/filing/685152c3-01af-4b8d-aae8-d89dd3c457da/print/,official LDA API filing row matched by exact normalized client name to the reviewed canonical actor; usable as treated visible-lobbying pre/post source surface only; stable cross-source LDA client-ID promotion and comparison-group design remain unresolved
cand-9948f2974958,ADVANCED MEDICAL TECHNOLOGY ASSOCIATION,1216,https://lda.gov/api/v1/clients/101988/,685152c3-01af-4b8d-aae8-d89dd3c457da,2008,first_quarter,Q1,https://lda.gov/filings/public/filing/685152c3-01af-4b8d-aae8-d89dd3c457da/print/,2008-04-21T09:23:22-04:00,ADVANCED MEDICAL TECHNOLOGY ASSOCIATION,"ALPINE GROUP PARTNERS, LLC.",lda-hcr,HCR,Health Issues,2008-01-01,2008-03-31,visible_lobbying,visible_lobbying_filing,1.0000,0.0400,Official LDA API,685152c3-01af-4b8d-aae8-d89dd3c457da|lda-hcr|2,treated_hloga_lda_client,hloga-2007-federal-lobbying-disclosure,filing_count; amount_millions,United States federal,0.8000,reviewed_exact_lda_client_name_source_row,exact-normalized-client-name-match-to-reviewed-canonical-actor,codex-source-audit,2026-07-24,https://lda.gov/filings/public/filing/685152c3-01af-4b8d-aae8-d89dd3c457da/print/,official LDA API filing row matched by exact normalized client name to the reviewed canonical actor; usable as treated visible-lobbying pre/post source surface only; stable cross-source LDA client-ID promotion and comparison-group design remain unresolved
cand-9948f2974958,ADVANCED MEDICAL TECHNOLOGY ASSOCIATION,1216,https://lda.gov/api/v1/clients/101988/,685152c3-01af-4b8d-aae8-d89dd3c457da,2008,first_quarter,Q1,https://lda.gov/filings/public/filing/685152c3-01af-4b8d-aae8-d89dd3c457da/print/,2008-04-21T09:23:22-04:00,ADVANCED MEDICAL TECHNOLOGY ASSOCIATION,"ALPINE GROUP PARTNERS, LLC.",lda-mmm,MMM,Medicare/Medicaid,2008-01-01,2008-03-31,visible_lobbying,visible_lobbying_filing,1.0000,0.0400,Official LDA API,685152c3-01af-4b8d-aae8-d89dd3c457da|lda-mmm|3,treated_hloga_lda_client,hloga-2007-federal-lobbying-disclosure,filing_count; amount_millions,United States federal,0.8000,reviewed_exact_lda_client_name_source_row,exact-normalized-client-name-match-to-reviewed-canonical-actor,codex-source-audit,2026-07-24,https://lda.gov/filings/public/filing/685152c3-01af-4b8d-aae8-d89dd3c457da/print/,official LDA API filing row matched by exact normalized client name to the reviewed canonical actor; usable as treated visible-lobbying pre/post source surface only; stable cross-source LDA client-ID promotion and comparison-group design remain unresolved
cand-9948f2974958,ADVANCED MEDICAL TECHNOLOGY ASSOCIATION,1216,https://lda.gov/api/v1/clients/101988/,685152c3-01af-4b8d-aae8-d89dd3c457da,2008,first_quarter,Q1,https://lda.gov/filings/public/filing/685152c3-01af-4b8d-aae8-d89dd3c457da/print/,2008-04-21T09:23:22-04:00,ADVANCED MEDICAL TECHNOLOGY ASSOCIATION,"ALPINE GROUP PARTNERS, LLC.",lda-trd,TRD,Trade (domestic/foreign),2008-01-01,2008-03-31,visible_lobbying,visible_lobbying_filing,1.0000,0.0400,Official LDA API,685152c3-01af-4b8d-aae8-d89dd3c457da|lda-trd|1,treated_hloga_lda_client,hloga-2007-federal-lobbying-disclosure,filing_count; amount_millions,United States federal,0.8000,reviewed_exact_lda_client_name_source_row,exact-normalized-client-name-match-to-reviewed-canonical-actor,codex-source-audit,2026-07-24,https://lda.gov/filings/public/filing/685152c3-01af-4b8d-aae8-d89dd3c457da/print/,official LDA API filing row matched by exact normalized client name to the reviewed canonical actor; usable as treated visible-lobbying pre/post source surface only; stable cross-source LDA client-ID promotion and comparison-group design remain unresolved
cand-9948f2974958,ADVANCED MEDICAL TECHNOLOGY ASSOCIATION,1001887,https://lda.gov/api/v1/clients/170777/,8c55c270-ecfa-4a83-86e1-9cdbe405996f,2008,first_quarter,1TY,https://lda.gov/filings/public/filing/8c55c270-ecfa-4a83-86e1-9cdbe405996f/print/,2008-04-07T16:05:26-04:00,ADVANCED MEDICAL TECHNOLOGY ASSOCIATION,GOODWIN PROCTER LLP,lda-uns,UNS,Unspecified,2008-01-01,2008-03-31,visible_lobbying,visible_lobbying_filing,1.0000,0.0000,Official LDA API,8c55c270-ecfa-4a83-86e1-9cdbe405996f|lda-uns|1,treated_hloga_lda_client,hloga-2007-federal-lobbying-disclosure,filing_count; amount_millions,United States federal,0.8000,reviewed_exact_lda_client_name_source_row,exact-normalized-client-name-match-to-reviewed-canonical-actor,codex-source-audit,2026-07-24,https://lda.gov/filings/public/filing/8c55c270-ecfa-4a83-86e1-9cdbe405996f/print/,official LDA API filing row matched by exact normalized client name to the reviewed canonical actor; usable as treated visible-lobbying pre/post source surface only; stable cross-source LDA client-ID promotion and comparison-group design remain unresolved
cand-9948f2974958,ADVANCED MEDICAL TECHNOLOGY ASSOCIATION,898,https://lda.gov/api/v1/clients/175235/,ec17ae11-6020-4989-9b73-25fb21bb9bae,2008,first_quarter,Q1,https://lda.gov/filings/public/filing/ec17ae11-6020-4989-9b73-25fb21bb9bae/print/,2008-04-16T11:37:54-04:00,ADVANCED MEDICAL TECHNOLOGY ASSOCIATION,CAUTHEN FORBES & WILLIAMS,lda-hcr,HCR,Health Issues,2008-01-01,2008-03-31,visible_lobbying,visible_lobbying_filing,1.0000,0.0500,Official LDA API,ec17ae11-6020-4989-9b73-25fb21bb9bae|lda-hcr|1,treated_hloga_lda_client,hloga-2007-federal-lobbying-disclosure,filing_count; amount_millions,United States federal,0.8000,reviewed_exact_lda_client_name_source_row,exact-normalized-client-name-match-to-reviewed-canonical-actor,codex-source-audit,2026-07-24,https://lda.gov/filings/public/filing/ec17ae11-6020-4989-9b73-25fb21bb9bae/print/,official LDA API filing row matched by exact normalized client name to the reviewed canonical actor; usable as treated visible-lobbying pre/post source surface only; stable cross-source LDA client-ID promotion and comparison-group design remain unresolved
cand-9948f2974958,ADVANCED MEDICAL TECHNOLOGY ASSOCIATION,898,https://lda.gov/api/v1/clients/175235/,ec17ae11-6020-4989-9b73-25fb21bb9bae,2008,first_quarter,Q1,https://lda.gov/filings/public/filing/ec17ae11-6020-4989-9b73-25fb21bb9bae/print/,2008-04-16T11:37:54-04:00,ADVANCED MEDICAL TECHNOLOGY ASSOCIATION,CAUTHEN FORBES & WILLIAMS,lda-mmm,MMM,Medicare/Medicaid,2008-01-01,2008-03-31,visible_lobbying,visible_lobbying_filing,1.0000,0.0500,Official LDA API,ec17ae11-6020-4989-9b73-25fb21bb9bae|lda-mmm|2,treated_hloga_lda_client,hloga-2007-federal-lobbying-disclosure,filing_count; amount_millions,United States federal,0.8000,reviewed_exact_lda_client_name_source_row,exact-normalized-client-name-match-to-reviewed-canonical-actor,codex-source-audit,2026-07-24,https://lda.gov/filings/public/filing/ec17ae11-6020-4989-9b73-25fb21bb9bae/print/,official LDA API filing row matched by exact normalized client name to the reviewed canonical actor; usable as treated visible-lobbying pre/post source surface only; stable cross-source LDA client-ID promotion and comparison-group design remain unresolved
cand-9948f2974958,ADVANCED MEDICAL TECHNOLOGY ASSOCIATION,1003643,https://lda.gov/api/v1/clients/143772/,052d2886-706b-471d-a340-136919961538,2008,second_quarter,RR,https://lda.gov/filings/public/filing/052d2886-706b-471d-a340-136919961538/print/,2008-07-17T16:08:47-04:00,ADVANCED MEDICAL TECHNOLOGY ASSOCIATION,SIDLEY AUSTIN LLP,lda-con,CON,Constitution,2008-04-01,2008-06-30,visible_lobbying,visible_lobbying_filing,1.0000,0.0000,Official LDA API,052d2886-706b-471d-a340-136919961538|lda-con|1,treated_hloga_lda_client,hloga-2007-federal-lobbying-disclosure,filing_count; amount_millions,United States federal,0.8000,reviewed_exact_lda_client_name_source_row,exact-normalized-client-name-match-to-reviewed-canonical-actor,codex-source-audit,2026-07-24,https://lda.gov/filings/public/filing/052d2886-706b-471d-a340-136919961538/print/,official LDA API filing row matched by exact normalized client name to the reviewed canonical actor; usable as treated visible-lobbying pre/post source surface only; stable cross-source LDA client-ID promotion and comparison-group design remain unresolved
cand-9948f2974958,ADVANCED MEDICAL TECHNOLOGY ASSOCIATION,1003643,https://lda.gov/api/v1/clients/143772/,052d2886-706b-471d-a340-136919961538,2008,second_quarter,RR,https://lda.gov/filings/public/filing/052d2886-706b-471d-a340-136919961538/print/,2008-07-17T16:08:47-04:00,ADVANCED MEDICAL TECHNOLOGY ASSOCIATION,SIDLEY AUSTIN LLP,lda-hcr,HCR,Health Issues,2008-04-01,2008-06-30,visible_lobbying,visible_lobbying_filing,1.0000,0.0000,Official LDA API,052d2886-706b-471d-a340-136919961538|lda-hcr|2,treated_hloga_lda_client,hloga-2007-federal-lobbying-disclosure,filing_count; amount_millions,United States federal,0.8000,reviewed_exact_lda_client_name_source_row,exact-normalized-client-name-match-to-reviewed-canonical-actor,codex-source-audit,2026-07-24,https://lda.gov/filings/public/filing/052d2886-706b-471d-a340-136919961538/print/,official LDA API filing row matched by exact normalized client name to the reviewed canonical actor; usable as treated visible-lobbying pre/post source surface only; stable cross-source LDA client-ID promotion and comparison-group design remain unresolved
cand-9948f2974958,ADVANCED MEDICAL TECHNOLOGY ASSOCIATION,898,https://lda.gov/api/v1/clients/175235/,30dde8c4-3cb3-4e78-a112-d58e9f41f1e3,2008,second_quarter,Q2,https://lda.gov/filings/public/filing/30dde8c4-3cb3-4e78-a112-d58e9f41f1e3/print/,2008-07-18T15:55:07-04:00,ADVANCED MEDICAL TECHNOLOGY ASSOCIATION,CAUTHEN FORBES & WILLIAMS,lda-hcr,HCR,Health Issues,2008-04-01,2008-06-30,visible_lobbying,visible_lobbying_filing,1.0000,0.0500,Official LDA API,30dde8c4-3cb3-4e78-a112-d58e9f41f1e3|lda-hcr|1,treated_hloga_lda_client,hloga-2007-federal-lobbying-disclosure,filing_count; amount_millions,United States federal,0.8000,reviewed_exact_lda_client_name_source_row,exact-normalized-client-name-match-to-reviewed-canonical-actor,codex-source-audit,2026-07-24,https://lda.gov/filings/public/filing/30dde8c4-3cb3-4e78-a112-d58e9f41f1e3/print/,official LDA API filing row matched by exact normalized client name to the reviewed canonical actor; usable as treated visible-lobbying pre/post source surface only; stable cross-source LDA client-ID promotion and comparison-group design remain unresolved
cand-9948f2974958,ADVANCED MEDICAL TECHNOLOGY ASSOCIATION,898,https://lda.gov/api/v1/clients/175235/,30dde8c4-3cb3-4e78-a112-d58e9f41f1e3,2008,second_quarter,Q2,https://lda.gov/filings/public/filing/30dde8c4-3cb3-4e78-a112-d58e9f41f1e3/print/,2008-07-18T15:55:07-04:00,ADVANCED MEDICAL TECHNOLOGY ASSOCIATION,CAUTHEN FORBES & WILLIAMS,lda-mmm,MMM,Medicare/Medicaid,2008-04-01,2008-06-30,visible_lobbying,visible_lobbying_filing,1.0000,0.0500,Official LDA API,30dde8c4-3cb3-4e78-a112-d58e9f41f1e3|lda-mmm|2,treated_hloga_lda_client,hloga-2007-federal-lobbying-disclosure,filing_count; amount_millions,United States federal,0.8000,reviewed_exact_lda_client_name_source_row,exact-normalized-client-name-match-to-reviewed-canonical-actor,codex-source-audit,2026-07-24,https://lda.gov/filings/public/filing/30dde8c4-3cb3-4e78-a112-d58e9f41f1e3/print/,official LDA API filing row matched by exact normalized client name to the reviewed canonical actor; usable as treated visible-lobbying pre/post source surface only; stable cross-source LDA client-ID promotion and comparison-group design remain unresolved
cand-9948f2974958,ADVANCED MEDICAL TECHNOLOGY ASSOCIATION,1216,https://lda.gov/api/v1/clients/101988/,d2472c86-9975-4ad3-9d71-cd7b88237dc3,2008,second_quarter,Q2,https://lda.gov/filings/public/filing/d2472c86-9975-4ad3-9d71-cd7b88237dc3/print/,2008-07-18T14:11:26-04:00,ADVANCED MEDICAL TECHNOLOGY ASSOCIATION,"ALPINE GROUP PARTNERS, LLC.",lda-ani,ANI,Animals,2008-04-01,2008-06-30,visible_lobbying,visible_lobbying_filing,1.0000,0.0700,Official LDA API,d2472c86-9975-4ad3-9d71-cd7b88237dc3|lda-ani|4,treated_hloga_lda_client,hloga-2007-federal-lobbying-disclosure,filing_count; amount_millions,United States federal,0.8000,reviewed_exact_lda_client_name_source_row,exact-normalized-client-name-match-to-reviewed-canonical-actor,codex-source-audit,2026-07-24,https://lda.gov/filings/public/filing/d2472c86-9975-4ad3-9d71-cd7b88237dc3/print/,official LDA API filing row matched by exact normalized client name to the reviewed canonical actor; usable as treated visible-lobbying pre/post source surface only; stable cross-source LDA client-ID promotion and comparison-group design remain unresolved
cand-9948f2974958,ADVANCED MEDICAL TECHNOLOGY ASSOCIATION,1216,https://lda.gov/api/v1/clients/101988/,d2472c86-9975-4ad3-9d71-cd7b88237dc3,2008,second_quarter,Q2,https://lda.gov/filings/public/filing/d2472c86-9975-4ad3-9d71-cd7b88237dc3/print/,2008-07-18T14:11:26-04:00,ADVANCED MEDICAL TECHNOLOGY ASSOCIATION,"ALPINE GROUP PARTNERS, LLC.",lda-bud,BUD,Budget/Appropriations,2008-04-01,2008-06-30,visible_lobbying,visible_lobbying_filing,1.0000,0.0700,Official LDA API,d2472c86-9975-4ad3-9d71-cd7b88237dc3|lda-bud|3,treated_hloga_lda_client,hloga-2007-federal-lobbying-disclosure,filing_count; amount_millions,United States federal,0.8000,reviewed_exact_lda_client_name_source_row,exact-normalized-client-name-match-to-reviewed-canonical-actor,codex-source-audit,2026-07-24,https://lda.gov/filings/public/filing/d2472c86-9975-4ad3-9d71-cd7b88237dc3/print/,official LDA API filing row matched by exact normalized client name to the reviewed canonical actor; usable as treated visible-lobbying pre/post source surface only; stable cross-source LDA client-ID promotion and comparison-group design remain unresolved
cand-9948f2974958,ADVANCED MEDICAL TECHNOLOGY ASSOCIATION,1216,https://lda.gov/api/v1/clients/101988/,d2472c86-9975-4ad3-9d71-cd7b88237dc3,2008,second_quarter,Q2,https://lda.gov/filings/public/filing/d2472c86-9975-4ad3-9d71-cd7b88237dc3/print/,2008-07-18T14:11:26-04:00,ADVANCED MEDICAL TECHNOLOGY ASSOCIATION,"ALPINE GROUP PARTNERS, LLC.",lda-hcr,HCR,Health Issues,2008-04-01,2008-06-30,visible_lobbying,visible_lobbying_filing,1.0000,0.0700,Official LDA API,d2472c86-9975-4ad3-9d71-cd7b88237dc3|lda-hcr|1,treated_hloga_lda_client,hloga-2007-federal-lobbying-disclosure,filing_count; amount_millions,United States federal,0.8000,reviewed_exact_lda_client_name_source_row,exact-normalized-client-name-match-to-reviewed-canonical-actor,codex-source-audit,2026-07-24,https://lda.gov/filings/public/filing/d2472c86-9975-4ad3-9d71-cd7b88237dc3/print/,official LDA API filing row matched by exact normalized client name to the reviewed canonical actor; usable as treated visible-lobbying pre/post source surface only; stable cross-source LDA client-ID promotion and comparison-group design remain unresolved
cand-9948f2974958,ADVANCED MEDICAL TECHNOLOGY ASSOCIATION,1216,https://lda.gov/api/v1/clients/101988/,d2472c86-9975-4ad3-9d71-cd7b88237dc3,2008,second_quarter,Q2,https://lda.gov/filings/public/filing/d2472c86-9975-4ad3-9d71-cd7b88237dc3/print/,2008-07-18T14:11:26-04:00,ADVANCED MEDICAL TECHNOLOGY ASSOCIATION,"ALPINE GROUP PARTNERS, LLC.",lda-mmm,MMM,Medicare/Medicaid,2008-04-01,2008-06-30,visible_lobbying,visible_lobbying_filing,1.0000,0.0700,Official LDA API,d2472c86-9975-4ad3-9d71-cd7b88237dc3|lda-mmm|2,treated_hloga_lda_client,hloga-2007-federal-lobbying-disclosure,filing_count; amount_millions,United States federal,0.8000,reviewed_exact_lda_client_name_source_row,exact-normalized-client-name-match-to-reviewed-canonical-actor,codex-source-audit,2026-07-24,https://lda.gov/filings/public/filing/d2472c86-9975-4ad3-9d71-cd7b88237dc3/print/,official LDA API filing row matched by exact normalized client name to the reviewed canonical actor; usable as treated visible-lobbying pre/post source surface only; stable cross-source LDA client-ID promotion and comparison-group design remain unresolved
cand-9948f2974958,ADVANCED MEDICAL TECHNOLOGY ASSOCIATION,1003643,https://lda.gov/api/v1/clients/143772/,d3630f1d-c811-48c8-9882-17138ae8754c,2008,second_quarter,Q2,https://lda.gov/filings/public/filing/d3630f1d-c811-48c8-9882-17138ae8754c/print/,2008-07-21T15:06:40-04:00,ADVANCED MEDICAL TECHNOLOGY ASSOCIATION,SIDLEY AUSTIN LLP,lda-con,CON,Constitution,2008-04-01,2008-06-30,visible_lobbying,visible_lobbying_filing,1.0000,0.0100,Official LDA API,d3630f1d-c811-48c8-9882-17138ae8754c|lda-con|2,treated_hloga_lda_client,hloga-2007-federal-lobbying-disclosure,filing_count; amount_millions,United States federal,0.8000,reviewed_exact_lda_client_name_source_row,exact-normalized-client-name-match-to-reviewed-canonical-actor,codex-source-audit,2026-07-24,https://lda.gov/filings/public/filing/d3630f1d-c811-48c8-9882-17138ae8754c/print/,official LDA API filing row matched by exact normalized client name to the reviewed canonical actor; usable as treated visible-lobbying pre/post source surface only; stable cross-source LDA client-ID promotion and comparison-group design remain unresolved
cand-9948f2974958,ADVANCED MEDICAL TECHNOLOGY ASSOCIATION,1003643,https://lda.gov/api/v1/clients/143772/,d3630f1d-c811-48c8-9882-17138ae8754c,2008,second_quarter,Q2,https://lda.gov/filings/public/filing/d3630f1d-c811-48c8-9882-17138ae8754c/print/,2008-07-21T15:06:40-04:00,ADVANCED MEDICAL TECHNOLOGY ASSOCIATION,SIDLEY AUSTIN LLP,lda-hcr,HCR,Health Issues,2008-04-01,2008-06-30,visible_lobbying,visible_lobbying_filing,1.0000,0.0100,Official LDA API,d3630f1d-c811-48c8-9882-17138ae8754c|lda-hcr|1,treated_hloga_lda_client,hloga-2007-federal-lobbying-disclosure,filing_count; amount_millions,United States federal,0.8000,reviewed_exact_lda_client_name_source_row,exact-normalized-client-name-match-to-reviewed-canonical-actor,codex-source-audit,2026-07-24,https://lda.gov/filings/public/filing/d3630f1d-c811-48c8-9882-17138ae8754c/print/,official LDA API filing row matched by exact normalized client name to the reviewed canonical actor; usable as treated visible-lobbying pre/post source surface only; stable cross-source LDA client-ID promotion and comparison-group design remain unresolved
cand-9948f2974958,ADVANCED MEDICAL TECHNOLOGY ASSOCIATION,1003643,https://lda.gov/api/v1/clients/143772/,30e69378-d2b3-4942-8a32-9705ea30aefe,2008,third_quarter,Q3Y,https://lda.gov/filings/public/filing/30e69378-d2b3-4942-8a32-9705ea30aefe/print/,2008-10-17T16:24:33-04:00,ADVANCED MEDICAL TECHNOLOGY ASSOCIATION,SIDLEY AUSTIN LLP,lda-uns,UNS,Unspecified,2008-07-01,2008-09-30,visible_lobbying,visible_lobbying_filing,1.0000,0.0000,Official LDA API,30e69378-d2b3-4942-8a32-9705ea30aefe|lda-uns|1,treated_hloga_lda_client,hloga-2007-federal-lobbying-disclosure,filing_count; amount_millions,United States federal,0.8000,reviewed_exact_lda_client_name_source_row,exact-normalized-client-name-match-to-reviewed-canonical-actor,codex-source-audit,2026-07-24,https://lda.gov/filings/public/filing/30e69378-d2b3-4942-8a32-9705ea30aefe/print/,official LDA API filing row matched by exact normalized client name to the reviewed canonical actor; usable as treated visible-lobbying pre/post source surface only; stable cross-source LDA client-ID promotion and comparison-group design remain unresolved
cand-9948f2974958,ADVANCED MEDICAL TECHNOLOGY ASSOCIATION,898,https://lda.gov/api/v1/clients/175235/,542e1594-c86c-4075-afa5-f4761d38e4d6,2008,third_quarter,Q3,https://lda.gov/filings/public/filing/542e1594-c86c-4075-afa5-f4761d38e4d6/print/,2008-10-17T12:35:30-04:00,ADVANCED MEDICAL TECHNOLOGY ASSOCIATION,CAUTHEN FORBES & WILLIAMS,lda-hcr,HCR,Health Issues,2008-07-01,2008-09-30,visible_lobbying,visible_lobbying_filing,1.0000,0.0500,Official LDA API,542e1594-c86c-4075-afa5-f4761d38e4d6|lda-hcr|1,treated_hloga_lda_client,hloga-2007-federal-lobbying-disclosure,filing_count; amount_millions,United States federal,0.8000,reviewed_exact_lda_client_name_source_row,exact-normalized-client-name-match-to-reviewed-canonical-actor,codex-source-audit,2026-07-24,https://lda.gov/filings/public/filing/542e1594-c86c-4075-afa5-f4761d38e4d6/print/,official LDA API filing row matched by exact normalized client name to the reviewed canonical actor; usable as treated visible-lobbying pre/post source surface only; stable cross-source LDA client-ID promotion and comparison-group design remain unresolved
cand-9948f2974958,ADVANCED MEDICAL TECHNOLOGY ASSOCIATION,898,https://lda.gov/api/v1/clients/175235/,542e1594-c86c-4075-afa5-f4761d38e4d6,2008,third_quarter,Q3,https://lda.gov/filings/public/filing/542e1594-c86c-4075-afa5-f4761d38e4d6/print/,2008-10-17T12:35:30-04:00,ADVANCED MEDICAL TECHNOLOGY ASSOCIATION,CAUTHEN FORBES & WILLIAMS,lda-mmm,MMM,Medicare/Medicaid,2008-07-01,2008-09-30,visible_lobbying,visible_lobbying_filing,1.0000,0.0500,Official LDA API,542e1594-c86c-4075-afa5-f4761d38e4d6|lda-mmm|2,treated_hloga_lda_client,hloga-2007-federal-lobbying-disclosure,filing_count; amount_millions,United States federal,0.8000,reviewed_exact_lda_client_name_source_row,exact-normalized-client-name-match-to-reviewed-canonical-actor,codex-source-audit,2026-07-24,https://lda.gov/filings/public/filing/542e1594-c86c-4075-afa5-f4761d38e4d6/print/,official LDA API filing row matched by exact normalized client name to the reviewed canonical actor; usable as treated visible-lobbying pre/post source surface only; stable cross-source LDA client-ID promotion and comparison-group design remain unresolved
cand-9948f2974958,ADVANCED MEDICAL TECHNOLOGY ASSOCIATION,1216,https://lda.gov/api/v1/clients/101988/,83ec14fa-1c25-4069-8ede-8c3d54542f80,2008,third_quarter,Q3,https://lda.gov/filings/public/filing/83ec14fa-1c25-4069-8ede-8c3d54542f80/print/,2008-10-17T16:38:26-04:00,ADVANCED MEDICAL TECHNOLOGY ASSOCIATION,"ALPINE GROUP PARTNERS, LLC.",lda-bud,BUD,Budget/Appropriations,2008-07-01,2008-09-30,visible_lobbying,visible_lobbying_filing,1.0000,0.0600,Official LDA API,83ec14fa-1c25-4069-8ede-8c3d54542f80|lda-bud|3,treated_hloga_lda_client,hloga-2007-federal-lobbying-disclosure,filing_count; amount_millions,United States federal,0.8000,reviewed_exact_lda_client_name_source_row,exact-normalized-client-name-match-to-reviewed-canonical-actor,codex-source-audit,2026-07-24,https://lda.gov/filings/public/filing/83ec14fa-1c25-4069-8ede-8c3d54542f80/print/,official LDA API filing row matched by exact normalized client name to the reviewed canonical actor; usable as treated visible-lobbying pre/post source surface only; stable cross-source LDA client-ID promotion and comparison-group design remain unresolved
cand-9948f2974958,ADVANCED MEDICAL TECHNOLOGY ASSOCIATION,1216,https://lda.gov/api/v1/clients/101988/,83ec14fa-1c25-4069-8ede-8c3d54542f80,2008,third_quarter,Q3,https://lda.gov/filings/public/filing/83ec14fa-1c25-4069-8ede-8c3d54542f80/print/,2008-10-17T16:38:26-04:00,ADVANCED MEDICAL TECHNOLOGY ASSOCIATION,"ALPINE GROUP PARTNERS, LLC.",lda-hcr,HCR,Health Issues,2008-07-01,2008-09-30,visible_lobbying,visible_lobbying_filing,1.0000,0.0600,Official LDA API,83ec14fa-1c25-4069-8ede-8c3d54542f80|lda-hcr|1,treated_hloga_lda_client,hloga-2007-federal-lobbying-disclosure,filing_count; amount_millions,United States federal,0.8000,reviewed_exact_lda_client_name_source_row,exact-normalized-client-name-match-to-reviewed-canonical-actor,codex-source-audit,2026-07-24,https://lda.gov/filings/public/filing/83ec14fa-1c25-4069-8ede-8c3d54542f80/print/,official LDA API filing row matched by exact normalized client name to the reviewed canonical actor; usable as treated visible-lobbying pre/post source surface only; stable cross-source LDA client-ID promotion and comparison-group design remain unresolved
cand-9948f2974958,ADVANCED MEDICAL TECHNOLOGY ASSOCIATION,1216,https://lda.gov/api/v1/clients/101988/,83ec14fa-1c25-4069-8ede-8c3d54542f80,2008,third_quarter,Q3,https://lda.gov/filings/public/filing/83ec14fa-1c25-4069-8ede-8c3d54542f80/print/,2008-10-17T16:38:26-04:00,ADVANCED MEDICAL TECHNOLOGY ASSOCIATION,"ALPINE GROUP PARTNERS, LLC.",lda-mmm,MMM,Medicare/Medicaid,2008-07-01,2008-09-30,visible_lobbying,visible_lobbying_filing,1.0000,0.0600,Official LDA API,83ec14fa-1c25-4069-8ede-8c3d54542f80|lda-mmm|2,treated_hloga_lda_client,hloga-2007-federal-lobbying-disclosure,filing_count; amount_millions,United States federal,0.8000,reviewed_exact_lda_client_name_source_row,exact-normalized-client-name-match-to-reviewed-canonical-actor,codex-source-audit,2026-07-24,https://lda.gov/filings/public/filing/83ec14fa-1c25-4069-8ede-8c3d54542f80/print/,official LDA API filing row matched by exact normalized client name to the reviewed canonical actor; usable as treated visible-lobbying pre/post source surface only; stable cross-source LDA client-ID promotion and comparison-group design remain unresolved
cand-9948f2974958,ADVANCED MEDICAL TECHNOLOGY ASSOCIATION,1216,https://lda.gov/api/v1/clients/101988/,45918aa3-f5fa-4c15-9eb8-0ad84ef479ab,2008,fourth_quarter,Q4,https://lda.gov/filings/public/filing/45918aa3-f5fa-4c15-9eb8-0ad84ef479ab/print/,2009-01-16T11:33:26-05:00,ADVANCED MEDICAL TECHNOLOGY ASSOCIATION,"ALPINE GROUP PARTNERS, LLC.",lda-bud,BUD,Budget/Appropriations,2008-10-01,2008-12-31,visible_lobbying,visible_lobbying_filing,1.0000,0.0500,Official LDA API,45918aa3-f5fa-4c15-9eb8-0ad84ef479ab|lda-bud|3,treated_hloga_lda_client,hloga-2007-federal-lobbying-disclosure,filing_count; amount_millions,United States federal,0.8000,reviewed_exact_lda_client_name_source_row,exact-normalized-client-name-match-to-reviewed-canonical-actor,codex-source-audit,2026-07-24,https://lda.gov/filings/public/filing/45918aa3-f5fa-4c15-9eb8-0ad84ef479ab/print/,official LDA API filing row matched by exact normalized client name to the reviewed canonical actor; usable as treated visible-lobbying pre/post source surface only; stable cross-source LDA client-ID promotion and comparison-group design remain unresolved
cand-9948f2974958,ADVANCED MEDICAL TECHNOLOGY ASSOCIATION,1216,https://lda.gov/api/v1/clients/101988/,45918aa3-f5fa-4c15-9eb8-0ad84ef479ab,2008,fourth_quarter,Q4,https://lda.gov/filings/public/filing/45918aa3-f5fa-4c15-9eb8-0ad84ef479ab/print/,2009-01-16T11:33:26-05:00,ADVANCED MEDICAL TECHNOLOGY ASSOCIATION,"ALPINE GROUP PARTNERS, LLC.",lda-hcr,HCR,Health Issues,2008-10-01,2008-12-31,visible_lobbying,visible_lobbying_filing,1.0000,0.0500,Official LDA API,45918aa3-f5fa-4c15-9eb8-0ad84ef479ab|lda-hcr|1,treated_hloga_lda_client,hloga-2007-federal-lobbying-disclosure,filing_count; amount_millions,United States federal,0.8000,reviewed_exact_lda_client_name_source_row,exact-normalized-client-name-match-to-reviewed-canonical-actor,codex-source-audit,2026-07-24,https://lda.gov/filings/public/filing/45918aa3-f5fa-4c15-9eb8-0ad84ef479ab/print/,official LDA API filing row matched by exact normalized client name to the reviewed canonical actor; usable as treated visible-lobbying pre/post source surface only; stable cross-source LDA client-ID promotion and comparison-group design remain unresolved
cand-9948f2974958,ADVANCED MEDICAL TECHNOLOGY ASSOCIATION,1216,https://lda.gov/api/v1/clients/101988/,45918aa3-f5fa-4c15-9eb8-0ad84ef479ab,2008,fourth_quarter,Q4,https://lda.gov/filings/public/filing/45918aa3-f5fa-4c15-9eb8-0ad84ef479ab/print/,2009-01-16T11:33:26-05:00,ADVANCED MEDICAL TECHNOLOGY ASSOCIATION,"ALPINE GROUP PARTNERS, LLC.",lda-mmm,MMM,Medicare/Medicaid,2008-10-01,2008-12-31,visible_lobbying,visible_lobbying_filing,1.0000,0.0500,Official LDA API,45918aa3-f5fa-4c15-9eb8-0ad84ef479ab|lda-mmm|2,treated_hloga_lda_client,hloga-2007-federal-lobbying-disclosure,filing_count; amount_millions,United States federal,0.8000,reviewed_exact_lda_client_name_source_row,exact-normalized-client-name-match-to-reviewed-canonical-actor,codex-source-audit,2026-07-24,https://lda.gov/filings/public/filing/45918aa3-f5fa-4c15-9eb8-0ad84ef479ab/print/,official LDA API filing row matched by exact normalized client name to the reviewed canonical actor; usable as treated visible-lobbying pre/post source surface only; stable cross-source LDA client-ID promotion and comparison-group design remain unresolved
cand-9948f2974958,ADVANCED MEDICAL TECHNOLOGY ASSOCIATION,1003643,https://lda.gov/api/v1/clients/143772/,b4e53427-0ecd-42bb-afbf-6ab09e266b57,2008,fourth_quarter,Q4Y,https://lda.gov/filings/public/filing/b4e53427-0ecd-42bb-afbf-6ab09e266b57/print/,2009-01-16T15:34:00-05:00,ADVANCED MEDICAL TECHNOLOGY ASSOCIATION,SIDLEY AUSTIN LLP,lda-uns,UNS,Unspecified,2008-10-01,2008-12-31,visible_lobbying,visible_lobbying_filing,1.0000,0.0000,Official LDA API,b4e53427-0ecd-42bb-afbf-6ab09e266b57|lda-uns|1,treated_hloga_lda_client,hloga-2007-federal-lobbying-disclosure,filing_count; amount_millions,United States federal,0.8000,reviewed_exact_lda_client_name_source_row,exact-normalized-client-name-match-to-reviewed-canonical-actor,codex-source-audit,2026-07-24,https://lda.gov/filings/public/filing/b4e53427-0ecd-42bb-afbf-6ab09e266b57/print/,official LDA API filing row matched by exact normalized client name to the reviewed canonical actor; usable as treated visible-lobbying pre/post source surface only; stable cross-source LDA client-ID promotion and comparison-group design remain unresolved
cand-9948f2974958,ADVANCED MEDICAL TECHNOLOGY ASSOCIATION,898,https://lda.gov/api/v1/clients/175235/,d37402b1-a686-4637-844c-c6062c4caa28,2008,fourth_quarter,Q4,https://lda.gov/filings/public/filing/d37402b1-a686-4637-844c-c6062c4caa28/print/,2009-01-16T17:23:54-05:00,ADVANCED MEDICAL TECHNOLOGY ASSOCIATION,CAUTHEN FORBES & WILLIAMS,lda-hcr,HCR,Health Issues,2008-10-01,2008-12-31,visible_lobbying,visible_lobbying_filing,1.0000,0.0500,Official LDA API,d37402b1-a686-4637-844c-c6062c4caa28|lda-hcr|1,treated_hloga_lda_client,hloga-2007-federal-lobbying-disclosure,filing_count; amount_millions,United States federal,0.8000,reviewed_exact_lda_client_name_source_row,exact-normalized-client-name-match-to-reviewed-canonical-actor,codex-source-audit,2026-07-24,https://lda.gov/filings/public/filing/d37402b1-a686-4637-844c-c6062c4caa28/print/,official LDA API filing row matched by exact normalized client name to the reviewed canonical actor; usable as treated visible-lobbying pre/post source surface only; stable cross-source LDA client-ID promotion and comparison-group design remain unresolved
cand-9948f2974958,ADVANCED MEDICAL TECHNOLOGY ASSOCIATION,898,https://lda.gov/api/v1/clients/175235/,d37402b1-a686-4637-844c-c6062c4caa28,2008,fourth_quarter,Q4,https://lda.gov/filings/public/filing/d37402b1-a686-4637-844c-c6062c4caa28/print/,2009-01-16T17:23:54-05:00,ADVANCED MEDICAL TECHNOLOGY ASSOCIATION,CAUTHEN FORBES & WILLIAMS,lda-mmm,MMM,Medicare/Medicaid,2008-10-01,2008-12-31,visible_lobbying,visible_lobbying_filing,1.0000,0.0500,Official LDA API,d37402b1-a686-4637-844c-c6062c4caa28|lda-mmm|2,treated_hloga_lda_client,hloga-2007-federal-lobbying-disclosure,filing_count; amount_millions,United States federal,0.8000,reviewed_exact_lda_client_name_source_row,exact-normalized-client-name-match-to-reviewed-canonical-actor,codex-source-audit,2026-07-24,https://lda.gov/filings/public/filing/d37402b1-a686-4637-844c-c6062c4caa28/print/,official LDA API filing row matched by exact normalized client name to the reviewed canonical actor; usable as treated visible-lobbying pre/post source surface only; stable cross-source LDA client-ID promotion and comparison-group design remain unresolved
cand-b905d6833296,American Petroleum Institute,2195,https://lda.gov/api/v1/clients/114557/,0d03c86d-c646-412c-8194-ff287c1cf0b9,2007,mid_year,MM,https://lda.gov/filings/public/filing/0d03c86d-c646-412c-8194-ff287c1cf0b9/print/,2007-08-01T14:12:40-04:00,AMERICAN PETROLEUM INSTITUTE,PRICEWATERHOUSECOOPERS,lda-tax,TAX,Taxation/Internal Revenue Code,2007-01-01,2007-06-30,visible_lobbying,visible_lobbying_filing,1.0000,0.0400,Official LDA API,0d03c86d-c646-412c-8194-ff287c1cf0b9|lda-tax|1,treated_hloga_lda_client,hloga-2007-federal-lobbying-disclosure,filing_count; amount_millions,United States federal,0.8000,reviewed_exact_lda_client_name_source_row,exact-normalized-client-name-match-to-reviewed-canonical-actor,codex-source-audit,2026-07-24,https://lda.gov/filings/public/filing/0d03c86d-c646-412c-8194-ff287c1cf0b9/print/,official LDA API filing row matched by exact normalized client name to the reviewed canonical actor; usable as treated visible-lobbying pre/post source surface only; stable cross-source LDA client-ID promotion and comparison-group design remain unresolved
cand-b905d6833296,American Petroleum Institute,48,https://lda.gov/api/v1/clients/146563/,0d700a7e-9e1f-44c9-9804-212d86089ce5,2007,mid_year,MM,https://lda.gov/filings/public/filing/0d700a7e-9e1f-44c9-9804-212d86089ce5/print/,2007-08-07T10:43:34-04:00,AMERICAN PETROLEUM INSTITUTE,"TIMMONS AND COMPANY, INC.",lda-agr,AGR,Agriculture,2007-01-01,2007-06-30,visible_lobbying,visible_lobbying_filing,1.0000,0.2000,Official LDA API,0d700a7e-9e1f-44c9-9804-212d86089ce5|lda-agr|1,treated_hloga_lda_client,hloga-2007-federal-lobbying-disclosure,filing_count; amount_millions,United States federal,0.8000,reviewed_exact_lda_client_name_source_row,exact-normalized-client-name-match-to-reviewed-canonical-actor,codex-source-audit,2026-07-24,https://lda.gov/filings/public/filing/0d700a7e-9e1f-44c9-9804-212d86089ce5/print/,official LDA API filing row matched by exact normalized client name to the reviewed canonical actor; usable as treated visible-lobbying pre/post source surface only; stable cross-source LDA client-ID promotion and comparison-group design remain unresolved
cand-b905d6833296,American Petroleum Institute,48,https://lda.gov/api/v1/clients/146563/,0d700a7e-9e1f-44c9-9804-212d86089ce5,2007,mid_year,MM,https://lda.gov/filings/public/filing/0d700a7e-9e1f-44c9-9804-212d86089ce5/print/,2007-08-07T10:43:34-04:00,AMERICAN PETROLEUM INSTITUTE,"TIMMONS AND COMPANY, INC.",lda-bud,BUD,Budget/Appropriations,2007-01-01,2007-06-30,visible_lobbying,visible_lobbying_filing,1.0000,0.2000,Official LDA API,0d700a7e-9e1f-44c9-9804-212d86089ce5|lda-bud|5,treated_hloga_lda_client,hloga-2007-federal-lobbying-disclosure,filing_count; amount_millions,United States federal,0.8000,reviewed_exact_lda_client_name_source_row,exact-normalized-client-name-match-to-reviewed-canonical-actor,codex-source-audit,2026-07-24,https://lda.gov/filings/public/filing/0d700a7e-9e1f-44c9-9804-212d86089ce5/print/,official LDA API filing row matched by exact normalized client name to the reviewed canonical actor; usable as treated visible-lobbying pre/post source surface only; stable cross-source LDA client-ID promotion and comparison-group design remain unresolved
cand-b905d6833296,American Petroleum Institute,48,https://lda.gov/api/v1/clients/146563/,0d700a7e-9e1f-44c9-9804-212d86089ce5,2007,mid_year,MM,https://lda.gov/filings/public/filing/0d700a7e-9e1f-44c9-9804-212d86089ce5/print/,2007-08-07T10:43:34-04:00,AMERICAN PETROLEUM INSTITUTE,"TIMMONS AND COMPANY, INC.",lda-caw,CAW,Clean Air and Water (quality),2007-01-01,2007-06-30,visible_lobbying,visible_lobbying_filing,1.0000,0.2000,Official LDA API,0d700a7e-9e1f-44c9-9804-212d86089ce5|lda-caw|4,treated_hloga_lda_client,hloga-2007-federal-lobbying-disclosure,filing_count; amount_millions,United States federal,0.8000,reviewed_exact_lda_client_name_source_row,exact-normalized-client-name-match-to-reviewed-canonical-actor,codex-source-audit,2026-07-24,https://lda.gov/filings/public/filing/0d700a7e-9e1f-44c9-9804-212d86089ce5/print/,official LDA API filing row matched by exact normalized client name to the reviewed canonical actor; usable as treated visible-lobbying pre/post source surface only; stable cross-source LDA client-ID promotion and comparison-group design remain unresolved
cand-b905d6833296,American Petroleum Institute,48,https://lda.gov/api/v1/clients/146563/,0d700a7e-9e1f-44c9-9804-212d86089ce5,2007,mid_year,MM,https://lda.gov/filings/public/filing/0d700a7e-9e1f-44c9-9804-212d86089ce5/print/,2007-08-07T10:43:34-04:00,AMERICAN PETROLEUM INSTITUTE,"TIMMONS AND COMPANY, INC.",lda-eng,ENG,Energy/Nuclear,2007-01-01,2007-06-30,visible_lobbying,visible_lobbying_filing,1.0000,0.2000,Official LDA API,0d700a7e-9e1f-44c9-9804-212d86089ce5|lda-eng|6,treated_hloga_lda_client,hloga-2007-federal-lobbying-disclosure,filing_count; amount_millions,United States federal,0.8000,reviewed_exact_lda_client_name_source_row,exact-normalized-client-name-match-to-reviewed-canonical-actor,codex-source-audit,2026-07-24,https://lda.gov/filings/public/filing/0d700a7e-9e1f-44c9-9804-212d86089ce5/print/,official LDA API filing row matched by exact normalized client name to the reviewed canonical actor; usable as treated visible-lobbying pre/post source surface only; stable cross-source LDA client-ID promotion and comparison-group design remain unresolved
cand-b905d6833296,American Petroleum Institute,48,https://lda.gov/api/v1/clients/146563/,0d700a7e-9e1f-44c9-9804-212d86089ce5,2007,mid_year,MM,https://lda.gov/filings/public/filing/0d700a7e-9e1f-44c9-9804-212d86089ce5/print/,2007-08-07T10:43:34-04:00,AMERICAN PETROLEUM INSTITUTE,"TIMMONS AND COMPANY, INC.",lda-fue,FUE,Fuel/Gas/Oil,2007-01-01,2007-06-30,visible_lobbying,visible_lobbying_filing,1.0000,0.2000,Official LDA API,0d700a7e-9e1f-44c9-9804-212d86089ce5|lda-fue|3,treated_hloga_lda_client,hloga-2007-federal-lobbying-disclosure,filing_count; amount_millions,United States federal,0.8000,reviewed_exact_lda_client_name_source_row,exact-normalized-client-name-match-to-reviewed-canonical-actor,codex-source-audit,2026-07-24,https://lda.gov/filings/public/filing/0d700a7e-9e1f-44c9-9804-212d86089ce5/print/,official LDA API filing row matched by exact normalized client name to the reviewed canonical actor; usable as treated visible-lobbying pre/post source surface only; stable cross-source LDA client-ID promotion and comparison-group design remain unresolved
cand-b905d6833296,American Petroleum Institute,48,https://lda.gov/api/v1/clients/146563/,0d700a7e-9e1f-44c9-9804-212d86089ce5,2007,mid_year,MM,https://lda.gov/filings/public/filing/0d700a7e-9e1f-44c9-9804-212d86089ce5/print/,2007-08-07T10:43:34-04:00,AMERICAN PETROLEUM INSTITUTE,"TIMMONS AND COMPANY, INC.",lda-lbr,LBR,Labor Issues/Antitrust/Workplace,2007-01-01,2007-06-30,visible_lobbying,visible_lobbying_filing,1.0000,0.2000,Official LDA API,0d700a7e-9e1f-44c9-9804-212d86089ce5|lda-lbr|7,treated_hloga_lda_client,hloga-2007-federal-lobbying-disclosure,filing_count; amount_millions,United States federal,0.8000,reviewed_exact_lda_client_name_source_row,exact-normalized-client-name-match-to-reviewed-canonical-actor,codex-source-audit,2026-07-24,https://lda.gov/filings/public/filing/0d700a7e-9e1f-44c9-9804-212d86089ce5/print/,official LDA API filing row matched by exact normalized client name to the reviewed canonical actor; usable as treated visible-lobbying pre/post source surface only; stable cross-source LDA client-ID promotion and comparison-group design remain unresolved
cand-b905d6833296,American Petroleum Institute,48,https://lda.gov/api/v1/clients/146563/,0d700a7e-9e1f-44c9-9804-212d86089ce5,2007,mid_year,MM,https://lda.gov/filings/public/filing/0d700a7e-9e1f-44c9-9804-212d86089ce5/print/,2007-08-07T10:43:34-04:00,AMERICAN PETROLEUM INSTITUTE,"TIMMONS AND COMPANY, INC.",lda-tax,TAX,Taxation/Internal Revenue Code,2007-01-01,2007-06-30,visible_lobbying,visible_lobbying_filing,1.0000,0.2000,Official LDA API,0d700a7e-9e1f-44c9-9804-212d86089ce5|lda-tax|2,treated_hloga_lda_client,hloga-2007-federal-lobbying-disclosure,filing_count; amount_millions,United States federal,0.8000,reviewed_exact_lda_client_name_source_row,exact-normalized-client-name-match-to-reviewed-canonical-actor,codex-source-audit,2026-07-24,https://lda.gov/filings/public/filing/0d700a7e-9e1f-44c9-9804-212d86089ce5/print/,official LDA API filing row matched by exact normalized client name to the reviewed canonical actor; usable as treated visible-lobbying pre/post source surface only; stable cross-source LDA client-ID promotion and comparison-group design remain unresolved
cand-b905d6833296,American Petroleum Institute,36,https://lda.gov/api/v1/clients/119051/,128bd9f7-af7b-433b-8a91-041ba40a5ac9,2007,mid_year,MM,https://lda.gov/filings/public/filing/128bd9f7-af7b-433b-8a91-041ba40a5ac9/print/,2007-10-02T11:34:31-04:00,AMERICAN PETROLEUM INSTITUTE,"EOP GROUP, INC.",lda-uns,UNS,Unspecified,2007-01-01,2007-06-30,visible_lobbying,visible_lobbying_filing,1.0000,0.0000,Official LDA API,128bd9f7-af7b-433b-8a91-041ba40a5ac9|lda-uns|1,treated_hloga_lda_client,hloga-2007-federal-lobbying-disclosure,filing_count; amount_millions,United States federal,0.8000,reviewed_exact_lda_client_name_source_row,exact-normalized-client-name-match-to-reviewed-canonical-actor,codex-source-audit,2026-07-24,https://lda.gov/filings/public/filing/128bd9f7-af7b-433b-8a91-041ba40a5ac9/print/,official LDA API filing row matched by exact normalized client name to the reviewed canonical actor; usable as treated visible-lobbying pre/post source surface only; stable cross-source LDA client-ID promotion and comparison-group design remain unresolved
cand-b905d6833296,American Petroleum Institute,36,https://lda.gov/api/v1/clients/119051/,2223183a-1e0b-433a-bb37-c24c1d8265b7,2007,mid_year,RA,https://lda.gov/filings/public/filing/2223183a-1e0b-433a-bb37-c24c1d8265b7/print/,2008-04-11T00:00:00-04:00,AMERICAN PETROLEUM INSTITUTE,"EOP GROUP, INC.",lda-uns,UNS,Unspecified,2007-01-01,2007-06-30,visible_lobbying,visible_lobbying_filing,1.0000,0.0000,Official LDA API,2223183a-1e0b-433a-bb37-c24c1d8265b7|lda-uns|1,treated_hloga_lda_client,hloga-2007-federal-lobbying-disclosure,filing_count; amount_millions,United States federal,0.8000,reviewed_exact_lda_client_name_source_row,exact-normalized-client-name-match-to-reviewed-canonical-actor,codex-source-audit,2026-07-24,https://lda.gov/filings/public/filing/2223183a-1e0b-433a-bb37-c24c1d8265b7/print/,official LDA API filing row matched by exact normalized client name to the reviewed canonical actor; usable as treated visible-lobbying pre/post source surface only; stable cross-source LDA client-ID promotion and comparison-group design remain unresolved
cand-b905d6833296,American Petroleum Institute,87,https://lda.gov/api/v1/clients/126945/,22bd9946-57bb-4ae3-965e-8a00670aea9e,2007,mid_year,MM,https://lda.gov/filings/public/filing/22bd9946-57bb-4ae3-965e-8a00670aea9e/print/,2007-07-27T15:33:45-04:00,AMERICAN PETROLEUM INSTITUTE,TIBER CREEK GROUP,lda-eng,ENG,Energy/Nuclear,2007-01-01,2007-06-30,visible_lobbying,visible_lobbying_filing,1.0000,0.1200,Official LDA API,22bd9946-57bb-4ae3-965e-8a00670aea9e|lda-eng|2,treated_hloga_lda_client,hloga-2007-federal-lobbying-disclosure,filing_count; amount_millions,United States federal,0.8000,reviewed_exact_lda_client_name_source_row,exact-normalized-client-name-match-to-reviewed-canonical-actor,codex-source-audit,2026-07-24,https://lda.gov/filings/public/filing/22bd9946-57bb-4ae3-965e-8a00670aea9e/print/,official LDA API filing row matched by exact normalized client name to the reviewed canonical actor; usable as treated visible-lobbying pre/post source surface only; stable cross-source LDA client-ID promotion and comparison-group design remain unresolved
cand-b905d6833296,American Petroleum Institute,87,https://lda.gov/api/v1/clients/126945/,22bd9946-57bb-4ae3-965e-8a00670aea9e,2007,mid_year,MM,https://lda.gov/filings/public/filing/22bd9946-57bb-4ae3-965e-8a00670aea9e/print/,2007-07-27T15:33:45-04:00,AMERICAN PETROLEUM INSTITUTE,TIBER CREEK GROUP,lda-tax,TAX,Taxation/Internal Revenue Code,2007-01-01,2007-06-30,visible_lobbying,visible_lobbying_filing,1.0000,0.1200,Official LDA API,22bd9946-57bb-4ae3-965e-8a00670aea9e|lda-tax|1,treated_hloga_lda_client,hloga-2007-federal-lobbying-disclosure,filing_count; amount_millions,United States federal,0.8000,reviewed_exact_lda_client_name_source_row,exact-normalized-client-name-match-to-reviewed-canonical-actor,codex-source-audit,2026-07-24,https://lda.gov/filings/public/filing/22bd9946-57bb-4ae3-965e-8a00670aea9e/print/,official LDA API filing row matched by exact normalized client name to the reviewed canonical actor; usable as treated visible-lobbying pre/post source surface only; stable cross-source LDA client-ID promotion and comparison-group design remain unresolved
cand-b905d6833296,American Petroleum Institute,912,https://lda.gov/api/v1/clients/119293/,5100d637-5ef3-45b3-9ca9-a103da27977e,2007,mid_year,RA,https://lda.gov/filings/public/filing/5100d637-5ef3-45b3-9ca9-a103da27977e/print/,2007-02-28T00:00:00-05:00,AMERICAN PETROLEUM INSTITUTE,ERNST & YOUNG,lda-eng,ENG,Energy/Nuclear,2007-01-01,2007-06-30,visible_lobbying,visible_lobbying_filing,1.0000,0.0000,Official LDA API,5100d637-5ef3-45b3-9ca9-a103da27977e|lda-eng|1,treated_hloga_lda_client,hloga-2007-federal-lobbying-disclosure,filing_count; amount_millions,United States federal,0.8000,reviewed_exact_lda_client_name_source_row,exact-normalized-client-name-match-to-reviewed-canonical-actor,codex-source-audit,2026-07-24,https://lda.gov/filings/public/filing/5100d637-5ef3-45b3-9ca9-a103da27977e/print/,official LDA API filing row matched by exact normalized client name to the reviewed canonical actor; usable as treated visible-lobbying pre/post source surface only; stable cross-source LDA client-ID promotion and comparison-group design remain unresolved
cand-b905d6833296,American Petroleum Institute,1558,https://lda.gov/api/v1/clients/127393/,6583208c-5318-45f0-ae59-d2086d1656d9,2007,mid_year,MM,https://lda.gov/filings/public/filing/6583208c-5318-45f0-ae59-d2086d1656d9/print/,2007-07-31T11:55:00-04:00,AMERICAN PETROLEUM INSTITUTE,"JOHNSTON & ASSOCIATES, LLC",lda-eng,ENG,Energy/Nuclear,2007-01-01,2007-06-30,visible_lobbying,visible_lobbying_filing,1.0000,0.0400,Official LDA API,6583208c-5318-45f0-ae59-d2086d1656d9|lda-eng|1,treated_hloga_lda_client,hloga-2007-federal-lobbying-disclosure,filing_count; amount_millions,United States federal,0.8000,reviewed_exact_lda_client_name_source_row,exact-normalized-client-name-match-to-reviewed-canonical-actor,codex-source-audit,2026-07-24,https://lda.gov/filings/public/filing/6583208c-5318-45f0-ae59-d2086d1656d9/print/,official LDA API filing row matched by exact normalized client name to the reviewed canonical actor; usable as treated visible-lobbying pre/post source surface only; stable cross-source LDA client-ID promotion and comparison-group design remain unresolved
cand-b905d6833296,American Petroleum Institute,773,https://lda.gov/api/v1/clients/155677/,b4e937d6-0413-473d-b37b-452c25adda34,2007,mid_year,MM,https://lda.gov/filings/public/filing/b4e937d6-0413-473d-b37b-452c25adda34/print/,2007-08-06T14:29:43-04:00,AMERICAN PETROLEUM INSTITUTE,OGR,lda-eng,ENG,Energy/Nuclear,2007-01-01,2007-06-30,visible_lobbying,visible_lobbying_filing,1.0000,0.1600,Official LDA API,b4e937d6-0413-473d-b37b-452c25adda34|lda-eng|2,treated_hloga_lda_client,hloga-2007-federal-lobbying-disclosure,filing_count; amount_millions,United States federal,0.8000,reviewed_exact_lda_client_name_source_row,exact-normalized-client-name-match-to-reviewed-canonical-actor,codex-source-audit,2026-07-24,https://lda.gov/filings/public/filing/b4e937d6-0413-473d-b37b-452c25adda34/print/,official LDA API filing row matched by exact normalized client name to the reviewed canonical actor; usable as treated visible-lobbying pre/post source surface only; stable cross-source LDA client-ID promotion and comparison-group design remain unresolved
cand-b905d6833296,American Petroleum Institute,773,https://lda.gov/api/v1/clients/155677/,b4e937d6-0413-473d-b37b-452c25adda34,2007,mid_year,MM,https://lda.gov/filings/public/filing/b4e937d6-0413-473d-b37b-452c25adda34/print/,2007-08-06T14:29:43-04:00,AMERICAN PETROLEUM INSTITUTE,OGR,lda-tax,TAX,Taxation/Internal Revenue Code,2007-01-01,2007-06-30,visible_lobbying,visible_lobbying_filing,1.0000,0.1600,Official LDA API,b4e937d6-0413-473d-b37b-452c25adda34|lda-tax|1,treated_hloga_lda_client,hloga-2007-federal-lobbying-disclosure,filing_count; amount_millions,United States federal,0.8000,reviewed_exact_lda_client_name_source_row,exact-normalized-client-name-match-to-reviewed-canonical-actor,codex-source-audit,2026-07-24,https://lda.gov/filings/public/filing/b4e937d6-0413-473d-b37b-452c25adda34/print/,official LDA API filing row matched by exact normalized client name to the reviewed canonical actor; usable as treated visible-lobbying pre/post source surface only; stable cross-source LDA client-ID promotion and comparison-group design remain unresolved
cand-b905d6833296,American Petroleum Institute,1623,https://lda.gov/api/v1/clients/126018/,d91f2e09-4c80-4f73-9e58-31b377588c3d,2007,mid_year,MT,https://lda.gov/filings/public/filing/d91f2e09-4c80-4f73-9e58-31b377588c3d/print/,2007-08-09T13:25:38-04:00,AMERICAN PETROLEUM INSTITUTE,HUNTON ANDREWS KURTH LLP,lda-uns,UNS,Unspecified,2007-01-01,2007-06-30,visible_lobbying,visible_lobbying_filing,1.0000,0.0000,Official LDA API,d91f2e09-4c80-4f73-9e58-31b377588c3d|lda-uns|1,treated_hloga_lda_client,hloga-2007-federal-lobbying-disclosure,filing_count; amount_millions,United States federal,0.8000,reviewed_exact_lda_client_name_source_row,exact-normalized-client-name-match-to-reviewed-canonical-actor,codex-source-audit,2026-07-24,https://lda.gov/filings/public/filing/d91f2e09-4c80-4f73-9e58-31b377588c3d/print/,official LDA API filing row matched by exact normalized client name to the reviewed canonical actor; usable as treated visible-lobbying pre/post source surface only; stable cross-source LDA client-ID promotion and comparison-group design remain unresolved
cand-b905d6833296,American Petroleum Institute,912,https://lda.gov/api/v1/clients/119293/,e5e1c8aa-f19e-4e38-8b07-44e39d2f4f56,2007,mid_year,MM,https://lda.gov/filings/public/filing/e5e1c8aa-f19e-4e38-8b07-44e39d2f4f56/print/,2007-08-15T17:39:53-04:00,AMERICAN PETROLEUM INSTITUTE,ERNST & YOUNG,lda-eng,ENG,Energy/Nuclear,2007-01-01,2007-06-30,visible_lobbying,visible_lobbying_filing,1.0000,0.0300,Official LDA API,e5e1c8aa-f19e-4e38-8b07-44e39d2f4f56|lda-eng|1,treated_hloga_lda_client,hloga-2007-federal-lobbying-disclosure,filing_count; amount_millions,United States federal,0.8000,reviewed_exact_lda_client_name_source_row,exact-normalized-client-name-match-to-reviewed-canonical-actor,codex-source-audit,2026-07-24,https://lda.gov/filings/public/filing/e5e1c8aa-f19e-4e38-8b07-44e39d2f4f56/print/,official LDA API filing row matched by exact normalized client name to the reviewed canonical actor; usable as treated visible-lobbying pre/post source surface only; stable cross-source LDA client-ID promotion and comparison-group design remain unresolved
cand-b905d6833296,American Petroleum Institute,12,https://lda.gov/api/v1/clients/103626/,ed786912-dbf8-4895-8692-1ce4aa836908,2007,mid_year,MM,https://lda.gov/filings/public/filing/ed786912-dbf8-4895-8692-1ce4aa836908/print/,2007-08-22T00:00:00-04:00,AMERICAN PETROLEUM INSTITUTE,AMERICAN PETROLEUM INSTITUTE,lda-bud,BUD,Budget/Appropriations,2007-01-01,2007-06-30,visible_lobbying,visible_lobbying_filing,1.0000,1.6400,Official LDA API,ed786912-dbf8-4895-8692-1ce4aa836908|lda-bud|10,treated_hloga_lda_client,hloga-2007-federal-lobbying-disclosure,filing_count; amount_millions,United States federal,0.8000,reviewed_exact_lda_client_name_source_row,exact-normalized-client-name-match-to-reviewed-canonical-actor,codex-source-audit,2026-07-24,https://lda.gov/filings/public/filing/ed786912-dbf8-4895-8692-1ce4aa836908/print/,official LDA API filing row matched by exact normalized client name to the reviewed canonical actor; usable as treated visible-lobbying pre/post source surface only; stable cross-source LDA client-ID promotion and comparison-group design remain unresolved
cand-b905d6833296,American Petroleum Institute,12,https://lda.gov/api/v1/clients/103626/,ed786912-dbf8-4895-8692-1ce4aa836908,2007,mid_year,MM,https://lda.gov/filings/public/filing/ed786912-dbf8-4895-8692-1ce4aa836908/print/,2007-08-22T00:00:00-04:00,AMERICAN PETROLEUM INSTITUTE,AMERICAN PETROLEUM INSTITUTE,lda-caw,CAW,Clean Air and Water (quality),2007-01-01,2007-06-30,visible_lobbying,visible_lobbying_filing,1.0000,1.6400,Official LDA API,ed786912-dbf8-4895-8692-1ce4aa836908|lda-caw|9,treated_hloga_lda_client,hloga-2007-federal-lobbying-disclosure,filing_count; amount_millions,United States federal,0.8000,reviewed_exact_lda_client_name_source_row,exact-normalized-client-name-match-to-reviewed-canonical-actor,codex-source-audit,2026-07-24,https://lda.gov/filings/public/filing/ed786912-dbf8-4895-8692-1ce4aa836908/print/,official LDA API filing row matched by exact normalized client name to the reviewed canonical actor; usable as treated visible-lobbying pre/post source surface only; stable cross-source LDA client-ID promotion and comparison-group design remain unresolved
cand-b905d6833296,American Petroleum Institute,12,https://lda.gov/api/v1/clients/103626/,ed786912-dbf8-4895-8692-1ce4aa836908,2007,mid_year,MM,https://lda.gov/filings/public/filing/ed786912-dbf8-4895-8692-1ce4aa836908/print/,2007-08-22T00:00:00-04:00,AMERICAN PETROLEUM INSTITUTE,AMERICAN PETROLEUM INSTITUTE,lda-eng,ENG,Energy/Nuclear,2007-01-01,2007-06-30,visible_lobbying,visible_lobbying_filing,1.0000,1.6400,Official LDA API,ed786912-dbf8-4895-8692-1ce4aa836908|lda-eng|5,treated_hloga_lda_client,hloga-2007-federal-lobbying-disclosure,filing_count; amount_millions,United States federal,0.8000,reviewed_exact_lda_client_name_source_row,exact-normalized-client-name-match-to-reviewed-canonical-actor,codex-source-audit,2026-07-24,https://lda.gov/filings/public/filing/ed786912-dbf8-4895-8692-1ce4aa836908/print/,official LDA API filing row matched by exact normalized client name to the reviewed canonical actor; usable as treated visible-lobbying pre/post source surface only; stable cross-source LDA client-ID promotion and comparison-group design remain unresolved
cand-b905d6833296,American Petroleum Institute,12,https://lda.gov/api/v1/clients/103626/,ed786912-dbf8-4895-8692-1ce4aa836908,2007,mid_year,MM,https://lda.gov/filings/public/filing/ed786912-dbf8-4895-8692-1ce4aa836908/print/,2007-08-22T00:00:00-04:00,AMERICAN PETROLEUM INSTITUTE,AMERICAN PETROLEUM INSTITUTE,lda-fue,FUE,Fuel/Gas/Oil,2007-01-01,2007-06-30,visible_lobbying,visible_lobbying_filing,1.0000,1.6400,Official LDA API,ed786912-dbf8-4895-8692-1ce4aa836908|lda-fue|7,treated_hloga_lda_client,hloga-2007-federal-lobbying-disclosure,filing_count; amount_millions,United States federal,0.8000,reviewed_exact_lda_client_name_source_row,exact-normalized-client-name-match-to-reviewed-canonical-actor,codex-source-audit,2026-07-24,https://lda.gov/filings/public/filing/ed786912-dbf8-4895-8692-1ce4aa836908/print/,official LDA API filing row matched by exact normalized client name to the reviewed canonical actor; usable as treated visible-lobbying pre/post source surface only; stable cross-source LDA client-ID promotion and comparison-group design remain unresolved
cand-b905d6833296,American Petroleum Institute,12,https://lda.gov/api/v1/clients/103626/,ed786912-dbf8-4895-8692-1ce4aa836908,2007,mid_year,MM,https://lda.gov/filings/public/filing/ed786912-dbf8-4895-8692-1ce4aa836908/print/,2007-08-22T00:00:00-04:00,AMERICAN PETROLEUM INSTITUTE,AMERICAN PETROLEUM INSTITUTE,lda-hom,HOM,Homeland Security,2007-01-01,2007-06-30,visible_lobbying,visible_lobbying_filing,1.0000,1.6400,Official LDA API,ed786912-dbf8-4895-8692-1ce4aa836908|lda-hom|8,treated_hloga_lda_client,hloga-2007-federal-lobbying-disclosure,filing_count; amount_millions,United States federal,0.8000,reviewed_exact_lda_client_name_source_row,exact-normalized-client-name-match-to-reviewed-canonical-actor,codex-source-audit,2026-07-24,https://lda.gov/filings/public/filing/ed786912-dbf8-4895-8692-1ce4aa836908/print/,official LDA API filing row matched by exact normalized client name to the reviewed canonical actor; usable as treated visible-lobbying pre/post source surface only; stable cross-source LDA client-ID promotion and comparison-group design remain unresolved
cand-b905d6833296,American Petroleum Institute,12,https://lda.gov/api/v1/clients/103626/,ed786912-dbf8-4895-8692-1ce4aa836908,2007,mid_year,MM,https://lda.gov/filings/public/filing/ed786912-dbf8-4895-8692-1ce4aa836908/print/,2007-08-22T00:00:00-04:00,AMERICAN PETROLEUM INSTITUTE,AMERICAN PETROLEUM INSTITUTE,lda-lbr,LBR,Labor Issues/Antitrust/Workplace,2007-01-01,2007-06-30,visible_lobbying,visible_lobbying_filing,1.0000,1.6400,Official LDA API,ed786912-dbf8-4895-8692-1ce4aa836908|lda-lbr|6,treated_hloga_lda_client,hloga-2007-federal-lobbying-disclosure,filing_count; amount_millions,United States federal,0.8000,reviewed_exact_lda_client_name_source_row,exact-normalized-client-name-match-to-reviewed-canonical-actor,codex-source-audit,2026-07-24,https://lda.gov/filings/public/filing/ed786912-dbf8-4895-8692-1ce4aa836908/print/,official LDA API filing row matched by exact normalized client name to the reviewed canonical actor; usable as treated visible-lobbying pre/post source surface only; stable cross-source LDA client-ID promotion and comparison-group design remain unresolved
cand-b905d6833296,American Petroleum Institute,12,https://lda.gov/api/v1/clients/103626/,ed786912-dbf8-4895-8692-1ce4aa836908,2007,mid_year,MM,https://lda.gov/filings/public/filing/ed786912-dbf8-4895-8692-1ce4aa836908/print/,2007-08-22T00:00:00-04:00,AMERICAN PETROLEUM INSTITUTE,AMERICAN PETROLEUM INSTITUTE,lda-mar,MAR,Marine/Maritime/Boating/Fisheries,2007-01-01,2007-06-30,visible_lobbying,visible_lobbying_filing,1.0000,1.6400,Official LDA API,ed786912-dbf8-4895-8692-1ce4aa836908|lda-mar|4,treated_hloga_lda_client,hloga-2007-federal-lobbying-disclosure,filing_count; amount_millions,United States federal,0.8000,reviewed_exact_lda_client_name_source_row,exact-normalized-client-name-match-to-reviewed-canonical-actor,codex-source-audit,2026-07-24,https://lda.gov/filings/public/filing/ed786912-dbf8-4895-8692-1ce4aa836908/print/,official LDA API filing row matched by exact normalized client name to the reviewed canonical actor; usable as treated visible-lobbying pre/post source surface only; stable cross-source LDA client-ID promotion and comparison-group design remain unresolved
cand-b905d6833296,American Petroleum Institute,12,https://lda.gov/api/v1/clients/103626/,ed786912-dbf8-4895-8692-1ce4aa836908,2007,mid_year,MM,https://lda.gov/filings/public/filing/ed786912-dbf8-4895-8692-1ce4aa836908/print/,2007-08-22T00:00:00-04:00,AMERICAN PETROLEUM INSTITUTE,AMERICAN PETROLEUM INSTITUTE,lda-tax,TAX,Taxation/Internal Revenue Code,2007-01-01,2007-06-30,visible_lobbying,visible_lobbying_filing,1.0000,1.6400,Official LDA API,ed786912-dbf8-4895-8692-1ce4aa836908|lda-tax|3,treated_hloga_lda_client,hloga-2007-federal-lobbying-disclosure,filing_count; amount_millions,United States federal,0.8000,reviewed_exact_lda_client_name_source_row,exact-normalized-client-name-match-to-reviewed-canonical-actor,codex-source-audit,2026-07-24,https://lda.gov/filings/public/filing/ed786912-dbf8-4895-8692-1ce4aa836908/print/,official LDA API filing row matched by exact normalized client name to the reviewed canonical actor; usable as treated visible-lobbying pre/post source surface only; stable cross-source LDA client-ID promotion and comparison-group design remain unresolved
cand-b905d6833296,American Petroleum Institute,12,https://lda.gov/api/v1/clients/103626/,ed786912-dbf8-4895-8692-1ce4aa836908,2007,mid_year,MM,https://lda.gov/filings/public/filing/ed786912-dbf8-4895-8692-1ce4aa836908/print/,2007-08-22T00:00:00-04:00,AMERICAN PETROLEUM INSTITUTE,AMERICAN PETROLEUM INSTITUTE,lda-tra,TRA,Transportation,2007-01-01,2007-06-30,visible_lobbying,visible_lobbying_filing,1.0000,1.6400,Official LDA API,ed786912-dbf8-4895-8692-1ce4aa836908|lda-tra|2,treated_hloga_lda_client,hloga-2007-federal-lobbying-disclosure,filing_count; amount_millions,United States federal,0.8000,reviewed_exact_lda_client_name_source_row,exact-normalized-client-name-match-to-reviewed-canonical-actor,codex-source-audit,2026-07-24,https://lda.gov/filings/public/filing/ed786912-dbf8-4895-8692-1ce4aa836908/print/,official LDA API filing row matched by exact normalized client name to the reviewed canonical actor; usable as treated visible-lobbying pre/post source surface only; stable cross-source LDA client-ID promotion and comparison-group design remain unresolved
cand-b905d6833296,American Petroleum Institute,12,https://lda.gov/api/v1/clients/103626/,ed786912-dbf8-4895-8692-1ce4aa836908,2007,mid_year,MM,https://lda.gov/filings/public/filing/ed786912-dbf8-4895-8692-1ce4aa836908/print/,2007-08-22T00:00:00-04:00,AMERICAN PETROLEUM INSTITUTE,AMERICAN PETROLEUM INSTITUTE,lda-trd,TRD,Trade (domestic/foreign),2007-01-01,2007-06-30,visible_lobbying,visible_lobbying_filing,1.0000,1.6400,Official LDA API,ed786912-dbf8-4895-8692-1ce4aa836908|lda-trd|1,treated_hloga_lda_client,hloga-2007-federal-lobbying-disclosure,filing_count; amount_millions,United States federal,0.8000,reviewed_exact_lda_client_name_source_row,exact-normalized-client-name-match-to-reviewed-canonical-actor,codex-source-audit,2026-07-24,https://lda.gov/filings/public/filing/ed786912-dbf8-4895-8692-1ce4aa836908/print/,official LDA API filing row matched by exact normalized client name to the reviewed canonical actor; usable as treated visible-lobbying pre/post source surface only; stable cross-source LDA client-ID promotion and comparison-group design remain unresolved
cand-b905d6833296,American Petroleum Institute,1001208,https://lda.gov/api/v1/clients/135641/,f22e4afb-7760-4f90-819f-febcdc56801d,2007,mid_year,MM,https://lda.gov/filings/public/filing/f22e4afb-7760-4f90-819f-febcdc56801d/print/,2007-08-14T00:00:00-04:00,AMERICAN PETROLEUM INSTITUTE,"OLSSON, FRANK, WEEDA, TERMAN & MATZ, PC",lda-eng,ENG,Energy/Nuclear,2007-01-01,2007-06-30,visible_lobbying,visible_lobbying_filing,1.0000,0.0200,Official LDA API,f22e4afb-7760-4f90-819f-febcdc56801d|lda-eng|1,treated_hloga_lda_client,hloga-2007-federal-lobbying-disclosure,filing_count; amount_millions,United States federal,0.8000,reviewed_exact_lda_client_name_source_row,exact-normalized-client-name-match-to-reviewed-canonical-actor,codex-source-audit,2026-07-24,https://lda.gov/filings/public/filing/f22e4afb-7760-4f90-819f-febcdc56801d/print/,official LDA API filing row matched by exact normalized client name to the reviewed canonical actor; usable as treated visible-lobbying pre/post source surface only; stable cross-source LDA client-ID promotion and comparison-group design remain unresolved
cand-b905d6833296,American Petroleum Institute,912,https://lda.gov/api/v1/clients/119293/,0227e08b-4ba4-4bac-b82f-87d66a53b427,2007,year_end,YTY,https://lda.gov/filings/public/filing/0227e08b-4ba4-4bac-b82f-87d66a53b427/print/,2008-02-13T17:33:07.560000-05:00,AMERICAN PETROLEUM INSTITUTE,ERNST & YOUNG,lda-uns,UNS,Unspecified,2007-07-01,2007-12-31,visible_lobbying,visible_lobbying_filing,1.0000,0.0000,Official LDA API,0227e08b-4ba4-4bac-b82f-87d66a53b427|lda-uns|1,treated_hloga_lda_client,hloga-2007-federal-lobbying-disclosure,filing_count; amount_millions,United States federal,0.8000,reviewed_exact_lda_client_name_source_row,exact-normalized-client-name-match-to-reviewed-canonical-actor,codex-source-audit,2026-07-24,https://lda.gov/filings/public/filing/0227e08b-4ba4-4bac-b82f-87d66a53b427/print/,official LDA API filing row matched by exact normalized client name to the reviewed canonical actor; usable as treated visible-lobbying pre/post source surface only; stable cross-source LDA client-ID promotion and comparison-group design remain unresolved
cand-b905d6833296,American Petroleum Institute,1002923,https://lda.gov/api/v1/clients/177188/,1baefdae-d431-49a6-9019-4a50700c403b,2007,year_end,YY,https://lda.gov/filings/public/filing/1baefdae-d431-49a6-9019-4a50700c403b/print/,2007-11-25T10:31:36-05:00,AMERICAN PETROLEUM INSTITUTE,"OMB PROFESSIONALS, INC.",lda-eng,ENG,Energy/Nuclear,2007-07-01,2007-12-31,visible_lobbying,visible_lobbying_filing,1.0000,0.0000,Official LDA API,1baefdae-d431-49a6-9019-4a50700c403b|lda-eng|1,treated_hloga_lda_client,hloga-2007-federal-lobbying-disclosure,filing_count; amount_millions,United States federal,0.8000,reviewed_exact_lda_client_name_source_row,exact-normalized-client-name-match-to-reviewed-canonical-actor,codex-source-audit,2026-07-24,https://lda.gov/filings/public/filing/1baefdae-d431-49a6-9019-4a50700c403b/print/,official LDA API filing row matched by exact normalized client name to the reviewed canonical actor; usable as treated visible-lobbying pre/post source surface only; stable cross-source LDA client-ID promotion and comparison-group design remain unresolved
cand-b905d6833296,American Petroleum Institute,1003995,https://lda.gov/api/v1/clients/144061/,3d272f70-b0a5-47d9-8522-b2a3ad4c6258,2007,year_end,RR,https://lda.gov/filings/public/filing/3d272f70-b0a5-47d9-8522-b2a3ad4c6258/print/,2007-08-27T14:56:05-04:00,AMERICAN PETROLEUM INSTITUTE,"SKADDEN, ARPS, SLATE, MEAGHER & FLOM LLP",lda-tax,TAX,Taxation/Internal Revenue Code,2007-07-01,2007-12-31,visible_lobbying,visible_lobbying_filing,1.0000,0.0000,Official LDA API,3d272f70-b0a5-47d9-8522-b2a3ad4c6258|lda-tax|1,treated_hloga_lda_client,hloga-2007-federal-lobbying-disclosure,filing_count; amount_millions,United States federal,0.8000,reviewed_exact_lda_client_name_source_row,exact-normalized-client-name-match-to-reviewed-canonical-actor,codex-source-audit,2026-07-24,https://lda.gov/filings/public/filing/3d272f70-b0a5-47d9-8522-b2a3ad4c6258/print/,official LDA API filing row matched by exact normalized client name to the reviewed canonical actor; usable as treated visible-lobbying pre/post source surface only; stable cross-source LDA client-ID promotion and comparison-group design remain unresolved
cand-b905d6833296,American Petroleum Institute,1002923,https://lda.gov/api/v1/clients/177188/,3e80ef8a-c5f6-4845-adec-dd4e7fddb8f9,2007,year_end,YT,https://lda.gov/filings/public/filing/3e80ef8a-c5f6-4845-adec-dd4e7fddb8f9/print/,2007-11-25T10:34:38-05:00,AMERICAN PETROLEUM INSTITUTE,"OMB PROFESSIONALS, INC.",lda-eng,ENG,Energy/Nuclear,2007-07-01,2007-12-31,visible_lobbying,visible_lobbying_filing,1.0000,0.0000,Official LDA API,3e80ef8a-c5f6-4845-adec-dd4e7fddb8f9|lda-eng|1,treated_hloga_lda_client,hloga-2007-federal-lobbying-disclosure,filing_count; amount_millions,United States federal,0.8000,reviewed_exact_lda_client_name_source_row,exact-normalized-client-name-match-to-reviewed-canonical-actor,codex-source-audit,2026-07-24,https://lda.gov/filings/public/filing/3e80ef8a-c5f6-4845-adec-dd4e7fddb8f9/print/,official LDA API filing row matched by exact normalized client name to the reviewed canonical actor; usable as treated visible-lobbying pre/post source surface only; stable cross-source LDA client-ID promotion and comparison-group design remain unresolved
cand-b905d6833296,American Petroleum Institute,238,https://lda.gov/api/v1/clients/146647/,41969402-1e26-487c-9210-6310425245e3,2007,year_end,RR,https://lda.gov/filings/public/filing/41969402-1e26-487c-9210-6310425245e3/print/,2007-10-03T00:00:00-04:00,AMERICAN PETROLEUM INSTITUTE,MICHAEL L. TINER,lda-eng,ENG,Energy/Nuclear,2007-07-01,2007-12-31,visible_lobbying,visible_lobbying_filing,1.0000,0.0000,Official LDA API,41969402-1e26-487c-9210-6310425245e3|lda-eng|2,treated_hloga_lda_client,hloga-2007-federal-lobbying-disclosure,filing_count; amount_millions,United States federal,0.8000,reviewed_exact_lda_client_name_source_row,exact-normalized-client-name-match-to-reviewed-canonical-actor,codex-source-audit,2026-07-24,https://lda.gov/filings/public/filing/41969402-1e26-487c-9210-6310425245e3/print/,official LDA API filing row matched by exact normalized client name to the reviewed canonical actor; usable as treated visible-lobbying pre/post source surface only; stable cross-source LDA client-ID promotion and comparison-group design remain unresolved
cand-b905d6833296,American Petroleum Institute,238,https://lda.gov/api/v1/clients/146647/,41969402-1e26-487c-9210-6310425245e3,2007,year_end,RR,https://lda.gov/filings/public/filing/41969402-1e26-487c-9210-6310425245e3/print/,2007-10-03T00:00:00-04:00,AMERICAN PETROLEUM INSTITUTE,MICHAEL L. TINER,lda-nat,NAT,Natural Resources,2007-07-01,2007-12-31,visible_lobbying,visible_lobbying_filing,1.0000,0.0000,Official LDA API,41969402-1e26-487c-9210-6310425245e3|lda-nat|3,treated_hloga_lda_client,hloga-2007-federal-lobbying-disclosure,filing_count; amount_millions,United States federal,0.8000,reviewed_exact_lda_client_name_source_row,exact-normalized-client-name-match-to-reviewed-canonical-actor,codex-source-audit,2026-07-24,https://lda.gov/filings/public/filing/41969402-1e26-487c-9210-6310425245e3/print/,official LDA API filing row matched by exact normalized client name to the reviewed canonical actor; usable as treated visible-lobbying pre/post source surface only; stable cross-source LDA client-ID promotion and comparison-group design remain unresolved
cand-b905d6833296,American Petroleum Institute,238,https://lda.gov/api/v1/clients/146647/,41969402-1e26-487c-9210-6310425245e3,2007,year_end,RR,https://lda.gov/filings/public/filing/41969402-1e26-487c-9210-6310425245e3/print/,2007-10-03T00:00:00-04:00,AMERICAN PETROLEUM INSTITUTE,MICHAEL L. TINER,lda-tax,TAX,Taxation/Internal Revenue Code,2007-07-01,2007-12-31,visible_lobbying,visible_lobbying_filing,1.0000,0.0000,Official LDA API,41969402-1e26-487c-9210-6310425245e3|lda-tax|1,treated_hloga_lda_client,hloga-2007-federal-lobbying-disclosure,filing_count; amount_millions,United States federal,0.8000,reviewed_exact_lda_client_name_source_row,exact-normalized-client-name-match-to-reviewed-canonical-actor,codex-source-audit,2026-07-24,https://lda.gov/filings/public/filing/41969402-1e26-487c-9210-6310425245e3/print/,official LDA API filing row matched by exact normalized client name to the reviewed canonical actor; usable as treated visible-lobbying pre/post source surface only; stable cross-source LDA client-ID promotion and comparison-group design remain unresolved
cand-b905d6833296,American Petroleum Institute,12,https://lda.gov/api/v1/clients/186964/,61c46e13-eb36-4d76-9a03-de2ec493260e,2007,year_end,RR,https://lda.gov/filings/public/filing/61c46e13-eb36-4d76-9a03-de2ec493260e/print/,2007-11-01T00:00:00-04:00,AMERICAN PETROLEUM INSTITUTE,"CUMBERLAND NORTH AMERICA, LLC",lda-eng,ENG,Energy/Nuclear,2007-07-01,2007-12-31,visible_lobbying,visible_lobbying_filing,1.0000,0.0000,Official LDA API,61c46e13-eb36-4d76-9a03-de2ec493260e|lda-eng|3,treated_hloga_lda_client,hloga-2007-federal-lobbying-disclosure,filing_count; amount_millions,United States federal,0.8000,reviewed_exact_lda_client_name_source_row,exact-normalized-client-name-match-to-reviewed-canonical-actor,codex-source-audit,2026-07-24,https://lda.gov/filings/public/filing/61c46e13-eb36-4d76-9a03-de2ec493260e/print/,official LDA API filing row matched by exact normalized client name to the reviewed canonical actor; usable as treated visible-lobbying pre/post source surface only; stable cross-source LDA client-ID promotion and comparison-group design remain unresolved
cand-b905d6833296,American Petroleum Institute,12,https://lda.gov/api/v1/clients/186964/,61c46e13-eb36-4d76-9a03-de2ec493260e,2007,year_end,RR,https://lda.gov/filings/public/filing/61c46e13-eb36-4d76-9a03-de2ec493260e/print/,2007-11-01T00:00:00-04:00,AMERICAN PETROLEUM INSTITUTE,"CUMBERLAND NORTH AMERICA, LLC",lda-env,ENV,Environment/Superfund,2007-07-01,2007-12-31,visible_lobbying,visible_lobbying_filing,1.0000,0.0000,Official LDA API,61c46e13-eb36-4d76-9a03-de2ec493260e|lda-env|2,treated_hloga_lda_client,hloga-2007-federal-lobbying-disclosure,filing_count; amount_millions,United States federal,0.8000,reviewed_exact_lda_client_name_source_row,exact-normalized-client-name-match-to-reviewed-canonical-actor,codex-source-audit,2026-07-24,https://lda.gov/filings/public/filing/61c46e13-eb36-4d76-9a03-de2ec493260e/print/,official LDA API filing row matched by exact normalized client name to the reviewed canonical actor; usable as treated visible-lobbying pre/post source surface only; stable cross-source LDA client-ID promotion and comparison-group design remain unresolved
cand-b905d6833296,American Petroleum Institute,12,https://lda.gov/api/v1/clients/186964/,61c46e13-eb36-4d76-9a03-de2ec493260e,2007,year_end,RR,https://lda.gov/filings/public/filing/61c46e13-eb36-4d76-9a03-de2ec493260e/print/,2007-11-01T00:00:00-04:00,AMERICAN PETROLEUM INSTITUTE,"CUMBERLAND NORTH AMERICA, LLC",lda-fue,FUE,Fuel/Gas/Oil,2007-07-01,2007-12-31,visible_lobbying,visible_lobbying_filing,1.0000,0.0000,Official LDA API,61c46e13-eb36-4d76-9a03-de2ec493260e|lda-fue|4,treated_hloga_lda_client,hloga-2007-federal-lobbying-disclosure,filing_count; amount_millions,United States federal,0.8000,reviewed_exact_lda_client_name_source_row,exact-normalized-client-name-match-to-reviewed-canonical-actor,codex-source-audit,2026-07-24,https://lda.gov/filings/public/filing/61c46e13-eb36-4d76-9a03-de2ec493260e/print/,official LDA API filing row matched by exact normalized client name to the reviewed canonical actor; usable as treated visible-lobbying pre/post source surface only; stable cross-source LDA client-ID promotion and comparison-group design remain unresolved
cand-b905d6833296,American Petroleum Institute,12,https://lda.gov/api/v1/clients/186964/,61c46e13-eb36-4d76-9a03-de2ec493260e,2007,year_end,RR,https://lda.gov/filings/public/filing/61c46e13-eb36-4d76-9a03-de2ec493260e/print/,2007-11-01T00:00:00-04:00,AMERICAN PETROLEUM INSTITUTE,"CUMBERLAND NORTH AMERICA, LLC",lda-mar,MAR,Marine/Maritime/Boating/Fisheries,2007-07-01,2007-12-31,visible_lobbying,visible_lobbying_filing,1.0000,0.0000,Official LDA API,61c46e13-eb36-4d76-9a03-de2ec493260e|lda-mar|1,treated_hloga_lda_client,hloga-2007-federal-lobbying-disclosure,filing_count; amount_millions,United States federal,0.8000,reviewed_exact_lda_client_name_source_row,exact-normalized-client-name-match-to-reviewed-canonical-actor,codex-source-audit,2026-07-24,https://lda.gov/filings/public/filing/61c46e13-eb36-4d76-9a03-de2ec493260e/print/,official LDA API filing row matched by exact normalized client name to the reviewed canonical actor; usable as treated visible-lobbying pre/post source surface only; stable cross-source LDA client-ID promotion and comparison-group design remain unresolved
cand-b905d6833296,American Petroleum Institute,48,https://lda.gov/api/v1/clients/146563/,6bc6fab8-8a40-4388-9eae-25a7feb8929e,2007,year_end,YY,https://lda.gov/filings/public/filing/6bc6fab8-8a40-4388-9eae-25a7feb8929e/print/,2008-02-12T15:39:31.440000-05:00,AMERICAN PETROLEUM INSTITUTE,"TIMMONS AND COMPANY, INC.",lda-agr,AGR,Agriculture,2007-07-01,2007-12-31,visible_lobbying,visible_lobbying_filing,1.0000,0.1800,Official LDA API,6bc6fab8-8a40-4388-9eae-25a7feb8929e|lda-agr|1,treated_hloga_lda_client,hloga-2007-federal-lobbying-disclosure,filing_count; amount_millions,United States federal,0.8000,reviewed_exact_lda_client_name_source_row,exact-normalized-client-name-match-to-reviewed-canonical-actor,codex-source-audit,2026-07-24,https://lda.gov/filings/public/filing/6bc6fab8-8a40-4388-9eae-25a7feb8929e/print/,official LDA API filing row matched by exact normalized client name to the reviewed canonical actor; usable as treated visible-lobbying pre/post source surface only; stable cross-source LDA client-ID promotion and comparison-group design remain unresolved
cand-b905d6833296,American Petroleum Institute,48,https://lda.gov/api/v1/clients/146563/,6bc6fab8-8a40-4388-9eae-25a7feb8929e,2007,year_end,YY,https://lda.gov/filings/public/filing/6bc6fab8-8a40-4388-9eae-25a7feb8929e/print/,2008-02-12T15:39:31.440000-05:00,AMERICAN PETROLEUM INSTITUTE,"TIMMONS AND COMPANY, INC.",lda-bud,BUD,Budget/Appropriations,2007-07-01,2007-12-31,visible_lobbying,visible_lobbying_filing,1.0000,0.1800,Official LDA API,6bc6fab8-8a40-4388-9eae-25a7feb8929e|lda-bud|7,treated_hloga_lda_client,hloga-2007-federal-lobbying-disclosure,filing_count; amount_millions,United States federal,0.8000,reviewed_exact_lda_client_name_source_row,exact-normalized-client-name-match-to-reviewed-canonical-actor,codex-source-audit,2026-07-24,https://lda.gov/filings/public/filing/6bc6fab8-8a40-4388-9eae-25a7feb8929e/print/,official LDA API filing row matched by exact normalized client name to the reviewed canonical actor; usable as treated visible-lobbying pre/post source surface only; stable cross-source LDA client-ID promotion and comparison-group design remain unresolved
cand-b905d6833296,American Petroleum Institute,48,https://lda.gov/api/v1/clients/146563/,6bc6fab8-8a40-4388-9eae-25a7feb8929e,2007,year_end,YY,https://lda.gov/filings/public/filing/6bc6fab8-8a40-4388-9eae-25a7feb8929e/print/,2008-02-12T15:39:31.440000-05:00,AMERICAN PETROLEUM INSTITUTE,"TIMMONS AND COMPANY, INC.",lda-caw,CAW,Clean Air and Water (quality),2007-07-01,2007-12-31,visible_lobbying,visible_lobbying_filing,1.0000,0.1800,Official LDA API,6bc6fab8-8a40-4388-9eae-25a7feb8929e|lda-caw|6,treated_hloga_lda_client,hloga-2007-federal-lobbying-disclosure,filing_count; amount_millions,United States federal,0.8000,reviewed_exact_lda_client_name_source_row,exact-normalized-client-name-match-to-reviewed-canonical-actor,codex-source-audit,2026-07-24,https://lda.gov/filings/public/filing/6bc6fab8-8a40-4388-9eae-25a7feb8929e/print/,official LDA API filing row matched by exact normalized client name to the reviewed canonical actor; usable as treated visible-lobbying pre/post source surface only; stable cross-source LDA client-ID promotion and comparison-group design remain unresolved
cand-b905d6833296,American Petroleum Institute,48,https://lda.gov/api/v1/clients/146563/,6bc6fab8-8a40-4388-9eae-25a7feb8929e,2007,year_end,YY,https://lda.gov/filings/public/filing/6bc6fab8-8a40-4388-9eae-25a7feb8929e/print/,2008-02-12T15:39:31.440000-05:00,AMERICAN PETROLEUM INSTITUTE,"TIMMONS AND COMPANY, INC.",lda-eng,ENG,Energy/Nuclear,2007-07-01,2007-12-31,visible_lobbying,visible_lobbying_filing,1.0000,0.1800,Official LDA API,6bc6fab8-8a40-4388-9eae-25a7feb8929e|lda-eng|4,treated_hloga_lda_client,hloga-2007-federal-lobbying-disclosure,filing_count; amount_millions,United States federal,0.8000,reviewed_exact_lda_client_name_source_row,exact-normalized-client-name-match-to-reviewed-canonical-actor,codex-source-audit,2026-07-24,https://lda.gov/filings/public/filing/6bc6fab8-8a40-4388-9eae-25a7feb8929e/print/,official LDA API filing row matched by exact normalized client name to the reviewed canonical actor; usable as treated visible-lobbying pre/post source surface only; stable cross-source LDA client-ID promotion and comparison-group design remain unresolved
cand-b905d6833296,American Petroleum Institute,48,https://lda.gov/api/v1/clients/146563/,6bc6fab8-8a40-4388-9eae-25a7feb8929e,2007,year_end,YY,https://lda.gov/filings/public/filing/6bc6fab8-8a40-4388-9eae-25a7feb8929e/print/,2008-02-12T15:39:31.440000-05:00,AMERICAN PETROLEUM INSTITUTE,"TIMMONS AND COMPANY, INC.",lda-fue,FUE,Fuel/Gas/Oil,2007-07-01,2007-12-31,visible_lobbying,visible_lobbying_filing,1.0000,0.1800,Official LDA API,6bc6fab8-8a40-4388-9eae-25a7feb8929e|lda-fue|5,treated_hloga_lda_client,hloga-2007-federal-lobbying-disclosure,filing_count; amount_millions,United States federal,0.8000,reviewed_exact_lda_client_name_source_row,exact-normalized-client-name-match-to-reviewed-canonical-actor,codex-source-audit,2026-07-24,https://lda.gov/filings/public/filing/6bc6fab8-8a40-4388-9eae-25a7feb8929e/print/,official LDA API filing row matched by exact normalized client name to the reviewed canonical actor; usable as treated visible-lobbying pre/post source surface only; stable cross-source LDA client-ID promotion and comparison-group design remain unresolved
cand-b905d6833296,American Petroleum Institute,48,https://lda.gov/api/v1/clients/146563/,6bc6fab8-8a40-4388-9eae-25a7feb8929e,2007,year_end,YY,https://lda.gov/filings/public/filing/6bc6fab8-8a40-4388-9eae-25a7feb8929e/print/,2008-02-12T15:39:31.440000-05:00,AMERICAN PETROLEUM INSTITUTE,"TIMMONS AND COMPANY, INC.",lda-lbr,LBR,Labor Issues/Antitrust/Workplace,2007-07-01,2007-12-31,visible_lobbying,visible_lobbying_filing,1.0000,0.1800,Official LDA API,6bc6fab8-8a40-4388-9eae-25a7feb8929e|lda-lbr|3,treated_hloga_lda_client,hloga-2007-federal-lobbying-disclosure,filing_count; amount_millions,United States federal,0.8000,reviewed_exact_lda_client_name_source_row,exact-normalized-client-name-match-to-reviewed-canonical-actor,codex-source-audit,2026-07-24,https://lda.gov/filings/public/filing/6bc6fab8-8a40-4388-9eae-25a7feb8929e/print/,official LDA API filing row matched by exact normalized client name to the reviewed canonical actor; usable as treated visible-lobbying pre/post source surface only; stable cross-source LDA client-ID promotion and comparison-group design remain unresolved
cand-b905d6833296,American Petroleum Institute,48,https://lda.gov/api/v1/clients/146563/,6bc6fab8-8a40-4388-9eae-25a7feb8929e,2007,year_end,YY,https://lda.gov/filings/public/filing/6bc6fab8-8a40-4388-9eae-25a7feb8929e/print/,2008-02-12T15:39:31.440000-05:00,AMERICAN PETROLEUM INSTITUTE,"TIMMONS AND COMPANY, INC.",lda-tax,TAX,Taxation/Internal Revenue Code,2007-07-01,2007-12-31,visible_lobbying,visible_lobbying_filing,1.0000,0.1800,Official LDA API,6bc6fab8-8a40-4388-9eae-25a7feb8929e|lda-tax|2,treated_hloga_lda_client,hloga-2007-federal-lobbying-disclosure,filing_count; amount_millions,United States federal,0.8000,reviewed_exact_lda_client_name_source_row,exact-normalized-client-name-match-to-reviewed-canonical-actor,codex-source-audit,2026-07-24,https://lda.gov/filings/public/filing/6bc6fab8-8a40-4388-9eae-25a7feb8929e/print/,official LDA API filing row matched by exact normalized client name to the reviewed canonical actor; usable as treated visible-lobbying pre/post source surface only; stable cross-source LDA client-ID promotion and comparison-group design remain unresolved
cand-b905d6833296,American Petroleum Institute,87,https://lda.gov/api/v1/clients/126945/,72c823d6-ded0-46e8-ab3f-63f68432132b,2007,year_end,YT,https://lda.gov/filings/public/filing/72c823d6-ded0-46e8-ab3f-63f68432132b/print/,2008-02-13T15:00:18.907000-05:00,AMERICAN PETROLEUM INSTITUTE,TIBER CREEK GROUP,lda-aut,AUT,Automotive Industry,2007-07-01,2007-12-31,visible_lobbying,visible_lobbying_filing,1.0000,0.1200,Official LDA API,72c823d6-ded0-46e8-ab3f-63f68432132b|lda-aut|1,treated_hloga_lda_client,hloga-2007-federal-lobbying-disclosure,filing_count; amount_millions,United States federal,0.8000,reviewed_exact_lda_client_name_source_row,exact-normalized-client-name-match-to-reviewed-canonical-actor,codex-source-audit,2026-07-24,https://lda.gov/filings/public/filing/72c823d6-ded0-46e8-ab3f-63f68432132b/print/,official LDA API filing row matched by exact normalized client name to the reviewed canonical actor; usable as treated visible-lobbying pre/post source surface only; stable cross-source LDA client-ID promotion and comparison-group design remain unresolved
cand-b905d6833296,American Petroleum Institute,87,https://lda.gov/api/v1/clients/126945/,74151b73-e354-42ac-b538-ed0a6221649d,2007,year_end,YT,https://lda.gov/filings/public/filing/74151b73-e354-42ac-b538-ed0a6221649d/print/,2008-10-03T00:00:00-04:00,AMERICAN PETROLEUM INSTITUTE,TIBER CREEK GROUP,lda-aut,AUT,Automotive Industry,2007-07-01,2007-12-31,visible_lobbying,visible_lobbying_filing,1.0000,0.1200,Official LDA API,74151b73-e354-42ac-b538-ed0a6221649d|lda-aut|1,treated_hloga_lda_client,hloga-2007-federal-lobbying-disclosure,filing_count; amount_millions,United States federal,0.8000,reviewed_exact_lda_client_name_source_row,exact-normalized-client-name-match-to-reviewed-canonical-actor,codex-source-audit,2026-07-24,https://lda.gov/filings/public/filing/74151b73-e354-42ac-b538-ed0a6221649d/print/,official LDA API filing row matched by exact normalized client name to the reviewed canonical actor; usable as treated visible-lobbying pre/post source surface only; stable cross-source LDA client-ID promotion and comparison-group design remain unresolved
cand-b905d6833296,American Petroleum Institute,12,https://lda.gov/api/v1/clients/103626/,741b8f13-6cad-4025-b2dc-9b3b6962e857,2007,year_end,YY,https://lda.gov/filings/public/filing/741b8f13-6cad-4025-b2dc-9b3b6962e857/print/,2008-02-14T18:45:09.580000-05:00,AMERICAN PETROLEUM INSTITUTE,AMERICAN PETROLEUM INSTITUTE,lda-bud,BUD,Budget/Appropriations,2007-07-01,2007-12-31,visible_lobbying,visible_lobbying_filing,1.0000,2.3600,Official LDA API,741b8f13-6cad-4025-b2dc-9b3b6962e857|lda-bud|9,treated_hloga_lda_client,hloga-2007-federal-lobbying-disclosure,filing_count; amount_millions,United States federal,0.8000,reviewed_exact_lda_client_name_source_row,exact-normalized-client-name-match-to-reviewed-canonical-actor,codex-source-audit,2026-07-24,https://lda.gov/filings/public/filing/741b8f13-6cad-4025-b2dc-9b3b6962e857/print/,official LDA API filing row matched by exact normalized client name to the reviewed canonical actor; usable as treated visible-lobbying pre/post source surface only; stable cross-source LDA client-ID promotion and comparison-group design remain unresolved
cand-b905d6833296,American Petroleum Institute,12,https://lda.gov/api/v1/clients/103626/,741b8f13-6cad-4025-b2dc-9b3b6962e857,2007,year_end,YY,https://lda.gov/filings/public/filing/741b8f13-6cad-4025-b2dc-9b3b6962e857/print/,2008-02-14T18:45:09.580000-05:00,AMERICAN PETROLEUM INSTITUTE,AMERICAN PETROLEUM INSTITUTE,lda-caw,CAW,Clean Air and Water (quality),2007-07-01,2007-12-31,visible_lobbying,visible_lobbying_filing,1.0000,2.3600,Official LDA API,741b8f13-6cad-4025-b2dc-9b3b6962e857|lda-caw|6,treated_hloga_lda_client,hloga-2007-federal-lobbying-disclosure,filing_count; amount_millions,United States federal,0.8000,reviewed_exact_lda_client_name_source_row,exact-normalized-client-name-match-to-reviewed-canonical-actor,codex-source-audit,2026-07-24,https://lda.gov/filings/public/filing/741b8f13-6cad-4025-b2dc-9b3b6962e857/print/,official LDA API filing row matched by exact normalized client name to the reviewed canonical actor; usable as treated visible-lobbying pre/post source surface only; stable cross-source LDA client-ID promotion and comparison-group design remain unresolved
cand-b905d6833296,American Petroleum Institute,12,https://lda.gov/api/v1/clients/103626/,741b8f13-6cad-4025-b2dc-9b3b6962e857,2007,year_end,YY,https://lda.gov/filings/public/filing/741b8f13-6cad-4025-b2dc-9b3b6962e857/print/,2008-02-14T18:45:09.580000-05:00,AMERICAN PETROLEUM INSTITUTE,AMERICAN PETROLEUM INSTITUTE,lda-eng,ENG,Energy/Nuclear,2007-07-01,2007-12-31,visible_lobbying,visible_lobbying_filing,1.0000,2.3600,Official LDA API,741b8f13-6cad-4025-b2dc-9b3b6962e857|lda-eng|10,treated_hloga_lda_client,hloga-2007-federal-lobbying-disclosure,filing_count; amount_millions,United States federal,0.8000,reviewed_exact_lda_client_name_source_row,exact-normalized-client-name-match-to-reviewed-canonical-actor,codex-source-audit,2026-07-24,https://lda.gov/filings/public/filing/741b8f13-6cad-4025-b2dc-9b3b6962e857/print/,official LDA API filing row matched by exact normalized client name to the reviewed canonical actor; usable as treated visible-lobbying pre/post source surface only; stable cross-source LDA client-ID promotion and comparison-group design remain unresolved
cand-b905d6833296,American Petroleum Institute,12,https://lda.gov/api/v1/clients/103626/,741b8f13-6cad-4025-b2dc-9b3b6962e857,2007,year_end,YY,https://lda.gov/filings/public/filing/741b8f13-6cad-4025-b2dc-9b3b6962e857/print/,2008-02-14T18:45:09.580000-05:00,AMERICAN PETROLEUM INSTITUTE,AMERICAN PETROLEUM INSTITUTE,lda-fue,FUE,Fuel/Gas/Oil,2007-07-01,2007-12-31,visible_lobbying,visible_lobbying_filing,1.0000,2.3600,Official LDA API,741b8f13-6cad-4025-b2dc-9b3b6962e857|lda-fue|4,treated_hloga_lda_client,hloga-2007-federal-lobbying-disclosure,filing_count; amount_millions,United States federal,0.8000,reviewed_exact_lda_client_name_source_row,exact-normalized-client-name-match-to-reviewed-canonical-actor,codex-source-audit,2026-07-24,https://lda.gov/filings/public/filing/741b8f13-6cad-4025-b2dc-9b3b6962e857/print/,official LDA API filing row matched by exact normalized client name to the reviewed canonical actor; usable as treated visible-lobbying pre/post source surface only; stable cross-source LDA client-ID promotion and comparison-group design remain unresolved
cand-b905d6833296,American Petroleum Institute,12,https://lda.gov/api/v1/clients/103626/,741b8f13-6cad-4025-b2dc-9b3b6962e857,2007,year_end,YY,https://lda.gov/filings/public/filing/741b8f13-6cad-4025-b2dc-9b3b6962e857/print/,2008-02-14T18:45:09.580000-05:00,AMERICAN PETROLEUM INSTITUTE,AMERICAN PETROLEUM INSTITUTE,lda-hom,HOM,Homeland Security,2007-07-01,2007-12-31,visible_lobbying,visible_lobbying_filing,1.0000,2.3600,Official LDA API,741b8f13-6cad-4025-b2dc-9b3b6962e857|lda-hom|5,treated_hloga_lda_client,hloga-2007-federal-lobbying-disclosure,filing_count; amount_millions,United States federal,0.8000,reviewed_exact_lda_client_name_source_row,exact-normalized-client-name-match-to-reviewed-canonical-actor,codex-source-audit,2026-07-24,https://lda.gov/filings/public/filing/741b8f13-6cad-4025-b2dc-9b3b6962e857/print/,official LDA API filing row matched by exact normalized client name to the reviewed canonical actor; usable as treated visible-lobbying pre/post source surface only; stable cross-source LDA client-ID promotion and comparison-group design remain unresolved
cand-b905d6833296,American Petroleum Institute,12,https://lda.gov/api/v1/clients/103626/,741b8f13-6cad-4025-b2dc-9b3b6962e857,2007,year_end,YY,https://lda.gov/filings/public/filing/741b8f13-6cad-4025-b2dc-9b3b6962e857/print/,2008-02-14T18:45:09.580000-05:00,AMERICAN PETROLEUM INSTITUTE,AMERICAN PETROLEUM INSTITUTE,lda-lbr,LBR,Labor Issues/Antitrust/Workplace,2007-07-01,2007-12-31,visible_lobbying,visible_lobbying_filing,1.0000,2.3600,Official LDA API,741b8f13-6cad-4025-b2dc-9b3b6962e857|lda-lbr|3,treated_hloga_lda_client,hloga-2007-federal-lobbying-disclosure,filing_count; amount_millions,United States federal,0.8000,reviewed_exact_lda_client_name_source_row,exact-normalized-client-name-match-to-reviewed-canonical-actor,codex-source-audit,2026-07-24,https://lda.gov/filings/public/filing/741b8f13-6cad-4025-b2dc-9b3b6962e857/print/,official LDA API filing row matched by exact normalized client name to the reviewed canonical actor; usable as treated visible-lobbying pre/post source surface only; stable cross-source LDA client-ID promotion and comparison-group design remain unresolved
cand-b905d6833296,American Petroleum Institute,12,https://lda.gov/api/v1/clients/103626/,741b8f13-6cad-4025-b2dc-9b3b6962e857,2007,year_end,YY,https://lda.gov/filings/public/filing/741b8f13-6cad-4025-b2dc-9b3b6962e857/print/,2008-02-14T18:45:09.580000-05:00,AMERICAN PETROLEUM INSTITUTE,AMERICAN PETROLEUM INSTITUTE,lda-mar,MAR,Marine/Maritime/Boating/Fisheries,2007-07-01,2007-12-31,visible_lobbying,visible_lobbying_filing,1.0000,2.3600,Official LDA API,741b8f13-6cad-4025-b2dc-9b3b6962e857|lda-mar|8,treated_hloga_lda_client,hloga-2007-federal-lobbying-disclosure,filing_count; amount_millions,United States federal,0.8000,reviewed_exact_lda_client_name_source_row,exact-normalized-client-name-match-to-reviewed-canonical-actor,codex-source-audit,2026-07-24,https://lda.gov/filings/public/filing/741b8f13-6cad-4025-b2dc-9b3b6962e857/print/,official LDA API filing row matched by exact normalized client name to the reviewed canonical actor; usable as treated visible-lobbying pre/post source surface only; stable cross-source LDA client-ID promotion and comparison-group design remain unresolved
cand-b905d6833296,American Petroleum Institute,12,https://lda.gov/api/v1/clients/103626/,741b8f13-6cad-4025-b2dc-9b3b6962e857,2007,year_end,YY,https://lda.gov/filings/public/filing/741b8f13-6cad-4025-b2dc-9b3b6962e857/print/,2008-02-14T18:45:09.580000-05:00,AMERICAN PETROLEUM INSTITUTE,AMERICAN PETROLEUM INSTITUTE,lda-nat,NAT,Natural Resources,2007-07-01,2007-12-31,visible_lobbying,visible_lobbying_filing,1.0000,2.3600,Official LDA API,741b8f13-6cad-4025-b2dc-9b3b6962e857|lda-nat|2,treated_hloga_lda_client,hloga-2007-federal-lobbying-disclosure,filing_count; amount_millions,United States federal,0.8000,reviewed_exact_lda_client_name_source_row,exact-normalized-client-name-match-to-reviewed-canonical-actor,codex-source-audit,2026-07-24,https://lda.gov/filings/public/filing/741b8f13-6cad-4025-b2dc-9b3b6962e857/print/,official LDA API filing row matched by exact normalized client name to the reviewed canonical actor; usable as treated visible-lobbying pre/post source surface only; stable cross-source LDA client-ID promotion and comparison-group design remain unresolved
cand-b905d6833296,American Petroleum Institute,12,https://lda.gov/api/v1/clients/103626/,741b8f13-6cad-4025-b2dc-9b3b6962e857,2007,year_end,YY,https://lda.gov/filings/public/filing/741b8f13-6cad-4025-b2dc-9b3b6962e857/print/,2008-02-14T18:45:09.580000-05:00,AMERICAN PETROLEUM INSTITUTE,AMERICAN PETROLEUM INSTITUTE,lda-tax,TAX,Taxation/Internal Revenue Code,2007-07-01,2007-12-31,visible_lobbying,visible_lobbying_filing,1.0000,2.3600,Official LDA API,741b8f13-6cad-4025-b2dc-9b3b6962e857|lda-tax|7,treated_hloga_lda_client,hloga-2007-federal-lobbying-disclosure,filing_count; amount_millions,United States federal,0.8000,reviewed_exact_lda_client_name_source_row,exact-normalized-client-name-match-to-reviewed-canonical-actor,codex-source-audit,2026-07-24,https://lda.gov/filings/public/filing/741b8f13-6cad-4025-b2dc-9b3b6962e857/print/,official LDA API filing row matched by exact normalized client name to the reviewed canonical actor; usable as treated visible-lobbying pre/post source surface only; stable cross-source LDA client-ID promotion and comparison-group design remain unresolved
cand-b905d6833296,American Petroleum Institute,12,https://lda.gov/api/v1/clients/103626/,741b8f13-6cad-4025-b2dc-9b3b6962e857,2007,year_end,YY,https://lda.gov/filings/public/filing/741b8f13-6cad-4025-b2dc-9b3b6962e857/print/,2008-02-14T18:45:09.580000-05:00,AMERICAN PETROLEUM INSTITUTE,AMERICAN PETROLEUM INSTITUTE,lda-trd,TRD,Trade (domestic/foreign),2007-07-01,2007-12-31,visible_lobbying,visible_lobbying_filing,1.0000,2.3600,Official LDA API,741b8f13-6cad-4025-b2dc-9b3b6962e857|lda-trd|1,treated_hloga_lda_client,hloga-2007-federal-lobbying-disclosure,filing_count; amount_millions,United States federal,0.8000,reviewed_exact_lda_client_name_source_row,exact-normalized-client-name-match-to-reviewed-canonical-actor,codex-source-audit,2026-07-24,https://lda.gov/filings/public/filing/741b8f13-6cad-4025-b2dc-9b3b6962e857/print/,official LDA API filing row matched by exact normalized client name to the reviewed canonical actor; usable as treated visible-lobbying pre/post source surface only; stable cross-source LDA client-ID promotion and comparison-group design remain unresolved
cand-b905d6833296,American Petroleum Institute,36,https://lda.gov/api/v1/clients/119051/,7657450c-1f57-452e-b577-9395a5810488,2007,year_end,YYY,https://lda.gov/filings/public/filing/7657450c-1f57-452e-b577-9395a5810488/print/,2008-02-14T11:21:51-05:00,AMERICAN PETROLEUM INSTITUTE,"EOP GROUP, INC.",lda-uns,UNS,Unspecified,2007-07-01,2007-12-31,visible_lobbying,visible_lobbying_filing,1.0000,0.0000,Official LDA API,7657450c-1f57-452e-b577-9395a5810488|lda-uns|1,treated_hloga_lda_client,hloga-2007-federal-lobbying-disclosure,filing_count; amount_millions,United States federal,0.8000,reviewed_exact_lda_client_name_source_row,exact-normalized-client-name-match-to-reviewed-canonical-actor,codex-source-audit,2026-07-24,https://lda.gov/filings/public/filing/7657450c-1f57-452e-b577-9395a5810488/print/,official LDA API filing row matched by exact normalized client name to the reviewed canonical actor; usable as treated visible-lobbying pre/post source surface only; stable cross-source LDA client-ID promotion and comparison-group design remain unresolved
cand-b905d6833296,American Petroleum Institute,87,https://lda.gov/api/v1/clients/126945/,79f0989d-a6e6-41dd-8876-24f2b2d9ed23,2007,year_end,YT,https://lda.gov/filings/public/filing/79f0989d-a6e6-41dd-8876-24f2b2d9ed23/print/,2008-02-05T11:53:28.643000-05:00,AMERICAN PETROLEUM INSTITUTE,TIBER CREEK GROUP,lda-eng,ENG,Energy/Nuclear,2007-07-01,2007-12-31,visible_lobbying,visible_lobbying_filing,1.0000,0.1200,Official LDA API,79f0989d-a6e6-41dd-8876-24f2b2d9ed23|lda-eng|2,treated_hloga_lda_client,hloga-2007-federal-lobbying-disclosure,filing_count; amount_millions,United States federal,0.8000,reviewed_exact_lda_client_name_source_row,exact-normalized-client-name-match-to-reviewed-canonical-actor,codex-source-audit,2026-07-24,https://lda.gov/filings/public/filing/79f0989d-a6e6-41dd-8876-24f2b2d9ed23/print/,official LDA API filing row matched by exact normalized client name to the reviewed canonical actor; usable as treated visible-lobbying pre/post source surface only; stable cross-source LDA client-ID promotion and comparison-group design remain unresolved
cand-b905d6833296,American Petroleum Institute,87,https://lda.gov/api/v1/clients/126945/,79f0989d-a6e6-41dd-8876-24f2b2d9ed23,2007,year_end,YT,https://lda.gov/filings/public/filing/79f0989d-a6e6-41dd-8876-24f2b2d9ed23/print/,2008-02-05T11:53:28.643000-05:00,AMERICAN PETROLEUM INSTITUTE,TIBER CREEK GROUP,lda-tax,TAX,Taxation/Internal Revenue Code,2007-07-01,2007-12-31,visible_lobbying,visible_lobbying_filing,1.0000,0.1200,Official LDA API,79f0989d-a6e6-41dd-8876-24f2b2d9ed23|lda-tax|1,treated_hloga_lda_client,hloga-2007-federal-lobbying-disclosure,filing_count; amount_millions,United States federal,0.8000,reviewed_exact_lda_client_name_source_row,exact-normalized-client-name-match-to-reviewed-canonical-actor,codex-source-audit,2026-07-24,https://lda.gov/filings/public/filing/79f0989d-a6e6-41dd-8876-24f2b2d9ed23/print/,official LDA API filing row matched by exact normalized client name to the reviewed canonical actor; usable as treated visible-lobbying pre/post source surface only; stable cross-source LDA client-ID promotion and comparison-group design remain unresolved
cand-b905d6833296,American Petroleum Institute,12,https://lda.gov/api/v1/clients/186964/,7a8af513-7df5-430e-bf04-072ae7838daa,2007,year_end,YT,https://lda.gov/filings/public/filing/7a8af513-7df5-430e-bf04-072ae7838daa/print/,2008-02-14T00:00:00-05:00,AMERICAN PETROLEUM INSTITUTE,"CUMBERLAND NORTH AMERICA, LLC",lda-eng,ENG,Energy/Nuclear,2007-07-01,2007-12-31,visible_lobbying,visible_lobbying_filing,1.0000,0.0000,Official LDA API,7a8af513-7df5-430e-bf04-072ae7838daa|lda-eng|1,treated_hloga_lda_client,hloga-2007-federal-lobbying-disclosure,filing_count; amount_millions,United States federal,0.8000,reviewed_exact_lda_client_name_source_row,exact-normalized-client-name-match-to-reviewed-canonical-actor,codex-source-audit,2026-07-24,https://lda.gov/filings/public/filing/7a8af513-7df5-430e-bf04-072ae7838daa/print/,official LDA API filing row matched by exact normalized client name to the reviewed canonical actor; usable as treated visible-lobbying pre/post source surface only; stable cross-source LDA client-ID promotion and comparison-group design remain unresolved
cand-b905d6833296,American Petroleum Institute,1003995,https://lda.gov/api/v1/clients/144061/,875efcea-f799-4fe9-a9db-6a17936abaa6,2007,year_end,YTY,https://lda.gov/filings/public/filing/875efcea-f799-4fe9-a9db-6a17936abaa6/print/,2008-02-13T20:25:43.243000-05:00,AMERICAN PETROLEUM INSTITUTE,"SKADDEN, ARPS, SLATE, MEAGHER & FLOM LLP",lda-uns,UNS,Unspecified,2007-07-01,2007-12-31,visible_lobbying,visible_lobbying_filing,1.0000,0.0000,Official LDA API,875efcea-f799-4fe9-a9db-6a17936abaa6|lda-uns|1,treated_hloga_lda_client,hloga-2007-federal-lobbying-disclosure,filing_count; amount_millions,United States federal,0.8000,reviewed_exact_lda_client_name_source_row,exact-normalized-client-name-match-to-reviewed-canonical-actor,codex-source-audit,2026-07-24,https://lda.gov/filings/public/filing/875efcea-f799-4fe9-a9db-6a17936abaa6/print/,official LDA API filing row matched by exact normalized client name to the reviewed canonical actor; usable as treated visible-lobbying pre/post source surface only; stable cross-source LDA client-ID promotion and comparison-group design remain unresolved
cand-b905d6833296,American Petroleum Institute,238,https://lda.gov/api/v1/clients/146647/,9a6f4c1e-dd70-49c1-b85c-9fd7fc75e943,2007,year_end,YY,https://lda.gov/filings/public/filing/9a6f4c1e-dd70-49c1-b85c-9fd7fc75e943/print/,2008-02-13T14:54:59.640000-05:00,AMERICAN PETROLEUM INSTITUTE,MICHAEL L. TINER,lda-fue,FUE,Fuel/Gas/Oil,2007-07-01,2007-12-31,visible_lobbying,visible_lobbying_filing,1.0000,0.0400,Official LDA API,9a6f4c1e-dd70-49c1-b85c-9fd7fc75e943|lda-fue|1,treated_hloga_lda_client,hloga-2007-federal-lobbying-disclosure,filing_count; amount_millions,United States federal,0.8000,reviewed_exact_lda_client_name_source_row,exact-normalized-client-name-match-to-reviewed-canonical-actor,codex-source-audit,2026-07-24,https://lda.gov/filings/public/filing/9a6f4c1e-dd70-49c1-b85c-9fd7fc75e943/print/,official LDA API filing row matched by exact normalized client name to the reviewed canonical actor; usable as treated visible-lobbying pre/post source surface only; stable cross-source LDA client-ID promotion and comparison-group design remain unresolved
cand-b905d6833296,American Petroleum Institute,2195,https://lda.gov/api/v1/clients/114557/,a15cab04-9170-40b9-a6f5-e650c0ec4fba,2007,year_end,YY,https://lda.gov/filings/public/filing/a15cab04-9170-40b9-a6f5-e650c0ec4fba/print/,2008-02-13T14:49:43.343000-05:00,AMERICAN PETROLEUM INSTITUTE,PRICEWATERHOUSECOOPERS,lda-tax,TAX,Taxation/Internal Revenue Code,2007-07-01,2007-12-31,visible_lobbying,visible_lobbying_filing,1.0000,0.1400,Official LDA API,a15cab04-9170-40b9-a6f5-e650c0ec4fba|lda-tax|1,treated_hloga_lda_client,hloga-2007-federal-lobbying-disclosure,filing_count; amount_millions,United States federal,0.8000,reviewed_exact_lda_client_name_source_row,exact-normalized-client-name-match-to-reviewed-canonical-actor,codex-source-audit,2026-07-24,https://lda.gov/filings/public/filing/a15cab04-9170-40b9-a6f5-e650c0ec4fba/print/,official LDA API filing row matched by exact normalized client name to the reviewed canonical actor; usable as treated visible-lobbying pre/post source surface only; stable cross-source LDA client-ID promotion and comparison-group design remain unresolved
cand-b905d6833296,American Petroleum Institute,12,https://lda.gov/api/v1/clients/186964/,b3c8e231-1bd8-4c64-bcd4-5b77c4d3b0a7,2007,year_end,YT,https://lda.gov/filings/public/filing/b3c8e231-1bd8-4c64-bcd4-5b77c4d3b0a7/print/,2008-02-26T12:29:59.847000-05:00,AMERICAN PETROLEUM INSTITUTE,"CUMBERLAND NORTH AMERICA, LLC",lda-eng,ENG,Energy/Nuclear,2007-07-01,2007-12-31,visible_lobbying,visible_lobbying_filing,1.0000,0.0000,Official LDA API,b3c8e231-1bd8-4c64-bcd4-5b77c4d3b0a7|lda-eng|1,treated_hloga_lda_client,hloga-2007-federal-lobbying-disclosure,filing_count; amount_millions,United States federal,0.8000,reviewed_exact_lda_client_name_source_row,exact-normalized-client-name-match-to-reviewed-canonical-actor,codex-source-audit,2026-07-24,https://lda.gov/filings/public/filing/b3c8e231-1bd8-4c64-bcd4-5b77c4d3b0a7/print/,official LDA API filing row matched by exact normalized client name to the reviewed canonical actor; usable as treated visible-lobbying pre/post source surface only; stable cross-source LDA client-ID promotion and comparison-group design remain unresolved
cand-b905d6833296,American Petroleum Institute,1004220,https://lda.gov/api/v1/clients/186250/,c9e9700e-82d8-48c4-a993-9fb860a6d6c1,2007,year_end,YY,https://lda.gov/filings/public/filing/c9e9700e-82d8-48c4-a993-9fb860a6d6c1/print/,2008-02-14T11:26:48.983000-05:00,AMERICAN PETROLEUM INSTITUTE,CHRISTOPHER HEINZ,lda-eng,ENG,Energy/Nuclear,2007-07-01,2007-12-31,visible_lobbying,visible_lobbying_filing,1.0000,0.0400,Official LDA API,c9e9700e-82d8-48c4-a993-9fb860a6d6c1|lda-eng|1,treated_hloga_lda_client,hloga-2007-federal-lobbying-disclosure,filing_count; amount_millions,United States federal,0.8000,reviewed_exact_lda_client_name_source_row,exact-normalized-client-name-match-to-reviewed-canonical-actor,codex-source-audit,2026-07-24,https://lda.gov/filings/public/filing/c9e9700e-82d8-48c4-a993-9fb860a6d6c1/print/,official LDA API filing row matched by exact normalized client name to the reviewed canonical actor; usable as treated visible-lobbying pre/post source surface only; stable cross-source LDA client-ID promotion and comparison-group design remain unresolved
cand-b905d6833296,American Petroleum Institute,1558,https://lda.gov/api/v1/clients/127393/,d29f0361-c377-4797-a5c1-0d747e6ae107,2007,year_end,YY,https://lda.gov/filings/public/filing/d29f0361-c377-4797-a5c1-0d747e6ae107/print/,2008-02-14T17:05:46.680000-05:00,AMERICAN PETROLEUM INSTITUTE,"JOHNSTON & ASSOCIATES, LLC",lda-eng,ENG,Energy/Nuclear,2007-07-01,2007-12-31,visible_lobbying,visible_lobbying_filing,1.0000,0.1000,Official LDA API,d29f0361-c377-4797-a5c1-0d747e6ae107|lda-eng|1,treated_hloga_lda_client,hloga-2007-federal-lobbying-disclosure,filing_count; amount_millions,United States federal,0.8000,reviewed_exact_lda_client_name_source_row,exact-normalized-client-name-match-to-reviewed-canonical-actor,codex-source-audit,2026-07-24,https://lda.gov/filings/public/filing/d29f0361-c377-4797-a5c1-0d747e6ae107/print/,official LDA API filing row matched by exact normalized client name to the reviewed canonical actor; usable as treated visible-lobbying pre/post source surface only; stable cross-source LDA client-ID promotion and comparison-group design remain unresolved
cand-b905d6833296,American Petroleum Institute,1001208,https://lda.gov/api/v1/clients/135641/,d5beba2e-f6a0-41ec-b044-d21f9f88ce89,2007,year_end,RR,https://lda.gov/filings/public/filing/d5beba2e-f6a0-41ec-b044-d21f9f88ce89/print/,2007-08-14T00:00:00-04:00,AMERICAN PETROLEUM INSTITUTE,"OLSSON, FRANK, WEEDA, TERMAN & MATZ, PC",lda-agr,AGR,Agriculture,2007-07-01,2007-12-31,visible_lobbying,visible_lobbying_filing,1.0000,0.0000,Official LDA API,d5beba2e-f6a0-41ec-b044-d21f9f88ce89|lda-agr|1,treated_hloga_lda_client,hloga-2007-federal-lobbying-disclosure,filing_count; amount_millions,United States federal,0.8000,reviewed_exact_lda_client_name_source_row,exact-normalized-client-name-match-to-reviewed-canonical-actor,codex-source-audit,2026-07-24,https://lda.gov/filings/public/filing/d5beba2e-f6a0-41ec-b044-d21f9f88ce89/print/,official LDA API filing row matched by exact normalized client name to the reviewed canonical actor; usable as treated visible-lobbying pre/post source surface only; stable cross-source LDA client-ID promotion and comparison-group design remain unresolved
cand-b905d6833296,American Petroleum Institute,1001208,https://lda.gov/api/v1/clients/135641/,d5beba2e-f6a0-41ec-b044-d21f9f88ce89,2007,year_end,RR,https://lda.gov/filings/public/filing/d5beba2e-f6a0-41ec-b044-d21f9f88ce89/print/,2007-08-14T00:00:00-04:00,AMERICAN PETROLEUM INSTITUTE,"OLSSON, FRANK, WEEDA, TERMAN & MATZ, PC",lda-eng,ENG,Energy/Nuclear,2007-07-01,2007-12-31,visible_lobbying,visible_lobbying_filing,1.0000,0.0000,Official LDA API,d5beba2e-f6a0-41ec-b044-d21f9f88ce89|lda-eng|2,treated_hloga_lda_client,hloga-2007-federal-lobbying-disclosure,filing_count; amount_millions,United States federal,0.8000,reviewed_exact_lda_client_name_source_row,exact-normalized-client-name-match-to-reviewed-canonical-actor,codex-source-audit,2026-07-24,https://lda.gov/filings/public/filing/d5beba2e-f6a0-41ec-b044-d21f9f88ce89/print/,official LDA API filing row matched by exact normalized client name to the reviewed canonical actor; usable as treated visible-lobbying pre/post source surface only; stable cross-source LDA client-ID promotion and comparison-group design remain unresolved
cand-b905d6833296,American Petroleum Institute,1001208,https://lda.gov/api/v1/clients/135641/,e4b8acc6-030a-4daa-9d4c-793df5edd287,2007,year_end,YY,https://lda.gov/filings/public/filing/e4b8acc6-030a-4daa-9d4c-793df5edd287/print/,2008-02-13T16:06:14.340000-05:00,AMERICAN PETROLEUM INSTITUTE,"OLSSON, FRANK, WEEDA, TERMAN & MATZ, PC",lda-eng,ENG,Energy/Nuclear,2007-07-01,2007-12-31,visible_lobbying,visible_lobbying_filing,1.0000,0.0200,Official LDA API,e4b8acc6-030a-4daa-9d4c-793df5edd287|lda-eng|1,treated_hloga_lda_client,hloga-2007-federal-lobbying-disclosure,filing_count; amount_millions,United States federal,0.8000,reviewed_exact_lda_client_name_source_row,exact-normalized-client-name-match-to-reviewed-canonical-actor,codex-source-audit,2026-07-24,https://lda.gov/filings/public/filing/e4b8acc6-030a-4daa-9d4c-793df5edd287/print/,official LDA API filing row matched by exact normalized client name to the reviewed canonical actor; usable as treated visible-lobbying pre/post source surface only; stable cross-source LDA client-ID promotion and comparison-group design remain unresolved
cand-b905d6833296,American Petroleum Institute,1002923,https://lda.gov/api/v1/clients/177188/,f2ac7a3a-8a7b-4d1e-bc40-ec4b4e72966e,2007,year_end,RR,https://lda.gov/filings/public/filing/f2ac7a3a-8a7b-4d1e-bc40-ec4b4e72966e/print/,2007-07-22T15:15:45-04:00,AMERICAN PETROLEUM INSTITUTE,"OMB PROFESSIONALS, INC.",lda-eng,ENG,Energy/Nuclear,2007-07-01,2007-12-31,visible_lobbying,visible_lobbying_filing,1.0000,0.0000,Official LDA API,f2ac7a3a-8a7b-4d1e-bc40-ec4b4e72966e|lda-eng|1,treated_hloga_lda_client,hloga-2007-federal-lobbying-disclosure,filing_count; amount_millions,United States federal,0.8000,reviewed_exact_lda_client_name_source_row,exact-normalized-client-name-match-to-reviewed-canonical-actor,codex-source-audit,2026-07-24,https://lda.gov/filings/public/filing/f2ac7a3a-8a7b-4d1e-bc40-ec4b4e72966e/print/,official LDA API filing row matched by exact normalized client name to the reviewed canonical actor; usable as treated visible-lobbying pre/post source surface only; stable cross-source LDA client-ID promotion and comparison-group design remain unresolved
cand-b905d6833296,American Petroleum Institute,773,https://lda.gov/api/v1/clients/155677/,f31904b0-4269-4f03-9464-6e7aa68b9b83,2007,year_end,YY,https://lda.gov/filings/public/filing/f31904b0-4269-4f03-9464-6e7aa68b9b83/print/,2008-02-13T09:30:25-05:00,AMERICAN PETROLEUM INSTITUTE,OGR,lda-eng,ENG,Energy/Nuclear,2007-07-01,2007-12-31,visible_lobbying,visible_lobbying_filing,1.0000,0.1600,Official LDA API,f31904b0-4269-4f03-9464-6e7aa68b9b83|lda-eng|2,treated_hloga_lda_client,hloga-2007-federal-lobbying-disclosure,filing_count; amount_millions,United States federal,0.8000,reviewed_exact_lda_client_name_source_row,exact-normalized-client-name-match-to-reviewed-canonical-actor,codex-source-audit,2026-07-24,https://lda.gov/filings/public/filing/f31904b0-4269-4f03-9464-6e7aa68b9b83/print/,official LDA API filing row matched by exact normalized client name to the reviewed canonical actor; usable as treated visible-lobbying pre/post source surface only; stable cross-source LDA client-ID promotion and comparison-group design remain unresolved
cand-b905d6833296,American Petroleum Institute,773,https://lda.gov/api/v1/clients/155677/,f31904b0-4269-4f03-9464-6e7aa68b9b83,2007,year_end,YY,https://lda.gov/filings/public/filing/f31904b0-4269-4f03-9464-6e7aa68b9b83/print/,2008-02-13T09:30:25-05:00,AMERICAN PETROLEUM INSTITUTE,OGR,lda-tax,TAX,Taxation/Internal Revenue Code,2007-07-01,2007-12-31,visible_lobbying,visible_lobbying_filing,1.0000,0.1600,Official LDA API,f31904b0-4269-4f03-9464-6e7aa68b9b83|lda-tax|1,treated_hloga_lda_client,hloga-2007-federal-lobbying-disclosure,filing_count; amount_millions,United States federal,0.8000,reviewed_exact_lda_client_name_source_row,exact-normalized-client-name-match-to-reviewed-canonical-actor,codex-source-audit,2026-07-24,https://lda.gov/filings/public/filing/f31904b0-4269-4f03-9464-6e7aa68b9b83/print/,official LDA API filing row matched by exact normalized client name to the reviewed canonical actor; usable as treated visible-lobbying pre/post source surface only; stable cross-source LDA client-ID promotion and comparison-group design remain unresolved
cand-b905d6833296,American Petroleum Institute,1004220,https://lda.gov/api/v1/clients/186250/,f38861b5-241c-47b4-8407-24d967788739,2007,year_end,RR,https://lda.gov/filings/public/filing/f38861b5-241c-47b4-8407-24d967788739/print/,2007-09-25T10:52:12-04:00,AMERICAN PETROLEUM INSTITUTE,CHRISTOPHER HEINZ,lda-eng,ENG,Energy/Nuclear,2007-07-01,2007-12-31,visible_lobbying,visible_lobbying_filing,1.0000,0.0000,Official LDA API,f38861b5-241c-47b4-8407-24d967788739|lda-eng|2,treated_hloga_lda_client,hloga-2007-federal-lobbying-disclosure,filing_count; amount_millions,United States federal,0.8000,reviewed_exact_lda_client_name_source_row,exact-normalized-client-name-match-to-reviewed-canonical-actor,codex-source-audit,2026-07-24,https://lda.gov/filings/public/filing/f38861b5-241c-47b4-8407-24d967788739/print/,official LDA API filing row matched by exact normalized client name to the reviewed canonical actor; usable as treated visible-lobbying pre/post source surface only; stable cross-source LDA client-ID promotion and comparison-group design remain unresolved
cand-b905d6833296,American Petroleum Institute,1004220,https://lda.gov/api/v1/clients/186250/,f38861b5-241c-47b4-8407-24d967788739,2007,year_end,RR,https://lda.gov/filings/public/filing/f38861b5-241c-47b4-8407-24d967788739/print/,2007-09-25T10:52:12-04:00,AMERICAN PETROLEUM INSTITUTE,CHRISTOPHER HEINZ,lda-tax,TAX,Taxation/Internal Revenue Code,2007-07-01,2007-12-31,visible_lobbying,visible_lobbying_filing,1.0000,0.0000,Official LDA API,f38861b5-241c-47b4-8407-24d967788739|lda-tax|1,treated_hloga_lda_client,hloga-2007-federal-lobbying-disclosure,filing_count; amount_millions,United States federal,0.8000,reviewed_exact_lda_client_name_source_row,exact-normalized-client-name-match-to-reviewed-canonical-actor,codex-source-audit,2026-07-24,https://lda.gov/filings/public/filing/f38861b5-241c-47b4-8407-24d967788739/print/,official LDA API filing row matched by exact normalized client name to the reviewed canonical actor; usable as treated visible-lobbying pre/post source surface only; stable cross-source LDA client-ID promotion and comparison-group design remain unresolved
cand-b905d6833296,American Petroleum Institute,12,https://lda.gov/api/v1/clients/103626/,f38d2543-0ffe-4750-aa11-a98682af8312,2007,year_end,YA,https://lda.gov/filings/public/filing/f38d2543-0ffe-4750-aa11-a98682af8312/print/,2008-02-14T18:48:38.377000-05:00,AMERICAN PETROLEUM INSTITUTE,AMERICAN PETROLEUM INSTITUTE,lda-bud,BUD,Budget/Appropriations,2007-07-01,2007-12-31,visible_lobbying,visible_lobbying_filing,1.0000,2.3600,Official LDA API,f38d2543-0ffe-4750-aa11-a98682af8312|lda-bud|4,treated_hloga_lda_client,hloga-2007-federal-lobbying-disclosure,filing_count; amount_millions,United States federal,0.8000,reviewed_exact_lda_client_name_source_row,exact-normalized-client-name-match-to-reviewed-canonical-actor,codex-source-audit,2026-07-24,https://lda.gov/filings/public/filing/f38d2543-0ffe-4750-aa11-a98682af8312/print/,official LDA API filing row matched by exact normalized client name to the reviewed canonical actor; usable as treated visible-lobbying pre/post source surface only; stable cross-source LDA client-ID promotion and comparison-group design remain unresolved
cand-b905d6833296,American Petroleum Institute,12,https://lda.gov/api/v1/clients/103626/,f38d2543-0ffe-4750-aa11-a98682af8312,2007,year_end,YA,https://lda.gov/filings/public/filing/f38d2543-0ffe-4750-aa11-a98682af8312/print/,2008-02-14T18:48:38.377000-05:00,AMERICAN PETROLEUM INSTITUTE,AMERICAN PETROLEUM INSTITUTE,lda-caw,CAW,Clean Air and Water (quality),2007-07-01,2007-12-31,visible_lobbying,visible_lobbying_filing,1.0000,2.3600,Official LDA API,f38d2543-0ffe-4750-aa11-a98682af8312|lda-caw|9,treated_hloga_lda_client,hloga-2007-federal-lobbying-disclosure,filing_count; amount_millions,United States federal,0.8000,reviewed_exact_lda_client_name_source_row,exact-normalized-client-name-match-to-reviewed-canonical-actor,codex-source-audit,2026-07-24,https://lda.gov/filings/public/filing/f38d2543-0ffe-4750-aa11-a98682af8312/print/,official LDA API filing row matched by exact normalized client name to the reviewed canonical actor; usable as treated visible-lobbying pre/post source surface only; stable cross-source LDA client-ID promotion and comparison-group design remain unresolved
cand-b905d6833296,American Petroleum Institute,12,https://lda.gov/api/v1/clients/103626/,f38d2543-0ffe-4750-aa11-a98682af8312,2007,year_end,YA,https://lda.gov/filings/public/filing/f38d2543-0ffe-4750-aa11-a98682af8312/print/,2008-02-14T18:48:38.377000-05:00,AMERICAN PETROLEUM INSTITUTE,AMERICAN PETROLEUM INSTITUTE,lda-eng,ENG,Energy/Nuclear,2007-07-01,2007-12-31,visible_lobbying,visible_lobbying_filing,1.0000,2.3600,Official LDA API,f38d2543-0ffe-4750-aa11-a98682af8312|lda-eng|5,treated_hloga_lda_client,hloga-2007-federal-lobbying-disclosure,filing_count; amount_millions,United States federal,0.8000,reviewed_exact_lda_client_name_source_row,exact-normalized-client-name-match-to-reviewed-canonical-actor,codex-source-audit,2026-07-24,https://lda.gov/filings/public/filing/f38d2543-0ffe-4750-aa11-a98682af8312/print/,official LDA API filing row matched by exact normalized client name to the reviewed canonical actor; usable as treated visible-lobbying pre/post source surface only; stable cross-source LDA client-ID promotion and comparison-group design remain unresolved
cand-b905d6833296,American Petroleum Institute,12,https://lda.gov/api/v1/clients/103626/,f38d2543-0ffe-4750-aa11-a98682af8312,2007,year_end,YA,https://lda.gov/filings/public/filing/f38d2543-0ffe-4750-aa11-a98682af8312/print/,2008-02-14T18:48:38.377000-05:00,AMERICAN PETROLEUM INSTITUTE,AMERICAN PETROLEUM INSTITUTE,lda-fue,FUE,Fuel/Gas/Oil,2007-07-01,2007-12-31,visible_lobbying,visible_lobbying_filing,1.0000,2.3600,Official LDA API,f38d2543-0ffe-4750-aa11-a98682af8312|lda-fue|7,treated_hloga_lda_client,hloga-2007-federal-lobbying-disclosure,filing_count; amount_millions,United States federal,0.8000,reviewed_exact_lda_client_name_source_row,exact-normalized-client-name-match-to-reviewed-canonical-actor,codex-source-audit,2026-07-24,https://lda.gov/filings/public/filing/f38d2543-0ffe-4750-aa11-a98682af8312/print/,official LDA API filing row matched by exact normalized client name to the reviewed canonical actor; usable as treated visible-lobbying pre/post source surface only; stable cross-source LDA client-ID promotion and comparison-group design remain unresolved
cand-b905d6833296,American Petroleum Institute,12,https://lda.gov/api/v1/clients/103626/,f38d2543-0ffe-4750-aa11-a98682af8312,2007,year_end,YA,https://lda.gov/filings/public/filing/f38d2543-0ffe-4750-aa11-a98682af8312/print/,2008-02-14T18:48:38.377000-05:00,AMERICAN PETROLEUM INSTITUTE,AMERICAN PETROLEUM INSTITUTE,lda-hom,HOM,Homeland Security,2007-07-01,2007-12-31,visible_lobbying,visible_lobbying_filing,1.0000,2.3600,Official LDA API,f38d2543-0ffe-4750-aa11-a98682af8312|lda-hom|8,treated_hloga_lda_client,hloga-2007-federal-lobbying-disclosure,filing_count; amount_millions,United States federal,0.8000,reviewed_exact_lda_client_name_source_row,exact-normalized-client-name-match-to-reviewed-canonical-actor,codex-source-audit,2026-07-24,https://lda.gov/filings/public/filing/f38d2543-0ffe-4750-aa11-a98682af8312/print/,official LDA API filing row matched by exact normalized client name to the reviewed canonical actor; usable as treated visible-lobbying pre/post source surface only; stable cross-source LDA client-ID promotion and comparison-group design remain unresolved
cand-b905d6833296,American Petroleum Institute,12,https://lda.gov/api/v1/clients/103626/,f38d2543-0ffe-4750-aa11-a98682af8312,2007,year_end,YA,https://lda.gov/filings/public/filing/f38d2543-0ffe-4750-aa11-a98682af8312/print/,2008-02-14T18:48:38.377000-05:00,AMERICAN PETROLEUM INSTITUTE,AMERICAN PETROLEUM INSTITUTE,lda-lbr,LBR,Labor Issues/Antitrust/Workplace,2007-07-01,2007-12-31,visible_lobbying,visible_lobbying_filing,1.0000,2.3600,Official LDA API,f38d2543-0ffe-4750-aa11-a98682af8312|lda-lbr|6,treated_hloga_lda_client,hloga-2007-federal-lobbying-disclosure,filing_count; amount_millions,United States federal,0.8000,reviewed_exact_lda_client_name_source_row,exact-normalized-client-name-match-to-reviewed-canonical-actor,codex-source-audit,2026-07-24,https://lda.gov/filings/public/filing/f38d2543-0ffe-4750-aa11-a98682af8312/print/,official LDA API filing row matched by exact normalized client name to the reviewed canonical actor; usable as treated visible-lobbying pre/post source surface only; stable cross-source LDA client-ID promotion and comparison-group design remain unresolved
cand-b905d6833296,American Petroleum Institute,12,https://lda.gov/api/v1/clients/103626/,f38d2543-0ffe-4750-aa11-a98682af8312,2007,year_end,YA,https://lda.gov/filings/public/filing/f38d2543-0ffe-4750-aa11-a98682af8312/print/,2008-02-14T18:48:38.377000-05:00,AMERICAN PETROLEUM INSTITUTE,AMERICAN PETROLEUM INSTITUTE,lda-mar,MAR,Marine/Maritime/Boating/Fisheries,2007-07-01,2007-12-31,visible_lobbying,visible_lobbying_filing,1.0000,2.3600,Official LDA API,f38d2543-0ffe-4750-aa11-a98682af8312|lda-mar|3,treated_hloga_lda_client,hloga-2007-federal-lobbying-disclosure,filing_count; amount_millions,United States federal,0.8000,reviewed_exact_lda_client_name_source_row,exact-normalized-client-name-match-to-reviewed-canonical-actor,codex-source-audit,2026-07-24,https://lda.gov/filings/public/filing/f38d2543-0ffe-4750-aa11-a98682af8312/print/,official LDA API filing row matched by exact normalized client name to the reviewed canonical actor; usable as treated visible-lobbying pre/post source surface only; stable cross-source LDA client-ID promotion and comparison-group design remain unresolved
cand-b905d6833296,American Petroleum Institute,12,https://lda.gov/api/v1/clients/103626/,f38d2543-0ffe-4750-aa11-a98682af8312,2007,year_end,YA,https://lda.gov/filings/public/filing/f38d2543-0ffe-4750-aa11-a98682af8312/print/,2008-02-14T18:48:38.377000-05:00,AMERICAN PETROLEUM INSTITUTE,AMERICAN PETROLEUM INSTITUTE,lda-nat,NAT,Natural Resources,2007-07-01,2007-12-31,visible_lobbying,visible_lobbying_filing,1.0000,2.3600,Official LDA API,f38d2543-0ffe-4750-aa11-a98682af8312|lda-nat|10,treated_hloga_lda_client,hloga-2007-federal-lobbying-disclosure,filing_count; amount_millions,United States federal,0.8000,reviewed_exact_lda_client_name_source_row,exact-normalized-client-name-match-to-reviewed-canonical-actor,codex-source-audit,2026-07-24,https://lda.gov/filings/public/filing/f38d2543-0ffe-4750-aa11-a98682af8312/print/,official LDA API filing row matched by exact normalized client name to the reviewed canonical actor; usable as treated visible-lobbying pre/post source surface only; stable cross-source LDA client-ID promotion and comparison-group design remain unresolved
cand-b905d6833296,American Petroleum Institute,12,https://lda.gov/api/v1/clients/103626/,f38d2543-0ffe-4750-aa11-a98682af8312,2007,year_end,YA,https://lda.gov/filings/public/filing/f38d2543-0ffe-4750-aa11-a98682af8312/print/,2008-02-14T18:48:38.377000-05:00,AMERICAN PETROLEUM INSTITUTE,AMERICAN PETROLEUM INSTITUTE,lda-tax,TAX,Taxation/Internal Revenue Code,2007-07-01,2007-12-31,visible_lobbying,visible_lobbying_filing,1.0000,2.3600,Official LDA API,f38d2543-0ffe-4750-aa11-a98682af8312|lda-tax|2,treated_hloga_lda_client,hloga-2007-federal-lobbying-disclosure,filing_count; amount_millions,United States federal,0.8000,reviewed_exact_lda_client_name_source_row,exact-normalized-client-name-match-to-reviewed-canonical-actor,codex-source-audit,2026-07-24,https://lda.gov/filings/public/filing/f38d2543-0ffe-4750-aa11-a98682af8312/print/,official LDA API filing row matched by exact normalized client name to the reviewed canonical actor; usable as treated visible-lobbying pre/post source surface only; stable cross-source LDA client-ID promotion and comparison-group design remain unresolved
cand-b905d6833296,American Petroleum Institute,12,https://lda.gov/api/v1/clients/103626/,f38d2543-0ffe-4750-aa11-a98682af8312,2007,year_end,YA,https://lda.gov/filings/public/filing/f38d2543-0ffe-4750-aa11-a98682af8312/print/,2008-02-14T18:48:38.377000-05:00,AMERICAN PETROLEUM INSTITUTE,AMERICAN PETROLEUM INSTITUTE,lda-trd,TRD,Trade (domestic/foreign),2007-07-01,2007-12-31,visible_lobbying,visible_lobbying_filing,1.0000,2.3600,Official LDA API,f38d2543-0ffe-4750-aa11-a98682af8312|lda-trd|1,treated_hloga_lda_client,hloga-2007-federal-lobbying-disclosure,filing_count; amount_millions,United States federal,0.8000,reviewed_exact_lda_client_name_source_row,exact-normalized-client-name-match-to-reviewed-canonical-actor,codex-source-audit,2026-07-24,https://lda.gov/filings/public/filing/f38d2543-0ffe-4750-aa11-a98682af8312/print/,official LDA API filing row matched by exact normalized client name to the reviewed canonical actor; usable as treated visible-lobbying pre/post source surface only; stable cross-source LDA client-ID promotion and comparison-group design remain unresolved
cand-b905d6833296,American Petroleum Institute,48,https://lda.gov/api/v1/clients/146563/,68d8e362-d294-423e-89da-e7e06bb1b487,2008,first_quarter,Q1,https://lda.gov/filings/public/filing/68d8e362-d294-423e-89da-e7e06bb1b487/print/,2008-04-10T16:24:22-04:00,AMERICAN PETROLEUM INSTITUTE,"TIMMONS AND COMPANY, INC.",lda-agr,AGR,Agriculture,2008-01-01,2008-03-31,visible_lobbying,visible_lobbying_filing,1.0000,0.1200,Official LDA API,68d8e362-d294-423e-89da-e7e06bb1b487|lda-agr|6,treated_hloga_lda_client,hloga-2007-federal-lobbying-disclosure,filing_count; amount_millions,United States federal,0.8000,reviewed_exact_lda_client_name_source_row,exact-normalized-client-name-match-to-reviewed-canonical-actor,codex-source-audit,2026-07-24,https://lda.gov/filings/public/filing/68d8e362-d294-423e-89da-e7e06bb1b487/print/,official LDA API filing row matched by exact normalized client name to the reviewed canonical actor; usable as treated visible-lobbying pre/post source surface only; stable cross-source LDA client-ID promotion and comparison-group design remain unresolved
cand-b905d6833296,American Petroleum Institute,48,https://lda.gov/api/v1/clients/146563/,68d8e362-d294-423e-89da-e7e06bb1b487,2008,first_quarter,Q1,https://lda.gov/filings/public/filing/68d8e362-d294-423e-89da-e7e06bb1b487/print/,2008-04-10T16:24:22-04:00,AMERICAN PETROLEUM INSTITUTE,"TIMMONS AND COMPANY, INC.",lda-caw,CAW,Clean Air and Water (quality),2008-01-01,2008-03-31,visible_lobbying,visible_lobbying_filing,1.0000,0.1200,Official LDA API,68d8e362-d294-423e-89da-e7e06bb1b487|lda-caw|4,treated_hloga_lda_client,hloga-2007-federal-lobbying-disclosure,filing_count; amount_millions,United States federal,0.8000,reviewed_exact_lda_client_name_source_row,exact-normalized-client-name-match-to-reviewed-canonical-actor,codex-source-audit,2026-07-24,https://lda.gov/filings/public/filing/68d8e362-d294-423e-89da-e7e06bb1b487/print/,official LDA API filing row matched by exact normalized client name to the reviewed canonical actor; usable as treated visible-lobbying pre/post source surface only; stable cross-source LDA client-ID promotion and comparison-group design remain unresolved
cand-b905d6833296,American Petroleum Institute,48,https://lda.gov/api/v1/clients/146563/,68d8e362-d294-423e-89da-e7e06bb1b487,2008,first_quarter,Q1,https://lda.gov/filings/public/filing/68d8e362-d294-423e-89da-e7e06bb1b487/print/,2008-04-10T16:24:22-04:00,AMERICAN PETROLEUM INSTITUTE,"TIMMONS AND COMPANY, INC.",lda-def,DEF,Defense,2008-01-01,2008-03-31,visible_lobbying,visible_lobbying_filing,1.0000,0.1200,Official LDA API,68d8e362-d294-423e-89da-e7e06bb1b487|lda-def|5,treated_hloga_lda_client,hloga-2007-federal-lobbying-disclosure,filing_count; amount_millions,United States federal,0.8000,reviewed_exact_lda_client_name_source_row,exact-normalized-client-name-match-to-reviewed-canonical-actor,codex-source-audit,2026-07-24,https://lda.gov/filings/public/filing/68d8e362-d294-423e-89da-e7e06bb1b487/print/,official LDA API filing row matched by exact normalized client name to the reviewed canonical actor; usable as treated visible-lobbying pre/post source surface only; stable cross-source LDA client-ID promotion and comparison-group design remain unresolved
cand-b905d6833296,American Petroleum Institute,48,https://lda.gov/api/v1/clients/146563/,68d8e362-d294-423e-89da-e7e06bb1b487,2008,first_quarter,Q1,https://lda.gov/filings/public/filing/68d8e362-d294-423e-89da-e7e06bb1b487/print/,2008-04-10T16:24:22-04:00,AMERICAN PETROLEUM INSTITUTE,"TIMMONS AND COMPANY, INC.",lda-eng,ENG,Energy/Nuclear,2008-01-01,2008-03-31,visible_lobbying,visible_lobbying_filing,1.0000,0.1200,Official LDA API,68d8e362-d294-423e-89da-e7e06bb1b487|lda-eng|2,treated_hloga_lda_client,hloga-2007-federal-lobbying-disclosure,filing_count; amount_millions,United States federal,0.8000,reviewed_exact_lda_client_name_source_row,exact-normalized-client-name-match-to-reviewed-canonical-actor,codex-source-audit,2026-07-24,https://lda.gov/filings/public/filing/68d8e362-d294-423e-89da-e7e06bb1b487/print/,official LDA API filing row matched by exact normalized client name to the reviewed canonical actor; usable as treated visible-lobbying pre/post source surface only; stable cross-source LDA client-ID promotion and comparison-group design remain unresolved
cand-b905d6833296,American Petroleum Institute,48,https://lda.gov/api/v1/clients/146563/,68d8e362-d294-423e-89da-e7e06bb1b487,2008,first_quarter,Q1,https://lda.gov/filings/public/filing/68d8e362-d294-423e-89da-e7e06bb1b487/print/,2008-04-10T16:24:22-04:00,AMERICAN PETROLEUM INSTITUTE,"TIMMONS AND COMPANY, INC.",lda-fue,FUE,Fuel/Gas/Oil,2008-01-01,2008-03-31,visible_lobbying,visible_lobbying_filing,1.0000,0.1200,Official LDA API,68d8e362-d294-423e-89da-e7e06bb1b487|lda-fue|3,treated_hloga_lda_client,hloga-2007-federal-lobbying-disclosure,filing_count; amount_millions,United States federal,0.8000,reviewed_exact_lda_client_name_source_row,exact-normalized-client-name-match-to-reviewed-canonical-actor,codex-source-audit,2026-07-24,https://lda.gov/filings/public/filing/68d8e362-d294-423e-89da-e7e06bb1b487/print/,official LDA API filing row matched by exact normalized client name to the reviewed canonical actor; usable as treated visible-lobbying pre/post source surface only; stable cross-source LDA client-ID promotion and comparison-group design remain unresolved
cand-b905d6833296,American Petroleum Institute,48,https://lda.gov/api/v1/clients/146563/,68d8e362-d294-423e-89da-e7e06bb1b487,2008,first_quarter,Q1,https://lda.gov/filings/public/filing/68d8e362-d294-423e-89da-e7e06bb1b487/print/,2008-04-10T16:24:22-04:00,AMERICAN PETROLEUM INSTITUTE,"TIMMONS AND COMPANY, INC.",lda-lbr,LBR,Labor Issues/Antitrust/Workplace,2008-01-01,2008-03-31,visible_lobbying,visible_lobbying_filing,1.0000,0.1200,Official LDA API,68d8e362-d294-423e-89da-e7e06bb1b487|lda-lbr|7,treated_hloga_lda_client,hloga-2007-federal-lobbying-disclosure,filing_count; amount_millions,United States federal,0.8000,reviewed_exact_lda_client_name_source_row,exact-normalized-client-name-match-to-reviewed-canonical-actor,codex-source-audit,2026-07-24,https://lda.gov/filings/public/filing/68d8e362-d294-423e-89da-e7e06bb1b487/print/,official LDA API filing row matched by exact normalized client name to the reviewed canonical actor; usable as treated visible-lobbying pre/post source surface only; stable cross-source LDA client-ID promotion and comparison-group design remain unresolved
cand-b905d6833296,American Petroleum Institute,48,https://lda.gov/api/v1/clients/146563/,68d8e362-d294-423e-89da-e7e06bb1b487,2008,first_quarter,Q1,https://lda.gov/filings/public/filing/68d8e362-d294-423e-89da-e7e06bb1b487/print/,2008-04-10T16:24:22-04:00,AMERICAN PETROLEUM INSTITUTE,"TIMMONS AND COMPANY, INC.",lda-tax,TAX,Taxation/Internal Revenue Code,2008-01-01,2008-03-31,visible_lobbying,visible_lobbying_filing,1.0000,0.1200,Official LDA API,68d8e362-d294-423e-89da-e7e06bb1b487|lda-tax|1,treated_hloga_lda_client,hloga-2007-federal-lobbying-disclosure,filing_count; amount_millions,United States federal,0.8000,reviewed_exact_lda_client_name_source_row,exact-normalized-client-name-match-to-reviewed-canonical-actor,codex-source-audit,2026-07-24,https://lda.gov/filings/public/filing/68d8e362-d294-423e-89da-e7e06bb1b487/print/,official LDA API filing row matched by exact normalized client name to the reviewed canonical actor; usable as treated visible-lobbying pre/post source surface only; stable cross-source LDA client-ID promotion and comparison-group design remain unresolved
cand-b905d6833296,American Petroleum Institute,1001208,https://lda.gov/api/v1/clients/135641/,9b7ad1cf-7de9-48d1-8afb-f7c075d23a4a,2008,first_quarter,Q1,https://lda.gov/filings/public/filing/9b7ad1cf-7de9-48d1-8afb-f7c075d23a4a/print/,2008-04-21T16:03:50-04:00,AMERICAN PETROLEUM INSTITUTE,"OLSSON, FRANK, WEEDA, TERMAN & MATZ, PC",lda-eng,ENG,Energy/Nuclear,2008-01-01,2008-03-31,visible_lobbying,visible_lobbying_filing,1.0000,0.0400,Official LDA API,9b7ad1cf-7de9-48d1-8afb-f7c075d23a4a|lda-eng|1,treated_hloga_lda_client,hloga-2007-federal-lobbying-disclosure,filing_count; amount_millions,United States federal,0.8000,reviewed_exact_lda_client_name_source_row,exact-normalized-client-name-match-to-reviewed-canonical-actor,codex-source-audit,2026-07-24,https://lda.gov/filings/public/filing/9b7ad1cf-7de9-48d1-8afb-f7c075d23a4a/print/,official LDA API filing row matched by exact normalized client name to the reviewed canonical actor; usable as treated visible-lobbying pre/post source surface only; stable cross-source LDA client-ID promotion and comparison-group design remain unresolved
cand-b905d6833296,American Petroleum Institute,1558,https://lda.gov/api/v1/clients/127393/,aa43de45-639a-423c-873c-fefcc6f3ffb8,2008,first_quarter,Q1,https://lda.gov/filings/public/filing/aa43de45-639a-423c-873c-fefcc6f3ffb8/print/,2008-04-16T17:32:38-04:00,AMERICAN PETROLEUM INSTITUTE,"JOHNSTON & ASSOCIATES, LLC",lda-eng,ENG,Energy/Nuclear,2008-01-01,2008-03-31,visible_lobbying,visible_lobbying_filing,1.0000,0.0500,Official LDA API,aa43de45-639a-423c-873c-fefcc6f3ffb8|lda-eng|1,treated_hloga_lda_client,hloga-2007-federal-lobbying-disclosure,filing_count; amount_millions,United States federal,0.8000,reviewed_exact_lda_client_name_source_row,exact-normalized-client-name-match-to-reviewed-canonical-actor,codex-source-audit,2026-07-24,https://lda.gov/filings/public/filing/aa43de45-639a-423c-873c-fefcc6f3ffb8/print/,official LDA API filing row matched by exact normalized client name to the reviewed canonical actor; usable as treated visible-lobbying pre/post source surface only; stable cross-source LDA client-ID promotion and comparison-group design remain unresolved
cand-b905d6833296,American Petroleum Institute,12,https://lda.gov/api/v1/clients/103626/,b20e48fd-fdee-43a4-b249-059efdada104,2008,first_quarter,Q1,https://lda.gov/filings/public/filing/b20e48fd-fdee-43a4-b249-059efdada104/print/,2008-04-21T17:03:04-04:00,AMERICAN PETROLEUM INSTITUTE,AMERICAN PETROLEUM INSTITUTE,lda-bud,BUD,Budget/Appropriations,2008-01-01,2008-03-31,visible_lobbying,visible_lobbying_filing,1.0000,1.2700,Official LDA API,b20e48fd-fdee-43a4-b249-059efdada104|lda-bud|3,treated_hloga_lda_client,hloga-2007-federal-lobbying-disclosure,filing_count; amount_millions,United States federal,0.8000,reviewed_exact_lda_client_name_source_row,exact-normalized-client-name-match-to-reviewed-canonical-actor,codex-source-audit,2026-07-24,https://lda.gov/filings/public/filing/b20e48fd-fdee-43a4-b249-059efdada104/print/,official LDA API filing row matched by exact normalized client name to the reviewed canonical actor; usable as treated visible-lobbying pre/post source surface only; stable cross-source LDA client-ID promotion and comparison-group design remain unresolved
cand-b905d6833296,American Petroleum Institute,12,https://lda.gov/api/v1/clients/103626/,b20e48fd-fdee-43a4-b249-059efdada104,2008,first_quarter,Q1,https://lda.gov/filings/public/filing/b20e48fd-fdee-43a4-b249-059efdada104/print/,2008-04-21T17:03:04-04:00,AMERICAN PETROLEUM INSTITUTE,AMERICAN PETROLEUM INSTITUTE,lda-caw,CAW,Clean Air and Water (quality),2008-01-01,2008-03-31,visible_lobbying,visible_lobbying_filing,1.0000,1.2700,Official LDA API,b20e48fd-fdee-43a4-b249-059efdada104|lda-caw|8,treated_hloga_lda_client,hloga-2007-federal-lobbying-disclosure,filing_count; amount_millions,United States federal,0.8000,reviewed_exact_lda_client_name_source_row,exact-normalized-client-name-match-to-reviewed-canonical-actor,codex-source-audit,2026-07-24,https://lda.gov/filings/public/filing/b20e48fd-fdee-43a4-b249-059efdada104/print/,official LDA API filing row matched by exact normalized client name to the reviewed canonical actor; usable as treated visible-lobbying pre/post source surface only; stable cross-source LDA client-ID promotion and comparison-group design remain unresolved
cand-b905d6833296,American Petroleum Institute,12,https://lda.gov/api/v1/clients/103626/,b20e48fd-fdee-43a4-b249-059efdada104,2008,first_quarter,Q1,https://lda.gov/filings/public/filing/b20e48fd-fdee-43a4-b249-059efdada104/print/,2008-04-21T17:03:04-04:00,AMERICAN PETROLEUM INSTITUTE,AMERICAN PETROLEUM INSTITUTE,lda-eng,ENG,Energy/Nuclear,2008-01-01,2008-03-31,visible_lobbying,visible_lobbying_filing,1.0000,1.2700,Official LDA API,b20e48fd-fdee-43a4-b249-059efdada104|lda-eng|5,treated_hloga_lda_client,hloga-2007-federal-lobbying-disclosure,filing_count; amount_millions,United States federal,0.8000,reviewed_exact_lda_client_name_source_row,exact-normalized-client-name-match-to-reviewed-canonical-actor,codex-source-audit,2026-07-24,https://lda.gov/filings/public/filing/b20e48fd-fdee-43a4-b249-059efdada104/print/,official LDA API filing row matched by exact normalized client name to the reviewed canonical actor; usable as treated visible-lobbying pre/post source surface only; stable cross-source LDA client-ID promotion and comparison-group design remain unresolved
cand-b905d6833296,American Petroleum Institute,12,https://lda.gov/api/v1/clients/103626/,b20e48fd-fdee-43a4-b249-059efdada104,2008,first_quarter,Q1,https://lda.gov/filings/public/filing/b20e48fd-fdee-43a4-b249-059efdada104/print/,2008-04-21T17:03:04-04:00,AMERICAN PETROLEUM INSTITUTE,AMERICAN PETROLEUM INSTITUTE,lda-fue,FUE,Fuel/Gas/Oil,2008-01-01,2008-03-31,visible_lobbying,visible_lobbying_filing,1.0000,1.2700,Official LDA API,b20e48fd-fdee-43a4-b249-059efdada104|lda-fue|6,treated_hloga_lda_client,hloga-2007-federal-lobbying-disclosure,filing_count; amount_millions,United States federal,0.8000,reviewed_exact_lda_client_name_source_row,exact-normalized-client-name-match-to-reviewed-canonical-actor,codex-source-audit,2026-07-24,https://lda.gov/filings/public/filing/b20e48fd-fdee-43a4-b249-059efdada104/print/,official LDA API filing row matched by exact normalized client name to the reviewed canonical actor; usable as treated visible-lobbying pre/post source surface only; stable cross-source LDA client-ID promotion and comparison-group design remain unresolved
cand-b905d6833296,American Petroleum Institute,12,https://lda.gov/api/v1/clients/103626/,b20e48fd-fdee-43a4-b249-059efdada104,2008,first_quarter,Q1,https://lda.gov/filings/public/filing/b20e48fd-fdee-43a4-b249-059efdada104/print/,2008-04-21T17:03:04-04:00,AMERICAN PETROLEUM INSTITUTE,AMERICAN PETROLEUM INSTITUTE,lda-gov,GOV,Government Issues,2008-01-01,2008-03-31,visible_lobbying,visible_lobbying_filing,1.0000,1.2700,Official LDA API,b20e48fd-fdee-43a4-b249-059efdada104|lda-gov|4,treated_hloga_lda_client,hloga-2007-federal-lobbying-disclosure,filing_count; amount_millions,United States federal,0.8000,reviewed_exact_lda_client_name_source_row,exact-normalized-client-name-match-to-reviewed-canonical-actor,codex-source-audit,2026-07-24,https://lda.gov/filings/public/filing/b20e48fd-fdee-43a4-b249-059efdada104/print/,official LDA API filing row matched by exact normalized client name to the reviewed canonical actor; usable as treated visible-lobbying pre/post source surface only; stable cross-source LDA client-ID promotion and comparison-group design remain unresolved
cand-b905d6833296,American Petroleum Institute,12,https://lda.gov/api/v1/clients/103626/,b20e48fd-fdee-43a4-b249-059efdada104,2008,first_quarter,Q1,https://lda.gov/filings/public/filing/b20e48fd-fdee-43a4-b249-059efdada104/print/,2008-04-21T17:03:04-04:00,AMERICAN PETROLEUM INSTITUTE,AMERICAN PETROLEUM INSTITUTE,lda-hom,HOM,Homeland Security,2008-01-01,2008-03-31,visible_lobbying,visible_lobbying_filing,1.0000,1.2700,Official LDA API,b20e48fd-fdee-43a4-b249-059efdada104|lda-hom|7,treated_hloga_lda_client,hloga-2007-federal-lobbying-disclosure,filing_count; amount_millions,United States federal,0.8000,reviewed_exact_lda_client_name_source_row,exact-normalized-client-name-match-to-reviewed-canonical-actor,codex-source-audit,2026-07-24,https://lda.gov/filings/public/filing/b20e48fd-fdee-43a4-b249-059efdada104/print/,official LDA API filing row matched by exact normalized client name to the reviewed canonical actor; usable as treated visible-lobbying pre/post source surface only; stable cross-source LDA client-ID promotion and comparison-group design remain unresolved
cand-b905d6833296,American Petroleum Institute,12,https://lda.gov/api/v1/clients/103626/,b20e48fd-fdee-43a4-b249-059efdada104,2008,first_quarter,Q1,https://lda.gov/filings/public/filing/b20e48fd-fdee-43a4-b249-059efdada104/print/,2008-04-21T17:03:04-04:00,AMERICAN PETROLEUM INSTITUTE,AMERICAN PETROLEUM INSTITUTE,lda-nat,NAT,Natural Resources,2008-01-01,2008-03-31,visible_lobbying,visible_lobbying_filing,1.0000,1.2700,Official LDA API,b20e48fd-fdee-43a4-b249-059efdada104|lda-nat|9,treated_hloga_lda_client,hloga-2007-federal-lobbying-disclosure,filing_count; amount_millions,United States federal,0.8000,reviewed_exact_lda_client_name_source_row,exact-normalized-client-name-match-to-reviewed-canonical-actor,codex-source-audit,2026-07-24,https://lda.gov/filings/public/filing/b20e48fd-fdee-43a4-b249-059efdada104/print/,official LDA API filing row matched by exact normalized client name to the reviewed canonical actor; usable as treated visible-lobbying pre/post source surface only; stable cross-source LDA client-ID promotion and comparison-group design remain unresolved
cand-b905d6833296,American Petroleum Institute,12,https://lda.gov/api/v1/clients/103626/,b20e48fd-fdee-43a4-b249-059efdada104,2008,first_quarter,Q1,https://lda.gov/filings/public/filing/b20e48fd-fdee-43a4-b249-059efdada104/print/,2008-04-21T17:03:04-04:00,AMERICAN PETROLEUM INSTITUTE,AMERICAN PETROLEUM INSTITUTE,lda-tax,TAX,Taxation/Internal Revenue Code,2008-01-01,2008-03-31,visible_lobbying,visible_lobbying_filing,1.0000,1.2700,Official LDA API,b20e48fd-fdee-43a4-b249-059efdada104|lda-tax|2,treated_hloga_lda_client,hloga-2007-federal-lobbying-disclosure,filing_count; amount_millions,United States federal,0.8000,reviewed_exact_lda_client_name_source_row,exact-normalized-client-name-match-to-reviewed-canonical-actor,codex-source-audit,2026-07-24,https://lda.gov/filings/public/filing/b20e48fd-fdee-43a4-b249-059efdada104/print/,official LDA API filing row matched by exact normalized client name to the reviewed canonical actor; usable as treated visible-lobbying pre/post source surface only; stable cross-source LDA client-ID promotion and comparison-group design remain unresolved
cand-b905d6833296,American Petroleum Institute,12,https://lda.gov/api/v1/clients/103626/,b20e48fd-fdee-43a4-b249-059efdada104,2008,first_quarter,Q1,https://lda.gov/filings/public/filing/b20e48fd-fdee-43a4-b249-059efdada104/print/,2008-04-21T17:03:04-04:00,AMERICAN PETROLEUM INSTITUTE,AMERICAN PETROLEUM INSTITUTE,lda-trd,TRD,Trade (domestic/foreign),2008-01-01,2008-03-31,visible_lobbying,visible_lobbying_filing,1.0000,1.2700,Official LDA API,b20e48fd-fdee-43a4-b249-059efdada104|lda-trd|1,treated_hloga_lda_client,hloga-2007-federal-lobbying-disclosure,filing_count; amount_millions,United States federal,0.8000,reviewed_exact_lda_client_name_source_row,exact-normalized-client-name-match-to-reviewed-canonical-actor,codex-source-audit,2026-07-24,https://lda.gov/filings/public/filing/b20e48fd-fdee-43a4-b249-059efdada104/print/,official LDA API filing row matched by exact normalized client name to the reviewed canonical actor; usable as treated visible-lobbying pre/post source surface only; stable cross-source LDA client-ID promotion and comparison-group design remain unresolved
cand-b905d6833296,American Petroleum Institute,2195,https://lda.gov/api/v1/clients/114557/,b63b83a6-be70-4506-ba9e-55c62e582360,2008,first_quarter,Q1,https://lda.gov/filings/public/filing/b63b83a6-be70-4506-ba9e-55c62e582360/print/,2009-02-24T10:11:43-05:00,AMERICAN PETROLEUM INSTITUTE,PRICEWATERHOUSECOOPERS,lda-tax,TAX,Taxation/Internal Revenue Code,2008-01-01,2008-03-31,visible_lobbying,visible_lobbying_filing,1.0000,0.0800,Official LDA API,b63b83a6-be70-4506-ba9e-55c62e582360|lda-tax|1,treated_hloga_lda_client,hloga-2007-federal-lobbying-disclosure,filing_count; amount_millions,United States federal,0.8000,reviewed_exact_lda_client_name_source_row,exact-normalized-client-name-match-to-reviewed-canonical-actor,codex-source-audit,2026-07-24,https://lda.gov/filings/public/filing/b63b83a6-be70-4506-ba9e-55c62e582360/print/,official LDA API filing row matched by exact normalized client name to the reviewed canonical actor; usable as treated visible-lobbying pre/post source surface only; stable cross-source LDA client-ID promotion and comparison-group design remain unresolved
cand-b905d6833296,American Petroleum Institute,238,https://lda.gov/api/v1/clients/146647/,bc0f161c-4d81-4a0b-a877-dc8d94e02cd1,2008,first_quarter,Q1,https://lda.gov/filings/public/filing/bc0f161c-4d81-4a0b-a877-dc8d94e02cd1/print/,2008-04-21T10:46:15-04:00,AMERICAN PETROLEUM INSTITUTE,MICHAEL L. TINER,lda-fue,FUE,Fuel/Gas/Oil,2008-01-01,2008-03-31,visible_lobbying,visible_lobbying_filing,1.0000,0.0200,Official LDA API,bc0f161c-4d81-4a0b-a877-dc8d94e02cd1|lda-fue|1,treated_hloga_lda_client,hloga-2007-federal-lobbying-disclosure,filing_count; amount_millions,United States federal,0.8000,reviewed_exact_lda_client_name_source_row,exact-normalized-client-name-match-to-reviewed-canonical-actor,codex-source-audit,2026-07-24,https://lda.gov/filings/public/filing/bc0f161c-4d81-4a0b-a877-dc8d94e02cd1/print/,official LDA API filing row matched by exact normalized client name to the reviewed canonical actor; usable as treated visible-lobbying pre/post source surface only; stable cross-source LDA client-ID promotion and comparison-group design remain unresolved
cand-b905d6833296,American Petroleum Institute,1004220,https://lda.gov/api/v1/clients/186250/,c0b5cd58-f92e-4ae5-9f2d-fcfb3f3f899d,2008,first_quarter,Q1,https://lda.gov/filings/public/filing/c0b5cd58-f92e-4ae5-9f2d-fcfb3f3f899d/print/,2008-04-21T20:23:16-04:00,AMERICAN PETROLEUM INSTITUTE,CHRISTOPHER HEINZ,lda-tax,TAX,Taxation/Internal Revenue Code,2008-01-01,2008-03-31,visible_lobbying,visible_lobbying_filing,1.0000,0.0200,Official LDA API,c0b5cd58-f92e-4ae5-9f2d-fcfb3f3f899d|lda-tax|1,treated_hloga_lda_client,hloga-2007-federal-lobbying-disclosure,filing_count; amount_millions,United States federal,0.8000,reviewed_exact_lda_client_name_source_row,exact-normalized-client-name-match-to-reviewed-canonical-actor,codex-source-audit,2026-07-24,https://lda.gov/filings/public/filing/c0b5cd58-f92e-4ae5-9f2d-fcfb3f3f899d/print/,official LDA API filing row matched by exact normalized client name to the reviewed canonical actor; usable as treated visible-lobbying pre/post source surface only; stable cross-source LDA client-ID promotion and comparison-group design remain unresolved
cand-b905d6833296,American Petroleum Institute,773,https://lda.gov/api/v1/clients/155677/,e68d601f-893b-484b-b332-fb7cb6e321b5,2008,first_quarter,Q1,https://lda.gov/filings/public/filing/e68d601f-893b-484b-b332-fb7cb6e321b5/print/,2008-04-15T15:39:06-04:00,AMERICAN PETROLEUM INSTITUTE,OGR,lda-eng,ENG,Energy/Nuclear,2008-01-01,2008-03-31,visible_lobbying,visible_lobbying_filing,1.0000,0.0800,Official LDA API,e68d601f-893b-484b-b332-fb7cb6e321b5|lda-eng|2,treated_hloga_lda_client,hloga-2007-federal-lobbying-disclosure,filing_count; amount_millions,United States federal,0.8000,reviewed_exact_lda_client_name_source_row,exact-normalized-client-name-match-to-reviewed-canonical-actor,codex-source-audit,2026-07-24,https://lda.gov/filings/public/filing/e68d601f-893b-484b-b332-fb7cb6e321b5/print/,official LDA API filing row matched by exact normalized client name to the reviewed canonical actor; usable as treated visible-lobbying pre/post source surface only; stable cross-source LDA client-ID promotion and comparison-group design remain unresolved
cand-b905d6833296,American Petroleum Institute,773,https://lda.gov/api/v1/clients/155677/,e68d601f-893b-484b-b332-fb7cb6e321b5,2008,first_quarter,Q1,https://lda.gov/filings/public/filing/e68d601f-893b-484b-b332-fb7cb6e321b5/print/,2008-04-15T15:39:06-04:00,AMERICAN PETROLEUM INSTITUTE,OGR,lda-tax,TAX,Taxation/Internal Revenue Code,2008-01-01,2008-03-31,visible_lobbying,visible_lobbying_filing,1.0000,0.0800,Official LDA API,e68d601f-893b-484b-b332-fb7cb6e321b5|lda-tax|1,treated_hloga_lda_client,hloga-2007-federal-lobbying-disclosure,filing_count; amount_millions,United States federal,0.8000,reviewed_exact_lda_client_name_source_row,exact-normalized-client-name-match-to-reviewed-canonical-actor,codex-source-audit,2026-07-24,https://lda.gov/filings/public/filing/e68d601f-893b-484b-b332-fb7cb6e321b5/print/,official LDA API filing row matched by exact normalized client name to the reviewed canonical actor; usable as treated visible-lobbying pre/post source surface only; stable cross-source LDA client-ID promotion and comparison-group design remain unresolved
cand-b905d6833296,American Petroleum Institute,36,https://lda.gov/api/v1/clients/119051/,f1bd6c60-b700-4500-81da-d23581e76424,2008,first_quarter,Q1Y,https://lda.gov/filings/public/filing/f1bd6c60-b700-4500-81da-d23581e76424/print/,2008-04-21T13:30:51-04:00,AMERICAN PETROLEUM INSTITUTE,"EOP GROUP, INC.",lda-uns,UNS,Unspecified,2008-01-01,2008-03-31,visible_lobbying,visible_lobbying_filing,1.0000,0.0000,Official LDA API,f1bd6c60-b700-4500-81da-d23581e76424|lda-uns|1,treated_hloga_lda_client,hloga-2007-federal-lobbying-disclosure,filing_count; amount_millions,United States federal,0.8000,reviewed_exact_lda_client_name_source_row,exact-normalized-client-name-match-to-reviewed-canonical-actor,codex-source-audit,2026-07-24,https://lda.gov/filings/public/filing/f1bd6c60-b700-4500-81da-d23581e76424/print/,official LDA API filing row matched by exact normalized client name to the reviewed canonical actor; usable as treated visible-lobbying pre/post source surface only; stable cross-source LDA client-ID promotion and comparison-group design remain unresolved
cand-b905d6833296,American Petroleum Institute,238,https://lda.gov/api/v1/clients/146647/,0855c964-befe-4365-a17a-cee08c86d208,2008,second_quarter,Q2,https://lda.gov/filings/public/filing/0855c964-befe-4365-a17a-cee08c86d208/print/,2008-07-21T15:18:13-04:00,AMERICAN PETROLEUM INSTITUTE,MICHAEL L. TINER,lda-caw,CAW,Clean Air and Water (quality),2008-04-01,2008-06-30,visible_lobbying,visible_lobbying_filing,1.0000,0.0200,Official LDA API,0855c964-befe-4365-a17a-cee08c86d208|lda-caw|1,treated_hloga_lda_client,hloga-2007-federal-lobbying-disclosure,filing_count; amount_millions,United States federal,0.8000,reviewed_exact_lda_client_name_source_row,exact-normalized-client-name-match-to-reviewed-canonical-actor,codex-source-audit,2026-07-24,https://lda.gov/filings/public/filing/0855c964-befe-4365-a17a-cee08c86d208/print/,official LDA API filing row matched by exact normalized client name to the reviewed canonical actor; usable as treated visible-lobbying pre/post source surface only; stable cross-source LDA client-ID promotion and comparison-group design remain unresolved
cand-b905d6833296,American Petroleum Institute,1005193,https://lda.gov/api/v1/clients/175532/,24e8c780-424e-44f3-aa7f-bc5297d6da13,2008,second_quarter,Q2,https://lda.gov/filings/public/filing/24e8c780-424e-44f3-aa7f-bc5297d6da13/print/,2008-10-15T14:51:40-04:00,AMERICAN PETROLEUM INSTITUTE,"MEHLMAN CONSULTING, INC.",lda-fue,FUE,Fuel/Gas/Oil,2008-04-01,2008-06-30,visible_lobbying,visible_lobbying_filing,1.0000,0.0400,Official LDA API,24e8c780-424e-44f3-aa7f-bc5297d6da13|lda-fue|1,treated_hloga_lda_client,hloga-2007-federal-lobbying-disclosure,filing_count; amount_millions,United States federal,0.8000,reviewed_exact_lda_client_name_source_row,exact-normalized-client-name-match-to-reviewed-canonical-actor,codex-source-audit,2026-07-24,https://lda.gov/filings/public/filing/24e8c780-424e-44f3-aa7f-bc5297d6da13/print/,official LDA API filing row matched by exact normalized client name to the reviewed canonical actor; usable as treated visible-lobbying pre/post source surface only; stable cross-source LDA client-ID promotion and comparison-group design remain unresolved
cand-b905d6833296,American Petroleum Institute,1005193,https://lda.gov/api/v1/clients/175532/,24e8c780-424e-44f3-aa7f-bc5297d6da13,2008,second_quarter,Q2,https://lda.gov/filings/public/filing/24e8c780-424e-44f3-aa7f-bc5297d6da13/print/,2008-10-15T14:51:40-04:00,AMERICAN PETROLEUM INSTITUTE,"MEHLMAN CONSULTING, INC.",lda-tax,TAX,Taxation/Internal Revenue Code,2008-04-01,2008-06-30,visible_lobbying,visible_lobbying_filing,1.0000,0.0400,Official LDA API,24e8c780-424e-44f3-aa7f-bc5297d6da13|lda-tax|2,treated_hloga_lda_client,hloga-2007-federal-lobbying-disclosure,filing_count; amount_millions,United States federal,0.8000,reviewed_exact_lda_client_name_source_row,exact-normalized-client-name-match-to-reviewed-canonical-actor,codex-source-audit,2026-07-24,https://lda.gov/filings/public/filing/24e8c780-424e-44f3-aa7f-bc5297d6da13/print/,official LDA API filing row matched by exact normalized client name to the reviewed canonical actor; usable as treated visible-lobbying pre/post source surface only; stable cross-source LDA client-ID promotion and comparison-group design remain unresolved
cand-b905d6833296,American Petroleum Institute,48,https://lda.gov/api/v1/clients/146563/,2af248a6-1ed1-41d0-b68b-4eef5a89d4e7,2008,second_quarter,Q2,https://lda.gov/filings/public/filing/2af248a6-1ed1-41d0-b68b-4eef5a89d4e7/print/,2008-07-18T11:50:13-04:00,AMERICAN PETROLEUM INSTITUTE,"TIMMONS AND COMPANY, INC.",lda-agr,AGR,Agriculture,2008-04-01,2008-06-30,visible_lobbying,visible_lobbying_filing,1.0000,0.1000,Official LDA API,2af248a6-1ed1-41d0-b68b-4eef5a89d4e7|lda-agr|5,treated_hloga_lda_client,hloga-2007-federal-lobbying-disclosure,filing_count; amount_millions,United States federal,0.8000,reviewed_exact_lda_client_name_source_row,exact-normalized-client-name-match-to-reviewed-canonical-actor,codex-source-audit,2026-07-24,https://lda.gov/filings/public/filing/2af248a6-1ed1-41d0-b68b-4eef5a89d4e7/print/,official LDA API filing row matched by exact normalized client name to the reviewed canonical actor; usable as treated visible-lobbying pre/post source surface only; stable cross-source LDA client-ID promotion and comparison-group design remain unresolved
cand-b905d6833296,American Petroleum Institute,48,https://lda.gov/api/v1/clients/146563/,2af248a6-1ed1-41d0-b68b-4eef5a89d4e7,2008,second_quarter,Q2,https://lda.gov/filings/public/filing/2af248a6-1ed1-41d0-b68b-4eef5a89d4e7/print/,2008-07-18T11:50:13-04:00,AMERICAN PETROLEUM INSTITUTE,"TIMMONS AND COMPANY, INC.",lda-caw,CAW,Clean Air and Water (quality),2008-04-01,2008-06-30,visible_lobbying,visible_lobbying_filing,1.0000,0.1000,Official LDA API,2af248a6-1ed1-41d0-b68b-4eef5a89d4e7|lda-caw|4,treated_hloga_lda_client,hloga-2007-federal-lobbying-disclosure,filing_count; amount_millions,United States federal,0.8000,reviewed_exact_lda_client_name_source_row,exact-normalized-client-name-match-to-reviewed-canonical-actor,codex-source-audit,2026-07-24,https://lda.gov/filings/public/filing/2af248a6-1ed1-41d0-b68b-4eef5a89d4e7/print/,official LDA API filing row matched by exact normalized client name to the reviewed canonical actor; usable as treated visible-lobbying pre/post source surface only; stable cross-source LDA client-ID promotion and comparison-group design remain unresolved
cand-b905d6833296,American Petroleum Institute,48,https://lda.gov/api/v1/clients/146563/,2af248a6-1ed1-41d0-b68b-4eef5a89d4e7,2008,second_quarter,Q2,https://lda.gov/filings/public/filing/2af248a6-1ed1-41d0-b68b-4eef5a89d4e7/print/,2008-07-18T11:50:13-04:00,AMERICAN PETROLEUM INSTITUTE,"TIMMONS AND COMPANY, INC.",lda-def,DEF,Defense,2008-04-01,2008-06-30,visible_lobbying,visible_lobbying_filing,1.0000,0.1000,Official LDA API,2af248a6-1ed1-41d0-b68b-4eef5a89d4e7|lda-def|6,treated_hloga_lda_client,hloga-2007-federal-lobbying-disclosure,filing_count; amount_millions,United States federal,0.8000,reviewed_exact_lda_client_name_source_row,exact-normalized-client-name-match-to-reviewed-canonical-actor,codex-source-audit,2026-07-24,https://lda.gov/filings/public/filing/2af248a6-1ed1-41d0-b68b-4eef5a89d4e7/print/,official LDA API filing row matched by exact normalized client name to the reviewed canonical actor; usable as treated visible-lobbying pre/post source surface only; stable cross-source LDA client-ID promotion and comparison-group design remain unresolved
cand-b905d6833296,American Petroleum Institute,48,https://lda.gov/api/v1/clients/146563/,2af248a6-1ed1-41d0-b68b-4eef5a89d4e7,2008,second_quarter,Q2,https://lda.gov/filings/public/filing/2af248a6-1ed1-41d0-b68b-4eef5a89d4e7/print/,2008-07-18T11:50:13-04:00,AMERICAN PETROLEUM INSTITUTE,"TIMMONS AND COMPANY, INC.",lda-eng,ENG,Energy/Nuclear,2008-04-01,2008-06-30,visible_lobbying,visible_lobbying_filing,1.0000,0.1000,Official LDA API,2af248a6-1ed1-41d0-b68b-4eef5a89d4e7|lda-eng|2,treated_hloga_lda_client,hloga-2007-federal-lobbying-disclosure,filing_count; amount_millions,United States federal,0.8000,reviewed_exact_lda_client_name_source_row,exact-normalized-client-name-match-to-reviewed-canonical-actor,codex-source-audit,2026-07-24,https://lda.gov/filings/public/filing/2af248a6-1ed1-41d0-b68b-4eef5a89d4e7/print/,official LDA API filing row matched by exact normalized client name to the reviewed canonical actor; usable as treated visible-lobbying pre/post source surface only; stable cross-source LDA client-ID promotion and comparison-group design remain unresolved
cand-b905d6833296,American Petroleum Institute,48,https://lda.gov/api/v1/clients/146563/,2af248a6-1ed1-41d0-b68b-4eef5a89d4e7,2008,second_quarter,Q2,https://lda.gov/filings/public/filing/2af248a6-1ed1-41d0-b68b-4eef5a89d4e7/print/,2008-07-18T11:50:13-04:00,AMERICAN PETROLEUM INSTITUTE,"TIMMONS AND COMPANY, INC.",lda-fue,FUE,Fuel/Gas/Oil,2008-04-01,2008-06-30,visible_lobbying,visible_lobbying_filing,1.0000,0.1000,Official LDA API,2af248a6-1ed1-41d0-b68b-4eef5a89d4e7|lda-fue|3,treated_hloga_lda_client,hloga-2007-federal-lobbying-disclosure,filing_count; amount_millions,United States federal,0.8000,reviewed_exact_lda_client_name_source_row,exact-normalized-client-name-match-to-reviewed-canonical-actor,codex-source-audit,2026-07-24,https://lda.gov/filings/public/filing/2af248a6-1ed1-41d0-b68b-4eef5a89d4e7/print/,official LDA API filing row matched by exact normalized client name to the reviewed canonical actor; usable as treated visible-lobbying pre/post source surface only; stable cross-source LDA client-ID promotion and comparison-group design remain unresolved
cand-b905d6833296,American Petroleum Institute,48,https://lda.gov/api/v1/clients/146563/,2af248a6-1ed1-41d0-b68b-4eef5a89d4e7,2008,second_quarter,Q2,https://lda.gov/filings/public/filing/2af248a6-1ed1-41d0-b68b-4eef5a89d4e7/print/,2008-07-18T11:50:13-04:00,AMERICAN PETROLEUM INSTITUTE,"TIMMONS AND COMPANY, INC.",lda-lbr,LBR,Labor Issues/Antitrust/Workplace,2008-04-01,2008-06-30,visible_lobbying,visible_lobbying_filing,1.0000,0.1000,Official LDA API,2af248a6-1ed1-41d0-b68b-4eef5a89d4e7|lda-lbr|7,treated_hloga_lda_client,hloga-2007-federal-lobbying-disclosure,filing_count; amount_millions,United States federal,0.8000,reviewed_exact_lda_client_name_source_row,exact-normalized-client-name-match-to-reviewed-canonical-actor,codex-source-audit,2026-07-24,https://lda.gov/filings/public/filing/2af248a6-1ed1-41d0-b68b-4eef5a89d4e7/print/,official LDA API filing row matched by exact normalized client name to the reviewed canonical actor; usable as treated visible-lobbying pre/post source surface only; stable cross-source LDA client-ID promotion and comparison-group design remain unresolved
cand-b905d6833296,American Petroleum Institute,48,https://lda.gov/api/v1/clients/146563/,2af248a6-1ed1-41d0-b68b-4eef5a89d4e7,2008,second_quarter,Q2,https://lda.gov/filings/public/filing/2af248a6-1ed1-41d0-b68b-4eef5a89d4e7/print/,2008-07-18T11:50:13-04:00,AMERICAN PETROLEUM INSTITUTE,"TIMMONS AND COMPANY, INC.",lda-tax,TAX,Taxation/Internal Revenue Code,2008-04-01,2008-06-30,visible_lobbying,visible_lobbying_filing,1.0000,0.1000,Official LDA API,2af248a6-1ed1-41d0-b68b-4eef5a89d4e7|lda-tax|1,treated_hloga_lda_client,hloga-2007-federal-lobbying-disclosure,filing_count; amount_millions,United States federal,0.8000,reviewed_exact_lda_client_name_source_row,exact-normalized-client-name-match-to-reviewed-canonical-actor,codex-source-audit,2026-07-24,https://lda.gov/filings/public/filing/2af248a6-1ed1-41d0-b68b-4eef5a89d4e7/print/,official LDA API filing row matched by exact normalized client name to the reviewed canonical actor; usable as treated visible-lobbying pre/post source surface only; stable cross-source LDA client-ID promotion and comparison-group design remain unresolved
cand-b905d6833296,American Petroleum Institute,773,https://lda.gov/api/v1/clients/155677/,4c5f0815-21c4-4b8f-8083-a9a75991cf9c,2008,second_quarter,Q2,https://lda.gov/filings/public/filing/4c5f0815-21c4-4b8f-8083-a9a75991cf9c/print/,2008-07-15T09:39:24-04:00,AMERICAN PETROLEUM INSTITUTE,OGR,lda-eng,ENG,Energy/Nuclear,2008-04-01,2008-06-30,visible_lobbying,visible_lobbying_filing,1.0000,0.0800,Official LDA API,4c5f0815-21c4-4b8f-8083-a9a75991cf9c|lda-eng|1,treated_hloga_lda_client,hloga-2007-federal-lobbying-disclosure,filing_count; amount_millions,United States federal,0.8000,reviewed_exact_lda_client_name_source_row,exact-normalized-client-name-match-to-reviewed-canonical-actor,codex-source-audit,2026-07-24,https://lda.gov/filings/public/filing/4c5f0815-21c4-4b8f-8083-a9a75991cf9c/print/,official LDA API filing row matched by exact normalized client name to the reviewed canonical actor; usable as treated visible-lobbying pre/post source surface only; stable cross-source LDA client-ID promotion and comparison-group design remain unresolved
cand-b905d6833296,American Petroleum Institute,773,https://lda.gov/api/v1/clients/155677/,4c5f0815-21c4-4b8f-8083-a9a75991cf9c,2008,second_quarter,Q2,https://lda.gov/filings/public/filing/4c5f0815-21c4-4b8f-8083-a9a75991cf9c/print/,2008-07-15T09:39:24-04:00,AMERICAN PETROLEUM INSTITUTE,OGR,lda-tax,TAX,Taxation/Internal Revenue Code,2008-04-01,2008-06-30,visible_lobbying,visible_lobbying_filing,1.0000,0.0800,Official LDA API,4c5f0815-21c4-4b8f-8083-a9a75991cf9c|lda-tax|2,treated_hloga_lda_client,hloga-2007-federal-lobbying-disclosure,filing_count; amount_millions,United States federal,0.8000,reviewed_exact_lda_client_name_source_row,exact-normalized-client-name-match-to-reviewed-canonical-actor,codex-source-audit,2026-07-24,https://lda.gov/filings/public/filing/4c5f0815-21c4-4b8f-8083-a9a75991cf9c/print/,official LDA API filing row matched by exact normalized client name to the reviewed canonical actor; usable as treated visible-lobbying pre/post source surface only; stable cross-source LDA client-ID promotion and comparison-group design remain unresolved
cand-b905d6833296,American Petroleum Institute,1001208,https://lda.gov/api/v1/clients/135641/,587e7c9e-ee46-4d2f-af0e-e32be9a2f4c4,2008,second_quarter,Q2,https://lda.gov/filings/public/filing/587e7c9e-ee46-4d2f-af0e-e32be9a2f4c4/print/,2008-07-18T16:07:59-04:00,AMERICAN PETROLEUM INSTITUTE,"OLSSON, FRANK, WEEDA, TERMAN & MATZ, PC",lda-eng,ENG,Energy/Nuclear,2008-04-01,2008-06-30,visible_lobbying,visible_lobbying_filing,1.0000,0.0300,Official LDA API,587e7c9e-ee46-4d2f-af0e-e32be9a2f4c4|lda-eng|1,treated_hloga_lda_client,hloga-2007-federal-lobbying-disclosure,filing_count; amount_millions,United States federal,0.8000,reviewed_exact_lda_client_name_source_row,exact-normalized-client-name-match-to-reviewed-canonical-actor,codex-source-audit,2026-07-24,https://lda.gov/filings/public/filing/587e7c9e-ee46-4d2f-af0e-e32be9a2f4c4/print/,official LDA API filing row matched by exact normalized client name to the reviewed canonical actor; usable as treated visible-lobbying pre/post source surface only; stable cross-source LDA client-ID promotion and comparison-group design remain unresolved
cand-b905d6833296,American Petroleum Institute,36,https://lda.gov/api/v1/clients/119051/,a5986d64-39e1-4134-94bf-654b0189dfdb,2008,second_quarter,Q2Y,https://lda.gov/filings/public/filing/a5986d64-39e1-4134-94bf-654b0189dfdb/print/,2008-07-22T10:16:53-04:00,AMERICAN PETROLEUM INSTITUTE,"EOP GROUP, INC.",lda-uns,UNS,Unspecified,2008-04-01,2008-06-30,visible_lobbying,visible_lobbying_filing,1.0000,0.0000,Official LDA API,a5986d64-39e1-4134-94bf-654b0189dfdb|lda-uns|1,treated_hloga_lda_client,hloga-2007-federal-lobbying-disclosure,filing_count; amount_millions,United States federal,0.8000,reviewed_exact_lda_client_name_source_row,exact-normalized-client-name-match-to-reviewed-canonical-actor,codex-source-audit,2026-07-24,https://lda.gov/filings/public/filing/a5986d64-39e1-4134-94bf-654b0189dfdb/print/,official LDA API filing row matched by exact normalized client name to the reviewed canonical actor; usable as treated visible-lobbying pre/post source surface only; stable cross-source LDA client-ID promotion and comparison-group design remain unresolved
cand-b905d6833296,American Petroleum Institute,2195,https://lda.gov/api/v1/clients/114557/,b99d88ea-437b-4b0c-9358-0c54712a129e,2008,second_quarter,Q2,https://lda.gov/filings/public/filing/b99d88ea-437b-4b0c-9358-0c54712a129e/print/,2008-07-07T16:26:09-04:00,AMERICAN PETROLEUM INSTITUTE,PRICEWATERHOUSECOOPERS,lda-tax,TAX,Taxation/Internal Revenue Code,2008-04-01,2008-06-30,visible_lobbying,visible_lobbying_filing,1.0000,0.0800,Official LDA API,b99d88ea-437b-4b0c-9358-0c54712a129e|lda-tax|1,treated_hloga_lda_client,hloga-2007-federal-lobbying-disclosure,filing_count; amount_millions,United States federal,0.8000,reviewed_exact_lda_client_name_source_row,exact-normalized-client-name-match-to-reviewed-canonical-actor,codex-source-audit,2026-07-24,https://lda.gov/filings/public/filing/b99d88ea-437b-4b0c-9358-0c54712a129e/print/,official LDA API filing row matched by exact normalized client name to the reviewed canonical actor; usable as treated visible-lobbying pre/post source surface only; stable cross-source LDA client-ID promotion and comparison-group design remain unresolved
cand-b905d6833296,American Petroleum Institute,1558,https://lda.gov/api/v1/clients/127393/,c0635c84-ce68-47a0-bc17-6f91b4f6fcfc,2008,second_quarter,Q2Y,https://lda.gov/filings/public/filing/c0635c84-ce68-47a0-bc17-6f91b4f6fcfc/print/,2008-07-21T16:41:35-04:00,AMERICAN PETROLEUM INSTITUTE,"JOHNSTON & ASSOCIATES, LLC",lda-uns,UNS,Unspecified,2008-04-01,2008-06-30,visible_lobbying,visible_lobbying_filing,1.0000,0.0000,Official LDA API,c0635c84-ce68-47a0-bc17-6f91b4f6fcfc|lda-uns|1,treated_hloga_lda_client,hloga-2007-federal-lobbying-disclosure,filing_count; amount_millions,United States federal,0.8000,reviewed_exact_lda_client_name_source_row,exact-normalized-client-name-match-to-reviewed-canonical-actor,codex-source-audit,2026-07-24,https://lda.gov/filings/public/filing/c0635c84-ce68-47a0-bc17-6f91b4f6fcfc/print/,official LDA API filing row matched by exact normalized client name to the reviewed canonical actor; usable as treated visible-lobbying pre/post source surface only; stable cross-source LDA client-ID promotion and comparison-group design remain unresolved
cand-b905d6833296,American Petroleum Institute,1004220,https://lda.gov/api/v1/clients/186250/,daba5fb4-a5d3-4d13-b66c-cc68bd9ab945,2008,second_quarter,Q2,https://lda.gov/filings/public/filing/daba5fb4-a5d3-4d13-b66c-cc68bd9ab945/print/,2008-07-21T18:30:38-04:00,AMERICAN PETROLEUM INSTITUTE,CHRISTOPHER HEINZ,lda-caw,CAW,Clean Air and Water (quality),2008-04-01,2008-06-30,visible_lobbying,visible_lobbying_filing,1.0000,0.0200,Official LDA API,daba5fb4-a5d3-4d13-b66c-cc68bd9ab945|lda-caw|1,treated_hloga_lda_client,hloga-2007-federal-lobbying-disclosure,filing_count; amount_millions,United States federal,0.8000,reviewed_exact_lda_client_name_source_row,exact-normalized-client-name-match-to-reviewed-canonical-actor,codex-source-audit,2026-07-24,https://lda.gov/filings/public/filing/daba5fb4-a5d3-4d13-b66c-cc68bd9ab945/print/,official LDA API filing row matched by exact normalized client name to the reviewed canonical actor; usable as treated visible-lobbying pre/post source surface only; stable cross-source LDA client-ID promotion and comparison-group design remain unresolved
cand-b905d6833296,American Petroleum Institute,12,https://lda.gov/api/v1/clients/103626/,fbfa4cb3-7b3f-4ff5-bb90-659ace0652f0,2008,second_quarter,Q2,https://lda.gov/filings/public/filing/fbfa4cb3-7b3f-4ff5-bb90-659ace0652f0/print/,2008-07-21T13:53:06-04:00,AMERICAN PETROLEUM INSTITUTE,AMERICAN PETROLEUM INSTITUTE,lda-bud,BUD,Budget/Appropriations,2008-04-01,2008-06-30,visible_lobbying,visible_lobbying_filing,1.0000,1.0200,Official LDA API,fbfa4cb3-7b3f-4ff5-bb90-659ace0652f0|lda-bud|5,treated_hloga_lda_client,hloga-2007-federal-lobbying-disclosure,filing_count; amount_millions,United States federal,0.8000,reviewed_exact_lda_client_name_source_row,exact-normalized-client-name-match-to-reviewed-canonical-actor,codex-source-audit,2026-07-24,https://lda.gov/filings/public/filing/fbfa4cb3-7b3f-4ff5-bb90-659ace0652f0/print/,official LDA API filing row matched by exact normalized client name to the reviewed canonical actor; usable as treated visible-lobbying pre/post source surface only; stable cross-source LDA client-ID promotion and comparison-group design remain unresolved
cand-b905d6833296,American Petroleum Institute,12,https://lda.gov/api/v1/clients/103626/,fbfa4cb3-7b3f-4ff5-bb90-659ace0652f0,2008,second_quarter,Q2,https://lda.gov/filings/public/filing/fbfa4cb3-7b3f-4ff5-bb90-659ace0652f0/print/,2008-07-21T13:53:06-04:00,AMERICAN PETROLEUM INSTITUTE,AMERICAN PETROLEUM INSTITUTE,lda-caw,CAW,Clean Air and Water (quality),2008-04-01,2008-06-30,visible_lobbying,visible_lobbying_filing,1.0000,1.0200,Official LDA API,fbfa4cb3-7b3f-4ff5-bb90-659ace0652f0|lda-caw|10,treated_hloga_lda_client,hloga-2007-federal-lobbying-disclosure,filing_count; amount_millions,United States federal,0.8000,reviewed_exact_lda_client_name_source_row,exact-normalized-client-name-match-to-reviewed-canonical-actor,codex-source-audit,2026-07-24,https://lda.gov/filings/public/filing/fbfa4cb3-7b3f-4ff5-bb90-659ace0652f0/print/,official LDA API filing row matched by exact normalized client name to the reviewed canonical actor; usable as treated visible-lobbying pre/post source surface only; stable cross-source LDA client-ID promotion and comparison-group design remain unresolved
cand-b905d6833296,American Petroleum Institute,12,https://lda.gov/api/v1/clients/103626/,fbfa4cb3-7b3f-4ff5-bb90-659ace0652f0,2008,second_quarter,Q2,https://lda.gov/filings/public/filing/fbfa4cb3-7b3f-4ff5-bb90-659ace0652f0/print/,2008-07-21T13:53:06-04:00,AMERICAN PETROLEUM INSTITUTE,AMERICAN PETROLEUM INSTITUTE,lda-eng,ENG,Energy/Nuclear,2008-04-01,2008-06-30,visible_lobbying,visible_lobbying_filing,1.0000,1.0200,Official LDA API,fbfa4cb3-7b3f-4ff5-bb90-659ace0652f0|lda-eng|7,treated_hloga_lda_client,hloga-2007-federal-lobbying-disclosure,filing_count; amount_millions,United States federal,0.8000,reviewed_exact_lda_client_name_source_row,exact-normalized-client-name-match-to-reviewed-canonical-actor,codex-source-audit,2026-07-24,https://lda.gov/filings/public/filing/fbfa4cb3-7b3f-4ff5-bb90-659ace0652f0/print/,official LDA API filing row matched by exact normalized client name to the reviewed canonical actor; usable as treated visible-lobbying pre/post source surface only; stable cross-source LDA client-ID promotion and comparison-group design remain unresolved
cand-b905d6833296,American Petroleum Institute,12,https://lda.gov/api/v1/clients/103626/,fbfa4cb3-7b3f-4ff5-bb90-659ace0652f0,2008,second_quarter,Q2,https://lda.gov/filings/public/filing/fbfa4cb3-7b3f-4ff5-bb90-659ace0652f0/print/,2008-07-21T13:53:06-04:00,AMERICAN PETROLEUM INSTITUTE,AMERICAN PETROLEUM INSTITUTE,lda-fue,FUE,Fuel/Gas/Oil,2008-04-01,2008-06-30,visible_lobbying,visible_lobbying_filing,1.0000,1.0200,Official LDA API,fbfa4cb3-7b3f-4ff5-bb90-659ace0652f0|lda-fue|9,treated_hloga_lda_client,hloga-2007-federal-lobbying-disclosure,filing_count; amount_millions,United States federal,0.8000,reviewed_exact_lda_client_name_source_row,exact-normalized-client-name-match-to-reviewed-canonical-actor,codex-source-audit,2026-07-24,https://lda.gov/filings/public/filing/fbfa4cb3-7b3f-4ff5-bb90-659ace0652f0/print/,official LDA API filing row matched by exact normalized client name to the reviewed canonical actor; usable as treated visible-lobbying pre/post source surface only; stable cross-source LDA client-ID promotion and comparison-group design remain unresolved
cand-b905d6833296,American Petroleum Institute,12,https://lda.gov/api/v1/clients/103626/,fbfa4cb3-7b3f-4ff5-bb90-659ace0652f0,2008,second_quarter,Q2,https://lda.gov/filings/public/filing/fbfa4cb3-7b3f-4ff5-bb90-659ace0652f0/print/,2008-07-21T13:53:06-04:00,AMERICAN PETROLEUM INSTITUTE,AMERICAN PETROLEUM INSTITUTE,lda-gov,GOV,Government Issues,2008-04-01,2008-06-30,visible_lobbying,visible_lobbying_filing,1.0000,1.0200,Official LDA API,fbfa4cb3-7b3f-4ff5-bb90-659ace0652f0|lda-gov|6,treated_hloga_lda_client,hloga-2007-federal-lobbying-disclosure,filing_count; amount_millions,United States federal,0.8000,reviewed_exact_lda_client_name_source_row,exact-normalized-client-name-match-to-reviewed-canonical-actor,codex-source-audit,2026-07-24,https://lda.gov/filings/public/filing/fbfa4cb3-7b3f-4ff5-bb90-659ace0652f0/print/,official LDA API filing row matched by exact normalized client name to the reviewed canonical actor; usable as treated visible-lobbying pre/post source surface only; stable cross-source LDA client-ID promotion and comparison-group design remain unresolved
cand-b905d6833296,American Petroleum Institute,12,https://lda.gov/api/v1/clients/103626/,fbfa4cb3-7b3f-4ff5-bb90-659ace0652f0,2008,second_quarter,Q2,https://lda.gov/filings/public/filing/fbfa4cb3-7b3f-4ff5-bb90-659ace0652f0/print/,2008-07-21T13:53:06-04:00,AMERICAN PETROLEUM INSTITUTE,AMERICAN PETROLEUM INSTITUTE,lda-hom,HOM,Homeland Security,2008-04-01,2008-06-30,visible_lobbying,visible_lobbying_filing,1.0000,1.0200,Official LDA API,fbfa4cb3-7b3f-4ff5-bb90-659ace0652f0|lda-hom|8,treated_hloga_lda_client,hloga-2007-federal-lobbying-disclosure,filing_count; amount_millions,United States federal,0.8000,reviewed_exact_lda_client_name_source_row,exact-normalized-client-name-match-to-reviewed-canonical-actor,codex-source-audit,2026-07-24,https://lda.gov/filings/public/filing/fbfa4cb3-7b3f-4ff5-bb90-659ace0652f0/print/,official LDA API filing row matched by exact normalized client name to the reviewed canonical actor; usable as treated visible-lobbying pre/post source surface only; stable cross-source LDA client-ID promotion and comparison-group design remain unresolved
cand-b905d6833296,American Petroleum Institute,12,https://lda.gov/api/v1/clients/103626/,fbfa4cb3-7b3f-4ff5-bb90-659ace0652f0,2008,second_quarter,Q2,https://lda.gov/filings/public/filing/fbfa4cb3-7b3f-4ff5-bb90-659ace0652f0/print/,2008-07-21T13:53:06-04:00,AMERICAN PETROLEUM INSTITUTE,AMERICAN PETROLEUM INSTITUTE,lda-lbr,LBR,Labor Issues/Antitrust/Workplace,2008-04-01,2008-06-30,visible_lobbying,visible_lobbying_filing,1.0000,1.0200,Official LDA API,fbfa4cb3-7b3f-4ff5-bb90-659ace0652f0|lda-lbr|2,treated_hloga_lda_client,hloga-2007-federal-lobbying-disclosure,filing_count; amount_millions,United States federal,0.8000,reviewed_exact_lda_client_name_source_row,exact-normalized-client-name-match-to-reviewed-canonical-actor,codex-source-audit,2026-07-24,https://lda.gov/filings/public/filing/fbfa4cb3-7b3f-4ff5-bb90-659ace0652f0/print/,official LDA API filing row matched by exact normalized client name to the reviewed canonical actor; usable as treated visible-lobbying pre/post source surface only; stable cross-source LDA client-ID promotion and comparison-group design remain unresolved
cand-b905d6833296,American Petroleum Institute,12,https://lda.gov/api/v1/clients/103626/,fbfa4cb3-7b3f-4ff5-bb90-659ace0652f0,2008,second_quarter,Q2,https://lda.gov/filings/public/filing/fbfa4cb3-7b3f-4ff5-bb90-659ace0652f0/print/,2008-07-21T13:53:06-04:00,AMERICAN PETROLEUM INSTITUTE,AMERICAN PETROLEUM INSTITUTE,lda-mar,MAR,Marine/Maritime/Boating/Fisheries,2008-04-01,2008-06-30,visible_lobbying,visible_lobbying_filing,1.0000,1.0200,Official LDA API,fbfa4cb3-7b3f-4ff5-bb90-659ace0652f0|lda-mar|1,treated_hloga_lda_client,hloga-2007-federal-lobbying-disclosure,filing_count; amount_millions,United States federal,0.8000,reviewed_exact_lda_client_name_source_row,exact-normalized-client-name-match-to-reviewed-canonical-actor,codex-source-audit,2026-07-24,https://lda.gov/filings/public/filing/fbfa4cb3-7b3f-4ff5-bb90-659ace0652f0/print/,official LDA API filing row matched by exact normalized client name to the reviewed canonical actor; usable as treated visible-lobbying pre/post source surface only; stable cross-source LDA client-ID promotion and comparison-group design remain unresolved
cand-b905d6833296,American Petroleum Institute,12,https://lda.gov/api/v1/clients/103626/,fbfa4cb3-7b3f-4ff5-bb90-659ace0652f0,2008,second_quarter,Q2,https://lda.gov/filings/public/filing/fbfa4cb3-7b3f-4ff5-bb90-659ace0652f0/print/,2008-07-21T13:53:06-04:00,AMERICAN PETROLEUM INSTITUTE,AMERICAN PETROLEUM INSTITUTE,lda-nat,NAT,Natural Resources,2008-04-01,2008-06-30,visible_lobbying,visible_lobbying_filing,1.0000,1.0200,Official LDA API,fbfa4cb3-7b3f-4ff5-bb90-659ace0652f0|lda-nat|11,treated_hloga_lda_client,hloga-2007-federal-lobbying-disclosure,filing_count; amount_millions,United States federal,0.8000,reviewed_exact_lda_client_name_source_row,exact-normalized-client-name-match-to-reviewed-canonical-actor,codex-source-audit,2026-07-24,https://lda.gov/filings/public/filing/fbfa4cb3-7b3f-4ff5-bb90-659ace0652f0/print/,official LDA API filing row matched by exact normalized client name to the reviewed canonical actor; usable as treated visible-lobbying pre/post source surface only; stable cross-source LDA client-ID promotion and comparison-group design remain unresolved
cand-b905d6833296,American Petroleum Institute,12,https://lda.gov/api/v1/clients/103626/,fbfa4cb3-7b3f-4ff5-bb90-659ace0652f0,2008,second_quarter,Q2,https://lda.gov/filings/public/filing/fbfa4cb3-7b3f-4ff5-bb90-659ace0652f0/print/,2008-07-21T13:53:06-04:00,AMERICAN PETROLEUM INSTITUTE,AMERICAN PETROLEUM INSTITUTE,lda-tax,TAX,Taxation/Internal Revenue Code,2008-04-01,2008-06-30,visible_lobbying,visible_lobbying_filing,1.0000,1.0200,Official LDA API,fbfa4cb3-7b3f-4ff5-bb90-659ace0652f0|lda-tax|4,treated_hloga_lda_client,hloga-2007-federal-lobbying-disclosure,filing_count; amount_millions,United States federal,0.8000,reviewed_exact_lda_client_name_source_row,exact-normalized-client-name-match-to-reviewed-canonical-actor,codex-source-audit,2026-07-24,https://lda.gov/filings/public/filing/fbfa4cb3-7b3f-4ff5-bb90-659ace0652f0/print/,official LDA API filing row matched by exact normalized client name to the reviewed canonical actor; usable as treated visible-lobbying pre/post source surface only; stable cross-source LDA client-ID promotion and comparison-group design remain unresolved
cand-b905d6833296,American Petroleum Institute,12,https://lda.gov/api/v1/clients/103626/,fbfa4cb3-7b3f-4ff5-bb90-659ace0652f0,2008,second_quarter,Q2,https://lda.gov/filings/public/filing/fbfa4cb3-7b3f-4ff5-bb90-659ace0652f0/print/,2008-07-21T13:53:06-04:00,AMERICAN PETROLEUM INSTITUTE,AMERICAN PETROLEUM INSTITUTE,lda-trd,TRD,Trade (domestic/foreign),2008-04-01,2008-06-30,visible_lobbying,visible_lobbying_filing,1.0000,1.0200,Official LDA API,fbfa4cb3-7b3f-4ff5-bb90-659ace0652f0|lda-trd|3,treated_hloga_lda_client,hloga-2007-federal-lobbying-disclosure,filing_count; amount_millions,United States federal,0.8000,reviewed_exact_lda_client_name_source_row,exact-normalized-client-name-match-to-reviewed-canonical-actor,codex-source-audit,2026-07-24,https://lda.gov/filings/public/filing/fbfa4cb3-7b3f-4ff5-bb90-659ace0652f0/print/,official LDA API filing row matched by exact normalized client name to the reviewed canonical actor; usable as treated visible-lobbying pre/post source surface only; stable cross-source LDA client-ID promotion and comparison-group design remain unresolved
cand-b905d6833296,American Petroleum Institute,1001208,https://lda.gov/api/v1/clients/135641/,131419da-0fcb-4df4-a576-5679d59f1c1f,2008,third_quarter,Q3,https://lda.gov/filings/public/filing/131419da-0fcb-4df4-a576-5679d59f1c1f/print/,2008-10-20T19:25:43-04:00,AMERICAN PETROLEUM INSTITUTE,"OLSSON, FRANK, WEEDA, TERMAN & MATZ, PC",lda-eng,ENG,Energy/Nuclear,2008-07-01,2008-09-30,visible_lobbying,visible_lobbying_filing,1.0000,0.0200,Official LDA API,131419da-0fcb-4df4-a576-5679d59f1c1f|lda-eng|1,treated_hloga_lda_client,hloga-2007-federal-lobbying-disclosure,filing_count; amount_millions,United States federal,0.8000,reviewed_exact_lda_client_name_source_row,exact-normalized-client-name-match-to-reviewed-canonical-actor,codex-source-audit,2026-07-24,https://lda.gov/filings/public/filing/131419da-0fcb-4df4-a576-5679d59f1c1f/print/,official LDA API filing row matched by exact normalized client name to the reviewed canonical actor; usable as treated visible-lobbying pre/post source surface only; stable cross-source LDA client-ID promotion and comparison-group design remain unresolved
cand-b905d6833296,American Petroleum Institute,1004220,https://lda.gov/api/v1/clients/186250/,29e10371-7f22-4087-a4df-49b485559d3a,2008,third_quarter,3T,https://lda.gov/filings/public/filing/29e10371-7f22-4087-a4df-49b485559d3a/print/,2008-10-20T17:39:54-04:00,AMERICAN PETROLEUM INSTITUTE,CHRISTOPHER HEINZ,lda-caw,CAW,Clean Air and Water (quality),2008-07-01,2008-09-30,visible_lobbying,visible_lobbying_filing,1.0000,0.0200,Official LDA API,29e10371-7f22-4087-a4df-49b485559d3a|lda-caw|1,treated_hloga_lda_client,hloga-2007-federal-lobbying-disclosure,filing_count; amount_millions,United States federal,0.8000,reviewed_exact_lda_client_name_source_row,exact-normalized-client-name-match-to-reviewed-canonical-actor,codex-source-audit,2026-07-24,https://lda.gov/filings/public/filing/29e10371-7f22-4087-a4df-49b485559d3a/print/,official LDA API filing row matched by exact normalized client name to the reviewed canonical actor; usable as treated visible-lobbying pre/post source surface only; stable cross-source LDA client-ID promotion and comparison-group design remain unresolved
cand-b905d6833296,American Petroleum Institute,1000495,https://lda.gov/api/v1/clients/173557/,2d438f4c-a7d2-4e35-a07a-7d8a20a0c4fc,2008,third_quarter,Q3Y,https://lda.gov/filings/public/filing/2d438f4c-a7d2-4e35-a07a-7d8a20a0c4fc/print/,2008-10-17T16:33:57-04:00,AMERICAN PETROLEUM INSTITUTE,"IMPACT TEXAS COMMUNICATIONS, LLP (D/B/A IMPACT US)",lda-uns,UNS,Unspecified,2008-07-01,2008-09-30,visible_lobbying,visible_lobbying_filing,1.0000,0.0000,Official LDA API,2d438f4c-a7d2-4e35-a07a-7d8a20a0c4fc|lda-uns|1,treated_hloga_lda_client,hloga-2007-federal-lobbying-disclosure,filing_count; amount_millions,United States federal,0.8000,reviewed_exact_lda_client_name_source_row,exact-normalized-client-name-match-to-reviewed-canonical-actor,codex-source-audit,2026-07-24,https://lda.gov/filings/public/filing/2d438f4c-a7d2-4e35-a07a-7d8a20a0c4fc/print/,official LDA API filing row matched by exact normalized client name to the reviewed canonical actor; usable as treated visible-lobbying pre/post source surface only; stable cross-source LDA client-ID promotion and comparison-group design remain unresolved
cand-b905d6833296,American Petroleum Institute,1000495,https://lda.gov/api/v1/clients/173557/,5aba0111-ab05-40f0-82db-29850fcf4916,2008,third_quarter,RR,https://lda.gov/filings/public/filing/5aba0111-ab05-40f0-82db-29850fcf4916/print/,2008-07-21T19:23:36-04:00,AMERICAN PETROLEUM INSTITUTE,"IMPACT TEXAS COMMUNICATIONS, LLP (D/B/A IMPACT US)",lda-eng,ENG,Energy/Nuclear,2008-07-01,2008-09-30,visible_lobbying,visible_lobbying_filing,1.0000,0.0000,Official LDA API,5aba0111-ab05-40f0-82db-29850fcf4916|lda-eng|2,treated_hloga_lda_client,hloga-2007-federal-lobbying-disclosure,filing_count; amount_millions,United States federal,0.8000,reviewed_exact_lda_client_name_source_row,exact-normalized-client-name-match-to-reviewed-canonical-actor,codex-source-audit,2026-07-24,https://lda.gov/filings/public/filing/5aba0111-ab05-40f0-82db-29850fcf4916/print/,official LDA API filing row matched by exact normalized client name to the reviewed canonical actor; usable as treated visible-lobbying pre/post source surface only; stable cross-source LDA client-ID promotion and comparison-group design remain unresolved
cand-b905d6833296,American Petroleum Institute,1000495,https://lda.gov/api/v1/clients/173557/,5aba0111-ab05-40f0-82db-29850fcf4916,2008,third_quarter,RR,https://lda.gov/filings/public/filing/5aba0111-ab05-40f0-82db-29850fcf4916/print/,2008-07-21T19:23:36-04:00,AMERICAN PETROLEUM INSTITUTE,"IMPACT TEXAS COMMUNICATIONS, LLP (D/B/A IMPACT US)",lda-vet,VET,Veterans,2008-07-01,2008-09-30,visible_lobbying,visible_lobbying_filing,1.0000,0.0000,Official LDA API,5aba0111-ab05-40f0-82db-29850fcf4916|lda-vet|1,treated_hloga_lda_client,hloga-2007-federal-lobbying-disclosure,filing_count; amount_millions,United States federal,0.8000,reviewed_exact_lda_client_name_source_row,exact-normalized-client-name-match-to-reviewed-canonical-actor,codex-source-audit,2026-07-24,https://lda.gov/filings/public/filing/5aba0111-ab05-40f0-82db-29850fcf4916/print/,official LDA API filing row matched by exact normalized client name to the reviewed canonical actor; usable as treated visible-lobbying pre/post source surface only; stable cross-source LDA client-ID promotion and comparison-group design remain unresolved
cand-b905d6833296,American Petroleum Institute,2195,https://lda.gov/api/v1/clients/114557/,5d4c91d3-5f2c-46d1-b212-4511b21b087e,2008,third_quarter,Q3,https://lda.gov/filings/public/filing/5d4c91d3-5f2c-46d1-b212-4511b21b087e/print/,2008-10-20T10:42:16-04:00,AMERICAN PETROLEUM INSTITUTE,PRICEWATERHOUSECOOPERS,lda-tax,TAX,Taxation/Internal Revenue Code,2008-07-01,2008-09-30,visible_lobbying,visible_lobbying_filing,1.0000,0.0800,Official LDA API,5d4c91d3-5f2c-46d1-b212-4511b21b087e|lda-tax|1,treated_hloga_lda_client,hloga-2007-federal-lobbying-disclosure,filing_count; amount_millions,United States federal,0.8000,reviewed_exact_lda_client_name_source_row,exact-normalized-client-name-match-to-reviewed-canonical-actor,codex-source-audit,2026-07-24,https://lda.gov/filings/public/filing/5d4c91d3-5f2c-46d1-b212-4511b21b087e/print/,official LDA API filing row matched by exact normalized client name to the reviewed canonical actor; usable as treated visible-lobbying pre/post source surface only; stable cross-source LDA client-ID promotion and comparison-group design remain unresolved
cand-b905d6833296,American Petroleum Institute,238,https://lda.gov/api/v1/clients/146647/,5f2af382-cab7-468e-b871-963bf41bf8c6,2008,third_quarter,Q3,https://lda.gov/filings/public/filing/5f2af382-cab7-468e-b871-963bf41bf8c6/print/,2008-10-05T10:42:44-04:00,AMERICAN PETROLEUM INSTITUTE,MICHAEL L. TINER,lda-caw,CAW,Clean Air and Water (quality),2008-07-01,2008-09-30,visible_lobbying,visible_lobbying_filing,1.0000,0.0200,Official LDA API,5f2af382-cab7-468e-b871-963bf41bf8c6|lda-caw|1,treated_hloga_lda_client,hloga-2007-federal-lobbying-disclosure,filing_count; amount_millions,United States federal,0.8000,reviewed_exact_lda_client_name_source_row,exact-normalized-client-name-match-to-reviewed-canonical-actor,codex-source-audit,2026-07-24,https://lda.gov/filings/public/filing/5f2af382-cab7-468e-b871-963bf41bf8c6/print/,official LDA API filing row matched by exact normalized client name to the reviewed canonical actor; usable as treated visible-lobbying pre/post source surface only; stable cross-source LDA client-ID promotion and comparison-group design remain unresolved
cand-b905d6833296,American Petroleum Institute,1558,https://lda.gov/api/v1/clients/127393/,65951985-27a4-4168-8561-a29029200a55,2008,third_quarter,Q3,https://lda.gov/filings/public/filing/65951985-27a4-4168-8561-a29029200a55/print/,2009-09-30T05:53:42-04:00,AMERICAN PETROLEUM INSTITUTE,"JOHNSTON & ASSOCIATES, LLC",lda-fue,FUE,Fuel/Gas/Oil,2008-07-01,2008-09-30,visible_lobbying,visible_lobbying_filing,1.0000,0.0400,Official LDA API,65951985-27a4-4168-8561-a29029200a55|lda-fue|1,treated_hloga_lda_client,hloga-2007-federal-lobbying-disclosure,filing_count; amount_millions,United States federal,0.8000,reviewed_exact_lda_client_name_source_row,exact-normalized-client-name-match-to-reviewed-canonical-actor,codex-source-audit,2026-07-24,https://lda.gov/filings/public/filing/65951985-27a4-4168-8561-a29029200a55/print/,official LDA API filing row matched by exact normalized client name to the reviewed canonical actor; usable as treated visible-lobbying pre/post source surface only; stable cross-source LDA client-ID promotion and comparison-group design remain unresolved
cand-b905d6833296,American Petroleum Institute,1005193,https://lda.gov/api/v1/clients/175532/,68fb7307-79b0-48e0-aa48-2b6f4ecd0e87,2008,third_quarter,Q3,https://lda.gov/filings/public/filing/68fb7307-79b0-48e0-aa48-2b6f4ecd0e87/print/,2009-03-24T14:34:54-04:00,AMERICAN PETROLEUM INSTITUTE,"MEHLMAN CONSULTING, INC.",lda-fue,FUE,Fuel/Gas/Oil,2008-07-01,2008-09-30,visible_lobbying,visible_lobbying_filing,1.0000,0.0400,Official LDA API,68fb7307-79b0-48e0-aa48-2b6f4ecd0e87|lda-fue|1,treated_hloga_lda_client,hloga-2007-federal-lobbying-disclosure,filing_count; amount_millions,United States federal,0.8000,reviewed_exact_lda_client_name_source_row,exact-normalized-client-name-match-to-reviewed-canonical-actor,codex-source-audit,2026-07-24,https://lda.gov/filings/public/filing/68fb7307-79b0-48e0-aa48-2b6f4ecd0e87/print/,official LDA API filing row matched by exact normalized client name to the reviewed canonical actor; usable as treated visible-lobbying pre/post source surface only; stable cross-source LDA client-ID promotion and comparison-group design remain unresolved
cand-b905d6833296,American Petroleum Institute,1005193,https://lda.gov/api/v1/clients/175532/,68fb7307-79b0-48e0-aa48-2b6f4ecd0e87,2008,third_quarter,Q3,https://lda.gov/filings/public/filing/68fb7307-79b0-48e0-aa48-2b6f4ecd0e87/print/,2009-03-24T14:34:54-04:00,AMERICAN PETROLEUM INSTITUTE,"MEHLMAN CONSULTING, INC.",lda-tax,TAX,Taxation/Internal Revenue Code,2008-07-01,2008-09-30,visible_lobbying,visible_lobbying_filing,1.0000,0.0400,Official LDA API,68fb7307-79b0-48e0-aa48-2b6f4ecd0e87|lda-tax|2,treated_hloga_lda_client,hloga-2007-federal-lobbying-disclosure,filing_count; amount_millions,United States federal,0.8000,reviewed_exact_lda_client_name_source_row,exact-normalized-client-name-match-to-reviewed-canonical-actor,codex-source-audit,2026-07-24,https://lda.gov/filings/public/filing/68fb7307-79b0-48e0-aa48-2b6f4ecd0e87/print/,official LDA API filing row matched by exact normalized client name to the reviewed canonical actor; usable as treated visible-lobbying pre/post source surface only; stable cross-source LDA client-ID promotion and comparison-group design remain unresolved
cand-b905d6833296,American Petroleum Institute,1005193,https://lda.gov/api/v1/clients/175532/,725011b1-ced9-446a-962d-0c4b4c7bd812,2008,third_quarter,RR,https://lda.gov/filings/public/filing/725011b1-ced9-446a-962d-0c4b4c7bd812/print/,2008-09-10T13:34:07-04:00,AMERICAN PETROLEUM INSTITUTE,"MEHLMAN CONSULTING, INC.",lda-fue,FUE,Fuel/Gas/Oil,2008-07-01,2008-09-30,visible_lobbying,visible_lobbying_filing,1.0000,0.0000,Official LDA API,725011b1-ced9-446a-962d-0c4b4c7bd812|lda-fue|2,treated_hloga_lda_client,hloga-2007-federal-lobbying-disclosure,filing_count; amount_millions,United States federal,0.8000,reviewed_exact_lda_client_name_source_row,exact-normalized-client-name-match-to-reviewed-canonical-actor,codex-source-audit,2026-07-24,https://lda.gov/filings/public/filing/725011b1-ced9-446a-962d-0c4b4c7bd812/print/,official LDA API filing row matched by exact normalized client name to the reviewed canonical actor; usable as treated visible-lobbying pre/post source surface only; stable cross-source LDA client-ID promotion and comparison-group design remain unresolved
cand-b905d6833296,American Petroleum Institute,1005193,https://lda.gov/api/v1/clients/175532/,725011b1-ced9-446a-962d-0c4b4c7bd812,2008,third_quarter,RR,https://lda.gov/filings/public/filing/725011b1-ced9-446a-962d-0c4b4c7bd812/print/,2008-09-10T13:34:07-04:00,AMERICAN PETROLEUM INSTITUTE,"MEHLMAN CONSULTING, INC.",lda-tax,TAX,Taxation/Internal Revenue Code,2008-07-01,2008-09-30,visible_lobbying,visible_lobbying_filing,1.0000,0.0000,Official LDA API,725011b1-ced9-446a-962d-0c4b4c7bd812|lda-tax|1,treated_hloga_lda_client,hloga-2007-federal-lobbying-disclosure,filing_count; amount_millions,United States federal,0.8000,reviewed_exact_lda_client_name_source_row,exact-normalized-client-name-match-to-reviewed-canonical-actor,codex-source-audit,2026-07-24,https://lda.gov/filings/public/filing/725011b1-ced9-446a-962d-0c4b4c7bd812/print/,official LDA API filing row matched by exact normalized client name to the reviewed canonical actor; usable as treated visible-lobbying pre/post source surface only; stable cross-source LDA client-ID promotion and comparison-group design remain unresolved
cand-b905d6833296,American Petroleum Institute,36,https://lda.gov/api/v1/clients/119051/,7c3bb685-c17c-4f6b-ba2b-61a022609e56,2008,third_quarter,Q3Y,https://lda.gov/filings/public/filing/7c3bb685-c17c-4f6b-ba2b-61a022609e56/print/,2008-10-20T11:15:51-04:00,AMERICAN PETROLEUM INSTITUTE,"EOP GROUP, INC.",lda-uns,UNS,Unspecified,2008-07-01,2008-09-30,visible_lobbying,visible_lobbying_filing,1.0000,0.0000,Official LDA API,7c3bb685-c17c-4f6b-ba2b-61a022609e56|lda-uns|1,treated_hloga_lda_client,hloga-2007-federal-lobbying-disclosure,filing_count; amount_millions,United States federal,0.8000,reviewed_exact_lda_client_name_source_row,exact-normalized-client-name-match-to-reviewed-canonical-actor,codex-source-audit,2026-07-24,https://lda.gov/filings/public/filing/7c3bb685-c17c-4f6b-ba2b-61a022609e56/print/,official LDA API filing row matched by exact normalized client name to the reviewed canonical actor; usable as treated visible-lobbying pre/post source surface only; stable cross-source LDA client-ID promotion and comparison-group design remain unresolved
cand-b905d6833296,American Petroleum Institute,48,https://lda.gov/api/v1/clients/146563/,8e32d976-3750-4f23-8311-0288a7831c88,2008,third_quarter,Q3,https://lda.gov/filings/public/filing/8e32d976-3750-4f23-8311-0288a7831c88/print/,2008-10-09T15:48:07-04:00,AMERICAN PETROLEUM INSTITUTE,"TIMMONS AND COMPANY, INC.",lda-agr,AGR,Agriculture,2008-07-01,2008-09-30,visible_lobbying,visible_lobbying_filing,1.0000,0.1000,Official LDA API,8e32d976-3750-4f23-8311-0288a7831c88|lda-agr|2,treated_hloga_lda_client,hloga-2007-federal-lobbying-disclosure,filing_count; amount_millions,United States federal,0.8000,reviewed_exact_lda_client_name_source_row,exact-normalized-client-name-match-to-reviewed-canonical-actor,codex-source-audit,2026-07-24,https://lda.gov/filings/public/filing/8e32d976-3750-4f23-8311-0288a7831c88/print/,official LDA API filing row matched by exact normalized client name to the reviewed canonical actor; usable as treated visible-lobbying pre/post source surface only; stable cross-source LDA client-ID promotion and comparison-group design remain unresolved
cand-b905d6833296,American Petroleum Institute,48,https://lda.gov/api/v1/clients/146563/,8e32d976-3750-4f23-8311-0288a7831c88,2008,third_quarter,Q3,https://lda.gov/filings/public/filing/8e32d976-3750-4f23-8311-0288a7831c88/print/,2008-10-09T15:48:07-04:00,AMERICAN PETROLEUM INSTITUTE,"TIMMONS AND COMPANY, INC.",lda-caw,CAW,Clean Air and Water (quality),2008-07-01,2008-09-30,visible_lobbying,visible_lobbying_filing,1.0000,0.1000,Official LDA API,8e32d976-3750-4f23-8311-0288a7831c88|lda-caw|7,treated_hloga_lda_client,hloga-2007-federal-lobbying-disclosure,filing_count; amount_millions,United States federal,0.8000,reviewed_exact_lda_client_name_source_row,exact-normalized-client-name-match-to-reviewed-canonical-actor,codex-source-audit,2026-07-24,https://lda.gov/filings/public/filing/8e32d976-3750-4f23-8311-0288a7831c88/print/,official LDA API filing row matched by exact normalized client name to the reviewed canonical actor; usable as treated visible-lobbying pre/post source surface only; stable cross-source LDA client-ID promotion and comparison-group design remain unresolved
cand-b905d6833296,American Petroleum Institute,48,https://lda.gov/api/v1/clients/146563/,8e32d976-3750-4f23-8311-0288a7831c88,2008,third_quarter,Q3,https://lda.gov/filings/public/filing/8e32d976-3750-4f23-8311-0288a7831c88/print/,2008-10-09T15:48:07-04:00,AMERICAN PETROLEUM INSTITUTE,"TIMMONS AND COMPANY, INC.",lda-def,DEF,Defense,2008-07-01,2008-09-30,visible_lobbying,visible_lobbying_filing,1.0000,0.1000,Official LDA API,8e32d976-3750-4f23-8311-0288a7831c88|lda-def|1,treated_hloga_lda_client,hloga-2007-federal-lobbying-disclosure,filing_count; amount_millions,United States federal,0.8000,reviewed_exact_lda_client_name_source_row,exact-normalized-client-name-match-to-reviewed-canonical-actor,codex-source-audit,2026-07-24,https://lda.gov/filings/public/filing/8e32d976-3750-4f23-8311-0288a7831c88/print/,official LDA API filing row matched by exact normalized client name to the reviewed canonical actor; usable as treated visible-lobbying pre/post source surface only; stable cross-source LDA client-ID promotion and comparison-group design remain unresolved
cand-b905d6833296,American Petroleum Institute,48,https://lda.gov/api/v1/clients/146563/,8e32d976-3750-4f23-8311-0288a7831c88,2008,third_quarter,Q3,https://lda.gov/filings/public/filing/8e32d976-3750-4f23-8311-0288a7831c88/print/,2008-10-09T15:48:07-04:00,AMERICAN PETROLEUM INSTITUTE,"TIMMONS AND COMPANY, INC.",lda-eng,ENG,Energy/Nuclear,2008-07-01,2008-09-30,visible_lobbying,visible_lobbying_filing,1.0000,0.1000,Official LDA API,8e32d976-3750-4f23-8311-0288a7831c88|lda-eng|4,treated_hloga_lda_client,hloga-2007-federal-lobbying-disclosure,filing_count; amount_millions,United States federal,0.8000,reviewed_exact_lda_client_name_source_row,exact-normalized-client-name-match-to-reviewed-canonical-actor,codex-source-audit,2026-07-24,https://lda.gov/filings/public/filing/8e32d976-3750-4f23-8311-0288a7831c88/print/,official LDA API filing row matched by exact normalized client name to the reviewed canonical actor; usable as treated visible-lobbying pre/post source surface only; stable cross-source LDA client-ID promotion and comparison-group design remain unresolved
cand-b905d6833296,American Petroleum Institute,48,https://lda.gov/api/v1/clients/146563/,8e32d976-3750-4f23-8311-0288a7831c88,2008,third_quarter,Q3,https://lda.gov/filings/public/filing/8e32d976-3750-4f23-8311-0288a7831c88/print/,2008-10-09T15:48:07-04:00,AMERICAN PETROLEUM INSTITUTE,"TIMMONS AND COMPANY, INC.",lda-fue,FUE,Fuel/Gas/Oil,2008-07-01,2008-09-30,visible_lobbying,visible_lobbying_filing,1.0000,0.1000,Official LDA API,8e32d976-3750-4f23-8311-0288a7831c88|lda-fue|6,treated_hloga_lda_client,hloga-2007-federal-lobbying-disclosure,filing_count; amount_millions,United States federal,0.8000,reviewed_exact_lda_client_name_source_row,exact-normalized-client-name-match-to-reviewed-canonical-actor,codex-source-audit,2026-07-24,https://lda.gov/filings/public/filing/8e32d976-3750-4f23-8311-0288a7831c88/print/,official LDA API filing row matched by exact normalized client name to the reviewed canonical actor; usable as treated visible-lobbying pre/post source surface only; stable cross-source LDA client-ID promotion and comparison-group design remain unresolved
cand-b905d6833296,American Petroleum Institute,48,https://lda.gov/api/v1/clients/146563/,8e32d976-3750-4f23-8311-0288a7831c88,2008,third_quarter,Q3,https://lda.gov/filings/public/filing/8e32d976-3750-4f23-8311-0288a7831c88/print/,2008-10-09T15:48:07-04:00,AMERICAN PETROLEUM INSTITUTE,"TIMMONS AND COMPANY, INC.",lda-lbr,LBR,Labor Issues/Antitrust/Workplace,2008-07-01,2008-09-30,visible_lobbying,visible_lobbying_filing,1.0000,0.1000,Official LDA API,8e32d976-3750-4f23-8311-0288a7831c88|lda-lbr|5,treated_hloga_lda_client,hloga-2007-federal-lobbying-disclosure,filing_count; amount_millions,United States federal,0.8000,reviewed_exact_lda_client_name_source_row,exact-normalized-client-name-match-to-reviewed-canonical-actor,codex-source-audit,2026-07-24,https://lda.gov/filings/public/filing/8e32d976-3750-4f23-8311-0288a7831c88/print/,official LDA API filing row matched by exact normalized client name to the reviewed canonical actor; usable as treated visible-lobbying pre/post source surface only; stable cross-source LDA client-ID promotion and comparison-group design remain unresolved
cand-b905d6833296,American Petroleum Institute,48,https://lda.gov/api/v1/clients/146563/,8e32d976-3750-4f23-8311-0288a7831c88,2008,third_quarter,Q3,https://lda.gov/filings/public/filing/8e32d976-3750-4f23-8311-0288a7831c88/print/,2008-10-09T15:48:07-04:00,AMERICAN PETROLEUM INSTITUTE,"TIMMONS AND COMPANY, INC.",lda-tax,TAX,Taxation/Internal Revenue Code,2008-07-01,2008-09-30,visible_lobbying,visible_lobbying_filing,1.0000,0.1000,Official LDA API,8e32d976-3750-4f23-8311-0288a7831c88|lda-tax|3,treated_hloga_lda_client,hloga-2007-federal-lobbying-disclosure,filing_count; amount_millions,United States federal,0.8000,reviewed_exact_lda_client_name_source_row,exact-normalized-client-name-match-to-reviewed-canonical-actor,codex-source-audit,2026-07-24,https://lda.gov/filings/public/filing/8e32d976-3750-4f23-8311-0288a7831c88/print/,official LDA API filing row matched by exact normalized client name to the reviewed canonical actor; usable as treated visible-lobbying pre/post source surface only; stable cross-source LDA client-ID promotion and comparison-group design remain unresolved
cand-b905d6833296,American Petroleum Institute,48,https://lda.gov/api/v1/clients/146563/,b88bc2dc-ddda-454c-b624-d8c281579b7d,2008,third_quarter,Q3Y,https://lda.gov/filings/public/filing/b88bc2dc-ddda-454c-b624-d8c281579b7d/print/,2008-08-11T15:01:08-04:00,AMERICAN PETROLEUM INSTITUTE,"TIMMONS AND COMPANY, INC.",lda-uns,UNS,Unspecified,2008-07-01,2008-09-30,visible_lobbying,visible_lobbying_filing,1.0000,0.0600,Official LDA API,b88bc2dc-ddda-454c-b624-d8c281579b7d|lda-uns|1,treated_hloga_lda_client,hloga-2007-federal-lobbying-disclosure,filing_count; amount_millions,United States federal,0.8000,reviewed_exact_lda_client_name_source_row,exact-normalized-client-name-match-to-reviewed-canonical-actor,codex-source-audit,2026-07-24,https://lda.gov/filings/public/filing/b88bc2dc-ddda-454c-b624-d8c281579b7d/print/,official LDA API filing row matched by exact normalized client name to the reviewed canonical actor; usable as treated visible-lobbying pre/post source surface only; stable cross-source LDA client-ID promotion and comparison-group design remain unresolved
cand-b905d6833296,American Petroleum Institute,773,https://lda.gov/api/v1/clients/155677/,c276a01d-d285-4f51-8ac6-7577d61c59fc,2008,third_quarter,Q3,https://lda.gov/filings/public/filing/c276a01d-d285-4f51-8ac6-7577d61c59fc/print/,2008-10-16T10:57:43-04:00,AMERICAN PETROLEUM INSTITUTE,OGR,lda-eng,ENG,Energy/Nuclear,2008-07-01,2008-09-30,visible_lobbying,visible_lobbying_filing,1.0000,0.0800,Official LDA API,c276a01d-d285-4f51-8ac6-7577d61c59fc|lda-eng|2,treated_hloga_lda_client,hloga-2007-federal-lobbying-disclosure,filing_count; amount_millions,United States federal,0.8000,reviewed_exact_lda_client_name_source_row,exact-normalized-client-name-match-to-reviewed-canonical-actor,codex-source-audit,2026-07-24,https://lda.gov/filings/public/filing/c276a01d-d285-4f51-8ac6-7577d61c59fc/print/,official LDA API filing row matched by exact normalized client name to the reviewed canonical actor; usable as treated visible-lobbying pre/post source surface only; stable cross-source LDA client-ID promotion and comparison-group design remain unresolved
cand-b905d6833296,American Petroleum Institute,773,https://lda.gov/api/v1/clients/155677/,c276a01d-d285-4f51-8ac6-7577d61c59fc,2008,third_quarter,Q3,https://lda.gov/filings/public/filing/c276a01d-d285-4f51-8ac6-7577d61c59fc/print/,2008-10-16T10:57:43-04:00,AMERICAN PETROLEUM INSTITUTE,OGR,lda-tax,TAX,Taxation/Internal Revenue Code,2008-07-01,2008-09-30,visible_lobbying,visible_lobbying_filing,1.0000,0.0800,Official LDA API,c276a01d-d285-4f51-8ac6-7577d61c59fc|lda-tax|1,treated_hloga_lda_client,hloga-2007-federal-lobbying-disclosure,filing_count; amount_millions,United States federal,0.8000,reviewed_exact_lda_client_name_source_row,exact-normalized-client-name-match-to-reviewed-canonical-actor,codex-source-audit,2026-07-24,https://lda.gov/filings/public/filing/c276a01d-d285-4f51-8ac6-7577d61c59fc/print/,official LDA API filing row matched by exact normalized client name to the reviewed canonical actor; usable as treated visible-lobbying pre/post source surface only; stable cross-source LDA client-ID promotion and comparison-group design remain unresolved
cand-b905d6833296,American Petroleum Institute,12,https://lda.gov/api/v1/clients/103626/,da7ca089-2cd1-45d6-b9cf-b715b5cc6aba,2008,third_quarter,Q3,https://lda.gov/filings/public/filing/da7ca089-2cd1-45d6-b9cf-b715b5cc6aba/print/,2008-10-20T15:37:17-04:00,AMERICAN PETROLEUM INSTITUTE,AMERICAN PETROLEUM INSTITUTE,lda-bud,BUD,Budget/Appropriations,2008-07-01,2008-09-30,visible_lobbying,visible_lobbying_filing,1.0000,1.3000,Official LDA API,da7ca089-2cd1-45d6-b9cf-b715b5cc6aba|lda-bud|6,treated_hloga_lda_client,hloga-2007-federal-lobbying-disclosure,filing_count; amount_millions,United States federal,0.8000,reviewed_exact_lda_client_name_source_row,exact-normalized-client-name-match-to-reviewed-canonical-actor,codex-source-audit,2026-07-24,https://lda.gov/filings/public/filing/da7ca089-2cd1-45d6-b9cf-b715b5cc6aba/print/,official LDA API filing row matched by exact normalized client name to the reviewed canonical actor; usable as treated visible-lobbying pre/post source surface only; stable cross-source LDA client-ID promotion and comparison-group design remain unresolved
cand-b905d6833296,American Petroleum Institute,12,https://lda.gov/api/v1/clients/103626/,da7ca089-2cd1-45d6-b9cf-b715b5cc6aba,2008,third_quarter,Q3,https://lda.gov/filings/public/filing/da7ca089-2cd1-45d6-b9cf-b715b5cc6aba/print/,2008-10-20T15:37:17-04:00,AMERICAN PETROLEUM INSTITUTE,AMERICAN PETROLEUM INSTITUTE,lda-caw,CAW,Clean Air and Water (quality),2008-07-01,2008-09-30,visible_lobbying,visible_lobbying_filing,1.0000,1.3000,Official LDA API,da7ca089-2cd1-45d6-b9cf-b715b5cc6aba|lda-caw|2,treated_hloga_lda_client,hloga-2007-federal-lobbying-disclosure,filing_count; amount_millions,United States federal,0.8000,reviewed_exact_lda_client_name_source_row,exact-normalized-client-name-match-to-reviewed-canonical-actor,codex-source-audit,2026-07-24,https://lda.gov/filings/public/filing/da7ca089-2cd1-45d6-b9cf-b715b5cc6aba/print/,official LDA API filing row matched by exact normalized client name to the reviewed canonical actor; usable as treated visible-lobbying pre/post source surface only; stable cross-source LDA client-ID promotion and comparison-group design remain unresolved
cand-b905d6833296,American Petroleum Institute,12,https://lda.gov/api/v1/clients/103626/,da7ca089-2cd1-45d6-b9cf-b715b5cc6aba,2008,third_quarter,Q3,https://lda.gov/filings/public/filing/da7ca089-2cd1-45d6-b9cf-b715b5cc6aba/print/,2008-10-20T15:37:17-04:00,AMERICAN PETROLEUM INSTITUTE,AMERICAN PETROLEUM INSTITUTE,lda-cdt,CDT,Commodities (big ticket),2008-07-01,2008-09-30,visible_lobbying,visible_lobbying_filing,1.0000,1.3000,Official LDA API,da7ca089-2cd1-45d6-b9cf-b715b5cc6aba|lda-cdt|3,treated_hloga_lda_client,hloga-2007-federal-lobbying-disclosure,filing_count; amount_millions,United States federal,0.8000,reviewed_exact_lda_client_name_source_row,exact-normalized-client-name-match-to-reviewed-canonical-actor,codex-source-audit,2026-07-24,https://lda.gov/filings/public/filing/da7ca089-2cd1-45d6-b9cf-b715b5cc6aba/print/,official LDA API filing row matched by exact normalized client name to the reviewed canonical actor; usable as treated visible-lobbying pre/post source surface only; stable cross-source LDA client-ID promotion and comparison-group design remain unresolved
cand-b905d6833296,American Petroleum Institute,12,https://lda.gov/api/v1/clients/103626/,da7ca089-2cd1-45d6-b9cf-b715b5cc6aba,2008,third_quarter,Q3,https://lda.gov/filings/public/filing/da7ca089-2cd1-45d6-b9cf-b715b5cc6aba/print/,2008-10-20T15:37:17-04:00,AMERICAN PETROLEUM INSTITUTE,AMERICAN PETROLEUM INSTITUTE,lda-eng,ENG,Energy/Nuclear,2008-07-01,2008-09-30,visible_lobbying,visible_lobbying_filing,1.0000,1.3000,Official LDA API,da7ca089-2cd1-45d6-b9cf-b715b5cc6aba|lda-eng|7,treated_hloga_lda_client,hloga-2007-federal-lobbying-disclosure,filing_count; amount_millions,United States federal,0.8000,reviewed_exact_lda_client_name_source_row,exact-normalized-client-name-match-to-reviewed-canonical-actor,codex-source-audit,2026-07-24,https://lda.gov/filings/public/filing/da7ca089-2cd1-45d6-b9cf-b715b5cc6aba/print/,official LDA API filing row matched by exact normalized client name to the reviewed canonical actor; usable as treated visible-lobbying pre/post source surface only; stable cross-source LDA client-ID promotion and comparison-group design remain unresolved
cand-b905d6833296,American Petroleum Institute,12,https://lda.gov/api/v1/clients/103626/,da7ca089-2cd1-45d6-b9cf-b715b5cc6aba,2008,third_quarter,Q3,https://lda.gov/filings/public/filing/da7ca089-2cd1-45d6-b9cf-b715b5cc6aba/print/,2008-10-20T15:37:17-04:00,AMERICAN PETROLEUM INSTITUTE,AMERICAN PETROLEUM INSTITUTE,lda-env,ENV,Environment/Superfund,2008-07-01,2008-09-30,visible_lobbying,visible_lobbying_filing,1.0000,1.3000,Official LDA API,da7ca089-2cd1-45d6-b9cf-b715b5cc6aba|lda-env|1,treated_hloga_lda_client,hloga-2007-federal-lobbying-disclosure,filing_count; amount_millions,United States federal,0.8000,reviewed_exact_lda_client_name_source_row,exact-normalized-client-name-match-to-reviewed-canonical-actor,codex-source-audit,2026-07-24,https://lda.gov/filings/public/filing/da7ca089-2cd1-45d6-b9cf-b715b5cc6aba/print/,official LDA API filing row matched by exact normalized client name to the reviewed canonical actor; usable as treated visible-lobbying pre/post source surface only; stable cross-source LDA client-ID promotion and comparison-group design remain unresolved
cand-b905d6833296,American Petroleum Institute,12,https://lda.gov/api/v1/clients/103626/,da7ca089-2cd1-45d6-b9cf-b715b5cc6aba,2008,third_quarter,Q3,https://lda.gov/filings/public/filing/da7ca089-2cd1-45d6-b9cf-b715b5cc6aba/print/,2008-10-20T15:37:17-04:00,AMERICAN PETROLEUM INSTITUTE,AMERICAN PETROLEUM INSTITUTE,lda-fue,FUE,Fuel/Gas/Oil,2008-07-01,2008-09-30,visible_lobbying,visible_lobbying_filing,1.0000,1.3000,Official LDA API,da7ca089-2cd1-45d6-b9cf-b715b5cc6aba|lda-fue|8,treated_hloga_lda_client,hloga-2007-federal-lobbying-disclosure,filing_count; amount_millions,United States federal,0.8000,reviewed_exact_lda_client_name_source_row,exact-normalized-client-name-match-to-reviewed-canonical-actor,codex-source-audit,2026-07-24,https://lda.gov/filings/public/filing/da7ca089-2cd1-45d6-b9cf-b715b5cc6aba/print/,official LDA API filing row matched by exact normalized client name to the reviewed canonical actor; usable as treated visible-lobbying pre/post source surface only; stable cross-source LDA client-ID promotion and comparison-group design remain unresolved
cand-b905d6833296,American Petroleum Institute,12,https://lda.gov/api/v1/clients/103626/,da7ca089-2cd1-45d6-b9cf-b715b5cc6aba,2008,third_quarter,Q3,https://lda.gov/filings/public/filing/da7ca089-2cd1-45d6-b9cf-b715b5cc6aba/print/,2008-10-20T15:37:17-04:00,AMERICAN PETROLEUM INSTITUTE,AMERICAN PETROLEUM INSTITUTE,lda-hom,HOM,Homeland Security,2008-07-01,2008-09-30,visible_lobbying,visible_lobbying_filing,1.0000,1.3000,Official LDA API,da7ca089-2cd1-45d6-b9cf-b715b5cc6aba|lda-hom|9,treated_hloga_lda_client,hloga-2007-federal-lobbying-disclosure,filing_count; amount_millions,United States federal,0.8000,reviewed_exact_lda_client_name_source_row,exact-normalized-client-name-match-to-reviewed-canonical-actor,codex-source-audit,2026-07-24,https://lda.gov/filings/public/filing/da7ca089-2cd1-45d6-b9cf-b715b5cc6aba/print/,official LDA API filing row matched by exact normalized client name to the reviewed canonical actor; usable as treated visible-lobbying pre/post source surface only; stable cross-source LDA client-ID promotion and comparison-group design remain unresolved
cand-b905d6833296,American Petroleum Institute,12,https://lda.gov/api/v1/clients/103626/,da7ca089-2cd1-45d6-b9cf-b715b5cc6aba,2008,third_quarter,Q3,https://lda.gov/filings/public/filing/da7ca089-2cd1-45d6-b9cf-b715b5cc6aba/print/,2008-10-20T15:37:17-04:00,AMERICAN PETROLEUM INSTITUTE,AMERICAN PETROLEUM INSTITUTE,lda-mar,MAR,Marine/Maritime/Boating/Fisheries,2008-07-01,2008-09-30,visible_lobbying,visible_lobbying_filing,1.0000,1.3000,Official LDA API,da7ca089-2cd1-45d6-b9cf-b715b5cc6aba|lda-mar|5,treated_hloga_lda_client,hloga-2007-federal-lobbying-disclosure,filing_count; amount_millions,United States federal,0.8000,reviewed_exact_lda_client_name_source_row,exact-normalized-client-name-match-to-reviewed-canonical-actor,codex-source-audit,2026-07-24,https://lda.gov/filings/public/filing/da7ca089-2cd1-45d6-b9cf-b715b5cc6aba/print/,official LDA API filing row matched by exact normalized client name to the reviewed canonical actor; usable as treated visible-lobbying pre/post source surface only; stable cross-source LDA client-ID promotion and comparison-group design remain unresolved
cand-b905d6833296,American Petroleum Institute,12,https://lda.gov/api/v1/clients/103626/,da7ca089-2cd1-45d6-b9cf-b715b5cc6aba,2008,third_quarter,Q3,https://lda.gov/filings/public/filing/da7ca089-2cd1-45d6-b9cf-b715b5cc6aba/print/,2008-10-20T15:37:17-04:00,AMERICAN PETROLEUM INSTITUTE,AMERICAN PETROLEUM INSTITUTE,lda-nat,NAT,Natural Resources,2008-07-01,2008-09-30,visible_lobbying,visible_lobbying_filing,1.0000,1.3000,Official LDA API,da7ca089-2cd1-45d6-b9cf-b715b5cc6aba|lda-nat|10,treated_hloga_lda_client,hloga-2007-federal-lobbying-disclosure,filing_count; amount_millions,United States federal,0.8000,reviewed_exact_lda_client_name_source_row,exact-normalized-client-name-match-to-reviewed-canonical-actor,codex-source-audit,2026-07-24,https://lda.gov/filings/public/filing/da7ca089-2cd1-45d6-b9cf-b715b5cc6aba/print/,official LDA API filing row matched by exact normalized client name to the reviewed canonical actor; usable as treated visible-lobbying pre/post source surface only; stable cross-source LDA client-ID promotion and comparison-group design remain unresolved
cand-b905d6833296,American Petroleum Institute,12,https://lda.gov/api/v1/clients/103626/,da7ca089-2cd1-45d6-b9cf-b715b5cc6aba,2008,third_quarter,Q3,https://lda.gov/filings/public/filing/da7ca089-2cd1-45d6-b9cf-b715b5cc6aba/print/,2008-10-20T15:37:17-04:00,AMERICAN PETROLEUM INSTITUTE,AMERICAN PETROLEUM INSTITUTE,lda-tax,TAX,Taxation/Internal Revenue Code,2008-07-01,2008-09-30,visible_lobbying,visible_lobbying_filing,1.0000,1.3000,Official LDA API,da7ca089-2cd1-45d6-b9cf-b715b5cc6aba|lda-tax|4,treated_hloga_lda_client,hloga-2007-federal-lobbying-disclosure,filing_count; amount_millions,United States federal,0.8000,reviewed_exact_lda_client_name_source_row,exact-normalized-client-name-match-to-reviewed-canonical-actor,codex-source-audit,2026-07-24,https://lda.gov/filings/public/filing/da7ca089-2cd1-45d6-b9cf-b715b5cc6aba/print/,official LDA API filing row matched by exact normalized client name to the reviewed canonical actor; usable as treated visible-lobbying pre/post source surface only; stable cross-source LDA client-ID promotion and comparison-group design remain unresolved
cand-b905d6833296,American Petroleum Institute,2195,https://lda.gov/api/v1/clients/114557/,07e4eb5c-0ba2-488e-a0ab-9e3c3d5766a4,2008,fourth_quarter,Q4,https://lda.gov/filings/public/filing/07e4eb5c-0ba2-488e-a0ab-9e3c3d5766a4/print/,2009-01-19T11:34:34-05:00,AMERICAN PETROLEUM INSTITUTE,PRICEWATERHOUSECOOPERS,lda-tax,TAX,Taxation/Internal Revenue Code,2008-10-01,2008-12-31,visible_lobbying,visible_lobbying_filing,1.0000,0.0800,Official LDA API,07e4eb5c-0ba2-488e-a0ab-9e3c3d5766a4|lda-tax|1,treated_hloga_lda_client,hloga-2007-federal-lobbying-disclosure,filing_count; amount_millions,United States federal,0.8000,reviewed_exact_lda_client_name_source_row,exact-normalized-client-name-match-to-reviewed-canonical-actor,codex-source-audit,2026-07-24,https://lda.gov/filings/public/filing/07e4eb5c-0ba2-488e-a0ab-9e3c3d5766a4/print/,official LDA API filing row matched by exact normalized client name to the reviewed canonical actor; usable as treated visible-lobbying pre/post source surface only; stable cross-source LDA client-ID promotion and comparison-group design remain unresolved
cand-b905d6833296,American Petroleum Institute,12,https://lda.gov/api/v1/clients/103626/,0bf39a68-49d3-4e44-ac4c-e894cecf89bb,2008,fourth_quarter,Q4,https://lda.gov/filings/public/filing/0bf39a68-49d3-4e44-ac4c-e894cecf89bb/print/,2009-01-16T13:36:07-05:00,AMERICAN PETROLEUM INSTITUTE,AMERICAN PETROLEUM INSTITUTE,lda-bud,BUD,Budget/Appropriations,2008-10-01,2008-12-31,visible_lobbying,visible_lobbying_filing,1.0000,1.2594,Official LDA API,0bf39a68-49d3-4e44-ac4c-e894cecf89bb|lda-bud|4,treated_hloga_lda_client,hloga-2007-federal-lobbying-disclosure,filing_count; amount_millions,United States federal,0.8000,reviewed_exact_lda_client_name_source_row,exact-normalized-client-name-match-to-reviewed-canonical-actor,codex-source-audit,2026-07-24,https://lda.gov/filings/public/filing/0bf39a68-49d3-4e44-ac4c-e894cecf89bb/print/,official LDA API filing row matched by exact normalized client name to the reviewed canonical actor; usable as treated visible-lobbying pre/post source surface only; stable cross-source LDA client-ID promotion and comparison-group design remain unresolved
cand-b905d6833296,American Petroleum Institute,12,https://lda.gov/api/v1/clients/103626/,0bf39a68-49d3-4e44-ac4c-e894cecf89bb,2008,fourth_quarter,Q4,https://lda.gov/filings/public/filing/0bf39a68-49d3-4e44-ac4c-e894cecf89bb/print/,2009-01-16T13:36:07-05:00,AMERICAN PETROLEUM INSTITUTE,AMERICAN PETROLEUM INSTITUTE,lda-caw,CAW,Clean Air and Water (quality),2008-10-01,2008-12-31,visible_lobbying,visible_lobbying_filing,1.0000,1.2594,Official LDA API,0bf39a68-49d3-4e44-ac4c-e894cecf89bb|lda-caw|9,treated_hloga_lda_client,hloga-2007-federal-lobbying-disclosure,filing_count; amount_millions,United States federal,0.8000,reviewed_exact_lda_client_name_source_row,exact-normalized-client-name-match-to-reviewed-canonical-actor,codex-source-audit,2026-07-24,https://lda.gov/filings/public/filing/0bf39a68-49d3-4e44-ac4c-e894cecf89bb/print/,official LDA API filing row matched by exact normalized client name to the reviewed canonical actor; usable as treated visible-lobbying pre/post source surface only; stable cross-source LDA client-ID promotion and comparison-group design remain unresolved
cand-b905d6833296,American Petroleum Institute,12,https://lda.gov/api/v1/clients/103626/,0bf39a68-49d3-4e44-ac4c-e894cecf89bb,2008,fourth_quarter,Q4,https://lda.gov/filings/public/filing/0bf39a68-49d3-4e44-ac4c-e894cecf89bb/print/,2009-01-16T13:36:07-05:00,AMERICAN PETROLEUM INSTITUTE,AMERICAN PETROLEUM INSTITUTE,lda-eng,ENG,Energy/Nuclear,2008-10-01,2008-12-31,visible_lobbying,visible_lobbying_filing,1.0000,1.2594,Official LDA API,0bf39a68-49d3-4e44-ac4c-e894cecf89bb|lda-eng|5,treated_hloga_lda_client,hloga-2007-federal-lobbying-disclosure,filing_count; amount_millions,United States federal,0.8000,reviewed_exact_lda_client_name_source_row,exact-normalized-client-name-match-to-reviewed-canonical-actor,codex-source-audit,2026-07-24,https://lda.gov/filings/public/filing/0bf39a68-49d3-4e44-ac4c-e894cecf89bb/print/,official LDA API filing row matched by exact normalized client name to the reviewed canonical actor; usable as treated visible-lobbying pre/post source surface only; stable cross-source LDA client-ID promotion and comparison-group design remain unresolved
cand-b905d6833296,American Petroleum Institute,12,https://lda.gov/api/v1/clients/103626/,0bf39a68-49d3-4e44-ac4c-e894cecf89bb,2008,fourth_quarter,Q4,https://lda.gov/filings/public/filing/0bf39a68-49d3-4e44-ac4c-e894cecf89bb/print/,2009-01-16T13:36:07-05:00,AMERICAN PETROLEUM INSTITUTE,AMERICAN PETROLEUM INSTITUTE,lda-fin,FIN,Financial Institutions/Investments/Securities,2008-10-01,2008-12-31,visible_lobbying,visible_lobbying_filing,1.0000,1.2594,Official LDA API,0bf39a68-49d3-4e44-ac4c-e894cecf89bb|lda-fin|1,treated_hloga_lda_client,hloga-2007-federal-lobbying-disclosure,filing_count; amount_millions,United States federal,0.8000,reviewed_exact_lda_client_name_source_row,exact-normalized-client-name-match-to-reviewed-canonical-actor,codex-source-audit,2026-07-24,https://lda.gov/filings/public/filing/0bf39a68-49d3-4e44-ac4c-e894cecf89bb/print/,official LDA API filing row matched by exact normalized client name to the reviewed canonical actor; usable as treated visible-lobbying pre/post source surface only; stable cross-source LDA client-ID promotion and comparison-group design remain unresolved
cand-b905d6833296,American Petroleum Institute,12,https://lda.gov/api/v1/clients/103626/,0bf39a68-49d3-4e44-ac4c-e894cecf89bb,2008,fourth_quarter,Q4,https://lda.gov/filings/public/filing/0bf39a68-49d3-4e44-ac4c-e894cecf89bb/print/,2009-01-16T13:36:07-05:00,AMERICAN PETROLEUM INSTITUTE,AMERICAN PETROLEUM INSTITUTE,lda-fue,FUE,Fuel/Gas/Oil,2008-10-01,2008-12-31,visible_lobbying,visible_lobbying_filing,1.0000,1.2594,Official LDA API,0bf39a68-49d3-4e44-ac4c-e894cecf89bb|lda-fue|7,treated_hloga_lda_client,hloga-2007-federal-lobbying-disclosure,filing_count; amount_millions,United States federal,0.8000,reviewed_exact_lda_client_name_source_row,exact-normalized-client-name-match-to-reviewed-canonical-actor,codex-source-audit,2026-07-24,https://lda.gov/filings/public/filing/0bf39a68-49d3-4e44-ac4c-e894cecf89bb/print/,official LDA API filing row matched by exact normalized client name to the reviewed canonical actor; usable as treated visible-lobbying pre/post source surface only; stable cross-source LDA client-ID promotion and comparison-group design remain unresolved
cand-b905d6833296,American Petroleum Institute,12,https://lda.gov/api/v1/clients/103626/,0bf39a68-49d3-4e44-ac4c-e894cecf89bb,2008,fourth_quarter,Q4,https://lda.gov/filings/public/filing/0bf39a68-49d3-4e44-ac4c-e894cecf89bb/print/,2009-01-16T13:36:07-05:00,AMERICAN PETROLEUM INSTITUTE,AMERICAN PETROLEUM INSTITUTE,lda-hom,HOM,Homeland Security,2008-10-01,2008-12-31,visible_lobbying,visible_lobbying_filing,1.0000,1.2594,Official LDA API,0bf39a68-49d3-4e44-ac4c-e894cecf89bb|lda-hom|8,treated_hloga_lda_client,hloga-2007-federal-lobbying-disclosure,filing_count; amount_millions,United States federal,0.8000,reviewed_exact_lda_client_name_source_row,exact-normalized-client-name-match-to-reviewed-canonical-actor,codex-source-audit,2026-07-24,https://lda.gov/filings/public/filing/0bf39a68-49d3-4e44-ac4c-e894cecf89bb/print/,official LDA API filing row matched by exact normalized client name to the reviewed canonical actor; usable as treated visible-lobbying pre/post source surface only; stable cross-source LDA client-ID promotion and comparison-group design remain unresolved
cand-b905d6833296,American Petroleum Institute,12,https://lda.gov/api/v1/clients/103626/,0bf39a68-49d3-4e44-ac4c-e894cecf89bb,2008,fourth_quarter,Q4,https://lda.gov/filings/public/filing/0bf39a68-49d3-4e44-ac4c-e894cecf89bb/print/,2009-01-16T13:36:07-05:00,AMERICAN PETROLEUM INSTITUTE,AMERICAN PETROLEUM INSTITUTE,lda-lbr,LBR,Labor Issues/Antitrust/Workplace,2008-10-01,2008-12-31,visible_lobbying,visible_lobbying_filing,1.0000,1.2594,Official LDA API,0bf39a68-49d3-4e44-ac4c-e894cecf89bb|lda-lbr|6,treated_hloga_lda_client,hloga-2007-federal-lobbying-disclosure,filing_count; amount_millions,United States federal,0.8000,reviewed_exact_lda_client_name_source_row,exact-normalized-client-name-match-to-reviewed-canonical-actor,codex-source-audit,2026-07-24,https://lda.gov/filings/public/filing/0bf39a68-49d3-4e44-ac4c-e894cecf89bb/print/,official LDA API filing row matched by exact normalized client name to the reviewed canonical actor; usable as treated visible-lobbying pre/post source surface only; stable cross-source LDA client-ID promotion and comparison-group design remain unresolved
cand-b905d6833296,American Petroleum Institute,12,https://lda.gov/api/v1/clients/103626/,0bf39a68-49d3-4e44-ac4c-e894cecf89bb,2008,fourth_quarter,Q4,https://lda.gov/filings/public/filing/0bf39a68-49d3-4e44-ac4c-e894cecf89bb/print/,2009-01-16T13:36:07-05:00,AMERICAN PETROLEUM INSTITUTE,AMERICAN PETROLEUM INSTITUTE,lda-mar,MAR,Marine/Maritime/Boating/Fisheries,2008-10-01,2008-12-31,visible_lobbying,visible_lobbying_filing,1.0000,1.2594,Official LDA API,0bf39a68-49d3-4e44-ac4c-e894cecf89bb|lda-mar|2,treated_hloga_lda_client,hloga-2007-federal-lobbying-disclosure,filing_count; amount_millions,United States federal,0.8000,reviewed_exact_lda_client_name_source_row,exact-normalized-client-name-match-to-reviewed-canonical-actor,codex-source-audit,2026-07-24,https://lda.gov/filings/public/filing/0bf39a68-49d3-4e44-ac4c-e894cecf89bb/print/,official LDA API filing row matched by exact normalized client name to the reviewed canonical actor; usable as treated visible-lobbying pre/post source surface only; stable cross-source LDA client-ID promotion and comparison-group design remain unresolved
cand-b905d6833296,American Petroleum Institute,12,https://lda.gov/api/v1/clients/103626/,0bf39a68-49d3-4e44-ac4c-e894cecf89bb,2008,fourth_quarter,Q4,https://lda.gov/filings/public/filing/0bf39a68-49d3-4e44-ac4c-e894cecf89bb/print/,2009-01-16T13:36:07-05:00,AMERICAN PETROLEUM INSTITUTE,AMERICAN PETROLEUM INSTITUTE,lda-nat,NAT,Natural Resources,2008-10-01,2008-12-31,visible_lobbying,visible_lobbying_filing,1.0000,1.2594,Official LDA API,0bf39a68-49d3-4e44-ac4c-e894cecf89bb|lda-nat|10,treated_hloga_lda_client,hloga-2007-federal-lobbying-disclosure,filing_count; amount_millions,United States federal,0.8000,reviewed_exact_lda_client_name_source_row,exact-normalized-client-name-match-to-reviewed-canonical-actor,codex-source-audit,2026-07-24,https://lda.gov/filings/public/filing/0bf39a68-49d3-4e44-ac4c-e894cecf89bb/print/,official LDA API filing row matched by exact normalized client name to the reviewed canonical actor; usable as treated visible-lobbying pre/post source surface only; stable cross-source LDA client-ID promotion and comparison-group design remain unresolved
cand-b905d6833296,American Petroleum Institute,12,https://lda.gov/api/v1/clients/103626/,0bf39a68-49d3-4e44-ac4c-e894cecf89bb,2008,fourth_quarter,Q4,https://lda.gov/filings/public/filing/0bf39a68-49d3-4e44-ac4c-e894cecf89bb/print/,2009-01-16T13:36:07-05:00,AMERICAN PETROLEUM INSTITUTE,AMERICAN PETROLEUM INSTITUTE,lda-tax,TAX,Taxation/Internal Revenue Code,2008-10-01,2008-12-31,visible_lobbying,visible_lobbying_filing,1.0000,1.2594,Official LDA API,0bf39a68-49d3-4e44-ac4c-e894cecf89bb|lda-tax|3,treated_hloga_lda_client,hloga-2007-federal-lobbying-disclosure,filing_count; amount_millions,United States federal,0.8000,reviewed_exact_lda_client_name_source_row,exact-normalized-client-name-match-to-reviewed-canonical-actor,codex-source-audit,2026-07-24,https://lda.gov/filings/public/filing/0bf39a68-49d3-4e44-ac4c-e894cecf89bb/print/,official LDA API filing row matched by exact normalized client name to the reviewed canonical actor; usable as treated visible-lobbying pre/post source surface only; stable cross-source LDA client-ID promotion and comparison-group design remain unresolved
cand-b905d6833296,American Petroleum Institute,48,https://lda.gov/api/v1/clients/146563/,2f49a245-4e0f-4462-844f-acbd01543437,2008,fourth_quarter,Q4,https://lda.gov/filings/public/filing/2f49a245-4e0f-4462-844f-acbd01543437/print/,2009-01-14T15:14:56-05:00,AMERICAN PETROLEUM INSTITUTE,"TIMMONS AND COMPANY, INC.",lda-caw,CAW,Clean Air and Water (quality),2008-10-01,2008-12-31,visible_lobbying,visible_lobbying_filing,1.0000,0.1300,Official LDA API,2f49a245-4e0f-4462-844f-acbd01543437|lda-caw|4,treated_hloga_lda_client,hloga-2007-federal-lobbying-disclosure,filing_count; amount_millions,United States federal,0.8000,reviewed_exact_lda_client_name_source_row,exact-normalized-client-name-match-to-reviewed-canonical-actor,codex-source-audit,2026-07-24,https://lda.gov/filings/public/filing/2f49a245-4e0f-4462-844f-acbd01543437/print/,official LDA API filing row matched by exact normalized client name to the reviewed canonical actor; usable as treated visible-lobbying pre/post source surface only; stable cross-source LDA client-ID promotion and comparison-group design remain unresolved
cand-b905d6833296,American Petroleum Institute,48,https://lda.gov/api/v1/clients/146563/,2f49a245-4e0f-4462-844f-acbd01543437,2008,fourth_quarter,Q4,https://lda.gov/filings/public/filing/2f49a245-4e0f-4462-844f-acbd01543437/print/,2009-01-14T15:14:56-05:00,AMERICAN PETROLEUM INSTITUTE,"TIMMONS AND COMPANY, INC.",lda-fue,FUE,Fuel/Gas/Oil,2008-10-01,2008-12-31,visible_lobbying,visible_lobbying_filing,1.0000,0.1300,Official LDA API,2f49a245-4e0f-4462-844f-acbd01543437|lda-fue|3,treated_hloga_lda_client,hloga-2007-federal-lobbying-disclosure,filing_count; amount_millions,United States federal,0.8000,reviewed_exact_lda_client_name_source_row,exact-normalized-client-name-match-to-reviewed-canonical-actor,codex-source-audit,2026-07-24,https://lda.gov/filings/public/filing/2f49a245-4e0f-4462-844f-acbd01543437/print/,official LDA API filing row matched by exact normalized client name to the reviewed canonical actor; usable as treated visible-lobbying pre/post source surface only; stable cross-source LDA client-ID promotion and comparison-group design remain unresolved
cand-b905d6833296,American Petroleum Institute,48,https://lda.gov/api/v1/clients/146563/,2f49a245-4e0f-4462-844f-acbd01543437,2008,fourth_quarter,Q4,https://lda.gov/filings/public/filing/2f49a245-4e0f-4462-844f-acbd01543437/print/,2009-01-14T15:14:56-05:00,AMERICAN PETROLEUM INSTITUTE,"TIMMONS AND COMPANY, INC.",lda-lbr,LBR,Labor Issues/Antitrust/Workplace,2008-10-01,2008-12-31,visible_lobbying,visible_lobbying_filing,1.0000,0.1300,Official LDA API,2f49a245-4e0f-4462-844f-acbd01543437|lda-lbr|1,treated_hloga_lda_client,hloga-2007-federal-lobbying-disclosure,filing_count; amount_millions,United States federal,0.8000,reviewed_exact_lda_client_name_source_row,exact-normalized-client-name-match-to-reviewed-canonical-actor,codex-source-audit,2026-07-24,https://lda.gov/filings/public/filing/2f49a245-4e0f-4462-844f-acbd01543437/print/,official LDA API filing row matched by exact normalized client name to the reviewed canonical actor; usable as treated visible-lobbying pre/post source surface only; stable cross-source LDA client-ID promotion and comparison-group design remain unresolved
cand-b905d6833296,American Petroleum Institute,48,https://lda.gov/api/v1/clients/146563/,2f49a245-4e0f-4462-844f-acbd01543437,2008,fourth_quarter,Q4,https://lda.gov/filings/public/filing/2f49a245-4e0f-4462-844f-acbd01543437/print/,2009-01-14T15:14:56-05:00,AMERICAN PETROLEUM INSTITUTE,"TIMMONS AND COMPANY, INC.",lda-tax,TAX,Taxation/Internal Revenue Code,2008-10-01,2008-12-31,visible_lobbying,visible_lobbying_filing,1.0000,0.1300,Official LDA API,2f49a245-4e0f-4462-844f-acbd01543437|lda-tax|2,treated_hloga_lda_client,hloga-2007-federal-lobbying-disclosure,filing_count; amount_millions,United States federal,0.8000,reviewed_exact_lda_client_name_source_row,exact-normalized-client-name-match-to-reviewed-canonical-actor,codex-source-audit,2026-07-24,https://lda.gov/filings/public/filing/2f49a245-4e0f-4462-844f-acbd01543437/print/,official LDA API filing row matched by exact normalized client name to the reviewed canonical actor; usable as treated visible-lobbying pre/post source surface only; stable cross-source LDA client-ID promotion and comparison-group design remain unresolved
cand-b905d6833296,American Petroleum Institute,1558,https://lda.gov/api/v1/clients/127393/,3d08060d-73c1-4794-851d-e0b389b32848,2008,fourth_quarter,Q4Y,https://lda.gov/filings/public/filing/3d08060d-73c1-4794-851d-e0b389b32848/print/,2009-09-30T05:59:43-04:00,AMERICAN PETROLEUM INSTITUTE,"JOHNSTON & ASSOCIATES, LLC",lda-uns,UNS,Unspecified,2008-10-01,2008-12-31,visible_lobbying,visible_lobbying_filing,1.0000,0.0400,Official LDA API,3d08060d-73c1-4794-851d-e0b389b32848|lda-uns|1,treated_hloga_lda_client,hloga-2007-federal-lobbying-disclosure,filing_count; amount_millions,United States federal,0.8000,reviewed_exact_lda_client_name_source_row,exact-normalized-client-name-match-to-reviewed-canonical-actor,codex-source-audit,2026-07-24,https://lda.gov/filings/public/filing/3d08060d-73c1-4794-851d-e0b389b32848/print/,official LDA API filing row matched by exact normalized client name to the reviewed canonical actor; usable as treated visible-lobbying pre/post source surface only; stable cross-source LDA client-ID promotion and comparison-group design remain unresolved
cand-b905d6833296,American Petroleum Institute,1004220,https://lda.gov/api/v1/clients/186250/,447fa04f-533a-40ae-918c-6c9bf30019a7,2008,fourth_quarter,RA,https://lda.gov/filings/public/filing/447fa04f-533a-40ae-918c-6c9bf30019a7/print/,2009-01-15T12:19:14-05:00,AMERICAN PETROLEUM INSTITUTE,CHRISTOPHER HEINZ,lda-eng,ENG,Energy/Nuclear,2008-10-01,2008-12-31,visible_lobbying,visible_lobbying_filing,1.0000,0.0000,Official LDA API,447fa04f-533a-40ae-918c-6c9bf30019a7|lda-eng|2,treated_hloga_lda_client,hloga-2007-federal-lobbying-disclosure,filing_count; amount_millions,United States federal,0.8000,reviewed_exact_lda_client_name_source_row,exact-normalized-client-name-match-to-reviewed-canonical-actor,codex-source-audit,2026-07-24,https://lda.gov/filings/public/filing/447fa04f-533a-40ae-918c-6c9bf30019a7/print/,official LDA API filing row matched by exact normalized client name to the reviewed canonical actor; usable as treated visible-lobbying pre/post source surface only; stable cross-source LDA client-ID promotion and comparison-group design remain unresolved
cand-b905d6833296,American Petroleum Institute,1004220,https://lda.gov/api/v1/clients/186250/,447fa04f-533a-40ae-918c-6c9bf30019a7,2008,fourth_quarter,RA,https://lda.gov/filings/public/filing/447fa04f-533a-40ae-918c-6c9bf30019a7/print/,2009-01-15T12:19:14-05:00,AMERICAN PETROLEUM INSTITUTE,CHRISTOPHER HEINZ,lda-tax,TAX,Taxation/Internal Revenue Code,2008-10-01,2008-12-31,visible_lobbying,visible_lobbying_filing,1.0000,0.0000,Official LDA API,447fa04f-533a-40ae-918c-6c9bf30019a7|lda-tax|1,treated_hloga_lda_client,hloga-2007-federal-lobbying-disclosure,filing_count; amount_millions,United States federal,0.8000,reviewed_exact_lda_client_name_source_row,exact-normalized-client-name-match-to-reviewed-canonical-actor,codex-source-audit,2026-07-24,https://lda.gov/filings/public/filing/447fa04f-533a-40ae-918c-6c9bf30019a7/print/,official LDA API filing row matched by exact normalized client name to the reviewed canonical actor; usable as treated visible-lobbying pre/post source surface only; stable cross-source LDA client-ID promotion and comparison-group design remain unresolved
cand-b905d6833296,American Petroleum Institute,1000495,https://lda.gov/api/v1/clients/173557/,49a429c3-eb34-437f-a938-982a260256ac,2008,fourth_quarter,Q4Y,https://lda.gov/filings/public/filing/49a429c3-eb34-437f-a938-982a260256ac/print/,2009-01-20T19:13:03-05:00,AMERICAN PETROLEUM INSTITUTE,"IMPACT TEXAS COMMUNICATIONS, LLP (D/B/A IMPACT US)",lda-uns,UNS,Unspecified,2008-10-01,2008-12-31,visible_lobbying,visible_lobbying_filing,1.0000,0.0000,Official LDA API,49a429c3-eb34-437f-a938-982a260256ac|lda-uns|1,treated_hloga_lda_client,hloga-2007-federal-lobbying-disclosure,filing_count; amount_millions,United States federal,0.8000,reviewed_exact_lda_client_name_source_row,exact-normalized-client-name-match-to-reviewed-canonical-actor,codex-source-audit,2026-07-24,https://lda.gov/filings/public/filing/49a429c3-eb34-437f-a938-982a260256ac/print/,official LDA API filing row matched by exact normalized client name to the reviewed canonical actor; usable as treated visible-lobbying pre/post source surface only; stable cross-source LDA client-ID promotion and comparison-group design remain unresolved
cand-b905d6833296,American Petroleum Institute,36,https://lda.gov/api/v1/clients/119051/,5bc33cb5-fc89-4ff5-be1e-12443732eb2e,2008,fourth_quarter,Q4Y,https://lda.gov/filings/public/filing/5bc33cb5-fc89-4ff5-be1e-12443732eb2e/print/,2009-01-16T16:29:09-05:00,AMERICAN PETROLEUM INSTITUTE,"EOP GROUP, INC.",lda-uns,UNS,Unspecified,2008-10-01,2008-12-31,visible_lobbying,visible_lobbying_filing,1.0000,0.0000,Official LDA API,5bc33cb5-fc89-4ff5-be1e-12443732eb2e|lda-uns|1,treated_hloga_lda_client,hloga-2007-federal-lobbying-disclosure,filing_count; amount_millions,United States federal,0.8000,reviewed_exact_lda_client_name_source_row,exact-normalized-client-name-match-to-reviewed-canonical-actor,codex-source-audit,2026-07-24,https://lda.gov/filings/public/filing/5bc33cb5-fc89-4ff5-be1e-12443732eb2e/print/,official LDA API filing row matched by exact normalized client name to the reviewed canonical actor; usable as treated visible-lobbying pre/post source surface only; stable cross-source LDA client-ID promotion and comparison-group design remain unresolved
cand-b905d6833296,American Petroleum Institute,238,https://lda.gov/api/v1/clients/146647/,7a0e1c05-8eb0-4392-9df2-f9ef1170e958,2008,fourth_quarter,Q4,https://lda.gov/filings/public/filing/7a0e1c05-8eb0-4392-9df2-f9ef1170e958/print/,2009-01-18T15:27:10-05:00,AMERICAN PETROLEUM INSTITUTE,MICHAEL L. TINER,lda-caw,CAW,Clean Air and Water (quality),2008-10-01,2008-12-31,visible_lobbying,visible_lobbying_filing,1.0000,0.0200,Official LDA API,7a0e1c05-8eb0-4392-9df2-f9ef1170e958|lda-caw|1,treated_hloga_lda_client,hloga-2007-federal-lobbying-disclosure,filing_count; amount_millions,United States federal,0.8000,reviewed_exact_lda_client_name_source_row,exact-normalized-client-name-match-to-reviewed-canonical-actor,codex-source-audit,2026-07-24,https://lda.gov/filings/public/filing/7a0e1c05-8eb0-4392-9df2-f9ef1170e958/print/,official LDA API filing row matched by exact normalized client name to the reviewed canonical actor; usable as treated visible-lobbying pre/post source surface only; stable cross-source LDA client-ID promotion and comparison-group design remain unresolved
cand-b905d6833296,American Petroleum Institute,1005193,https://lda.gov/api/v1/clients/175532/,82e91673-94bd-407a-b25c-7eec2f1c4373,2008,fourth_quarter,Q4,https://lda.gov/filings/public/filing/82e91673-94bd-407a-b25c-7eec2f1c4373/print/,2009-01-14T15:17:02-05:00,AMERICAN PETROLEUM INSTITUTE,"MEHLMAN CONSULTING, INC.",lda-fue,FUE,Fuel/Gas/Oil,2008-10-01,2008-12-31,visible_lobbying,visible_lobbying_filing,1.0000,0.0600,Official LDA API,82e91673-94bd-407a-b25c-7eec2f1c4373|lda-fue|1,treated_hloga_lda_client,hloga-2007-federal-lobbying-disclosure,filing_count; amount_millions,United States federal,0.8000,reviewed_exact_lda_client_name_source_row,exact-normalized-client-name-match-to-reviewed-canonical-actor,codex-source-audit,2026-07-24,https://lda.gov/filings/public/filing/82e91673-94bd-407a-b25c-7eec2f1c4373/print/,official LDA API filing row matched by exact normalized client name to the reviewed canonical actor; usable as treated visible-lobbying pre/post source surface only; stable cross-source LDA client-ID promotion and comparison-group design remain unresolved
cand-b905d6833296,American Petroleum Institute,1005193,https://lda.gov/api/v1/clients/175532/,82e91673-94bd-407a-b25c-7eec2f1c4373,2008,fourth_quarter,Q4,https://lda.gov/filings/public/filing/82e91673-94bd-407a-b25c-7eec2f1c4373/print/,2009-01-14T15:17:02-05:00,AMERICAN PETROLEUM INSTITUTE,"MEHLMAN CONSULTING, INC.",lda-tax,TAX,Taxation/Internal Revenue Code,2008-10-01,2008-12-31,visible_lobbying,visible_lobbying_filing,1.0000,0.0600,Official LDA API,82e91673-94bd-407a-b25c-7eec2f1c4373|lda-tax|2,treated_hloga_lda_client,hloga-2007-federal-lobbying-disclosure,filing_count; amount_millions,United States federal,0.8000,reviewed_exact_lda_client_name_source_row,exact-normalized-client-name-match-to-reviewed-canonical-actor,codex-source-audit,2026-07-24,https://lda.gov/filings/public/filing/82e91673-94bd-407a-b25c-7eec2f1c4373/print/,official LDA API filing row matched by exact normalized client name to the reviewed canonical actor; usable as treated visible-lobbying pre/post source surface only; stable cross-source LDA client-ID promotion and comparison-group design remain unresolved
cand-b905d6833296,American Petroleum Institute,1004220,https://lda.gov/api/v1/clients/186250/,983cea32-a55c-4d70-8928-1d996f102f1f,2008,fourth_quarter,RR,https://lda.gov/filings/public/filing/983cea32-a55c-4d70-8928-1d996f102f1f/print/,2009-01-07T11:46:14-05:00,AMERICAN PETROLEUM INSTITUTE,CHRISTOPHER HEINZ,lda-eng,ENG,Energy/Nuclear,2008-10-01,2008-12-31,visible_lobbying,visible_lobbying_filing,1.0000,0.0000,Official LDA API,983cea32-a55c-4d70-8928-1d996f102f1f|lda-eng|2,treated_hloga_lda_client,hloga-2007-federal-lobbying-disclosure,filing_count; amount_millions,United States federal,0.8000,reviewed_exact_lda_client_name_source_row,exact-normalized-client-name-match-to-reviewed-canonical-actor,codex-source-audit,2026-07-24,https://lda.gov/filings/public/filing/983cea32-a55c-4d70-8928-1d996f102f1f/print/,official LDA API filing row matched by exact normalized client name to the reviewed canonical actor; usable as treated visible-lobbying pre/post source surface only; stable cross-source LDA client-ID promotion and comparison-group design remain unresolved
cand-b905d6833296,American Petroleum Institute,1004220,https://lda.gov/api/v1/clients/186250/,983cea32-a55c-4d70-8928-1d996f102f1f,2008,fourth_quarter,RR,https://lda.gov/filings/public/filing/983cea32-a55c-4d70-8928-1d996f102f1f/print/,2009-01-07T11:46:14-05:00,AMERICAN PETROLEUM INSTITUTE,CHRISTOPHER HEINZ,lda-tax,TAX,Taxation/Internal Revenue Code,2008-10-01,2008-12-31,visible_lobbying,visible_lobbying_filing,1.0000,0.0000,Official LDA API,983cea32-a55c-4d70-8928-1d996f102f1f|lda-tax|1,treated_hloga_lda_client,hloga-2007-federal-lobbying-disclosure,filing_count; amount_millions,United States federal,0.8000,reviewed_exact_lda_client_name_source_row,exact-normalized-client-name-match-to-reviewed-canonical-actor,codex-source-audit,2026-07-24,https://lda.gov/filings/public/filing/983cea32-a55c-4d70-8928-1d996f102f1f/print/,official LDA API filing row matched by exact normalized client name to the reviewed canonical actor; usable as treated visible-lobbying pre/post source surface only; stable cross-source LDA client-ID promotion and comparison-group design remain unresolved
cand-b905d6833296,American Petroleum Institute,773,https://lda.gov/api/v1/clients/155677/,b7f83fc3-190b-45ac-b198-498980b9090f,2008,fourth_quarter,Q4,https://lda.gov/filings/public/filing/b7f83fc3-190b-45ac-b198-498980b9090f/print/,2009-01-15T12:35:32-05:00,AMERICAN PETROLEUM INSTITUTE,OGR,lda-eng,ENG,Energy/Nuclear,2008-10-01,2008-12-31,visible_lobbying,visible_lobbying_filing,1.0000,0.0800,Official LDA API,b7f83fc3-190b-45ac-b198-498980b9090f|lda-eng|2,treated_hloga_lda_client,hloga-2007-federal-lobbying-disclosure,filing_count; amount_millions,United States federal,0.8000,reviewed_exact_lda_client_name_source_row,exact-normalized-client-name-match-to-reviewed-canonical-actor,codex-source-audit,2026-07-24,https://lda.gov/filings/public/filing/b7f83fc3-190b-45ac-b198-498980b9090f/print/,official LDA API filing row matched by exact normalized client name to the reviewed canonical actor; usable as treated visible-lobbying pre/post source surface only; stable cross-source LDA client-ID promotion and comparison-group design remain unresolved
cand-b905d6833296,American Petroleum Institute,773,https://lda.gov/api/v1/clients/155677/,b7f83fc3-190b-45ac-b198-498980b9090f,2008,fourth_quarter,Q4,https://lda.gov/filings/public/filing/b7f83fc3-190b-45ac-b198-498980b9090f/print/,2009-01-15T12:35:32-05:00,AMERICAN PETROLEUM INSTITUTE,OGR,lda-tax,TAX,Taxation/Internal Revenue Code,2008-10-01,2008-12-31,visible_lobbying,visible_lobbying_filing,1.0000,0.0800,Official LDA API,b7f83fc3-190b-45ac-b198-498980b9090f|lda-tax|1,treated_hloga_lda_client,hloga-2007-federal-lobbying-disclosure,filing_count; amount_millions,United States federal,0.8000,reviewed_exact_lda_client_name_source_row,exact-normalized-client-name-match-to-reviewed-canonical-actor,codex-source-audit,2026-07-24,https://lda.gov/filings/public/filing/b7f83fc3-190b-45ac-b198-498980b9090f/print/,official LDA API filing row matched by exact normalized client name to the reviewed canonical actor; usable as treated visible-lobbying pre/post source surface only; stable cross-source LDA client-ID promotion and comparison-group design remain unresolved
cand-b905d6833296,American Petroleum Institute,1004220,https://lda.gov/api/v1/clients/186250/,d49b47ea-d3d5-43ac-8e90-a78b65ff3a8a,2008,fourth_quarter,Q4Y,https://lda.gov/filings/public/filing/d49b47ea-d3d5-43ac-8e90-a78b65ff3a8a/print/,2009-01-21T16:25:02-05:00,AMERICAN PETROLEUM INSTITUTE,CHRISTOPHER HEINZ,lda-uns,UNS,Unspecified,2008-10-01,2008-12-31,visible_lobbying,visible_lobbying_filing,1.0000,0.0000,Official LDA API,d49b47ea-d3d5-43ac-8e90-a78b65ff3a8a|lda-uns|1,treated_hloga_lda_client,hloga-2007-federal-lobbying-disclosure,filing_count; amount_millions,United States federal,0.8000,reviewed_exact_lda_client_name_source_row,exact-normalized-client-name-match-to-reviewed-canonical-actor,codex-source-audit,2026-07-24,https://lda.gov/filings/public/filing/d49b47ea-d3d5-43ac-8e90-a78b65ff3a8a/print/,official LDA API filing row matched by exact normalized client name to the reviewed canonical actor; usable as treated visible-lobbying pre/post source surface only; stable cross-source LDA client-ID promotion and comparison-group design remain unresolved
cand-b905d6833296,American Petroleum Institute,1001208,https://lda.gov/api/v1/clients/135641/,e950bee5-b9fd-40f4-859c-4eb824ffaaee,2008,fourth_quarter,Q4,https://lda.gov/filings/public/filing/e950bee5-b9fd-40f4-859c-4eb824ffaaee/print/,2009-01-21T17:33:57-05:00,AMERICAN PETROLEUM INSTITUTE,"OLSSON, FRANK, WEEDA, TERMAN & MATZ, PC",lda-eng,ENG,Energy/Nuclear,2008-10-01,2008-12-31,visible_lobbying,visible_lobbying_filing,1.0000,0.0100,Official LDA API,e950bee5-b9fd-40f4-859c-4eb824ffaaee|lda-eng|1,treated_hloga_lda_client,hloga-2007-federal-lobbying-disclosure,filing_count; amount_millions,United States federal,0.8000,reviewed_exact_lda_client_name_source_row,exact-normalized-client-name-match-to-reviewed-canonical-actor,codex-source-audit,2026-07-24,https://lda.gov/filings/public/filing/e950bee5-b9fd-40f4-859c-4eb824ffaaee/print/,official LDA API filing row matched by exact normalized client name to the reviewed canonical actor; usable as treated visible-lobbying pre/post source surface only; stable cross-source LDA client-ID promotion and comparison-group design remain unresolved
cand-c1ad13278d87,AMERICAN ASSOCIATION OF CROP INSURERS,12,https://lda.gov/api/v1/clients/132423/,0c314451-a4a0-416d-9bd0-f8c3c106e51e,2007,mid_year,MM,https://lda.gov/filings/public/filing/0c314451-a4a0-416d-9bd0-f8c3c106e51e/print/,2007-08-22T00:00:00-04:00,AMERICAN ASSOCIATION OF CROP INSURERS,WATKINSON MILLER PLLC,lda-agr,AGR,Agriculture,2007-01-01,2007-06-30,visible_lobbying,visible_lobbying_filing,1.0000,0.0600,Official LDA API,0c314451-a4a0-416d-9bd0-f8c3c106e51e|lda-agr|1,treated_hloga_lda_client,hloga-2007-federal-lobbying-disclosure,filing_count; amount_millions,United States federal,0.8000,reviewed_exact_lda_client_name_source_row,exact-normalized-client-name-match-to-reviewed-canonical-actor,codex-source-audit,2026-07-24,https://lda.gov/filings/public/filing/0c314451-a4a0-416d-9bd0-f8c3c106e51e/print/,official LDA API filing row matched by exact normalized client name to the reviewed canonical actor; usable as treated visible-lobbying pre/post source surface only; stable cross-source LDA client-ID promotion and comparison-group design remain unresolved
cand-c1ad13278d87,AMERICAN ASSOCIATION OF CROP INSURERS,12,https://lda.gov/api/v1/clients/132423/,0c314451-a4a0-416d-9bd0-f8c3c106e51e,2007,mid_year,MM,https://lda.gov/filings/public/filing/0c314451-a4a0-416d-9bd0-f8c3c106e51e/print/,2007-08-22T00:00:00-04:00,AMERICAN ASSOCIATION OF CROP INSURERS,WATKINSON MILLER PLLC,lda-bud,BUD,Budget/Appropriations,2007-01-01,2007-06-30,visible_lobbying,visible_lobbying_filing,1.0000,0.0600,Official LDA API,0c314451-a4a0-416d-9bd0-f8c3c106e51e|lda-bud|2,treated_hloga_lda_client,hloga-2007-federal-lobbying-disclosure,filing_count; amount_millions,United States federal,0.8000,reviewed_exact_lda_client_name_source_row,exact-normalized-client-name-match-to-reviewed-canonical-actor,codex-source-audit,2026-07-24,https://lda.gov/filings/public/filing/0c314451-a4a0-416d-9bd0-f8c3c106e51e/print/,official LDA API filing row matched by exact normalized client name to the reviewed canonical actor; usable as treated visible-lobbying pre/post source surface only; stable cross-source LDA client-ID promotion and comparison-group design remain unresolved
cand-c1ad13278d87,AMERICAN ASSOCIATION OF CROP INSURERS,12,https://lda.gov/api/v1/clients/132423/,0c314451-a4a0-416d-9bd0-f8c3c106e51e,2007,mid_year,MM,https://lda.gov/filings/public/filing/0c314451-a4a0-416d-9bd0-f8c3c106e51e/print/,2007-08-22T00:00:00-04:00,AMERICAN ASSOCIATION OF CROP INSURERS,WATKINSON MILLER PLLC,lda-ins,INS,Insurance,2007-01-01,2007-06-30,visible_lobbying,visible_lobbying_filing,1.0000,0.0600,Official LDA API,0c314451-a4a0-416d-9bd0-f8c3c106e51e|lda-ins|3,treated_hloga_lda_client,hloga-2007-federal-lobbying-disclosure,filing_count; amount_millions,United States federal,0.8000,reviewed_exact_lda_client_name_source_row,exact-normalized-client-name-match-to-reviewed-canonical-actor,codex-source-audit,2026-07-24,https://lda.gov/filings/public/filing/0c314451-a4a0-416d-9bd0-f8c3c106e51e/print/,official LDA API filing row matched by exact normalized client name to the reviewed canonical actor; usable as treated visible-lobbying pre/post source surface only; stable cross-source LDA client-ID promotion and comparison-group design remain unresolved
cand-c1ad13278d87,AMERICAN ASSOCIATION OF CROP INSURERS,12,https://lda.gov/api/v1/clients/132423/,25914d56-42da-437c-90f9-d059cbdc745c,2007,mid_year,MM,https://lda.gov/filings/public/filing/25914d56-42da-437c-90f9-d059cbdc745c/print/,2007-08-13T14:57:28-04:00,AMERICAN ASSOCIATION OF CROP INSURERS,WATKINSON MILLER PLLC,lda-agr,AGR,Agriculture,2007-01-01,2007-06-30,visible_lobbying,visible_lobbying_filing,1.0000,0.0600,Official LDA API,25914d56-42da-437c-90f9-d059cbdc745c|lda-agr|1,treated_hloga_lda_client,hloga-2007-federal-lobbying-disclosure,filing_count; amount_millions,United States federal,0.8000,reviewed_exact_lda_client_name_source_row,exact-normalized-client-name-match-to-reviewed-canonical-actor,codex-source-audit,2026-07-24,https://lda.gov/filings/public/filing/25914d56-42da-437c-90f9-d059cbdc745c/print/,official LDA API filing row matched by exact normalized client name to the reviewed canonical actor; usable as treated visible-lobbying pre/post source surface only; stable cross-source LDA client-ID promotion and comparison-group design remain unresolved
cand-c1ad13278d87,AMERICAN ASSOCIATION OF CROP INSURERS,12,https://lda.gov/api/v1/clients/132423/,25914d56-42da-437c-90f9-d059cbdc745c,2007,mid_year,MM,https://lda.gov/filings/public/filing/25914d56-42da-437c-90f9-d059cbdc745c/print/,2007-08-13T14:57:28-04:00,AMERICAN ASSOCIATION OF CROP INSURERS,WATKINSON MILLER PLLC,lda-bud,BUD,Budget/Appropriations,2007-01-01,2007-06-30,visible_lobbying,visible_lobbying_filing,1.0000,0.0600,Official LDA API,25914d56-42da-437c-90f9-d059cbdc745c|lda-bud|2,treated_hloga_lda_client,hloga-2007-federal-lobbying-disclosure,filing_count; amount_millions,United States federal,0.8000,reviewed_exact_lda_client_name_source_row,exact-normalized-client-name-match-to-reviewed-canonical-actor,codex-source-audit,2026-07-24,https://lda.gov/filings/public/filing/25914d56-42da-437c-90f9-d059cbdc745c/print/,official LDA API filing row matched by exact normalized client name to the reviewed canonical actor; usable as treated visible-lobbying pre/post source surface only; stable cross-source LDA client-ID promotion and comparison-group design remain unresolved
cand-c1ad13278d87,AMERICAN ASSOCIATION OF CROP INSURERS,12,https://lda.gov/api/v1/clients/132423/,25914d56-42da-437c-90f9-d059cbdc745c,2007,mid_year,MM,https://lda.gov/filings/public/filing/25914d56-42da-437c-90f9-d059cbdc745c/print/,2007-08-13T14:57:28-04:00,AMERICAN ASSOCIATION OF CROP INSURERS,WATKINSON MILLER PLLC,lda-ins,INS,Insurance,2007-01-01,2007-06-30,visible_lobbying,visible_lobbying_filing,1.0000,0.0600,Official LDA API,25914d56-42da-437c-90f9-d059cbdc745c|lda-ins|3,treated_hloga_lda_client,hloga-2007-federal-lobbying-disclosure,filing_count; amount_millions,United States federal,0.8000,reviewed_exact_lda_client_name_source_row,exact-normalized-client-name-match-to-reviewed-canonical-actor,codex-source-audit,2026-07-24,https://lda.gov/filings/public/filing/25914d56-42da-437c-90f9-d059cbdc745c/print/,official LDA API filing row matched by exact normalized client name to the reviewed canonical actor; usable as treated visible-lobbying pre/post source surface only; stable cross-source LDA client-ID promotion and comparison-group design remain unresolved
cand-c1ad13278d87,AMERICAN ASSOCIATION OF CROP INSURERS,191,https://lda.gov/api/v1/clients/118883/,308ae7b9-0e0d-40cc-ac20-ba9e199af2a4,2007,mid_year,MM,https://lda.gov/filings/public/filing/308ae7b9-0e0d-40cc-ac20-ba9e199af2a4/print/,2007-08-14T14:32:11-04:00,AMERICAN ASSOCIATION OF CROP INSURERS,THE MACON EDWARDS COMPANY,lda-agr,AGR,Agriculture,2007-01-01,2007-06-30,visible_lobbying,visible_lobbying_filing,1.0000,0.0000,Official LDA API,308ae7b9-0e0d-40cc-ac20-ba9e199af2a4|lda-agr|1,treated_hloga_lda_client,hloga-2007-federal-lobbying-disclosure,filing_count; amount_millions,United States federal,0.8000,reviewed_exact_lda_client_name_source_row,exact-normalized-client-name-match-to-reviewed-canonical-actor,codex-source-audit,2026-07-24,https://lda.gov/filings/public/filing/308ae7b9-0e0d-40cc-ac20-ba9e199af2a4/print/,official LDA API filing row matched by exact normalized client name to the reviewed canonical actor; usable as treated visible-lobbying pre/post source surface only; stable cross-source LDA client-ID promotion and comparison-group design remain unresolved
cand-c1ad13278d87,AMERICAN ASSOCIATION OF CROP INSURERS,191,https://lda.gov/api/v1/clients/118883/,400576ae-ca24-4d70-ab13-95a9d9d2feff,2007,year_end,YY,https://lda.gov/filings/public/filing/400576ae-ca24-4d70-ab13-95a9d9d2feff/print/,2009-04-17T00:00:00-04:00,AMERICAN ASSOCIATION OF CROP INSURERS,THE MACON EDWARDS COMPANY,lda-agr,AGR,Agriculture,2007-07-01,2007-12-31,visible_lobbying,visible_lobbying_filing,1.0000,0.0000,Official LDA API,400576ae-ca24-4d70-ab13-95a9d9d2feff|lda-agr|1,treated_hloga_lda_client,hloga-2007-federal-lobbying-disclosure,filing_count; amount_millions,United States federal,0.8000,reviewed_exact_lda_client_name_source_row,exact-normalized-client-name-match-to-reviewed-canonical-actor,codex-source-audit,2026-07-24,https://lda.gov/filings/public/filing/400576ae-ca24-4d70-ab13-95a9d9d2feff/print/,official LDA API filing row matched by exact normalized client name to the reviewed canonical actor; usable as treated visible-lobbying pre/post source surface only; stable cross-source LDA client-ID promotion and comparison-group design remain unresolved
cand-c1ad13278d87,AMERICAN ASSOCIATION OF CROP INSURERS,191,https://lda.gov/api/v1/clients/118883/,827df6ca-4fc7-48cb-a8d5-b79d1b9e204d,2007,year_end,YY,https://lda.gov/filings/public/filing/827df6ca-4fc7-48cb-a8d5-b79d1b9e204d/print/,2009-02-17T10:29:40-05:00,AMERICAN ASSOCIATION OF CROP INSURERS,THE MACON EDWARDS COMPANY,lda-agr,AGR,Agriculture,2007-07-01,2007-12-31,visible_lobbying,visible_lobbying_filing,1.0000,0.0000,Official LDA API,827df6ca-4fc7-48cb-a8d5-b79d1b9e204d|lda-agr|1,treated_hloga_lda_client,hloga-2007-federal-lobbying-disclosure,filing_count; amount_millions,United States federal,0.8000,reviewed_exact_lda_client_name_source_row,exact-normalized-client-name-match-to-reviewed-canonical-actor,codex-source-audit,2026-07-24,https://lda.gov/filings/public/filing/827df6ca-4fc7-48cb-a8d5-b79d1b9e204d/print/,official LDA API filing row matched by exact normalized client name to the reviewed canonical actor; usable as treated visible-lobbying pre/post source surface only; stable cross-source LDA client-ID promotion and comparison-group design remain unresolved
cand-c1ad13278d87,AMERICAN ASSOCIATION OF CROP INSURERS,12,https://lda.gov/api/v1/clients/132423/,8b5f2327-1630-481a-aff1-643730a312f1,2007,year_end,YY,https://lda.gov/filings/public/filing/8b5f2327-1630-481a-aff1-643730a312f1/print/,2008-02-14T17:46:58.600000-05:00,AMERICAN ASSOCIATION OF CROP INSURERS,WATKINSON MILLER PLLC,lda-agr,AGR,Agriculture,2007-07-01,2007-12-31,visible_lobbying,visible_lobbying_filing,1.0000,0.1400,Official LDA API,8b5f2327-1630-481a-aff1-643730a312f1|lda-agr|1,treated_hloga_lda_client,hloga-2007-federal-lobbying-disclosure,filing_count; amount_millions,United States federal,0.8000,reviewed_exact_lda_client_name_source_row,exact-normalized-client-name-match-to-reviewed-canonical-actor,codex-source-audit,2026-07-24,https://lda.gov/filings/public/filing/8b5f2327-1630-481a-aff1-643730a312f1/print/,official LDA API filing row matched by exact normalized client name to the reviewed canonical actor; usable as treated visible-lobbying pre/post source surface only; stable cross-source LDA client-ID promotion and comparison-group design remain unresolved
cand-c1ad13278d87,AMERICAN ASSOCIATION OF CROP INSURERS,12,https://lda.gov/api/v1/clients/132423/,8b5f2327-1630-481a-aff1-643730a312f1,2007,year_end,YY,https://lda.gov/filings/public/filing/8b5f2327-1630-481a-aff1-643730a312f1/print/,2008-02-14T17:46:58.600000-05:00,AMERICAN ASSOCIATION OF CROP INSURERS,WATKINSON MILLER PLLC,lda-bud,BUD,Budget/Appropriations,2007-07-01,2007-12-31,visible_lobbying,visible_lobbying_filing,1.0000,0.1400,Official LDA API,8b5f2327-1630-481a-aff1-643730a312f1|lda-bud|3,treated_hloga_lda_client,hloga-2007-federal-lobbying-disclosure,filing_count; amount_millions,United States federal,0.8000,reviewed_exact_lda_client_name_source_row,exact-normalized-client-name-match-to-reviewed-canonical-actor,codex-source-audit,2026-07-24,https://lda.gov/filings/public/filing/8b5f2327-1630-481a-aff1-643730a312f1/print/,official LDA API filing row matched by exact normalized client name to the reviewed canonical actor; usable as treated visible-lobbying pre/post source surface only; stable cross-source LDA client-ID promotion and comparison-group design remain unresolved
cand-c1ad13278d87,AMERICAN ASSOCIATION OF CROP INSURERS,12,https://lda.gov/api/v1/clients/132423/,8b5f2327-1630-481a-aff1-643730a312f1,2007,year_end,YY,https://lda.gov/filings/public/filing/8b5f2327-1630-481a-aff1-643730a312f1/print/,2008-02-14T17:46:58.600000-05:00,AMERICAN ASSOCIATION OF CROP INSURERS,WATKINSON MILLER PLLC,lda-ins,INS,Insurance,2007-07-01,2007-12-31,visible_lobbying,visible_lobbying_filing,1.0000,0.1400,Official LDA API,8b5f2327-1630-481a-aff1-643730a312f1|lda-ins|2,treated_hloga_lda_client,hloga-2007-federal-lobbying-disclosure,filing_count; amount_millions,United States federal,0.8000,reviewed_exact_lda_client_name_source_row,exact-normalized-client-name-match-to-reviewed-canonical-actor,codex-source-audit,2026-07-24,https://lda.gov/filings/public/filing/8b5f2327-1630-481a-aff1-643730a312f1/print/,official LDA API filing row matched by exact normalized client name to the reviewed canonical actor; usable as treated visible-lobbying pre/post source surface only; stable cross-source LDA client-ID promotion and comparison-group design remain unresolved
cand-c1ad13278d87,AMERICAN ASSOCIATION OF CROP INSURERS,191,https://lda.gov/api/v1/clients/118883/,46be5a7a-697a-40f4-935b-524098200193,2008,first_quarter,Q1,https://lda.gov/filings/public/filing/46be5a7a-697a-40f4-935b-524098200193/print/,2008-05-07T12:50:16-04:00,AMERICAN ASSOCIATION OF CROP INSURERS,THE MACON EDWARDS COMPANY,lda-agr,AGR,Agriculture,2008-01-01,2008-03-31,visible_lobbying,visible_lobbying_filing,1.0000,0.0100,Official LDA API,46be5a7a-697a-40f4-935b-524098200193|lda-agr|1,treated_hloga_lda_client,hloga-2007-federal-lobbying-disclosure,filing_count; amount_millions,United States federal,0.8000,reviewed_exact_lda_client_name_source_row,exact-normalized-client-name-match-to-reviewed-canonical-actor,codex-source-audit,2026-07-24,https://lda.gov/filings/public/filing/46be5a7a-697a-40f4-935b-524098200193/print/,official LDA API filing row matched by exact normalized client name to the reviewed canonical actor; usable as treated visible-lobbying pre/post source surface only; stable cross-source LDA client-ID promotion and comparison-group design remain unresolved
cand-c1ad13278d87,AMERICAN ASSOCIATION OF CROP INSURERS,12,https://lda.gov/api/v1/clients/132423/,f28fa64a-c111-41b7-bd35-2079efc11dde,2008,first_quarter,Q1,https://lda.gov/filings/public/filing/f28fa64a-c111-41b7-bd35-2079efc11dde/print/,2008-04-21T15:26:03-04:00,AMERICAN ASSOCIATION OF CROP INSURERS,WATKINSON MILLER PLLC,lda-agr,AGR,Agriculture,2008-01-01,2008-03-31,visible_lobbying,visible_lobbying_filing,1.0000,0.0600,Official LDA API,f28fa64a-c111-41b7-bd35-2079efc11dde|lda-agr|1,treated_hloga_lda_client,hloga-2007-federal-lobbying-disclosure,filing_count; amount_millions,United States federal,0.8000,reviewed_exact_lda_client_name_source_row,exact-normalized-client-name-match-to-reviewed-canonical-actor,codex-source-audit,2026-07-24,https://lda.gov/filings/public/filing/f28fa64a-c111-41b7-bd35-2079efc11dde/print/,official LDA API filing row matched by exact normalized client name to the reviewed canonical actor; usable as treated visible-lobbying pre/post source surface only; stable cross-source LDA client-ID promotion and comparison-group design remain unresolved
cand-c1ad13278d87,AMERICAN ASSOCIATION OF CROP INSURERS,12,https://lda.gov/api/v1/clients/132423/,f28fa64a-c111-41b7-bd35-2079efc11dde,2008,first_quarter,Q1,https://lda.gov/filings/public/filing/f28fa64a-c111-41b7-bd35-2079efc11dde/print/,2008-04-21T15:26:03-04:00,AMERICAN ASSOCIATION OF CROP INSURERS,WATKINSON MILLER PLLC,lda-bud,BUD,Budget/Appropriations,2008-01-01,2008-03-31,visible_lobbying,visible_lobbying_filing,1.0000,0.0600,Official LDA API,f28fa64a-c111-41b7-bd35-2079efc11dde|lda-bud|2,treated_hloga_lda_client,hloga-2007-federal-lobbying-disclosure,filing_count; amount_millions,United States federal,0.8000,reviewed_exact_lda_client_name_source_row,exact-normalized-client-name-match-to-reviewed-canonical-actor,codex-source-audit,2026-07-24,https://lda.gov/filings/public/filing/f28fa64a-c111-41b7-bd35-2079efc11dde/print/,official LDA API filing row matched by exact normalized client name to the reviewed canonical actor; usable as treated visible-lobbying pre/post source surface only; stable cross-source LDA client-ID promotion and comparison-group design remain unresolved
cand-c1ad13278d87,AMERICAN ASSOCIATION OF CROP INSURERS,12,https://lda.gov/api/v1/clients/132423/,f28fa64a-c111-41b7-bd35-2079efc11dde,2008,first_quarter,Q1,https://lda.gov/filings/public/filing/f28fa64a-c111-41b7-bd35-2079efc11dde/print/,2008-04-21T15:26:03-04:00,AMERICAN ASSOCIATION OF CROP INSURERS,WATKINSON MILLER PLLC,lda-ins,INS,Insurance,2008-01-01,2008-03-31,visible_lobbying,visible_lobbying_filing,1.0000,0.0600,Official LDA API,f28fa64a-c111-41b7-bd35-2079efc11dde|lda-ins|3,treated_hloga_lda_client,hloga-2007-federal-lobbying-disclosure,filing_count; amount_millions,United States federal,0.8000,reviewed_exact_lda_client_name_source_row,exact-normalized-client-name-match-to-reviewed-canonical-actor,codex-source-audit,2026-07-24,https://lda.gov/filings/public/filing/f28fa64a-c111-41b7-bd35-2079efc11dde/print/,official LDA API filing row matched by exact normalized client name to the reviewed canonical actor; usable as treated visible-lobbying pre/post source surface only; stable cross-source LDA client-ID promotion and comparison-group design remain unresolved
cand-c1ad13278d87,AMERICAN ASSOCIATION OF CROP INSURERS,191,https://lda.gov/api/v1/clients/118883/,064b6a00-bb20-4dc4-b85b-d6f1ef7c90ef,2008,second_quarter,Q2,https://lda.gov/filings/public/filing/064b6a00-bb20-4dc4-b85b-d6f1ef7c90ef/print/,2009-02-17T10:32:41-05:00,AMERICAN ASSOCIATION OF CROP INSURERS,THE MACON EDWARDS COMPANY,lda-agr,AGR,Agriculture,2008-04-01,2008-06-30,visible_lobbying,visible_lobbying_filing,1.0000,0.0100,Official LDA API,064b6a00-bb20-4dc4-b85b-d6f1ef7c90ef|lda-agr|1,treated_hloga_lda_client,hloga-2007-federal-lobbying-disclosure,filing_count; amount_millions,United States federal,0.8000,reviewed_exact_lda_client_name_source_row,exact-normalized-client-name-match-to-reviewed-canonical-actor,codex-source-audit,2026-07-24,https://lda.gov/filings/public/filing/064b6a00-bb20-4dc4-b85b-d6f1ef7c90ef/print/,official LDA API filing row matched by exact normalized client name to the reviewed canonical actor; usable as treated visible-lobbying pre/post source surface only; stable cross-source LDA client-ID promotion and comparison-group design remain unresolved
cand-c1ad13278d87,AMERICAN ASSOCIATION OF CROP INSURERS,12,https://lda.gov/api/v1/clients/132423/,434136d5-4e87-4f1e-a412-f440f2d6d647,2008,second_quarter,Q2,https://lda.gov/filings/public/filing/434136d5-4e87-4f1e-a412-f440f2d6d647/print/,2008-07-21T18:16:21-04:00,AMERICAN ASSOCIATION OF CROP INSURERS,WATKINSON MILLER PLLC,lda-agr,AGR,Agriculture,2008-04-01,2008-06-30,visible_lobbying,visible_lobbying_filing,1.0000,0.0700,Official LDA API,434136d5-4e87-4f1e-a412-f440f2d6d647|lda-agr|1,treated_hloga_lda_client,hloga-2007-federal-lobbying-disclosure,filing_count; amount_millions,United States federal,0.8000,reviewed_exact_lda_client_name_source_row,exact-normalized-client-name-match-to-reviewed-canonical-actor,codex-source-audit,2026-07-24,https://lda.gov/filings/public/filing/434136d5-4e87-4f1e-a412-f440f2d6d647/print/,official LDA API filing row matched by exact normalized client name to the reviewed canonical actor; usable as treated visible-lobbying pre/post source surface only; stable cross-source LDA client-ID promotion and comparison-group design remain unresolved
cand-c1ad13278d87,AMERICAN ASSOCIATION OF CROP INSURERS,12,https://lda.gov/api/v1/clients/132423/,434136d5-4e87-4f1e-a412-f440f2d6d647,2008,second_quarter,Q2,https://lda.gov/filings/public/filing/434136d5-4e87-4f1e-a412-f440f2d6d647/print/,2008-07-21T18:16:21-04:00,AMERICAN ASSOCIATION OF CROP INSURERS,WATKINSON MILLER PLLC,lda-bud,BUD,Budget/Appropriations,2008-04-01,2008-06-30,visible_lobbying,visible_lobbying_filing,1.0000,0.0700,Official LDA API,434136d5-4e87-4f1e-a412-f440f2d6d647|lda-bud|2,treated_hloga_lda_client,hloga-2007-federal-lobbying-disclosure,filing_count; amount_millions,United States federal,0.8000,reviewed_exact_lda_client_name_source_row,exact-normalized-client-name-match-to-reviewed-canonical-actor,codex-source-audit,2026-07-24,https://lda.gov/filings/public/filing/434136d5-4e87-4f1e-a412-f440f2d6d647/print/,official LDA API filing row matched by exact normalized client name to the reviewed canonical actor; usable as treated visible-lobbying pre/post source surface only; stable cross-source LDA client-ID promotion and comparison-group design remain unresolved
cand-c1ad13278d87,AMERICAN ASSOCIATION OF CROP INSURERS,12,https://lda.gov/api/v1/clients/132423/,434136d5-4e87-4f1e-a412-f440f2d6d647,2008,second_quarter,Q2,https://lda.gov/filings/public/filing/434136d5-4e87-4f1e-a412-f440f2d6d647/print/,2008-07-21T18:16:21-04:00,AMERICAN ASSOCIATION OF CROP INSURERS,WATKINSON MILLER PLLC,lda-ins,INS,Insurance,2008-04-01,2008-06-30,visible_lobbying,visible_lobbying_filing,1.0000,0.0700,Official LDA API,434136d5-4e87-4f1e-a412-f440f2d6d647|lda-ins|3,treated_hloga_lda_client,hloga-2007-federal-lobbying-disclosure,filing_count; amount_millions,United States federal,0.8000,reviewed_exact_lda_client_name_source_row,exact-normalized-client-name-match-to-reviewed-canonical-actor,codex-source-audit,2026-07-24,https://lda.gov/filings/public/filing/434136d5-4e87-4f1e-a412-f440f2d6d647/print/,official LDA API filing row matched by exact normalized client name to the reviewed canonical actor; usable as treated visible-lobbying pre/post source surface only; stable cross-source LDA client-ID promotion and comparison-group design remain unresolved
cand-c1ad13278d87,AMERICAN ASSOCIATION OF CROP INSURERS,191,https://lda.gov/api/v1/clients/118883/,a12a40a9-3fca-48dc-ab56-3e82ea177426,2008,second_quarter,2A,https://lda.gov/filings/public/filing/a12a40a9-3fca-48dc-ab56-3e82ea177426/print/,2009-02-20T11:53:31-05:00,AMERICAN ASSOCIATION OF CROP INSURERS,THE MACON EDWARDS COMPANY,lda-agr,AGR,Agriculture,2008-04-01,2008-06-30,visible_lobbying,visible_lobbying_filing,1.0000,0.0100,Official LDA API,a12a40a9-3fca-48dc-ab56-3e82ea177426|lda-agr|1,treated_hloga_lda_client,hloga-2007-federal-lobbying-disclosure,filing_count; amount_millions,United States federal,0.8000,reviewed_exact_lda_client_name_source_row,exact-normalized-client-name-match-to-reviewed-canonical-actor,codex-source-audit,2026-07-24,https://lda.gov/filings/public/filing/a12a40a9-3fca-48dc-ab56-3e82ea177426/print/,official LDA API filing row matched by exact normalized client name to the reviewed canonical actor; usable as treated visible-lobbying pre/post source surface only; stable cross-source LDA client-ID promotion and comparison-group design remain unresolved
cand-c1ad13278d87,AMERICAN ASSOCIATION OF CROP INSURERS,191,https://lda.gov/api/v1/clients/118883/,c0a3a6e4-2cda-4455-8374-2195a9cda867,2008,third_quarter,Q3,https://lda.gov/filings/public/filing/c0a3a6e4-2cda-4455-8374-2195a9cda867/print/,2009-02-17T10:33:42-05:00,AMERICAN ASSOCIATION OF CROP INSURERS,THE MACON EDWARDS COMPANY,lda-agr,AGR,Agriculture,2008-07-01,2008-09-30,visible_lobbying,visible_lobbying_filing,1.0000,0.0100,Official LDA API,c0a3a6e4-2cda-4455-8374-2195a9cda867|lda-agr|1,treated_hloga_lda_client,hloga-2007-federal-lobbying-disclosure,filing_count; amount_millions,United States federal,0.8000,reviewed_exact_lda_client_name_source_row,exact-normalized-client-name-match-to-reviewed-canonical-actor,codex-source-audit,2026-07-24,https://lda.gov/filings/public/filing/c0a3a6e4-2cda-4455-8374-2195a9cda867/print/,official LDA API filing row matched by exact normalized client name to the reviewed canonical actor; usable as treated visible-lobbying pre/post source surface only; stable cross-source LDA client-ID promotion and comparison-group design remain unresolved
cand-c1ad13278d87,AMERICAN ASSOCIATION OF CROP INSURERS,12,https://lda.gov/api/v1/clients/132423/,ca30d302-d7f5-41a1-8de5-3260024ba5f0,2008,third_quarter,Q3,https://lda.gov/filings/public/filing/ca30d302-d7f5-41a1-8de5-3260024ba5f0/print/,2008-10-20T17:40:05-04:00,AMERICAN ASSOCIATION OF CROP INSURERS,WATKINSON MILLER PLLC,lda-agr,AGR,Agriculture,2008-07-01,2008-09-30,visible_lobbying,visible_lobbying_filing,1.0000,0.0200,Official LDA API,ca30d302-d7f5-41a1-8de5-3260024ba5f0|lda-agr|2,treated_hloga_lda_client,hloga-2007-federal-lobbying-disclosure,filing_count; amount_millions,United States federal,0.8000,reviewed_exact_lda_client_name_source_row,exact-normalized-client-name-match-to-reviewed-canonical-actor,codex-source-audit,2026-07-24,https://lda.gov/filings/public/filing/ca30d302-d7f5-41a1-8de5-3260024ba5f0/print/,official LDA API filing row matched by exact normalized client name to the reviewed canonical actor; usable as treated visible-lobbying pre/post source surface only; stable cross-source LDA client-ID promotion and comparison-group design remain unresolved
cand-c1ad13278d87,AMERICAN ASSOCIATION OF CROP INSURERS,12,https://lda.gov/api/v1/clients/132423/,ca30d302-d7f5-41a1-8de5-3260024ba5f0,2008,third_quarter,Q3,https://lda.gov/filings/public/filing/ca30d302-d7f5-41a1-8de5-3260024ba5f0/print/,2008-10-20T17:40:05-04:00,AMERICAN ASSOCIATION OF CROP INSURERS,WATKINSON MILLER PLLC,lda-bud,BUD,Budget/Appropriations,2008-07-01,2008-09-30,visible_lobbying,visible_lobbying_filing,1.0000,0.0200,Official LDA API,ca30d302-d7f5-41a1-8de5-3260024ba5f0|lda-bud|1,treated_hloga_lda_client,hloga-2007-federal-lobbying-disclosure,filing_count; amount_millions,United States federal,0.8000,reviewed_exact_lda_client_name_source_row,exact-normalized-client-name-match-to-reviewed-canonical-actor,codex-source-audit,2026-07-24,https://lda.gov/filings/public/filing/ca30d302-d7f5-41a1-8de5-3260024ba5f0/print/,official LDA API filing row matched by exact normalized client name to the reviewed canonical actor; usable as treated visible-lobbying pre/post source surface only; stable cross-source LDA client-ID promotion and comparison-group design remain unresolved
cand-c1ad13278d87,AMERICAN ASSOCIATION OF CROP INSURERS,12,https://lda.gov/api/v1/clients/132423/,ca30d302-d7f5-41a1-8de5-3260024ba5f0,2008,third_quarter,Q3,https://lda.gov/filings/public/filing/ca30d302-d7f5-41a1-8de5-3260024ba5f0/print/,2008-10-20T17:40:05-04:00,AMERICAN ASSOCIATION OF CROP INSURERS,WATKINSON MILLER PLLC,lda-ins,INS,Insurance,2008-07-01,2008-09-30,visible_lobbying,visible_lobbying_filing,1.0000,0.0200,Official LDA API,ca30d302-d7f5-41a1-8de5-3260024ba5f0|lda-ins|3,treated_hloga_lda_client,hloga-2007-federal-lobbying-disclosure,filing_count; amount_millions,United States federal,0.8000,reviewed_exact_lda_client_name_source_row,exact-normalized-client-name-match-to-reviewed-canonical-actor,codex-source-audit,2026-07-24,https://lda.gov/filings/public/filing/ca30d302-d7f5-41a1-8de5-3260024ba5f0/print/,official LDA API filing row matched by exact normalized client name to the reviewed canonical actor; usable as treated visible-lobbying pre/post source surface only; stable cross-source LDA client-ID promotion and comparison-group design remain unresolved
cand-c1ad13278d87,AMERICAN ASSOCIATION OF CROP INSURERS,191,https://lda.gov/api/v1/clients/118883/,de766568-b8ac-4706-8083-9afcf65a57b2,2008,third_quarter,3A,https://lda.gov/filings/public/filing/de766568-b8ac-4706-8083-9afcf65a57b2/print/,2009-02-20T11:55:32-05:00,AMERICAN ASSOCIATION OF CROP INSURERS,THE MACON EDWARDS COMPANY,lda-agr,AGR,Agriculture,2008-07-01,2008-09-30,visible_lobbying,visible_lobbying_filing,1.0000,0.0100,Official LDA API,de766568-b8ac-4706-8083-9afcf65a57b2|lda-agr|1,treated_hloga_lda_client,hloga-2007-federal-lobbying-disclosure,filing_count; amount_millions,United States federal,0.8000,reviewed_exact_lda_client_name_source_row,exact-normalized-client-name-match-to-reviewed-canonical-actor,codex-source-audit,2026-07-24,https://lda.gov/filings/public/filing/de766568-b8ac-4706-8083-9afcf65a57b2/print/,official LDA API filing row matched by exact normalized client name to the reviewed canonical actor; usable as treated visible-lobbying pre/post source surface only; stable cross-source LDA client-ID promotion and comparison-group design remain unresolved
cand-c1ad13278d87,AMERICAN ASSOCIATION OF CROP INSURERS,191,https://lda.gov/api/v1/clients/118883/,34f41028-8959-4dbd-bb39-eeeb3a951d6c,2008,fourth_quarter,Q4,https://lda.gov/filings/public/filing/34f41028-8959-4dbd-bb39-eeeb3a951d6c/print/,2009-02-17T10:35:43-05:00,AMERICAN ASSOCIATION OF CROP INSURERS,THE MACON EDWARDS COMPANY,lda-agr,AGR,Agriculture,2008-10-01,2008-12-31,visible_lobbying,visible_lobbying_filing,1.0000,0.0100,Official LDA API,34f41028-8959-4dbd-bb39-eeeb3a951d6c|lda-agr|1,treated_hloga_lda_client,hloga-2007-federal-lobbying-disclosure,filing_count; amount_millions,United States federal,0.8000,reviewed_exact_lda_client_name_source_row,exact-normalized-client-name-match-to-reviewed-canonical-actor,codex-source-audit,2026-07-24,https://lda.gov/filings/public/filing/34f41028-8959-4dbd-bb39-eeeb3a951d6c/print/,official LDA API filing row matched by exact normalized client name to the reviewed canonical actor; usable as treated visible-lobbying pre/post source surface only; stable cross-source LDA client-ID promotion and comparison-group design remain unresolved
cand-c1ad13278d87,AMERICAN ASSOCIATION OF CROP INSURERS,12,https://lda.gov/api/v1/clients/132423/,3e8edf41-cfe9-4b1c-8279-7482a3804a13,2008,fourth_quarter,Q4,https://lda.gov/filings/public/filing/3e8edf41-cfe9-4b1c-8279-7482a3804a13/print/,2009-01-21T19:08:33-05:00,AMERICAN ASSOCIATION OF CROP INSURERS,WATKINSON MILLER PLLC,lda-agr,AGR,Agriculture,2008-10-01,2008-12-31,visible_lobbying,visible_lobbying_filing,1.0000,0.0200,Official LDA API,3e8edf41-cfe9-4b1c-8279-7482a3804a13|lda-agr|1,treated_hloga_lda_client,hloga-2007-federal-lobbying-disclosure,filing_count; amount_millions,United States federal,0.8000,reviewed_exact_lda_client_name_source_row,exact-normalized-client-name-match-to-reviewed-canonical-actor,codex-source-audit,2026-07-24,https://lda.gov/filings/public/filing/3e8edf41-cfe9-4b1c-8279-7482a3804a13/print/,official LDA API filing row matched by exact normalized client name to the reviewed canonical actor; usable as treated visible-lobbying pre/post source surface only; stable cross-source LDA client-ID promotion and comparison-group design remain unresolved
cand-c1ad13278d87,AMERICAN ASSOCIATION OF CROP INSURERS,12,https://lda.gov/api/v1/clients/132423/,3e8edf41-cfe9-4b1c-8279-7482a3804a13,2008,fourth_quarter,Q4,https://lda.gov/filings/public/filing/3e8edf41-cfe9-4b1c-8279-7482a3804a13/print/,2009-01-21T19:08:33-05:00,AMERICAN ASSOCIATION OF CROP INSURERS,WATKINSON MILLER PLLC,lda-bud,BUD,Budget/Appropriations,2008-10-01,2008-12-31,visible_lobbying,visible_lobbying_filing,1.0000,0.0200,Official LDA API,3e8edf41-cfe9-4b1c-8279-7482a3804a13|lda-bud|2,treated_hloga_lda_client,hloga-2007-federal-lobbying-disclosure,filing_count; amount_millions,United States federal,0.8000,reviewed_exact_lda_client_name_source_row,exact-normalized-client-name-match-to-reviewed-canonical-actor,codex-source-audit,2026-07-24,https://lda.gov/filings/public/filing/3e8edf41-cfe9-4b1c-8279-7482a3804a13/print/,official LDA API filing row matched by exact normalized client name to the reviewed canonical actor; usable as treated visible-lobbying pre/post source surface only; stable cross-source LDA client-ID promotion and comparison-group design remain unresolved
cand-c1ad13278d87,AMERICAN ASSOCIATION OF CROP INSURERS,12,https://lda.gov/api/v1/clients/132423/,3e8edf41-cfe9-4b1c-8279-7482a3804a13,2008,fourth_quarter,Q4,https://lda.gov/filings/public/filing/3e8edf41-cfe9-4b1c-8279-7482a3804a13/print/,2009-01-21T19:08:33-05:00,AMERICAN ASSOCIATION OF CROP INSURERS,WATKINSON MILLER PLLC,lda-ins,INS,Insurance,2008-10-01,2008-12-31,visible_lobbying,visible_lobbying_filing,1.0000,0.0200,Official LDA API,3e8edf41-cfe9-4b1c-8279-7482a3804a13|lda-ins|3,treated_hloga_lda_client,hloga-2007-federal-lobbying-disclosure,filing_count; amount_millions,United States federal,0.8000,reviewed_exact_lda_client_name_source_row,exact-normalized-client-name-match-to-reviewed-canonical-actor,codex-source-audit,2026-07-24,https://lda.gov/filings/public/filing/3e8edf41-cfe9-4b1c-8279-7482a3804a13/print/,official LDA API filing row matched by exact normalized client name to the reviewed canonical actor; usable as treated visible-lobbying pre/post source surface only; stable cross-source LDA client-ID promotion and comparison-group design remain unresolved
cand-c1ad13278d87,AMERICAN ASSOCIATION OF CROP INSURERS,191,https://lda.gov/api/v1/clients/118883/,677541e1-fbc7-4cec-b6dd-eabde651e617,2008,fourth_quarter,4A,https://lda.gov/filings/public/filing/677541e1-fbc7-4cec-b6dd-eabde651e617/print/,2009-02-20T11:56:33-05:00,AMERICAN ASSOCIATION OF CROP INSURERS,THE MACON EDWARDS COMPANY,lda-agr,AGR,Agriculture,2008-10-01,2008-12-31,visible_lobbying,visible_lobbying_filing,1.0000,0.0100,Official LDA API,677541e1-fbc7-4cec-b6dd-eabde651e617|lda-agr|1,treated_hloga_lda_client,hloga-2007-federal-lobbying-disclosure,filing_count; amount_millions,United States federal,0.8000,reviewed_exact_lda_client_name_source_row,exact-normalized-client-name-match-to-reviewed-canonical-actor,codex-source-audit,2026-07-24,https://lda.gov/filings/public/filing/677541e1-fbc7-4cec-b6dd-eabde651e617/print/,official LDA API filing row matched by exact normalized client name to the reviewed canonical actor; usable as treated visible-lobbying pre/post source surface only; stable cross-source LDA client-ID promotion and comparison-group design remain unresolved
cand-d5522e62fad7,AMERICAN GAS ASSOCIATION,280,https://lda.gov/api/v1/clients/134347/,59959799-8fcc-43ef-945b-20717e08c33e,2007,mid_year,MM,https://lda.gov/filings/public/filing/59959799-8fcc-43ef-945b-20717e08c33e/print/,2007-08-09T10:24:02-04:00,AMERICAN GAS ASSOCIATION,NATIONAL ENVIRONMENTAL STRATEGIES,lda-fue,FUE,Fuel/Gas/Oil,2007-01-01,2007-06-30,visible_lobbying,visible_lobbying_filing,1.0000,0.0400,Official LDA API,59959799-8fcc-43ef-945b-20717e08c33e|lda-fue|1,treated_hloga_lda_client,hloga-2007-federal-lobbying-disclosure,filing_count; amount_millions,United States federal,0.8000,reviewed_exact_lda_client_name_source_row,exact-normalized-client-name-match-to-reviewed-canonical-actor,codex-source-audit,2026-07-24,https://lda.gov/filings/public/filing/59959799-8fcc-43ef-945b-20717e08c33e/print/,official LDA API filing row matched by exact normalized client name to the reviewed canonical actor; usable as treated visible-lobbying pre/post source surface only; stable cross-source LDA client-ID promotion and comparison-group design remain unresolved
cand-d5522e62fad7,AMERICAN GAS ASSOCIATION,113,https://lda.gov/api/v1/clients/165556/,71d3e6f9-a856-4072-a079-36b0b1951cd2,2007,mid_year,MM,https://lda.gov/filings/public/filing/71d3e6f9-a856-4072-a079-36b0b1951cd2/print/,2007-08-08T14:05:21-04:00,AMERICAN GAS ASSOCIATION,CAPITOL HILL CONSULTING GROUP,lda-eng,ENG,Energy/Nuclear,2007-01-01,2007-06-30,visible_lobbying,visible_lobbying_filing,1.0000,0.0200,Official LDA API,71d3e6f9-a856-4072-a079-36b0b1951cd2|lda-eng|2,treated_hloga_lda_client,hloga-2007-federal-lobbying-disclosure,filing_count; amount_millions,United States federal,0.8000,reviewed_exact_lda_client_name_source_row,exact-normalized-client-name-match-to-reviewed-canonical-actor,codex-source-audit,2026-07-24,https://lda.gov/filings/public/filing/71d3e6f9-a856-4072-a079-36b0b1951cd2/print/,official LDA API filing row matched by exact normalized client name to the reviewed canonical actor; usable as treated visible-lobbying pre/post source surface only; stable cross-source LDA client-ID promotion and comparison-group design remain unresolved
cand-d5522e62fad7,AMERICAN GAS ASSOCIATION,113,https://lda.gov/api/v1/clients/165556/,71d3e6f9-a856-4072-a079-36b0b1951cd2,2007,mid_year,MM,https://lda.gov/filings/public/filing/71d3e6f9-a856-4072-a079-36b0b1951cd2/print/,2007-08-08T14:05:21-04:00,AMERICAN GAS ASSOCIATION,CAPITOL HILL CONSULTING GROUP,lda-tax,TAX,Taxation/Internal Revenue Code,2007-01-01,2007-06-30,visible_lobbying,visible_lobbying_filing,1.0000,0.0200,Official LDA API,71d3e6f9-a856-4072-a079-36b0b1951cd2|lda-tax|1,treated_hloga_lda_client,hloga-2007-federal-lobbying-disclosure,filing_count; amount_millions,United States federal,0.8000,reviewed_exact_lda_client_name_source_row,exact-normalized-client-name-match-to-reviewed-canonical-actor,codex-source-audit,2026-07-24,https://lda.gov/filings/public/filing/71d3e6f9-a856-4072-a079-36b0b1951cd2/print/,official LDA API filing row matched by exact normalized client name to the reviewed canonical actor; usable as treated visible-lobbying pre/post source surface only; stable cross-source LDA client-ID promotion and comparison-group design remain unresolved
cand-d5522e62fad7,AMERICAN GAS ASSOCIATION,12,https://lda.gov/api/v1/clients/103560/,7a83f40f-5462-4965-9c79-3f9a4a04a113,2007,mid_year,MM,https://lda.gov/filings/public/filing/7a83f40f-5462-4965-9c79-3f9a4a04a113/print/,2007-08-10T14:26:49-04:00,AMERICAN GAS ASSOCIATION,AMERICAN GAS ASSOCIATION,lda-bud,BUD,Budget/Appropriations,2007-01-01,2007-06-30,visible_lobbying,visible_lobbying_filing,1.0000,0.2080,Official LDA API,7a83f40f-5462-4965-9c79-3f9a4a04a113|lda-bud|2,treated_hloga_lda_client,hloga-2007-federal-lobbying-disclosure,filing_count; amount_millions,United States federal,0.8000,reviewed_exact_lda_client_name_source_row,exact-normalized-client-name-match-to-reviewed-canonical-actor,codex-source-audit,2026-07-24,https://lda.gov/filings/public/filing/7a83f40f-5462-4965-9c79-3f9a4a04a113/print/,official LDA API filing row matched by exact normalized client name to the reviewed canonical actor; usable as treated visible-lobbying pre/post source surface only; stable cross-source LDA client-ID promotion and comparison-group design remain unresolved
cand-d5522e62fad7,AMERICAN GAS ASSOCIATION,12,https://lda.gov/api/v1/clients/103560/,7a83f40f-5462-4965-9c79-3f9a4a04a113,2007,mid_year,MM,https://lda.gov/filings/public/filing/7a83f40f-5462-4965-9c79-3f9a4a04a113/print/,2007-08-10T14:26:49-04:00,AMERICAN GAS ASSOCIATION,AMERICAN GAS ASSOCIATION,lda-eng,ENG,Energy/Nuclear,2007-01-01,2007-06-30,visible_lobbying,visible_lobbying_filing,1.0000,0.2080,Official LDA API,7a83f40f-5462-4965-9c79-3f9a4a04a113|lda-eng|5,treated_hloga_lda_client,hloga-2007-federal-lobbying-disclosure,filing_count; amount_millions,United States federal,0.8000,reviewed_exact_lda_client_name_source_row,exact-normalized-client-name-match-to-reviewed-canonical-actor,codex-source-audit,2026-07-24,https://lda.gov/filings/public/filing/7a83f40f-5462-4965-9c79-3f9a4a04a113/print/,official LDA API filing row matched by exact normalized client name to the reviewed canonical actor; usable as treated visible-lobbying pre/post source surface only; stable cross-source LDA client-ID promotion and comparison-group design remain unresolved
cand-d5522e62fad7,AMERICAN GAS ASSOCIATION,12,https://lda.gov/api/v1/clients/103560/,7a83f40f-5462-4965-9c79-3f9a4a04a113,2007,mid_year,MM,https://lda.gov/filings/public/filing/7a83f40f-5462-4965-9c79-3f9a4a04a113/print/,2007-08-10T14:26:49-04:00,AMERICAN GAS ASSOCIATION,AMERICAN GAS ASSOCIATION,lda-env,ENV,Environment/Superfund,2007-01-01,2007-06-30,visible_lobbying,visible_lobbying_filing,1.0000,0.2080,Official LDA API,7a83f40f-5462-4965-9c79-3f9a4a04a113|lda-env|3,treated_hloga_lda_client,hloga-2007-federal-lobbying-disclosure,filing_count; amount_millions,United States federal,0.8000,reviewed_exact_lda_client_name_source_row,exact-normalized-client-name-match-to-reviewed-canonical-actor,codex-source-audit,2026-07-24,https://lda.gov/filings/public/filing/7a83f40f-5462-4965-9c79-3f9a4a04a113/print/,official LDA API filing row matched by exact normalized client name to the reviewed canonical actor; usable as treated visible-lobbying pre/post source surface only; stable cross-source LDA client-ID promotion and comparison-group design remain unresolved
cand-d5522e62fad7,AMERICAN GAS ASSOCIATION,12,https://lda.gov/api/v1/clients/103560/,7a83f40f-5462-4965-9c79-3f9a4a04a113,2007,mid_year,MM,https://lda.gov/filings/public/filing/7a83f40f-5462-4965-9c79-3f9a4a04a113/print/,2007-08-10T14:26:49-04:00,AMERICAN GAS ASSOCIATION,AMERICAN GAS ASSOCIATION,lda-fue,FUE,Fuel/Gas/Oil,2007-01-01,2007-06-30,visible_lobbying,visible_lobbying_filing,1.0000,0.2080,Official LDA API,7a83f40f-5462-4965-9c79-3f9a4a04a113|lda-fue|6,treated_hloga_lda_client,hloga-2007-federal-lobbying-disclosure,filing_count; amount_millions,United States federal,0.8000,reviewed_exact_lda_client_name_source_row,exact-normalized-client-name-match-to-reviewed-canonical-actor,codex-source-audit,2026-07-24,https://lda.gov/filings/public/filing/7a83f40f-5462-4965-9c79-3f9a4a04a113/print/,official LDA API filing row matched by exact normalized client name to the reviewed canonical actor; usable as treated visible-lobbying pre/post source surface only; stable cross-source LDA client-ID promotion and comparison-group design remain unresolved
cand-d5522e62fad7,AMERICAN GAS ASSOCIATION,12,https://lda.gov/api/v1/clients/103560/,7a83f40f-5462-4965-9c79-3f9a4a04a113,2007,mid_year,MM,https://lda.gov/filings/public/filing/7a83f40f-5462-4965-9c79-3f9a4a04a113/print/,2007-08-10T14:26:49-04:00,AMERICAN GAS ASSOCIATION,AMERICAN GAS ASSOCIATION,lda-tax,TAX,Taxation/Internal Revenue Code,2007-01-01,2007-06-30,visible_lobbying,visible_lobbying_filing,1.0000,0.2080,Official LDA API,7a83f40f-5462-4965-9c79-3f9a4a04a113|lda-tax|4,treated_hloga_lda_client,hloga-2007-federal-lobbying-disclosure,filing_count; amount_millions,United States federal,0.8000,reviewed_exact_lda_client_name_source_row,exact-normalized-client-name-match-to-reviewed-canonical-actor,codex-source-audit,2026-07-24,https://lda.gov/filings/public/filing/7a83f40f-5462-4965-9c79-3f9a4a04a113/print/,official LDA API filing row matched by exact normalized client name to the reviewed canonical actor; usable as treated visible-lobbying pre/post source surface only; stable cross-source LDA client-ID promotion and comparison-group design remain unresolved
cand-d5522e62fad7,AMERICAN GAS ASSOCIATION,12,https://lda.gov/api/v1/clients/103560/,7a83f40f-5462-4965-9c79-3f9a4a04a113,2007,mid_year,MM,https://lda.gov/filings/public/filing/7a83f40f-5462-4965-9c79-3f9a4a04a113/print/,2007-08-10T14:26:49-04:00,AMERICAN GAS ASSOCIATION,AMERICAN GAS ASSOCIATION,lda-uti,UTI,Utilities,2007-01-01,2007-06-30,visible_lobbying,visible_lobbying_filing,1.0000,0.2080,Official LDA API,7a83f40f-5462-4965-9c79-3f9a4a04a113|lda-uti|1,treated_hloga_lda_client,hloga-2007-federal-lobbying-disclosure,filing_count; amount_millions,United States federal,0.8000,reviewed_exact_lda_client_name_source_row,exact-normalized-client-name-match-to-reviewed-canonical-actor,codex-source-audit,2026-07-24,https://lda.gov/filings/public/filing/7a83f40f-5462-4965-9c79-3f9a4a04a113/print/,official LDA API filing row matched by exact normalized client name to the reviewed canonical actor; usable as treated visible-lobbying pre/post source surface only; stable cross-source LDA client-ID promotion and comparison-group design remain unresolved
cand-d5522e62fad7,AMERICAN GAS ASSOCIATION,1002299,https://lda.gov/api/v1/clients/185670/,8092e86d-e6d6-4992-af22-5012b9dbe861,2007,mid_year,MM,https://lda.gov/filings/public/filing/8092e86d-e6d6-4992-af22-5012b9dbe861/print/,2007-08-08T11:24:58-04:00,AMERICAN GAS ASSOCIATION,ICE MILLER STRATEGIES LLC,lda-fue,FUE,Fuel/Gas/Oil,2007-01-01,2007-06-30,visible_lobbying,visible_lobbying_filing,1.0000,0.0000,Official LDA API,8092e86d-e6d6-4992-af22-5012b9dbe861|lda-fue|1,treated_hloga_lda_client,hloga-2007-federal-lobbying-disclosure,filing_count; amount_millions,United States federal,0.8000,reviewed_exact_lda_client_name_source_row,exact-normalized-client-name-match-to-reviewed-canonical-actor,codex-source-audit,2026-07-24,https://lda.gov/filings/public/filing/8092e86d-e6d6-4992-af22-5012b9dbe861/print/,official LDA API filing row matched by exact normalized client name to the reviewed canonical actor; usable as treated visible-lobbying pre/post source surface only; stable cross-source LDA client-ID promotion and comparison-group design remain unresolved
cand-d5522e62fad7,AMERICAN GAS ASSOCIATION,1002299,https://lda.gov/api/v1/clients/185670/,8232fac3-d7a3-4973-b55f-696d56c1fa34,2007,mid_year,RR,https://lda.gov/filings/public/filing/8232fac3-d7a3-4973-b55f-696d56c1fa34/print/,2007-06-01T12:16:49-04:00,AMERICAN GAS ASSOCIATION,ICE MILLER STRATEGIES LLC,lda-fue,FUE,Fuel/Gas/Oil,2007-01-01,2007-06-30,visible_lobbying,visible_lobbying_filing,1.0000,0.0000,Official LDA API,8232fac3-d7a3-4973-b55f-696d56c1fa34|lda-fue|1,treated_hloga_lda_client,hloga-2007-federal-lobbying-disclosure,filing_count; amount_millions,United States federal,0.8000,reviewed_exact_lda_client_name_source_row,exact-normalized-client-name-match-to-reviewed-canonical-actor,codex-source-audit,2026-07-24,https://lda.gov/filings/public/filing/8232fac3-d7a3-4973-b55f-696d56c1fa34/print/,official LDA API filing row matched by exact normalized client name to the reviewed canonical actor; usable as treated visible-lobbying pre/post source surface only; stable cross-source LDA client-ID promotion and comparison-group design remain unresolved
cand-d5522e62fad7,AMERICAN GAS ASSOCIATION,113,https://lda.gov/api/v1/clients/165556/,284fbcfc-8392-4f69-bbaf-c0d9d4af5c68,2007,year_end,YY,https://lda.gov/filings/public/filing/284fbcfc-8392-4f69-bbaf-c0d9d4af5c68/print/,2008-02-11T11:04:14.787000-05:00,AMERICAN GAS ASSOCIATION,CAPITOL HILL CONSULTING GROUP,lda-eng,ENG,Energy/Nuclear,2007-07-01,2007-12-31,visible_lobbying,visible_lobbying_filing,1.0000,0.0200,Official LDA API,284fbcfc-8392-4f69-bbaf-c0d9d4af5c68|lda-eng|2,treated_hloga_lda_client,hloga-2007-federal-lobbying-disclosure,filing_count; amount_millions,United States federal,0.8000,reviewed_exact_lda_client_name_source_row,exact-normalized-client-name-match-to-reviewed-canonical-actor,codex-source-audit,2026-07-24,https://lda.gov/filings/public/filing/284fbcfc-8392-4f69-bbaf-c0d9d4af5c68/print/,official LDA API filing row matched by exact normalized client name to the reviewed canonical actor; usable as treated visible-lobbying pre/post source surface only; stable cross-source LDA client-ID promotion and comparison-group design remain unresolved
cand-d5522e62fad7,AMERICAN GAS ASSOCIATION,113,https://lda.gov/api/v1/clients/165556/,284fbcfc-8392-4f69-bbaf-c0d9d4af5c68,2007,year_end,YY,https://lda.gov/filings/public/filing/284fbcfc-8392-4f69-bbaf-c0d9d4af5c68/print/,2008-02-11T11:04:14.787000-05:00,AMERICAN GAS ASSOCIATION,CAPITOL HILL CONSULTING GROUP,lda-tax,TAX,Taxation/Internal Revenue Code,2007-07-01,2007-12-31,visible_lobbying,visible_lobbying_filing,1.0000,0.0200,Official LDA API,284fbcfc-8392-4f69-bbaf-c0d9d4af5c68|lda-tax|1,treated_hloga_lda_client,hloga-2007-federal-lobbying-disclosure,filing_count; amount_millions,United States federal,0.8000,reviewed_exact_lda_client_name_source_row,exact-normalized-client-name-match-to-reviewed-canonical-actor,codex-source-audit,2026-07-24,https://lda.gov/filings/public/filing/284fbcfc-8392-4f69-bbaf-c0d9d4af5c68/print/,official LDA API filing row matched by exact normalized client name to the reviewed canonical actor; usable as treated visible-lobbying pre/post source surface only; stable cross-source LDA client-ID promotion and comparison-group design remain unresolved
cand-d5522e62fad7,AMERICAN GAS ASSOCIATION,12,https://lda.gov/api/v1/clients/103560/,4a2b3def-0291-4fb3-af1f-f71dd644dbbb,2007,year_end,YA,https://lda.gov/filings/public/filing/4a2b3def-0291-4fb3-af1f-f71dd644dbbb/print/,2008-02-29T13:31:55.010000-05:00,AMERICAN GAS ASSOCIATION,AMERICAN GAS ASSOCIATION,lda-bud,BUD,Budget/Appropriations,2007-07-01,2007-12-31,visible_lobbying,visible_lobbying_filing,1.0000,0.2115,Official LDA API,4a2b3def-0291-4fb3-af1f-f71dd644dbbb|lda-bud|5,treated_hloga_lda_client,hloga-2007-federal-lobbying-disclosure,filing_count; amount_millions,United States federal,0.8000,reviewed_exact_lda_client_name_source_row,exact-normalized-client-name-match-to-reviewed-canonical-actor,codex-source-audit,2026-07-24,https://lda.gov/filings/public/filing/4a2b3def-0291-4fb3-af1f-f71dd644dbbb/print/,official LDA API filing row matched by exact normalized client name to the reviewed canonical actor; usable as treated visible-lobbying pre/post source surface only; stable cross-source LDA client-ID promotion and comparison-group design remain unresolved
cand-d5522e62fad7,AMERICAN GAS ASSOCIATION,12,https://lda.gov/api/v1/clients/103560/,4a2b3def-0291-4fb3-af1f-f71dd644dbbb,2007,year_end,YA,https://lda.gov/filings/public/filing/4a2b3def-0291-4fb3-af1f-f71dd644dbbb/print/,2008-02-29T13:31:55.010000-05:00,AMERICAN GAS ASSOCIATION,AMERICAN GAS ASSOCIATION,lda-eng,ENG,Energy/Nuclear,2007-07-01,2007-12-31,visible_lobbying,visible_lobbying_filing,1.0000,0.2115,Official LDA API,4a2b3def-0291-4fb3-af1f-f71dd644dbbb|lda-eng|3,treated_hloga_lda_client,hloga-2007-federal-lobbying-disclosure,filing_count; amount_millions,United States federal,0.8000,reviewed_exact_lda_client_name_source_row,exact-normalized-client-name-match-to-reviewed-canonical-actor,codex-source-audit,2026-07-24,https://lda.gov/filings/public/filing/4a2b3def-0291-4fb3-af1f-f71dd644dbbb/print/,official LDA API filing row matched by exact normalized client name to the reviewed canonical actor; usable as treated visible-lobbying pre/post source surface only; stable cross-source LDA client-ID promotion and comparison-group design remain unresolved
cand-d5522e62fad7,AMERICAN GAS ASSOCIATION,12,https://lda.gov/api/v1/clients/103560/,4a2b3def-0291-4fb3-af1f-f71dd644dbbb,2007,year_end,YA,https://lda.gov/filings/public/filing/4a2b3def-0291-4fb3-af1f-f71dd644dbbb/print/,2008-02-29T13:31:55.010000-05:00,AMERICAN GAS ASSOCIATION,AMERICAN GAS ASSOCIATION,lda-env,ENV,Environment/Superfund,2007-07-01,2007-12-31,visible_lobbying,visible_lobbying_filing,1.0000,0.2115,Official LDA API,4a2b3def-0291-4fb3-af1f-f71dd644dbbb|lda-env|2,treated_hloga_lda_client,hloga-2007-federal-lobbying-disclosure,filing_count; amount_millions,United States federal,0.8000,reviewed_exact_lda_client_name_source_row,exact-normalized-client-name-match-to-reviewed-canonical-actor,codex-source-audit,2026-07-24,https://lda.gov/filings/public/filing/4a2b3def-0291-4fb3-af1f-f71dd644dbbb/print/,official LDA API filing row matched by exact normalized client name to the reviewed canonical actor; usable as treated visible-lobbying pre/post source surface only; stable cross-source LDA client-ID promotion and comparison-group design remain unresolved
cand-d5522e62fad7,AMERICAN GAS ASSOCIATION,12,https://lda.gov/api/v1/clients/103560/,4a2b3def-0291-4fb3-af1f-f71dd644dbbb,2007,year_end,YA,https://lda.gov/filings/public/filing/4a2b3def-0291-4fb3-af1f-f71dd644dbbb/print/,2008-02-29T13:31:55.010000-05:00,AMERICAN GAS ASSOCIATION,AMERICAN GAS ASSOCIATION,lda-tax,TAX,Taxation/Internal Revenue Code,2007-07-01,2007-12-31,visible_lobbying,visible_lobbying_filing,1.0000,0.2115,Official LDA API,4a2b3def-0291-4fb3-af1f-f71dd644dbbb|lda-tax|4,treated_hloga_lda_client,hloga-2007-federal-lobbying-disclosure,filing_count; amount_millions,United States federal,0.8000,reviewed_exact_lda_client_name_source_row,exact-normalized-client-name-match-to-reviewed-canonical-actor,codex-source-audit,2026-07-24,https://lda.gov/filings/public/filing/4a2b3def-0291-4fb3-af1f-f71dd644dbbb/print/,official LDA API filing row matched by exact normalized client name to the reviewed canonical actor; usable as treated visible-lobbying pre/post source surface only; stable cross-source LDA client-ID promotion and comparison-group design remain unresolved
cand-d5522e62fad7,AMERICAN GAS ASSOCIATION,12,https://lda.gov/api/v1/clients/103560/,4a2b3def-0291-4fb3-af1f-f71dd644dbbb,2007,year_end,YA,https://lda.gov/filings/public/filing/4a2b3def-0291-4fb3-af1f-f71dd644dbbb/print/,2008-02-29T13:31:55.010000-05:00,AMERICAN GAS ASSOCIATION,AMERICAN GAS ASSOCIATION,lda-tra,TRA,Transportation,2007-07-01,2007-12-31,visible_lobbying,visible_lobbying_filing,1.0000,0.2115,Official LDA API,4a2b3def-0291-4fb3-af1f-f71dd644dbbb|lda-tra|1,treated_hloga_lda_client,hloga-2007-federal-lobbying-disclosure,filing_count; amount_millions,United States federal,0.8000,reviewed_exact_lda_client_name_source_row,exact-normalized-client-name-match-to-reviewed-canonical-actor,codex-source-audit,2026-07-24,https://lda.gov/filings/public/filing/4a2b3def-0291-4fb3-af1f-f71dd644dbbb/print/,official LDA API filing row matched by exact normalized client name to the reviewed canonical actor; usable as treated visible-lobbying pre/post source surface only; stable cross-source LDA client-ID promotion and comparison-group design remain unresolved
cand-d5522e62fad7,AMERICAN GAS ASSOCIATION,12,https://lda.gov/api/v1/clients/103560/,67ea44cd-2394-4467-a57a-7710429d1e34,2007,year_end,YY,https://lda.gov/filings/public/filing/67ea44cd-2394-4467-a57a-7710429d1e34/print/,2008-02-15T15:44:55.163000-05:00,AMERICAN GAS ASSOCIATION,AMERICAN GAS ASSOCIATION,lda-bud,BUD,Budget/Appropriations,2007-07-01,2007-12-31,visible_lobbying,visible_lobbying_filing,1.0000,0.4045,Official LDA API,67ea44cd-2394-4467-a57a-7710429d1e34|lda-bud|3,treated_hloga_lda_client,hloga-2007-federal-lobbying-disclosure,filing_count; amount_millions,United States federal,0.8000,reviewed_exact_lda_client_name_source_row,exact-normalized-client-name-match-to-reviewed-canonical-actor,codex-source-audit,2026-07-24,https://lda.gov/filings/public/filing/67ea44cd-2394-4467-a57a-7710429d1e34/print/,official LDA API filing row matched by exact normalized client name to the reviewed canonical actor; usable as treated visible-lobbying pre/post source surface only; stable cross-source LDA client-ID promotion and comparison-group design remain unresolved
cand-d5522e62fad7,AMERICAN GAS ASSOCIATION,12,https://lda.gov/api/v1/clients/103560/,67ea44cd-2394-4467-a57a-7710429d1e34,2007,year_end,YY,https://lda.gov/filings/public/filing/67ea44cd-2394-4467-a57a-7710429d1e34/print/,2008-02-15T15:44:55.163000-05:00,AMERICAN GAS ASSOCIATION,AMERICAN GAS ASSOCIATION,lda-eng,ENG,Energy/Nuclear,2007-07-01,2007-12-31,visible_lobbying,visible_lobbying_filing,1.0000,0.4045,Official LDA API,67ea44cd-2394-4467-a57a-7710429d1e34|lda-eng|5,treated_hloga_lda_client,hloga-2007-federal-lobbying-disclosure,filing_count; amount_millions,United States federal,0.8000,reviewed_exact_lda_client_name_source_row,exact-normalized-client-name-match-to-reviewed-canonical-actor,codex-source-audit,2026-07-24,https://lda.gov/filings/public/filing/67ea44cd-2394-4467-a57a-7710429d1e34/print/,official LDA API filing row matched by exact normalized client name to the reviewed canonical actor; usable as treated visible-lobbying pre/post source surface only; stable cross-source LDA client-ID promotion and comparison-group design remain unresolved
cand-d5522e62fad7,AMERICAN GAS ASSOCIATION,12,https://lda.gov/api/v1/clients/103560/,67ea44cd-2394-4467-a57a-7710429d1e34,2007,year_end,YY,https://lda.gov/filings/public/filing/67ea44cd-2394-4467-a57a-7710429d1e34/print/,2008-02-15T15:44:55.163000-05:00,AMERICAN GAS ASSOCIATION,AMERICAN GAS ASSOCIATION,lda-env,ENV,Environment/Superfund,2007-07-01,2007-12-31,visible_lobbying,visible_lobbying_filing,1.0000,0.4045,Official LDA API,67ea44cd-2394-4467-a57a-7710429d1e34|lda-env|4,treated_hloga_lda_client,hloga-2007-federal-lobbying-disclosure,filing_count; amount_millions,United States federal,0.8000,reviewed_exact_lda_client_name_source_row,exact-normalized-client-name-match-to-reviewed-canonical-actor,codex-source-audit,2026-07-24,https://lda.gov/filings/public/filing/67ea44cd-2394-4467-a57a-7710429d1e34/print/,official LDA API filing row matched by exact normalized client name to the reviewed canonical actor; usable as treated visible-lobbying pre/post source surface only; stable cross-source LDA client-ID promotion and comparison-group design remain unresolved
cand-d5522e62fad7,AMERICAN GAS ASSOCIATION,12,https://lda.gov/api/v1/clients/103560/,67ea44cd-2394-4467-a57a-7710429d1e34,2007,year_end,YY,https://lda.gov/filings/public/filing/67ea44cd-2394-4467-a57a-7710429d1e34/print/,2008-02-15T15:44:55.163000-05:00,AMERICAN GAS ASSOCIATION,AMERICAN GAS ASSOCIATION,lda-tax,TAX,Taxation/Internal Revenue Code,2007-07-01,2007-12-31,visible_lobbying,visible_lobbying_filing,1.0000,0.4045,Official LDA API,67ea44cd-2394-4467-a57a-7710429d1e34|lda-tax|2,treated_hloga_lda_client,hloga-2007-federal-lobbying-disclosure,filing_count; amount_millions,United States federal,0.8000,reviewed_exact_lda_client_name_source_row,exact-normalized-client-name-match-to-reviewed-canonical-actor,codex-source-audit,2026-07-24,https://lda.gov/filings/public/filing/67ea44cd-2394-4467-a57a-7710429d1e34/print/,official LDA API filing row matched by exact normalized client name to the reviewed canonical actor; usable as treated visible-lobbying pre/post source surface only; stable cross-source LDA client-ID promotion and comparison-group design remain unresolved
cand-d5522e62fad7,AMERICAN GAS ASSOCIATION,12,https://lda.gov/api/v1/clients/103560/,67ea44cd-2394-4467-a57a-7710429d1e34,2007,year_end,YY,https://lda.gov/filings/public/filing/67ea44cd-2394-4467-a57a-7710429d1e34/print/,2008-02-15T15:44:55.163000-05:00,AMERICAN GAS ASSOCIATION,AMERICAN GAS ASSOCIATION,lda-tra,TRA,Transportation,2007-07-01,2007-12-31,visible_lobbying,visible_lobbying_filing,1.0000,0.4045,Official LDA API,67ea44cd-2394-4467-a57a-7710429d1e34|lda-tra|1,treated_hloga_lda_client,hloga-2007-federal-lobbying-disclosure,filing_count; amount_millions,United States federal,0.8000,reviewed_exact_lda_client_name_source_row,exact-normalized-client-name-match-to-reviewed-canonical-actor,codex-source-audit,2026-07-24,https://lda.gov/filings/public/filing/67ea44cd-2394-4467-a57a-7710429d1e34/print/,official LDA API filing row matched by exact normalized client name to the reviewed canonical actor; usable as treated visible-lobbying pre/post source surface only; stable cross-source LDA client-ID promotion and comparison-group design remain unresolved
cand-d5522e62fad7,AMERICAN GAS ASSOCIATION,1002299,https://lda.gov/api/v1/clients/185670/,b6141cbd-2c0c-48cb-aaac-327820ecb54e,2007,year_end,YT,https://lda.gov/filings/public/filing/b6141cbd-2c0c-48cb-aaac-327820ecb54e/print/,2008-02-14T11:21:18.947000-05:00,AMERICAN GAS ASSOCIATION,ICE MILLER STRATEGIES LLC,lda-fue,FUE,Fuel/Gas/Oil,2007-07-01,2007-12-31,visible_lobbying,visible_lobbying_filing,1.0000,0.0000,Official LDA API,b6141cbd-2c0c-48cb-aaac-327820ecb54e|lda-fue|1,treated_hloga_lda_client,hloga-2007-federal-lobbying-disclosure,filing_count; amount_millions,United States federal,0.8000,reviewed_exact_lda_client_name_source_row,exact-normalized-client-name-match-to-reviewed-canonical-actor,codex-source-audit,2026-07-24,https://lda.gov/filings/public/filing/b6141cbd-2c0c-48cb-aaac-327820ecb54e/print/,official LDA API filing row matched by exact normalized client name to the reviewed canonical actor; usable as treated visible-lobbying pre/post source surface only; stable cross-source LDA client-ID promotion and comparison-group design remain unresolved
cand-d5522e62fad7,AMERICAN GAS ASSOCIATION,12,https://lda.gov/api/v1/clients/103560/,e6418e7d-d60f-4061-893f-6afd36085ed6,2007,year_end,YA,https://lda.gov/filings/public/filing/e6418e7d-d60f-4061-893f-6afd36085ed6/print/,2008-04-18T10:59:08-04:00,AMERICAN GAS ASSOCIATION,AMERICAN GAS ASSOCIATION,lda-bud,BUD,Budget/Appropriations,2007-07-01,2007-12-31,visible_lobbying,visible_lobbying_filing,1.0000,0.2115,Official LDA API,e6418e7d-d60f-4061-893f-6afd36085ed6|lda-bud|4,treated_hloga_lda_client,hloga-2007-federal-lobbying-disclosure,filing_count; amount_millions,United States federal,0.8000,reviewed_exact_lda_client_name_source_row,exact-normalized-client-name-match-to-reviewed-canonical-actor,codex-source-audit,2026-07-24,https://lda.gov/filings/public/filing/e6418e7d-d60f-4061-893f-6afd36085ed6/print/,official LDA API filing row matched by exact normalized client name to the reviewed canonical actor; usable as treated visible-lobbying pre/post source surface only; stable cross-source LDA client-ID promotion and comparison-group design remain unresolved
cand-d5522e62fad7,AMERICAN GAS ASSOCIATION,12,https://lda.gov/api/v1/clients/103560/,e6418e7d-d60f-4061-893f-6afd36085ed6,2007,year_end,YA,https://lda.gov/filings/public/filing/e6418e7d-d60f-4061-893f-6afd36085ed6/print/,2008-04-18T10:59:08-04:00,AMERICAN GAS ASSOCIATION,AMERICAN GAS ASSOCIATION,lda-eng,ENG,Energy/Nuclear,2007-07-01,2007-12-31,visible_lobbying,visible_lobbying_filing,1.0000,0.2115,Official LDA API,e6418e7d-d60f-4061-893f-6afd36085ed6|lda-eng|1,treated_hloga_lda_client,hloga-2007-federal-lobbying-disclosure,filing_count; amount_millions,United States federal,0.8000,reviewed_exact_lda_client_name_source_row,exact-normalized-client-name-match-to-reviewed-canonical-actor,codex-source-audit,2026-07-24,https://lda.gov/filings/public/filing/e6418e7d-d60f-4061-893f-6afd36085ed6/print/,official LDA API filing row matched by exact normalized client name to the reviewed canonical actor; usable as treated visible-lobbying pre/post source surface only; stable cross-source LDA client-ID promotion and comparison-group design remain unresolved
cand-d5522e62fad7,AMERICAN GAS ASSOCIATION,12,https://lda.gov/api/v1/clients/103560/,e6418e7d-d60f-4061-893f-6afd36085ed6,2007,year_end,YA,https://lda.gov/filings/public/filing/e6418e7d-d60f-4061-893f-6afd36085ed6/print/,2008-04-18T10:59:08-04:00,AMERICAN GAS ASSOCIATION,AMERICAN GAS ASSOCIATION,lda-env,ENV,Environment/Superfund,2007-07-01,2007-12-31,visible_lobbying,visible_lobbying_filing,1.0000,0.2115,Official LDA API,e6418e7d-d60f-4061-893f-6afd36085ed6|lda-env|5,treated_hloga_lda_client,hloga-2007-federal-lobbying-disclosure,filing_count; amount_millions,United States federal,0.8000,reviewed_exact_lda_client_name_source_row,exact-normalized-client-name-match-to-reviewed-canonical-actor,codex-source-audit,2026-07-24,https://lda.gov/filings/public/filing/e6418e7d-d60f-4061-893f-6afd36085ed6/print/,official LDA API filing row matched by exact normalized client name to the reviewed canonical actor; usable as treated visible-lobbying pre/post source surface only; stable cross-source LDA client-ID promotion and comparison-group design remain unresolved
cand-d5522e62fad7,AMERICAN GAS ASSOCIATION,12,https://lda.gov/api/v1/clients/103560/,e6418e7d-d60f-4061-893f-6afd36085ed6,2007,year_end,YA,https://lda.gov/filings/public/filing/e6418e7d-d60f-4061-893f-6afd36085ed6/print/,2008-04-18T10:59:08-04:00,AMERICAN GAS ASSOCIATION,AMERICAN GAS ASSOCIATION,lda-tax,TAX,Taxation/Internal Revenue Code,2007-07-01,2007-12-31,visible_lobbying,visible_lobbying_filing,1.0000,0.2115,Official LDA API,e6418e7d-d60f-4061-893f-6afd36085ed6|lda-tax|3,treated_hloga_lda_client,hloga-2007-federal-lobbying-disclosure,filing_count; amount_millions,United States federal,0.8000,reviewed_exact_lda_client_name_source_row,exact-normalized-client-name-match-to-reviewed-canonical-actor,codex-source-audit,2026-07-24,https://lda.gov/filings/public/filing/e6418e7d-d60f-4061-893f-6afd36085ed6/print/,official LDA API filing row matched by exact normalized client name to the reviewed canonical actor; usable as treated visible-lobbying pre/post source surface only; stable cross-source LDA client-ID promotion and comparison-group design remain unresolved
cand-d5522e62fad7,AMERICAN GAS ASSOCIATION,12,https://lda.gov/api/v1/clients/103560/,e6418e7d-d60f-4061-893f-6afd36085ed6,2007,year_end,YA,https://lda.gov/filings/public/filing/e6418e7d-d60f-4061-893f-6afd36085ed6/print/,2008-04-18T10:59:08-04:00,AMERICAN GAS ASSOCIATION,AMERICAN GAS ASSOCIATION,lda-tra,TRA,Transportation,2007-07-01,2007-12-31,visible_lobbying,visible_lobbying_filing,1.0000,0.2115,Official LDA API,e6418e7d-d60f-4061-893f-6afd36085ed6|lda-tra|2,treated_hloga_lda_client,hloga-2007-federal-lobbying-disclosure,filing_count; amount_millions,United States federal,0.8000,reviewed_exact_lda_client_name_source_row,exact-normalized-client-name-match-to-reviewed-canonical-actor,codex-source-audit,2026-07-24,https://lda.gov/filings/public/filing/e6418e7d-d60f-4061-893f-6afd36085ed6/print/,official LDA API filing row matched by exact normalized client name to the reviewed canonical actor; usable as treated visible-lobbying pre/post source surface only; stable cross-source LDA client-ID promotion and comparison-group design remain unresolved
cand-d5522e62fad7,AMERICAN GAS ASSOCIATION,280,https://lda.gov/api/v1/clients/134347/,f1ed1006-b885-4c11-b967-a09f759b0ae7,2007,year_end,YY,https://lda.gov/filings/public/filing/f1ed1006-b885-4c11-b967-a09f759b0ae7/print/,2008-02-13T14:03:11.273000-05:00,AMERICAN GAS ASSOCIATION,NATIONAL ENVIRONMENTAL STRATEGIES,lda-fue,FUE,Fuel/Gas/Oil,2007-07-01,2007-12-31,visible_lobbying,visible_lobbying_filing,1.0000,0.0400,Official LDA API,f1ed1006-b885-4c11-b967-a09f759b0ae7|lda-fue|1,treated_hloga_lda_client,hloga-2007-federal-lobbying-disclosure,filing_count; amount_millions,United States federal,0.8000,reviewed_exact_lda_client_name_source_row,exact-normalized-client-name-match-to-reviewed-canonical-actor,codex-source-audit,2026-07-24,https://lda.gov/filings/public/filing/f1ed1006-b885-4c11-b967-a09f759b0ae7/print/,official LDA API filing row matched by exact normalized client name to the reviewed canonical actor; usable as treated visible-lobbying pre/post source surface only; stable cross-source LDA client-ID promotion and comparison-group design remain unresolved
cand-d5522e62fad7,AMERICAN GAS ASSOCIATION,1004898,https://lda.gov/api/v1/clients/176998/,19fa1416-7ba7-462f-8433-42d0f9079629,2008,first_quarter,1A,https://lda.gov/filings/public/filing/19fa1416-7ba7-462f-8433-42d0f9079629/print/,2008-06-16T14:22:28-04:00,AMERICAN GAS ASSOCIATION,BROWN RUDNICK LLP,lda-env,ENV,Environment/Superfund,2008-01-01,2008-03-31,visible_lobbying,visible_lobbying_filing,1.0000,0.0200,Official LDA API,19fa1416-7ba7-462f-8433-42d0f9079629|lda-env|1,treated_hloga_lda_client,hloga-2007-federal-lobbying-disclosure,filing_count; amount_millions,United States federal,0.8000,reviewed_exact_lda_client_name_source_row,exact-normalized-client-name-match-to-reviewed-canonical-actor,codex-source-audit,2026-07-24,https://lda.gov/filings/public/filing/19fa1416-7ba7-462f-8433-42d0f9079629/print/,official LDA API filing row matched by exact normalized client name to the reviewed canonical actor; usable as treated visible-lobbying pre/post source surface only; stable cross-source LDA client-ID promotion and comparison-group design remain unresolved
cand-d5522e62fad7,AMERICAN GAS ASSOCIATION,1004898,https://lda.gov/api/v1/clients/176998/,1bb3b2dd-83e5-48d5-94ff-57ca81e909da,2008,first_quarter,Q1,https://lda.gov/filings/public/filing/1bb3b2dd-83e5-48d5-94ff-57ca81e909da/print/,2008-04-09T15:39:38-04:00,AMERICAN GAS ASSOCIATION,BROWN RUDNICK LLP,lda-env,ENV,Environment/Superfund,2008-01-01,2008-03-31,visible_lobbying,visible_lobbying_filing,1.0000,0.0200,Official LDA API,1bb3b2dd-83e5-48d5-94ff-57ca81e909da|lda-env|1,treated_hloga_lda_client,hloga-2007-federal-lobbying-disclosure,filing_count; amount_millions,United States federal,0.8000,reviewed_exact_lda_client_name_source_row,exact-normalized-client-name-match-to-reviewed-canonical-actor,codex-source-audit,2026-07-24,https://lda.gov/filings/public/filing/1bb3b2dd-83e5-48d5-94ff-57ca81e909da/print/,official LDA API filing row matched by exact normalized client name to the reviewed canonical actor; usable as treated visible-lobbying pre/post source surface only; stable cross-source LDA client-ID promotion and comparison-group design remain unresolved
cand-d5522e62fad7,AMERICAN GAS ASSOCIATION,113,https://lda.gov/api/v1/clients/165556/,349571d1-603c-4e4a-8c29-9b046d1ac705,2008,first_quarter,Q1,https://lda.gov/filings/public/filing/349571d1-603c-4e4a-8c29-9b046d1ac705/print/,2008-04-16T11:56:11-04:00,AMERICAN GAS ASSOCIATION,CAPITOL HILL CONSULTING GROUP,lda-eng,ENG,Energy/Nuclear,2008-01-01,2008-03-31,visible_lobbying,visible_lobbying_filing,1.0000,0.0200,Official LDA API,349571d1-603c-4e4a-8c29-9b046d1ac705|lda-eng|2,treated_hloga_lda_client,hloga-2007-federal-lobbying-disclosure,filing_count; amount_millions,United States federal,0.8000,reviewed_exact_lda_client_name_source_row,exact-normalized-client-name-match-to-reviewed-canonical-actor,codex-source-audit,2026-07-24,https://lda.gov/filings/public/filing/349571d1-603c-4e4a-8c29-9b046d1ac705/print/,official LDA API filing row matched by exact normalized client name to the reviewed canonical actor; usable as treated visible-lobbying pre/post source surface only; stable cross-source LDA client-ID promotion and comparison-group design remain unresolved
cand-d5522e62fad7,AMERICAN GAS ASSOCIATION,113,https://lda.gov/api/v1/clients/165556/,349571d1-603c-4e4a-8c29-9b046d1ac705,2008,first_quarter,Q1,https://lda.gov/filings/public/filing/349571d1-603c-4e4a-8c29-9b046d1ac705/print/,2008-04-16T11:56:11-04:00,AMERICAN GAS ASSOCIATION,CAPITOL HILL CONSULTING GROUP,lda-tax,TAX,Taxation/Internal Revenue Code,2008-01-01,2008-03-31,visible_lobbying,visible_lobbying_filing,1.0000,0.0200,Official LDA API,349571d1-603c-4e4a-8c29-9b046d1ac705|lda-tax|1,treated_hloga_lda_client,hloga-2007-federal-lobbying-disclosure,filing_count; amount_millions,United States federal,0.8000,reviewed_exact_lda_client_name_source_row,exact-normalized-client-name-match-to-reviewed-canonical-actor,codex-source-audit,2026-07-24,https://lda.gov/filings/public/filing/349571d1-603c-4e4a-8c29-9b046d1ac705/print/,official LDA API filing row matched by exact normalized client name to the reviewed canonical actor; usable as treated visible-lobbying pre/post source surface only; stable cross-source LDA client-ID promotion and comparison-group design remain unresolved
cand-d5522e62fad7,AMERICAN GAS ASSOCIATION,1004898,https://lda.gov/api/v1/clients/176998/,59704fcd-106b-430a-ad08-6c517df15aa5,2008,first_quarter,RA,https://lda.gov/filings/public/filing/59704fcd-106b-430a-ad08-6c517df15aa5/print/,2008-06-16T14:11:26-04:00,AMERICAN GAS ASSOCIATION,BROWN RUDNICK LLP,lda-env,ENV,Environment/Superfund,2008-01-01,2008-03-31,visible_lobbying,visible_lobbying_filing,1.0000,0.0000,Official LDA API,59704fcd-106b-430a-ad08-6c517df15aa5|lda-env|1,treated_hloga_lda_client,hloga-2007-federal-lobbying-disclosure,filing_count; amount_millions,United States federal,0.8000,reviewed_exact_lda_client_name_source_row,exact-normalized-client-name-match-to-reviewed-canonical-actor,codex-source-audit,2026-07-24,https://lda.gov/filings/public/filing/59704fcd-106b-430a-ad08-6c517df15aa5/print/,official LDA API filing row matched by exact normalized client name to the reviewed canonical actor; usable as treated visible-lobbying pre/post source surface only; stable cross-source LDA client-ID promotion and comparison-group design remain unresolved
cand-d5522e62fad7,AMERICAN GAS ASSOCIATION,280,https://lda.gov/api/v1/clients/134347/,8b5396bb-badb-4825-a93d-60f4877b1269,2008,first_quarter,Q1,https://lda.gov/filings/public/filing/8b5396bb-badb-4825-a93d-60f4877b1269/print/,2008-04-16T16:23:42-04:00,AMERICAN GAS ASSOCIATION,NATIONAL ENVIRONMENTAL STRATEGIES,lda-fue,FUE,Fuel/Gas/Oil,2008-01-01,2008-03-31,visible_lobbying,visible_lobbying_filing,1.0000,0.0200,Official LDA API,8b5396bb-badb-4825-a93d-60f4877b1269|lda-fue|1,treated_hloga_lda_client,hloga-2007-federal-lobbying-disclosure,filing_count; amount_millions,United States federal,0.8000,reviewed_exact_lda_client_name_source_row,exact-normalized-client-name-match-to-reviewed-canonical-actor,codex-source-audit,2026-07-24,https://lda.gov/filings/public/filing/8b5396bb-badb-4825-a93d-60f4877b1269/print/,official LDA API filing row matched by exact normalized client name to the reviewed canonical actor; usable as treated visible-lobbying pre/post source surface only; stable cross-source LDA client-ID promotion and comparison-group design remain unresolved
cand-d5522e62fad7,AMERICAN GAS ASSOCIATION,12,https://lda.gov/api/v1/clients/103560/,b7cd366c-b55c-4670-86d2-d7691cb3a48e,2008,first_quarter,Q1,https://lda.gov/filings/public/filing/b7cd366c-b55c-4670-86d2-d7691cb3a48e/print/,2008-04-18T14:32:51-04:00,AMERICAN GAS ASSOCIATION,AMERICAN GAS ASSOCIATION,lda-bud,BUD,Budget/Appropriations,2008-01-01,2008-03-31,visible_lobbying,visible_lobbying_filing,1.0000,0.1500,Official LDA API,b7cd366c-b55c-4670-86d2-d7691cb3a48e|lda-bud|4,treated_hloga_lda_client,hloga-2007-federal-lobbying-disclosure,filing_count; amount_millions,United States federal,0.8000,reviewed_exact_lda_client_name_source_row,exact-normalized-client-name-match-to-reviewed-canonical-actor,codex-source-audit,2026-07-24,https://lda.gov/filings/public/filing/b7cd366c-b55c-4670-86d2-d7691cb3a48e/print/,official LDA API filing row matched by exact normalized client name to the reviewed canonical actor; usable as treated visible-lobbying pre/post source surface only; stable cross-source LDA client-ID promotion and comparison-group design remain unresolved
cand-d5522e62fad7,AMERICAN GAS ASSOCIATION,12,https://lda.gov/api/v1/clients/103560/,b7cd366c-b55c-4670-86d2-d7691cb3a48e,2008,first_quarter,Q1,https://lda.gov/filings/public/filing/b7cd366c-b55c-4670-86d2-d7691cb3a48e/print/,2008-04-18T14:32:51-04:00,AMERICAN GAS ASSOCIATION,AMERICAN GAS ASSOCIATION,lda-eng,ENG,Energy/Nuclear,2008-01-01,2008-03-31,visible_lobbying,visible_lobbying_filing,1.0000,0.1500,Official LDA API,b7cd366c-b55c-4670-86d2-d7691cb3a48e|lda-eng|6,treated_hloga_lda_client,hloga-2007-federal-lobbying-disclosure,filing_count; amount_millions,United States federal,0.8000,reviewed_exact_lda_client_name_source_row,exact-normalized-client-name-match-to-reviewed-canonical-actor,codex-source-audit,2026-07-24,https://lda.gov/filings/public/filing/b7cd366c-b55c-4670-86d2-d7691cb3a48e/print/,official LDA API filing row matched by exact normalized client name to the reviewed canonical actor; usable as treated visible-lobbying pre/post source surface only; stable cross-source LDA client-ID promotion and comparison-group design remain unresolved
cand-d5522e62fad7,AMERICAN GAS ASSOCIATION,12,https://lda.gov/api/v1/clients/103560/,b7cd366c-b55c-4670-86d2-d7691cb3a48e,2008,first_quarter,Q1,https://lda.gov/filings/public/filing/b7cd366c-b55c-4670-86d2-d7691cb3a48e/print/,2008-04-18T14:32:51-04:00,AMERICAN GAS ASSOCIATION,AMERICAN GAS ASSOCIATION,lda-env,ENV,Environment/Superfund,2008-01-01,2008-03-31,visible_lobbying,visible_lobbying_filing,1.0000,0.1500,Official LDA API,b7cd366c-b55c-4670-86d2-d7691cb3a48e|lda-env|5,treated_hloga_lda_client,hloga-2007-federal-lobbying-disclosure,filing_count; amount_millions,United States federal,0.8000,reviewed_exact_lda_client_name_source_row,exact-normalized-client-name-match-to-reviewed-canonical-actor,codex-source-audit,2026-07-24,https://lda.gov/filings/public/filing/b7cd366c-b55c-4670-86d2-d7691cb3a48e/print/,official LDA API filing row matched by exact normalized client name to the reviewed canonical actor; usable as treated visible-lobbying pre/post source surface only; stable cross-source LDA client-ID promotion and comparison-group design remain unresolved
cand-d5522e62fad7,AMERICAN GAS ASSOCIATION,12,https://lda.gov/api/v1/clients/103560/,b7cd366c-b55c-4670-86d2-d7691cb3a48e,2008,first_quarter,Q1,https://lda.gov/filings/public/filing/b7cd366c-b55c-4670-86d2-d7691cb3a48e/print/,2008-04-18T14:32:51-04:00,AMERICAN GAS ASSOCIATION,AMERICAN GAS ASSOCIATION,lda-hom,HOM,Homeland Security,2008-01-01,2008-03-31,visible_lobbying,visible_lobbying_filing,1.0000,0.1500,Official LDA API,b7cd366c-b55c-4670-86d2-d7691cb3a48e|lda-hom|1,treated_hloga_lda_client,hloga-2007-federal-lobbying-disclosure,filing_count; amount_millions,United States federal,0.8000,reviewed_exact_lda_client_name_source_row,exact-normalized-client-name-match-to-reviewed-canonical-actor,codex-source-audit,2026-07-24,https://lda.gov/filings/public/filing/b7cd366c-b55c-4670-86d2-d7691cb3a48e/print/,official LDA API filing row matched by exact normalized client name to the reviewed canonical actor; usable as treated visible-lobbying pre/post source surface only; stable cross-source LDA client-ID promotion and comparison-group design remain unresolved
cand-d5522e62fad7,AMERICAN GAS ASSOCIATION,12,https://lda.gov/api/v1/clients/103560/,b7cd366c-b55c-4670-86d2-d7691cb3a48e,2008,first_quarter,Q1,https://lda.gov/filings/public/filing/b7cd366c-b55c-4670-86d2-d7691cb3a48e/print/,2008-04-18T14:32:51-04:00,AMERICAN GAS ASSOCIATION,AMERICAN GAS ASSOCIATION,lda-tax,TAX,Taxation/Internal Revenue Code,2008-01-01,2008-03-31,visible_lobbying,visible_lobbying_filing,1.0000,0.1500,Official LDA API,b7cd366c-b55c-4670-86d2-d7691cb3a48e|lda-tax|3,treated_hloga_lda_client,hloga-2007-federal-lobbying-disclosure,filing_count; amount_millions,United States federal,0.8000,reviewed_exact_lda_client_name_source_row,exact-normalized-client-name-match-to-reviewed-canonical-actor,codex-source-audit,2026-07-24,https://lda.gov/filings/public/filing/b7cd366c-b55c-4670-86d2-d7691cb3a48e/print/,official LDA API filing row matched by exact normalized client name to the reviewed canonical actor; usable as treated visible-lobbying pre/post source surface only; stable cross-source LDA client-ID promotion and comparison-group design remain unresolved
cand-d5522e62fad7,AMERICAN GAS ASSOCIATION,12,https://lda.gov/api/v1/clients/103560/,b7cd366c-b55c-4670-86d2-d7691cb3a48e,2008,first_quarter,Q1,https://lda.gov/filings/public/filing/b7cd366c-b55c-4670-86d2-d7691cb3a48e/print/,2008-04-18T14:32:51-04:00,AMERICAN GAS ASSOCIATION,AMERICAN GAS ASSOCIATION,lda-tra,TRA,Transportation,2008-01-01,2008-03-31,visible_lobbying,visible_lobbying_filing,1.0000,0.1500,Official LDA API,b7cd366c-b55c-4670-86d2-d7691cb3a48e|lda-tra|2,treated_hloga_lda_client,hloga-2007-federal-lobbying-disclosure,filing_count; amount_millions,United States federal,0.8000,reviewed_exact_lda_client_name_source_row,exact-normalized-client-name-match-to-reviewed-canonical-actor,codex-source-audit,2026-07-24,https://lda.gov/filings/public/filing/b7cd366c-b55c-4670-86d2-d7691cb3a48e/print/,official LDA API filing row matched by exact normalized client name to the reviewed canonical actor; usable as treated visible-lobbying pre/post source surface only; stable cross-source LDA client-ID promotion and comparison-group design remain unresolved
cand-d5522e62fad7,AMERICAN GAS ASSOCIATION,1004898,https://lda.gov/api/v1/clients/176998/,c5a4b324-5d6d-4f90-90ac-901c594fe4cd,2008,first_quarter,RR,https://lda.gov/filings/public/filing/c5a4b324-5d6d-4f90-90ac-901c594fe4cd/print/,2008-01-11T13:12:32-05:00,AMERICAN GAS ASSOCIATION,BROWN RUDNICK LLP,lda-uns,UNS,Unspecified,2008-01-01,2008-03-31,visible_lobbying,visible_lobbying_filing,1.0000,0.0000,Official LDA API,c5a4b324-5d6d-4f90-90ac-901c594fe4cd|lda-uns|1,treated_hloga_lda_client,hloga-2007-federal-lobbying-disclosure,filing_count; amount_millions,United States federal,0.8000,reviewed_exact_lda_client_name_source_row,exact-normalized-client-name-match-to-reviewed-canonical-actor,codex-source-audit,2026-07-24,https://lda.gov/filings/public/filing/c5a4b324-5d6d-4f90-90ac-901c594fe4cd/print/,official LDA API filing row matched by exact normalized client name to the reviewed canonical actor; usable as treated visible-lobbying pre/post source surface only; stable cross-source LDA client-ID promotion and comparison-group design remain unresolved
cand-d5522e62fad7,AMERICAN GAS ASSOCIATION,113,https://lda.gov/api/v1/clients/165556/,4610175e-254b-441f-a18e-f92be227fdd2,2008,second_quarter,Q2,https://lda.gov/filings/public/filing/4610175e-254b-441f-a18e-f92be227fdd2/print/,2008-07-09T10:34:13-04:00,AMERICAN GAS ASSOCIATION,CAPITOL HILL CONSULTING GROUP,lda-eng,ENG,Energy/Nuclear,2008-04-01,2008-06-30,visible_lobbying,visible_lobbying_filing,1.0000,0.0200,Official LDA API,4610175e-254b-441f-a18e-f92be227fdd2|lda-eng|2,treated_hloga_lda_client,hloga-2007-federal-lobbying-disclosure,filing_count; amount_millions,United States federal,0.8000,reviewed_exact_lda_client_name_source_row,exact-normalized-client-name-match-to-reviewed-canonical-actor,codex-source-audit,2026-07-24,https://lda.gov/filings/public/filing/4610175e-254b-441f-a18e-f92be227fdd2/print/,official LDA API filing row matched by exact normalized client name to the reviewed canonical actor; usable as treated visible-lobbying pre/post source surface only; stable cross-source LDA client-ID promotion and comparison-group design remain unresolved
cand-d5522e62fad7,AMERICAN GAS ASSOCIATION,113,https://lda.gov/api/v1/clients/165556/,4610175e-254b-441f-a18e-f92be227fdd2,2008,second_quarter,Q2,https://lda.gov/filings/public/filing/4610175e-254b-441f-a18e-f92be227fdd2/print/,2008-07-09T10:34:13-04:00,AMERICAN GAS ASSOCIATION,CAPITOL HILL CONSULTING GROUP,lda-tax,TAX,Taxation/Internal Revenue Code,2008-04-01,2008-06-30,visible_lobbying,visible_lobbying_filing,1.0000,0.0200,Official LDA API,4610175e-254b-441f-a18e-f92be227fdd2|lda-tax|1,treated_hloga_lda_client,hloga-2007-federal-lobbying-disclosure,filing_count; amount_millions,United States federal,0.8000,reviewed_exact_lda_client_name_source_row,exact-normalized-client-name-match-to-reviewed-canonical-actor,codex-source-audit,2026-07-24,https://lda.gov/filings/public/filing/4610175e-254b-441f-a18e-f92be227fdd2/print/,official LDA API filing row matched by exact normalized client name to the reviewed canonical actor; usable as treated visible-lobbying pre/post source surface only; stable cross-source LDA client-ID promotion and comparison-group design remain unresolved
cand-d5522e62fad7,AMERICAN GAS ASSOCIATION,1004898,https://lda.gov/api/v1/clients/176998/,481463f4-38ac-4914-90b6-0988804d7bc3,2008,second_quarter,Q2,https://lda.gov/filings/public/filing/481463f4-38ac-4914-90b6-0988804d7bc3/print/,2008-07-18T11:26:43-04:00,AMERICAN GAS ASSOCIATION,BROWN RUDNICK LLP,lda-env,ENV,Environment/Superfund,2008-04-01,2008-06-30,visible_lobbying,visible_lobbying_filing,1.0000,0.0200,Official LDA API,481463f4-38ac-4914-90b6-0988804d7bc3|lda-env|1,treated_hloga_lda_client,hloga-2007-federal-lobbying-disclosure,filing_count; amount_millions,United States federal,0.8000,reviewed_exact_lda_client_name_source_row,exact-normalized-client-name-match-to-reviewed-canonical-actor,codex-source-audit,2026-07-24,https://lda.gov/filings/public/filing/481463f4-38ac-4914-90b6-0988804d7bc3/print/,official LDA API filing row matched by exact normalized client name to the reviewed canonical actor; usable as treated visible-lobbying pre/post source surface only; stable cross-source LDA client-ID promotion and comparison-group design remain unresolved
cand-d5522e62fad7,AMERICAN GAS ASSOCIATION,12,https://lda.gov/api/v1/clients/103560/,83e74b37-012c-4aac-9a2b-5807659a815c,2008,second_quarter,Q2,https://lda.gov/filings/public/filing/83e74b37-012c-4aac-9a2b-5807659a815c/print/,2008-07-21T16:32:04-04:00,AMERICAN GAS ASSOCIATION,AMERICAN GAS ASSOCIATION,lda-bud,BUD,Budget/Appropriations,2008-04-01,2008-06-30,visible_lobbying,visible_lobbying_filing,1.0000,0.2200,Official LDA API,83e74b37-012c-4aac-9a2b-5807659a815c|lda-bud|1,treated_hloga_lda_client,hloga-2007-federal-lobbying-disclosure,filing_count; amount_millions,United States federal,0.8000,reviewed_exact_lda_client_name_source_row,exact-normalized-client-name-match-to-reviewed-canonical-actor,codex-source-audit,2026-07-24,https://lda.gov/filings/public/filing/83e74b37-012c-4aac-9a2b-5807659a815c/print/,official LDA API filing row matched by exact normalized client name to the reviewed canonical actor; usable as treated visible-lobbying pre/post source surface only; stable cross-source LDA client-ID promotion and comparison-group design remain unresolved
cand-d5522e62fad7,AMERICAN GAS ASSOCIATION,12,https://lda.gov/api/v1/clients/103560/,83e74b37-012c-4aac-9a2b-5807659a815c,2008,second_quarter,Q2,https://lda.gov/filings/public/filing/83e74b37-012c-4aac-9a2b-5807659a815c/print/,2008-07-21T16:32:04-04:00,AMERICAN GAS ASSOCIATION,AMERICAN GAS ASSOCIATION,lda-eng,ENG,Energy/Nuclear,2008-04-01,2008-06-30,visible_lobbying,visible_lobbying_filing,1.0000,0.2200,Official LDA API,83e74b37-012c-4aac-9a2b-5807659a815c|lda-eng|6,treated_hloga_lda_client,hloga-2007-federal-lobbying-disclosure,filing_count; amount_millions,United States federal,0.8000,reviewed_exact_lda_client_name_source_row,exact-normalized-client-name-match-to-reviewed-canonical-actor,codex-source-audit,2026-07-24,https://lda.gov/filings/public/filing/83e74b37-012c-4aac-9a2b-5807659a815c/print/,official LDA API filing row matched by exact normalized client name to the reviewed canonical actor; usable as treated visible-lobbying pre/post source surface only; stable cross-source LDA client-ID promotion and comparison-group design remain unresolved
cand-d5522e62fad7,AMERICAN GAS ASSOCIATION,12,https://lda.gov/api/v1/clients/103560/,83e74b37-012c-4aac-9a2b-5807659a815c,2008,second_quarter,Q2,https://lda.gov/filings/public/filing/83e74b37-012c-4aac-9a2b-5807659a815c/print/,2008-07-21T16:32:04-04:00,AMERICAN GAS ASSOCIATION,AMERICAN GAS ASSOCIATION,lda-env,ENV,Environment/Superfund,2008-04-01,2008-06-30,visible_lobbying,visible_lobbying_filing,1.0000,0.2200,Official LDA API,83e74b37-012c-4aac-9a2b-5807659a815c|lda-env|5,treated_hloga_lda_client,hloga-2007-federal-lobbying-disclosure,filing_count; amount_millions,United States federal,0.8000,reviewed_exact_lda_client_name_source_row,exact-normalized-client-name-match-to-reviewed-canonical-actor,codex-source-audit,2026-07-24,https://lda.gov/filings/public/filing/83e74b37-012c-4aac-9a2b-5807659a815c/print/,official LDA API filing row matched by exact normalized client name to the reviewed canonical actor; usable as treated visible-lobbying pre/post source surface only; stable cross-source LDA client-ID promotion and comparison-group design remain unresolved
cand-d5522e62fad7,AMERICAN GAS ASSOCIATION,12,https://lda.gov/api/v1/clients/103560/,83e74b37-012c-4aac-9a2b-5807659a815c,2008,second_quarter,Q2,https://lda.gov/filings/public/filing/83e74b37-012c-4aac-9a2b-5807659a815c/print/,2008-07-21T16:32:04-04:00,AMERICAN GAS ASSOCIATION,AMERICAN GAS ASSOCIATION,lda-hom,HOM,Homeland Security,2008-04-01,2008-06-30,visible_lobbying,visible_lobbying_filing,1.0000,0.2200,Official LDA API,83e74b37-012c-4aac-9a2b-5807659a815c|lda-hom|2,treated_hloga_lda_client,hloga-2007-federal-lobbying-disclosure,filing_count; amount_millions,United States federal,0.8000,reviewed_exact_lda_client_name_source_row,exact-normalized-client-name-match-to-reviewed-canonical-actor,codex-source-audit,2026-07-24,https://lda.gov/filings/public/filing/83e74b37-012c-4aac-9a2b-5807659a815c/print/,official LDA API filing row matched by exact normalized client name to the reviewed canonical actor; usable as treated visible-lobbying pre/post source surface only; stable cross-source LDA client-ID promotion and comparison-group design remain unresolved
cand-d5522e62fad7,AMERICAN GAS ASSOCIATION,12,https://lda.gov/api/v1/clients/103560/,83e74b37-012c-4aac-9a2b-5807659a815c,2008,second_quarter,Q2,https://lda.gov/filings/public/filing/83e74b37-012c-4aac-9a2b-5807659a815c/print/,2008-07-21T16:32:04-04:00,AMERICAN GAS ASSOCIATION,AMERICAN GAS ASSOCIATION,lda-tax,TAX,Taxation/Internal Revenue Code,2008-04-01,2008-06-30,visible_lobbying,visible_lobbying_filing,1.0000,0.2200,Official LDA API,83e74b37-012c-4aac-9a2b-5807659a815c|lda-tax|4,treated_hloga_lda_client,hloga-2007-federal-lobbying-disclosure,filing_count; amount_millions,United States federal,0.8000,reviewed_exact_lda_client_name_source_row,exact-normalized-client-name-match-to-reviewed-canonical-actor,codex-source-audit,2026-07-24,https://lda.gov/filings/public/filing/83e74b37-012c-4aac-9a2b-5807659a815c/print/,official LDA API filing row matched by exact normalized client name to the reviewed canonical actor; usable as treated visible-lobbying pre/post source surface only; stable cross-source LDA client-ID promotion and comparison-group design remain unresolved
cand-d5522e62fad7,AMERICAN GAS ASSOCIATION,12,https://lda.gov/api/v1/clients/103560/,83e74b37-012c-4aac-9a2b-5807659a815c,2008,second_quarter,Q2,https://lda.gov/filings/public/filing/83e74b37-012c-4aac-9a2b-5807659a815c/print/,2008-07-21T16:32:04-04:00,AMERICAN GAS ASSOCIATION,AMERICAN GAS ASSOCIATION,lda-tra,TRA,Transportation,2008-04-01,2008-06-30,visible_lobbying,visible_lobbying_filing,1.0000,0.2200,Official LDA API,83e74b37-012c-4aac-9a2b-5807659a815c|lda-tra|3,treated_hloga_lda_client,hloga-2007-federal-lobbying-disclosure,filing_count; amount_millions,United States federal,0.8000,reviewed_exact_lda_client_name_source_row,exact-normalized-client-name-match-to-reviewed-canonical-actor,codex-source-audit,2026-07-24,https://lda.gov/filings/public/filing/83e74b37-012c-4aac-9a2b-5807659a815c/print/,official LDA API filing row matched by exact normalized client name to the reviewed canonical actor; usable as treated visible-lobbying pre/post source surface only; stable cross-source LDA client-ID promotion and comparison-group design remain unresolved
cand-d5522e62fad7,AMERICAN GAS ASSOCIATION,280,https://lda.gov/api/v1/clients/134347/,c704efd3-2014-448c-826d-0e94bd01cd29,2008,second_quarter,Q2,https://lda.gov/filings/public/filing/c704efd3-2014-448c-826d-0e94bd01cd29/print/,2008-07-18T14:59:20-04:00,AMERICAN GAS ASSOCIATION,NATIONAL ENVIRONMENTAL STRATEGIES,lda-fue,FUE,Fuel/Gas/Oil,2008-04-01,2008-06-30,visible_lobbying,visible_lobbying_filing,1.0000,0.0200,Official LDA API,c704efd3-2014-448c-826d-0e94bd01cd29|lda-fue|1,treated_hloga_lda_client,hloga-2007-federal-lobbying-disclosure,filing_count; amount_millions,United States federal,0.8000,reviewed_exact_lda_client_name_source_row,exact-normalized-client-name-match-to-reviewed-canonical-actor,codex-source-audit,2026-07-24,https://lda.gov/filings/public/filing/c704efd3-2014-448c-826d-0e94bd01cd29/print/,official LDA API filing row matched by exact normalized client name to the reviewed canonical actor; usable as treated visible-lobbying pre/post source surface only; stable cross-source LDA client-ID promotion and comparison-group design remain unresolved
cand-d5522e62fad7,AMERICAN GAS ASSOCIATION,113,https://lda.gov/api/v1/clients/165556/,211e5efd-c6e2-4ede-9db2-86f90f186ef1,2008,third_quarter,Q3,https://lda.gov/filings/public/filing/211e5efd-c6e2-4ede-9db2-86f90f186ef1/print/,2008-10-17T11:01:16-04:00,AMERICAN GAS ASSOCIATION,CAPITOL HILL CONSULTING GROUP,lda-eng,ENG,Energy/Nuclear,2008-07-01,2008-09-30,visible_lobbying,visible_lobbying_filing,1.0000,0.0200,Official LDA API,211e5efd-c6e2-4ede-9db2-86f90f186ef1|lda-eng|2,treated_hloga_lda_client,hloga-2007-federal-lobbying-disclosure,filing_count; amount_millions,United States federal,0.8000,reviewed_exact_lda_client_name_source_row,exact-normalized-client-name-match-to-reviewed-canonical-actor,codex-source-audit,2026-07-24,https://lda.gov/filings/public/filing/211e5efd-c6e2-4ede-9db2-86f90f186ef1/print/,official LDA API filing row matched by exact normalized client name to the reviewed canonical actor; usable as treated visible-lobbying pre/post source surface only; stable cross-source LDA client-ID promotion and comparison-group design remain unresolved
cand-d5522e62fad7,AMERICAN GAS ASSOCIATION,113,https://lda.gov/api/v1/clients/165556/,211e5efd-c6e2-4ede-9db2-86f90f186ef1,2008,third_quarter,Q3,https://lda.gov/filings/public/filing/211e5efd-c6e2-4ede-9db2-86f90f186ef1/print/,2008-10-17T11:01:16-04:00,AMERICAN GAS ASSOCIATION,CAPITOL HILL CONSULTING GROUP,lda-tax,TAX,Taxation/Internal Revenue Code,2008-07-01,2008-09-30,visible_lobbying,visible_lobbying_filing,1.0000,0.0200,Official LDA API,211e5efd-c6e2-4ede-9db2-86f90f186ef1|lda-tax|1,treated_hloga_lda_client,hloga-2007-federal-lobbying-disclosure,filing_count; amount_millions,United States federal,0.8000,reviewed_exact_lda_client_name_source_row,exact-normalized-client-name-match-to-reviewed-canonical-actor,codex-source-audit,2026-07-24,https://lda.gov/filings/public/filing/211e5efd-c6e2-4ede-9db2-86f90f186ef1/print/,official LDA API filing row matched by exact normalized client name to the reviewed canonical actor; usable as treated visible-lobbying pre/post source surface only; stable cross-source LDA client-ID promotion and comparison-group design remain unresolved
cand-d5522e62fad7,AMERICAN GAS ASSOCIATION,1004898,https://lda.gov/api/v1/clients/176998/,3520c520-a8ff-4207-8a8c-a7aecad7011b,2008,third_quarter,Q3,https://lda.gov/filings/public/filing/3520c520-a8ff-4207-8a8c-a7aecad7011b/print/,2008-10-17T12:47:47-04:00,AMERICAN GAS ASSOCIATION,BROWN RUDNICK LLP,lda-env,ENV,Environment/Superfund,2008-07-01,2008-09-30,visible_lobbying,visible_lobbying_filing,1.0000,0.0200,Official LDA API,3520c520-a8ff-4207-8a8c-a7aecad7011b|lda-env|1,treated_hloga_lda_client,hloga-2007-federal-lobbying-disclosure,filing_count; amount_millions,United States federal,0.8000,reviewed_exact_lda_client_name_source_row,exact-normalized-client-name-match-to-reviewed-canonical-actor,codex-source-audit,2026-07-24,https://lda.gov/filings/public/filing/3520c520-a8ff-4207-8a8c-a7aecad7011b/print/,official LDA API filing row matched by exact normalized client name to the reviewed canonical actor; usable as treated visible-lobbying pre/post source surface only; stable cross-source LDA client-ID promotion and comparison-group design remain unresolved
cand-d5522e62fad7,AMERICAN GAS ASSOCIATION,12,https://lda.gov/api/v1/clients/103560/,4046d743-5313-4e50-833d-785fb9fdb89c,2008,third_quarter,Q3,https://lda.gov/filings/public/filing/4046d743-5313-4e50-833d-785fb9fdb89c/print/,2008-10-17T15:47:37-04:00,AMERICAN GAS ASSOCIATION,AMERICAN GAS ASSOCIATION,lda-bud,BUD,Budget/Appropriations,2008-07-01,2008-09-30,visible_lobbying,visible_lobbying_filing,1.0000,0.1700,Official LDA API,4046d743-5313-4e50-833d-785fb9fdb89c|lda-bud|4,treated_hloga_lda_client,hloga-2007-federal-lobbying-disclosure,filing_count; amount_millions,United States federal,0.8000,reviewed_exact_lda_client_name_source_row,exact-normalized-client-name-match-to-reviewed-canonical-actor,codex-source-audit,2026-07-24,https://lda.gov/filings/public/filing/4046d743-5313-4e50-833d-785fb9fdb89c/print/,official LDA API filing row matched by exact normalized client name to the reviewed canonical actor; usable as treated visible-lobbying pre/post source surface only; stable cross-source LDA client-ID promotion and comparison-group design remain unresolved
cand-d5522e62fad7,AMERICAN GAS ASSOCIATION,12,https://lda.gov/api/v1/clients/103560/,4046d743-5313-4e50-833d-785fb9fdb89c,2008,third_quarter,Q3,https://lda.gov/filings/public/filing/4046d743-5313-4e50-833d-785fb9fdb89c/print/,2008-10-17T15:47:37-04:00,AMERICAN GAS ASSOCIATION,AMERICAN GAS ASSOCIATION,lda-eng,ENG,Energy/Nuclear,2008-07-01,2008-09-30,visible_lobbying,visible_lobbying_filing,1.0000,0.1700,Official LDA API,4046d743-5313-4e50-833d-785fb9fdb89c|lda-eng|6,treated_hloga_lda_client,hloga-2007-federal-lobbying-disclosure,filing_count; amount_millions,United States federal,0.8000,reviewed_exact_lda_client_name_source_row,exact-normalized-client-name-match-to-reviewed-canonical-actor,codex-source-audit,2026-07-24,https://lda.gov/filings/public/filing/4046d743-5313-4e50-833d-785fb9fdb89c/print/,official LDA API filing row matched by exact normalized client name to the reviewed canonical actor; usable as treated visible-lobbying pre/post source surface only; stable cross-source LDA client-ID promotion and comparison-group design remain unresolved
cand-d5522e62fad7,AMERICAN GAS ASSOCIATION,12,https://lda.gov/api/v1/clients/103560/,4046d743-5313-4e50-833d-785fb9fdb89c,2008,third_quarter,Q3,https://lda.gov/filings/public/filing/4046d743-5313-4e50-833d-785fb9fdb89c/print/,2008-10-17T15:47:37-04:00,AMERICAN GAS ASSOCIATION,AMERICAN GAS ASSOCIATION,lda-env,ENV,Environment/Superfund,2008-07-01,2008-09-30,visible_lobbying,visible_lobbying_filing,1.0000,0.1700,Official LDA API,4046d743-5313-4e50-833d-785fb9fdb89c|lda-env|5,treated_hloga_lda_client,hloga-2007-federal-lobbying-disclosure,filing_count; amount_millions,United States federal,0.8000,reviewed_exact_lda_client_name_source_row,exact-normalized-client-name-match-to-reviewed-canonical-actor,codex-source-audit,2026-07-24,https://lda.gov/filings/public/filing/4046d743-5313-4e50-833d-785fb9fdb89c/print/,official LDA API filing row matched by exact normalized client name to the reviewed canonical actor; usable as treated visible-lobbying pre/post source surface only; stable cross-source LDA client-ID promotion and comparison-group design remain unresolved
cand-d5522e62fad7,AMERICAN GAS ASSOCIATION,12,https://lda.gov/api/v1/clients/103560/,4046d743-5313-4e50-833d-785fb9fdb89c,2008,third_quarter,Q3,https://lda.gov/filings/public/filing/4046d743-5313-4e50-833d-785fb9fdb89c/print/,2008-10-17T15:47:37-04:00,AMERICAN GAS ASSOCIATION,AMERICAN GAS ASSOCIATION,lda-hom,HOM,Homeland Security,2008-07-01,2008-09-30,visible_lobbying,visible_lobbying_filing,1.0000,0.1700,Official LDA API,4046d743-5313-4e50-833d-785fb9fdb89c|lda-hom|3,treated_hloga_lda_client,hloga-2007-federal-lobbying-disclosure,filing_count; amount_millions,United States federal,0.8000,reviewed_exact_lda_client_name_source_row,exact-normalized-client-name-match-to-reviewed-canonical-actor,codex-source-audit,2026-07-24,https://lda.gov/filings/public/filing/4046d743-5313-4e50-833d-785fb9fdb89c/print/,official LDA API filing row matched by exact normalized client name to the reviewed canonical actor; usable as treated visible-lobbying pre/post source surface only; stable cross-source LDA client-ID promotion and comparison-group design remain unresolved
cand-d5522e62fad7,AMERICAN GAS ASSOCIATION,12,https://lda.gov/api/v1/clients/103560/,4046d743-5313-4e50-833d-785fb9fdb89c,2008,third_quarter,Q3,https://lda.gov/filings/public/filing/4046d743-5313-4e50-833d-785fb9fdb89c/print/,2008-10-17T15:47:37-04:00,AMERICAN GAS ASSOCIATION,AMERICAN GAS ASSOCIATION,lda-tax,TAX,Taxation/Internal Revenue Code,2008-07-01,2008-09-30,visible_lobbying,visible_lobbying_filing,1.0000,0.1700,Official LDA API,4046d743-5313-4e50-833d-785fb9fdb89c|lda-tax|1,treated_hloga_lda_client,hloga-2007-federal-lobbying-disclosure,filing_count; amount_millions,United States federal,0.8000,reviewed_exact_lda_client_name_source_row,exact-normalized-client-name-match-to-reviewed-canonical-actor,codex-source-audit,2026-07-24,https://lda.gov/filings/public/filing/4046d743-5313-4e50-833d-785fb9fdb89c/print/,official LDA API filing row matched by exact normalized client name to the reviewed canonical actor; usable as treated visible-lobbying pre/post source surface only; stable cross-source LDA client-ID promotion and comparison-group design remain unresolved
cand-d5522e62fad7,AMERICAN GAS ASSOCIATION,12,https://lda.gov/api/v1/clients/103560/,4046d743-5313-4e50-833d-785fb9fdb89c,2008,third_quarter,Q3,https://lda.gov/filings/public/filing/4046d743-5313-4e50-833d-785fb9fdb89c/print/,2008-10-17T15:47:37-04:00,AMERICAN GAS ASSOCIATION,AMERICAN GAS ASSOCIATION,lda-tra,TRA,Transportation,2008-07-01,2008-09-30,visible_lobbying,visible_lobbying_filing,1.0000,0.1700,Official LDA API,4046d743-5313-4e50-833d-785fb9fdb89c|lda-tra|2,treated_hloga_lda_client,hloga-2007-federal-lobbying-disclosure,filing_count; amount_millions,United States federal,0.8000,reviewed_exact_lda_client_name_source_row,exact-normalized-client-name-match-to-reviewed-canonical-actor,codex-source-audit,2026-07-24,https://lda.gov/filings/public/filing/4046d743-5313-4e50-833d-785fb9fdb89c/print/,official LDA API filing row matched by exact normalized client name to the reviewed canonical actor; usable as treated visible-lobbying pre/post source surface only; stable cross-source LDA client-ID promotion and comparison-group design remain unresolved
cand-d5522e62fad7,AMERICAN GAS ASSOCIATION,280,https://lda.gov/api/v1/clients/134347/,e195369f-fc09-4658-bb9b-5ae5de5d4578,2008,third_quarter,Q3,https://lda.gov/filings/public/filing/e195369f-fc09-4658-bb9b-5ae5de5d4578/print/,2008-10-16T13:31:53-04:00,AMERICAN GAS ASSOCIATION,NATIONAL ENVIRONMENTAL STRATEGIES,lda-fue,FUE,Fuel/Gas/Oil,2008-07-01,2008-09-30,visible_lobbying,visible_lobbying_filing,1.0000,0.0200,Official LDA API,e195369f-fc09-4658-bb9b-5ae5de5d4578|lda-fue|1,treated_hloga_lda_client,hloga-2007-federal-lobbying-disclosure,filing_count; amount_millions,United States federal,0.8000,reviewed_exact_lda_client_name_source_row,exact-normalized-client-name-match-to-reviewed-canonical-actor,codex-source-audit,2026-07-24,https://lda.gov/filings/public/filing/e195369f-fc09-4658-bb9b-5ae5de5d4578/print/,official LDA API filing row matched by exact normalized client name to the reviewed canonical actor; usable as treated visible-lobbying pre/post source surface only; stable cross-source LDA client-ID promotion and comparison-group design remain unresolved
cand-d5522e62fad7,AMERICAN GAS ASSOCIATION,1004898,https://lda.gov/api/v1/clients/176998/,24bdff91-70b3-40c5-a276-0684c8c64ea0,2008,fourth_quarter,Q4,https://lda.gov/filings/public/filing/24bdff91-70b3-40c5-a276-0684c8c64ea0/print/,2009-01-14T09:52:27-05:00,AMERICAN GAS ASSOCIATION,BROWN RUDNICK LLP,lda-env,ENV,Environment/Superfund,2008-10-01,2008-12-31,visible_lobbying,visible_lobbying_filing,1.0000,0.0200,Official LDA API,24bdff91-70b3-40c5-a276-0684c8c64ea0|lda-env|1,treated_hloga_lda_client,hloga-2007-federal-lobbying-disclosure,filing_count; amount_millions,United States federal,0.8000,reviewed_exact_lda_client_name_source_row,exact-normalized-client-name-match-to-reviewed-canonical-actor,codex-source-audit,2026-07-24,https://lda.gov/filings/public/filing/24bdff91-70b3-40c5-a276-0684c8c64ea0/print/,official LDA API filing row matched by exact normalized client name to the reviewed canonical actor; usable as treated visible-lobbying pre/post source surface only; stable cross-source LDA client-ID promotion and comparison-group design remain unresolved
cand-d5522e62fad7,AMERICAN GAS ASSOCIATION,280,https://lda.gov/api/v1/clients/134347/,60a13d81-0ddc-4284-ad8d-815f86bc07da,2008,fourth_quarter,Q4,https://lda.gov/filings/public/filing/60a13d81-0ddc-4284-ad8d-815f86bc07da/print/,2009-01-14T11:13:32-05:00,AMERICAN GAS ASSOCIATION,NATIONAL ENVIRONMENTAL STRATEGIES,lda-fue,FUE,Fuel/Gas/Oil,2008-10-01,2008-12-31,visible_lobbying,visible_lobbying_filing,1.0000,0.0200,Official LDA API,60a13d81-0ddc-4284-ad8d-815f86bc07da|lda-fue|1,treated_hloga_lda_client,hloga-2007-federal-lobbying-disclosure,filing_count; amount_millions,United States federal,0.8000,reviewed_exact_lda_client_name_source_row,exact-normalized-client-name-match-to-reviewed-canonical-actor,codex-source-audit,2026-07-24,https://lda.gov/filings/public/filing/60a13d81-0ddc-4284-ad8d-815f86bc07da/print/,official LDA API filing row matched by exact normalized client name to the reviewed canonical actor; usable as treated visible-lobbying pre/post source surface only; stable cross-source LDA client-ID promotion and comparison-group design remain unresolved
cand-d5522e62fad7,AMERICAN GAS ASSOCIATION,113,https://lda.gov/api/v1/clients/165556/,77db7fcf-aedc-4f36-adf0-1a57a8879b7a,2008,fourth_quarter,Q4,https://lda.gov/filings/public/filing/77db7fcf-aedc-4f36-adf0-1a57a8879b7a/print/,2009-01-15T13:26:34-05:00,AMERICAN GAS ASSOCIATION,CAPITOL HILL CONSULTING GROUP,lda-bud,BUD,Budget/Appropriations,2008-10-01,2008-12-31,visible_lobbying,visible_lobbying_filing,1.0000,0.0200,Official LDA API,77db7fcf-aedc-4f36-adf0-1a57a8879b7a|lda-bud|3,treated_hloga_lda_client,hloga-2007-federal-lobbying-disclosure,filing_count; amount_millions,United States federal,0.8000,reviewed_exact_lda_client_name_source_row,exact-normalized-client-name-match-to-reviewed-canonical-actor,codex-source-audit,2026-07-24,https://lda.gov/filings/public/filing/77db7fcf-aedc-4f36-adf0-1a57a8879b7a/print/,official LDA API filing row matched by exact normalized client name to the reviewed canonical actor; usable as treated visible-lobbying pre/post source surface only; stable cross-source LDA client-ID promotion and comparison-group design remain unresolved
cand-d5522e62fad7,AMERICAN GAS ASSOCIATION,113,https://lda.gov/api/v1/clients/165556/,77db7fcf-aedc-4f36-adf0-1a57a8879b7a,2008,fourth_quarter,Q4,https://lda.gov/filings/public/filing/77db7fcf-aedc-4f36-adf0-1a57a8879b7a/print/,2009-01-15T13:26:34-05:00,AMERICAN GAS ASSOCIATION,CAPITOL HILL CONSULTING GROUP,lda-eng,ENG,Energy/Nuclear,2008-10-01,2008-12-31,visible_lobbying,visible_lobbying_filing,1.0000,0.0200,Official LDA API,77db7fcf-aedc-4f36-adf0-1a57a8879b7a|lda-eng|2,treated_hloga_lda_client,hloga-2007-federal-lobbying-disclosure,filing_count; amount_millions,United States federal,0.8000,reviewed_exact_lda_client_name_source_row,exact-normalized-client-name-match-to-reviewed-canonical-actor,codex-source-audit,2026-07-24,https://lda.gov/filings/public/filing/77db7fcf-aedc-4f36-adf0-1a57a8879b7a/print/,official LDA API filing row matched by exact normalized client name to the reviewed canonical actor; usable as treated visible-lobbying pre/post source surface only; stable cross-source LDA client-ID promotion and comparison-group design remain unresolved
cand-d5522e62fad7,AMERICAN GAS ASSOCIATION,113,https://lda.gov/api/v1/clients/165556/,77db7fcf-aedc-4f36-adf0-1a57a8879b7a,2008,fourth_quarter,Q4,https://lda.gov/filings/public/filing/77db7fcf-aedc-4f36-adf0-1a57a8879b7a/print/,2009-01-15T13:26:34-05:00,AMERICAN GAS ASSOCIATION,CAPITOL HILL CONSULTING GROUP,lda-tax,TAX,Taxation/Internal Revenue Code,2008-10-01,2008-12-31,visible_lobbying,visible_lobbying_filing,1.0000,0.0200,Official LDA API,77db7fcf-aedc-4f36-adf0-1a57a8879b7a|lda-tax|1,treated_hloga_lda_client,hloga-2007-federal-lobbying-disclosure,filing_count; amount_millions,United States federal,0.8000,reviewed_exact_lda_client_name_source_row,exact-normalized-client-name-match-to-reviewed-canonical-actor,codex-source-audit,2026-07-24,https://lda.gov/filings/public/filing/77db7fcf-aedc-4f36-adf0-1a57a8879b7a/print/,official LDA API filing row matched by exact normalized client name to the reviewed canonical actor; usable as treated visible-lobbying pre/post source surface only; stable cross-source LDA client-ID promotion and comparison-group design remain unresolved
cand-d5522e62fad7,AMERICAN GAS ASSOCIATION,12,https://lda.gov/api/v1/clients/103560/,8034f4c6-d1af-4d18-a408-cd14611cb068,2008,fourth_quarter,Q4,https://lda.gov/filings/public/filing/8034f4c6-d1af-4d18-a408-cd14611cb068/print/,2009-01-21T15:35:37-05:00,AMERICAN GAS ASSOCIATION,AMERICAN GAS ASSOCIATION,lda-bud,BUD,Budget/Appropriations,2008-10-01,2008-12-31,visible_lobbying,visible_lobbying_filing,1.0000,0.3000,Official LDA API,8034f4c6-d1af-4d18-a408-cd14611cb068|lda-bud|5,treated_hloga_lda_client,hloga-2007-federal-lobbying-disclosure,filing_count; amount_millions,United States federal,0.8000,reviewed_exact_lda_client_name_source_row,exact-normalized-client-name-match-to-reviewed-canonical-actor,codex-source-audit,2026-07-24,https://lda.gov/filings/public/filing/8034f4c6-d1af-4d18-a408-cd14611cb068/print/,official LDA API filing row matched by exact normalized client name to the reviewed canonical actor; usable as treated visible-lobbying pre/post source surface only; stable cross-source LDA client-ID promotion and comparison-group design remain unresolved
cand-d5522e62fad7,AMERICAN GAS ASSOCIATION,12,https://lda.gov/api/v1/clients/103560/,8034f4c6-d1af-4d18-a408-cd14611cb068,2008,fourth_quarter,Q4,https://lda.gov/filings/public/filing/8034f4c6-d1af-4d18-a408-cd14611cb068/print/,2009-01-21T15:35:37-05:00,AMERICAN GAS ASSOCIATION,AMERICAN GAS ASSOCIATION,lda-eng,ENG,Energy/Nuclear,2008-10-01,2008-12-31,visible_lobbying,visible_lobbying_filing,1.0000,0.3000,Official LDA API,8034f4c6-d1af-4d18-a408-cd14611cb068|lda-eng|2,treated_hloga_lda_client,hloga-2007-federal-lobbying-disclosure,filing_count; amount_millions,United States federal,0.8000,reviewed_exact_lda_client_name_source_row,exact-normalized-client-name-match-to-reviewed-canonical-actor,codex-source-audit,2026-07-24,https://lda.gov/filings/public/filing/8034f4c6-d1af-4d18-a408-cd14611cb068/print/,official LDA API filing row matched by exact normalized client name to the reviewed canonical actor; usable as treated visible-lobbying pre/post source surface only; stable cross-source LDA client-ID promotion and comparison-group design remain unresolved
cand-d5522e62fad7,AMERICAN GAS ASSOCIATION,12,https://lda.gov/api/v1/clients/103560/,8034f4c6-d1af-4d18-a408-cd14611cb068,2008,fourth_quarter,Q4,https://lda.gov/filings/public/filing/8034f4c6-d1af-4d18-a408-cd14611cb068/print/,2009-01-21T15:35:37-05:00,AMERICAN GAS ASSOCIATION,AMERICAN GAS ASSOCIATION,lda-env,ENV,Environment/Superfund,2008-10-01,2008-12-31,visible_lobbying,visible_lobbying_filing,1.0000,0.3000,Official LDA API,8034f4c6-d1af-4d18-a408-cd14611cb068|lda-env|6,treated_hloga_lda_client,hloga-2007-federal-lobbying-disclosure,filing_count; amount_millions,United States federal,0.8000,reviewed_exact_lda_client_name_source_row,exact-normalized-client-name-match-to-reviewed-canonical-actor,codex-source-audit,2026-07-24,https://lda.gov/filings/public/filing/8034f4c6-d1af-4d18-a408-cd14611cb068/print/,official LDA API filing row matched by exact normalized client name to the reviewed canonical actor; usable as treated visible-lobbying pre/post source surface only; stable cross-source LDA client-ID promotion and comparison-group design remain unresolved
cand-d5522e62fad7,AMERICAN GAS ASSOCIATION,12,https://lda.gov/api/v1/clients/103560/,8034f4c6-d1af-4d18-a408-cd14611cb068,2008,fourth_quarter,Q4,https://lda.gov/filings/public/filing/8034f4c6-d1af-4d18-a408-cd14611cb068/print/,2009-01-21T15:35:37-05:00,AMERICAN GAS ASSOCIATION,AMERICAN GAS ASSOCIATION,lda-hom,HOM,Homeland Security,2008-10-01,2008-12-31,visible_lobbying,visible_lobbying_filing,1.0000,0.3000,Official LDA API,8034f4c6-d1af-4d18-a408-cd14611cb068|lda-hom|3,treated_hloga_lda_client,hloga-2007-federal-lobbying-disclosure,filing_count; amount_millions,United States federal,0.8000,reviewed_exact_lda_client_name_source_row,exact-normalized-client-name-match-to-reviewed-canonical-actor,codex-source-audit,2026-07-24,https://lda.gov/filings/public/filing/8034f4c6-d1af-4d18-a408-cd14611cb068/print/,official LDA API filing row matched by exact normalized client name to the reviewed canonical actor; usable as treated visible-lobbying pre/post source surface only; stable cross-source LDA client-ID promotion and comparison-group design remain unresolved
cand-d5522e62fad7,AMERICAN GAS ASSOCIATION,12,https://lda.gov/api/v1/clients/103560/,8034f4c6-d1af-4d18-a408-cd14611cb068,2008,fourth_quarter,Q4,https://lda.gov/filings/public/filing/8034f4c6-d1af-4d18-a408-cd14611cb068/print/,2009-01-21T15:35:37-05:00,AMERICAN GAS ASSOCIATION,AMERICAN GAS ASSOCIATION,lda-tax,TAX,Taxation/Internal Revenue Code,2008-10-01,2008-12-31,visible_lobbying,visible_lobbying_filing,1.0000,0.3000,Official LDA API,8034f4c6-d1af-4d18-a408-cd14611cb068|lda-tax|4,treated_hloga_lda_client,hloga-2007-federal-lobbying-disclosure,filing_count; amount_millions,United States federal,0.8000,reviewed_exact_lda_client_name_source_row,exact-normalized-client-name-match-to-reviewed-canonical-actor,codex-source-audit,2026-07-24,https://lda.gov/filings/public/filing/8034f4c6-d1af-4d18-a408-cd14611cb068/print/,official LDA API filing row matched by exact normalized client name to the reviewed canonical actor; usable as treated visible-lobbying pre/post source surface only; stable cross-source LDA client-ID promotion and comparison-group design remain unresolved
cand-d5522e62fad7,AMERICAN GAS ASSOCIATION,12,https://lda.gov/api/v1/clients/103560/,8034f4c6-d1af-4d18-a408-cd14611cb068,2008,fourth_quarter,Q4,https://lda.gov/filings/public/filing/8034f4c6-d1af-4d18-a408-cd14611cb068/print/,2009-01-21T15:35:37-05:00,AMERICAN GAS ASSOCIATION,AMERICAN GAS ASSOCIATION,lda-tra,TRA,Transportation,2008-10-01,2008-12-31,visible_lobbying,visible_lobbying_filing,1.0000,0.3000,Official LDA API,8034f4c6-d1af-4d18-a408-cd14611cb068|lda-tra|1,treated_hloga_lda_client,hloga-2007-federal-lobbying-disclosure,filing_count; amount_millions,United States federal,0.8000,reviewed_exact_lda_client_name_source_row,exact-normalized-client-name-match-to-reviewed-canonical-actor,codex-source-audit,2026-07-24,https://lda.gov/filings/public/filing/8034f4c6-d1af-4d18-a408-cd14611cb068/print/,official LDA API filing row matched by exact normalized client name to the reviewed canonical actor; usable as treated visible-lobbying pre/post source surface only; stable cross-source LDA client-ID promotion and comparison-group design remain unresolved
cand-f7178708cc78,AMERICAN ASSOCIATION FOR JUSTICE,12,https://lda.gov/api/v1/clients/104895/,18227801-60a1-4a29-adc6-ef2292d3d0cd,2007,mid_year,MM,https://lda.gov/filings/public/filing/18227801-60a1-4a29-adc6-ef2292d3d0cd/print/,2007-07-27T00:00:00-04:00,AMERICAN ASSOCIATION FOR JUSTICE,AMERICAN ASSOCIATION FOR JUSTICE,lda-bud,BUD,Budget/Appropriations,2007-01-01,2007-06-30,visible_lobbying,visible_lobbying_filing,1.0000,3.0600,Official LDA API,18227801-60a1-4a29-adc6-ef2292d3d0cd|lda-bud|8,treated_hloga_lda_client,hloga-2007-federal-lobbying-disclosure,filing_count; amount_millions,United States federal,0.8000,reviewed_exact_lda_client_name_source_row,exact-normalized-client-name-match-to-reviewed-canonical-actor,codex-source-audit,2026-07-24,https://lda.gov/filings/public/filing/18227801-60a1-4a29-adc6-ef2292d3d0cd/print/,official LDA API filing row matched by exact normalized client name to the reviewed canonical actor; usable as treated visible-lobbying pre/post source surface only; stable cross-source LDA client-ID promotion and comparison-group design remain unresolved
cand-f7178708cc78,AMERICAN ASSOCIATION FOR JUSTICE,12,https://lda.gov/api/v1/clients/104895/,18227801-60a1-4a29-adc6-ef2292d3d0cd,2007,mid_year,MM,https://lda.gov/filings/public/filing/18227801-60a1-4a29-adc6-ef2292d3d0cd/print/,2007-07-27T00:00:00-04:00,AMERICAN ASSOCIATION FOR JUSTICE,AMERICAN ASSOCIATION FOR JUSTICE,lda-csp,CSP,Consumer Issues/Safety/Products,2007-01-01,2007-06-30,visible_lobbying,visible_lobbying_filing,1.0000,3.0600,Official LDA API,18227801-60a1-4a29-adc6-ef2292d3d0cd|lda-csp|10,treated_hloga_lda_client,hloga-2007-federal-lobbying-disclosure,filing_count; amount_millions,United States federal,0.8000,reviewed_exact_lda_client_name_source_row,exact-normalized-client-name-match-to-reviewed-canonical-actor,codex-source-audit,2026-07-24,https://lda.gov/filings/public/filing/18227801-60a1-4a29-adc6-ef2292d3d0cd/print/,official LDA API filing row matched by exact normalized client name to the reviewed canonical actor; usable as treated visible-lobbying pre/post source surface only; stable cross-source LDA client-ID promotion and comparison-group design remain unresolved
cand-f7178708cc78,AMERICAN ASSOCIATION FOR JUSTICE,12,https://lda.gov/api/v1/clients/104895/,18227801-60a1-4a29-adc6-ef2292d3d0cd,2007,mid_year,MM,https://lda.gov/filings/public/filing/18227801-60a1-4a29-adc6-ef2292d3d0cd/print/,2007-07-27T00:00:00-04:00,AMERICAN ASSOCIATION FOR JUSTICE,AMERICAN ASSOCIATION FOR JUSTICE,lda-fin,FIN,Financial Institutions/Investments/Securities,2007-01-01,2007-06-30,visible_lobbying,visible_lobbying_filing,1.0000,3.0600,Official LDA API,18227801-60a1-4a29-adc6-ef2292d3d0cd|lda-fin|3,treated_hloga_lda_client,hloga-2007-federal-lobbying-disclosure,filing_count; amount_millions,United States federal,0.8000,reviewed_exact_lda_client_name_source_row,exact-normalized-client-name-match-to-reviewed-canonical-actor,codex-source-audit,2026-07-24,https://lda.gov/filings/public/filing/18227801-60a1-4a29-adc6-ef2292d3d0cd/print/,official LDA API filing row matched by exact normalized client name to the reviewed canonical actor; usable as treated visible-lobbying pre/post source surface only; stable cross-source LDA client-ID promotion and comparison-group design remain unresolved
cand-f7178708cc78,AMERICAN ASSOCIATION FOR JUSTICE,12,https://lda.gov/api/v1/clients/104895/,18227801-60a1-4a29-adc6-ef2292d3d0cd,2007,mid_year,MM,https://lda.gov/filings/public/filing/18227801-60a1-4a29-adc6-ef2292d3d0cd/print/,2007-07-27T00:00:00-04:00,AMERICAN ASSOCIATION FOR JUSTICE,AMERICAN ASSOCIATION FOR JUSTICE,lda-gov,GOV,Government Issues,2007-01-01,2007-06-30,visible_lobbying,visible_lobbying_filing,1.0000,3.0600,Official LDA API,18227801-60a1-4a29-adc6-ef2292d3d0cd|lda-gov|1,treated_hloga_lda_client,hloga-2007-federal-lobbying-disclosure,filing_count; amount_millions,United States federal,0.8000,reviewed_exact_lda_client_name_source_row,exact-normalized-client-name-match-to-reviewed-canonical-actor,codex-source-audit,2026-07-24,https://lda.gov/filings/public/filing/18227801-60a1-4a29-adc6-ef2292d3d0cd/print/,official LDA API filing row matched by exact normalized client name to the reviewed canonical actor; usable as treated visible-lobbying pre/post source surface only; stable cross-source LDA client-ID promotion and comparison-group design remain unresolved
cand-f7178708cc78,AMERICAN ASSOCIATION FOR JUSTICE,12,https://lda.gov/api/v1/clients/104895/,18227801-60a1-4a29-adc6-ef2292d3d0cd,2007,mid_year,MM,https://lda.gov/filings/public/filing/18227801-60a1-4a29-adc6-ef2292d3d0cd/print/,2007-07-27T00:00:00-04:00,AMERICAN ASSOCIATION FOR JUSTICE,AMERICAN ASSOCIATION FOR JUSTICE,lda-hcr,HCR,Health Issues,2007-01-01,2007-06-30,visible_lobbying,visible_lobbying_filing,1.0000,3.0600,Official LDA API,18227801-60a1-4a29-adc6-ef2292d3d0cd|lda-hcr|5,treated_hloga_lda_client,hloga-2007-federal-lobbying-disclosure,filing_count; amount_millions,United States federal,0.8000,reviewed_exact_lda_client_name_source_row,exact-normalized-client-name-match-to-reviewed-canonical-actor,codex-source-audit,2026-07-24,https://lda.gov/filings/public/filing/18227801-60a1-4a29-adc6-ef2292d3d0cd/print/,official LDA API filing row matched by exact normalized client name to the reviewed canonical actor; usable as treated visible-lobbying pre/post source surface only; stable cross-source LDA client-ID promotion and comparison-group design remain unresolved
cand-f7178708cc78,AMERICAN ASSOCIATION FOR JUSTICE,12,https://lda.gov/api/v1/clients/104895/,18227801-60a1-4a29-adc6-ef2292d3d0cd,2007,mid_year,MM,https://lda.gov/filings/public/filing/18227801-60a1-4a29-adc6-ef2292d3d0cd/print/,2007-07-27T00:00:00-04:00,AMERICAN ASSOCIATION FOR JUSTICE,AMERICAN ASSOCIATION FOR JUSTICE,lda-hom,HOM,Homeland Security,2007-01-01,2007-06-30,visible_lobbying,visible_lobbying_filing,1.0000,3.0600,Official LDA API,18227801-60a1-4a29-adc6-ef2292d3d0cd|lda-hom|11,treated_hloga_lda_client,hloga-2007-federal-lobbying-disclosure,filing_count; amount_millions,United States federal,0.8000,reviewed_exact_lda_client_name_source_row,exact-normalized-client-name-match-to-reviewed-canonical-actor,codex-source-audit,2026-07-24,https://lda.gov/filings/public/filing/18227801-60a1-4a29-adc6-ef2292d3d0cd/print/,official LDA API filing row matched by exact normalized client name to the reviewed canonical actor; usable as treated visible-lobbying pre/post source surface only; stable cross-source LDA client-ID promotion and comparison-group design remain unresolved
cand-f7178708cc78,AMERICAN ASSOCIATION FOR JUSTICE,12,https://lda.gov/api/v1/clients/104895/,18227801-60a1-4a29-adc6-ef2292d3d0cd,2007,mid_year,MM,https://lda.gov/filings/public/filing/18227801-60a1-4a29-adc6-ef2292d3d0cd/print/,2007-07-27T00:00:00-04:00,AMERICAN ASSOCIATION FOR JUSTICE,AMERICAN ASSOCIATION FOR JUSTICE,lda-ins,INS,Insurance,2007-01-01,2007-06-30,visible_lobbying,visible_lobbying_filing,1.0000,3.0600,Official LDA API,18227801-60a1-4a29-adc6-ef2292d3d0cd|lda-ins|9,treated_hloga_lda_client,hloga-2007-federal-lobbying-disclosure,filing_count; amount_millions,United States federal,0.8000,reviewed_exact_lda_client_name_source_row,exact-normalized-client-name-match-to-reviewed-canonical-actor,codex-source-audit,2026-07-24,https://lda.gov/filings/public/filing/18227801-60a1-4a29-adc6-ef2292d3d0cd/print/,official LDA API filing row matched by exact normalized client name to the reviewed canonical actor; usable as treated visible-lobbying pre/post source surface only; stable cross-source LDA client-ID promotion and comparison-group design remain unresolved
cand-f7178708cc78,AMERICAN ASSOCIATION FOR JUSTICE,12,https://lda.gov/api/v1/clients/104895/,18227801-60a1-4a29-adc6-ef2292d3d0cd,2007,mid_year,MM,https://lda.gov/filings/public/filing/18227801-60a1-4a29-adc6-ef2292d3d0cd/print/,2007-07-27T00:00:00-04:00,AMERICAN ASSOCIATION FOR JUSTICE,AMERICAN ASSOCIATION FOR JUSTICE,lda-mar,MAR,Marine/Maritime/Boating/Fisheries,2007-01-01,2007-06-30,visible_lobbying,visible_lobbying_filing,1.0000,3.0600,Official LDA API,18227801-60a1-4a29-adc6-ef2292d3d0cd|lda-mar|7,treated_hloga_lda_client,hloga-2007-federal-lobbying-disclosure,filing_count; amount_millions,United States federal,0.8000,reviewed_exact_lda_client_name_source_row,exact-normalized-client-name-match-to-reviewed-canonical-actor,codex-source-audit,2026-07-24,https://lda.gov/filings/public/filing/18227801-60a1-4a29-adc6-ef2292d3d0cd/print/,official LDA API filing row matched by exact normalized client name to the reviewed canonical actor; usable as treated visible-lobbying pre/post source surface only; stable cross-source LDA client-ID promotion and comparison-group design remain unresolved
cand-f7178708cc78,AMERICAN ASSOCIATION FOR JUSTICE,12,https://lda.gov/api/v1/clients/104895/,18227801-60a1-4a29-adc6-ef2292d3d0cd,2007,mid_year,MM,https://lda.gov/filings/public/filing/18227801-60a1-4a29-adc6-ef2292d3d0cd/print/,2007-07-27T00:00:00-04:00,AMERICAN ASSOCIATION FOR JUSTICE,AMERICAN ASSOCIATION FOR JUSTICE,lda-rrr,RRR,Railroads,2007-01-01,2007-06-30,visible_lobbying,visible_lobbying_filing,1.0000,3.0600,Official LDA API,18227801-60a1-4a29-adc6-ef2292d3d0cd|lda-rrr|2,treated_hloga_lda_client,hloga-2007-federal-lobbying-disclosure,filing_count; amount_millions,United States federal,0.8000,reviewed_exact_lda_client_name_source_row,exact-normalized-client-name-match-to-reviewed-canonical-actor,codex-source-audit,2026-07-24,https://lda.gov/filings/public/filing/18227801-60a1-4a29-adc6-ef2292d3d0cd/print/,official LDA API filing row matched by exact normalized client name to the reviewed canonical actor; usable as treated visible-lobbying pre/post source surface only; stable cross-source LDA client-ID promotion and comparison-group design remain unresolved
cand-f7178708cc78,AMERICAN ASSOCIATION FOR JUSTICE,12,https://lda.gov/api/v1/clients/104895/,18227801-60a1-4a29-adc6-ef2292d3d0cd,2007,mid_year,MM,https://lda.gov/filings/public/filing/18227801-60a1-4a29-adc6-ef2292d3d0cd/print/,2007-07-27T00:00:00-04:00,AMERICAN ASSOCIATION FOR JUSTICE,AMERICAN ASSOCIATION FOR JUSTICE,lda-tax,TAX,Taxation/Internal Revenue Code,2007-01-01,2007-06-30,visible_lobbying,visible_lobbying_filing,1.0000,3.0600,Official LDA API,18227801-60a1-4a29-adc6-ef2292d3d0cd|lda-tax|4,treated_hloga_lda_client,hloga-2007-federal-lobbying-disclosure,filing_count; amount_millions,United States federal,0.8000,reviewed_exact_lda_client_name_source_row,exact-normalized-client-name-match-to-reviewed-canonical-actor,codex-source-audit,2026-07-24,https://lda.gov/filings/public/filing/18227801-60a1-4a29-adc6-ef2292d3d0cd/print/,official LDA API filing row matched by exact normalized client name to the reviewed canonical actor; usable as treated visible-lobbying pre/post source surface only; stable cross-source LDA client-ID promotion and comparison-group design remain unresolved
cand-f7178708cc78,AMERICAN ASSOCIATION FOR JUSTICE,12,https://lda.gov/api/v1/clients/104895/,18227801-60a1-4a29-adc6-ef2292d3d0cd,2007,mid_year,MM,https://lda.gov/filings/public/filing/18227801-60a1-4a29-adc6-ef2292d3d0cd/print/,2007-07-27T00:00:00-04:00,AMERICAN ASSOCIATION FOR JUSTICE,AMERICAN ASSOCIATION FOR JUSTICE,lda-tor,TOR,Torts,2007-01-01,2007-06-30,visible_lobbying,visible_lobbying_filing,1.0000,3.0600,Official LDA API,18227801-60a1-4a29-adc6-ef2292d3d0cd|lda-tor|12,treated_hloga_lda_client,hloga-2007-federal-lobbying-disclosure,filing_count; amount_millions,United States federal,0.8000,reviewed_exact_lda_client_name_source_row,exact-normalized-client-name-match-to-reviewed-canonical-actor,codex-source-audit,2026-07-24,https://lda.gov/filings/public/filing/18227801-60a1-4a29-adc6-ef2292d3d0cd/print/,official LDA API filing row matched by exact normalized client name to the reviewed canonical actor; usable as treated visible-lobbying pre/post source surface only; stable cross-source LDA client-ID promotion and comparison-group design remain unresolved
cand-f7178708cc78,AMERICAN ASSOCIATION FOR JUSTICE,12,https://lda.gov/api/v1/clients/104895/,18227801-60a1-4a29-adc6-ef2292d3d0cd,2007,mid_year,MM,https://lda.gov/filings/public/filing/18227801-60a1-4a29-adc6-ef2292d3d0cd/print/,2007-07-27T00:00:00-04:00,AMERICAN ASSOCIATION FOR JUSTICE,AMERICAN ASSOCIATION FOR JUSTICE,lda-vet,VET,Veterans,2007-01-01,2007-06-30,visible_lobbying,visible_lobbying_filing,1.0000,3.0600,Official LDA API,18227801-60a1-4a29-adc6-ef2292d3d0cd|lda-vet|6,treated_hloga_lda_client,hloga-2007-federal-lobbying-disclosure,filing_count; amount_millions,United States federal,0.8000,reviewed_exact_lda_client_name_source_row,exact-normalized-client-name-match-to-reviewed-canonical-actor,codex-source-audit,2026-07-24,https://lda.gov/filings/public/filing/18227801-60a1-4a29-adc6-ef2292d3d0cd/print/,official LDA API filing row matched by exact normalized client name to the reviewed canonical actor; usable as treated visible-lobbying pre/post source surface only; stable cross-source LDA client-ID promotion and comparison-group design remain unresolved
cand-f7178708cc78,AMERICAN ASSOCIATION FOR JUSTICE,1002750,https://lda.gov/api/v1/clients/115785/,46e39a47-207f-4f89-a97a-08855550d626,2007,mid_year,MM,https://lda.gov/filings/public/filing/46e39a47-207f-4f89-a97a-08855550d626/print/,2007-08-10T15:59:20-04:00,AMERICAN ASSOCIATION FOR JUSTICE,CUNEO GILBERT FLANNERY & LADUCA (FORMERLY KNOWN AS CUNEO GILBERT & LADUCA),lda-fin,FIN,Financial Institutions/Investments/Securities,2007-01-01,2007-06-30,visible_lobbying,visible_lobbying_filing,1.0000,0.0400,Official LDA API,46e39a47-207f-4f89-a97a-08855550d626|lda-fin|1,treated_hloga_lda_client,hloga-2007-federal-lobbying-disclosure,filing_count; amount_millions,United States federal,0.8000,reviewed_exact_lda_client_name_source_row,exact-normalized-client-name-match-to-reviewed-canonical-actor,codex-source-audit,2026-07-24,https://lda.gov/filings/public/filing/46e39a47-207f-4f89-a97a-08855550d626/print/,official LDA API filing row matched by exact normalized client name to the reviewed canonical actor; usable as treated visible-lobbying pre/post source surface only; stable cross-source LDA client-ID promotion and comparison-group design remain unresolved
cand-f7178708cc78,AMERICAN ASSOCIATION FOR JUSTICE,265,https://lda.gov/api/v1/clients/136289/,ac20d112-f3a3-4c5f-8568-565e61e6d083,2007,mid_year,MM,https://lda.gov/filings/public/filing/ac20d112-f3a3-4c5f-8568-565e61e6d083/print/,2007-08-12T07:09:56-04:00,AMERICAN ASSOCIATION FOR JUSTICE,SQUIRE PATTON BOGGS,lda-hcr,HCR,Health Issues,2007-01-01,2007-06-30,visible_lobbying,visible_lobbying_filing,1.0000,0.8600,Official LDA API,ac20d112-f3a3-4c5f-8568-565e61e6d083|lda-hcr|1,treated_hloga_lda_client,hloga-2007-federal-lobbying-disclosure,filing_count; amount_millions,United States federal,0.8000,reviewed_exact_lda_client_name_source_row,exact-normalized-client-name-match-to-reviewed-canonical-actor,codex-source-audit,2026-07-24,https://lda.gov/filings/public/filing/ac20d112-f3a3-4c5f-8568-565e61e6d083/print/,official LDA API filing row matched by exact normalized client name to the reviewed canonical actor; usable as treated visible-lobbying pre/post source surface only; stable cross-source LDA client-ID promotion and comparison-group design remain unresolved
cand-f7178708cc78,AMERICAN ASSOCIATION FOR JUSTICE,265,https://lda.gov/api/v1/clients/136289/,ac20d112-f3a3-4c5f-8568-565e61e6d083,2007,mid_year,MM,https://lda.gov/filings/public/filing/ac20d112-f3a3-4c5f-8568-565e61e6d083/print/,2007-08-12T07:09:56-04:00,AMERICAN ASSOCIATION FOR JUSTICE,SQUIRE PATTON BOGGS,lda-ins,INS,Insurance,2007-01-01,2007-06-30,visible_lobbying,visible_lobbying_filing,1.0000,0.8600,Official LDA API,ac20d112-f3a3-4c5f-8568-565e61e6d083|lda-ins|2,treated_hloga_lda_client,hloga-2007-federal-lobbying-disclosure,filing_count; amount_millions,United States federal,0.8000,reviewed_exact_lda_client_name_source_row,exact-normalized-client-name-match-to-reviewed-canonical-actor,codex-source-audit,2026-07-24,https://lda.gov/filings/public/filing/ac20d112-f3a3-4c5f-8568-565e61e6d083/print/,official LDA API filing row matched by exact normalized client name to the reviewed canonical actor; usable as treated visible-lobbying pre/post source surface only; stable cross-source LDA client-ID promotion and comparison-group design remain unresolved
cand-f7178708cc78,AMERICAN ASSOCIATION FOR JUSTICE,265,https://lda.gov/api/v1/clients/136289/,ac20d112-f3a3-4c5f-8568-565e61e6d083,2007,mid_year,MM,https://lda.gov/filings/public/filing/ac20d112-f3a3-4c5f-8568-565e61e6d083/print/,2007-08-12T07:09:56-04:00,AMERICAN ASSOCIATION FOR JUSTICE,SQUIRE PATTON BOGGS,lda-tor,TOR,Torts,2007-01-01,2007-06-30,visible_lobbying,visible_lobbying_filing,1.0000,0.8600,Official LDA API,ac20d112-f3a3-4c5f-8568-565e61e6d083|lda-tor|3,treated_hloga_lda_client,hloga-2007-federal-lobbying-disclosure,filing_count; amount_millions,United States federal,0.8000,reviewed_exact_lda_client_name_source_row,exact-normalized-client-name-match-to-reviewed-canonical-actor,codex-source-audit,2026-07-24,https://lda.gov/filings/public/filing/ac20d112-f3a3-4c5f-8568-565e61e6d083/print/,official LDA API filing row matched by exact normalized client name to the reviewed canonical actor; usable as treated visible-lobbying pre/post source surface only; stable cross-source LDA client-ID promotion and comparison-group design remain unresolved
cand-f7178708cc78,AMERICAN ASSOCIATION FOR JUSTICE,330,https://lda.gov/api/v1/clients/169036/,b7cbb7ae-37f9-438f-be19-9131c9fe1ea8,2007,mid_year,MM,https://lda.gov/filings/public/filing/b7cbb7ae-37f9-438f-be19-9131c9fe1ea8/print/,2007-08-13T12:36:30-04:00,AMERICAN ASSOCIATION FOR JUSTICE,"NVG, LLC",lda-tor,TOR,Torts,2007-01-01,2007-06-30,visible_lobbying,visible_lobbying_filing,1.0000,0.1000,Official LDA API,b7cbb7ae-37f9-438f-be19-9131c9fe1ea8|lda-tor|1,treated_hloga_lda_client,hloga-2007-federal-lobbying-disclosure,filing_count; amount_millions,United States federal,0.8000,reviewed_exact_lda_client_name_source_row,exact-normalized-client-name-match-to-reviewed-canonical-actor,codex-source-audit,2026-07-24,https://lda.gov/filings/public/filing/b7cbb7ae-37f9-438f-be19-9131c9fe1ea8/print/,official LDA API filing row matched by exact normalized client name to the reviewed canonical actor; usable as treated visible-lobbying pre/post source surface only; stable cross-source LDA client-ID promotion and comparison-group design remain unresolved
cand-f7178708cc78,AMERICAN ASSOCIATION FOR JUSTICE,330,https://lda.gov/api/v1/clients/169036/,c19a316f-abef-42c0-a06c-05e6a46be749,2007,mid_year,M@,https://lda.gov/filings/public/filing/c19a316f-abef-42c0-a06c-05e6a46be749/print/,2007-08-14T16:48:48-04:00,AMERICAN ASSOCIATION FOR JUSTICE,"NVG, LLC",lda-con,CON,Constitution,2007-01-01,2007-06-30,visible_lobbying,visible_lobbying_filing,1.0000,0.0800,Official LDA API,c19a316f-abef-42c0-a06c-05e6a46be749|lda-con|1,treated_hloga_lda_client,hloga-2007-federal-lobbying-disclosure,filing_count; amount_millions,United States federal,0.8000,reviewed_exact_lda_client_name_source_row,exact-normalized-client-name-match-to-reviewed-canonical-actor,codex-source-audit,2026-07-24,https://lda.gov/filings/public/filing/c19a316f-abef-42c0-a06c-05e6a46be749/print/,official LDA API filing row matched by exact normalized client name to the reviewed canonical actor; usable as treated visible-lobbying pre/post source surface only; stable cross-source LDA client-ID promotion and comparison-group design remain unresolved
cand-f7178708cc78,AMERICAN ASSOCIATION FOR JUSTICE,24,https://lda.gov/api/v1/clients/157880/,d4474fe7-5d0e-42fd-9ca1-d38811f607fd,2007,mid_year,MM,https://lda.gov/filings/public/filing/d4474fe7-5d0e-42fd-9ca1-d38811f607fd/print/,2007-08-03T11:41:47-04:00,AMERICAN ASSOCIATION FOR JUSTICE,"FORSCEY, PLLC",lda-tor,TOR,Torts,2007-01-01,2007-06-30,visible_lobbying,visible_lobbying_filing,1.0000,0.1200,Official LDA API,d4474fe7-5d0e-42fd-9ca1-d38811f607fd|lda-tor|1,treated_hloga_lda_client,hloga-2007-federal-lobbying-disclosure,filing_count; amount_millions,United States federal,0.8000,reviewed_exact_lda_client_name_source_row,exact-normalized-client-name-match-to-reviewed-canonical-actor,codex-source-audit,2026-07-24,https://lda.gov/filings/public/filing/d4474fe7-5d0e-42fd-9ca1-d38811f607fd/print/,official LDA API filing row matched by exact normalized client name to the reviewed canonical actor; usable as treated visible-lobbying pre/post source surface only; stable cross-source LDA client-ID promotion and comparison-group design remain unresolved
cand-f7178708cc78,AMERICAN ASSOCIATION FOR JUSTICE,1002750,https://lda.gov/api/v1/clients/115785/,19727676-504f-42ac-928a-2f15e5d3effd,2007,year_end,YY,https://lda.gov/filings/public/filing/19727676-504f-42ac-928a-2f15e5d3effd/print/,2009-01-06T12:28:42-05:00,AMERICAN ASSOCIATION FOR JUSTICE,CUNEO GILBERT FLANNERY & LADUCA (FORMERLY KNOWN AS CUNEO GILBERT & LADUCA),lda-fin,FIN,Financial Institutions/Investments/Securities,2007-07-01,2007-12-31,visible_lobbying,visible_lobbying_filing,1.0000,0.0800,Official LDA API,19727676-504f-42ac-928a-2f15e5d3effd|lda-fin|1,treated_hloga_lda_client,hloga-2007-federal-lobbying-disclosure,filing_count; amount_millions,United States federal,0.8000,reviewed_exact_lda_client_name_source_row,exact-normalized-client-name-match-to-reviewed-canonical-actor,codex-source-audit,2026-07-24,https://lda.gov/filings/public/filing/19727676-504f-42ac-928a-2f15e5d3effd/print/,official LDA API filing row matched by exact normalized client name to the reviewed canonical actor; usable as treated visible-lobbying pre/post source surface only; stable cross-source LDA client-ID promotion and comparison-group design remain unresolved
cand-f7178708cc78,AMERICAN ASSOCIATION FOR JUSTICE,12,https://lda.gov/api/v1/clients/104895/,390a3146-3b77-4ecd-afde-97cfbd9ee5b5,2007,year_end,YY,https://lda.gov/filings/public/filing/390a3146-3b77-4ecd-afde-97cfbd9ee5b5/print/,2008-02-05T12:41:40.020000-05:00,AMERICAN ASSOCIATION FOR JUSTICE,AMERICAN ASSOCIATION FOR JUSTICE,lda-bud,BUD,Budget/Appropriations,2007-07-01,2007-12-31,visible_lobbying,visible_lobbying_filing,1.0000,2.6800,Official LDA API,390a3146-3b77-4ecd-afde-97cfbd9ee5b5|lda-bud|5,treated_hloga_lda_client,hloga-2007-federal-lobbying-disclosure,filing_count; amount_millions,United States federal,0.8000,reviewed_exact_lda_client_name_source_row,exact-normalized-client-name-match-to-reviewed-canonical-actor,codex-source-audit,2026-07-24,https://lda.gov/filings/public/filing/390a3146-3b77-4ecd-afde-97cfbd9ee5b5/print/,official LDA API filing row matched by exact normalized client name to the reviewed canonical actor; usable as treated visible-lobbying pre/post source surface only; stable cross-source LDA client-ID promotion and comparison-group design remain unresolved
cand-f7178708cc78,AMERICAN ASSOCIATION FOR JUSTICE,12,https://lda.gov/api/v1/clients/104895/,390a3146-3b77-4ecd-afde-97cfbd9ee5b5,2007,year_end,YY,https://lda.gov/filings/public/filing/390a3146-3b77-4ecd-afde-97cfbd9ee5b5/print/,2008-02-05T12:41:40.020000-05:00,AMERICAN ASSOCIATION FOR JUSTICE,AMERICAN ASSOCIATION FOR JUSTICE,lda-cpt,CPT,Copyright/Patent/Trademark,2007-07-01,2007-12-31,visible_lobbying,visible_lobbying_filing,1.0000,2.6800,Official LDA API,390a3146-3b77-4ecd-afde-97cfbd9ee5b5|lda-cpt|11,treated_hloga_lda_client,hloga-2007-federal-lobbying-disclosure,filing_count; amount_millions,United States federal,0.8000,reviewed_exact_lda_client_name_source_row,exact-normalized-client-name-match-to-reviewed-canonical-actor,codex-source-audit,2026-07-24,https://lda.gov/filings/public/filing/390a3146-3b77-4ecd-afde-97cfbd9ee5b5/print/,official LDA API filing row matched by exact normalized client name to the reviewed canonical actor; usable as treated visible-lobbying pre/post source surface only; stable cross-source LDA client-ID promotion and comparison-group design remain unresolved
cand-f7178708cc78,AMERICAN ASSOCIATION FOR JUSTICE,12,https://lda.gov/api/v1/clients/104895/,390a3146-3b77-4ecd-afde-97cfbd9ee5b5,2007,year_end,YY,https://lda.gov/filings/public/filing/390a3146-3b77-4ecd-afde-97cfbd9ee5b5/print/,2008-02-05T12:41:40.020000-05:00,AMERICAN ASSOCIATION FOR JUSTICE,AMERICAN ASSOCIATION FOR JUSTICE,lda-csp,CSP,Consumer Issues/Safety/Products,2007-07-01,2007-12-31,visible_lobbying,visible_lobbying_filing,1.0000,2.6800,Official LDA API,390a3146-3b77-4ecd-afde-97cfbd9ee5b5|lda-csp|6,treated_hloga_lda_client,hloga-2007-federal-lobbying-disclosure,filing_count; amount_millions,United States federal,0.8000,reviewed_exact_lda_client_name_source_row,exact-normalized-client-name-match-to-reviewed-canonical-actor,codex-source-audit,2026-07-24,https://lda.gov/filings/public/filing/390a3146-3b77-4ecd-afde-97cfbd9ee5b5/print/,official LDA API filing row matched by exact normalized client name to the reviewed canonical actor; usable as treated visible-lobbying pre/post source surface only; stable cross-source LDA client-ID promotion and comparison-group design remain unresolved
cand-f7178708cc78,AMERICAN ASSOCIATION FOR JUSTICE,12,https://lda.gov/api/v1/clients/104895/,390a3146-3b77-4ecd-afde-97cfbd9ee5b5,2007,year_end,YY,https://lda.gov/filings/public/filing/390a3146-3b77-4ecd-afde-97cfbd9ee5b5/print/,2008-02-05T12:41:40.020000-05:00,AMERICAN ASSOCIATION FOR JUSTICE,AMERICAN ASSOCIATION FOR JUSTICE,lda-fin,FIN,Financial Institutions/Investments/Securities,2007-07-01,2007-12-31,visible_lobbying,visible_lobbying_filing,1.0000,2.6800,Official LDA API,390a3146-3b77-4ecd-afde-97cfbd9ee5b5|lda-fin|9,treated_hloga_lda_client,hloga-2007-federal-lobbying-disclosure,filing_count; amount_millions,United States federal,0.8000,reviewed_exact_lda_client_name_source_row,exact-normalized-client-name-match-to-reviewed-canonical-actor,codex-source-audit,2026-07-24,https://lda.gov/filings/public/filing/390a3146-3b77-4ecd-afde-97cfbd9ee5b5/print/,official LDA API filing row matched by exact normalized client name to the reviewed canonical actor; usable as treated visible-lobbying pre/post source surface only; stable cross-source LDA client-ID promotion and comparison-group design remain unresolved
cand-f7178708cc78,AMERICAN ASSOCIATION FOR JUSTICE,12,https://lda.gov/api/v1/clients/104895/,390a3146-3b77-4ecd-afde-97cfbd9ee5b5,2007,year_end,YY,https://lda.gov/filings/public/filing/390a3146-3b77-4ecd-afde-97cfbd9ee5b5/print/,2008-02-05T12:41:40.020000-05:00,AMERICAN ASSOCIATION FOR JUSTICE,AMERICAN ASSOCIATION FOR JUSTICE,lda-gov,GOV,Government Issues,2007-07-01,2007-12-31,visible_lobbying,visible_lobbying_filing,1.0000,2.6800,Official LDA API,390a3146-3b77-4ecd-afde-97cfbd9ee5b5|lda-gov|7,treated_hloga_lda_client,hloga-2007-federal-lobbying-disclosure,filing_count; amount_millions,United States federal,0.8000,reviewed_exact_lda_client_name_source_row,exact-normalized-client-name-match-to-reviewed-canonical-actor,codex-source-audit,2026-07-24,https://lda.gov/filings/public/filing/390a3146-3b77-4ecd-afde-97cfbd9ee5b5/print/,official LDA API filing row matched by exact normalized client name to the reviewed canonical actor; usable as treated visible-lobbying pre/post source surface only; stable cross-source LDA client-ID promotion and comparison-group design remain unresolved
cand-f7178708cc78,AMERICAN ASSOCIATION FOR JUSTICE,12,https://lda.gov/api/v1/clients/104895/,390a3146-3b77-4ecd-afde-97cfbd9ee5b5,2007,year_end,YY,https://lda.gov/filings/public/filing/390a3146-3b77-4ecd-afde-97cfbd9ee5b5/print/,2008-02-05T12:41:40.020000-05:00,AMERICAN ASSOCIATION FOR JUSTICE,AMERICAN ASSOCIATION FOR JUSTICE,lda-hcr,HCR,Health Issues,2007-07-01,2007-12-31,visible_lobbying,visible_lobbying_filing,1.0000,2.6800,Official LDA API,390a3146-3b77-4ecd-afde-97cfbd9ee5b5|lda-hcr|3,treated_hloga_lda_client,hloga-2007-federal-lobbying-disclosure,filing_count; amount_millions,United States federal,0.8000,reviewed_exact_lda_client_name_source_row,exact-normalized-client-name-match-to-reviewed-canonical-actor,codex-source-audit,2026-07-24,https://lda.gov/filings/public/filing/390a3146-3b77-4ecd-afde-97cfbd9ee5b5/print/,official LDA API filing row matched by exact normalized client name to the reviewed canonical actor; usable as treated visible-lobbying pre/post source surface only; stable cross-source LDA client-ID promotion and comparison-group design remain unresolved
cand-f7178708cc78,AMERICAN ASSOCIATION FOR JUSTICE,12,https://lda.gov/api/v1/clients/104895/,390a3146-3b77-4ecd-afde-97cfbd9ee5b5,2007,year_end,YY,https://lda.gov/filings/public/filing/390a3146-3b77-4ecd-afde-97cfbd9ee5b5/print/,2008-02-05T12:41:40.020000-05:00,AMERICAN ASSOCIATION FOR JUSTICE,AMERICAN ASSOCIATION FOR JUSTICE,lda-ins,INS,Insurance,2007-07-01,2007-12-31,visible_lobbying,visible_lobbying_filing,1.0000,2.6800,Official LDA API,390a3146-3b77-4ecd-afde-97cfbd9ee5b5|lda-ins|1,treated_hloga_lda_client,hloga-2007-federal-lobbying-disclosure,filing_count; amount_millions,United States federal,0.8000,reviewed_exact_lda_client_name_source_row,exact-normalized-client-name-match-to-reviewed-canonical-actor,codex-source-audit,2026-07-24,https://lda.gov/filings/public/filing/390a3146-3b77-4ecd-afde-97cfbd9ee5b5/print/,official LDA API filing row matched by exact normalized client name to the reviewed canonical actor; usable as treated visible-lobbying pre/post source surface only; stable cross-source LDA client-ID promotion and comparison-group design remain unresolved
cand-f7178708cc78,AMERICAN ASSOCIATION FOR JUSTICE,12,https://lda.gov/api/v1/clients/104895/,390a3146-3b77-4ecd-afde-97cfbd9ee5b5,2007,year_end,YY,https://lda.gov/filings/public/filing/390a3146-3b77-4ecd-afde-97cfbd9ee5b5/print/,2008-02-05T12:41:40.020000-05:00,AMERICAN ASSOCIATION FOR JUSTICE,AMERICAN ASSOCIATION FOR JUSTICE,lda-lbr,LBR,Labor Issues/Antitrust/Workplace,2007-07-01,2007-12-31,visible_lobbying,visible_lobbying_filing,1.0000,2.6800,Official LDA API,390a3146-3b77-4ecd-afde-97cfbd9ee5b5|lda-lbr|13,treated_hloga_lda_client,hloga-2007-federal-lobbying-disclosure,filing_count; amount_millions,United States federal,0.8000,reviewed_exact_lda_client_name_source_row,exact-normalized-client-name-match-to-reviewed-canonical-actor,codex-source-audit,2026-07-24,https://lda.gov/filings/public/filing/390a3146-3b77-4ecd-afde-97cfbd9ee5b5/print/,official LDA API filing row matched by exact normalized client name to the reviewed canonical actor; usable as treated visible-lobbying pre/post source surface only; stable cross-source LDA client-ID promotion and comparison-group design remain unresolved
cand-f7178708cc78,AMERICAN ASSOCIATION FOR JUSTICE,12,https://lda.gov/api/v1/clients/104895/,390a3146-3b77-4ecd-afde-97cfbd9ee5b5,2007,year_end,YY,https://lda.gov/filings/public/filing/390a3146-3b77-4ecd-afde-97cfbd9ee5b5/print/,2008-02-05T12:41:40.020000-05:00,AMERICAN ASSOCIATION FOR JUSTICE,AMERICAN ASSOCIATION FOR JUSTICE,lda-mar,MAR,Marine/Maritime/Boating/Fisheries,2007-07-01,2007-12-31,visible_lobbying,visible_lobbying_filing,1.0000,2.6800,Official LDA API,390a3146-3b77-4ecd-afde-97cfbd9ee5b5|lda-mar|4,treated_hloga_lda_client,hloga-2007-federal-lobbying-disclosure,filing_count; amount_millions,United States federal,0.8000,reviewed_exact_lda_client_name_source_row,exact-normalized-client-name-match-to-reviewed-canonical-actor,codex-source-audit,2026-07-24,https://lda.gov/filings/public/filing/390a3146-3b77-4ecd-afde-97cfbd9ee5b5/print/,official LDA API filing row matched by exact normalized client name to the reviewed canonical actor; usable as treated visible-lobbying pre/post source surface only; stable cross-source LDA client-ID promotion and comparison-group design remain unresolved
cand-f7178708cc78,AMERICAN ASSOCIATION FOR JUSTICE,12,https://lda.gov/api/v1/clients/104895/,390a3146-3b77-4ecd-afde-97cfbd9ee5b5,2007,year_end,YY,https://lda.gov/filings/public/filing/390a3146-3b77-4ecd-afde-97cfbd9ee5b5/print/,2008-02-05T12:41:40.020000-05:00,AMERICAN ASSOCIATION FOR JUSTICE,AMERICAN ASSOCIATION FOR JUSTICE,lda-rrr,RRR,Railroads,2007-07-01,2007-12-31,visible_lobbying,visible_lobbying_filing,1.0000,2.6800,Official LDA API,390a3146-3b77-4ecd-afde-97cfbd9ee5b5|lda-rrr|2,treated_hloga_lda_client,hloga-2007-federal-lobbying-disclosure,filing_count; amount_millions,United States federal,0.8000,reviewed_exact_lda_client_name_source_row,exact-normalized-client-name-match-to-reviewed-canonical-actor,codex-source-audit,2026-07-24,https://lda.gov/filings/public/filing/390a3146-3b77-4ecd-afde-97cfbd9ee5b5/print/,official LDA API filing row matched by exact normalized client name to the reviewed canonical actor; usable as treated visible-lobbying pre/post source surface only; stable cross-source LDA client-ID promotion and comparison-group design remain unresolved
cand-f7178708cc78,AMERICAN ASSOCIATION FOR JUSTICE,12,https://lda.gov/api/v1/clients/104895/,390a3146-3b77-4ecd-afde-97cfbd9ee5b5,2007,year_end,YY,https://lda.gov/filings/public/filing/390a3146-3b77-4ecd-afde-97cfbd9ee5b5/print/,2008-02-05T12:41:40.020000-05:00,AMERICAN ASSOCIATION FOR JUSTICE,AMERICAN ASSOCIATION FOR JUSTICE,lda-tax,TAX,Taxation/Internal Revenue Code,2007-07-01,2007-12-31,visible_lobbying,visible_lobbying_filing,1.0000,2.6800,Official LDA API,390a3146-3b77-4ecd-afde-97cfbd9ee5b5|lda-tax|10,treated_hloga_lda_client,hloga-2007-federal-lobbying-disclosure,filing_count; amount_millions,United States federal,0.8000,reviewed_exact_lda_client_name_source_row,exact-normalized-client-name-match-to-reviewed-canonical-actor,codex-source-audit,2026-07-24,https://lda.gov/filings/public/filing/390a3146-3b77-4ecd-afde-97cfbd9ee5b5/print/,official LDA API filing row matched by exact normalized client name to the reviewed canonical actor; usable as treated visible-lobbying pre/post source surface only; stable cross-source LDA client-ID promotion and comparison-group design remain unresolved
cand-f7178708cc78,AMERICAN ASSOCIATION FOR JUSTICE,12,https://lda.gov/api/v1/clients/104895/,390a3146-3b77-4ecd-afde-97cfbd9ee5b5,2007,year_end,YY,https://lda.gov/filings/public/filing/390a3146-3b77-4ecd-afde-97cfbd9ee5b5/print/,2008-02-05T12:41:40.020000-05:00,AMERICAN ASSOCIATION FOR JUSTICE,AMERICAN ASSOCIATION FOR JUSTICE,lda-tor,TOR,Torts,2007-07-01,2007-12-31,visible_lobbying,visible_lobbying_filing,1.0000,2.6800,Official LDA API,390a3146-3b77-4ecd-afde-97cfbd9ee5b5|lda-tor|8,treated_hloga_lda_client,hloga-2007-federal-lobbying-disclosure,filing_count; amount_millions,United States federal,0.8000,reviewed_exact_lda_client_name_source_row,exact-normalized-client-name-match-to-reviewed-canonical-actor,codex-source-audit,2026-07-24,https://lda.gov/filings/public/filing/390a3146-3b77-4ecd-afde-97cfbd9ee5b5/print/,official LDA API filing row matched by exact normalized client name to the reviewed canonical actor; usable as treated visible-lobbying pre/post source surface only; stable cross-source LDA client-ID promotion and comparison-group design remain unresolved
cand-f7178708cc78,AMERICAN ASSOCIATION FOR JUSTICE,12,https://lda.gov/api/v1/clients/104895/,390a3146-3b77-4ecd-afde-97cfbd9ee5b5,2007,year_end,YY,https://lda.gov/filings/public/filing/390a3146-3b77-4ecd-afde-97cfbd9ee5b5/print/,2008-02-05T12:41:40.020000-05:00,AMERICAN ASSOCIATION FOR JUSTICE,AMERICAN ASSOCIATION FOR JUSTICE,lda-vet,VET,Veterans,2007-07-01,2007-12-31,visible_lobbying,visible_lobbying_filing,1.0000,2.6800,Official LDA API,390a3146-3b77-4ecd-afde-97cfbd9ee5b5|lda-vet|12,treated_hloga_lda_client,hloga-2007-federal-lobbying-disclosure,filing_count; amount_millions,United States federal,0.8000,reviewed_exact_lda_client_name_source_row,exact-normalized-client-name-match-to-reviewed-canonical-actor,codex-source-audit,2026-07-24,https://lda.gov/filings/public/filing/390a3146-3b77-4ecd-afde-97cfbd9ee5b5/print/,official LDA API filing row matched by exact normalized client name to the reviewed canonical actor; usable as treated visible-lobbying pre/post source surface only; stable cross-source LDA client-ID promotion and comparison-group design remain unresolved
cand-f7178708cc78,AMERICAN ASSOCIATION FOR JUSTICE,330,https://lda.gov/api/v1/clients/169036/,3ca9400c-73f5-430d-b1b2-d2411fcdd318,2007,year_end,YY,https://lda.gov/filings/public/filing/3ca9400c-73f5-430d-b1b2-d2411fcdd318/print/,2008-02-13T11:48:30.290000-05:00,AMERICAN ASSOCIATION FOR JUSTICE,"NVG, LLC",lda-tor,TOR,Torts,2007-07-01,2007-12-31,visible_lobbying,visible_lobbying_filing,1.0000,0.0800,Official LDA API,3ca9400c-73f5-430d-b1b2-d2411fcdd318|lda-tor|1,treated_hloga_lda_client,hloga-2007-federal-lobbying-disclosure,filing_count; amount_millions,United States federal,0.8000,reviewed_exact_lda_client_name_source_row,exact-normalized-client-name-match-to-reviewed-canonical-actor,codex-source-audit,2026-07-24,https://lda.gov/filings/public/filing/3ca9400c-73f5-430d-b1b2-d2411fcdd318/print/,official LDA API filing row matched by exact normalized client name to the reviewed canonical actor; usable as treated visible-lobbying pre/post source surface only; stable cross-source LDA client-ID promotion and comparison-group design remain unresolved
cand-f7178708cc78,AMERICAN ASSOCIATION FOR JUSTICE,265,https://lda.gov/api/v1/clients/136289/,6f470e89-aff3-4557-a09e-e99d7f565762,2007,year_end,YY,https://lda.gov/filings/public/filing/6f470e89-aff3-4557-a09e-e99d7f565762/print/,2008-02-14T11:18:45-05:00,AMERICAN ASSOCIATION FOR JUSTICE,SQUIRE PATTON BOGGS,lda-hcr,HCR,Health Issues,2007-07-01,2007-12-31,visible_lobbying,visible_lobbying_filing,1.0000,0.4600,Official LDA API,6f470e89-aff3-4557-a09e-e99d7f565762|lda-hcr|1,treated_hloga_lda_client,hloga-2007-federal-lobbying-disclosure,filing_count; amount_millions,United States federal,0.8000,reviewed_exact_lda_client_name_source_row,exact-normalized-client-name-match-to-reviewed-canonical-actor,codex-source-audit,2026-07-24,https://lda.gov/filings/public/filing/6f470e89-aff3-4557-a09e-e99d7f565762/print/,official LDA API filing row matched by exact normalized client name to the reviewed canonical actor; usable as treated visible-lobbying pre/post source surface only; stable cross-source LDA client-ID promotion and comparison-group design remain unresolved
cand-f7178708cc78,AMERICAN ASSOCIATION FOR JUSTICE,265,https://lda.gov/api/v1/clients/136289/,6f470e89-aff3-4557-a09e-e99d7f565762,2007,year_end,YY,https://lda.gov/filings/public/filing/6f470e89-aff3-4557-a09e-e99d7f565762/print/,2008-02-14T11:18:45-05:00,AMERICAN ASSOCIATION FOR JUSTICE,SQUIRE PATTON BOGGS,lda-tor,TOR,Torts,2007-07-01,2007-12-31,visible_lobbying,visible_lobbying_filing,1.0000,0.4600,Official LDA API,6f470e89-aff3-4557-a09e-e99d7f565762|lda-tor|2,treated_hloga_lda_client,hloga-2007-federal-lobbying-disclosure,filing_count; amount_millions,United States federal,0.8000,reviewed_exact_lda_client_name_source_row,exact-normalized-client-name-match-to-reviewed-canonical-actor,codex-source-audit,2026-07-24,https://lda.gov/filings/public/filing/6f470e89-aff3-4557-a09e-e99d7f565762/print/,official LDA API filing row matched by exact normalized client name to the reviewed canonical actor; usable as treated visible-lobbying pre/post source surface only; stable cross-source LDA client-ID promotion and comparison-group design remain unresolved
cand-f7178708cc78,AMERICAN ASSOCIATION FOR JUSTICE,1002750,https://lda.gov/api/v1/clients/115785/,9abf919a-893d-4e68-a4fc-4358f57b2f9b,2007,year_end,RR,https://lda.gov/filings/public/filing/9abf919a-893d-4e68-a4fc-4358f57b2f9b/print/,2007-07-05T16:53:51-04:00,AMERICAN ASSOCIATION FOR JUSTICE,CUNEO GILBERT FLANNERY & LADUCA (FORMERLY KNOWN AS CUNEO GILBERT & LADUCA),lda-csp,CSP,Consumer Issues/Safety/Products,2007-07-01,2007-12-31,visible_lobbying,visible_lobbying_filing,1.0000,0.0000,Official LDA API,9abf919a-893d-4e68-a4fc-4358f57b2f9b|lda-csp|2,treated_hloga_lda_client,hloga-2007-federal-lobbying-disclosure,filing_count; amount_millions,United States federal,0.8000,reviewed_exact_lda_client_name_source_row,exact-normalized-client-name-match-to-reviewed-canonical-actor,codex-source-audit,2026-07-24,https://lda.gov/filings/public/filing/9abf919a-893d-4e68-a4fc-4358f57b2f9b/print/,official LDA API filing row matched by exact normalized client name to the reviewed canonical actor; usable as treated visible-lobbying pre/post source surface only; stable cross-source LDA client-ID promotion and comparison-group design remain unresolved
cand-f7178708cc78,AMERICAN ASSOCIATION FOR JUSTICE,1002750,https://lda.gov/api/v1/clients/115785/,9abf919a-893d-4e68-a4fc-4358f57b2f9b,2007,year_end,RR,https://lda.gov/filings/public/filing/9abf919a-893d-4e68-a4fc-4358f57b2f9b/print/,2007-07-05T16:53:51-04:00,AMERICAN ASSOCIATION FOR JUSTICE,CUNEO GILBERT FLANNERY & LADUCA (FORMERLY KNOWN AS CUNEO GILBERT & LADUCA),lda-fin,FIN,Financial Institutions/Investments/Securities,2007-07-01,2007-12-31,visible_lobbying,visible_lobbying_filing,1.0000,0.0000,Official LDA API,9abf919a-893d-4e68-a4fc-4358f57b2f9b|lda-fin|1,treated_hloga_lda_client,hloga-2007-federal-lobbying-disclosure,filing_count; amount_millions,United States federal,0.8000,reviewed_exact_lda_client_name_source_row,exact-normalized-client-name-match-to-reviewed-canonical-actor,codex-source-audit,2026-07-24,https://lda.gov/filings/public/filing/9abf919a-893d-4e68-a4fc-4358f57b2f9b/print/,official LDA API filing row matched by exact normalized client name to the reviewed canonical actor; usable as treated visible-lobbying pre/post source surface only; stable cross-source LDA client-ID promotion and comparison-group design remain unresolved
cand-f7178708cc78,AMERICAN ASSOCIATION FOR JUSTICE,1002750,https://lda.gov/api/v1/clients/115785/,9abf919a-893d-4e68-a4fc-4358f57b2f9b,2007,year_end,RR,https://lda.gov/filings/public/filing/9abf919a-893d-4e68-a4fc-4358f57b2f9b/print/,2007-07-05T16:53:51-04:00,AMERICAN ASSOCIATION FOR JUSTICE,CUNEO GILBERT FLANNERY & LADUCA (FORMERLY KNOWN AS CUNEO GILBERT & LADUCA),lda-law,LAW,Law Enforcement/Crime/Criminal Justice,2007-07-01,2007-12-31,visible_lobbying,visible_lobbying_filing,1.0000,0.0000,Official LDA API,9abf919a-893d-4e68-a4fc-4358f57b2f9b|lda-law|3,treated_hloga_lda_client,hloga-2007-federal-lobbying-disclosure,filing_count; amount_millions,United States federal,0.8000,reviewed_exact_lda_client_name_source_row,exact-normalized-client-name-match-to-reviewed-canonical-actor,codex-source-audit,2026-07-24,https://lda.gov/filings/public/filing/9abf919a-893d-4e68-a4fc-4358f57b2f9b/print/,official LDA API filing row matched by exact normalized client name to the reviewed canonical actor; usable as treated visible-lobbying pre/post source surface only; stable cross-source LDA client-ID promotion and comparison-group design remain unresolved
cand-f7178708cc78,AMERICAN ASSOCIATION FOR JUSTICE,24,https://lda.gov/api/v1/clients/157880/,ea3ab2ad-221c-483a-877e-42b08a7d1d52,2007,year_end,YY,https://lda.gov/filings/public/filing/ea3ab2ad-221c-483a-877e-42b08a7d1d52/print/,2008-01-26T15:29:01.693000-05:00,AMERICAN ASSOCIATION FOR JUSTICE,"FORSCEY, PLLC",lda-hcr,HCR,Health Issues,2007-07-01,2007-12-31,visible_lobbying,visible_lobbying_filing,1.0000,0.1200,Official LDA API,ea3ab2ad-221c-483a-877e-42b08a7d1d52|lda-hcr|1,treated_hloga_lda_client,hloga-2007-federal-lobbying-disclosure,filing_count; amount_millions,United States federal,0.8000,reviewed_exact_lda_client_name_source_row,exact-normalized-client-name-match-to-reviewed-canonical-actor,codex-source-audit,2026-07-24,https://lda.gov/filings/public/filing/ea3ab2ad-221c-483a-877e-42b08a7d1d52/print/,official LDA API filing row matched by exact normalized client name to the reviewed canonical actor; usable as treated visible-lobbying pre/post source surface only; stable cross-source LDA client-ID promotion and comparison-group design remain unresolved
cand-f7178708cc78,AMERICAN ASSOCIATION FOR JUSTICE,24,https://lda.gov/api/v1/clients/157880/,ea3ab2ad-221c-483a-877e-42b08a7d1d52,2007,year_end,YY,https://lda.gov/filings/public/filing/ea3ab2ad-221c-483a-877e-42b08a7d1d52/print/,2008-01-26T15:29:01.693000-05:00,AMERICAN ASSOCIATION FOR JUSTICE,"FORSCEY, PLLC",lda-tor,TOR,Torts,2007-07-01,2007-12-31,visible_lobbying,visible_lobbying_filing,1.0000,0.1200,Official LDA API,ea3ab2ad-221c-483a-877e-42b08a7d1d52|lda-tor|2,treated_hloga_lda_client,hloga-2007-federal-lobbying-disclosure,filing_count; amount_millions,United States federal,0.8000,reviewed_exact_lda_client_name_source_row,exact-normalized-client-name-match-to-reviewed-canonical-actor,codex-source-audit,2026-07-24,https://lda.gov/filings/public/filing/ea3ab2ad-221c-483a-877e-42b08a7d1d52/print/,official LDA API filing row matched by exact normalized client name to the reviewed canonical actor; usable as treated visible-lobbying pre/post source surface only; stable cross-source LDA client-ID promotion and comparison-group design remain unresolved
cand-f7178708cc78,AMERICAN ASSOCIATION FOR JUSTICE,265,https://lda.gov/api/v1/clients/136289/,29f9d6e5-839a-417b-9ddb-d0c151fbecf9,2008,first_quarter,Q1,https://lda.gov/filings/public/filing/29f9d6e5-839a-417b-9ddb-d0c151fbecf9/print/,2008-04-29T13:13:13-04:00,AMERICAN ASSOCIATION FOR JUSTICE,SQUIRE PATTON BOGGS,lda-hcr,HCR,Health Issues,2008-01-01,2008-03-31,visible_lobbying,visible_lobbying_filing,1.0000,0.2600,Official LDA API,29f9d6e5-839a-417b-9ddb-d0c151fbecf9|lda-hcr|2,treated_hloga_lda_client,hloga-2007-federal-lobbying-disclosure,filing_count; amount_millions,United States federal,0.8000,reviewed_exact_lda_client_name_source_row,exact-normalized-client-name-match-to-reviewed-canonical-actor,codex-source-audit,2026-07-24,https://lda.gov/filings/public/filing/29f9d6e5-839a-417b-9ddb-d0c151fbecf9/print/,official LDA API filing row matched by exact normalized client name to the reviewed canonical actor; usable as treated visible-lobbying pre/post source surface only; stable cross-source LDA client-ID promotion and comparison-group design remain unresolved
cand-f7178708cc78,AMERICAN ASSOCIATION FOR JUSTICE,265,https://lda.gov/api/v1/clients/136289/,29f9d6e5-839a-417b-9ddb-d0c151fbecf9,2008,first_quarter,Q1,https://lda.gov/filings/public/filing/29f9d6e5-839a-417b-9ddb-d0c151fbecf9/print/,2008-04-29T13:13:13-04:00,AMERICAN ASSOCIATION FOR JUSTICE,SQUIRE PATTON BOGGS,lda-tax,TAX,Taxation/Internal Revenue Code,2008-01-01,2008-03-31,visible_lobbying,visible_lobbying_filing,1.0000,0.2600,Official LDA API,29f9d6e5-839a-417b-9ddb-d0c151fbecf9|lda-tax|1,treated_hloga_lda_client,hloga-2007-federal-lobbying-disclosure,filing_count; amount_millions,United States federal,0.8000,reviewed_exact_lda_client_name_source_row,exact-normalized-client-name-match-to-reviewed-canonical-actor,codex-source-audit,2026-07-24,https://lda.gov/filings/public/filing/29f9d6e5-839a-417b-9ddb-d0c151fbecf9/print/,official LDA API filing row matched by exact normalized client name to the reviewed canonical actor; usable as treated visible-lobbying pre/post source surface only; stable cross-source LDA client-ID promotion and comparison-group design remain unresolved
cand-f7178708cc78,AMERICAN ASSOCIATION FOR JUSTICE,265,https://lda.gov/api/v1/clients/136289/,29f9d6e5-839a-417b-9ddb-d0c151fbecf9,2008,first_quarter,Q1,https://lda.gov/filings/public/filing/29f9d6e5-839a-417b-9ddb-d0c151fbecf9/print/,2008-04-29T13:13:13-04:00,AMERICAN ASSOCIATION FOR JUSTICE,SQUIRE PATTON BOGGS,lda-tor,TOR,Torts,2008-01-01,2008-03-31,visible_lobbying,visible_lobbying_filing,1.0000,0.2600,Official LDA API,29f9d6e5-839a-417b-9ddb-d0c151fbecf9|lda-tor|3,treated_hloga_lda_client,hloga-2007-federal-lobbying-disclosure,filing_count; amount_millions,United States federal,0.8000,reviewed_exact_lda_client_name_source_row,exact-normalized-client-name-match-to-reviewed-canonical-actor,codex-source-audit,2026-07-24,https://lda.gov/filings/public/filing/29f9d6e5-839a-417b-9ddb-d0c151fbecf9/print/,official LDA API filing row matched by exact normalized client name to the reviewed canonical actor; usable as treated visible-lobbying pre/post source surface only; stable cross-source LDA client-ID promotion and comparison-group design remain unresolved
cand-f7178708cc78,AMERICAN ASSOCIATION FOR JUSTICE,330,https://lda.gov/api/v1/clients/169036/,2ea34f2d-af95-43e1-a34f-597983da56e8,2008,first_quarter,Q1,https://lda.gov/filings/public/filing/2ea34f2d-af95-43e1-a34f-597983da56e8/print/,2008-04-18T16:10:06-04:00,AMERICAN ASSOCIATION FOR JUSTICE,"NVG, LLC",lda-tor,TOR,Torts,2008-01-01,2008-03-31,visible_lobbying,visible_lobbying_filing,1.0000,0.0500,Official LDA API,2ea34f2d-af95-43e1-a34f-597983da56e8|lda-tor|1,treated_hloga_lda_client,hloga-2007-federal-lobbying-disclosure,filing_count; amount_millions,United States federal,0.8000,reviewed_exact_lda_client_name_source_row,exact-normalized-client-name-match-to-reviewed-canonical-actor,codex-source-audit,2026-07-24,https://lda.gov/filings/public/filing/2ea34f2d-af95-43e1-a34f-597983da56e8/print/,official LDA API filing row matched by exact normalized client name to the reviewed canonical actor; usable as treated visible-lobbying pre/post source surface only; stable cross-source LDA client-ID promotion and comparison-group design remain unresolved
cand-f7178708cc78,AMERICAN ASSOCIATION FOR JUSTICE,12,https://lda.gov/api/v1/clients/104895/,3b17e9e8-061f-4d09-aca8-e1de30ff8d7b,2008,first_quarter,Q1,https://lda.gov/filings/public/filing/3b17e9e8-061f-4d09-aca8-e1de30ff8d7b/print/,2008-04-15T15:04:45-04:00,AMERICAN ASSOCIATION FOR JUSTICE,AMERICAN ASSOCIATION FOR JUSTICE,lda-bud,BUD,Budget/Appropriations,2008-01-01,2008-03-31,visible_lobbying,visible_lobbying_filing,1.0000,1.1300,Official LDA API,3b17e9e8-061f-4d09-aca8-e1de30ff8d7b|lda-bud|4,treated_hloga_lda_client,hloga-2007-federal-lobbying-disclosure,filing_count; amount_millions,United States federal,0.8000,reviewed_exact_lda_client_name_source_row,exact-normalized-client-name-match-to-reviewed-canonical-actor,codex-source-audit,2026-07-24,https://lda.gov/filings/public/filing/3b17e9e8-061f-4d09-aca8-e1de30ff8d7b/print/,official LDA API filing row matched by exact normalized client name to the reviewed canonical actor; usable as treated visible-lobbying pre/post source surface only; stable cross-source LDA client-ID promotion and comparison-group design remain unresolved
cand-f7178708cc78,AMERICAN ASSOCIATION FOR JUSTICE,12,https://lda.gov/api/v1/clients/104895/,3b17e9e8-061f-4d09-aca8-e1de30ff8d7b,2008,first_quarter,Q1,https://lda.gov/filings/public/filing/3b17e9e8-061f-4d09-aca8-e1de30ff8d7b/print/,2008-04-15T15:04:45-04:00,AMERICAN ASSOCIATION FOR JUSTICE,AMERICAN ASSOCIATION FOR JUSTICE,lda-cpt,CPT,Copyright/Patent/Trademark,2008-01-01,2008-03-31,visible_lobbying,visible_lobbying_filing,1.0000,1.1300,Official LDA API,3b17e9e8-061f-4d09-aca8-e1de30ff8d7b|lda-cpt|5,treated_hloga_lda_client,hloga-2007-federal-lobbying-disclosure,filing_count; amount_millions,United States federal,0.8000,reviewed_exact_lda_client_name_source_row,exact-normalized-client-name-match-to-reviewed-canonical-actor,codex-source-audit,2026-07-24,https://lda.gov/filings/public/filing/3b17e9e8-061f-4d09-aca8-e1de30ff8d7b/print/,official LDA API filing row matched by exact normalized client name to the reviewed canonical actor; usable as treated visible-lobbying pre/post source surface only; stable cross-source LDA client-ID promotion and comparison-group design remain unresolved
cand-f7178708cc78,AMERICAN ASSOCIATION FOR JUSTICE,12,https://lda.gov/api/v1/clients/104895/,3b17e9e8-061f-4d09-aca8-e1de30ff8d7b,2008,first_quarter,Q1,https://lda.gov/filings/public/filing/3b17e9e8-061f-4d09-aca8-e1de30ff8d7b/print/,2008-04-15T15:04:45-04:00,AMERICAN ASSOCIATION FOR JUSTICE,AMERICAN ASSOCIATION FOR JUSTICE,lda-csp,CSP,Consumer Issues/Safety/Products,2008-01-01,2008-03-31,visible_lobbying,visible_lobbying_filing,1.0000,1.1300,Official LDA API,3b17e9e8-061f-4d09-aca8-e1de30ff8d7b|lda-csp|9,treated_hloga_lda_client,hloga-2007-federal-lobbying-disclosure,filing_count; amount_millions,United States federal,0.8000,reviewed_exact_lda_client_name_source_row,exact-normalized-client-name-match-to-reviewed-canonical-actor,codex-source-audit,2026-07-24,https://lda.gov/filings/public/filing/3b17e9e8-061f-4d09-aca8-e1de30ff8d7b/print/,official LDA API filing row matched by exact normalized client name to the reviewed canonical actor; usable as treated visible-lobbying pre/post source surface only; stable cross-source LDA client-ID promotion and comparison-group design remain unresolved
cand-f7178708cc78,AMERICAN ASSOCIATION FOR JUSTICE,12,https://lda.gov/api/v1/clients/104895/,3b17e9e8-061f-4d09-aca8-e1de30ff8d7b,2008,first_quarter,Q1,https://lda.gov/filings/public/filing/3b17e9e8-061f-4d09-aca8-e1de30ff8d7b/print/,2008-04-15T15:04:45-04:00,AMERICAN ASSOCIATION FOR JUSTICE,AMERICAN ASSOCIATION FOR JUSTICE,lda-fin,FIN,Financial Institutions/Investments/Securities,2008-01-01,2008-03-31,visible_lobbying,visible_lobbying_filing,1.0000,1.1300,Official LDA API,3b17e9e8-061f-4d09-aca8-e1de30ff8d7b|lda-fin|1,treated_hloga_lda_client,hloga-2007-federal-lobbying-disclosure,filing_count; amount_millions,United States federal,0.8000,reviewed_exact_lda_client_name_source_row,exact-normalized-client-name-match-to-reviewed-canonical-actor,codex-source-audit,2026-07-24,https://lda.gov/filings/public/filing/3b17e9e8-061f-4d09-aca8-e1de30ff8d7b/print/,official LDA API filing row matched by exact normalized client name to the reviewed canonical actor; usable as treated visible-lobbying pre/post source surface only; stable cross-source LDA client-ID promotion and comparison-group design remain unresolved
cand-f7178708cc78,AMERICAN ASSOCIATION FOR JUSTICE,12,https://lda.gov/api/v1/clients/104895/,3b17e9e8-061f-4d09-aca8-e1de30ff8d7b,2008,first_quarter,Q1,https://lda.gov/filings/public/filing/3b17e9e8-061f-4d09-aca8-e1de30ff8d7b/print/,2008-04-15T15:04:45-04:00,AMERICAN ASSOCIATION FOR JUSTICE,AMERICAN ASSOCIATION FOR JUSTICE,lda-gov,GOV,Government Issues,2008-01-01,2008-03-31,visible_lobbying,visible_lobbying_filing,1.0000,1.1300,Official LDA API,3b17e9e8-061f-4d09-aca8-e1de30ff8d7b|lda-gov|10,treated_hloga_lda_client,hloga-2007-federal-lobbying-disclosure,filing_count; amount_millions,United States federal,0.8000,reviewed_exact_lda_client_name_source_row,exact-normalized-client-name-match-to-reviewed-canonical-actor,codex-source-audit,2026-07-24,https://lda.gov/filings/public/filing/3b17e9e8-061f-4d09-aca8-e1de30ff8d7b/print/,official LDA API filing row matched by exact normalized client name to the reviewed canonical actor; usable as treated visible-lobbying pre/post source surface only; stable cross-source LDA client-ID promotion and comparison-group design remain unresolved
cand-f7178708cc78,AMERICAN ASSOCIATION FOR JUSTICE,12,https://lda.gov/api/v1/clients/104895/,3b17e9e8-061f-4d09-aca8-e1de30ff8d7b,2008,first_quarter,Q1,https://lda.gov/filings/public/filing/3b17e9e8-061f-4d09-aca8-e1de30ff8d7b/print/,2008-04-15T15:04:45-04:00,AMERICAN ASSOCIATION FOR JUSTICE,AMERICAN ASSOCIATION FOR JUSTICE,lda-hcr,HCR,Health Issues,2008-01-01,2008-03-31,visible_lobbying,visible_lobbying_filing,1.0000,1.1300,Official LDA API,3b17e9e8-061f-4d09-aca8-e1de30ff8d7b|lda-hcr|2,treated_hloga_lda_client,hloga-2007-federal-lobbying-disclosure,filing_count; amount_millions,United States federal,0.8000,reviewed_exact_lda_client_name_source_row,exact-normalized-client-name-match-to-reviewed-canonical-actor,codex-source-audit,2026-07-24,https://lda.gov/filings/public/filing/3b17e9e8-061f-4d09-aca8-e1de30ff8d7b/print/,official LDA API filing row matched by exact normalized client name to the reviewed canonical actor; usable as treated visible-lobbying pre/post source surface only; stable cross-source LDA client-ID promotion and comparison-group design remain unresolved
cand-f7178708cc78,AMERICAN ASSOCIATION FOR JUSTICE,12,https://lda.gov/api/v1/clients/104895/,3b17e9e8-061f-4d09-aca8-e1de30ff8d7b,2008,first_quarter,Q1,https://lda.gov/filings/public/filing/3b17e9e8-061f-4d09-aca8-e1de30ff8d7b/print/,2008-04-15T15:04:45-04:00,AMERICAN ASSOCIATION FOR JUSTICE,AMERICAN ASSOCIATION FOR JUSTICE,lda-lbr,LBR,Labor Issues/Antitrust/Workplace,2008-01-01,2008-03-31,visible_lobbying,visible_lobbying_filing,1.0000,1.1300,Official LDA API,3b17e9e8-061f-4d09-aca8-e1de30ff8d7b|lda-lbr|7,treated_hloga_lda_client,hloga-2007-federal-lobbying-disclosure,filing_count; amount_millions,United States federal,0.8000,reviewed_exact_lda_client_name_source_row,exact-normalized-client-name-match-to-reviewed-canonical-actor,codex-source-audit,2026-07-24,https://lda.gov/filings/public/filing/3b17e9e8-061f-4d09-aca8-e1de30ff8d7b/print/,official LDA API filing row matched by exact normalized client name to the reviewed canonical actor; usable as treated visible-lobbying pre/post source surface only; stable cross-source LDA client-ID promotion and comparison-group design remain unresolved
cand-f7178708cc78,AMERICAN ASSOCIATION FOR JUSTICE,12,https://lda.gov/api/v1/clients/104895/,3b17e9e8-061f-4d09-aca8-e1de30ff8d7b,2008,first_quarter,Q1,https://lda.gov/filings/public/filing/3b17e9e8-061f-4d09-aca8-e1de30ff8d7b/print/,2008-04-15T15:04:45-04:00,AMERICAN ASSOCIATION FOR JUSTICE,AMERICAN ASSOCIATION FOR JUSTICE,lda-mar,MAR,Marine/Maritime/Boating/Fisheries,2008-01-01,2008-03-31,visible_lobbying,visible_lobbying_filing,1.0000,1.1300,Official LDA API,3b17e9e8-061f-4d09-aca8-e1de30ff8d7b|lda-mar|3,treated_hloga_lda_client,hloga-2007-federal-lobbying-disclosure,filing_count; amount_millions,United States federal,0.8000,reviewed_exact_lda_client_name_source_row,exact-normalized-client-name-match-to-reviewed-canonical-actor,codex-source-audit,2026-07-24,https://lda.gov/filings/public/filing/3b17e9e8-061f-4d09-aca8-e1de30ff8d7b/print/,official LDA API filing row matched by exact normalized client name to the reviewed canonical actor; usable as treated visible-lobbying pre/post source surface only; stable cross-source LDA client-ID promotion and comparison-group design remain unresolved
cand-f7178708cc78,AMERICAN ASSOCIATION FOR JUSTICE,12,https://lda.gov/api/v1/clients/104895/,3b17e9e8-061f-4d09-aca8-e1de30ff8d7b,2008,first_quarter,Q1,https://lda.gov/filings/public/filing/3b17e9e8-061f-4d09-aca8-e1de30ff8d7b/print/,2008-04-15T15:04:45-04:00,AMERICAN ASSOCIATION FOR JUSTICE,AMERICAN ASSOCIATION FOR JUSTICE,lda-rrr,RRR,Railroads,2008-01-01,2008-03-31,visible_lobbying,visible_lobbying_filing,1.0000,1.1300,Official LDA API,3b17e9e8-061f-4d09-aca8-e1de30ff8d7b|lda-rrr|8,treated_hloga_lda_client,hloga-2007-federal-lobbying-disclosure,filing_count; amount_millions,United States federal,0.8000,reviewed_exact_lda_client_name_source_row,exact-normalized-client-name-match-to-reviewed-canonical-actor,codex-source-audit,2026-07-24,https://lda.gov/filings/public/filing/3b17e9e8-061f-4d09-aca8-e1de30ff8d7b/print/,official LDA API filing row matched by exact normalized client name to the reviewed canonical actor; usable as treated visible-lobbying pre/post source surface only; stable cross-source LDA client-ID promotion and comparison-group design remain unresolved
cand-f7178708cc78,AMERICAN ASSOCIATION FOR JUSTICE,12,https://lda.gov/api/v1/clients/104895/,3b17e9e8-061f-4d09-aca8-e1de30ff8d7b,2008,first_quarter,Q1,https://lda.gov/filings/public/filing/3b17e9e8-061f-4d09-aca8-e1de30ff8d7b/print/,2008-04-15T15:04:45-04:00,AMERICAN ASSOCIATION FOR JUSTICE,AMERICAN ASSOCIATION FOR JUSTICE,lda-tax,TAX,Taxation/Internal Revenue Code,2008-01-01,2008-03-31,visible_lobbying,visible_lobbying_filing,1.0000,1.1300,Official LDA API,3b17e9e8-061f-4d09-aca8-e1de30ff8d7b|lda-tax|6,treated_hloga_lda_client,hloga-2007-federal-lobbying-disclosure,filing_count; amount_millions,United States federal,0.8000,reviewed_exact_lda_client_name_source_row,exact-normalized-client-name-match-to-reviewed-canonical-actor,codex-source-audit,2026-07-24,https://lda.gov/filings/public/filing/3b17e9e8-061f-4d09-aca8-e1de30ff8d7b/print/,official LDA API filing row matched by exact normalized client name to the reviewed canonical actor; usable as treated visible-lobbying pre/post source surface only; stable cross-source LDA client-ID promotion and comparison-group design remain unresolved
cand-f7178708cc78,AMERICAN ASSOCIATION FOR JUSTICE,12,https://lda.gov/api/v1/clients/104895/,3b17e9e8-061f-4d09-aca8-e1de30ff8d7b,2008,first_quarter,Q1,https://lda.gov/filings/public/filing/3b17e9e8-061f-4d09-aca8-e1de30ff8d7b/print/,2008-04-15T15:04:45-04:00,AMERICAN ASSOCIATION FOR JUSTICE,AMERICAN ASSOCIATION FOR JUSTICE,lda-tor,TOR,Torts,2008-01-01,2008-03-31,visible_lobbying,visible_lobbying_filing,1.0000,1.1300,Official LDA API,3b17e9e8-061f-4d09-aca8-e1de30ff8d7b|lda-tor|11,treated_hloga_lda_client,hloga-2007-federal-lobbying-disclosure,filing_count; amount_millions,United States federal,0.8000,reviewed_exact_lda_client_name_source_row,exact-normalized-client-name-match-to-reviewed-canonical-actor,codex-source-audit,2026-07-24,https://lda.gov/filings/public/filing/3b17e9e8-061f-4d09-aca8-e1de30ff8d7b/print/,official LDA API filing row matched by exact normalized client name to the reviewed canonical actor; usable as treated visible-lobbying pre/post source surface only; stable cross-source LDA client-ID promotion and comparison-group design remain unresolved
cand-f7178708cc78,AMERICAN ASSOCIATION FOR JUSTICE,1002750,https://lda.gov/api/v1/clients/115785/,3c7501f8-09f0-4f25-a3f8-8d215d122e43,2008,first_quarter,Q1,https://lda.gov/filings/public/filing/3c7501f8-09f0-4f25-a3f8-8d215d122e43/print/,2008-04-18T14:44:18-04:00,AMERICAN ASSOCIATION FOR JUSTICE,CUNEO GILBERT FLANNERY & LADUCA (FORMERLY KNOWN AS CUNEO GILBERT & LADUCA),lda-fin,FIN,Financial Institutions/Investments/Securities,2008-01-01,2008-03-31,visible_lobbying,visible_lobbying_filing,1.0000,0.0400,Official LDA API,3c7501f8-09f0-4f25-a3f8-8d215d122e43|lda-fin|1,treated_hloga_lda_client,hloga-2007-federal-lobbying-disclosure,filing_count; amount_millions,United States federal,0.8000,reviewed_exact_lda_client_name_source_row,exact-normalized-client-name-match-to-reviewed-canonical-actor,codex-source-audit,2026-07-24,https://lda.gov/filings/public/filing/3c7501f8-09f0-4f25-a3f8-8d215d122e43/print/,official LDA API filing row matched by exact normalized client name to the reviewed canonical actor; usable as treated visible-lobbying pre/post source surface only; stable cross-source LDA client-ID promotion and comparison-group design remain unresolved
cand-f7178708cc78,AMERICAN ASSOCIATION FOR JUSTICE,1611,https://lda.gov/api/v1/clients/125733/,f0c705e4-b161-438d-aa60-662711536cbd,2008,first_quarter,RR,https://lda.gov/filings/public/filing/f0c705e4-b161-438d-aa60-662711536cbd/print/,2008-03-13T11:40:59-04:00,AMERICAN ASSOCIATION FOR JUSTICE,PALMETTO GROUP,lda-tax,TAX,Taxation/Internal Revenue Code,2008-01-01,2008-03-31,visible_lobbying,visible_lobbying_filing,1.0000,0.0000,Official LDA API,f0c705e4-b161-438d-aa60-662711536cbd|lda-tax|1,treated_hloga_lda_client,hloga-2007-federal-lobbying-disclosure,filing_count; amount_millions,United States federal,0.8000,reviewed_exact_lda_client_name_source_row,exact-normalized-client-name-match-to-reviewed-canonical-actor,codex-source-audit,2026-07-24,https://lda.gov/filings/public/filing/f0c705e4-b161-438d-aa60-662711536cbd/print/,official LDA API filing row matched by exact normalized client name to the reviewed canonical actor; usable as treated visible-lobbying pre/post source surface only; stable cross-source LDA client-ID promotion and comparison-group design remain unresolved
cand-f7178708cc78,AMERICAN ASSOCIATION FOR JUSTICE,24,https://lda.gov/api/v1/clients/157880/,f83fc609-6500-4843-90fe-08275bc86424,2008,first_quarter,Q1,https://lda.gov/filings/public/filing/f83fc609-6500-4843-90fe-08275bc86424/print/,2008-04-15T17:05:13-04:00,AMERICAN ASSOCIATION FOR JUSTICE,"FORSCEY, PLLC",lda-fin,FIN,Financial Institutions/Investments/Securities,2008-01-01,2008-03-31,visible_lobbying,visible_lobbying_filing,1.0000,0.0500,Official LDA API,f83fc609-6500-4843-90fe-08275bc86424|lda-fin|1,treated_hloga_lda_client,hloga-2007-federal-lobbying-disclosure,filing_count; amount_millions,United States federal,0.8000,reviewed_exact_lda_client_name_source_row,exact-normalized-client-name-match-to-reviewed-canonical-actor,codex-source-audit,2026-07-24,https://lda.gov/filings/public/filing/f83fc609-6500-4843-90fe-08275bc86424/print/,official LDA API filing row matched by exact normalized client name to the reviewed canonical actor; usable as treated visible-lobbying pre/post source surface only; stable cross-source LDA client-ID promotion and comparison-group design remain unresolved
cand-f7178708cc78,AMERICAN ASSOCIATION FOR JUSTICE,24,https://lda.gov/api/v1/clients/157880/,f83fc609-6500-4843-90fe-08275bc86424,2008,first_quarter,Q1,https://lda.gov/filings/public/filing/f83fc609-6500-4843-90fe-08275bc86424/print/,2008-04-15T17:05:13-04:00,AMERICAN ASSOCIATION FOR JUSTICE,"FORSCEY, PLLC",lda-hcr,HCR,Health Issues,2008-01-01,2008-03-31,visible_lobbying,visible_lobbying_filing,1.0000,0.0500,Official LDA API,f83fc609-6500-4843-90fe-08275bc86424|lda-hcr|3,treated_hloga_lda_client,hloga-2007-federal-lobbying-disclosure,filing_count; amount_millions,United States federal,0.8000,reviewed_exact_lda_client_name_source_row,exact-normalized-client-name-match-to-reviewed-canonical-actor,codex-source-audit,2026-07-24,https://lda.gov/filings/public/filing/f83fc609-6500-4843-90fe-08275bc86424/print/,official LDA API filing row matched by exact normalized client name to the reviewed canonical actor; usable as treated visible-lobbying pre/post source surface only; stable cross-source LDA client-ID promotion and comparison-group design remain unresolved
cand-f7178708cc78,AMERICAN ASSOCIATION FOR JUSTICE,24,https://lda.gov/api/v1/clients/157880/,f83fc609-6500-4843-90fe-08275bc86424,2008,first_quarter,Q1,https://lda.gov/filings/public/filing/f83fc609-6500-4843-90fe-08275bc86424/print/,2008-04-15T17:05:13-04:00,AMERICAN ASSOCIATION FOR JUSTICE,"FORSCEY, PLLC",lda-tor,TOR,Torts,2008-01-01,2008-03-31,visible_lobbying,visible_lobbying_filing,1.0000,0.0500,Official LDA API,f83fc609-6500-4843-90fe-08275bc86424|lda-tor|2,treated_hloga_lda_client,hloga-2007-federal-lobbying-disclosure,filing_count; amount_millions,United States federal,0.8000,reviewed_exact_lda_client_name_source_row,exact-normalized-client-name-match-to-reviewed-canonical-actor,codex-source-audit,2026-07-24,https://lda.gov/filings/public/filing/f83fc609-6500-4843-90fe-08275bc86424/print/,official LDA API filing row matched by exact normalized client name to the reviewed canonical actor; usable as treated visible-lobbying pre/post source surface only; stable cross-source LDA client-ID promotion and comparison-group design remain unresolved
cand-f7178708cc78,AMERICAN ASSOCIATION FOR JUSTICE,1611,https://lda.gov/api/v1/clients/125733/,f8779c4f-3527-4db1-bf8d-a6cb88298d1b,2008,first_quarter,Q1,https://lda.gov/filings/public/filing/f8779c4f-3527-4db1-bf8d-a6cb88298d1b/print/,2008-04-14T16:48:50-04:00,AMERICAN ASSOCIATION FOR JUSTICE,PALMETTO GROUP,lda-tax,TAX,Taxation/Internal Revenue Code,2008-01-01,2008-03-31,visible_lobbying,visible_lobbying_filing,1.0000,0.0250,Official LDA API,f8779c4f-3527-4db1-bf8d-a6cb88298d1b|lda-tax|1,treated_hloga_lda_client,hloga-2007-federal-lobbying-disclosure,filing_count; amount_millions,United States federal,0.8000,reviewed_exact_lda_client_name_source_row,exact-normalized-client-name-match-to-reviewed-canonical-actor,codex-source-audit,2026-07-24,https://lda.gov/filings/public/filing/f8779c4f-3527-4db1-bf8d-a6cb88298d1b/print/,official LDA API filing row matched by exact normalized client name to the reviewed canonical actor; usable as treated visible-lobbying pre/post source surface only; stable cross-source LDA client-ID promotion and comparison-group design remain unresolved
cand-f7178708cc78,AMERICAN ASSOCIATION FOR JUSTICE,1002750,https://lda.gov/api/v1/clients/115785/,0470c414-abdd-441f-9b81-2cb54609f9c5,2008,second_quarter,2A,https://lda.gov/filings/public/filing/0470c414-abdd-441f-9b81-2cb54609f9c5/print/,2008-07-25T11:50:08-04:00,AMERICAN ASSOCIATION FOR JUSTICE,CUNEO GILBERT FLANNERY & LADUCA (FORMERLY KNOWN AS CUNEO GILBERT & LADUCA),lda-fin,FIN,Financial Institutions/Investments/Securities,2008-04-01,2008-06-30,visible_lobbying,visible_lobbying_filing,1.0000,0.0400,Official LDA API,0470c414-abdd-441f-9b81-2cb54609f9c5|lda-fin|1,treated_hloga_lda_client,hloga-2007-federal-lobbying-disclosure,filing_count; amount_millions,United States federal,0.8000,reviewed_exact_lda_client_name_source_row,exact-normalized-client-name-match-to-reviewed-canonical-actor,codex-source-audit,2026-07-24,https://lda.gov/filings/public/filing/0470c414-abdd-441f-9b81-2cb54609f9c5/print/,official LDA API filing row matched by exact normalized client name to the reviewed canonical actor; usable as treated visible-lobbying pre/post source surface only; stable cross-source LDA client-ID promotion and comparison-group design remain unresolved
cand-f7178708cc78,AMERICAN ASSOCIATION FOR JUSTICE,265,https://lda.gov/api/v1/clients/136289/,08ee0987-daaa-448b-b481-61bf549553a3,2008,second_quarter,Q2,https://lda.gov/filings/public/filing/08ee0987-daaa-448b-b481-61bf549553a3/print/,2008-07-19T16:43:44-04:00,AMERICAN ASSOCIATION FOR JUSTICE,SQUIRE PATTON BOGGS,lda-tax,TAX,Taxation/Internal Revenue Code,2008-04-01,2008-06-30,visible_lobbying,visible_lobbying_filing,1.0000,0.3000,Official LDA API,08ee0987-daaa-448b-b481-61bf549553a3|lda-tax|1,treated_hloga_lda_client,hloga-2007-federal-lobbying-disclosure,filing_count; amount_millions,United States federal,0.8000,reviewed_exact_lda_client_name_source_row,exact-normalized-client-name-match-to-reviewed-canonical-actor,codex-source-audit,2026-07-24,https://lda.gov/filings/public/filing/08ee0987-daaa-448b-b481-61bf549553a3/print/,official LDA API filing row matched by exact normalized client name to the reviewed canonical actor; usable as treated visible-lobbying pre/post source surface only; stable cross-source LDA client-ID promotion and comparison-group design remain unresolved
cand-f7178708cc78,AMERICAN ASSOCIATION FOR JUSTICE,265,https://lda.gov/api/v1/clients/136289/,08ee0987-daaa-448b-b481-61bf549553a3,2008,second_quarter,Q2,https://lda.gov/filings/public/filing/08ee0987-daaa-448b-b481-61bf549553a3/print/,2008-07-19T16:43:44-04:00,AMERICAN ASSOCIATION FOR JUSTICE,SQUIRE PATTON BOGGS,lda-tor,TOR,Torts,2008-04-01,2008-06-30,visible_lobbying,visible_lobbying_filing,1.0000,0.3000,Official LDA API,08ee0987-daaa-448b-b481-61bf549553a3|lda-tor|2,treated_hloga_lda_client,hloga-2007-federal-lobbying-disclosure,filing_count; amount_millions,United States federal,0.8000,reviewed_exact_lda_client_name_source_row,exact-normalized-client-name-match-to-reviewed-canonical-actor,codex-source-audit,2026-07-24,https://lda.gov/filings/public/filing/08ee0987-daaa-448b-b481-61bf549553a3/print/,official LDA API filing row matched by exact normalized client name to the reviewed canonical actor; usable as treated visible-lobbying pre/post source surface only; stable cross-source LDA client-ID promotion and comparison-group design remain unresolved
cand-f7178708cc78,AMERICAN ASSOCIATION FOR JUSTICE,24,https://lda.gov/api/v1/clients/157880/,7e3288af-439b-4a27-8d42-a3d7ae060f79,2008,second_quarter,Q2,https://lda.gov/filings/public/filing/7e3288af-439b-4a27-8d42-a3d7ae060f79/print/,2008-07-16T16:43:57-04:00,AMERICAN ASSOCIATION FOR JUSTICE,"FORSCEY, PLLC",lda-fin,FIN,Financial Institutions/Investments/Securities,2008-04-01,2008-06-30,visible_lobbying,visible_lobbying_filing,1.0000,0.0600,Official LDA API,7e3288af-439b-4a27-8d42-a3d7ae060f79|lda-fin|2,treated_hloga_lda_client,hloga-2007-federal-lobbying-disclosure,filing_count; amount_millions,United States federal,0.8000,reviewed_exact_lda_client_name_source_row,exact-normalized-client-name-match-to-reviewed-canonical-actor,codex-source-audit,2026-07-24,https://lda.gov/filings/public/filing/7e3288af-439b-4a27-8d42-a3d7ae060f79/print/,official LDA API filing row matched by exact normalized client name to the reviewed canonical actor; usable as treated visible-lobbying pre/post source surface only; stable cross-source LDA client-ID promotion and comparison-group design remain unresolved
cand-f7178708cc78,AMERICAN ASSOCIATION FOR JUSTICE,24,https://lda.gov/api/v1/clients/157880/,7e3288af-439b-4a27-8d42-a3d7ae060f79,2008,second_quarter,Q2,https://lda.gov/filings/public/filing/7e3288af-439b-4a27-8d42-a3d7ae060f79/print/,2008-07-16T16:43:57-04:00,AMERICAN ASSOCIATION FOR JUSTICE,"FORSCEY, PLLC",lda-hcr,HCR,Health Issues,2008-04-01,2008-06-30,visible_lobbying,visible_lobbying_filing,1.0000,0.0600,Official LDA API,7e3288af-439b-4a27-8d42-a3d7ae060f79|lda-hcr|3,treated_hloga_lda_client,hloga-2007-federal-lobbying-disclosure,filing_count; amount_millions,United States federal,0.8000,reviewed_exact_lda_client_name_source_row,exact-normalized-client-name-match-to-reviewed-canonical-actor,codex-source-audit,2026-07-24,https://lda.gov/filings/public/filing/7e3288af-439b-4a27-8d42-a3d7ae060f79/print/,official LDA API filing row matched by exact normalized client name to the reviewed canonical actor; usable as treated visible-lobbying pre/post source surface only; stable cross-source LDA client-ID promotion and comparison-group design remain unresolved
cand-f7178708cc78,AMERICAN ASSOCIATION FOR JUSTICE,24,https://lda.gov/api/v1/clients/157880/,7e3288af-439b-4a27-8d42-a3d7ae060f79,2008,second_quarter,Q2,https://lda.gov/filings/public/filing/7e3288af-439b-4a27-8d42-a3d7ae060f79/print/,2008-07-16T16:43:57-04:00,AMERICAN ASSOCIATION FOR JUSTICE,"FORSCEY, PLLC",lda-tor,TOR,Torts,2008-04-01,2008-06-30,visible_lobbying,visible_lobbying_filing,1.0000,0.0600,Official LDA API,7e3288af-439b-4a27-8d42-a3d7ae060f79|lda-tor|1,treated_hloga_lda_client,hloga-2007-federal-lobbying-disclosure,filing_count; amount_millions,United States federal,0.8000,reviewed_exact_lda_client_name_source_row,exact-normalized-client-name-match-to-reviewed-canonical-actor,codex-source-audit,2026-07-24,https://lda.gov/filings/public/filing/7e3288af-439b-4a27-8d42-a3d7ae060f79/print/,official LDA API filing row matched by exact normalized client name to the reviewed canonical actor; usable as treated visible-lobbying pre/post source surface only; stable cross-source LDA client-ID promotion and comparison-group design remain unresolved
cand-f7178708cc78,AMERICAN ASSOCIATION FOR JUSTICE,12,https://lda.gov/api/v1/clients/104895/,8cdc0c87-d5a0-498a-b0a5-ef258c345e02,2008,second_quarter,Q2,https://lda.gov/filings/public/filing/8cdc0c87-d5a0-498a-b0a5-ef258c345e02/print/,2008-07-08T10:41:15-04:00,AMERICAN ASSOCIATION FOR JUSTICE,AMERICAN ASSOCIATION FOR JUSTICE,lda-civ,CIV,Civil Rights/Civil Liberties,2008-04-01,2008-06-30,visible_lobbying,visible_lobbying_filing,1.0000,1.7400,Official LDA API,8cdc0c87-d5a0-498a-b0a5-ef258c345e02|lda-civ|2,treated_hloga_lda_client,hloga-2007-federal-lobbying-disclosure,filing_count; amount_millions,United States federal,0.8000,reviewed_exact_lda_client_name_source_row,exact-normalized-client-name-match-to-reviewed-canonical-actor,codex-source-audit,2026-07-24,https://lda.gov/filings/public/filing/8cdc0c87-d5a0-498a-b0a5-ef258c345e02/print/,official LDA API filing row matched by exact normalized client name to the reviewed canonical actor; usable as treated visible-lobbying pre/post source surface only; stable cross-source LDA client-ID promotion and comparison-group design remain unresolved
cand-f7178708cc78,AMERICAN ASSOCIATION FOR JUSTICE,12,https://lda.gov/api/v1/clients/104895/,8cdc0c87-d5a0-498a-b0a5-ef258c345e02,2008,second_quarter,Q2,https://lda.gov/filings/public/filing/8cdc0c87-d5a0-498a-b0a5-ef258c345e02/print/,2008-07-08T10:41:15-04:00,AMERICAN ASSOCIATION FOR JUSTICE,AMERICAN ASSOCIATION FOR JUSTICE,lda-cpt,CPT,Copyright/Patent/Trademark,2008-04-01,2008-06-30,visible_lobbying,visible_lobbying_filing,1.0000,1.7400,Official LDA API,8cdc0c87-d5a0-498a-b0a5-ef258c345e02|lda-cpt|1,treated_hloga_lda_client,hloga-2007-federal-lobbying-disclosure,filing_count; amount_millions,United States federal,0.8000,reviewed_exact_lda_client_name_source_row,exact-normalized-client-name-match-to-reviewed-canonical-actor,codex-source-audit,2026-07-24,https://lda.gov/filings/public/filing/8cdc0c87-d5a0-498a-b0a5-ef258c345e02/print/,official LDA API filing row matched by exact normalized client name to the reviewed canonical actor; usable as treated visible-lobbying pre/post source surface only; stable cross-source LDA client-ID promotion and comparison-group design remain unresolved
cand-f7178708cc78,AMERICAN ASSOCIATION FOR JUSTICE,12,https://lda.gov/api/v1/clients/104895/,8cdc0c87-d5a0-498a-b0a5-ef258c345e02,2008,second_quarter,Q2,https://lda.gov/filings/public/filing/8cdc0c87-d5a0-498a-b0a5-ef258c345e02/print/,2008-07-08T10:41:15-04:00,AMERICAN ASSOCIATION FOR JUSTICE,AMERICAN ASSOCIATION FOR JUSTICE,lda-csp,CSP,Consumer Issues/Safety/Products,2008-04-01,2008-06-30,visible_lobbying,visible_lobbying_filing,1.0000,1.7400,Official LDA API,8cdc0c87-d5a0-498a-b0a5-ef258c345e02|lda-csp|5,treated_hloga_lda_client,hloga-2007-federal-lobbying-disclosure,filing_count; amount_millions,United States federal,0.8000,reviewed_exact_lda_client_name_source_row,exact-normalized-client-name-match-to-reviewed-canonical-actor,codex-source-audit,2026-07-24,https://lda.gov/filings/public/filing/8cdc0c87-d5a0-498a-b0a5-ef258c345e02/print/,official LDA API filing row matched by exact normalized client name to the reviewed canonical actor; usable as treated visible-lobbying pre/post source surface only; stable cross-source LDA client-ID promotion and comparison-group design remain unresolved
cand-f7178708cc78,AMERICAN ASSOCIATION FOR JUSTICE,12,https://lda.gov/api/v1/clients/104895/,8cdc0c87-d5a0-498a-b0a5-ef258c345e02,2008,second_quarter,Q2,https://lda.gov/filings/public/filing/8cdc0c87-d5a0-498a-b0a5-ef258c345e02/print/,2008-07-08T10:41:15-04:00,AMERICAN ASSOCIATION FOR JUSTICE,AMERICAN ASSOCIATION FOR JUSTICE,lda-fin,FIN,Financial Institutions/Investments/Securities,2008-04-01,2008-06-30,visible_lobbying,visible_lobbying_filing,1.0000,1.7400,Official LDA API,8cdc0c87-d5a0-498a-b0a5-ef258c345e02|lda-fin|9,treated_hloga_lda_client,hloga-2007-federal-lobbying-disclosure,filing_count; amount_millions,United States federal,0.8000,reviewed_exact_lda_client_name_source_row,exact-normalized-client-name-match-to-reviewed-canonical-actor,codex-source-audit,2026-07-24,https://lda.gov/filings/public/filing/8cdc0c87-d5a0-498a-b0a5-ef258c345e02/print/,official LDA API filing row matched by exact normalized client name to the reviewed canonical actor; usable as treated visible-lobbying pre/post source surface only; stable cross-source LDA client-ID promotion and comparison-group design remain unresolved
cand-f7178708cc78,AMERICAN ASSOCIATION FOR JUSTICE,12,https://lda.gov/api/v1/clients/104895/,8cdc0c87-d5a0-498a-b0a5-ef258c345e02,2008,second_quarter,Q2,https://lda.gov/filings/public/filing/8cdc0c87-d5a0-498a-b0a5-ef258c345e02/print/,2008-07-08T10:41:15-04:00,AMERICAN ASSOCIATION FOR JUSTICE,AMERICAN ASSOCIATION FOR JUSTICE,lda-gov,GOV,Government Issues,2008-04-01,2008-06-30,visible_lobbying,visible_lobbying_filing,1.0000,1.7400,Official LDA API,8cdc0c87-d5a0-498a-b0a5-ef258c345e02|lda-gov|11,treated_hloga_lda_client,hloga-2007-federal-lobbying-disclosure,filing_count; amount_millions,United States federal,0.8000,reviewed_exact_lda_client_name_source_row,exact-normalized-client-name-match-to-reviewed-canonical-actor,codex-source-audit,2026-07-24,https://lda.gov/filings/public/filing/8cdc0c87-d5a0-498a-b0a5-ef258c345e02/print/,official LDA API filing row matched by exact normalized client name to the reviewed canonical actor; usable as treated visible-lobbying pre/post source surface only; stable cross-source LDA client-ID promotion and comparison-group design remain unresolved
cand-f7178708cc78,AMERICAN ASSOCIATION FOR JUSTICE,12,https://lda.gov/api/v1/clients/104895/,8cdc0c87-d5a0-498a-b0a5-ef258c345e02,2008,second_quarter,Q2,https://lda.gov/filings/public/filing/8cdc0c87-d5a0-498a-b0a5-ef258c345e02/print/,2008-07-08T10:41:15-04:00,AMERICAN ASSOCIATION FOR JUSTICE,AMERICAN ASSOCIATION FOR JUSTICE,lda-hcr,HCR,Health Issues,2008-04-01,2008-06-30,visible_lobbying,visible_lobbying_filing,1.0000,1.7400,Official LDA API,8cdc0c87-d5a0-498a-b0a5-ef258c345e02|lda-hcr|4,treated_hloga_lda_client,hloga-2007-federal-lobbying-disclosure,filing_count; amount_millions,United States federal,0.8000,reviewed_exact_lda_client_name_source_row,exact-normalized-client-name-match-to-reviewed-canonical-actor,codex-source-audit,2026-07-24,https://lda.gov/filings/public/filing/8cdc0c87-d5a0-498a-b0a5-ef258c345e02/print/,official LDA API filing row matched by exact normalized client name to the reviewed canonical actor; usable as treated visible-lobbying pre/post source surface only; stable cross-source LDA client-ID promotion and comparison-group design remain unresolved
cand-f7178708cc78,AMERICAN ASSOCIATION FOR JUSTICE,12,https://lda.gov/api/v1/clients/104895/,8cdc0c87-d5a0-498a-b0a5-ef258c345e02,2008,second_quarter,Q2,https://lda.gov/filings/public/filing/8cdc0c87-d5a0-498a-b0a5-ef258c345e02/print/,2008-07-08T10:41:15-04:00,AMERICAN ASSOCIATION FOR JUSTICE,AMERICAN ASSOCIATION FOR JUSTICE,lda-lbr,LBR,Labor Issues/Antitrust/Workplace,2008-04-01,2008-06-30,visible_lobbying,visible_lobbying_filing,1.0000,1.7400,Official LDA API,8cdc0c87-d5a0-498a-b0a5-ef258c345e02|lda-lbr|6,treated_hloga_lda_client,hloga-2007-federal-lobbying-disclosure,filing_count; amount_millions,United States federal,0.8000,reviewed_exact_lda_client_name_source_row,exact-normalized-client-name-match-to-reviewed-canonical-actor,codex-source-audit,2026-07-24,https://lda.gov/filings/public/filing/8cdc0c87-d5a0-498a-b0a5-ef258c345e02/print/,official LDA API filing row matched by exact normalized client name to the reviewed canonical actor; usable as treated visible-lobbying pre/post source surface only; stable cross-source LDA client-ID promotion and comparison-group design remain unresolved
cand-f7178708cc78,AMERICAN ASSOCIATION FOR JUSTICE,12,https://lda.gov/api/v1/clients/104895/,8cdc0c87-d5a0-498a-b0a5-ef258c345e02,2008,second_quarter,Q2,https://lda.gov/filings/public/filing/8cdc0c87-d5a0-498a-b0a5-ef258c345e02/print/,2008-07-08T10:41:15-04:00,AMERICAN ASSOCIATION FOR JUSTICE,AMERICAN ASSOCIATION FOR JUSTICE,lda-mar,MAR,Marine/Maritime/Boating/Fisheries,2008-04-01,2008-06-30,visible_lobbying,visible_lobbying_filing,1.0000,1.7400,Official LDA API,8cdc0c87-d5a0-498a-b0a5-ef258c345e02|lda-mar|7,treated_hloga_lda_client,hloga-2007-federal-lobbying-disclosure,filing_count; amount_millions,United States federal,0.8000,reviewed_exact_lda_client_name_source_row,exact-normalized-client-name-match-to-reviewed-canonical-actor,codex-source-audit,2026-07-24,https://lda.gov/filings/public/filing/8cdc0c87-d5a0-498a-b0a5-ef258c345e02/print/,official LDA API filing row matched by exact normalized client name to the reviewed canonical actor; usable as treated visible-lobbying pre/post source surface only; stable cross-source LDA client-ID promotion and comparison-group design remain unresolved
cand-f7178708cc78,AMERICAN ASSOCIATION FOR JUSTICE,12,https://lda.gov/api/v1/clients/104895/,8cdc0c87-d5a0-498a-b0a5-ef258c345e02,2008,second_quarter,Q2,https://lda.gov/filings/public/filing/8cdc0c87-d5a0-498a-b0a5-ef258c345e02/print/,2008-07-08T10:41:15-04:00,AMERICAN ASSOCIATION FOR JUSTICE,AMERICAN ASSOCIATION FOR JUSTICE,lda-rod,ROD,Roads/Highway,2008-04-01,2008-06-30,visible_lobbying,visible_lobbying_filing,1.0000,1.7400,Official LDA API,8cdc0c87-d5a0-498a-b0a5-ef258c345e02|lda-rod|10,treated_hloga_lda_client,hloga-2007-federal-lobbying-disclosure,filing_count; amount_millions,United States federal,0.8000,reviewed_exact_lda_client_name_source_row,exact-normalized-client-name-match-to-reviewed-canonical-actor,codex-source-audit,2026-07-24,https://lda.gov/filings/public/filing/8cdc0c87-d5a0-498a-b0a5-ef258c345e02/print/,official LDA API filing row matched by exact normalized client name to the reviewed canonical actor; usable as treated visible-lobbying pre/post source surface only; stable cross-source LDA client-ID promotion and comparison-group design remain unresolved
cand-f7178708cc78,AMERICAN ASSOCIATION FOR JUSTICE,12,https://lda.gov/api/v1/clients/104895/,8cdc0c87-d5a0-498a-b0a5-ef258c345e02,2008,second_quarter,Q2,https://lda.gov/filings/public/filing/8cdc0c87-d5a0-498a-b0a5-ef258c345e02/print/,2008-07-08T10:41:15-04:00,AMERICAN ASSOCIATION FOR JUSTICE,AMERICAN ASSOCIATION FOR JUSTICE,lda-rrr,RRR,Railroads,2008-04-01,2008-06-30,visible_lobbying,visible_lobbying_filing,1.0000,1.7400,Official LDA API,8cdc0c87-d5a0-498a-b0a5-ef258c345e02|lda-rrr|8,treated_hloga_lda_client,hloga-2007-federal-lobbying-disclosure,filing_count; amount_millions,United States federal,0.8000,reviewed_exact_lda_client_name_source_row,exact-normalized-client-name-match-to-reviewed-canonical-actor,codex-source-audit,2026-07-24,https://lda.gov/filings/public/filing/8cdc0c87-d5a0-498a-b0a5-ef258c345e02/print/,official LDA API filing row matched by exact normalized client name to the reviewed canonical actor; usable as treated visible-lobbying pre/post source surface only; stable cross-source LDA client-ID promotion and comparison-group design remain unresolved
cand-f7178708cc78,AMERICAN ASSOCIATION FOR JUSTICE,12,https://lda.gov/api/v1/clients/104895/,8cdc0c87-d5a0-498a-b0a5-ef258c345e02,2008,second_quarter,Q2,https://lda.gov/filings/public/filing/8cdc0c87-d5a0-498a-b0a5-ef258c345e02/print/,2008-07-08T10:41:15-04:00,AMERICAN ASSOCIATION FOR JUSTICE,AMERICAN ASSOCIATION FOR JUSTICE,lda-tax,TAX,Taxation/Internal Revenue Code,2008-04-01,2008-06-30,visible_lobbying,visible_lobbying_filing,1.0000,1.7400,Official LDA API,8cdc0c87-d5a0-498a-b0a5-ef258c345e02|lda-tax|3,treated_hloga_lda_client,hloga-2007-federal-lobbying-disclosure,filing_count; amount_millions,United States federal,0.8000,reviewed_exact_lda_client_name_source_row,exact-normalized-client-name-match-to-reviewed-canonical-actor,codex-source-audit,2026-07-24,https://lda.gov/filings/public/filing/8cdc0c87-d5a0-498a-b0a5-ef258c345e02/print/,official LDA API filing row matched by exact normalized client name to the reviewed canonical actor; usable as treated visible-lobbying pre/post source surface only; stable cross-source LDA client-ID promotion and comparison-group design remain unresolved
cand-f7178708cc78,AMERICAN ASSOCIATION FOR JUSTICE,12,https://lda.gov/api/v1/clients/104895/,8cdc0c87-d5a0-498a-b0a5-ef258c345e02,2008,second_quarter,Q2,https://lda.gov/filings/public/filing/8cdc0c87-d5a0-498a-b0a5-ef258c345e02/print/,2008-07-08T10:41:15-04:00,AMERICAN ASSOCIATION FOR JUSTICE,AMERICAN ASSOCIATION FOR JUSTICE,lda-tor,TOR,Torts,2008-04-01,2008-06-30,visible_lobbying,visible_lobbying_filing,1.0000,1.7400,Official LDA API,8cdc0c87-d5a0-498a-b0a5-ef258c345e02|lda-tor|12,treated_hloga_lda_client,hloga-2007-federal-lobbying-disclosure,filing_count; amount_millions,United States federal,0.8000,reviewed_exact_lda_client_name_source_row,exact-normalized-client-name-match-to-reviewed-canonical-actor,codex-source-audit,2026-07-24,https://lda.gov/filings/public/filing/8cdc0c87-d5a0-498a-b0a5-ef258c345e02/print/,official LDA API filing row matched by exact normalized client name to the reviewed canonical actor; usable as treated visible-lobbying pre/post source surface only; stable cross-source LDA client-ID promotion and comparison-group design remain unresolved
cand-f7178708cc78,AMERICAN ASSOCIATION FOR JUSTICE,1002750,https://lda.gov/api/v1/clients/115785/,a88bb46c-0654-4a4e-a590-6d957c4d775a,2008,second_quarter,Q2,https://lda.gov/filings/public/filing/a88bb46c-0654-4a4e-a590-6d957c4d775a/print/,2008-07-25T11:26:58-04:00,AMERICAN ASSOCIATION FOR JUSTICE,CUNEO GILBERT FLANNERY & LADUCA (FORMERLY KNOWN AS CUNEO GILBERT & LADUCA),lda-fin,FIN,Financial Institutions/Investments/Securities,2008-04-01,2008-06-30,visible_lobbying,visible_lobbying_filing,1.0000,0.0300,Official LDA API,a88bb46c-0654-4a4e-a590-6d957c4d775a|lda-fin|1,treated_hloga_lda_client,hloga-2007-federal-lobbying-disclosure,filing_count; amount_millions,United States federal,0.8000,reviewed_exact_lda_client_name_source_row,exact-normalized-client-name-match-to-reviewed-canonical-actor,codex-source-audit,2026-07-24,https://lda.gov/filings/public/filing/a88bb46c-0654-4a4e-a590-6d957c4d775a/print/,official LDA API filing row matched by exact normalized client name to the reviewed canonical actor; usable as treated visible-lobbying pre/post source surface only; stable cross-source LDA client-ID promotion and comparison-group design remain unresolved
cand-f7178708cc78,AMERICAN ASSOCIATION FOR JUSTICE,330,https://lda.gov/api/v1/clients/169036/,bcf7c4ad-cebe-4332-9c47-0d35ec390bd0,2008,second_quarter,Q2,https://lda.gov/filings/public/filing/bcf7c4ad-cebe-4332-9c47-0d35ec390bd0/print/,2008-07-21T09:41:29-04:00,AMERICAN ASSOCIATION FOR JUSTICE,"NVG, LLC",lda-tor,TOR,Torts,2008-04-01,2008-06-30,visible_lobbying,visible_lobbying_filing,1.0000,0.0500,Official LDA API,bcf7c4ad-cebe-4332-9c47-0d35ec390bd0|lda-tor|1,treated_hloga_lda_client,hloga-2007-federal-lobbying-disclosure,filing_count; amount_millions,United States federal,0.8000,reviewed_exact_lda_client_name_source_row,exact-normalized-client-name-match-to-reviewed-canonical-actor,codex-source-audit,2026-07-24,https://lda.gov/filings/public/filing/bcf7c4ad-cebe-4332-9c47-0d35ec390bd0/print/,official LDA API filing row matched by exact normalized client name to the reviewed canonical actor; usable as treated visible-lobbying pre/post source surface only; stable cross-source LDA client-ID promotion and comparison-group design remain unresolved
cand-f7178708cc78,AMERICAN ASSOCIATION FOR JUSTICE,1611,https://lda.gov/api/v1/clients/125733/,c7c2ca8d-092b-49e4-97c1-83cd4dcdf2ee,2008,second_quarter,Q2,https://lda.gov/filings/public/filing/c7c2ca8d-092b-49e4-97c1-83cd4dcdf2ee/print/,2008-07-07T17:27:59-04:00,AMERICAN ASSOCIATION FOR JUSTICE,PALMETTO GROUP,lda-tax,TAX,Taxation/Internal Revenue Code,2008-04-01,2008-06-30,visible_lobbying,visible_lobbying_filing,1.0000,0.0750,Official LDA API,c7c2ca8d-092b-49e4-97c1-83cd4dcdf2ee|lda-tax|1,treated_hloga_lda_client,hloga-2007-federal-lobbying-disclosure,filing_count; amount_millions,United States federal,0.8000,reviewed_exact_lda_client_name_source_row,exact-normalized-client-name-match-to-reviewed-canonical-actor,codex-source-audit,2026-07-24,https://lda.gov/filings/public/filing/c7c2ca8d-092b-49e4-97c1-83cd4dcdf2ee/print/,official LDA API filing row matched by exact normalized client name to the reviewed canonical actor; usable as treated visible-lobbying pre/post source surface only; stable cross-source LDA client-ID promotion and comparison-group design remain unresolved
cand-f7178708cc78,AMERICAN ASSOCIATION FOR JUSTICE,12,https://lda.gov/api/v1/clients/104895/,16f6e743-fb84-48de-b2f2-1e8e6b212947,2008,third_quarter,Q3,https://lda.gov/filings/public/filing/16f6e743-fb84-48de-b2f2-1e8e6b212947/print/,2008-10-14T10:16:11-04:00,AMERICAN ASSOCIATION FOR JUSTICE,AMERICAN ASSOCIATION FOR JUSTICE,lda-cpt,CPT,Copyright/Patent/Trademark,2008-07-01,2008-09-30,visible_lobbying,visible_lobbying_filing,1.0000,1.3200,Official LDA API,16f6e743-fb84-48de-b2f2-1e8e6b212947|lda-cpt|5,treated_hloga_lda_client,hloga-2007-federal-lobbying-disclosure,filing_count; amount_millions,United States federal,0.8000,reviewed_exact_lda_client_name_source_row,exact-normalized-client-name-match-to-reviewed-canonical-actor,codex-source-audit,2026-07-24,https://lda.gov/filings/public/filing/16f6e743-fb84-48de-b2f2-1e8e6b212947/print/,official LDA API filing row matched by exact normalized client name to the reviewed canonical actor; usable as treated visible-lobbying pre/post source surface only; stable cross-source LDA client-ID promotion and comparison-group design remain unresolved
cand-f7178708cc78,AMERICAN ASSOCIATION FOR JUSTICE,12,https://lda.gov/api/v1/clients/104895/,16f6e743-fb84-48de-b2f2-1e8e6b212947,2008,third_quarter,Q3,https://lda.gov/filings/public/filing/16f6e743-fb84-48de-b2f2-1e8e6b212947/print/,2008-10-14T10:16:11-04:00,AMERICAN ASSOCIATION FOR JUSTICE,AMERICAN ASSOCIATION FOR JUSTICE,lda-csp,CSP,Consumer Issues/Safety/Products,2008-07-01,2008-09-30,visible_lobbying,visible_lobbying_filing,1.0000,1.3200,Official LDA API,16f6e743-fb84-48de-b2f2-1e8e6b212947|lda-csp|9,treated_hloga_lda_client,hloga-2007-federal-lobbying-disclosure,filing_count; amount_millions,United States federal,0.8000,reviewed_exact_lda_client_name_source_row,exact-normalized-client-name-match-to-reviewed-canonical-actor,codex-source-audit,2026-07-24,https://lda.gov/filings/public/filing/16f6e743-fb84-48de-b2f2-1e8e6b212947/print/,official LDA API filing row matched by exact normalized client name to the reviewed canonical actor; usable as treated visible-lobbying pre/post source surface only; stable cross-source LDA client-ID promotion and comparison-group design remain unresolved
cand-f7178708cc78,AMERICAN ASSOCIATION FOR JUSTICE,12,https://lda.gov/api/v1/clients/104895/,16f6e743-fb84-48de-b2f2-1e8e6b212947,2008,third_quarter,Q3,https://lda.gov/filings/public/filing/16f6e743-fb84-48de-b2f2-1e8e6b212947/print/,2008-10-14T10:16:11-04:00,AMERICAN ASSOCIATION FOR JUSTICE,AMERICAN ASSOCIATION FOR JUSTICE,lda-fin,FIN,Financial Institutions/Investments/Securities,2008-07-01,2008-09-30,visible_lobbying,visible_lobbying_filing,1.0000,1.3200,Official LDA API,16f6e743-fb84-48de-b2f2-1e8e6b212947|lda-fin|6,treated_hloga_lda_client,hloga-2007-federal-lobbying-disclosure,filing_count; amount_millions,United States federal,0.8000,reviewed_exact_lda_client_name_source_row,exact-normalized-client-name-match-to-reviewed-canonical-actor,codex-source-audit,2026-07-24,https://lda.gov/filings/public/filing/16f6e743-fb84-48de-b2f2-1e8e6b212947/print/,official LDA API filing row matched by exact normalized client name to the reviewed canonical actor; usable as treated visible-lobbying pre/post source surface only; stable cross-source LDA client-ID promotion and comparison-group design remain unresolved
cand-f7178708cc78,AMERICAN ASSOCIATION FOR JUSTICE,12,https://lda.gov/api/v1/clients/104895/,16f6e743-fb84-48de-b2f2-1e8e6b212947,2008,third_quarter,Q3,https://lda.gov/filings/public/filing/16f6e743-fb84-48de-b2f2-1e8e6b212947/print/,2008-10-14T10:16:11-04:00,AMERICAN ASSOCIATION FOR JUSTICE,AMERICAN ASSOCIATION FOR JUSTICE,lda-gov,GOV,Government Issues,2008-07-01,2008-09-30,visible_lobbying,visible_lobbying_filing,1.0000,1.3200,Official LDA API,16f6e743-fb84-48de-b2f2-1e8e6b212947|lda-gov|1,treated_hloga_lda_client,hloga-2007-federal-lobbying-disclosure,filing_count; amount_millions,United States federal,0.8000,reviewed_exact_lda_client_name_source_row,exact-normalized-client-name-match-to-reviewed-canonical-actor,codex-source-audit,2026-07-24,https://lda.gov/filings/public/filing/16f6e743-fb84-48de-b2f2-1e8e6b212947/print/,official LDA API filing row matched by exact normalized client name to the reviewed canonical actor; usable as treated visible-lobbying pre/post source surface only; stable cross-source LDA client-ID promotion and comparison-group design remain unresolved
cand-f7178708cc78,AMERICAN ASSOCIATION FOR JUSTICE,12,https://lda.gov/api/v1/clients/104895/,16f6e743-fb84-48de-b2f2-1e8e6b212947,2008,third_quarter,Q3,https://lda.gov/filings/public/filing/16f6e743-fb84-48de-b2f2-1e8e6b212947/print/,2008-10-14T10:16:11-04:00,AMERICAN ASSOCIATION FOR JUSTICE,AMERICAN ASSOCIATION FOR JUSTICE,lda-hcr,HCR,Health Issues,2008-07-01,2008-09-30,visible_lobbying,visible_lobbying_filing,1.0000,1.3200,Official LDA API,16f6e743-fb84-48de-b2f2-1e8e6b212947|lda-hcr|3,treated_hloga_lda_client,hloga-2007-federal-lobbying-disclosure,filing_count; amount_millions,United States federal,0.8000,reviewed_exact_lda_client_name_source_row,exact-normalized-client-name-match-to-reviewed-canonical-actor,codex-source-audit,2026-07-24,https://lda.gov/filings/public/filing/16f6e743-fb84-48de-b2f2-1e8e6b212947/print/,official LDA API filing row matched by exact normalized client name to the reviewed canonical actor; usable as treated visible-lobbying pre/post source surface only; stable cross-source LDA client-ID promotion and comparison-group design remain unresolved
cand-f7178708cc78,AMERICAN ASSOCIATION FOR JUSTICE,12,https://lda.gov/api/v1/clients/104895/,16f6e743-fb84-48de-b2f2-1e8e6b212947,2008,third_quarter,Q3,https://lda.gov/filings/public/filing/16f6e743-fb84-48de-b2f2-1e8e6b212947/print/,2008-10-14T10:16:11-04:00,AMERICAN ASSOCIATION FOR JUSTICE,AMERICAN ASSOCIATION FOR JUSTICE,lda-mar,MAR,Marine/Maritime/Boating/Fisheries,2008-07-01,2008-09-30,visible_lobbying,visible_lobbying_filing,1.0000,1.3200,Official LDA API,16f6e743-fb84-48de-b2f2-1e8e6b212947|lda-mar|8,treated_hloga_lda_client,hloga-2007-federal-lobbying-disclosure,filing_count; amount_millions,United States federal,0.8000,reviewed_exact_lda_client_name_source_row,exact-normalized-client-name-match-to-reviewed-canonical-actor,codex-source-audit,2026-07-24,https://lda.gov/filings/public/filing/16f6e743-fb84-48de-b2f2-1e8e6b212947/print/,official LDA API filing row matched by exact normalized client name to the reviewed canonical actor; usable as treated visible-lobbying pre/post source surface only; stable cross-source LDA client-ID promotion and comparison-group design remain unresolved
cand-f7178708cc78,AMERICAN ASSOCIATION FOR JUSTICE,12,https://lda.gov/api/v1/clients/104895/,16f6e743-fb84-48de-b2f2-1e8e6b212947,2008,third_quarter,Q3,https://lda.gov/filings/public/filing/16f6e743-fb84-48de-b2f2-1e8e6b212947/print/,2008-10-14T10:16:11-04:00,AMERICAN ASSOCIATION FOR JUSTICE,AMERICAN ASSOCIATION FOR JUSTICE,lda-rod,ROD,Roads/Highway,2008-07-01,2008-09-30,visible_lobbying,visible_lobbying_filing,1.0000,1.3200,Official LDA API,16f6e743-fb84-48de-b2f2-1e8e6b212947|lda-rod|7,treated_hloga_lda_client,hloga-2007-federal-lobbying-disclosure,filing_count; amount_millions,United States federal,0.8000,reviewed_exact_lda_client_name_source_row,exact-normalized-client-name-match-to-reviewed-canonical-actor,codex-source-audit,2026-07-24,https://lda.gov/filings/public/filing/16f6e743-fb84-48de-b2f2-1e8e6b212947/print/,official LDA API filing row matched by exact normalized client name to the reviewed canonical actor; usable as treated visible-lobbying pre/post source surface only; stable cross-source LDA client-ID promotion and comparison-group design remain unresolved
cand-f7178708cc78,AMERICAN ASSOCIATION FOR JUSTICE,12,https://lda.gov/api/v1/clients/104895/,16f6e743-fb84-48de-b2f2-1e8e6b212947,2008,third_quarter,Q3,https://lda.gov/filings/public/filing/16f6e743-fb84-48de-b2f2-1e8e6b212947/print/,2008-10-14T10:16:11-04:00,AMERICAN ASSOCIATION FOR JUSTICE,AMERICAN ASSOCIATION FOR JUSTICE,lda-rrr,RRR,Railroads,2008-07-01,2008-09-30,visible_lobbying,visible_lobbying_filing,1.0000,1.3200,Official LDA API,16f6e743-fb84-48de-b2f2-1e8e6b212947|lda-rrr|2,treated_hloga_lda_client,hloga-2007-federal-lobbying-disclosure,filing_count; amount_millions,United States federal,0.8000,reviewed_exact_lda_client_name_source_row,exact-normalized-client-name-match-to-reviewed-canonical-actor,codex-source-audit,2026-07-24,https://lda.gov/filings/public/filing/16f6e743-fb84-48de-b2f2-1e8e6b212947/print/,official LDA API filing row matched by exact normalized client name to the reviewed canonical actor; usable as treated visible-lobbying pre/post source surface only; stable cross-source LDA client-ID promotion and comparison-group design remain unresolved
cand-f7178708cc78,AMERICAN ASSOCIATION FOR JUSTICE,12,https://lda.gov/api/v1/clients/104895/,16f6e743-fb84-48de-b2f2-1e8e6b212947,2008,third_quarter,Q3,https://lda.gov/filings/public/filing/16f6e743-fb84-48de-b2f2-1e8e6b212947/print/,2008-10-14T10:16:11-04:00,AMERICAN ASSOCIATION FOR JUSTICE,AMERICAN ASSOCIATION FOR JUSTICE,lda-tax,TAX,Taxation/Internal Revenue Code,2008-07-01,2008-09-30,visible_lobbying,visible_lobbying_filing,1.0000,1.3200,Official LDA API,16f6e743-fb84-48de-b2f2-1e8e6b212947|lda-tax|4,treated_hloga_lda_client,hloga-2007-federal-lobbying-disclosure,filing_count; amount_millions,United States federal,0.8000,reviewed_exact_lda_client_name_source_row,exact-normalized-client-name-match-to-reviewed-canonical-actor,codex-source-audit,2026-07-24,https://lda.gov/filings/public/filing/16f6e743-fb84-48de-b2f2-1e8e6b212947/print/,official LDA API filing row matched by exact normalized client name to the reviewed canonical actor; usable as treated visible-lobbying pre/post source surface only; stable cross-source LDA client-ID promotion and comparison-group design remain unresolved
cand-f7178708cc78,AMERICAN ASSOCIATION FOR JUSTICE,12,https://lda.gov/api/v1/clients/104895/,16f6e743-fb84-48de-b2f2-1e8e6b212947,2008,third_quarter,Q3,https://lda.gov/filings/public/filing/16f6e743-fb84-48de-b2f2-1e8e6b212947/print/,2008-10-14T10:16:11-04:00,AMERICAN ASSOCIATION FOR JUSTICE,AMERICAN ASSOCIATION FOR JUSTICE,lda-tor,TOR,Torts,2008-07-01,2008-09-30,visible_lobbying,visible_lobbying_filing,1.0000,1.3200,Official LDA API,16f6e743-fb84-48de-b2f2-1e8e6b212947|lda-tor|10,treated_hloga_lda_client,hloga-2007-federal-lobbying-disclosure,filing_count; amount_millions,United States federal,0.8000,reviewed_exact_lda_client_name_source_row,exact-normalized-client-name-match-to-reviewed-canonical-actor,codex-source-audit,2026-07-24,https://lda.gov/filings/public/filing/16f6e743-fb84-48de-b2f2-1e8e6b212947/print/,official LDA API filing row matched by exact normalized client name to the reviewed canonical actor; usable as treated visible-lobbying pre/post source surface only; stable cross-source LDA client-ID promotion and comparison-group design remain unresolved
cand-f7178708cc78,AMERICAN ASSOCIATION FOR JUSTICE,265,https://lda.gov/api/v1/clients/136289/,2365b491-b98b-470a-8ab9-03101c636dba,2008,third_quarter,Q3,https://lda.gov/filings/public/filing/2365b491-b98b-470a-8ab9-03101c636dba/print/,2008-10-20T07:46:53-04:00,AMERICAN ASSOCIATION FOR JUSTICE,SQUIRE PATTON BOGGS,lda-hcr,HCR,Health Issues,2008-07-01,2008-09-30,visible_lobbying,visible_lobbying_filing,1.0000,0.2600,Official LDA API,2365b491-b98b-470a-8ab9-03101c636dba|lda-hcr|1,treated_hloga_lda_client,hloga-2007-federal-lobbying-disclosure,filing_count; amount_millions,United States federal,0.8000,reviewed_exact_lda_client_name_source_row,exact-normalized-client-name-match-to-reviewed-canonical-actor,codex-source-audit,2026-07-24,https://lda.gov/filings/public/filing/2365b491-b98b-470a-8ab9-03101c636dba/print/,official LDA API filing row matched by exact normalized client name to the reviewed canonical actor; usable as treated visible-lobbying pre/post source surface only; stable cross-source LDA client-ID promotion and comparison-group design remain unresolved
cand-f7178708cc78,AMERICAN ASSOCIATION FOR JUSTICE,265,https://lda.gov/api/v1/clients/136289/,2365b491-b98b-470a-8ab9-03101c636dba,2008,third_quarter,Q3,https://lda.gov/filings/public/filing/2365b491-b98b-470a-8ab9-03101c636dba/print/,2008-10-20T07:46:53-04:00,AMERICAN ASSOCIATION FOR JUSTICE,SQUIRE PATTON BOGGS,lda-tax,TAX,Taxation/Internal Revenue Code,2008-07-01,2008-09-30,visible_lobbying,visible_lobbying_filing,1.0000,0.2600,Official LDA API,2365b491-b98b-470a-8ab9-03101c636dba|lda-tax|2,treated_hloga_lda_client,hloga-2007-federal-lobbying-disclosure,filing_count; amount_millions,United States federal,0.8000,reviewed_exact_lda_client_name_source_row,exact-normalized-client-name-match-to-reviewed-canonical-actor,codex-source-audit,2026-07-24,https://lda.gov/filings/public/filing/2365b491-b98b-470a-8ab9-03101c636dba/print/,official LDA API filing row matched by exact normalized client name to the reviewed canonical actor; usable as treated visible-lobbying pre/post source surface only; stable cross-source LDA client-ID promotion and comparison-group design remain unresolved
cand-f7178708cc78,AMERICAN ASSOCIATION FOR JUSTICE,265,https://lda.gov/api/v1/clients/136289/,2365b491-b98b-470a-8ab9-03101c636dba,2008,third_quarter,Q3,https://lda.gov/filings/public/filing/2365b491-b98b-470a-8ab9-03101c636dba/print/,2008-10-20T07:46:53-04:00,AMERICAN ASSOCIATION FOR JUSTICE,SQUIRE PATTON BOGGS,lda-tor,TOR,Torts,2008-07-01,2008-09-30,visible_lobbying,visible_lobbying_filing,1.0000,0.2600,Official LDA API,2365b491-b98b-470a-8ab9-03101c636dba|lda-tor|3,treated_hloga_lda_client,hloga-2007-federal-lobbying-disclosure,filing_count; amount_millions,United States federal,0.8000,reviewed_exact_lda_client_name_source_row,exact-normalized-client-name-match-to-reviewed-canonical-actor,codex-source-audit,2026-07-24,https://lda.gov/filings/public/filing/2365b491-b98b-470a-8ab9-03101c636dba/print/,official LDA API filing row matched by exact normalized client name to the reviewed canonical actor; usable as treated visible-lobbying pre/post source surface only; stable cross-source LDA client-ID promotion and comparison-group design remain unresolved
cand-f7178708cc78,AMERICAN ASSOCIATION FOR JUSTICE,24,https://lda.gov/api/v1/clients/157880/,93824c77-6e5a-450d-9380-b81fe9392190,2008,third_quarter,Q3,https://lda.gov/filings/public/filing/93824c77-6e5a-450d-9380-b81fe9392190/print/,2008-10-14T15:59:14-04:00,AMERICAN ASSOCIATION FOR JUSTICE,"FORSCEY, PLLC",lda-fin,FIN,Financial Institutions/Investments/Securities,2008-07-01,2008-09-30,visible_lobbying,visible_lobbying_filing,1.0000,0.0600,Official LDA API,93824c77-6e5a-450d-9380-b81fe9392190|lda-fin|1,treated_hloga_lda_client,hloga-2007-federal-lobbying-disclosure,filing_count; amount_millions,United States federal,0.8000,reviewed_exact_lda_client_name_source_row,exact-normalized-client-name-match-to-reviewed-canonical-actor,codex-source-audit,2026-07-24,https://lda.gov/filings/public/filing/93824c77-6e5a-450d-9380-b81fe9392190/print/,official LDA API filing row matched by exact normalized client name to the reviewed canonical actor; usable as treated visible-lobbying pre/post source surface only; stable cross-source LDA client-ID promotion and comparison-group design remain unresolved
cand-f7178708cc78,AMERICAN ASSOCIATION FOR JUSTICE,24,https://lda.gov/api/v1/clients/157880/,93824c77-6e5a-450d-9380-b81fe9392190,2008,third_quarter,Q3,https://lda.gov/filings/public/filing/93824c77-6e5a-450d-9380-b81fe9392190/print/,2008-10-14T15:59:14-04:00,AMERICAN ASSOCIATION FOR JUSTICE,"FORSCEY, PLLC",lda-hcr,HCR,Health Issues,2008-07-01,2008-09-30,visible_lobbying,visible_lobbying_filing,1.0000,0.0600,Official LDA API,93824c77-6e5a-450d-9380-b81fe9392190|lda-hcr|2,treated_hloga_lda_client,hloga-2007-federal-lobbying-disclosure,filing_count; amount_millions,United States federal,0.8000,reviewed_exact_lda_client_name_source_row,exact-normalized-client-name-match-to-reviewed-canonical-actor,codex-source-audit,2026-07-24,https://lda.gov/filings/public/filing/93824c77-6e5a-450d-9380-b81fe9392190/print/,official LDA API filing row matched by exact normalized client name to the reviewed canonical actor; usable as treated visible-lobbying pre/post source surface only; stable cross-source LDA client-ID promotion and comparison-group design remain unresolved
cand-f7178708cc78,AMERICAN ASSOCIATION FOR JUSTICE,24,https://lda.gov/api/v1/clients/157880/,93824c77-6e5a-450d-9380-b81fe9392190,2008,third_quarter,Q3,https://lda.gov/filings/public/filing/93824c77-6e5a-450d-9380-b81fe9392190/print/,2008-10-14T15:59:14-04:00,AMERICAN ASSOCIATION FOR JUSTICE,"FORSCEY, PLLC",lda-tor,TOR,Torts,2008-07-01,2008-09-30,visible_lobbying,visible_lobbying_filing,1.0000,0.0600,Official LDA API,93824c77-6e5a-450d-9380-b81fe9392190|lda-tor|3,treated_hloga_lda_client,hloga-2007-federal-lobbying-disclosure,filing_count; amount_millions,United States federal,0.8000,reviewed_exact_lda_client_name_source_row,exact-normalized-client-name-match-to-reviewed-canonical-actor,codex-source-audit,2026-07-24,https://lda.gov/filings/public/filing/93824c77-6e5a-450d-9380-b81fe9392190/print/,official LDA API filing row matched by exact normalized client name to the reviewed canonical actor; usable as treated visible-lobbying pre/post source surface only; stable cross-source LDA client-ID promotion and comparison-group design remain unresolved
cand-f7178708cc78,AMERICAN ASSOCIATION FOR JUSTICE,1002750,https://lda.gov/api/v1/clients/115785/,c1fe5db0-b0ed-401b-9f29-f159a9f3e277,2008,third_quarter,Q3,https://lda.gov/filings/public/filing/c1fe5db0-b0ed-401b-9f29-f159a9f3e277/print/,2008-10-20T17:52:50-04:00,AMERICAN ASSOCIATION FOR JUSTICE,CUNEO GILBERT FLANNERY & LADUCA (FORMERLY KNOWN AS CUNEO GILBERT & LADUCA),lda-fin,FIN,Financial Institutions/Investments/Securities,2008-07-01,2008-09-30,visible_lobbying,visible_lobbying_filing,1.0000,0.0400,Official LDA API,c1fe5db0-b0ed-401b-9f29-f159a9f3e277|lda-fin|1,treated_hloga_lda_client,hloga-2007-federal-lobbying-disclosure,filing_count; amount_millions,United States federal,0.8000,reviewed_exact_lda_client_name_source_row,exact-normalized-client-name-match-to-reviewed-canonical-actor,codex-source-audit,2026-07-24,https://lda.gov/filings/public/filing/c1fe5db0-b0ed-401b-9f29-f159a9f3e277/print/,official LDA API filing row matched by exact normalized client name to the reviewed canonical actor; usable as treated visible-lobbying pre/post source surface only; stable cross-source LDA client-ID promotion and comparison-group design remain unresolved
cand-f7178708cc78,AMERICAN ASSOCIATION FOR JUSTICE,330,https://lda.gov/api/v1/clients/169036/,c298240c-eb89-4e08-b960-17a08a8ead15,2008,third_quarter,Q3,https://lda.gov/filings/public/filing/c298240c-eb89-4e08-b960-17a08a8ead15/print/,2008-10-20T16:50:04-04:00,AMERICAN ASSOCIATION FOR JUSTICE,"NVG, LLC",lda-tor,TOR,Torts,2008-07-01,2008-09-30,visible_lobbying,visible_lobbying_filing,1.0000,0.0500,Official LDA API,c298240c-eb89-4e08-b960-17a08a8ead15|lda-tor|1,treated_hloga_lda_client,hloga-2007-federal-lobbying-disclosure,filing_count; amount_millions,United States federal,0.8000,reviewed_exact_lda_client_name_source_row,exact-normalized-client-name-match-to-reviewed-canonical-actor,codex-source-audit,2026-07-24,https://lda.gov/filings/public/filing/c298240c-eb89-4e08-b960-17a08a8ead15/print/,official LDA API filing row matched by exact normalized client name to the reviewed canonical actor; usable as treated visible-lobbying pre/post source surface only; stable cross-source LDA client-ID promotion and comparison-group design remain unresolved
cand-f7178708cc78,AMERICAN ASSOCIATION FOR JUSTICE,1611,https://lda.gov/api/v1/clients/125733/,d5f945fc-03da-40fc-b7f3-ca493713a107,2008,third_quarter,Q3,https://lda.gov/filings/public/filing/d5f945fc-03da-40fc-b7f3-ca493713a107/print/,2008-10-06T14:42:13-04:00,AMERICAN ASSOCIATION FOR JUSTICE,PALMETTO GROUP,lda-tax,TAX,Taxation/Internal Revenue Code,2008-07-01,2008-09-30,visible_lobbying,visible_lobbying_filing,1.0000,0.0500,Official LDA API,d5f945fc-03da-40fc-b7f3-ca493713a107|lda-tax|1,treated_hloga_lda_client,hloga-2007-federal-lobbying-disclosure,filing_count; amount_millions,United States federal,0.8000,reviewed_exact_lda_client_name_source_row,exact-normalized-client-name-match-to-reviewed-canonical-actor,codex-source-audit,2026-07-24,https://lda.gov/filings/public/filing/d5f945fc-03da-40fc-b7f3-ca493713a107/print/,official LDA API filing row matched by exact normalized client name to the reviewed canonical actor; usable as treated visible-lobbying pre/post source surface only; stable cross-source LDA client-ID promotion and comparison-group design remain unresolved
cand-f7178708cc78,AMERICAN ASSOCIATION FOR JUSTICE,24,https://lda.gov/api/v1/clients/157880/,006bb05f-f1e9-407f-a976-0cafbb75db45,2008,fourth_quarter,Q4,https://lda.gov/filings/public/filing/006bb05f-f1e9-407f-a976-0cafbb75db45/print/,2009-01-14T10:38:44-05:00,AMERICAN ASSOCIATION FOR JUSTICE,"FORSCEY, PLLC",lda-fin,FIN,Financial Institutions/Investments/Securities,2008-10-01,2008-12-31,visible_lobbying,visible_lobbying_filing,1.0000,0.0600,Official LDA API,006bb05f-f1e9-407f-a976-0cafbb75db45|lda-fin|1,treated_hloga_lda_client,hloga-2007-federal-lobbying-disclosure,filing_count; amount_millions,United States federal,0.8000,reviewed_exact_lda_client_name_source_row,exact-normalized-client-name-match-to-reviewed-canonical-actor,codex-source-audit,2026-07-24,https://lda.gov/filings/public/filing/006bb05f-f1e9-407f-a976-0cafbb75db45/print/,official LDA API filing row matched by exact normalized client name to the reviewed canonical actor; usable as treated visible-lobbying pre/post source surface only; stable cross-source LDA client-ID promotion and comparison-group design remain unresolved
cand-f7178708cc78,AMERICAN ASSOCIATION FOR JUSTICE,24,https://lda.gov/api/v1/clients/157880/,006bb05f-f1e9-407f-a976-0cafbb75db45,2008,fourth_quarter,Q4,https://lda.gov/filings/public/filing/006bb05f-f1e9-407f-a976-0cafbb75db45/print/,2009-01-14T10:38:44-05:00,AMERICAN ASSOCIATION FOR JUSTICE,"FORSCEY, PLLC",lda-hcr,HCR,Health Issues,2008-10-01,2008-12-31,visible_lobbying,visible_lobbying_filing,1.0000,0.0600,Official LDA API,006bb05f-f1e9-407f-a976-0cafbb75db45|lda-hcr|2,treated_hloga_lda_client,hloga-2007-federal-lobbying-disclosure,filing_count; amount_millions,United States federal,0.8000,reviewed_exact_lda_client_name_source_row,exact-normalized-client-name-match-to-reviewed-canonical-actor,codex-source-audit,2026-07-24,https://lda.gov/filings/public/filing/006bb05f-f1e9-407f-a976-0cafbb75db45/print/,official LDA API filing row matched by exact normalized client name to the reviewed canonical actor; usable as treated visible-lobbying pre/post source surface only; stable cross-source LDA client-ID promotion and comparison-group design remain unresolved
cand-f7178708cc78,AMERICAN ASSOCIATION FOR JUSTICE,24,https://lda.gov/api/v1/clients/157880/,006bb05f-f1e9-407f-a976-0cafbb75db45,2008,fourth_quarter,Q4,https://lda.gov/filings/public/filing/006bb05f-f1e9-407f-a976-0cafbb75db45/print/,2009-01-14T10:38:44-05:00,AMERICAN ASSOCIATION FOR JUSTICE,"FORSCEY, PLLC",lda-tor,TOR,Torts,2008-10-01,2008-12-31,visible_lobbying,visible_lobbying_filing,1.0000,0.0600,Official LDA API,006bb05f-f1e9-407f-a976-0cafbb75db45|lda-tor|3,treated_hloga_lda_client,hloga-2007-federal-lobbying-disclosure,filing_count; amount_millions,United States federal,0.8000,reviewed_exact_lda_client_name_source_row,exact-normalized-client-name-match-to-reviewed-canonical-actor,codex-source-audit,2026-07-24,https://lda.gov/filings/public/filing/006bb05f-f1e9-407f-a976-0cafbb75db45/print/,official LDA API filing row matched by exact normalized client name to the reviewed canonical actor; usable as treated visible-lobbying pre/post source surface only; stable cross-source LDA client-ID promotion and comparison-group design remain unresolved
cand-f7178708cc78,AMERICAN ASSOCIATION FOR JUSTICE,12,https://lda.gov/api/v1/clients/104895/,16b6f77a-c91d-42af-9fb9-ecf8cff30ee2,2008,fourth_quarter,Q4,https://lda.gov/filings/public/filing/16b6f77a-c91d-42af-9fb9-ecf8cff30ee2/print/,2009-01-14T16:31:28-05:00,AMERICAN ASSOCIATION FOR JUSTICE,AMERICAN ASSOCIATION FOR JUSTICE,lda-aut,AUT,Automotive Industry,2008-10-01,2008-12-31,visible_lobbying,visible_lobbying_filing,1.0000,1.1900,Official LDA API,16b6f77a-c91d-42af-9fb9-ecf8cff30ee2|lda-aut|4,treated_hloga_lda_client,hloga-2007-federal-lobbying-disclosure,filing_count; amount_millions,United States federal,0.8000,reviewed_exact_lda_client_name_source_row,exact-normalized-client-name-match-to-reviewed-canonical-actor,codex-source-audit,2026-07-24,https://lda.gov/filings/public/filing/16b6f77a-c91d-42af-9fb9-ecf8cff30ee2/print/,official LDA API filing row matched by exact normalized client name to the reviewed canonical actor; usable as treated visible-lobbying pre/post source surface only; stable cross-source LDA client-ID promotion and comparison-group design remain unresolved
cand-f7178708cc78,AMERICAN ASSOCIATION FOR JUSTICE,12,https://lda.gov/api/v1/clients/104895/,16b6f77a-c91d-42af-9fb9-ecf8cff30ee2,2008,fourth_quarter,Q4,https://lda.gov/filings/public/filing/16b6f77a-c91d-42af-9fb9-ecf8cff30ee2/print/,2009-01-14T16:31:28-05:00,AMERICAN ASSOCIATION FOR JUSTICE,AMERICAN ASSOCIATION FOR JUSTICE,lda-avi,AVI,Aviation/Airlines/Airports,2008-10-01,2008-12-31,visible_lobbying,visible_lobbying_filing,1.0000,1.1900,Official LDA API,16b6f77a-c91d-42af-9fb9-ecf8cff30ee2|lda-avi|10,treated_hloga_lda_client,hloga-2007-federal-lobbying-disclosure,filing_count; amount_millions,United States federal,0.8000,reviewed_exact_lda_client_name_source_row,exact-normalized-client-name-match-to-reviewed-canonical-actor,codex-source-audit,2026-07-24,https://lda.gov/filings/public/filing/16b6f77a-c91d-42af-9fb9-ecf8cff30ee2/print/,official LDA API filing row matched by exact normalized client name to the reviewed canonical actor; usable as treated visible-lobbying pre/post source surface only; stable cross-source LDA client-ID promotion and comparison-group design remain unresolved
cand-f7178708cc78,AMERICAN ASSOCIATION FOR JUSTICE,12,https://lda.gov/api/v1/clients/104895/,16b6f77a-c91d-42af-9fb9-ecf8cff30ee2,2008,fourth_quarter,Q4,https://lda.gov/filings/public/filing/16b6f77a-c91d-42af-9fb9-ecf8cff30ee2/print/,2009-01-14T16:31:28-05:00,AMERICAN ASSOCIATION FOR JUSTICE,AMERICAN ASSOCIATION FOR JUSTICE,lda-cpt,CPT,Copyright/Patent/Trademark,2008-10-01,2008-12-31,visible_lobbying,visible_lobbying_filing,1.0000,1.1900,Official LDA API,16b6f77a-c91d-42af-9fb9-ecf8cff30ee2|lda-cpt|2,treated_hloga_lda_client,hloga-2007-federal-lobbying-disclosure,filing_count; amount_millions,United States federal,0.8000,reviewed_exact_lda_client_name_source_row,exact-normalized-client-name-match-to-reviewed-canonical-actor,codex-source-audit,2026-07-24,https://lda.gov/filings/public/filing/16b6f77a-c91d-42af-9fb9-ecf8cff30ee2/print/,official LDA API filing row matched by exact normalized client name to the reviewed canonical actor; usable as treated visible-lobbying pre/post source surface only; stable cross-source LDA client-ID promotion and comparison-group design remain unresolved
cand-f7178708cc78,AMERICAN ASSOCIATION FOR JUSTICE,12,https://lda.gov/api/v1/clients/104895/,16b6f77a-c91d-42af-9fb9-ecf8cff30ee2,2008,fourth_quarter,Q4,https://lda.gov/filings/public/filing/16b6f77a-c91d-42af-9fb9-ecf8cff30ee2/print/,2009-01-14T16:31:28-05:00,AMERICAN ASSOCIATION FOR JUSTICE,AMERICAN ASSOCIATION FOR JUSTICE,lda-csp,CSP,Consumer Issues/Safety/Products,2008-10-01,2008-12-31,visible_lobbying,visible_lobbying_filing,1.0000,1.1900,Official LDA API,16b6f77a-c91d-42af-9fb9-ecf8cff30ee2|lda-csp|9,treated_hloga_lda_client,hloga-2007-federal-lobbying-disclosure,filing_count; amount_millions,United States federal,0.8000,reviewed_exact_lda_client_name_source_row,exact-normalized-client-name-match-to-reviewed-canonical-actor,codex-source-audit,2026-07-24,https://lda.gov/filings/public/filing/16b6f77a-c91d-42af-9fb9-ecf8cff30ee2/print/,official LDA API filing row matched by exact normalized client name to the reviewed canonical actor; usable as treated visible-lobbying pre/post source surface only; stable cross-source LDA client-ID promotion and comparison-group design remain unresolved
cand-f7178708cc78,AMERICAN ASSOCIATION FOR JUSTICE,12,https://lda.gov/api/v1/clients/104895/,16b6f77a-c91d-42af-9fb9-ecf8cff30ee2,2008,fourth_quarter,Q4,https://lda.gov/filings/public/filing/16b6f77a-c91d-42af-9fb9-ecf8cff30ee2/print/,2009-01-14T16:31:28-05:00,AMERICAN ASSOCIATION FOR JUSTICE,AMERICAN ASSOCIATION FOR JUSTICE,lda-fin,FIN,Financial Institutions/Investments/Securities,2008-10-01,2008-12-31,visible_lobbying,visible_lobbying_filing,1.0000,1.1900,Official LDA API,16b6f77a-c91d-42af-9fb9-ecf8cff30ee2|lda-fin|7,treated_hloga_lda_client,hloga-2007-federal-lobbying-disclosure,filing_count; amount_millions,United States federal,0.8000,reviewed_exact_lda_client_name_source_row,exact-normalized-client-name-match-to-reviewed-canonical-actor,codex-source-audit,2026-07-24,https://lda.gov/filings/public/filing/16b6f77a-c91d-42af-9fb9-ecf8cff30ee2/print/,official LDA API filing row matched by exact normalized client name to the reviewed canonical actor; usable as treated visible-lobbying pre/post source surface only; stable cross-source LDA client-ID promotion and comparison-group design remain unresolved
cand-f7178708cc78,AMERICAN ASSOCIATION FOR JUSTICE,12,https://lda.gov/api/v1/clients/104895/,16b6f77a-c91d-42af-9fb9-ecf8cff30ee2,2008,fourth_quarter,Q4,https://lda.gov/filings/public/filing/16b6f77a-c91d-42af-9fb9-ecf8cff30ee2/print/,2009-01-14T16:31:28-05:00,AMERICAN ASSOCIATION FOR JUSTICE,AMERICAN ASSOCIATION FOR JUSTICE,lda-hcr,HCR,Health Issues,2008-10-01,2008-12-31,visible_lobbying,visible_lobbying_filing,1.0000,1.1900,Official LDA API,16b6f77a-c91d-42af-9fb9-ecf8cff30ee2|lda-hcr|8,treated_hloga_lda_client,hloga-2007-federal-lobbying-disclosure,filing_count; amount_millions,United States federal,0.8000,reviewed_exact_lda_client_name_source_row,exact-normalized-client-name-match-to-reviewed-canonical-actor,codex-source-audit,2026-07-24,https://lda.gov/filings/public/filing/16b6f77a-c91d-42af-9fb9-ecf8cff30ee2/print/,official LDA API filing row matched by exact normalized client name to the reviewed canonical actor; usable as treated visible-lobbying pre/post source surface only; stable cross-source LDA client-ID promotion and comparison-group design remain unresolved
cand-f7178708cc78,AMERICAN ASSOCIATION FOR JUSTICE,12,https://lda.gov/api/v1/clients/104895/,16b6f77a-c91d-42af-9fb9-ecf8cff30ee2,2008,fourth_quarter,Q4,https://lda.gov/filings/public/filing/16b6f77a-c91d-42af-9fb9-ecf8cff30ee2/print/,2009-01-14T16:31:28-05:00,AMERICAN ASSOCIATION FOR JUSTICE,AMERICAN ASSOCIATION FOR JUSTICE,lda-rod,ROD,Roads/Highway,2008-10-01,2008-12-31,visible_lobbying,visible_lobbying_filing,1.0000,1.1900,Official LDA API,16b6f77a-c91d-42af-9fb9-ecf8cff30ee2|lda-rod|5,treated_hloga_lda_client,hloga-2007-federal-lobbying-disclosure,filing_count; amount_millions,United States federal,0.8000,reviewed_exact_lda_client_name_source_row,exact-normalized-client-name-match-to-reviewed-canonical-actor,codex-source-audit,2026-07-24,https://lda.gov/filings/public/filing/16b6f77a-c91d-42af-9fb9-ecf8cff30ee2/print/,official LDA API filing row matched by exact normalized client name to the reviewed canonical actor; usable as treated visible-lobbying pre/post source surface only; stable cross-source LDA client-ID promotion and comparison-group design remain unresolved
cand-f7178708cc78,AMERICAN ASSOCIATION FOR JUSTICE,12,https://lda.gov/api/v1/clients/104895/,16b6f77a-c91d-42af-9fb9-ecf8cff30ee2,2008,fourth_quarter,Q4,https://lda.gov/filings/public/filing/16b6f77a-c91d-42af-9fb9-ecf8cff30ee2/print/,2009-01-14T16:31:28-05:00,AMERICAN ASSOCIATION FOR JUSTICE,AMERICAN ASSOCIATION FOR JUSTICE,lda-rrr,RRR,Railroads,2008-10-01,2008-12-31,visible_lobbying,visible_lobbying_filing,1.0000,1.1900,Official LDA API,16b6f77a-c91d-42af-9fb9-ecf8cff30ee2|lda-rrr|6,treated_hloga_lda_client,hloga-2007-federal-lobbying-disclosure,filing_count; amount_millions,United States federal,0.8000,reviewed_exact_lda_client_name_source_row,exact-normalized-client-name-match-to-reviewed-canonical-actor,codex-source-audit,2026-07-24,https://lda.gov/filings/public/filing/16b6f77a-c91d-42af-9fb9-ecf8cff30ee2/print/,official LDA API filing row matched by exact normalized client name to the reviewed canonical actor; usable as treated visible-lobbying pre/post source surface only; stable cross-source LDA client-ID promotion and comparison-group design remain unresolved
cand-f7178708cc78,AMERICAN ASSOCIATION FOR JUSTICE,12,https://lda.gov/api/v1/clients/104895/,16b6f77a-c91d-42af-9fb9-ecf8cff30ee2,2008,fourth_quarter,Q4,https://lda.gov/filings/public/filing/16b6f77a-c91d-42af-9fb9-ecf8cff30ee2/print/,2009-01-14T16:31:28-05:00,AMERICAN ASSOCIATION FOR JUSTICE,AMERICAN ASSOCIATION FOR JUSTICE,lda-tax,TAX,Taxation/Internal Revenue Code,2008-10-01,2008-12-31,visible_lobbying,visible_lobbying_filing,1.0000,1.1900,Official LDA API,16b6f77a-c91d-42af-9fb9-ecf8cff30ee2|lda-tax|1,treated_hloga_lda_client,hloga-2007-federal-lobbying-disclosure,filing_count; amount_millions,United States federal,0.8000,reviewed_exact_lda_client_name_source_row,exact-normalized-client-name-match-to-reviewed-canonical-actor,codex-source-audit,2026-07-24,https://lda.gov/filings/public/filing/16b6f77a-c91d-42af-9fb9-ecf8cff30ee2/print/,official LDA API filing row matched by exact normalized client name to the reviewed canonical actor; usable as treated visible-lobbying pre/post source surface only; stable cross-source LDA client-ID promotion and comparison-group design remain unresolved
cand-f7178708cc78,AMERICAN ASSOCIATION FOR JUSTICE,12,https://lda.gov/api/v1/clients/104895/,16b6f77a-c91d-42af-9fb9-ecf8cff30ee2,2008,fourth_quarter,Q4,https://lda.gov/filings/public/filing/16b6f77a-c91d-42af-9fb9-ecf8cff30ee2/print/,2009-01-14T16:31:28-05:00,AMERICAN ASSOCIATION FOR JUSTICE,AMERICAN ASSOCIATION FOR JUSTICE,lda-tor,TOR,Torts,2008-10-01,2008-12-31,visible_lobbying,visible_lobbying_filing,1.0000,1.1900,Official LDA API,16b6f77a-c91d-42af-9fb9-ecf8cff30ee2|lda-tor|3,treated_hloga_lda_client,hloga-2007-federal-lobbying-disclosure,filing_count; amount_millions,United States federal,0.8000,reviewed_exact_lda_client_name_source_row,exact-normalized-client-name-match-to-reviewed-canonical-actor,codex-source-audit,2026-07-24,https://lda.gov/filings/public/filing/16b6f77a-c91d-42af-9fb9-ecf8cff30ee2/print/,official LDA API filing row matched by exact normalized client name to the reviewed canonical actor; usable as treated visible-lobbying pre/post source surface only; stable cross-source LDA client-ID promotion and comparison-group design remain unresolved
cand-f7178708cc78,AMERICAN ASSOCIATION FOR JUSTICE,1002750,https://lda.gov/api/v1/clients/115785/,54da1a5d-921d-4045-8bf4-ac5d9b01c5ab,2008,fourth_quarter,Q4,https://lda.gov/filings/public/filing/54da1a5d-921d-4045-8bf4-ac5d9b01c5ab/print/,2009-01-08T18:03:31-05:00,AMERICAN ASSOCIATION FOR JUSTICE,CUNEO GILBERT FLANNERY & LADUCA (FORMERLY KNOWN AS CUNEO GILBERT & LADUCA),lda-fin,FIN,Financial Institutions/Investments/Securities,2008-10-01,2008-12-31,visible_lobbying,visible_lobbying_filing,1.0000,0.0400,Official LDA API,54da1a5d-921d-4045-8bf4-ac5d9b01c5ab|lda-fin|1,treated_hloga_lda_client,hloga-2007-federal-lobbying-disclosure,filing_count; amount_millions,United States federal,0.8000,reviewed_exact_lda_client_name_source_row,exact-normalized-client-name-match-to-reviewed-canonical-actor,codex-source-audit,2026-07-24,https://lda.gov/filings/public/filing/54da1a5d-921d-4045-8bf4-ac5d9b01c5ab/print/,official LDA API filing row matched by exact normalized client name to the reviewed canonical actor; usable as treated visible-lobbying pre/post source surface only; stable cross-source LDA client-ID promotion and comparison-group design remain unresolved
cand-f7178708cc78,AMERICAN ASSOCIATION FOR JUSTICE,1611,https://lda.gov/api/v1/clients/125733/,96bbe05e-2943-4515-a924-0f686f30e973,2008,fourth_quarter,Q4,https://lda.gov/filings/public/filing/96bbe05e-2943-4515-a924-0f686f30e973/print/,2009-01-07T17:37:46-05:00,AMERICAN ASSOCIATION FOR JUSTICE,PALMETTO GROUP,lda-tax,TAX,Taxation/Internal Revenue Code,2008-10-01,2008-12-31,visible_lobbying,visible_lobbying_filing,1.0000,0.0850,Official LDA API,96bbe05e-2943-4515-a924-0f686f30e973|lda-tax|1,treated_hloga_lda_client,hloga-2007-federal-lobbying-disclosure,filing_count; amount_millions,United States federal,0.8000,reviewed_exact_lda_client_name_source_row,exact-normalized-client-name-match-to-reviewed-canonical-actor,codex-source-audit,2026-07-24,https://lda.gov/filings/public/filing/96bbe05e-2943-4515-a924-0f686f30e973/print/,official LDA API filing row matched by exact normalized client name to the reviewed canonical actor; usable as treated visible-lobbying pre/post source surface only; stable cross-source LDA client-ID promotion and comparison-group design remain unresolved
cand-f7178708cc78,AMERICAN ASSOCIATION FOR JUSTICE,265,https://lda.gov/api/v1/clients/136289/,c9896d22-9133-4cd3-a442-05ea5870e32e,2008,fourth_quarter,Q4,https://lda.gov/filings/public/filing/c9896d22-9133-4cd3-a442-05ea5870e32e/print/,2009-01-16T10:17:59-05:00,AMERICAN ASSOCIATION FOR JUSTICE,SQUIRE PATTON BOGGS,lda-hcr,HCR,Health Issues,2008-10-01,2008-12-31,visible_lobbying,visible_lobbying_filing,1.0000,0.2600,Official LDA API,c9896d22-9133-4cd3-a442-05ea5870e32e|lda-hcr|1,treated_hloga_lda_client,hloga-2007-federal-lobbying-disclosure,filing_count; amount_millions,United States federal,0.8000,reviewed_exact_lda_client_name_source_row,exact-normalized-client-name-match-to-reviewed-canonical-actor,codex-source-audit,2026-07-24,https://lda.gov/filings/public/filing/c9896d22-9133-4cd3-a442-05ea5870e32e/print/,official LDA API filing row matched by exact normalized client name to the reviewed canonical actor; usable as treated visible-lobbying pre/post source surface only; stable cross-source LDA client-ID promotion and comparison-group design remain unresolved
cand-f7178708cc78,AMERICAN ASSOCIATION FOR JUSTICE,265,https://lda.gov/api/v1/clients/136289/,c9896d22-9133-4cd3-a442-05ea5870e32e,2008,fourth_quarter,Q4,https://lda.gov/filings/public/filing/c9896d22-9133-4cd3-a442-05ea5870e32e/print/,2009-01-16T10:17:59-05:00,AMERICAN ASSOCIATION FOR JUSTICE,SQUIRE PATTON BOGGS,lda-tax,TAX,Taxation/Internal Revenue Code,2008-10-01,2008-12-31,visible_lobbying,visible_lobbying_filing,1.0000,0.2600,Official LDA API,c9896d22-9133-4cd3-a442-05ea5870e32e|lda-tax|2,treated_hloga_lda_client,hloga-2007-federal-lobbying-disclosure,filing_count; amount_millions,United States federal,0.8000,reviewed_exact_lda_client_name_source_row,exact-normalized-client-name-match-to-reviewed-canonical-actor,codex-source-audit,2026-07-24,https://lda.gov/filings/public/filing/c9896d22-9133-4cd3-a442-05ea5870e32e/print/,official LDA API filing row matched by exact normalized client name to the reviewed canonical actor; usable as treated visible-lobbying pre/post source surface only; stable cross-source LDA client-ID promotion and comparison-group design remain unresolved
cand-f7178708cc78,AMERICAN ASSOCIATION FOR JUSTICE,265,https://lda.gov/api/v1/clients/136289/,c9896d22-9133-4cd3-a442-05ea5870e32e,2008,fourth_quarter,Q4,https://lda.gov/filings/public/filing/c9896d22-9133-4cd3-a442-05ea5870e32e/print/,2009-01-16T10:17:59-05:00,AMERICAN ASSOCIATION FOR JUSTICE,SQUIRE PATTON BOGGS,lda-tor,TOR,Torts,2008-10-01,2008-12-31,visible_lobbying,visible_lobbying_filing,1.0000,0.2600,Official LDA API,c9896d22-9133-4cd3-a442-05ea5870e32e|lda-tor|3,treated_hloga_lda_client,hloga-2007-federal-lobbying-disclosure,filing_count; amount_millions,United States federal,0.8000,reviewed_exact_lda_client_name_source_row,exact-normalized-client-name-match-to-reviewed-canonical-actor,codex-source-audit,2026-07-24,https://lda.gov/filings/public/filing/c9896d22-9133-4cd3-a442-05ea5870e32e/print/,official LDA API filing row matched by exact normalized client name to the reviewed canonical actor; usable as treated visible-lobbying pre/post source surface only; stable cross-source LDA client-ID promotion and comparison-group design remain unresolved
cand-f7178708cc78,AMERICAN ASSOCIATION FOR JUSTICE,330,https://lda.gov/api/v1/clients/169036/,f7c632ba-6687-4c52-b1dd-9fa6fe1deba7,2008,fourth_quarter,Q4,https://lda.gov/filings/public/filing/f7c632ba-6687-4c52-b1dd-9fa6fe1deba7/print/,2009-01-21T13:33:09-05:00,AMERICAN ASSOCIATION FOR JUSTICE,"NVG, LLC",lda-tor,TOR,Torts,2008-10-01,2008-12-31,visible_lobbying,visible_lobbying_filing,1.0000,0.0500,Official LDA API,f7c632ba-6687-4c52-b1dd-9fa6fe1deba7|lda-tor|1,treated_hloga_lda_client,hloga-2007-federal-lobbying-disclosure,filing_count; amount_millions,United States federal,0.8000,reviewed_exact_lda_client_name_source_row,exact-normalized-client-name-match-to-reviewed-canonical-actor,codex-source-audit,2026-07-24,https://lda.gov/filings/public/filing/f7c632ba-6687-4c52-b1dd-9fa6fe1deba7/print/,official LDA API filing row matched by exact normalized client name to the reviewed canonical actor; usable as treated visible-lobbying pre/post source surface only; stable cross-source LDA client-ID promotion and comparison-group design remain unresolved
