canonicalActorId,committeeId,committeeName,reportYear,reportType,fileNumber,sourceRecordId,periodStart,periodEnd,receiptDate,amendmentIndicator,mostRecent,isAmended,amendmentChain,candidateContributionsDollars,independentExpendituresDollars,totalDisbursementsDollars,sourceUrl,sourceRetrievedAt,linkStatus,claimBoundary
cand-5d1da86118e5,C00153171,AMERICAN BENEFITS COUNCIL POLITICAL ACTION COMMITTEE,2003,MY,,image:23038131867,2003-01-01,2003-06-30,2003-07-14,N,none,false,,11798.00,,11818.00,https://docquery.fec.gov/pdf/867/23038131867/23038131867.pdf,2026-09-12T19:06:23+00:00,historical_affiliation_candidate,"Observed political-committee report-period amounts only; historical affiliation is a bounded actor-link candidate, not principal funding identity, treatment assignment, or evidence of causal channel substitution."
cand-5d1da86118e5,C00153171,AMERICAN BENEFITS COUNCIL POLITICAL ACTION COMMITTEE,2003,YE,,image:24038283814,2003-07-01,2003-12-31,2004-01-29,N,none,false,,12200.00,,12377.00,https://docquery.fec.gov/pdf/814/24038283814/24038283814.pdf,2026-09-12T19:06:23+00:00,historical_affiliation_candidate,"Observed political-committee report-period amounts only; historical affiliation is a bounded actor-link candidate, not principal funding identity, treatment assignment, or evidence of causal channel substitution."
cand-5d1da86118e5,C00153171,AMERICAN BENEFITS COUNCIL POLITICAL ACTION COMMITTEE,2004,Q1,,image:24038353947,2004-01-01,2004-03-31,2004-04-12,N,none,false,,6852.00,,6852.00,https://docquery.fec.gov/pdf/947/24038353947/24038353947.pdf,2026-09-12T19:06:23+00:00,historical_affiliation_candidate,"Observed political-committee report-period amounts only; historical affiliation is a bounded actor-link candidate, not principal funding identity, treatment assignment, or evidence of causal channel substitution."
cand-5d1da86118e5,C00153171,AMERICAN BENEFITS COUNCIL POLITICAL ACTION COMMITTEE,2004,Q2,,image:24038452746,2004-04-01,2004-06-30,2004-07-15,N,none,false,,,,4574.00,https://docquery.fec.gov/pdf/746/24038452746/24038452746.pdf,2026-09-12T19:06:23+00:00,historical_affiliation_candidate,"Observed political-committee report-period amounts only; historical affiliation is a bounded actor-link candidate, not principal funding identity, treatment assignment, or evidence of causal channel substitution."
cand-5d1da86118e5,C00153171,AMERICAN BENEFITS COUNCIL POLITICAL ACTION COMMITTEE,2004,Q3,,image:24038532740,2004-07-01,2004-09-30,2004-10-07,N,none,false,,11000.00,,11011.00,https://docquery.fec.gov/pdf/740/24038532740/24038532740.pdf,2026-09-12T19:06:23+00:00,historical_affiliation_candidate,"Observed political-committee report-period amounts only; historical affiliation is a bounded actor-link candidate, not principal funding identity, treatment assignment, or evidence of causal channel substitution."
cand-5d1da86118e5,C00153171,AMERICAN BENEFITS COUNCIL POLITICAL ACTION COMMITTEE,2004,30G,,image:24038652677,2004-10-01,2004-11-22,2004-12-06,N,none,false,,,,1570.00,https://docquery.fec.gov/pdf/677/24038652677/24038652677.pdf,2026-09-12T19:06:23+00:00,historical_affiliation_candidate,"Observed political-committee report-period amounts only; historical affiliation is a bounded actor-link candidate, not principal funding identity, treatment assignment, or evidence of causal channel substitution."
cand-5d1da86118e5,C00153171,AMERICAN BENEFITS COUNCIL POLITICAL ACTION COMMITTEE,2004,YE,,image:25038684291,2004-11-23,2004-12-31,2005-01-10,N,none,false,,,,,https://docquery.fec.gov/pdf/291/25038684291/25038684291.pdf,2026-09-12T19:06:23+00:00,historical_affiliation_candidate,"Observed political-committee report-period amounts only; historical affiliation is a bounded actor-link candidate, not principal funding identity, treatment assignment, or evidence of causal channel substitution."
cand-5d1da86118e5,C00153171,AMERICAN BENEFITS COUNCIL POLITICAL ACTION COMMITTEE,2005,MY,,image:25038861771,2005-01-01,2005-06-30,2005-07-28,N,none,false,,13544.00,,13544.00,https://docquery.fec.gov/pdf/771/25038861771/25038861771.pdf,2026-09-12T19:06:23+00:00,historical_affiliation_candidate,"Observed political-committee report-period amounts only; historical affiliation is a bounded actor-link candidate, not principal funding identity, treatment assignment, or evidence of causal channel substitution."
cand-5d1da86118e5,C00153171,AMERICAN BENEFITS COUNCIL POLITICAL ACTION COMMITTEE,2005,YE,201465,file:201465,2005-07-01,2005-12-31,2006-01-18,N,none,false,,10627.00,,10637.65,https://docquery.fec.gov/cgi-bin/paper_forms/C00153171/201465/,2026-09-12T19:06:23+00:00,historical_affiliation_candidate,"Observed political-committee report-period amounts only; historical affiliation is a bounded actor-link candidate, not principal funding identity, treatment assignment, or evidence of causal channel substitution."
cand-5d1da86118e5,C00153171,AMERICAN BENEFITS COUNCIL POLITICAL ACTION COMMITTEE,2006,Q1,220338,file:220338,2006-01-01,2006-03-01,2006-05-09,N,none,false,,3769.00,,3778.00,https://docquery.fec.gov/cgi-bin/paper_forms/C00153171/220338/,2026-09-12T19:06:23+00:00,historical_affiliation_candidate,"Observed political-committee report-period amounts only; historical affiliation is a bounded actor-link candidate, not principal funding identity, treatment assignment, or evidence of causal channel substitution."
cand-5d1da86118e5,C00153171,AMERICAN BENEFITS COUNCIL POLITICAL ACTION COMMITTEE,2006,Q2,230053,file:230053,2006-04-01,2006-06-30,2006-07-07,N,none,false,,3207.00,,3207.00,https://docquery.fec.gov/cgi-bin/paper_forms/C00153171/230053/,2026-09-12T19:06:23+00:00,historical_affiliation_candidate,"Observed political-committee report-period amounts only; historical affiliation is a bounded actor-link candidate, not principal funding identity, treatment assignment, or evidence of causal channel substitution."
cand-5d1da86118e5,C00153171,AMERICAN BENEFITS COUNCIL POLITICAL ACTION COMMITTEE,2006,Q3,250077,file:250077,2006-07-01,2006-09-30,2006-10-11,N,none,false,,7500.00,,7500.00,https://docquery.fec.gov/cgi-bin/paper_forms/C00153171/250077/,2026-09-12T19:06:23+00:00,historical_affiliation_candidate,"Observed political-committee report-period amounts only; historical affiliation is a bounded actor-link candidate, not principal funding identity, treatment assignment, or evidence of causal channel substitution."
cand-5d1da86118e5,C00153171,AMERICAN BENEFITS COUNCIL POLITICAL ACTION COMMITTEE,2006,30G,269452,file:269452,2006-10-01,2006-11-27,2006-12-06,N,none,false,,1019.00,,1019.00,https://docquery.fec.gov/cgi-bin/paper_forms/C00153171/269452/,2026-09-12T19:06:23+00:00,historical_affiliation_candidate,"Observed political-committee report-period amounts only; historical affiliation is a bounded actor-link candidate, not principal funding identity, treatment assignment, or evidence of causal channel substitution."
cand-5d1da86118e5,C00153171,AMERICAN BENEFITS COUNCIL POLITICAL ACTION COMMITTEE,2006,YE,276117,file:276117,2006-11-28,2006-12-31,2007-01-25,N,none,false,,1500.00,,1500.00,https://docquery.fec.gov/cgi-bin/paper_forms/C00153171/276117/,2026-09-12T19:06:23+00:00,historical_affiliation_candidate,"Observed political-committee report-period amounts only; historical affiliation is a bounded actor-link candidate, not principal funding identity, treatment assignment, or evidence of causal channel substitution."
cand-5d1da86118e5,C00153171,AMERICAN BENEFITS COUNCIL POLITICAL ACTION COMMITTEE,2007,MY,302596,file:302596,2007-01-01,2007-06-30,2007-08-22,N,none,false,,14204.00,,14254.00,https://docquery.fec.gov/cgi-bin/paper_forms/C00153171/302596/,2026-09-12T19:06:23+00:00,historical_affiliation_candidate,"Observed political-committee report-period amounts only; historical affiliation is a bounded actor-link candidate, not principal funding identity, treatment assignment, or evidence of causal channel substitution."
cand-5d1da86118e5,C00153171,AMERICAN BENEFITS COUNCIL POLITICAL ACTION COMMITTEE,2007,YE,326228,file:326228,2007-07-01,2007-12-31,2008-01-28,N,none,false,,5498.00,,5498.00,https://docquery.fec.gov/cgi-bin/paper_forms/C00153171/326228/,2026-09-12T19:06:23+00:00,historical_affiliation_candidate,"Observed political-committee report-period amounts only; historical affiliation is a bounded actor-link candidate, not principal funding identity, treatment assignment, or evidence of causal channel substitution."
cand-5d1da86118e5,C00153171,AMERICAN BENEFITS COUNCIL POLITICAL ACTION COMMITTEE,2008,Q1,338369,file:338369,2008-01-01,2008-03-31,2008-04-09,N,none,false,,,,2199.00,https://docquery.fec.gov/cgi-bin/paper_forms/C00153171/338369/,2026-09-12T19:06:23+00:00,historical_affiliation_candidate,"Observed political-committee report-period amounts only; historical affiliation is a bounded actor-link candidate, not principal funding identity, treatment assignment, or evidence of causal channel substitution."
cand-5d1da86118e5,C00153171,AMERICAN BENEFITS COUNCIL POLITICAL ACTION COMMITTEE,2008,Q2,357679,file:357679,2008-04-01,2008-06-30,2008-07-15,N,none,false,,9721.00,,9721.00,https://docquery.fec.gov/cgi-bin/paper_forms/C00153171/357679/,2026-09-12T19:06:23+00:00,historical_affiliation_candidate,"Observed political-committee report-period amounts only; historical affiliation is a bounded actor-link candidate, not principal funding identity, treatment assignment, or evidence of causal channel substitution."
cand-5d1da86118e5,C00153171,AMERICAN BENEFITS COUNCIL POLITICAL ACTION COMMITTEE,2008,Q3,421242,file:421242,2008-07-01,2008-09-30,2009-05-26,A,none,false,,5000.00,,5000.00,https://docquery.fec.gov/cgi-bin/paper_forms/C00153171/421242/,2026-09-12T19:06:23+00:00,historical_affiliation_candidate,"Observed political-committee report-period amounts only; historical affiliation is a bounded actor-link candidate, not principal funding identity, treatment assignment, or evidence of causal channel substitution."
cand-5d1da86118e5,C00153171,AMERICAN BENEFITS COUNCIL POLITICAL ACTION COMMITTEE,2008,Q3,,image:28039861924,2008-07-01,2008-09-30,2008-10-14,N,none,true,,,,5000.00,https://docquery.fec.gov/pdf/924/28039861924/28039861924.pdf,2026-09-12T19:06:23+00:00,historical_affiliation_candidate,"Observed political-committee report-period amounts only; historical affiliation is a bounded actor-link candidate, not principal funding identity, treatment assignment, or evidence of causal channel substitution."
cand-5d1da86118e5,C00153171,AMERICAN BENEFITS COUNCIL POLITICAL ACTION COMMITTEE,2008,30G,421241,file:421241,2008-10-01,2008-11-24,2009-05-26,A,none,false,,,,,https://docquery.fec.gov/cgi-bin/paper_forms/C00153171/421241/,2026-09-12T19:06:23+00:00,historical_affiliation_candidate,"Observed political-committee report-period amounts only; historical affiliation is a bounded actor-link candidate, not principal funding identity, treatment assignment, or evidence of causal channel substitution."
cand-5d1da86118e5,C00153171,AMERICAN BENEFITS COUNCIL POLITICAL ACTION COMMITTEE,2008,30G,,image:29039971791,2008-10-01,2008-11-24,2009-01-06,N,none,true,,,,,https://docquery.fec.gov/pdf/791/29039971791/29039971791.pdf,2026-09-12T19:06:23+00:00,historical_affiliation_candidate,"Observed political-committee report-period amounts only; historical affiliation is a bounded actor-link candidate, not principal funding identity, treatment assignment, or evidence of causal channel substitution."
cand-5d1da86118e5,C00153171,AMERICAN BENEFITS COUNCIL POLITICAL ACTION COMMITTEE,2008,YE,421243,file:421243,2008-11-25,2008-12-31,2009-05-26,A,none,false,,,,,https://docquery.fec.gov/cgi-bin/paper_forms/C00153171/421243/,2026-09-12T19:06:23+00:00,historical_affiliation_candidate,"Observed political-committee report-period amounts only; historical affiliation is a bounded actor-link candidate, not principal funding identity, treatment assignment, or evidence of causal channel substitution."
cand-5d1da86118e5,C00153171,AMERICAN BENEFITS COUNCIL POLITICAL ACTION COMMITTEE,2008,YE,,image:29039981277,2008-11-25,2008-12-31,2009-01-14,N,none,true,,,,,https://docquery.fec.gov/pdf/277/29039981277/29039981277.pdf,2026-09-12T19:06:23+00:00,historical_affiliation_candidate,"Observed political-committee report-period amounts only; historical affiliation is a bounded actor-link candidate, not principal funding identity, treatment assignment, or evidence of causal channel substitution."
cand-9948f2974958,C00340356,ADVANCED MEDICAL TECHNOLOGY ASSOCIATION PAC (ADVAMED PAC),2003,MY,91467,file:91467,2003-01-01,2003-06-30,2003-07-21,N,true,false,91467,57301.09,0.00,58301.09,https://docquery.fec.gov/cgi-bin/forms/C00340356/91467/,2026-09-12T19:06:23+00:00,historical_affiliation_candidate,"Observed political-committee report-period amounts only; historical affiliation is a bounded actor-link candidate, not principal funding identity, treatment assignment, or evidence of causal channel substitution."
cand-9948f2974958,C00340356,ADVANCED MEDICAL TECHNOLOGY ASSOCIATION PAC (ADVAMED PAC),2003,YE,106082,file:106082,2003-07-01,2003-12-31,2004-01-30,N,true,false,106082,22525.38,0.00,22525.38,https://docquery.fec.gov/cgi-bin/forms/C00340356/106082/,2026-09-12T19:06:23+00:00,historical_affiliation_candidate,"Observed political-committee report-period amounts only; historical affiliation is a bounded actor-link candidate, not principal funding identity, treatment assignment, or evidence of causal channel substitution."
cand-9948f2974958,C00340356,ADVANCED MEDICAL TECHNOLOGY ASSOCIATION PAC (ADVAMED PAC),2004,Q1,113546,file:113546,2004-01-01,2004-03-31,2004-04-03,N,false,true,113546,23637.50,0.00,23637.50,https://docquery.fec.gov/cgi-bin/forms/C00340356/113546/,2026-09-12T19:06:23+00:00,historical_affiliation_candidate,"Observed political-committee report-period amounts only; historical affiliation is a bounded actor-link candidate, not principal funding identity, treatment assignment, or evidence of causal channel substitution."
cand-9948f2974958,C00340356,ADVANCED MEDICAL TECHNOLOGY ASSOCIATION PAC (ADVAMED PAC),2004,Q1,118052,file:118052,2004-01-01,2004-03-31,2004-04-21,A,true,false,113546;118052,23637.50,0.00,23637.50,https://docquery.fec.gov/cgi-bin/forms/C00340356/118052/,2026-09-12T19:06:23+00:00,historical_affiliation_candidate,"Observed political-committee report-period amounts only; historical affiliation is a bounded actor-link candidate, not principal funding identity, treatment assignment, or evidence of causal channel substitution."
cand-9948f2974958,C00340356,ADVANCED MEDICAL TECHNOLOGY ASSOCIATION PAC (ADVAMED PAC),2004,Q2,125881,file:125881,2004-04-01,2004-06-30,2004-07-13,N,true,false,125881,33473.76,0.00,33473.76,https://docquery.fec.gov/cgi-bin/forms/C00340356/125881/,2026-09-12T19:06:23+00:00,historical_affiliation_candidate,"Observed political-committee report-period amounts only; historical affiliation is a bounded actor-link candidate, not principal funding identity, treatment assignment, or evidence of causal channel substitution."
cand-9948f2974958,C00340356,ADVANCED MEDICAL TECHNOLOGY ASSOCIATION PAC (ADVAMED PAC),2004,Q3,138342,file:138342,2004-07-01,2004-09-30,2004-10-13,N,true,false,138342,12500.00,0.00,12500.00,https://docquery.fec.gov/cgi-bin/forms/C00340356/138342/,2026-09-12T19:06:23+00:00,historical_affiliation_candidate,"Observed political-committee report-period amounts only; historical affiliation is a bounded actor-link candidate, not principal funding identity, treatment assignment, or evidence of causal channel substitution."
cand-9948f2974958,C00340356,ADVANCED MEDICAL TECHNOLOGY ASSOCIATION PAC (ADVAMED PAC),2004,12G,145221,file:145221,2004-10-01,2004-10-13,2004-10-21,N,true,false,145221,5140.01,0.00,5140.01,https://docquery.fec.gov/cgi-bin/forms/C00340356/145221/,2026-09-12T19:06:23+00:00,historical_affiliation_candidate,"Observed political-committee report-period amounts only; historical affiliation is a bounded actor-link candidate, not principal funding identity, treatment assignment, or evidence of causal channel substitution."
cand-9948f2974958,C00340356,ADVANCED MEDICAL TECHNOLOGY ASSOCIATION PAC (ADVAMED PAC),2004,30G,152397,file:152397,2004-10-14,2004-11-22,2004-11-29,N,true,false,152397,3750.00,0.00,11395.00,https://docquery.fec.gov/cgi-bin/forms/C00340356/152397/,2026-09-12T19:06:23+00:00,historical_affiliation_candidate,"Observed political-committee report-period amounts only; historical affiliation is a bounded actor-link candidate, not principal funding identity, treatment assignment, or evidence of causal channel substitution."
cand-9948f2974958,C00340356,ADVANCED MEDICAL TECHNOLOGY ASSOCIATION PAC (ADVAMED PAC),2004,YE,157582,file:157582,2004-11-23,2004-12-31,2005-01-04,N,false,true,157582,3000.00,0.00,3000.00,https://docquery.fec.gov/cgi-bin/forms/C00340356/157582/,2026-09-12T19:06:23+00:00,historical_affiliation_candidate,"Observed political-committee report-period amounts only; historical affiliation is a bounded actor-link candidate, not principal funding identity, treatment assignment, or evidence of causal channel substitution."
cand-9948f2974958,C00340356,ADVANCED MEDICAL TECHNOLOGY ASSOCIATION PAC (ADVAMED PAC),2004,YE,421904,file:421904,2004-11-23,2004-12-31,2009-07-01,A,true,false,157582;421904,3000.00,0.00,3075.00,https://docquery.fec.gov/cgi-bin/forms/C00340356/421904/,2026-09-12T19:06:23+00:00,historical_affiliation_candidate,"Observed political-committee report-period amounts only; historical affiliation is a bounded actor-link candidate, not principal funding identity, treatment assignment, or evidence of causal channel substitution."
cand-9948f2974958,C00340356,ADVANCED MEDICAL TECHNOLOGY ASSOCIATION POLOTICAL ACTION COMMITTEE,2005,MY,181800,file:181800,2005-01-01,2005-06-30,2005-07-21,N,false,true,181800,44362.14,0.00,44362.14,https://docquery.fec.gov/cgi-bin/forms/C00340356/181800/,2026-09-12T19:06:23+00:00,historical_affiliation_candidate,"Observed political-committee report-period amounts only; historical affiliation is a bounded actor-link candidate, not principal funding identity, treatment assignment, or evidence of causal channel substitution."
cand-9948f2974958,C00340356,ADVANCED MEDICAL TECHNOLOGY ASSOCIATION POLOTICAL ACTION COMMITTEE,2005,MY,185534,file:185534,2005-01-01,2005-06-30,2005-08-30,A,false,true,181800;185534,44362.14,0.00,44362.14,https://docquery.fec.gov/cgi-bin/forms/C00340356/185534/,2026-09-12T19:06:23+00:00,historical_affiliation_candidate,"Observed political-committee report-period amounts only; historical affiliation is a bounded actor-link candidate, not principal funding identity, treatment assignment, or evidence of causal channel substitution."
cand-9948f2974958,C00340356,ADVANCED MEDICAL TECHNOLOGY ASSOCIATION POLOTICAL ACTION COMMITTEE,2005,MY,431427,file:431427,2005-01-01,2005-06-30,2009-09-03,A,true,false,181800;185534;431427,44362.14,0.00,44852.14,https://docquery.fec.gov/cgi-bin/forms/C00340356/431427/,2026-09-12T19:06:23+00:00,historical_affiliation_candidate,"Observed political-committee report-period amounts only; historical affiliation is a bounded actor-link candidate, not principal funding identity, treatment assignment, or evidence of causal channel substitution."
cand-9948f2974958,C00340356,ADVANCED MEDICAL TECHNOLOGY ASSOCIATION POLOTICAL ACTION COMMITTEE,2005,YE,197487,file:197487,2005-07-01,2005-12-31,2006-01-25,N,false,true,197487,61000.00,0.00,66000.00,https://docquery.fec.gov/cgi-bin/forms/C00340356/197487/,2026-09-12T19:06:23+00:00,historical_affiliation_candidate,"Observed political-committee report-period amounts only; historical affiliation is a bounded actor-link candidate, not principal funding identity, treatment assignment, or evidence of causal channel substitution."
cand-9948f2974958,C00340356,ADVANCED MEDICAL TECHNOLOGY ASSOCIATION POLOTICAL ACTION COMMITTEE,2005,YE,437044,file:437044,2005-07-01,2005-12-31,2009-10-19,A,true,false,197487;437044,65000.00,0.00,65460.80,https://docquery.fec.gov/cgi-bin/forms/C00340356/437044/,2026-09-12T19:06:23+00:00,historical_affiliation_candidate,"Observed political-committee report-period amounts only; historical affiliation is a bounded actor-link candidate, not principal funding identity, treatment assignment, or evidence of causal channel substitution."
cand-9948f2974958,C00340356,ADVANCED MEDICAL TECHNOLOGY ASSOCIATION POLOTICAL ACTION COMMITTEE,2006,Q1,210717,file:210717,2006-01-01,2006-03-31,2006-04-13,N,false,true,210717,23500.00,0.00,23500.00,https://docquery.fec.gov/cgi-bin/forms/C00340356/210717/,2026-09-12T19:06:23+00:00,historical_affiliation_candidate,"Observed political-committee report-period amounts only; historical affiliation is a bounded actor-link candidate, not principal funding identity, treatment assignment, or evidence of causal channel substitution."
cand-9948f2974958,C00340356,ADVANCED MEDICAL TECHNOLOGY ASSOCIATION POLOTICAL ACTION COMMITTEE,2006,Q1,217196,file:217196,2006-01-01,2006-03-31,2006-05-11,A,false,true,210717;217196,23500.00,0.00,23500.00,https://docquery.fec.gov/cgi-bin/forms/C00340356/217196/,2026-09-12T19:06:23+00:00,historical_affiliation_candidate,"Observed political-committee report-period amounts only; historical affiliation is a bounded actor-link candidate, not principal funding identity, treatment assignment, or evidence of causal channel substitution."
cand-9948f2974958,C00340356,ADVANCED MEDICAL TECHNOLOGY ASSOCIATION POLOTICAL ACTION COMMITTEE,2006,Q1,221568,file:221568,2006-01-01,2006-03-31,2006-06-08,A,false,true,210717;217196;221568,23500.00,0.00,23500.00,https://docquery.fec.gov/cgi-bin/forms/C00340356/221568/,2026-09-12T19:06:23+00:00,historical_affiliation_candidate,"Observed political-committee report-period amounts only; historical affiliation is a bounded actor-link candidate, not principal funding identity, treatment assignment, or evidence of causal channel substitution."
cand-9948f2974958,C00340356,ADVANCED MEDICAL TECHNOLOGY ASSOCIATION POLOTICAL ACTION COMMITTEE,2006,Q1,439424,file:439424,2006-01-01,2006-03-31,2009-11-12,A,true,false,210717;217196;221568;439424,24500.00,0.00,25134.00,https://docquery.fec.gov/cgi-bin/forms/C00340356/439424/,2026-09-12T19:06:23+00:00,historical_affiliation_candidate,"Observed political-committee report-period amounts only; historical affiliation is a bounded actor-link candidate, not principal funding identity, treatment assignment, or evidence of causal channel substitution."
cand-9948f2974958,C00340356,ADVANCED MEDICAL TECHNOLOGY ASSOCIATION POLOTICAL ACTION COMMITTEE,2006,Q2,227167,file:227167,2006-04-01,2006-06-30,2006-07-14,N,false,true,227167,0.00,0.00,0.00,https://docquery.fec.gov/cgi-bin/forms/C00340356/227167/,2026-09-12T19:06:23+00:00,historical_affiliation_candidate,"Observed political-committee report-period amounts only; historical affiliation is a bounded actor-link candidate, not principal funding identity, treatment assignment, or evidence of causal channel substitution."
cand-9948f2974958,C00340356,ADVANCED MEDICAL TECHNOLOGY ASSOCIATION POLOTICAL ACTION COMMITTEE,2006,Q2,238488,file:238488,2006-04-01,2006-06-30,2006-09-18,A,false,true,227167;238488,0.00,0.00,36808.40,https://docquery.fec.gov/cgi-bin/forms/C00340356/238488/,2026-09-12T19:06:23+00:00,historical_affiliation_candidate,"Observed political-committee report-period amounts only; historical affiliation is a bounded actor-link candidate, not principal funding identity, treatment assignment, or evidence of causal channel substitution."
cand-9948f2974958,C00340356,ADVANCED MEDICAL TECHNOLOGY ASSOCIATION POLOTICAL ACTION COMMITTEE,2006,Q2,244953,file:244953,2006-04-01,2006-06-30,2006-10-16,A,false,true,227167;238488;244953,36808.40,0.00,38165.00,https://docquery.fec.gov/cgi-bin/forms/C00340356/244953/,2026-09-12T19:06:23+00:00,historical_affiliation_candidate,"Observed political-committee report-period amounts only; historical affiliation is a bounded actor-link candidate, not principal funding identity, treatment assignment, or evidence of causal channel substitution."
cand-9948f2974958,C00340356,ADVANCED MEDICAL TECHNOLOGY ASSOCIATION POLOTICAL ACTION COMMITTEE,2006,Q2,471405,file:471405,2006-04-01,2006-06-30,2010-05-21,A,true,false,227167;238488;244953;471405,40665.00,0.00,40924.00,https://docquery.fec.gov/cgi-bin/forms/C00340356/471405/,2026-09-12T19:06:23+00:00,historical_affiliation_candidate,"Observed political-committee report-period amounts only; historical affiliation is a bounded actor-link candidate, not principal funding identity, treatment assignment, or evidence of causal channel substitution."
cand-9948f2974958,C00340356,ADVANCED MEDICAL TECHNOLOGY ASSOCIATION POLOTICAL ACTION COMMITTEE,2006,Q2,,image:26039271288,2006-04-01,2006-06-30,2006-11-09,A,none,true,,,,,https://docquery.fec.gov/pdf/288/26039271288/26039271288.pdf,2026-09-12T19:06:23+00:00,historical_affiliation_candidate,"Observed political-committee report-period amounts only; historical affiliation is a bounded actor-link candidate, not principal funding identity, treatment assignment, or evidence of causal channel substitution."
cand-9948f2974958,C00340356,ADVANCED MEDICAL TECHNOLOGY ASSOCIATION POLOTICAL ACTION COMMITTEE,2006,Q3,243424,file:243424,2006-07-01,2006-09-30,2006-10-13,N,false,true,243424,10000.00,0.00,31472.60,https://docquery.fec.gov/cgi-bin/forms/C00340356/243424/,2026-09-12T19:06:23+00:00,historical_affiliation_candidate,"Observed political-committee report-period amounts only; historical affiliation is a bounded actor-link candidate, not principal funding identity, treatment assignment, or evidence of causal channel substitution."
cand-9948f2974958,C00340356,ADVANCED MEDICAL TECHNOLOGY ASSOCIATION POLOTICAL ACTION COMMITTEE,2006,Q3,266000,file:266000,2006-07-01,2006-09-30,2006-12-18,A,false,true,243424;266000,31472.60,0.00,31472.60,https://docquery.fec.gov/cgi-bin/forms/C00340356/266000/,2026-09-12T19:06:23+00:00,historical_affiliation_candidate,"Observed political-committee report-period amounts only; historical affiliation is a bounded actor-link candidate, not principal funding identity, treatment assignment, or evidence of causal channel substitution."
cand-9948f2974958,C00340356,ADVANCED MEDICAL TECHNOLOGY ASSOCIATION POLOTICAL ACTION COMMITTEE,2006,Q3,471411,file:471411,2006-07-01,2006-09-30,2010-05-21,A,true,false,243424;266000;471411,31472.60,0.00,31747.60,https://docquery.fec.gov/cgi-bin/forms/C00340356/471411/,2026-09-12T19:06:23+00:00,historical_affiliation_candidate,"Observed political-committee report-period amounts only; historical affiliation is a bounded actor-link candidate, not principal funding identity, treatment assignment, or evidence of causal channel substitution."
cand-9948f2974958,C00340356,ADVANCED MEDICAL TECHNOLOGY ASSOCIATION POLOTICAL ACTION COMMITTEE,2006,12G,256467,file:256467,2006-10-01,2006-10-18,2006-11-02,N,false,true,256467,2000.00,0.00,2000.00,https://docquery.fec.gov/cgi-bin/forms/C00340356/256467/,2026-09-12T19:06:23+00:00,historical_affiliation_candidate,"Observed political-committee report-period amounts only; historical affiliation is a bounded actor-link candidate, not principal funding identity, treatment assignment, or evidence of causal channel substitution."
cand-9948f2974958,C00340356,ADVANCED MEDICAL TECHNOLOGY ASSOCIATION POLOTICAL ACTION COMMITTEE,2006,12G,266003,file:266003,2006-10-01,2006-10-18,2006-12-18,A,false,true,256467;266003,2000.00,0.00,2000.00,https://docquery.fec.gov/cgi-bin/forms/C00340356/266003/,2026-09-12T19:06:23+00:00,historical_affiliation_candidate,"Observed political-committee report-period amounts only; historical affiliation is a bounded actor-link candidate, not principal funding identity, treatment assignment, or evidence of causal channel substitution."
cand-9948f2974958,C00340356,ADVANCED MEDICAL TECHNOLOGY ASSOCIATION POLOTICAL ACTION COMMITTEE,2006,12G,280674,file:280674,2006-10-01,2006-10-18,2007-03-12,A,false,true,256467;266003;280674,2000.00,0.00,2000.00,https://docquery.fec.gov/cgi-bin/forms/C00340356/280674/,2026-09-12T19:06:23+00:00,historical_affiliation_candidate,"Observed political-committee report-period amounts only; historical affiliation is a bounded actor-link candidate, not principal funding identity, treatment assignment, or evidence of causal channel substitution."
cand-9948f2974958,C00340356,ADVANCED MEDICAL TECHNOLOGY ASSOCIATION POLOTICAL ACTION COMMITTEE,2006,12G,471414,file:471414,2006-10-01,2006-10-18,2010-05-21,A,true,false,256467;266003;280674;471414,2000.00,0.00,2000.00,https://docquery.fec.gov/cgi-bin/forms/C00340356/471414/,2026-09-12T19:06:23+00:00,historical_affiliation_candidate,"Observed political-committee report-period amounts only; historical affiliation is a bounded actor-link candidate, not principal funding identity, treatment assignment, or evidence of causal channel substitution."
cand-9948f2974958,C00340356,ADVANCED MEDICAL TECHNOLOGY ASSOCIATION POLOTICAL ACTION COMMITTEE,2006,30G,262549,file:262549,2006-10-19,2006-11-27,2006-12-06,N,false,true,262549,14500.00,0.00,14500.00,https://docquery.fec.gov/cgi-bin/forms/C00340356/262549/,2026-09-12T19:06:23+00:00,historical_affiliation_candidate,"Observed political-committee report-period amounts only; historical affiliation is a bounded actor-link candidate, not principal funding identity, treatment assignment, or evidence of causal channel substitution."
cand-9948f2974958,C00340356,ADVANCED MEDICAL TECHNOLOGY ASSOCIATION POLOTICAL ACTION COMMITTEE,2006,30G,266002,file:266002,2006-10-19,2006-11-27,2006-12-18,A,false,true,262549;266002,14500.00,0.00,14500.00,https://docquery.fec.gov/cgi-bin/forms/C00340356/266002/,2026-09-12T19:06:23+00:00,historical_affiliation_candidate,"Observed political-committee report-period amounts only; historical affiliation is a bounded actor-link candidate, not principal funding identity, treatment assignment, or evidence of causal channel substitution."
cand-9948f2974958,C00340356,ADVANCED MEDICAL TECHNOLOGY ASSOCIATION POLOTICAL ACTION COMMITTEE,2006,30G,266035,file:266035,2006-10-19,2006-11-27,2006-12-19,A,false,true,262549;266002;266035,14500.00,0.00,14500.00,https://docquery.fec.gov/cgi-bin/forms/C00340356/266035/,2026-09-12T19:06:23+00:00,historical_affiliation_candidate,"Observed political-committee report-period amounts only; historical affiliation is a bounded actor-link candidate, not principal funding identity, treatment assignment, or evidence of causal channel substitution."
cand-9948f2974958,C00340356,ADVANCED MEDICAL TECHNOLOGY ASSOCIATION POLOTICAL ACTION COMMITTEE,2006,30G,280686,file:280686,2006-10-19,2006-11-27,2007-03-12,A,false,true,262549;266002;266035;280686,14500.00,0.00,14500.00,https://docquery.fec.gov/cgi-bin/forms/C00340356/280686/,2026-09-12T19:06:23+00:00,historical_affiliation_candidate,"Observed political-committee report-period amounts only; historical affiliation is a bounded actor-link candidate, not principal funding identity, treatment assignment, or evidence of causal channel substitution."
cand-9948f2974958,C00340356,ADVANCED MEDICAL TECHNOLOGY ASSOCIATION POLOTICAL ACTION COMMITTEE,2006,30G,471420,file:471420,2006-10-19,2006-11-27,2010-05-21,A,true,false,262549;266002;266035;280686;471420,14500.00,0.00,14500.00,https://docquery.fec.gov/cgi-bin/forms/C00340356/471420/,2026-09-12T19:06:23+00:00,historical_affiliation_candidate,"Observed political-committee report-period amounts only; historical affiliation is a bounded actor-link candidate, not principal funding identity, treatment assignment, or evidence of causal channel substitution."
cand-9948f2974958,C00340356,ADVANCED MEDICAL TECHNOLOGY ASSOCIATION POLOTICAL ACTION COMMITTEE,2006,YE,273410,file:273410,2006-11-28,2006-12-31,2007-01-30,N,false,true,273410,2000.00,0.00,3265.30,https://docquery.fec.gov/cgi-bin/forms/C00340356/273410/,2026-09-12T19:06:23+00:00,historical_affiliation_candidate,"Observed political-committee report-period amounts only; historical affiliation is a bounded actor-link candidate, not principal funding identity, treatment assignment, or evidence of causal channel substitution."
cand-9948f2974958,C00340356,ADVANCED MEDICAL TECHNOLOGY ASSOCIATION POLOTICAL ACTION COMMITTEE,2006,YE,280687,file:280687,2006-11-28,2006-12-31,2007-03-12,A,false,true,273410;280687,2000.00,0.00,3265.30,https://docquery.fec.gov/cgi-bin/forms/C00340356/280687/,2026-09-12T19:06:23+00:00,historical_affiliation_candidate,"Observed political-committee report-period amounts only; historical affiliation is a bounded actor-link candidate, not principal funding identity, treatment assignment, or evidence of causal channel substitution."
cand-9948f2974958,C00340356,ADVANCED MEDICAL TECHNOLOGY ASSOCIATION POLOTICAL ACTION COMMITTEE,2006,YE,471425,file:471425,2006-11-28,2006-12-31,2010-05-21,A,true,false,273410;280687;471425,2000.00,0.00,2095.00,https://docquery.fec.gov/cgi-bin/forms/C00340356/471425/,2026-09-12T19:06:23+00:00,historical_affiliation_candidate,"Observed political-committee report-period amounts only; historical affiliation is a bounded actor-link candidate, not principal funding identity, treatment assignment, or evidence of causal channel substitution."
cand-9948f2974958,C00340356,ADVANCED MEDICAL TECHNOLOGY ASSOCIATION POLOTICAL ACTION COMMITTEE,2007,MY,299068,file:299068,2007-01-01,2007-06-30,2007-07-31,N,true,false,299068,47115.30,0.00,48850.30,https://docquery.fec.gov/cgi-bin/forms/C00340356/299068/,2026-09-12T19:06:23+00:00,historical_affiliation_candidate,"Observed political-committee report-period amounts only; historical affiliation is a bounded actor-link candidate, not principal funding identity, treatment assignment, or evidence of causal channel substitution."
cand-9948f2974958,C00340356,ADVANCED MEDICAL TECHNOLOGY ASSOCIATION POLOTICAL ACTION COMMITTEE,2007,YE,318695,file:318695,2007-07-01,2007-12-31,2008-01-30,N,true,false,318695,61994.61,0.00,62399.61,https://docquery.fec.gov/cgi-bin/forms/C00340356/318695/,2026-09-12T19:06:23+00:00,historical_affiliation_candidate,"Observed political-committee report-period amounts only; historical affiliation is a bounded actor-link candidate, not principal funding identity, treatment assignment, or evidence of causal channel substitution."
cand-9948f2974958,C00340356,ADVANCED MEDICAL TECHNOLOGY ASSOCIATION POLOTICAL ACTION COMMITTEE,2008,12P,330376,file:330376,2008-01-01,2008-04-02,2008-04-09,N,true,false,330376,17940.36,0.00,18215.36,https://docquery.fec.gov/cgi-bin/forms/C00340356/330376/,2026-09-12T19:06:23+00:00,historical_affiliation_candidate,"Observed political-committee report-period amounts only; historical affiliation is a bounded actor-link candidate, not principal funding identity, treatment assignment, or evidence of causal channel substitution."
cand-9948f2974958,C00340356,ADVANCED MEDICAL TECHNOLOGY ASSOCIATION POLOTICAL ACTION COMMITTEE,2008,12P,341778,file:341778,2008-04-03,2008-05-14,2008-05-22,N,true,false,341778,10949.38,0.00,10949.38,https://docquery.fec.gov/cgi-bin/forms/C00340356/341778/,2026-09-12T19:06:23+00:00,historical_affiliation_candidate,"Observed political-committee report-period amounts only; historical affiliation is a bounded actor-link candidate, not principal funding identity, treatment assignment, or evidence of causal channel substitution."
cand-9948f2974958,C00340356,ADVANCED MEDICAL TECHNOLOGY ASSOCIATION POLOTICAL ACTION COMMITTEE,2008,Q2,349764,file:349764,2008-05-15,2008-06-30,2008-07-14,N,true,false,349764,14750.62,0.00,14750.62,https://docquery.fec.gov/cgi-bin/forms/C00340356/349764/,2026-09-12T19:06:23+00:00,historical_affiliation_candidate,"Observed political-committee report-period amounts only; historical affiliation is a bounded actor-link candidate, not principal funding identity, treatment assignment, or evidence of causal channel substitution."
cand-9948f2974958,C00340356,ADVANCED MEDICAL TECHNOLOGY ASSOCIATION POLOTICAL ACTION COMMITTEE,2008,12P,355655,file:355655,2008-07-01,2008-07-30,2008-08-07,N,true,false,355655,17150.00,0.00,17150.00,https://docquery.fec.gov/cgi-bin/forms/C00340356/355655/,2026-09-12T19:06:23+00:00,historical_affiliation_candidate,"Observed political-committee report-period amounts only; historical affiliation is a bounded actor-link candidate, not principal funding identity, treatment assignment, or evidence of causal channel substitution."
cand-9948f2974958,C00340356,ADVANCED MEDICAL TECHNOLOGY ASSOCIATION POLOTICAL ACTION COMMITTEE,2008,Q3,368571,file:368571,2008-07-31,2008-09-30,2008-10-15,N,true,false,368571,18443.45,0.00,18443.45,https://docquery.fec.gov/cgi-bin/forms/C00340356/368571/,2026-09-12T19:06:23+00:00,historical_affiliation_candidate,"Observed political-committee report-period amounts only; historical affiliation is a bounded actor-link candidate, not principal funding identity, treatment assignment, or evidence of causal channel substitution."
cand-9948f2974958,C00340356,ADVANCED MEDICAL TECHNOLOGY ASSOCIATION POLOTICAL ACTION COMMITTEE,2008,12G,373740,file:373740,2008-10-01,2008-10-15,2008-10-21,N,true,false,373740,3297.03,0.00,3297.03,https://docquery.fec.gov/cgi-bin/forms/C00340356/373740/,2026-09-12T19:06:23+00:00,historical_affiliation_candidate,"Observed political-committee report-period amounts only; historical affiliation is a bounded actor-link candidate, not principal funding identity, treatment assignment, or evidence of causal channel substitution."
cand-9948f2974958,C00340356,ADVANCED MEDICAL TECHNOLOGY ASSOCIATION POLOTICAL ACTION COMMITTEE,2008,30G,388154,file:388154,2008-10-16,2008-11-24,2008-12-03,N,true,false,388154,4352.97,0.00,4352.97,https://docquery.fec.gov/cgi-bin/forms/C00340356/388154/,2026-09-12T19:06:23+00:00,historical_affiliation_candidate,"Observed political-committee report-period amounts only; historical affiliation is a bounded actor-link candidate, not principal funding identity, treatment assignment, or evidence of causal channel substitution."
cand-9948f2974958,C00340356,ADVANCED MEDICAL TECHNOLOGY ASSOCIATION POLOTICAL ACTION COMMITTEE,2008,YE,399891,file:399891,2008-11-25,2008-12-31,2009-01-30,N,true,false,399891,0.00,0.00,0.00,https://docquery.fec.gov/cgi-bin/forms/C00340356/399891/,2026-09-12T19:06:23+00:00,historical_affiliation_candidate,"Observed political-committee report-period amounts only; historical affiliation is a bounded actor-link candidate, not principal funding identity, treatment assignment, or evidence of causal channel substitution."
cand-d5522e62fad7,C00007450,AMERICAN GAS ASSOCIATION POLITICAL ACTION COMMITTEE; THE (GASPAC),2003,M2,76092,file:76092,2003-01-01,2003-01-31,2003-02-12,N,true,false,76092,6000.00,0.00,6000.00,https://docquery.fec.gov/cgi-bin/forms/C00007450/76092/,2026-09-12T18:39:44+00:00,historical_affiliation_candidate,"Observed political-committee report-period amounts only; historical affiliation is a bounded actor-link candidate, not principal funding identity, treatment assignment, or evidence of causal channel substitution."
cand-d5522e62fad7,C00007450,AMERICAN GAS ASSOCIATION POLITICAL ACTION COMMITTEE; THE (GASPAC),2003,M3,78051,file:78051,2003-02-01,2003-02-28,2003-03-10,N,true,false,78051,7350.00,0.00,7350.00,https://docquery.fec.gov/cgi-bin/forms/C00007450/78051/,2026-09-12T18:39:44+00:00,historical_affiliation_candidate,"Observed political-committee report-period amounts only; historical affiliation is a bounded actor-link candidate, not principal funding identity, treatment assignment, or evidence of causal channel substitution."
cand-d5522e62fad7,C00007450,AMERICAN GAS ASSOCIATION POLITICAL ACTION COMMITTEE; THE (GASPAC),2003,M4,81112,file:81112,2003-03-01,2003-03-31,2003-04-11,N,true,false,81112,11148.88,0.00,11148.88,https://docquery.fec.gov/cgi-bin/forms/C00007450/81112/,2026-09-12T18:39:44+00:00,historical_affiliation_candidate,"Observed political-committee report-period amounts only; historical affiliation is a bounded actor-link candidate, not principal funding identity, treatment assignment, or evidence of causal channel substitution."
cand-d5522e62fad7,C00007450,AMERICAN GAS ASSOCIATION POLITICAL ACTION COMMITTEE; THE (GASPAC),2003,M5,84849,file:84849,2003-04-01,2003-04-30,2003-05-15,N,true,false,84849,14000.00,0.00,14000.00,https://docquery.fec.gov/cgi-bin/forms/C00007450/84849/,2026-09-12T18:39:44+00:00,historical_affiliation_candidate,"Observed political-committee report-period amounts only; historical affiliation is a bounded actor-link candidate, not principal funding identity, treatment assignment, or evidence of causal channel substitution."
cand-d5522e62fad7,C00007450,AMERICAN GAS ASSOCIATION POLITICAL ACTION COMMITTEE; THE (GASPAC),2003,M6,86834,file:86834,2003-05-01,2003-05-31,2003-06-12,N,true,false,86834,18880.00,0.00,18880.00,https://docquery.fec.gov/cgi-bin/forms/C00007450/86834/,2026-09-12T18:39:44+00:00,historical_affiliation_candidate,"Observed political-committee report-period amounts only; historical affiliation is a bounded actor-link candidate, not principal funding identity, treatment assignment, or evidence of causal channel substitution."
cand-d5522e62fad7,C00007450,AMERICAN GAS ASSOCIATION POLITICAL ACTION COMMITTEE; THE (GASPAC),2003,M7,89551,file:89551,2003-06-01,2003-06-30,2003-07-14,N,true,false,89551,21370.67,0.00,21370.67,https://docquery.fec.gov/cgi-bin/forms/C00007450/89551/,2026-09-12T18:39:44+00:00,historical_affiliation_candidate,"Observed political-committee report-period amounts only; historical affiliation is a bounded actor-link candidate, not principal funding identity, treatment assignment, or evidence of causal channel substitution."
cand-d5522e62fad7,C00007450,AMERICAN GAS ASSOCIATION POLITICAL ACTION COMMITTEE; THE (GASPAC),2003,M8,93274,file:93274,2003-07-01,2003-07-31,2003-08-07,N,true,false,93274,7250.00,0.00,7250.00,https://docquery.fec.gov/cgi-bin/forms/C00007450/93274/,2026-09-12T18:39:44+00:00,historical_affiliation_candidate,"Observed political-committee report-period amounts only; historical affiliation is a bounded actor-link candidate, not principal funding identity, treatment assignment, or evidence of causal channel substitution."
cand-d5522e62fad7,C00007450,AMERICAN GAS ASSOCIATION POLITICAL ACTION COMMITTEE; THE (GASPAC),2003,M9,94904,file:94904,2003-08-01,2003-08-31,2003-09-10,N,true,false,94904,0.00,0.00,0.00,https://docquery.fec.gov/cgi-bin/forms/C00007450/94904/,2026-09-12T18:39:44+00:00,historical_affiliation_candidate,"Observed political-committee report-period amounts only; historical affiliation is a bounded actor-link candidate, not principal funding identity, treatment assignment, or evidence of causal channel substitution."
cand-d5522e62fad7,C00007450,AMERICAN GAS ASSOCIATION POLITICAL ACTION COMMITTEE; THE (GASPAC),2003,M10,96937,file:96937,2003-09-01,2003-09-30,2003-10-13,N,true,false,96937,17500.00,0.00,17500.00,https://docquery.fec.gov/cgi-bin/forms/C00007450/96937/,2026-09-12T18:39:44+00:00,historical_affiliation_candidate,"Observed political-committee report-period amounts only; historical affiliation is a bounded actor-link candidate, not principal funding identity, treatment assignment, or evidence of causal channel substitution."
cand-d5522e62fad7,C00007450,AMERICAN GAS ASSOCIATION POLITICAL ACTION COMMITTEE; THE (GASPAC),2003,M11,99728,file:99728,2003-10-01,2003-10-31,2003-11-17,N,true,false,99728,13100.00,0.00,13100.00,https://docquery.fec.gov/cgi-bin/forms/C00007450/99728/,2026-09-12T18:39:44+00:00,historical_affiliation_candidate,"Observed political-committee report-period amounts only; historical affiliation is a bounded actor-link candidate, not principal funding identity, treatment assignment, or evidence of causal channel substitution."
cand-d5522e62fad7,C00007450,AMERICAN GAS ASSOCIATION POLITICAL ACTION COMMITTEE; THE (GASPAC),2003,M12,101207,file:101207,2003-11-01,2003-11-30,2003-12-10,N,true,false,101207,3000.00,0.00,3000.00,https://docquery.fec.gov/cgi-bin/forms/C00007450/101207/,2026-09-12T18:39:44+00:00,historical_affiliation_candidate,"Observed political-committee report-period amounts only; historical affiliation is a bounded actor-link candidate, not principal funding identity, treatment assignment, or evidence of causal channel substitution."
cand-d5522e62fad7,C00007450,AMERICAN GAS ASSOCIATION POLITICAL ACTION COMMITTEE; THE (GASPAC),2003,YE,103390,file:103390,2003-12-01,2003-12-31,2004-01-14,N,true,false,103390,1000.00,0.00,1002.75,https://docquery.fec.gov/cgi-bin/forms/C00007450/103390/,2026-09-12T18:39:44+00:00,historical_affiliation_candidate,"Observed political-committee report-period amounts only; historical affiliation is a bounded actor-link candidate, not principal funding identity, treatment assignment, or evidence of causal channel substitution."
cand-d5522e62fad7,C00007450,AMERICAN GAS ASSOCIATION POLITICAL ACTION COMMITTEE; THE (GASPAC),2004,M2,108052,file:108052,2004-01-01,2004-01-31,2004-02-11,N,true,false,108052,0.00,0.00,0.00,https://docquery.fec.gov/cgi-bin/forms/C00007450/108052/,2026-09-12T18:21:15+00:00,historical_affiliation_candidate,"Observed political-committee report-period amounts only; historical affiliation is a bounded actor-link candidate, not principal funding identity, treatment assignment, or evidence of causal channel substitution."
cand-d5522e62fad7,C00007450,AMERICAN GAS ASSOCIATION POLITICAL ACTION COMMITTEE; THE (GASPAC),2004,M3,111303,file:111303,2004-02-01,2004-02-29,2004-03-11,N,true,false,111303,20000.00,0.00,20000.00,https://docquery.fec.gov/cgi-bin/forms/C00007450/111303/,2026-09-12T18:21:15+00:00,historical_affiliation_candidate,"Observed political-committee report-period amounts only; historical affiliation is a bounded actor-link candidate, not principal funding identity, treatment assignment, or evidence of causal channel substitution."
cand-d5522e62fad7,C00007450,AMERICAN GAS ASSOCIATION POLITICAL ACTION COMMITTEE; THE (GASPAC),2004,M4,115863,file:115863,2004-03-01,2004-03-31,2004-04-15,N,false,true,115863,31169.18,0.00,31169.18,https://docquery.fec.gov/cgi-bin/forms/C00007450/115863/,2026-09-12T18:21:15+00:00,historical_affiliation_candidate,"Observed political-committee report-period amounts only; historical affiliation is a bounded actor-link candidate, not principal funding identity, treatment assignment, or evidence of causal channel substitution."
cand-d5522e62fad7,C00007450,AMERICAN GAS ASSOCIATION POLITICAL ACTION COMMITTEE; THE (GASPAC),2004,M4,120029,file:120029,2004-03-01,2004-03-31,2004-05-18,A,false,true,115863;120029,31169.18,0.00,31169.18,https://docquery.fec.gov/cgi-bin/forms/C00007450/120029/,2026-09-12T18:21:15+00:00,historical_affiliation_candidate,"Observed political-committee report-period amounts only; historical affiliation is a bounded actor-link candidate, not principal funding identity, treatment assignment, or evidence of causal channel substitution."
cand-d5522e62fad7,C00007450,AMERICAN GAS ASSOCIATION POLITICAL ACTION COMMITTEE; THE (GASPAC),2004,M4,120582,file:120582,2004-03-01,2004-03-31,2004-05-20,A,true,false,115863;120029;120582,31169.18,0.00,31169.18,https://docquery.fec.gov/cgi-bin/forms/C00007450/120582/,2026-09-12T18:21:15+00:00,historical_affiliation_candidate,"Observed political-committee report-period amounts only; historical affiliation is a bounded actor-link candidate, not principal funding identity, treatment assignment, or evidence of causal channel substitution."
cand-d5522e62fad7,C00007450,AMERICAN GAS ASSOCIATION POLITICAL ACTION COMMITTEE; THE (GASPAC),2004,M5,119339,file:119339,2004-04-01,2004-04-30,2004-05-11,N,true,false,119339,7500.00,0.00,7500.00,https://docquery.fec.gov/cgi-bin/forms/C00007450/119339/,2026-09-12T18:21:15+00:00,historical_affiliation_candidate,"Observed political-committee report-period amounts only; historical affiliation is a bounded actor-link candidate, not principal funding identity, treatment assignment, or evidence of causal channel substitution."
cand-d5522e62fad7,C00007450,AMERICAN GAS ASSOCIATION POLITICAL ACTION COMMITTEE; THE (GASPAC),2004,M6,122079,file:122079,2004-05-01,2004-05-31,2004-06-08,N,true,false,122079,9500.00,0.00,10681.25,https://docquery.fec.gov/cgi-bin/forms/C00007450/122079/,2026-09-12T18:21:15+00:00,historical_affiliation_candidate,"Observed political-committee report-period amounts only; historical affiliation is a bounded actor-link candidate, not principal funding identity, treatment assignment, or evidence of causal channel substitution."
cand-d5522e62fad7,C00007450,AMERICAN GAS ASSOCIATION POLITICAL ACTION COMMITTEE; THE (GASPAC),2004,M7,125596,file:125596,2004-06-01,2004-06-30,2004-07-13,N,true,false,125596,19500.00,0.00,19500.00,https://docquery.fec.gov/cgi-bin/forms/C00007450/125596/,2026-09-12T18:21:15+00:00,historical_affiliation_candidate,"Observed political-committee report-period amounts only; historical affiliation is a bounded actor-link candidate, not principal funding identity, treatment assignment, or evidence of causal channel substitution."
cand-d5522e62fad7,C00007450,AMERICAN GAS ASSOCIATION POLITICAL ACTION COMMITTEE; THE (GASPAC),2004,M8,131360,file:131360,2004-07-01,2004-07-31,2004-08-17,N,true,false,131360,10000.00,0.00,10000.00,https://docquery.fec.gov/cgi-bin/forms/C00007450/131360/,2026-09-12T18:21:15+00:00,historical_affiliation_candidate,"Observed political-committee report-period amounts only; historical affiliation is a bounded actor-link candidate, not principal funding identity, treatment assignment, or evidence of causal channel substitution."
cand-d5522e62fad7,C00007450,AMERICAN GAS ASSOCIATION POLITICAL ACTION COMMITTEE; THE (GASPAC),2004,M9,135063,file:135063,2004-08-01,2004-08-31,2004-09-17,N,true,false,135063,4000.00,0.00,4000.00,https://docquery.fec.gov/cgi-bin/forms/C00007450/135063/,2026-09-12T18:21:15+00:00,historical_affiliation_candidate,"Observed political-committee report-period amounts only; historical affiliation is a bounded actor-link candidate, not principal funding identity, treatment assignment, or evidence of causal channel substitution."
cand-d5522e62fad7,C00007450,AMERICAN GAS ASSOCIATION POLITICAL ACTION COMMITTEE; THE (GASPAC),2004,M10,137759,file:137759,2004-09-01,2004-09-30,2004-10-12,N,true,false,137759,31000.00,0.00,31000.00,https://docquery.fec.gov/cgi-bin/forms/C00007450/137759/,2026-09-12T18:21:15+00:00,historical_affiliation_candidate,"Observed political-committee report-period amounts only; historical affiliation is a bounded actor-link candidate, not principal funding identity, treatment assignment, or evidence of causal channel substitution."
cand-d5522e62fad7,C00007450,AMERICAN GAS ASSOCIATION POLITICAL ACTION COMMITTEE; THE (GASPAC),2004,12G,142528,file:142528,2004-10-01,2004-10-13,2004-10-19,N,true,false,142528,8000.00,0.00,8000.00,https://docquery.fec.gov/cgi-bin/forms/C00007450/142528/,2026-09-12T18:21:15+00:00,historical_affiliation_candidate,"Observed political-committee report-period amounts only; historical affiliation is a bounded actor-link candidate, not principal funding identity, treatment assignment, or evidence of causal channel substitution."
cand-d5522e62fad7,C00007450,AMERICAN GAS ASSOCIATION POLITICAL ACTION COMMITTEE; THE (GASPAC),2004,30G,152512,file:152512,2004-10-14,2004-11-22,2004-11-30,N,true,false,152512,22083.49,0.00,22083.49,https://docquery.fec.gov/cgi-bin/forms/C00007450/152512/,2026-09-12T18:21:15+00:00,historical_affiliation_candidate,"Observed political-committee report-period amounts only; historical affiliation is a bounded actor-link candidate, not principal funding identity, treatment assignment, or evidence of causal channel substitution."
cand-d5522e62fad7,C00007450,AMERICAN GAS ASSOCIATION POLITICAL ACTION COMMITTEE; THE (GASPAC),2004,YE,159012,file:159012,2004-11-23,2004-12-31,2005-01-14,N,true,false,159012,0.00,0.00,0.00,https://docquery.fec.gov/cgi-bin/forms/C00007450/159012/,2026-09-12T18:21:15+00:00,historical_affiliation_candidate,"Observed political-committee report-period amounts only; historical affiliation is a bounded actor-link candidate, not principal funding identity, treatment assignment, or evidence of causal channel substitution."
cand-d5522e62fad7,C00007450,AMERICAN GAS ASSOCIATION POLITICAL ACTION COMMITTEE; THE (GASPAC),2005,M2,164772,file:164772,2005-01-01,2005-01-31,2005-02-13,N,true,false,164772,14000.00,0.00,14004.00,https://docquery.fec.gov/cgi-bin/forms/C00007450/164772/,2026-09-12T18:21:15+00:00,historical_affiliation_candidate,"Observed political-committee report-period amounts only; historical affiliation is a bounded actor-link candidate, not principal funding identity, treatment assignment, or evidence of causal channel substitution."
cand-d5522e62fad7,C00007450,AMERICAN GAS ASSOCIATION POLITICAL ACTION COMMITTEE; THE (GASPAC),2005,M3,167336,file:167336,2005-02-01,2005-02-28,2005-03-14,N,true,false,167336,13000.00,0.00,14000.00,https://docquery.fec.gov/cgi-bin/forms/C00007450/167336/,2026-09-12T18:21:15+00:00,historical_affiliation_candidate,"Observed political-committee report-period amounts only; historical affiliation is a bounded actor-link candidate, not principal funding identity, treatment assignment, or evidence of causal channel substitution."
cand-d5522e62fad7,C00007450,AMERICAN GAS ASSOCIATION POLITICAL ACTION COMMITTEE; THE (GASPAC),2005,M4,170376,file:170376,2005-03-01,2005-03-31,2005-04-13,N,true,false,170376,26000.00,0.00,26002.00,https://docquery.fec.gov/cgi-bin/forms/C00007450/170376/,2026-09-12T18:21:15+00:00,historical_affiliation_candidate,"Observed political-committee report-period amounts only; historical affiliation is a bounded actor-link candidate, not principal funding identity, treatment assignment, or evidence of causal channel substitution."
cand-d5522e62fad7,C00007450,AMERICAN GAS ASSOCIATION POLITICAL ACTION COMMITTEE; THE (GASPAC),2005,M5,173936,file:173936,2005-04-01,2005-04-30,2005-05-13,N,true,false,173936,6000.00,0.00,7337.39,https://docquery.fec.gov/cgi-bin/forms/C00007450/173936/,2026-09-12T18:21:15+00:00,historical_affiliation_candidate,"Observed political-committee report-period amounts only; historical affiliation is a bounded actor-link candidate, not principal funding identity, treatment assignment, or evidence of causal channel substitution."
cand-d5522e62fad7,C00007450,AMERICAN GAS ASSOCIATION POLITICAL ACTION COMMITTEE; THE (GASPAC),2005,M6,176299,file:176299,2005-05-01,2005-05-31,2005-06-15,N,true,false,176299,37415.43,0.00,37417.43,https://docquery.fec.gov/cgi-bin/forms/C00007450/176299/,2026-09-12T18:21:15+00:00,historical_affiliation_candidate,"Observed political-committee report-period amounts only; historical affiliation is a bounded actor-link candidate, not principal funding identity, treatment assignment, or evidence of causal channel substitution."
cand-d5522e62fad7,C00007450,AMERICAN GAS ASSOCIATION POLITICAL ACTION COMMITTEE; THE (GASPAC),2005,M7,179417,file:179417,2005-06-01,2005-06-30,2005-07-14,N,true,false,179417,20500.00,0.00,20502.00,https://docquery.fec.gov/cgi-bin/forms/C00007450/179417/,2026-09-12T18:21:15+00:00,historical_affiliation_candidate,"Observed political-committee report-period amounts only; historical affiliation is a bounded actor-link candidate, not principal funding identity, treatment assignment, or evidence of causal channel substitution."
cand-d5522e62fad7,C00007450,AMERICAN GAS ASSOCIATION POLITICAL ACTION COMMITTEE; THE (GASPAC),2005,M8,184036,file:184036,2005-07-01,2005-07-31,2005-08-11,N,true,false,184036,8500.00,0.00,8502.00,https://docquery.fec.gov/cgi-bin/forms/C00007450/184036/,2026-09-12T18:21:15+00:00,historical_affiliation_candidate,"Observed political-committee report-period amounts only; historical affiliation is a bounded actor-link candidate, not principal funding identity, treatment assignment, or evidence of causal channel substitution."
cand-d5522e62fad7,C00007450,AMERICAN GAS ASSOCIATION POLITICAL ACTION COMMITTEE; THE (GASPAC),2005,M9,185999,file:185999,2005-08-01,2005-08-31,2005-09-12,N,true,false,185999,1000.00,0.00,1002.00,https://docquery.fec.gov/cgi-bin/forms/C00007450/185999/,2026-09-12T18:21:15+00:00,historical_affiliation_candidate,"Observed political-committee report-period amounts only; historical affiliation is a bounded actor-link candidate, not principal funding identity, treatment assignment, or evidence of causal channel substitution."
cand-d5522e62fad7,C00007450,AMERICAN GAS ASSOCIATION POLITICAL ACTION COMMITTEE; THE (GASPAC),2005,M10,189835,file:189835,2005-09-01,2005-09-30,2005-10-18,N,true,false,189835,31500.00,0.00,31502.00,https://docquery.fec.gov/cgi-bin/forms/C00007450/189835/,2026-09-12T18:21:15+00:00,historical_affiliation_candidate,"Observed political-committee report-period amounts only; historical affiliation is a bounded actor-link candidate, not principal funding identity, treatment assignment, or evidence of causal channel substitution."
cand-d5522e62fad7,C00007450,AMERICAN GAS ASSOCIATION POLITICAL ACTION COMMITTEE; THE (GASPAC),2005,M11,191500,file:191500,2005-10-01,2005-10-31,2005-11-14,N,true,false,191500,5000.00,0.00,5102.00,https://docquery.fec.gov/cgi-bin/forms/C00007450/191500/,2026-09-12T18:21:15+00:00,historical_affiliation_candidate,"Observed political-committee report-period amounts only; historical affiliation is a bounded actor-link candidate, not principal funding identity, treatment assignment, or evidence of causal channel substitution."
cand-d5522e62fad7,C00007450,AMERICAN GAS ASSOCIATION POLITICAL ACTION COMMITTEE; THE (GASPAC),2005,M12,193480,file:193480,2005-11-01,2005-11-30,2005-12-14,N,true,false,193480,13100.00,0.00,13102.00,https://docquery.fec.gov/cgi-bin/forms/C00007450/193480/,2026-09-12T18:21:15+00:00,historical_affiliation_candidate,"Observed political-committee report-period amounts only; historical affiliation is a bounded actor-link candidate, not principal funding identity, treatment assignment, or evidence of causal channel substitution."
cand-d5522e62fad7,C00007450,AMERICAN GAS ASSOCIATION POLITICAL ACTION COMMITTEE; THE (GASPAC),2005,YE,195858,file:195858,2005-12-01,2005-12-31,2006-01-12,N,true,false,195858,4000.00,0.00,4002.00,https://docquery.fec.gov/cgi-bin/forms/C00007450/195858/,2026-09-12T18:21:15+00:00,historical_affiliation_candidate,"Observed political-committee report-period amounts only; historical affiliation is a bounded actor-link candidate, not principal funding identity, treatment assignment, or evidence of causal channel substitution."
cand-d5522e62fad7,C00007450,AMERICAN GAS ASSOCIATION POLITICAL ACTION COMMITTEE; THE (GASPAC),2006,M2,201515,file:201515,2006-01-01,2006-01-31,2006-02-08,N,true,false,201515,0.00,0.00,2.00,https://docquery.fec.gov/cgi-bin/forms/C00007450/201515/,2026-09-12T18:21:15+00:00,historical_affiliation_candidate,"Observed political-committee report-period amounts only; historical affiliation is a bounded actor-link candidate, not principal funding identity, treatment assignment, or evidence of causal channel substitution."
cand-d5522e62fad7,C00007450,AMERICAN GAS ASSOCIATION POLITICAL ACTION COMMITTEE; THE (GASPAC),2006,M3,206083,file:206083,2006-02-01,2006-02-28,2006-03-13,N,true,false,206083,0.00,0.00,5.00,https://docquery.fec.gov/cgi-bin/forms/C00007450/206083/,2026-09-12T18:21:15+00:00,historical_affiliation_candidate,"Observed political-committee report-period amounts only; historical affiliation is a bounded actor-link candidate, not principal funding identity, treatment assignment, or evidence of causal channel substitution."
cand-d5522e62fad7,C00007450,AMERICAN GAS ASSOCIATION POLITICAL ACTION COMMITTEE; THE (GASPAC),2006,M4,210134,file:210134,2006-03-01,2006-03-31,2006-04-12,N,true,false,210134,21000.00,0.00,21005.00,https://docquery.fec.gov/cgi-bin/forms/C00007450/210134/,2026-09-12T18:21:15+00:00,historical_affiliation_candidate,"Observed political-committee report-period amounts only; historical affiliation is a bounded actor-link candidate, not principal funding identity, treatment assignment, or evidence of causal channel substitution."
cand-d5522e62fad7,C00007450,AMERICAN GAS ASSOCIATION POLITICAL ACTION COMMITTEE; THE (GASPAC),2006,M5,216827,file:216827,2006-04-01,2006-04-30,2006-05-10,N,true,false,216827,20000.00,0.00,20005.00,https://docquery.fec.gov/cgi-bin/forms/C00007450/216827/,2026-09-12T18:21:15+00:00,historical_affiliation_candidate,"Observed political-committee report-period amounts only; historical affiliation is a bounded actor-link candidate, not principal funding identity, treatment assignment, or evidence of causal channel substitution."
cand-d5522e62fad7,C00007450,AMERICAN GAS ASSOCIATION POLITICAL ACTION COMMITTEE; THE (GASPAC),2006,M6,222326,file:222326,2006-05-01,2006-05-31,2006-06-16,N,true,false,222326,22500.00,0.00,22505.00,https://docquery.fec.gov/cgi-bin/forms/C00007450/222326/,2026-09-12T18:21:15+00:00,historical_affiliation_candidate,"Observed political-committee report-period amounts only; historical affiliation is a bounded actor-link candidate, not principal funding identity, treatment assignment, or evidence of causal channel substitution."
cand-d5522e62fad7,C00007450,AMERICAN GAS ASSOCIATION POLITICAL ACTION COMMITTEE; THE (GASPAC),2006,M7,228377,file:228377,2006-06-01,2006-06-30,2006-07-16,N,true,false,228377,31350.00,0.00,31850.00,https://docquery.fec.gov/cgi-bin/forms/C00007450/228377/,2026-09-12T18:21:15+00:00,historical_affiliation_candidate,"Observed political-committee report-period amounts only; historical affiliation is a bounded actor-link candidate, not principal funding identity, treatment assignment, or evidence of causal channel substitution."
cand-d5522e62fad7,C00007450,AMERICAN GAS ASSOCIATION POLITICAL ACTION COMMITTEE; THE (GASPAC),2006,M8,233122,file:233122,2006-07-01,2006-07-31,2006-08-10,N,true,false,233122,16000.00,0.00,16010.00,https://docquery.fec.gov/cgi-bin/forms/C00007450/233122/,2026-09-12T18:21:15+00:00,historical_affiliation_candidate,"Observed political-committee report-period amounts only; historical affiliation is a bounded actor-link candidate, not principal funding identity, treatment assignment, or evidence of causal channel substitution."
cand-d5522e62fad7,C00007450,AMERICAN GAS ASSOCIATION POLITICAL ACTION COMMITTEE; THE (GASPAC),2006,M9,238477,file:238477,2006-08-01,2006-08-31,2006-09-18,N,false,true,238477,6500.00,0.00,6505.00,https://docquery.fec.gov/cgi-bin/forms/C00007450/238477/,2026-09-12T18:21:15+00:00,historical_affiliation_candidate,"Observed political-committee report-period amounts only; historical affiliation is a bounded actor-link candidate, not principal funding identity, treatment assignment, or evidence of causal channel substitution."
cand-d5522e62fad7,C00007450,AMERICAN GAS ASSOCIATION POLITICAL ACTION COMMITTEE; THE (GASPAC),2006,M9,245393,file:245393,2006-08-01,2006-08-31,2006-10-18,A,true,false,238477;245393,6500.00,0.00,6505.00,https://docquery.fec.gov/cgi-bin/forms/C00007450/245393/,2026-09-12T18:21:15+00:00,historical_affiliation_candidate,"Observed political-committee report-period amounts only; historical affiliation is a bounded actor-link candidate, not principal funding identity, treatment assignment, or evidence of causal channel substitution."
cand-d5522e62fad7,C00007450,AMERICAN GAS ASSOCIATION POLITICAL ACTION COMMITTEE; THE (GASPAC),2006,M10,246360,file:246360,2006-09-01,2006-09-30,2006-10-19,N,true,false,246360,50000.00,0.00,50005.00,https://docquery.fec.gov/cgi-bin/forms/C00007450/246360/,2026-09-12T18:21:15+00:00,historical_affiliation_candidate,"Observed political-committee report-period amounts only; historical affiliation is a bounded actor-link candidate, not principal funding identity, treatment assignment, or evidence of causal channel substitution."
cand-d5522e62fad7,C00007450,AMERICAN GAS ASSOCIATION POLITICAL ACTION COMMITTEE; THE (GASPAC),2006,12P,249337,file:249337,2006-10-01,2006-10-18,2006-10-24,N,true,false,249337,0.00,0.00,0.00,https://docquery.fec.gov/cgi-bin/forms/C00007450/249337/,2026-09-12T18:21:15+00:00,historical_affiliation_candidate,"Observed political-committee report-period amounts only; historical affiliation is a bounded actor-link candidate, not principal funding identity, treatment assignment, or evidence of causal channel substitution."
cand-d5522e62fad7,C00007450,AMERICAN GAS ASSOCIATION POLITICAL ACTION COMMITTEE; THE (GASPAC),2006,30G,262365,file:262365,2006-10-19,2006-11-27,2006-12-06,N,true,false,262365,35500.00,0.00,35505.00,https://docquery.fec.gov/cgi-bin/forms/C00007450/262365/,2026-09-12T18:21:15+00:00,historical_affiliation_candidate,"Observed political-committee report-period amounts only; historical affiliation is a bounded actor-link candidate, not principal funding identity, treatment assignment, or evidence of causal channel substitution."
cand-d5522e62fad7,C00007450,AMERICAN GAS ASSOCIATION POLITICAL ACTION COMMITTEE; THE (GASPAC),2006,YE,269683,file:269683,2006-11-28,2006-12-31,2007-01-17,N,true,false,269683,5133.50,0.00,5143.50,https://docquery.fec.gov/cgi-bin/forms/C00007450/269683/,2026-09-12T18:21:15+00:00,historical_affiliation_candidate,"Observed political-committee report-period amounts only; historical affiliation is a bounded actor-link candidate, not principal funding identity, treatment assignment, or evidence of causal channel substitution."
cand-d5522e62fad7,C00007450,AMERICAN GAS ASSOCIATION POLITICAL ACTION COMMITTEE; THE (GASPAC),2007,M2,277715,file:277715,2007-01-01,2007-01-31,2007-02-19,N,true,false,277715,0.00,0.00,5.00,https://docquery.fec.gov/cgi-bin/forms/C00007450/277715/,2026-09-12T18:21:15+00:00,historical_affiliation_candidate,"Observed political-committee report-period amounts only; historical affiliation is a bounded actor-link candidate, not principal funding identity, treatment assignment, or evidence of causal channel substitution."
cand-d5522e62fad7,C00007450,AMERICAN GAS ASSOCIATION POLITICAL ACTION COMMITTEE; THE (GASPAC),2007,M3,281356,file:281356,2007-02-01,2007-02-28,2007-03-19,N,true,false,281356,32500.00,0.00,32505.00,https://docquery.fec.gov/cgi-bin/forms/C00007450/281356/,2026-09-12T18:21:15+00:00,historical_affiliation_candidate,"Observed political-committee report-period amounts only; historical affiliation is a bounded actor-link candidate, not principal funding identity, treatment assignment, or evidence of causal channel substitution."
cand-d5522e62fad7,C00007450,AMERICAN GAS ASSOCIATION POLITICAL ACTION COMMITTEE; THE (GASPAC),2007,M4,284274,file:284274,2007-03-01,2007-03-31,2007-04-13,N,true,false,284274,28500.00,0.00,29505.00,https://docquery.fec.gov/cgi-bin/forms/C00007450/284274/,2026-09-12T18:21:15+00:00,historical_affiliation_candidate,"Observed political-committee report-period amounts only; historical affiliation is a bounded actor-link candidate, not principal funding identity, treatment assignment, or evidence of causal channel substitution."
cand-d5522e62fad7,C00007450,AMERICAN GAS ASSOCIATION POLITICAL ACTION COMMITTEE; THE (GASPAC),2007,M5,288733,file:288733,2007-04-01,2007-04-30,2007-05-17,N,true,false,288733,27000.00,0.00,27005.00,https://docquery.fec.gov/cgi-bin/forms/C00007450/288733/,2026-09-12T18:21:15+00:00,historical_affiliation_candidate,"Observed political-committee report-period amounts only; historical affiliation is a bounded actor-link candidate, not principal funding identity, treatment assignment, or evidence of causal channel substitution."
cand-d5522e62fad7,C00007450,AMERICAN GAS ASSOCIATION POLITICAL ACTION COMMITTEE; THE (GASPAC),2007,M6,290859,file:290859,2007-05-01,2007-05-31,2007-06-14,N,true,false,290859,29500.00,0.00,29505.00,https://docquery.fec.gov/cgi-bin/forms/C00007450/290859/,2026-09-12T18:21:15+00:00,historical_affiliation_candidate,"Observed political-committee report-period amounts only; historical affiliation is a bounded actor-link candidate, not principal funding identity, treatment assignment, or evidence of causal channel substitution."
cand-d5522e62fad7,C00007450,AMERICAN GAS ASSOCIATION POLITICAL ACTION COMMITTEE; THE (GASPAC),2007,M7,293477,file:293477,2007-06-01,2007-06-30,2007-07-11,N,true,false,293477,23000.00,0.00,23005.00,https://docquery.fec.gov/cgi-bin/forms/C00007450/293477/,2026-09-12T18:21:15+00:00,historical_affiliation_candidate,"Observed political-committee report-period amounts only; historical affiliation is a bounded actor-link candidate, not principal funding identity, treatment assignment, or evidence of causal channel substitution."
cand-d5522e62fad7,C00007450,AMERICAN GAS ASSOCIATION POLITICAL ACTION COMMITTEE; THE (GASPAC),2007,M8,301541,file:301541,2007-07-01,2007-07-31,2007-08-18,N,true,false,301541,10500.00,0.00,10505.00,https://docquery.fec.gov/cgi-bin/forms/C00007450/301541/,2026-09-12T18:21:15+00:00,historical_affiliation_candidate,"Observed political-committee report-period amounts only; historical affiliation is a bounded actor-link candidate, not principal funding identity, treatment assignment, or evidence of causal channel substitution."
cand-d5522e62fad7,C00007450,AMERICAN GAS ASSOCIATION POLITICAL ACTION COMMITTEE; THE (GASPAC),2007,M9,303479,file:303479,2007-08-01,2007-08-31,2007-09-17,N,true,false,303479,2000.00,0.00,2005.00,https://docquery.fec.gov/cgi-bin/forms/C00007450/303479/,2026-09-12T18:21:15+00:00,historical_affiliation_candidate,"Observed political-committee report-period amounts only; historical affiliation is a bounded actor-link candidate, not principal funding identity, treatment assignment, or evidence of causal channel substitution."
cand-d5522e62fad7,C00007450,AMERICAN GAS ASSOCIATION POLITICAL ACTION COMMITTEE; THE (GASPAC),2007,M10,307701,file:307701,2007-09-01,2007-09-30,2007-10-16,N,true,false,307701,9250.00,0.00,9255.00,https://docquery.fec.gov/cgi-bin/forms/C00007450/307701/,2026-09-12T18:21:15+00:00,historical_affiliation_candidate,"Observed political-committee report-period amounts only; historical affiliation is a bounded actor-link candidate, not principal funding identity, treatment assignment, or evidence of causal channel substitution."
cand-d5522e62fad7,C00007450,AMERICAN GAS ASSOCIATION POLITICAL ACTION COMMITTEE; THE (GASPAC),2007,M11,311036,file:311036,2007-10-01,2007-10-31,2007-11-19,N,true,false,311036,23500.00,0.00,23505.00,https://docquery.fec.gov/cgi-bin/forms/C00007450/311036/,2026-09-12T18:21:15+00:00,historical_affiliation_candidate,"Observed political-committee report-period amounts only; historical affiliation is a bounded actor-link candidate, not principal funding identity, treatment assignment, or evidence of causal channel substitution."
cand-d5522e62fad7,C00007450,AMERICAN GAS ASSOCIATION POLITICAL ACTION COMMITTEE; THE (GASPAC),2007,M12,312853,file:312853,2007-11-01,2007-11-30,2007-12-14,N,true,false,312853,12500.00,0.00,12505.00,https://docquery.fec.gov/cgi-bin/forms/C00007450/312853/,2026-09-12T18:21:15+00:00,historical_affiliation_candidate,"Observed political-committee report-period amounts only; historical affiliation is a bounded actor-link candidate, not principal funding identity, treatment assignment, or evidence of causal channel substitution."
cand-d5522e62fad7,C00007450,AMERICAN GAS ASSOCIATION POLITICAL ACTION COMMITTEE; THE (GASPAC),2007,YE,320694,file:320694,2007-12-01,2007-12-31,2008-02-01,N,true,false,320694,8500.00,0.00,8505.00,https://docquery.fec.gov/cgi-bin/forms/C00007450/320694/,2026-09-12T18:21:15+00:00,historical_affiliation_candidate,"Observed political-committee report-period amounts only; historical affiliation is a bounded actor-link candidate, not principal funding identity, treatment assignment, or evidence of causal channel substitution."
cand-d5522e62fad7,C00007450,AMERICAN GAS ASSOCIATION POLITICAL ACTION COMMITTEE; THE (GASPAC),2008,M2,322652,file:322652,2008-01-01,2008-01-31,2008-02-15,N,true,false,322652,1000.00,0.00,1005.00,https://docquery.fec.gov/cgi-bin/forms/C00007450/322652/,2026-09-12T18:21:15+00:00,historical_affiliation_candidate,"Observed political-committee report-period amounts only; historical affiliation is a bounded actor-link candidate, not principal funding identity, treatment assignment, or evidence of causal channel substitution."
cand-d5522e62fad7,C00007450,AMERICAN GAS ASSOCIATION POLITICAL ACTION COMMITTEE; THE (GASPAC),2008,M3,327133,file:327133,2008-02-01,2008-02-29,2008-03-18,N,false,true,327133,19500.00,0.00,19505.00,https://docquery.fec.gov/cgi-bin/forms/C00007450/327133/,2026-09-12T18:21:15+00:00,historical_affiliation_candidate,"Observed political-committee report-period amounts only; historical affiliation is a bounded actor-link candidate, not principal funding identity, treatment assignment, or evidence of causal channel substitution."
cand-d5522e62fad7,C00007450,AMERICAN GAS ASSOCIATION POLITICAL ACTION COMMITTEE; THE (GASPAC),2008,M3,346562,file:346562,2008-02-01,2008-02-29,2008-06-30,A,true,false,327133;346562,19500.00,0.00,19505.00,https://docquery.fec.gov/cgi-bin/forms/C00007450/346562/,2026-09-12T18:21:15+00:00,historical_affiliation_candidate,"Observed political-committee report-period amounts only; historical affiliation is a bounded actor-link candidate, not principal funding identity, treatment assignment, or evidence of causal channel substitution."
cand-d5522e62fad7,C00007450,AMERICAN GAS ASSOCIATION POLITICAL ACTION COMMITTEE; THE (GASPAC),2008,M3,,image:28039750585,2008-02-01,2008-02-29,2008-06-16,A,none,true,,,,,https://docquery.fec.gov/pdf/585/28039750585/28039750585.pdf,2026-09-12T18:21:15+00:00,historical_affiliation_candidate,"Observed political-committee report-period amounts only; historical affiliation is a bounded actor-link candidate, not principal funding identity, treatment assignment, or evidence of causal channel substitution."
cand-d5522e62fad7,C00007450,AMERICAN GAS ASSOCIATION POLITICAL ACTION COMMITTEE; THE (GASPAC),2008,M4,331666,file:331666,2008-03-01,2008-03-31,2008-04-14,N,true,false,331666,21500.00,0.00,21505.00,https://docquery.fec.gov/cgi-bin/forms/C00007450/331666/,2026-09-12T18:21:15+00:00,historical_affiliation_candidate,"Observed political-committee report-period amounts only; historical affiliation is a bounded actor-link candidate, not principal funding identity, treatment assignment, or evidence of causal channel substitution."
cand-d5522e62fad7,C00007450,AMERICAN GAS ASSOCIATION POLITICAL ACTION COMMITTEE; THE (GASPAC),2008,M5,339721,file:339721,2008-04-01,2008-04-30,2008-05-19,N,true,false,339721,15000.00,0.00,15005.00,https://docquery.fec.gov/cgi-bin/forms/C00007450/339721/,2026-09-12T18:21:15+00:00,historical_affiliation_candidate,"Observed political-committee report-period amounts only; historical affiliation is a bounded actor-link candidate, not principal funding identity, treatment assignment, or evidence of causal channel substitution."
cand-d5522e62fad7,C00007450,AMERICAN GAS ASSOCIATION POLITICAL ACTION COMMITTEE; THE (GASPAC),2008,M6,345419,file:345419,2008-05-01,2008-05-31,2008-06-19,N,true,false,345419,44000.00,0.00,44540.00,https://docquery.fec.gov/cgi-bin/forms/C00007450/345419/,2026-09-12T18:21:15+00:00,historical_affiliation_candidate,"Observed political-committee report-period amounts only; historical affiliation is a bounded actor-link candidate, not principal funding identity, treatment assignment, or evidence of causal channel substitution."
cand-d5522e62fad7,C00007450,AMERICAN GAS ASSOCIATION POLITICAL ACTION COMMITTEE; THE (GASPAC),2008,M7,350952,file:350952,2008-06-01,2008-06-30,2008-07-15,N,true,false,350952,17000.00,0.00,17005.00,https://docquery.fec.gov/cgi-bin/forms/C00007450/350952/,2026-09-12T18:21:15+00:00,historical_affiliation_candidate,"Observed political-committee report-period amounts only; historical affiliation is a bounded actor-link candidate, not principal funding identity, treatment assignment, or evidence of causal channel substitution."
cand-d5522e62fad7,C00007450,AMERICAN GAS ASSOCIATION POLITICAL ACTION COMMITTEE; THE (GASPAC),2008,M8,358472,file:358472,2008-07-01,2008-07-31,2008-08-20,N,true,false,358472,16500.00,0.00,16505.00,https://docquery.fec.gov/cgi-bin/forms/C00007450/358472/,2026-09-12T18:21:15+00:00,historical_affiliation_candidate,"Observed political-committee report-period amounts only; historical affiliation is a bounded actor-link candidate, not principal funding identity, treatment assignment, or evidence of causal channel substitution."
cand-d5522e62fad7,C00007450,AMERICAN GAS ASSOCIATION POLITICAL ACTION COMMITTEE; THE (GASPAC),2008,M9,363084,file:363084,2008-08-01,2008-08-31,2008-09-19,N,false,true,363084,2000.00,0.00,2005.00,https://docquery.fec.gov/cgi-bin/forms/C00007450/363084/,2026-09-12T18:21:15+00:00,historical_affiliation_candidate,"Observed political-committee report-period amounts only; historical affiliation is a bounded actor-link candidate, not principal funding identity, treatment assignment, or evidence of causal channel substitution."
cand-d5522e62fad7,C00007450,AMERICAN GAS ASSOCIATION POLITICAL ACTION COMMITTEE; THE (GASPAC),2008,M9,371095,file:371095,2008-08-01,2008-08-31,2008-10-17,A,true,false,363084;371095,2000.00,0.00,2005.00,https://docquery.fec.gov/cgi-bin/forms/C00007450/371095/,2026-09-12T18:21:15+00:00,historical_affiliation_candidate,"Observed political-committee report-period amounts only; historical affiliation is a bounded actor-link candidate, not principal funding identity, treatment assignment, or evidence of causal channel substitution."
cand-d5522e62fad7,C00007450,AMERICAN GAS ASSOCIATION POLITICAL ACTION COMMITTEE; THE (GASPAC),2008,M10,371104,file:371104,2008-09-01,2008-09-30,2008-10-17,N,true,false,371104,25500.00,0.00,25505.00,https://docquery.fec.gov/cgi-bin/forms/C00007450/371104/,2026-09-12T18:21:15+00:00,historical_affiliation_candidate,"Observed political-committee report-period amounts only; historical affiliation is a bounded actor-link candidate, not principal funding identity, treatment assignment, or evidence of causal channel substitution."
cand-d5522e62fad7,C00007450,AMERICAN GAS ASSOCIATION POLITICAL ACTION COMMITTEE; THE (GASPAC),2008,12G,372233,file:372233,2008-10-01,2008-10-15,2008-10-20,N,true,false,372233,5000.00,0.00,5000.00,https://docquery.fec.gov/cgi-bin/forms/C00007450/372233/,2026-09-12T18:21:15+00:00,historical_affiliation_candidate,"Observed political-committee report-period amounts only; historical affiliation is a bounded actor-link candidate, not principal funding identity, treatment assignment, or evidence of causal channel substitution."
cand-d5522e62fad7,C00007450,AMERICAN GAS ASSOCIATION POLITICAL ACTION COMMITTEE; THE (GASPAC),2008,30G,386059,file:386059,2008-10-16,2008-11-24,2008-11-26,N,true,false,386059,27000.00,0.00,27000.00,https://docquery.fec.gov/cgi-bin/forms/C00007450/386059/,2026-09-12T18:21:15+00:00,historical_affiliation_candidate,"Observed political-committee report-period amounts only; historical affiliation is a bounded actor-link candidate, not principal funding identity, treatment assignment, or evidence of causal channel substitution."
cand-d5522e62fad7,C00007450,AMERICAN GAS ASSOCIATION POLITICAL ACTION COMMITTEE; THE (GASPAC),2008,YE,395436,file:395436,2008-11-25,2008-12-31,2009-01-14,N,true,false,395436,-4000.00,0.00,-3985.00,https://docquery.fec.gov/cgi-bin/forms/C00007450/395436/,2026-09-12T18:21:15+00:00,historical_affiliation_candidate,"Observed political-committee report-period amounts only; historical affiliation is a bounded actor-link candidate, not principal funding identity, treatment assignment, or evidence of causal channel substitution."
cand-f7178708cc78,C00024521,ASSOCIATION OF TRIAL LAWYERS OF AMERICA POLITICAL ACTION COMMITTEE,2003,MY,90878,file:90878,2003-01-01,2003-06-30,2003-07-17,N,false,true,90878,841625.00,0.00,1830329.52,https://docquery.fec.gov/cgi-bin/forms/C00024521/90878/,2026-09-12T19:06:23+00:00,historical_affiliation_candidate,"Observed political-committee report-period amounts only; historical affiliation is a bounded actor-link candidate, not principal funding identity, treatment assignment, or evidence of causal channel substitution."
cand-f7178708cc78,C00024521,ASSOCIATION OF TRIAL LAWYERS OF AMERICA POLITICAL ACTION COMMITTEE,2003,MY,99858,file:99858,2003-01-01,2003-06-30,2003-11-18,A,true,false,90878;99858,841625.00,0.00,1830246.19,https://docquery.fec.gov/cgi-bin/forms/C00024521/99858/,2026-09-12T19:06:23+00:00,historical_affiliation_candidate,"Observed political-committee report-period amounts only; historical affiliation is a bounded actor-link candidate, not principal funding identity, treatment assignment, or evidence of causal channel substitution."
cand-f7178708cc78,C00024521,ASSOCIATION OF TRIAL LAWYERS OF AMERICA POLITICAL ACTION COMMITTEE,2003,YE,105304,file:105304,2003-07-01,2003-12-31,2004-01-28,N,true,false,105304,608500.00,0.00,1203683.61,https://docquery.fec.gov/cgi-bin/forms/C00024521/105304/,2026-09-12T19:06:23+00:00,historical_affiliation_candidate,"Observed political-committee report-period amounts only; historical affiliation is a bounded actor-link candidate, not principal funding identity, treatment assignment, or evidence of causal channel substitution."
cand-f7178708cc78,C00024521,ASSOCIATION OF TRIAL LAWYERS OF AMERICA POLITICAL ACTION COMMITTEE,2004,M2,108867,file:108867,2004-01-01,2004-01-31,2004-02-19,N,true,false,108867,27500.00,0.00,90020.57,https://docquery.fec.gov/cgi-bin/forms/C00024521/108867/,2026-09-12T19:06:23+00:00,historical_affiliation_candidate,"Observed political-committee report-period amounts only; historical affiliation is a bounded actor-link candidate, not principal funding identity, treatment assignment, or evidence of causal channel substitution."
cand-f7178708cc78,C00024521,ASSOCIATION OF TRIAL LAWYERS OF AMERICA POLITICAL ACTION COMMITTEE,2004,M3,112298,file:112298,2004-02-01,2004-02-29,2004-03-19,N,true,false,112298,130000.00,0.00,143399.30,https://docquery.fec.gov/cgi-bin/forms/C00024521/112298/,2026-09-12T19:06:23+00:00,historical_affiliation_candidate,"Observed political-committee report-period amounts only; historical affiliation is a bounded actor-link candidate, not principal funding identity, treatment assignment, or evidence of causal channel substitution."
cand-f7178708cc78,C00024521,ASSOCIATION OF TRIAL LAWYERS OF AMERICA POLITICAL ACTION COMMITTEE,2004,M4,117497,file:117497,2004-03-01,2004-03-31,2004-04-19,N,true,false,117497,318500.00,0.00,356124.15,https://docquery.fec.gov/cgi-bin/forms/C00024521/117497/,2026-09-12T19:06:23+00:00,historical_affiliation_candidate,"Observed political-committee report-period amounts only; historical affiliation is a bounded actor-link candidate, not principal funding identity, treatment assignment, or evidence of causal channel substitution."
cand-f7178708cc78,C00024521,ASSOCIATION OF TRIAL LAWYERS OF AMERICA POLITICAL ACTION COMMITTEE,2004,M5,118948,file:118948,2004-04-01,2004-04-30,2004-05-06,N,true,false,118948,72000.00,0.00,79729.49,https://docquery.fec.gov/cgi-bin/forms/C00024521/118948/,2026-09-12T19:06:23+00:00,historical_affiliation_candidate,"Observed political-committee report-period amounts only; historical affiliation is a bounded actor-link candidate, not principal funding identity, treatment assignment, or evidence of causal channel substitution."
cand-f7178708cc78,C00024521,ASSOCIATION OF TRIAL LAWYERS OF AMERICA POLITICAL ACTION COMMITTEE,2004,M6,122735,file:122735,2004-05-01,2004-05-31,2004-06-16,N,true,false,122735,131500.00,0.00,331577.15,https://docquery.fec.gov/cgi-bin/forms/C00024521/122735/,2026-09-12T19:06:23+00:00,historical_affiliation_candidate,"Observed political-committee report-period amounts only; historical affiliation is a bounded actor-link candidate, not principal funding identity, treatment assignment, or evidence of causal channel substitution."
cand-f7178708cc78,C00024521,ASSOCIATION OF TRIAL LAWYERS OF AMERICA POLITICAL ACTION COMMITTEE,2004,M7,128373,file:128373,2004-06-01,2004-06-30,2004-07-19,N,true,false,128373,225000.00,0.00,415445.02,https://docquery.fec.gov/cgi-bin/forms/C00024521/128373/,2026-09-12T19:06:23+00:00,historical_affiliation_candidate,"Observed political-committee report-period amounts only; historical affiliation is a bounded actor-link candidate, not principal funding identity, treatment assignment, or evidence of causal channel substitution."
cand-f7178708cc78,C00024521,ASSOCIATION OF TRIAL LAWYERS OF AMERICA POLITICAL ACTION COMMITTEE,2004,M8,131092,file:131092,2004-07-01,2004-07-31,2004-08-15,N,true,false,131092,132500.00,0.00,272907.26,https://docquery.fec.gov/cgi-bin/forms/C00024521/131092/,2026-09-12T19:06:23+00:00,historical_affiliation_candidate,"Observed political-committee report-period amounts only; historical affiliation is a bounded actor-link candidate, not principal funding identity, treatment assignment, or evidence of causal channel substitution."
cand-f7178708cc78,C00024521,ASSOCIATION OF TRIAL LAWYERS OF AMERICA POLITICAL ACTION COMMITTEE,2004,M9,135473,file:135473,2004-08-01,2004-08-31,2004-09-20,N,false,true,135473,135500.00,0.00,197477.83,https://docquery.fec.gov/cgi-bin/forms/C00024521/135473/,2026-09-12T19:06:23+00:00,historical_affiliation_candidate,"Observed political-committee report-period amounts only; historical affiliation is a bounded actor-link candidate, not principal funding identity, treatment assignment, or evidence of causal channel substitution."
cand-f7178708cc78,C00024521,ASSOCIATION OF TRIAL LAWYERS OF AMERICA POLITICAL ACTION COMMITTEE,2004,M9,148410,file:148410,2004-08-01,2004-08-31,2004-10-27,A,true,false,135473;148410,133500.00,0.00,195477.83,https://docquery.fec.gov/cgi-bin/forms/C00024521/148410/,2026-09-12T19:06:23+00:00,historical_affiliation_candidate,"Observed political-committee report-period amounts only; historical affiliation is a bounded actor-link candidate, not principal funding identity, treatment assignment, or evidence of causal channel substitution."
cand-f7178708cc78,C00024521,ASSOCIATION OF TRIAL LAWYERS OF AMERICA POLITICAL ACTION COMMITTEE,2004,M10,140349,file:140349,2004-09-01,2004-09-30,2004-10-15,N,true,false,140349,300500.00,0.00,782955.85,https://docquery.fec.gov/cgi-bin/forms/C00024521/140349/,2026-09-12T19:06:23+00:00,historical_affiliation_candidate,"Observed political-committee report-period amounts only; historical affiliation is a bounded actor-link candidate, not principal funding identity, treatment assignment, or evidence of causal channel substitution."
cand-f7178708cc78,C00024521,ASSOCIATION OF TRIAL LAWYERS OF AMERICA POLITICAL ACTION COMMITTEE,2004,12G,140428,file:140428,2004-10-01,2004-10-13,2004-10-15,N,true,false,140428,40000.00,0.00,88653.07,https://docquery.fec.gov/cgi-bin/forms/C00024521/140428/,2026-09-12T19:06:23+00:00,historical_affiliation_candidate,"Observed political-committee report-period amounts only; historical affiliation is a bounded actor-link candidate, not principal funding identity, treatment assignment, or evidence of causal channel substitution."
cand-f7178708cc78,C00024521,ASSOCIATION OF TRIAL LAWYERS OF AMERICA POLITICAL ACTION COMMITTEE,2004,30G,153745,file:153745,2004-10-14,2004-11-22,2004-12-01,N,true,false,153745,179000.00,0.00,653022.96,https://docquery.fec.gov/cgi-bin/forms/C00024521/153745/,2026-09-12T19:06:23+00:00,historical_affiliation_candidate,"Observed political-committee report-period amounts only; historical affiliation is a bounded actor-link candidate, not principal funding identity, treatment assignment, or evidence of causal channel substitution."
cand-f7178708cc78,C00024521,ASSOCIATION OF TRIAL LAWYERS OF AMERICA POLITICAL ACTION COMMITTEE,2004,YE,161740,file:161740,2004-11-23,2004-12-31,2005-01-28,N,true,false,161740,18500.00,0.00,38910.40,https://docquery.fec.gov/cgi-bin/forms/C00024521/161740/,2026-09-12T19:06:23+00:00,historical_affiliation_candidate,"Observed political-committee report-period amounts only; historical affiliation is a bounded actor-link candidate, not principal funding identity, treatment assignment, or evidence of causal channel substitution."
cand-f7178708cc78,C00024521,AMERICAN ASSOCIATION FOR JUSTICE POLITICAL ACTION COMMITTEE (AAJ PAC),2005,M2,165321,file:165321,2005-01-01,2005-01-31,2005-02-17,N,true,false,165321,15000.00,0.00,285563.56,https://docquery.fec.gov/cgi-bin/forms/C00024521/165321/,2026-09-12T19:06:23+00:00,historical_affiliation_candidate,"Observed political-committee report-period amounts only; historical affiliation is a bounded actor-link candidate, not principal funding identity, treatment assignment, or evidence of causal channel substitution."
cand-f7178708cc78,C00024521,AMERICAN ASSOCIATION FOR JUSTICE POLITICAL ACTION COMMITTEE (AAJ PAC),2005,M3,167861,file:167861,2005-02-01,2005-02-28,2005-03-17,N,true,false,167861,94500.00,0.00,231172.73,https://docquery.fec.gov/cgi-bin/forms/C00024521/167861/,2026-09-12T19:06:23+00:00,historical_affiliation_candidate,"Observed political-committee report-period amounts only; historical affiliation is a bounded actor-link candidate, not principal funding identity, treatment assignment, or evidence of causal channel substitution."
cand-f7178708cc78,C00024521,AMERICAN ASSOCIATION FOR JUSTICE POLITICAL ACTION COMMITTEE (AAJ PAC),2005,M4,171818,file:171818,2005-03-01,2005-03-31,2005-04-19,N,false,true,171818,239500.00,0.00,376267.73,https://docquery.fec.gov/cgi-bin/forms/C00024521/171818/,2026-09-12T19:06:23+00:00,historical_affiliation_candidate,"Observed political-committee report-period amounts only; historical affiliation is a bounded actor-link candidate, not principal funding identity, treatment assignment, or evidence of causal channel substitution."
cand-f7178708cc78,C00024521,AMERICAN ASSOCIATION FOR JUSTICE POLITICAL ACTION COMMITTEE (AAJ PAC),2005,M4,174413,file:174413,2005-03-01,2005-03-31,2005-05-18,A,true,false,171818;174413,227000.00,0.00,363767.73,https://docquery.fec.gov/cgi-bin/forms/C00024521/174413/,2026-09-12T19:06:23+00:00,historical_affiliation_candidate,"Observed political-committee report-period amounts only; historical affiliation is a bounded actor-link candidate, not principal funding identity, treatment assignment, or evidence of causal channel substitution."
cand-f7178708cc78,C00024521,AMERICAN ASSOCIATION FOR JUSTICE POLITICAL ACTION COMMITTEE (AAJ PAC),2005,M5,174425,file:174425,2005-04-01,2005-04-30,2005-05-18,N,true,false,174425,154500.00,0.00,290274.45,https://docquery.fec.gov/cgi-bin/forms/C00024521/174425/,2026-09-12T19:06:23+00:00,historical_affiliation_candidate,"Observed political-committee report-period amounts only; historical affiliation is a bounded actor-link candidate, not principal funding identity, treatment assignment, or evidence of causal channel substitution."
cand-f7178708cc78,C00024521,AMERICAN ASSOCIATION FOR JUSTICE POLITICAL ACTION COMMITTEE (AAJ PAC),2005,M6,176907,file:176907,2005-05-01,2005-05-31,2005-06-20,N,true,false,176907,151500.00,0.00,336713.69,https://docquery.fec.gov/cgi-bin/forms/C00024521/176907/,2026-09-12T19:06:23+00:00,historical_affiliation_candidate,"Observed political-committee report-period amounts only; historical affiliation is a bounded actor-link candidate, not principal funding identity, treatment assignment, or evidence of causal channel substitution."
cand-f7178708cc78,C00024521,AMERICAN ASSOCIATION FOR JUSTICE POLITICAL ACTION COMMITTEE (AAJ PAC),2005,M7,178648,file:178648,2005-06-01,2005-06-30,2005-07-11,N,false,true,178648,192500.00,0.00,325626.74,https://docquery.fec.gov/cgi-bin/forms/C00024521/178648/,2026-09-12T19:06:23+00:00,historical_affiliation_candidate,"Observed political-committee report-period amounts only; historical affiliation is a bounded actor-link candidate, not principal funding identity, treatment assignment, or evidence of causal channel substitution."
cand-f7178708cc78,C00024521,AMERICAN ASSOCIATION FOR JUSTICE POLITICAL ACTION COMMITTEE (AAJ PAC),2005,M7,184332,file:184332,2005-06-01,2005-06-30,2005-08-16,A,true,false,178648;184332,192500.00,0.00,325626.74,https://docquery.fec.gov/cgi-bin/forms/C00024521/184332/,2026-09-12T19:06:23+00:00,historical_affiliation_candidate,"Observed political-committee report-period amounts only; historical affiliation is a bounded actor-link candidate, not principal funding identity, treatment assignment, or evidence of causal channel substitution."
cand-f7178708cc78,C00024521,AMERICAN ASSOCIATION FOR JUSTICE POLITICAL ACTION COMMITTEE (AAJ PAC),2005,M8,184373,file:184373,2005-07-01,2005-07-31,2005-08-16,N,true,false,184373,15500.00,0.00,173468.56,https://docquery.fec.gov/cgi-bin/forms/C00024521/184373/,2026-09-12T19:06:23+00:00,historical_affiliation_candidate,"Observed political-committee report-period amounts only; historical affiliation is a bounded actor-link candidate, not principal funding identity, treatment assignment, or evidence of causal channel substitution."
cand-f7178708cc78,C00024521,AMERICAN ASSOCIATION FOR JUSTICE POLITICAL ACTION COMMITTEE (AAJ PAC),2005,M9,186877,file:186877,2005-08-01,2005-08-31,2005-09-20,N,true,false,186877,3500.00,0.00,15184.53,https://docquery.fec.gov/cgi-bin/forms/C00024521/186877/,2026-09-12T19:06:23+00:00,historical_affiliation_candidate,"Observed political-committee report-period amounts only; historical affiliation is a bounded actor-link candidate, not principal funding identity, treatment assignment, or evidence of causal channel substitution."
cand-f7178708cc78,C00024521,AMERICAN ASSOCIATION FOR JUSTICE POLITICAL ACTION COMMITTEE (AAJ PAC),2005,M10,190134,file:190134,2005-09-01,2005-09-30,2005-10-19,N,true,false,190134,379000.00,0.00,408339.21,https://docquery.fec.gov/cgi-bin/forms/C00024521/190134/,2026-09-12T19:06:23+00:00,historical_affiliation_candidate,"Observed political-committee report-period amounts only; historical affiliation is a bounded actor-link candidate, not principal funding identity, treatment assignment, or evidence of causal channel substitution."
cand-f7178708cc78,C00024521,AMERICAN ASSOCIATION FOR JUSTICE POLITICAL ACTION COMMITTEE (AAJ PAC),2005,M11,192143,file:192143,2005-10-01,2005-10-31,2005-11-18,N,false,true,192143,53000.00,0.00,65144.35,https://docquery.fec.gov/cgi-bin/forms/C00024521/192143/,2026-09-12T19:06:23+00:00,historical_affiliation_candidate,"Observed political-committee report-period amounts only; historical affiliation is a bounded actor-link candidate, not principal funding identity, treatment assignment, or evidence of causal channel substitution."
cand-f7178708cc78,C00024521,AMERICAN ASSOCIATION FOR JUSTICE POLITICAL ACTION COMMITTEE (AAJ PAC),2005,M11,194256,file:194256,2005-10-01,2005-10-31,2005-12-20,A,true,false,192143;194256,53000.00,0.00,65184.27,https://docquery.fec.gov/cgi-bin/forms/C00024521/194256/,2026-09-12T19:06:23+00:00,historical_affiliation_candidate,"Observed political-committee report-period amounts only; historical affiliation is a bounded actor-link candidate, not principal funding identity, treatment assignment, or evidence of causal channel substitution."
cand-f7178708cc78,C00024521,AMERICAN ASSOCIATION FOR JUSTICE POLITICAL ACTION COMMITTEE (AAJ PAC),2005,M12,194277,file:194277,2005-11-01,2005-11-30,2005-12-20,N,true,false,194277,114000.00,0.00,169662.31,https://docquery.fec.gov/cgi-bin/forms/C00024521/194277/,2026-09-12T19:06:23+00:00,historical_affiliation_candidate,"Observed political-committee report-period amounts only; historical affiliation is a bounded actor-link candidate, not principal funding identity, treatment assignment, or evidence of causal channel substitution."
cand-f7178708cc78,C00024521,AMERICAN ASSOCIATION FOR JUSTICE POLITICAL ACTION COMMITTEE (AAJ PAC),2005,YE,198774,file:198774,2005-12-01,2005-12-31,2006-01-30,N,true,false,198774,242500.00,0.00,309287.51,https://docquery.fec.gov/cgi-bin/forms/C00024521/198774/,2026-09-12T19:06:23+00:00,historical_affiliation_candidate,"Observed political-committee report-period amounts only; historical affiliation is a bounded actor-link candidate, not principal funding identity, treatment assignment, or evidence of causal channel substitution."
cand-f7178708cc78,C00024521,AMERICAN ASSOCIATION FOR JUSTICE POLITICAL ACTION COMMITTEE (AAJ PAC),2006,M2,202780,file:202780,2006-01-01,2006-01-31,2006-02-17,N,true,false,202780,17500.00,0.00,44364.15,https://docquery.fec.gov/cgi-bin/forms/C00024521/202780/,2026-09-12T19:06:23+00:00,historical_affiliation_candidate,"Observed political-committee report-period amounts only; historical affiliation is a bounded actor-link candidate, not principal funding identity, treatment assignment, or evidence of causal channel substitution."
cand-f7178708cc78,C00024521,AMERICAN ASSOCIATION FOR JUSTICE POLITICAL ACTION COMMITTEE (AAJ PAC),2006,M3,206457,file:206457,2006-02-01,2006-02-28,2006-03-15,N,false,true,206457,64000.00,0.00,96028.21,https://docquery.fec.gov/cgi-bin/forms/C00024521/206457/,2026-09-12T19:06:23+00:00,historical_affiliation_candidate,"Observed political-committee report-period amounts only; historical affiliation is a bounded actor-link candidate, not principal funding identity, treatment assignment, or evidence of causal channel substitution."
cand-f7178708cc78,C00024521,AMERICAN ASSOCIATION FOR JUSTICE POLITICAL ACTION COMMITTEE (AAJ PAC),2006,M3,207661,file:207661,2006-02-01,2006-02-28,2006-03-21,A,true,false,206457;207661,64000.00,0.00,96028.21,https://docquery.fec.gov/cgi-bin/forms/C00024521/207661/,2026-09-12T19:06:23+00:00,historical_affiliation_candidate,"Observed political-committee report-period amounts only; historical affiliation is a bounded actor-link candidate, not principal funding identity, treatment assignment, or evidence of causal channel substitution."
cand-f7178708cc78,C00024521,AMERICAN ASSOCIATION FOR JUSTICE POLITICAL ACTION COMMITTEE (AAJ PAC),2006,M4,213708,file:213708,2006-03-01,2006-03-31,2006-04-20,N,true,false,213708,430000.00,0.00,434955.69,https://docquery.fec.gov/cgi-bin/forms/C00024521/213708/,2026-09-12T19:06:23+00:00,historical_affiliation_candidate,"Observed political-committee report-period amounts only; historical affiliation is a bounded actor-link candidate, not principal funding identity, treatment assignment, or evidence of causal channel substitution."
cand-f7178708cc78,C00024521,AMERICAN ASSOCIATION FOR JUSTICE POLITICAL ACTION COMMITTEE (AAJ PAC),2006,M5,218034,file:218034,2006-04-01,2006-04-30,2006-05-18,N,true,false,218034,76000.00,0.00,108308.84,https://docquery.fec.gov/cgi-bin/forms/C00024521/218034/,2026-09-12T19:06:23+00:00,historical_affiliation_candidate,"Observed political-committee report-period amounts only; historical affiliation is a bounded actor-link candidate, not principal funding identity, treatment assignment, or evidence of causal channel substitution."
cand-f7178708cc78,C00024521,AMERICAN ASSOCIATION FOR JUSTICE POLITICAL ACTION COMMITTEE (AAJ PAC),2006,M6,222632,file:222632,2006-05-01,2006-05-31,2006-06-19,N,true,false,222632,225000.00,0.00,379938.22,https://docquery.fec.gov/cgi-bin/forms/C00024521/222632/,2026-09-12T19:06:23+00:00,historical_affiliation_candidate,"Observed political-committee report-period amounts only; historical affiliation is a bounded actor-link candidate, not principal funding identity, treatment assignment, or evidence of causal channel substitution."
cand-f7178708cc78,C00024521,AMERICAN ASSOCIATION FOR JUSTICE POLITICAL ACTION COMMITTEE (AAJ PAC),2006,M7,229566,file:229566,2006-06-01,2006-06-30,2006-07-20,N,true,false,229566,283000.00,0.00,347286.34,https://docquery.fec.gov/cgi-bin/forms/C00024521/229566/,2026-09-12T19:06:23+00:00,historical_affiliation_candidate,"Observed political-committee report-period amounts only; historical affiliation is a bounded actor-link candidate, not principal funding identity, treatment assignment, or evidence of causal channel substitution."
cand-f7178708cc78,C00024521,AMERICAN ASSOCIATION FOR JUSTICE POLITICAL ACTION COMMITTEE (AAJ PAC),2006,M8,233195,file:233195,2006-07-01,2006-07-31,2006-08-10,N,true,false,233195,102000.00,0.00,102235.25,https://docquery.fec.gov/cgi-bin/forms/C00024521/233195/,2026-09-12T19:06:23+00:00,historical_affiliation_candidate,"Observed political-committee report-period amounts only; historical affiliation is a bounded actor-link candidate, not principal funding identity, treatment assignment, or evidence of causal channel substitution."
cand-f7178708cc78,C00024521,AMERICAN ASSOCIATION FOR JUSTICE POLITICAL ACTION COMMITTEE (AAJ PAC),2006,M9,239039,file:239039,2006-08-01,2006-08-31,2006-09-20,N,true,false,239039,22500.00,0.00,138114.03,https://docquery.fec.gov/cgi-bin/forms/C00024521/239039/,2026-09-12T19:06:23+00:00,historical_affiliation_candidate,"Observed political-committee report-period amounts only; historical affiliation is a bounded actor-link candidate, not principal funding identity, treatment assignment, or evidence of causal channel substitution."
cand-f7178708cc78,C00024521,AMERICAN ASSOCIATION FOR JUSTICE POLITICAL ACTION COMMITTEE (AAJ PAC),2006,M10,245949,file:245949,2006-09-01,2006-09-30,2006-10-19,N,true,false,245949,388000.00,0.00,611076.52,https://docquery.fec.gov/cgi-bin/forms/C00024521/245949/,2026-09-12T19:06:23+00:00,historical_affiliation_candidate,"Observed political-committee report-period amounts only; historical affiliation is a bounded actor-link candidate, not principal funding identity, treatment assignment, or evidence of causal channel substitution."
cand-f7178708cc78,C00024521,AMERICAN ASSOCIATION FOR JUSTICE POLITICAL ACTION COMMITTEE (AAJ PAC),2006,12G,249207,file:249207,2006-10-01,2006-10-18,2006-10-24,N,true,false,249207,37000.00,0.00,787158.75,https://docquery.fec.gov/cgi-bin/forms/C00024521/249207/,2026-09-12T19:06:23+00:00,historical_affiliation_candidate,"Observed political-committee report-period amounts only; historical affiliation is a bounded actor-link candidate, not principal funding identity, treatment assignment, or evidence of causal channel substitution."
cand-f7178708cc78,C00024521,AMERICAN ASSOCIATION FOR JUSTICE POLITICAL ACTION COMMITTEE (AAJ PAC),2006,12G,,image:26039250510,2006-10-01,2006-10-18,2006-10-24,A,none,true,,,,,https://docquery.fec.gov/pdf/510/26039250510/26039250510.pdf,2026-09-12T19:06:23+00:00,historical_affiliation_candidate,"Observed political-committee report-period amounts only; historical affiliation is a bounded actor-link candidate, not principal funding identity, treatment assignment, or evidence of causal channel substitution."
cand-f7178708cc78,C00024521,AMERICAN ASSOCIATION FOR JUSTICE POLITICAL ACTION COMMITTEE (AAJ PAC),2006,30G,263195,file:263195,2006-10-19,2006-11-27,2006-12-07,N,true,false,263195,90500.00,0.00,235386.70,https://docquery.fec.gov/cgi-bin/forms/C00024521/263195/,2026-09-12T19:06:23+00:00,historical_affiliation_candidate,"Observed political-committee report-period amounts only; historical affiliation is a bounded actor-link candidate, not principal funding identity, treatment assignment, or evidence of causal channel substitution."
cand-f7178708cc78,C00024521,AMERICAN ASSOCIATION FOR JUSTICE POLITICAL ACTION COMMITTEE (AAJ PAC),2006,YE,271412,file:271412,2006-11-28,2006-12-31,2007-01-25,N,true,false,271412,39000.00,0.00,59805.91,https://docquery.fec.gov/cgi-bin/forms/C00024521/271412/,2026-09-12T19:06:23+00:00,historical_affiliation_candidate,"Observed political-committee report-period amounts only; historical affiliation is a bounded actor-link candidate, not principal funding identity, treatment assignment, or evidence of causal channel substitution."
cand-f7178708cc78,C00024521,AMERICAN ASSOCIATION FOR JUSTICE POLITICAL ACTION COMMITTEE (AAJ PAC),2007,MY,298238,file:298238,2007-01-01,2007-06-30,2007-07-29,N,false,true,298238,887000.00,0.00,1585639.50,https://docquery.fec.gov/cgi-bin/forms/C00024521/298238/,2026-09-12T19:06:23+00:00,historical_affiliation_candidate,"Observed political-committee report-period amounts only; historical affiliation is a bounded actor-link candidate, not principal funding identity, treatment assignment, or evidence of causal channel substitution."
cand-f7178708cc78,C00024521,AMERICAN ASSOCIATION FOR JUSTICE POLITICAL ACTION COMMITTEE (AAJ PAC),2007,MY,325242,file:325242,2007-01-01,2007-06-30,2008-02-29,A,false,true,298238;325242,887000.00,0.00,1585639.50,https://docquery.fec.gov/cgi-bin/forms/C00024521/325242/,2026-09-12T19:06:23+00:00,historical_affiliation_candidate,"Observed political-committee report-period amounts only; historical affiliation is a bounded actor-link candidate, not principal funding identity, treatment assignment, or evidence of causal channel substitution."
cand-f7178708cc78,C00024521,AMERICAN ASSOCIATION FOR JUSTICE POLITICAL ACTION COMMITTEE (AAJ PAC),2007,MY,355291,file:355291,2007-01-01,2007-06-30,2008-08-05,A,true,false,298238;325242;355291,887000.00,0.00,1585639.50,https://docquery.fec.gov/cgi-bin/forms/C00024521/355291/,2026-09-12T19:06:23+00:00,historical_affiliation_candidate,"Observed political-committee report-period amounts only; historical affiliation is a bounded actor-link candidate, not principal funding identity, treatment assignment, or evidence of causal channel substitution."
cand-f7178708cc78,C00024521,AMERICAN ASSOCIATION FOR JUSTICE POLITICAL ACTION COMMITTEE (AAJ PAC),2007,MY,,image:28039644895,2007-01-01,2007-06-30,2008-02-28,A,none,true,,,,,https://docquery.fec.gov/pdf/895/28039644895/28039644895.pdf,2026-09-12T19:06:23+00:00,historical_affiliation_candidate,"Observed political-committee report-period amounts only; historical affiliation is a bounded actor-link candidate, not principal funding identity, treatment assignment, or evidence of causal channel substitution."
cand-f7178708cc78,C00024521,AMERICAN ASSOCIATION FOR JUSTICE POLITICAL ACTION COMMITTEE (AAJ PAC),2007,30R,303867,file:303867,2007-07-01,2007-09-10,2007-09-19,N,false,true,303867,162000.00,0.00,495152.10,https://docquery.fec.gov/cgi-bin/forms/C00024521/303867/,2026-09-12T19:06:23+00:00,historical_affiliation_candidate,"Observed political-committee report-period amounts only; historical affiliation is a bounded actor-link candidate, not principal funding identity, treatment assignment, or evidence of causal channel substitution."
cand-f7178708cc78,C00024521,AMERICAN ASSOCIATION FOR JUSTICE POLITICAL ACTION COMMITTEE (AAJ PAC),2007,30R,355321,file:355321,2007-07-01,2007-09-10,2008-08-05,A,true,false,303867;355321,162000.00,0.00,495152.10,https://docquery.fec.gov/cgi-bin/forms/C00024521/355321/,2026-09-12T19:06:23+00:00,historical_affiliation_candidate,"Observed political-committee report-period amounts only; historical affiliation is a bounded actor-link candidate, not principal funding identity, treatment assignment, or evidence of causal channel substitution."
cand-f7178708cc78,C00024521,AMERICAN ASSOCIATION FOR JUSTICE POLITICAL ACTION COMMITTEE (AAJ PAC),2007,30S,310701,file:310701,2007-09-11,2007-11-05,2007-11-14,N,false,true,310701,300500.00,0.00,463986.49,https://docquery.fec.gov/cgi-bin/forms/C00024521/310701/,2026-09-12T19:06:23+00:00,historical_affiliation_candidate,"Observed political-committee report-period amounts only; historical affiliation is a bounded actor-link candidate, not principal funding identity, treatment assignment, or evidence of causal channel substitution."
cand-f7178708cc78,C00024521,AMERICAN ASSOCIATION FOR JUSTICE POLITICAL ACTION COMMITTEE (AAJ PAC),2007,30S,355346,file:355346,2007-09-11,2007-11-05,2008-08-06,A,true,false,310701;355346,300500.00,0.00,463986.49,https://docquery.fec.gov/cgi-bin/forms/C00024521/355346/,2026-09-12T19:06:23+00:00,historical_affiliation_candidate,"Observed political-committee report-period amounts only; historical affiliation is a bounded actor-link candidate, not principal funding identity, treatment assignment, or evidence of causal channel substitution."
cand-f7178708cc78,C00024521,AMERICAN ASSOCIATION FOR JUSTICE POLITICAL ACTION COMMITTEE (AAJ PAC),2007,30S,314798,file:314798,2007-11-06,2007-12-31,2008-01-10,N,false,true,314798,327000.00,0.00,414819.78,https://docquery.fec.gov/cgi-bin/forms/C00024521/314798/,2026-09-12T19:06:23+00:00,historical_affiliation_candidate,"Observed political-committee report-period amounts only; historical affiliation is a bounded actor-link candidate, not principal funding identity, treatment assignment, or evidence of causal channel substitution."
cand-f7178708cc78,C00024521,AMERICAN ASSOCIATION FOR JUSTICE POLITICAL ACTION COMMITTEE (AAJ PAC),2007,30S,355356,file:355356,2007-11-06,2007-12-31,2008-08-06,A,false,true,314798;355356,327000.00,0.00,414819.78,https://docquery.fec.gov/cgi-bin/forms/C00024521/355356/,2026-09-12T19:06:23+00:00,historical_affiliation_candidate,"Observed political-committee report-period amounts only; historical affiliation is a bounded actor-link candidate, not principal funding identity, treatment assignment, or evidence of causal channel substitution."
cand-f7178708cc78,C00024521,AMERICAN ASSOCIATION FOR JUSTICE POLITICAL ACTION COMMITTEE (AAJ PAC),2007,30S,376556,file:376556,2007-11-06,2007-12-31,2008-10-23,A,true,false,314798;355356;376556,327000.00,0.00,414819.78,https://docquery.fec.gov/cgi-bin/forms/C00024521/376556/,2026-09-12T19:06:23+00:00,historical_affiliation_candidate,"Observed political-committee report-period amounts only; historical affiliation is a bounded actor-link candidate, not principal funding identity, treatment assignment, or evidence of causal channel substitution."
cand-f7178708cc78,C00024521,AMERICAN ASSOCIATION FOR JUSTICE POLITICAL ACTION COMMITTEE (AAJ PAC),2007,30S,,image:28039652828,2007-11-06,2007-12-31,2008-03-10,A,none,true,,,,,https://docquery.fec.gov/pdf/828/28039652828/28039652828.pdf,2026-09-12T19:06:23+00:00,historical_affiliation_candidate,"Observed political-committee report-period amounts only; historical affiliation is a bounded actor-link candidate, not principal funding identity, treatment assignment, or evidence of causal channel substitution."
cand-f7178708cc78,C00024521,AMERICAN ASSOCIATION FOR JUSTICE POLITICAL ACTION COMMITTEE (AAJ PAC),2008,M2,323662,file:323662,2008-01-01,2008-01-31,2008-02-20,N,false,true,323662,38500.00,0.00,124006.46,https://docquery.fec.gov/cgi-bin/forms/C00024521/323662/,2026-09-12T19:06:23+00:00,historical_affiliation_candidate,"Observed political-committee report-period amounts only; historical affiliation is a bounded actor-link candidate, not principal funding identity, treatment assignment, or evidence of causal channel substitution."
cand-f7178708cc78,C00024521,AMERICAN ASSOCIATION FOR JUSTICE POLITICAL ACTION COMMITTEE (AAJ PAC),2008,M2,355359,file:355359,2008-01-01,2008-01-31,2008-08-06,A,true,false,323662;355359,38500.00,0.00,124006.46,https://docquery.fec.gov/cgi-bin/forms/C00024521/355359/,2026-09-12T19:06:23+00:00,historical_affiliation_candidate,"Observed political-committee report-period amounts only; historical affiliation is a bounded actor-link candidate, not principal funding identity, treatment assignment, or evidence of causal channel substitution."
cand-f7178708cc78,C00024521,AMERICAN ASSOCIATION FOR JUSTICE POLITICAL ACTION COMMITTEE (AAJ PAC),2008,M3,327554,file:327554,2008-02-01,2008-02-29,2008-03-19,N,false,true,327554,160500.00,0.00,246785.94,https://docquery.fec.gov/cgi-bin/forms/C00024521/327554/,2026-09-12T19:06:23+00:00,historical_affiliation_candidate,"Observed political-committee report-period amounts only; historical affiliation is a bounded actor-link candidate, not principal funding identity, treatment assignment, or evidence of causal channel substitution."
cand-f7178708cc78,C00024521,AMERICAN ASSOCIATION FOR JUSTICE POLITICAL ACTION COMMITTEE (AAJ PAC),2008,M3,355439,file:355439,2008-02-01,2008-02-29,2008-08-06,A,true,false,327554;355439,160500.00,0.00,246785.94,https://docquery.fec.gov/cgi-bin/forms/C00024521/355439/,2026-09-12T19:06:23+00:00,historical_affiliation_candidate,"Observed political-committee report-period amounts only; historical affiliation is a bounded actor-link candidate, not principal funding identity, treatment assignment, or evidence of causal channel substitution."
cand-f7178708cc78,C00024521,AMERICAN ASSOCIATION FOR JUSTICE POLITICAL ACTION COMMITTEE (AAJ PAC),2008,M4,334913,file:334913,2008-03-01,2008-03-31,2008-04-18,N,false,true,334913,254000.00,0.00,271758.21,https://docquery.fec.gov/cgi-bin/forms/C00024521/334913/,2026-09-12T19:06:23+00:00,historical_affiliation_candidate,"Observed political-committee report-period amounts only; historical affiliation is a bounded actor-link candidate, not principal funding identity, treatment assignment, or evidence of causal channel substitution."
cand-f7178708cc78,C00024521,AMERICAN ASSOCIATION FOR JUSTICE POLITICAL ACTION COMMITTEE (AAJ PAC),2008,M4,355458,file:355458,2008-03-01,2008-03-31,2008-08-06,A,true,false,334913;355458,249000.00,0.00,270570.15,https://docquery.fec.gov/cgi-bin/forms/C00024521/355458/,2026-09-12T19:06:23+00:00,historical_affiliation_candidate,"Observed political-committee report-period amounts only; historical affiliation is a bounded actor-link candidate, not principal funding identity, treatment assignment, or evidence of causal channel substitution."
cand-f7178708cc78,C00024521,AMERICAN ASSOCIATION FOR JUSTICE POLITICAL ACTION COMMITTEE (AAJ PAC),2008,M5,340747,file:340747,2008-04-01,2008-04-30,2008-05-20,N,false,true,340747,146500.00,0.00,160569.92,https://docquery.fec.gov/cgi-bin/forms/C00024521/340747/,2026-09-12T19:06:23+00:00,historical_affiliation_candidate,"Observed political-committee report-period amounts only; historical affiliation is a bounded actor-link candidate, not principal funding identity, treatment assignment, or evidence of causal channel substitution."
cand-f7178708cc78,C00024521,AMERICAN ASSOCIATION FOR JUSTICE POLITICAL ACTION COMMITTEE (AAJ PAC),2008,M5,355805,file:355805,2008-04-01,2008-04-30,2008-08-08,A,true,false,340747;355805,146500.00,0.00,160569.92,https://docquery.fec.gov/cgi-bin/forms/C00024521/355805/,2026-09-12T19:06:23+00:00,historical_affiliation_candidate,"Observed political-committee report-period amounts only; historical affiliation is a bounded actor-link candidate, not principal funding identity, treatment assignment, or evidence of causal channel substitution."
cand-f7178708cc78,C00024521,AMERICAN ASSOCIATION FOR JUSTICE POLITICAL ACTION COMMITTEE (AAJ PAC),2008,M6,345346,file:345346,2008-05-01,2008-05-31,2008-06-19,N,false,true,345346,110000.00,0.00,221112.45,https://docquery.fec.gov/cgi-bin/forms/C00024521/345346/,2026-09-12T19:06:23+00:00,historical_affiliation_candidate,"Observed political-committee report-period amounts only; historical affiliation is a bounded actor-link candidate, not principal funding identity, treatment assignment, or evidence of causal channel substitution."
cand-f7178708cc78,C00024521,AMERICAN ASSOCIATION FOR JUSTICE POLITICAL ACTION COMMITTEE (AAJ PAC),2008,M6,357159,file:357159,2008-05-01,2008-05-31,2008-08-14,A,true,false,345346;357159,110000.00,0.00,221112.45,https://docquery.fec.gov/cgi-bin/forms/C00024521/357159/,2026-09-12T19:06:23+00:00,historical_affiliation_candidate,"Observed political-committee report-period amounts only; historical affiliation is a bounded actor-link candidate, not principal funding identity, treatment assignment, or evidence of causal channel substitution."
cand-f7178708cc78,C00024521,AMERICAN ASSOCIATION FOR JUSTICE POLITICAL ACTION COMMITTEE (AAJ PAC),2008,M7,353486,file:353486,2008-06-01,2008-06-30,2008-07-19,N,false,true,353486,361000.00,0.00,419374.09,https://docquery.fec.gov/cgi-bin/forms/C00024521/353486/,2026-09-12T19:06:23+00:00,historical_affiliation_candidate,"Observed political-committee report-period amounts only; historical affiliation is a bounded actor-link candidate, not principal funding identity, treatment assignment, or evidence of causal channel substitution."
cand-f7178708cc78,C00024521,AMERICAN ASSOCIATION FOR JUSTICE POLITICAL ACTION COMMITTEE (AAJ PAC),2008,M7,372373,file:372373,2008-06-01,2008-06-30,2008-10-20,A,true,false,353486;372373,361000.00,0.00,419374.09,https://docquery.fec.gov/cgi-bin/forms/C00024521/372373/,2026-09-12T19:06:23+00:00,historical_affiliation_candidate,"Observed political-committee report-period amounts only; historical affiliation is a bounded actor-link candidate, not principal funding identity, treatment assignment, or evidence of causal channel substitution."
cand-f7178708cc78,C00024521,AMERICAN ASSOCIATION FOR JUSTICE POLITICAL ACTION COMMITTEE (AAJ PAC),2008,M8,358454,file:358454,2008-07-01,2008-07-31,2008-08-20,N,false,true,358454,121000.00,0.00,137880.79,https://docquery.fec.gov/cgi-bin/forms/C00024521/358454/,2026-09-12T19:06:23+00:00,historical_affiliation_candidate,"Observed political-committee report-period amounts only; historical affiliation is a bounded actor-link candidate, not principal funding identity, treatment assignment, or evidence of causal channel substitution."
cand-f7178708cc78,C00024521,AMERICAN ASSOCIATION FOR JUSTICE POLITICAL ACTION COMMITTEE (AAJ PAC),2008,M8,372416,file:372416,2008-07-01,2008-07-31,2008-10-20,A,true,false,358454;372416,121000.00,0.00,137880.79,https://docquery.fec.gov/cgi-bin/forms/C00024521/372416/,2026-09-12T19:06:23+00:00,historical_affiliation_candidate,"Observed political-committee report-period amounts only; historical affiliation is a bounded actor-link candidate, not principal funding identity, treatment assignment, or evidence of causal channel substitution."
cand-f7178708cc78,C00024521,AMERICAN ASSOCIATION FOR JUSTICE POLITICAL ACTION COMMITTEE (AAJ PAC),2008,M9,363009,file:363009,2008-08-01,2008-08-31,2008-09-18,N,false,true,363009,80000.00,0.00,90585.41,https://docquery.fec.gov/cgi-bin/forms/C00024521/363009/,2026-09-12T19:06:23+00:00,historical_affiliation_candidate,"Observed political-committee report-period amounts only; historical affiliation is a bounded actor-link candidate, not principal funding identity, treatment assignment, or evidence of causal channel substitution."
cand-f7178708cc78,C00024521,AMERICAN ASSOCIATION FOR JUSTICE POLITICAL ACTION COMMITTEE (AAJ PAC),2008,M9,372466,file:372466,2008-08-01,2008-08-31,2008-10-20,A,true,false,363009;372466,80000.00,0.00,93425.29,https://docquery.fec.gov/cgi-bin/forms/C00024521/372466/,2026-09-12T19:06:23+00:00,historical_affiliation_candidate,"Observed political-committee report-period amounts only; historical affiliation is a bounded actor-link candidate, not principal funding identity, treatment assignment, or evidence of causal channel substitution."
cand-f7178708cc78,C00024521,AMERICAN ASSOCIATION FOR JUSTICE POLITICAL ACTION COMMITTEE (AAJ PAC),2008,M10,372529,file:372529,2008-09-01,2008-09-30,2008-10-20,N,true,false,372529,311500.00,0.00,357044.99,https://docquery.fec.gov/cgi-bin/forms/C00024521/372529/,2026-09-12T19:06:23+00:00,historical_affiliation_candidate,"Observed political-committee report-period amounts only; historical affiliation is a bounded actor-link candidate, not principal funding identity, treatment assignment, or evidence of causal channel substitution."
cand-f7178708cc78,C00024521,AMERICAN ASSOCIATION FOR JUSTICE POLITICAL ACTION COMMITTEE (AAJ PAC),2008,12G,374122,file:374122,2008-10-01,2008-10-15,2008-10-21,N,true,false,374122,67000.00,0.00,181614.41,https://docquery.fec.gov/cgi-bin/forms/C00024521/374122/,2026-09-12T19:06:23+00:00,historical_affiliation_candidate,"Observed political-committee report-period amounts only; historical affiliation is a bounded actor-link candidate, not principal funding identity, treatment assignment, or evidence of causal channel substitution."
cand-f7178708cc78,C00024521,AMERICAN ASSOCIATION FOR JUSTICE POLITICAL ACTION COMMITTEE (AAJ PAC),2008,30G,388257,file:388257,2008-10-16,2008-11-24,2008-12-03,N,true,true,388257,201500.00,66640.59,556688.99,https://docquery.fec.gov/cgi-bin/forms/C00024521/388257/,2026-09-12T19:06:23+00:00,historical_affiliation_candidate,"Observed political-committee report-period amounts only; historical affiliation is a bounded actor-link candidate, not principal funding identity, treatment assignment, or evidence of causal channel substitution."
cand-f7178708cc78,C00024521,AMERICAN ASSOCIATION FOR JUSTICE POLITICAL ACTION COMMITTEE (AAJ PAC),2008,30G,418573,file:418573,2008-10-16,2008-11-24,2008-12-04,A,none,false,,,,,https://docquery.fec.gov/cgi-bin/paper_forms/C00024521/418573/,2026-09-12T19:06:23+00:00,historical_affiliation_candidate,"Observed political-committee report-period amounts only; historical affiliation is a bounded actor-link candidate, not principal funding identity, treatment assignment, or evidence of causal channel substitution."
cand-f7178708cc78,C00024521,AMERICAN ASSOCIATION FOR JUSTICE POLITICAL ACTION COMMITTEE (AAJ PAC),2008,YE,399562,file:399562,2008-11-25,2008-12-31,2009-01-29,N,true,false,399562,18000.00,0.00,40340.80,https://docquery.fec.gov/cgi-bin/forms/C00024521/399562/,2026-09-12T19:06:23+00:00,historical_affiliation_candidate,"Observed political-committee report-period amounts only; historical affiliation is a bounded actor-link candidate, not principal funding identity, treatment assignment, or evidence of causal channel substitution."
