reformEventId,canonicalActorId,issueCode,comparisonGroup,matchingVariables,prePeriodStart,prePeriodEnd,postPeriodStart,postPeriodEnd,matchScore,exclusionReason,reviewStatus,notes
hloga-2007-federal-lobbying-disclosure,cand-f29de1091095,reviewed-democracy,excluded_no_observed_prepost_window,reviewed exact-ID source systems=IRS/ProPublica dark-money bridge; Intermediary bridge; venues=intermediary; opaque_nonprofit_or_dark_money,2006-01-01,2007-09-13,2007-09-14,2008-12-31,0.9500,observed_prepost_outcome_rows_missing,reviewed_actor_excluded_from_estimation_panel,"reviewed exact-identifier slice from cross-venue adjudication; broader source-product, source-readiness, and calibrated policy-simulation gates remain blocked until row-count, issue-comparability, false-match, and observed pre/post comparison requirements pass; not assigned to treated or comparison group"
hloga-2007-federal-lobbying-disclosure,cand-826ecd9df274,reviewed-democracy,excluded_no_observed_prepost_window,reviewed exact-ID source systems=IRS/ProPublica dark-money bridge; Intermediary bridge; venues=intermediary; opaque_nonprofit_or_dark_money,2006-01-01,2007-09-13,2007-09-14,2008-12-31,0.9500,observed_prepost_outcome_rows_missing,reviewed_actor_excluded_from_estimation_panel,"reviewed exact-identifier slice from cross-venue adjudication; broader source-product, source-readiness, and calibrated policy-simulation gates remain blocked until row-count, issue-comparability, false-match, and observed pre/post comparison requirements pass; not assigned to treated or comparison group"
hloga-2007-federal-lobbying-disclosure,cand-1f1ead9e4ee1,reviewed-democracy,excluded_no_observed_prepost_window,reviewed exact-ID source systems=IRS/ProPublica dark-money bridge; Intermediary bridge; venues=intermediary; opaque_nonprofit_or_dark_money,2006-01-01,2007-09-13,2007-09-14,2008-12-31,0.9500,observed_prepost_outcome_rows_missing,reviewed_actor_excluded_from_estimation_panel,"reviewed exact-identifier slice from cross-venue adjudication; broader source-product, source-readiness, and calibrated policy-simulation gates remain blocked until row-count, issue-comparability, false-match, and observed pre/post comparison requirements pass; not assigned to treated or comparison group"
hloga-2007-federal-lobbying-disclosure,cand-8c1c5f5b17be,reviewed-democracy,excluded_no_observed_prepost_window,reviewed exact-ID source systems=IRS/ProPublica dark-money bridge; Intermediary bridge; venues=intermediary; opaque_nonprofit_or_dark_money,2006-01-01,2007-09-13,2007-09-14,2008-12-31,0.9500,observed_prepost_outcome_rows_missing,reviewed_actor_excluded_from_estimation_panel,"reviewed exact-identifier slice from cross-venue adjudication; broader source-product, source-readiness, and calibrated policy-simulation gates remain blocked until row-count, issue-comparability, false-match, and observed pre/post comparison requirements pass; not assigned to treated or comparison group"
hloga-2007-federal-lobbying-disclosure,cand-9948f2974958,lda-bud,treated_hloga_lda_client,official LDA API exact normalized client-name match; visible-lobbying pre/post rows observed; comparison/control assignment remains unresolved,2006-01-01,2007-09-13,2007-09-14,2008-12-31,0.8000,,reviewed_treated_visible_lobbying_prepost,"reviewed exact-identifier slice from cross-venue adjudication; broader source-product, source-readiness, and calibrated policy-simulation gates remain blocked until row-count, issue-comparability, false-match, and observed pre/post comparison requirements pass; treated visible-lobbying assignment comes from official LDA API pre/post rows matched by exact normalized client name; matched comparison/control actors are still required before estimation"
hloga-2007-federal-lobbying-disclosure,cand-9948f2974958,lda-hcr,treated_hloga_lda_client,official LDA API exact normalized client-name match; visible-lobbying pre/post rows observed; comparison/control assignment remains unresolved,2006-01-01,2007-09-13,2007-09-14,2008-12-31,0.8000,,reviewed_treated_visible_lobbying_prepost,"reviewed exact-identifier slice from cross-venue adjudication; broader source-product, source-readiness, and calibrated policy-simulation gates remain blocked until row-count, issue-comparability, false-match, and observed pre/post comparison requirements pass; treated visible-lobbying assignment comes from official LDA API pre/post rows matched by exact normalized client name; matched comparison/control actors are still required before estimation"
hloga-2007-federal-lobbying-disclosure,cand-9948f2974958,lda-mmm,treated_hloga_lda_client,official LDA API exact normalized client-name match; visible-lobbying pre/post rows observed; comparison/control assignment remains unresolved,2006-01-01,2007-09-13,2007-09-14,2008-12-31,0.8000,,reviewed_treated_visible_lobbying_prepost,"reviewed exact-identifier slice from cross-venue adjudication; broader source-product, source-readiness, and calibrated policy-simulation gates remain blocked until row-count, issue-comparability, false-match, and observed pre/post comparison requirements pass; treated visible-lobbying assignment comes from official LDA API pre/post rows matched by exact normalized client name; matched comparison/control actors are still required before estimation"
hloga-2007-federal-lobbying-disclosure,cand-9948f2974958,lda-trd,treated_hloga_lda_client,official LDA API exact normalized client-name match; visible-lobbying pre/post rows observed; comparison/control assignment remains unresolved,2006-01-01,2007-09-13,2007-09-14,2008-12-31,0.8000,,reviewed_treated_visible_lobbying_prepost,"reviewed exact-identifier slice from cross-venue adjudication; broader source-product, source-readiness, and calibrated policy-simulation gates remain blocked until row-count, issue-comparability, false-match, and observed pre/post comparison requirements pass; treated visible-lobbying assignment comes from official LDA API pre/post rows matched by exact normalized client name; matched comparison/control actors are still required before estimation"
hloga-2007-federal-lobbying-disclosure,cand-9948f2974958,reviewed-technology,excluded_no_observed_prepost_window,reviewed exact-ID source systems=IRS/ProPublica dark-money bridge; Intermediary bridge; Official LDA API; venues=intermediary; opaque_nonprofit_or_dark_money; visible_lobbying,2006-01-01,2007-09-13,2007-09-14,2008-12-31,0.9500,observed_prepost_outcome_rows_missing,reviewed_actor_excluded_from_estimation_panel,"reviewed exact-identifier slice from cross-venue adjudication; broader source-product, source-readiness, and calibrated policy-simulation gates remain blocked until row-count, issue-comparability, false-match, and observed pre/post comparison requirements pass; not assigned to treated or comparison group"
hloga-2007-federal-lobbying-disclosure,cand-8dd6b3bb25e1,reviewed-democracy,excluded_no_observed_prepost_window,reviewed exact-ID source systems=IRS/ProPublica dark-money bridge; Intermediary bridge; venues=intermediary; opaque_nonprofit_or_dark_money,2006-01-01,2007-09-13,2007-09-14,2008-12-31,0.9500,observed_prepost_outcome_rows_missing,reviewed_actor_excluded_from_estimation_panel,"reviewed exact-identifier slice from cross-venue adjudication; broader source-product, source-readiness, and calibrated policy-simulation gates remain blocked until row-count, issue-comparability, false-match, and observed pre/post comparison requirements pass; not assigned to treated or comparison group"
hloga-2007-federal-lobbying-disclosure,cand-bffc1d50b4d6,reviewed-democracy,excluded_no_observed_prepost_window,reviewed exact-ID source systems=IRS/ProPublica dark-money bridge; Intermediary bridge; venues=intermediary; opaque_nonprofit_or_dark_money,2006-01-01,2007-09-13,2007-09-14,2008-12-31,0.9500,observed_prepost_outcome_rows_missing,reviewed_actor_excluded_from_estimation_panel,"reviewed exact-identifier slice from cross-venue adjudication; broader source-product, source-readiness, and calibrated policy-simulation gates remain blocked until row-count, issue-comparability, false-match, and observed pre/post comparison requirements pass; not assigned to treated or comparison group"
hloga-2007-federal-lobbying-disclosure,cand-ff5bcf90e253,reviewed-democracy,excluded_no_observed_prepost_window,reviewed exact-ID source systems=IRS/ProPublica dark-money bridge; Intermediary bridge; venues=intermediary; opaque_nonprofit_or_dark_money,2006-01-01,2007-09-13,2007-09-14,2008-12-31,0.9500,observed_prepost_outcome_rows_missing,reviewed_actor_excluded_from_estimation_panel,"reviewed exact-identifier slice from cross-venue adjudication; broader source-product, source-readiness, and calibrated policy-simulation gates remain blocked until row-count, issue-comparability, false-match, and observed pre/post comparison requirements pass; not assigned to treated or comparison group"
hloga-2007-federal-lobbying-disclosure,cand-d8f170bbb61e,reviewed-democracy,excluded_no_observed_prepost_window,reviewed exact-ID source systems=IRS/ProPublica dark-money bridge; Intermediary bridge; venues=intermediary; opaque_nonprofit_or_dark_money,2006-01-01,2007-09-13,2007-09-14,2008-12-31,0.9500,observed_prepost_outcome_rows_missing,reviewed_actor_excluded_from_estimation_panel,"reviewed exact-identifier slice from cross-venue adjudication; broader source-product, source-readiness, and calibrated policy-simulation gates remain blocked until row-count, issue-comparability, false-match, and observed pre/post comparison requirements pass; not assigned to treated or comparison group"
hloga-2007-federal-lobbying-disclosure,cand-beb35a131185,reviewed-democracy,excluded_no_observed_prepost_window,reviewed exact-ID source systems=IRS/ProPublica dark-money bridge; Intermediary bridge; venues=intermediary; opaque_nonprofit_or_dark_money,2006-01-01,2007-09-13,2007-09-14,2008-12-31,0.9500,observed_prepost_outcome_rows_missing,reviewed_actor_excluded_from_estimation_panel,"reviewed exact-identifier slice from cross-venue adjudication; broader source-product, source-readiness, and calibrated policy-simulation gates remain blocked until row-count, issue-comparability, false-match, and observed pre/post comparison requirements pass; not assigned to treated or comparison group"
hloga-2007-federal-lobbying-disclosure,cand-2f4776f5615e,reviewed-democracy,excluded_no_observed_prepost_window,reviewed exact-ID source systems=IRS/ProPublica dark-money bridge; Intermediary bridge; venues=intermediary; opaque_nonprofit_or_dark_money,2006-01-01,2007-09-13,2007-09-14,2008-12-31,0.9500,observed_prepost_outcome_rows_missing,reviewed_actor_excluded_from_estimation_panel,"reviewed exact-identifier slice from cross-venue adjudication; broader source-product, source-readiness, and calibrated policy-simulation gates remain blocked until row-count, issue-comparability, false-match, and observed pre/post comparison requirements pass; not assigned to treated or comparison group"
hloga-2007-federal-lobbying-disclosure,cand-e4cba166fdc8,reviewed-democracy,excluded_no_observed_prepost_window,reviewed exact-ID source systems=IRS/ProPublica dark-money bridge; Intermediary bridge; venues=intermediary; opaque_nonprofit_or_dark_money,2006-01-01,2007-09-13,2007-09-14,2008-12-31,0.9500,observed_prepost_outcome_rows_missing,reviewed_actor_excluded_from_estimation_panel,"reviewed exact-identifier slice from cross-venue adjudication; broader source-product, source-readiness, and calibrated policy-simulation gates remain blocked until row-count, issue-comparability, false-match, and observed pre/post comparison requirements pass; not assigned to treated or comparison group"
hloga-2007-federal-lobbying-disclosure,cand-c0240d2a5cf8,reviewed-democracy,excluded_no_observed_prepost_window,reviewed exact-ID source systems=IRS/ProPublica dark-money bridge; Intermediary bridge; venues=intermediary; opaque_nonprofit_or_dark_money,2006-01-01,2007-09-13,2007-09-14,2008-12-31,0.9500,observed_prepost_outcome_rows_missing,reviewed_actor_excluded_from_estimation_panel,"reviewed exact-identifier slice from cross-venue adjudication; broader source-product, source-readiness, and calibrated policy-simulation gates remain blocked until row-count, issue-comparability, false-match, and observed pre/post comparison requirements pass; not assigned to treated or comparison group"
hloga-2007-federal-lobbying-disclosure,cand-8814946618ce,reviewed-democracy,excluded_no_observed_prepost_window,reviewed exact-ID source systems=IRS/ProPublica dark-money bridge; Intermediary bridge; venues=intermediary; opaque_nonprofit_or_dark_money,2006-01-01,2007-09-13,2007-09-14,2008-12-31,0.9500,observed_prepost_outcome_rows_missing,reviewed_actor_excluded_from_estimation_panel,"reviewed exact-identifier slice from cross-venue adjudication; broader source-product, source-readiness, and calibrated policy-simulation gates remain blocked until row-count, issue-comparability, false-match, and observed pre/post comparison requirements pass; not assigned to treated or comparison group"
hloga-2007-federal-lobbying-disclosure,cand-5745845f94a0,reviewed-procurement,excluded_no_observed_prepost_window,reviewed exact-ID source systems=IRS/ProPublica dark-money bridge; Intermediary bridge; USAspending agency actions; venues=intermediary; opaque_nonprofit_or_dark_money; procurement,2006-01-01,2007-09-13,2007-09-14,2008-12-31,0.9000,observed_prepost_outcome_rows_missing,reviewed_actor_excluded_from_estimation_panel,"reviewed exact-identifier slice from cross-venue adjudication; broader source-product, source-readiness, and calibrated policy-simulation gates remain blocked until row-count, issue-comparability, false-match, and observed pre/post comparison requirements pass; not assigned to treated or comparison group"
hloga-2007-federal-lobbying-disclosure,cand-5745845f94a0,reviewed-technology,excluded_no_observed_prepost_window,reviewed exact-ID source systems=IRS/ProPublica dark-money bridge; Intermediary bridge; USAspending agency actions; venues=intermediary; opaque_nonprofit_or_dark_money; procurement,2006-01-01,2007-09-13,2007-09-14,2008-12-31,0.9000,observed_prepost_outcome_rows_missing,reviewed_actor_excluded_from_estimation_panel,"reviewed exact-identifier slice from cross-venue adjudication; broader source-product, source-readiness, and calibrated policy-simulation gates remain blocked until row-count, issue-comparability, false-match, and observed pre/post comparison requirements pass; not assigned to treated or comparison group"
hloga-2007-federal-lobbying-disclosure,cand-a1cc40d8c26e,reviewed-democracy,excluded_no_observed_prepost_window,reviewed exact-ID source systems=IRS/ProPublica dark-money bridge; Intermediary bridge; venues=intermediary; opaque_nonprofit_or_dark_money,2006-01-01,2007-09-13,2007-09-14,2008-12-31,0.9500,observed_prepost_outcome_rows_missing,reviewed_actor_excluded_from_estimation_panel,"reviewed exact-identifier slice from cross-venue adjudication; broader source-product, source-readiness, and calibrated policy-simulation gates remain blocked until row-count, issue-comparability, false-match, and observed pre/post comparison requirements pass; not assigned to treated or comparison group"
hloga-2007-federal-lobbying-disclosure,cand-a3ed10250ca7,reviewed-democracy,excluded_no_observed_prepost_window,reviewed exact-ID source systems=IRS/ProPublica dark-money bridge; Intermediary bridge; venues=intermediary; opaque_nonprofit_or_dark_money,2006-01-01,2007-09-13,2007-09-14,2008-12-31,0.9500,observed_prepost_outcome_rows_missing,reviewed_actor_excluded_from_estimation_panel,"reviewed exact-identifier slice from cross-venue adjudication; broader source-product, source-readiness, and calibrated policy-simulation gates remain blocked until row-count, issue-comparability, false-match, and observed pre/post comparison requirements pass; not assigned to treated or comparison group"
hloga-2007-federal-lobbying-disclosure,cand-07ce6b3e4f19,reviewed-democracy,excluded_no_observed_prepost_window,reviewed exact-ID source systems=IRS/ProPublica dark-money bridge; Intermediary bridge; venues=intermediary; opaque_nonprofit_or_dark_money,2006-01-01,2007-09-13,2007-09-14,2008-12-31,0.9500,observed_prepost_outcome_rows_missing,reviewed_actor_excluded_from_estimation_panel,"reviewed exact-identifier slice from cross-venue adjudication; broader source-product, source-readiness, and calibrated policy-simulation gates remain blocked until row-count, issue-comparability, false-match, and observed pre/post comparison requirements pass; not assigned to treated or comparison group"
hloga-2007-federal-lobbying-disclosure,cand-51880653f98f,reviewed-democracy,excluded_no_observed_prepost_window,reviewed exact-ID source systems=IRS/ProPublica dark-money bridge; Intermediary bridge; venues=intermediary; opaque_nonprofit_or_dark_money,2006-01-01,2007-09-13,2007-09-14,2008-12-31,0.9500,observed_prepost_outcome_rows_missing,reviewed_actor_excluded_from_estimation_panel,"reviewed exact-identifier slice from cross-venue adjudication; broader source-product, source-readiness, and calibrated policy-simulation gates remain blocked until row-count, issue-comparability, false-match, and observed pre/post comparison requirements pass; not assigned to treated or comparison group"
hloga-2007-federal-lobbying-disclosure,cand-2baa779c041d,lda-hom,treated_hloga_lda_client,official LDA API exact normalized client-name match; visible-lobbying pre/post rows observed; comparison/control assignment remains unresolved,2006-01-01,2007-09-13,2007-09-14,2008-12-31,0.8000,,reviewed_treated_visible_lobbying_prepost,"reviewed exact-identifier slice from cross-venue adjudication; broader source-product, source-readiness, and calibrated policy-simulation gates remain blocked until row-count, issue-comparability, false-match, and observed pre/post comparison requirements pass; treated visible-lobbying assignment comes from official LDA API pre/post rows matched by exact normalized client name; matched comparison/control actors are still required before estimation"
hloga-2007-federal-lobbying-disclosure,cand-2baa779c041d,lda-mmm,treated_hloga_lda_client,official LDA API exact normalized client-name match; visible-lobbying pre/post rows observed; comparison/control assignment remains unresolved,2006-01-01,2007-09-13,2007-09-14,2008-12-31,0.8000,,reviewed_treated_visible_lobbying_prepost,"reviewed exact-identifier slice from cross-venue adjudication; broader source-product, source-readiness, and calibrated policy-simulation gates remain blocked until row-count, issue-comparability, false-match, and observed pre/post comparison requirements pass; treated visible-lobbying assignment comes from official LDA API pre/post rows matched by exact normalized client name; matched comparison/control actors are still required before estimation"
hloga-2007-federal-lobbying-disclosure,cand-2baa779c041d,lda-tax,treated_hloga_lda_client,official LDA API exact normalized client-name match; visible-lobbying pre/post rows observed; comparison/control assignment remains unresolved,2006-01-01,2007-09-13,2007-09-14,2008-12-31,0.8000,,reviewed_treated_visible_lobbying_prepost,"reviewed exact-identifier slice from cross-venue adjudication; broader source-product, source-readiness, and calibrated policy-simulation gates remain blocked until row-count, issue-comparability, false-match, and observed pre/post comparison requirements pass; treated visible-lobbying assignment comes from official LDA API pre/post rows matched by exact normalized client name; matched comparison/control actors are still required before estimation"
hloga-2007-federal-lobbying-disclosure,cand-2baa779c041d,reviewed-democracy,excluded_no_observed_prepost_window,reviewed exact-ID source systems=IRS/ProPublica dark-money bridge; Intermediary bridge; Official LDA API; venues=intermediary; opaque_nonprofit_or_dark_money; visible_lobbying,2006-01-01,2007-09-13,2007-09-14,2008-12-31,0.9500,observed_prepost_outcome_rows_missing,reviewed_actor_excluded_from_estimation_panel,"reviewed exact-identifier slice from cross-venue adjudication; broader source-product, source-readiness, and calibrated policy-simulation gates remain blocked until row-count, issue-comparability, false-match, and observed pre/post comparison requirements pass; not assigned to treated or comparison group"
hloga-2007-federal-lobbying-disclosure,cand-1c20e699fdf8,reviewed-democracy,excluded_no_observed_prepost_window,reviewed exact-ID source systems=IRS/ProPublica dark-money bridge; Intermediary bridge; venues=intermediary; opaque_nonprofit_or_dark_money,2006-01-01,2007-09-13,2007-09-14,2008-12-31,0.9500,observed_prepost_outcome_rows_missing,reviewed_actor_excluded_from_estimation_panel,"reviewed exact-identifier slice from cross-venue adjudication; broader source-product, source-readiness, and calibrated policy-simulation gates remain blocked until row-count, issue-comparability, false-match, and observed pre/post comparison requirements pass; not assigned to treated or comparison group"
hloga-2007-federal-lobbying-disclosure,cand-f7178708cc78,lda-bud,treated_hloga_lda_client,official LDA API exact normalized client-name match; visible-lobbying pre/post rows observed; comparison/control assignment remains unresolved,2006-01-01,2007-09-13,2007-09-14,2008-12-31,0.8000,,reviewed_treated_visible_lobbying_prepost,"reviewed exact-identifier slice from cross-venue adjudication; broader source-product, source-readiness, and calibrated policy-simulation gates remain blocked until row-count, issue-comparability, false-match, and observed pre/post comparison requirements pass; treated visible-lobbying assignment comes from official LDA API pre/post rows matched by exact normalized client name; matched comparison/control actors are still required before estimation"
hloga-2007-federal-lobbying-disclosure,cand-f7178708cc78,lda-csp,treated_hloga_lda_client,official LDA API exact normalized client-name match; visible-lobbying pre/post rows observed; comparison/control assignment remains unresolved,2006-01-01,2007-09-13,2007-09-14,2008-12-31,0.8000,,reviewed_treated_visible_lobbying_prepost,"reviewed exact-identifier slice from cross-venue adjudication; broader source-product, source-readiness, and calibrated policy-simulation gates remain blocked until row-count, issue-comparability, false-match, and observed pre/post comparison requirements pass; treated visible-lobbying assignment comes from official LDA API pre/post rows matched by exact normalized client name; matched comparison/control actors are still required before estimation"
hloga-2007-federal-lobbying-disclosure,cand-f7178708cc78,lda-fin,treated_hloga_lda_client,official LDA API exact normalized client-name match; visible-lobbying pre/post rows observed; comparison/control assignment remains unresolved,2006-01-01,2007-09-13,2007-09-14,2008-12-31,0.8000,,reviewed_treated_visible_lobbying_prepost,"reviewed exact-identifier slice from cross-venue adjudication; broader source-product, source-readiness, and calibrated policy-simulation gates remain blocked until row-count, issue-comparability, false-match, and observed pre/post comparison requirements pass; treated visible-lobbying assignment comes from official LDA API pre/post rows matched by exact normalized client name; matched comparison/control actors are still required before estimation"
hloga-2007-federal-lobbying-disclosure,cand-f7178708cc78,lda-gov,treated_hloga_lda_client,official LDA API exact normalized client-name match; visible-lobbying pre/post rows observed; comparison/control assignment remains unresolved,2006-01-01,2007-09-13,2007-09-14,2008-12-31,0.8000,,reviewed_treated_visible_lobbying_prepost,"reviewed exact-identifier slice from cross-venue adjudication; broader source-product, source-readiness, and calibrated policy-simulation gates remain blocked until row-count, issue-comparability, false-match, and observed pre/post comparison requirements pass; treated visible-lobbying assignment comes from official LDA API pre/post rows matched by exact normalized client name; matched comparison/control actors are still required before estimation"
hloga-2007-federal-lobbying-disclosure,cand-f7178708cc78,lda-hcr,treated_hloga_lda_client,official LDA API exact normalized client-name match; visible-lobbying pre/post rows observed; comparison/control assignment remains unresolved,2006-01-01,2007-09-13,2007-09-14,2008-12-31,0.8000,,reviewed_treated_visible_lobbying_prepost,"reviewed exact-identifier slice from cross-venue adjudication; broader source-product, source-readiness, and calibrated policy-simulation gates remain blocked until row-count, issue-comparability, false-match, and observed pre/post comparison requirements pass; treated visible-lobbying assignment comes from official LDA API pre/post rows matched by exact normalized client name; matched comparison/control actors are still required before estimation"
hloga-2007-federal-lobbying-disclosure,cand-f7178708cc78,lda-mar,treated_hloga_lda_client,official LDA API exact normalized client-name match; visible-lobbying pre/post rows observed; comparison/control assignment remains unresolved,2006-01-01,2007-09-13,2007-09-14,2008-12-31,0.8000,,reviewed_treated_visible_lobbying_prepost,"reviewed exact-identifier slice from cross-venue adjudication; broader source-product, source-readiness, and calibrated policy-simulation gates remain blocked until row-count, issue-comparability, false-match, and observed pre/post comparison requirements pass; treated visible-lobbying assignment comes from official LDA API pre/post rows matched by exact normalized client name; matched comparison/control actors are still required before estimation"
hloga-2007-federal-lobbying-disclosure,cand-f7178708cc78,lda-rrr,treated_hloga_lda_client,official LDA API exact normalized client-name match; visible-lobbying pre/post rows observed; comparison/control assignment remains unresolved,2006-01-01,2007-09-13,2007-09-14,2008-12-31,0.8000,,reviewed_treated_visible_lobbying_prepost,"reviewed exact-identifier slice from cross-venue adjudication; broader source-product, source-readiness, and calibrated policy-simulation gates remain blocked until row-count, issue-comparability, false-match, and observed pre/post comparison requirements pass; treated visible-lobbying assignment comes from official LDA API pre/post rows matched by exact normalized client name; matched comparison/control actors are still required before estimation"
hloga-2007-federal-lobbying-disclosure,cand-f7178708cc78,lda-tax,treated_hloga_lda_client,official LDA API exact normalized client-name match; visible-lobbying pre/post rows observed; comparison/control assignment remains unresolved,2006-01-01,2007-09-13,2007-09-14,2008-12-31,0.8000,,reviewed_treated_visible_lobbying_prepost,"reviewed exact-identifier slice from cross-venue adjudication; broader source-product, source-readiness, and calibrated policy-simulation gates remain blocked until row-count, issue-comparability, false-match, and observed pre/post comparison requirements pass; treated visible-lobbying assignment comes from official LDA API pre/post rows matched by exact normalized client name; matched comparison/control actors are still required before estimation"
hloga-2007-federal-lobbying-disclosure,cand-f7178708cc78,lda-tor,treated_hloga_lda_client,official LDA API exact normalized client-name match; visible-lobbying pre/post rows observed; comparison/control assignment remains unresolved,2006-01-01,2007-09-13,2007-09-14,2008-12-31,0.8000,,reviewed_treated_visible_lobbying_prepost,"reviewed exact-identifier slice from cross-venue adjudication; broader source-product, source-readiness, and calibrated policy-simulation gates remain blocked until row-count, issue-comparability, false-match, and observed pre/post comparison requirements pass; treated visible-lobbying assignment comes from official LDA API pre/post rows matched by exact normalized client name; matched comparison/control actors are still required before estimation"
hloga-2007-federal-lobbying-disclosure,cand-f7178708cc78,reviewed-democracy,excluded_no_observed_prepost_window,reviewed exact-ID source systems=IRS/ProPublica dark-money bridge; Intermediary bridge; Official LDA API; venues=intermediary; opaque_nonprofit_or_dark_money; visible_lobbying,2006-01-01,2007-09-13,2007-09-14,2008-12-31,0.9500,observed_prepost_outcome_rows_missing,reviewed_actor_excluded_from_estimation_panel,"reviewed exact-identifier slice from cross-venue adjudication; broader source-product, source-readiness, and calibrated policy-simulation gates remain blocked until row-count, issue-comparability, false-match, and observed pre/post comparison requirements pass; not assigned to treated or comparison group"
hloga-2007-federal-lobbying-disclosure,cand-9ae6bbdec7a0,reviewed-democracy,excluded_no_observed_prepost_window,reviewed exact-ID source systems=IRS/ProPublica dark-money bridge; Intermediary bridge; venues=intermediary; opaque_nonprofit_or_dark_money,2006-01-01,2007-09-13,2007-09-14,2008-12-31,0.9500,observed_prepost_outcome_rows_missing,reviewed_actor_excluded_from_estimation_panel,"reviewed exact-identifier slice from cross-venue adjudication; broader source-product, source-readiness, and calibrated policy-simulation gates remain blocked until row-count, issue-comparability, false-match, and observed pre/post comparison requirements pass; not assigned to treated or comparison group"
hloga-2007-federal-lobbying-disclosure,cand-08f25d003690,reviewed-democracy,excluded_no_observed_prepost_window,reviewed exact-ID source systems=IRS/ProPublica dark-money bridge; Intermediary bridge; venues=intermediary; opaque_nonprofit_or_dark_money,2006-01-01,2007-09-13,2007-09-14,2008-12-31,0.9500,observed_prepost_outcome_rows_missing,reviewed_actor_excluded_from_estimation_panel,"reviewed exact-identifier slice from cross-venue adjudication; broader source-product, source-readiness, and calibrated policy-simulation gates remain blocked until row-count, issue-comparability, false-match, and observed pre/post comparison requirements pass; not assigned to treated or comparison group"
hloga-2007-federal-lobbying-disclosure,cand-c1ad13278d87,lda-agr,treated_hloga_lda_client,official LDA API exact normalized client-name match; visible-lobbying pre/post rows observed; comparison/control assignment remains unresolved,2006-01-01,2007-09-13,2007-09-14,2008-12-31,0.8000,,reviewed_treated_visible_lobbying_prepost,"reviewed exact-identifier slice from cross-venue adjudication; broader source-product, source-readiness, and calibrated policy-simulation gates remain blocked until row-count, issue-comparability, false-match, and observed pre/post comparison requirements pass; treated visible-lobbying assignment comes from official LDA API pre/post rows matched by exact normalized client name; matched comparison/control actors are still required before estimation"
hloga-2007-federal-lobbying-disclosure,cand-c1ad13278d87,lda-bud,treated_hloga_lda_client,official LDA API exact normalized client-name match; visible-lobbying pre/post rows observed; comparison/control assignment remains unresolved,2006-01-01,2007-09-13,2007-09-14,2008-12-31,0.8000,,reviewed_treated_visible_lobbying_prepost,"reviewed exact-identifier slice from cross-venue adjudication; broader source-product, source-readiness, and calibrated policy-simulation gates remain blocked until row-count, issue-comparability, false-match, and observed pre/post comparison requirements pass; treated visible-lobbying assignment comes from official LDA API pre/post rows matched by exact normalized client name; matched comparison/control actors are still required before estimation"
hloga-2007-federal-lobbying-disclosure,cand-c1ad13278d87,lda-ins,treated_hloga_lda_client,official LDA API exact normalized client-name match; visible-lobbying pre/post rows observed; comparison/control assignment remains unresolved,2006-01-01,2007-09-13,2007-09-14,2008-12-31,0.8000,,reviewed_treated_visible_lobbying_prepost,"reviewed exact-identifier slice from cross-venue adjudication; broader source-product, source-readiness, and calibrated policy-simulation gates remain blocked until row-count, issue-comparability, false-match, and observed pre/post comparison requirements pass; treated visible-lobbying assignment comes from official LDA API pre/post rows matched by exact normalized client name; matched comparison/control actors are still required before estimation"
hloga-2007-federal-lobbying-disclosure,cand-c1ad13278d87,reviewed-democracy,excluded_no_observed_prepost_window,reviewed exact-ID source systems=IRS/ProPublica dark-money bridge; Intermediary bridge; Official LDA API; venues=intermediary; opaque_nonprofit_or_dark_money; visible_lobbying,2006-01-01,2007-09-13,2007-09-14,2008-12-31,0.9500,observed_prepost_outcome_rows_missing,reviewed_actor_excluded_from_estimation_panel,"reviewed exact-identifier slice from cross-venue adjudication; broader source-product, source-readiness, and calibrated policy-simulation gates remain blocked until row-count, issue-comparability, false-match, and observed pre/post comparison requirements pass; not assigned to treated or comparison group"
hloga-2007-federal-lobbying-disclosure,cand-f88fd65ae080,reviewed-democracy,excluded_no_observed_prepost_window,reviewed exact-ID source systems=IRS/ProPublica dark-money bridge; Intermediary bridge; venues=intermediary; opaque_nonprofit_or_dark_money,2006-01-01,2007-09-13,2007-09-14,2008-12-31,0.9500,observed_prepost_outcome_rows_missing,reviewed_actor_excluded_from_estimation_panel,"reviewed exact-identifier slice from cross-venue adjudication; broader source-product, source-readiness, and calibrated policy-simulation gates remain blocked until row-count, issue-comparability, false-match, and observed pre/post comparison requirements pass; not assigned to treated or comparison group"
hloga-2007-federal-lobbying-disclosure,cand-95050b6a7b48,reviewed-democracy,excluded_no_observed_prepost_window,reviewed exact-ID source systems=IRS/ProPublica dark-money bridge; Intermediary bridge; venues=intermediary; opaque_nonprofit_or_dark_money,2006-01-01,2007-09-13,2007-09-14,2008-12-31,0.9500,observed_prepost_outcome_rows_missing,reviewed_actor_excluded_from_estimation_panel,"reviewed exact-identifier slice from cross-venue adjudication; broader source-product, source-readiness, and calibrated policy-simulation gates remain blocked until row-count, issue-comparability, false-match, and observed pre/post comparison requirements pass; not assigned to treated or comparison group"
hloga-2007-federal-lobbying-disclosure,cand-7ef06b2f8cc4,reviewed-finance,excluded_no_observed_prepost_window,reviewed exact-ID source systems=IRS/ProPublica dark-money bridge; Intermediary bridge; venues=intermediary; opaque_nonprofit_or_dark_money,2006-01-01,2007-09-13,2007-09-14,2008-12-31,0.9500,observed_prepost_outcome_rows_missing,reviewed_actor_excluded_from_estimation_panel,"reviewed exact-identifier slice from cross-venue adjudication; broader source-product, source-readiness, and calibrated policy-simulation gates remain blocked until row-count, issue-comparability, false-match, and observed pre/post comparison requirements pass; not assigned to treated or comparison group"
hloga-2007-federal-lobbying-disclosure,cand-d86bba0032dc,reviewed-democracy,excluded_no_observed_prepost_window,reviewed exact-ID source systems=IRS/ProPublica dark-money bridge; Intermediary bridge; venues=intermediary; opaque_nonprofit_or_dark_money,2006-01-01,2007-09-13,2007-09-14,2008-12-31,0.9500,observed_prepost_outcome_rows_missing,reviewed_actor_excluded_from_estimation_panel,"reviewed exact-identifier slice from cross-venue adjudication; broader source-product, source-readiness, and calibrated policy-simulation gates remain blocked until row-count, issue-comparability, false-match, and observed pre/post comparison requirements pass; not assigned to treated or comparison group"
hloga-2007-federal-lobbying-disclosure,cand-5d1da86118e5,lda-hcr,treated_hloga_lda_client,official LDA API exact normalized client-name match; visible-lobbying pre/post rows observed; comparison/control assignment remains unresolved,2006-01-01,2007-09-13,2007-09-14,2008-12-31,0.8000,,reviewed_treated_visible_lobbying_prepost,"reviewed exact-identifier slice from cross-venue adjudication; broader source-product, source-readiness, and calibrated policy-simulation gates remain blocked until row-count, issue-comparability, false-match, and observed pre/post comparison requirements pass; treated visible-lobbying assignment comes from official LDA API pre/post rows matched by exact normalized client name; matched comparison/control actors are still required before estimation"
hloga-2007-federal-lobbying-disclosure,cand-5d1da86118e5,lda-ret,treated_hloga_lda_client,official LDA API exact normalized client-name match; visible-lobbying pre/post rows observed; comparison/control assignment remains unresolved,2006-01-01,2007-09-13,2007-09-14,2008-12-31,0.8000,,reviewed_treated_visible_lobbying_prepost,"reviewed exact-identifier slice from cross-venue adjudication; broader source-product, source-readiness, and calibrated policy-simulation gates remain blocked until row-count, issue-comparability, false-match, and observed pre/post comparison requirements pass; treated visible-lobbying assignment comes from official LDA API pre/post rows matched by exact normalized client name; matched comparison/control actors are still required before estimation"
hloga-2007-federal-lobbying-disclosure,cand-5d1da86118e5,lda-tax,treated_hloga_lda_client,official LDA API exact normalized client-name match; visible-lobbying pre/post rows observed; comparison/control assignment remains unresolved,2006-01-01,2007-09-13,2007-09-14,2008-12-31,0.8000,,reviewed_treated_visible_lobbying_prepost,"reviewed exact-identifier slice from cross-venue adjudication; broader source-product, source-readiness, and calibrated policy-simulation gates remain blocked until row-count, issue-comparability, false-match, and observed pre/post comparison requirements pass; treated visible-lobbying assignment comes from official LDA API pre/post rows matched by exact normalized client name; matched comparison/control actors are still required before estimation"
hloga-2007-federal-lobbying-disclosure,cand-5d1da86118e5,lda-uns,treated_hloga_lda_client,official LDA API exact normalized client-name match; visible-lobbying pre/post rows observed; comparison/control assignment remains unresolved,2006-01-01,2007-09-13,2007-09-14,2008-12-31,0.8000,,reviewed_treated_visible_lobbying_prepost,"reviewed exact-identifier slice from cross-venue adjudication; broader source-product, source-readiness, and calibrated policy-simulation gates remain blocked until row-count, issue-comparability, false-match, and observed pre/post comparison requirements pass; treated visible-lobbying assignment comes from official LDA API pre/post rows matched by exact normalized client name; matched comparison/control actors are still required before estimation"
hloga-2007-federal-lobbying-disclosure,cand-5d1da86118e5,reviewed-democracy,excluded_no_observed_prepost_window,reviewed exact-ID source systems=IRS/ProPublica dark-money bridge; Intermediary bridge; Official LDA API; venues=intermediary; opaque_nonprofit_or_dark_money; visible_lobbying,2006-01-01,2007-09-13,2007-09-14,2008-12-31,0.9500,observed_prepost_outcome_rows_missing,reviewed_actor_excluded_from_estimation_panel,"reviewed exact-identifier slice from cross-venue adjudication; broader source-product, source-readiness, and calibrated policy-simulation gates remain blocked until row-count, issue-comparability, false-match, and observed pre/post comparison requirements pass; not assigned to treated or comparison group"
hloga-2007-federal-lobbying-disclosure,cand-43f2c282c903,reviewed-democracy,excluded_no_observed_prepost_window,reviewed exact-ID source systems=IRS/ProPublica dark-money bridge; Intermediary bridge; venues=intermediary; opaque_nonprofit_or_dark_money,2006-01-01,2007-09-13,2007-09-14,2008-12-31,0.9500,observed_prepost_outcome_rows_missing,reviewed_actor_excluded_from_estimation_panel,"reviewed exact-identifier slice from cross-venue adjudication; broader source-product, source-readiness, and calibrated policy-simulation gates remain blocked until row-count, issue-comparability, false-match, and observed pre/post comparison requirements pass; not assigned to treated or comparison group"
hloga-2007-federal-lobbying-disclosure,cand-cac123fc889a,reviewed-energy,excluded_no_observed_prepost_window,reviewed exact-ID source systems=IRS/ProPublica dark-money bridge; Intermediary bridge; venues=intermediary; opaque_nonprofit_or_dark_money,2006-01-01,2007-09-13,2007-09-14,2008-12-31,0.9500,observed_prepost_outcome_rows_missing,reviewed_actor_excluded_from_estimation_panel,"reviewed exact-identifier slice from cross-venue adjudication; broader source-product, source-readiness, and calibrated policy-simulation gates remain blocked until row-count, issue-comparability, false-match, and observed pre/post comparison requirements pass; not assigned to treated or comparison group"
hloga-2007-federal-lobbying-disclosure,cand-0a6c913a83b0,reviewed-democracy,excluded_no_observed_prepost_window,reviewed exact-ID source systems=IRS/ProPublica dark-money bridge; Intermediary bridge; venues=intermediary; opaque_nonprofit_or_dark_money,2006-01-01,2007-09-13,2007-09-14,2008-12-31,0.9500,observed_prepost_outcome_rows_missing,reviewed_actor_excluded_from_estimation_panel,"reviewed exact-identifier slice from cross-venue adjudication; broader source-product, source-readiness, and calibrated policy-simulation gates remain blocked until row-count, issue-comparability, false-match, and observed pre/post comparison requirements pass; not assigned to treated or comparison group"
hloga-2007-federal-lobbying-disclosure,cand-7d9250b22f63,reviewed-democracy,excluded_no_observed_prepost_window,reviewed exact-ID source systems=IRS/ProPublica dark-money bridge; Intermediary bridge; venues=intermediary; opaque_nonprofit_or_dark_money,2006-01-01,2007-09-13,2007-09-14,2008-12-31,0.9500,observed_prepost_outcome_rows_missing,reviewed_actor_excluded_from_estimation_panel,"reviewed exact-identifier slice from cross-venue adjudication; broader source-product, source-readiness, and calibrated policy-simulation gates remain blocked until row-count, issue-comparability, false-match, and observed pre/post comparison requirements pass; not assigned to treated or comparison group"
hloga-2007-federal-lobbying-disclosure,cand-5fe086c58d6d,reviewed-democracy,excluded_no_observed_prepost_window,reviewed exact-ID source systems=IRS/ProPublica dark-money bridge; Intermediary bridge; venues=intermediary; opaque_nonprofit_or_dark_money,2006-01-01,2007-09-13,2007-09-14,2008-12-31,0.9500,observed_prepost_outcome_rows_missing,reviewed_actor_excluded_from_estimation_panel,"reviewed exact-identifier slice from cross-venue adjudication; broader source-product, source-readiness, and calibrated policy-simulation gates remain blocked until row-count, issue-comparability, false-match, and observed pre/post comparison requirements pass; not assigned to treated or comparison group"
hloga-2007-federal-lobbying-disclosure,cand-66a540fb5699,reviewed-democracy,excluded_no_observed_prepost_window,reviewed exact-ID source systems=IRS/ProPublica dark-money bridge; Intermediary bridge; venues=intermediary; opaque_nonprofit_or_dark_money,2006-01-01,2007-09-13,2007-09-14,2008-12-31,0.9500,observed_prepost_outcome_rows_missing,reviewed_actor_excluded_from_estimation_panel,"reviewed exact-identifier slice from cross-venue adjudication; broader source-product, source-readiness, and calibrated policy-simulation gates remain blocked until row-count, issue-comparability, false-match, and observed pre/post comparison requirements pass; not assigned to treated or comparison group"
hloga-2007-federal-lobbying-disclosure,cand-18b1a3e16ac7,reviewed-finance,excluded_no_observed_prepost_window,reviewed exact-ID source systems=IRS/ProPublica dark-money bridge; Intermediary bridge; venues=intermediary; opaque_nonprofit_or_dark_money,2006-01-01,2007-09-13,2007-09-14,2008-12-31,0.9500,observed_prepost_outcome_rows_missing,reviewed_actor_excluded_from_estimation_panel,"reviewed exact-identifier slice from cross-venue adjudication; broader source-product, source-readiness, and calibrated policy-simulation gates remain blocked until row-count, issue-comparability, false-match, and observed pre/post comparison requirements pass; not assigned to treated or comparison group"
hloga-2007-federal-lobbying-disclosure,cand-3b73cde74ddd,reviewed-finance,excluded_no_observed_prepost_window,reviewed exact-ID source systems=IRS/ProPublica dark-money bridge; Intermediary bridge; venues=intermediary; opaque_nonprofit_or_dark_money,2006-01-01,2007-09-13,2007-09-14,2008-12-31,0.9500,observed_prepost_outcome_rows_missing,reviewed_actor_excluded_from_estimation_panel,"reviewed exact-identifier slice from cross-venue adjudication; broader source-product, source-readiness, and calibrated policy-simulation gates remain blocked until row-count, issue-comparability, false-match, and observed pre/post comparison requirements pass; not assigned to treated or comparison group"
hloga-2007-federal-lobbying-disclosure,cand-d3d938e08ef2,reviewed-democracy,excluded_no_observed_prepost_window,reviewed exact-ID source systems=IRS/ProPublica dark-money bridge; Intermediary bridge; venues=intermediary; opaque_nonprofit_or_dark_money,2006-01-01,2007-09-13,2007-09-14,2008-12-31,0.9500,observed_prepost_outcome_rows_missing,reviewed_actor_excluded_from_estimation_panel,"reviewed exact-identifier slice from cross-venue adjudication; broader source-product, source-readiness, and calibrated policy-simulation gates remain blocked until row-count, issue-comparability, false-match, and observed pre/post comparison requirements pass; not assigned to treated or comparison group"
hloga-2007-federal-lobbying-disclosure,cand-dafa53c5301f,reviewed-democracy,excluded_no_observed_prepost_window,reviewed exact-ID source systems=IRS/ProPublica dark-money bridge; Intermediary bridge; venues=intermediary; opaque_nonprofit_or_dark_money,2006-01-01,2007-09-13,2007-09-14,2008-12-31,0.9500,observed_prepost_outcome_rows_missing,reviewed_actor_excluded_from_estimation_panel,"reviewed exact-identifier slice from cross-venue adjudication; broader source-product, source-readiness, and calibrated policy-simulation gates remain blocked until row-count, issue-comparability, false-match, and observed pre/post comparison requirements pass; not assigned to treated or comparison group"
hloga-2007-federal-lobbying-disclosure,cand-10bfcc576140,reviewed-democracy,excluded_no_observed_prepost_window,reviewed exact-ID source systems=IRS/ProPublica dark-money bridge; Intermediary bridge; venues=intermediary; opaque_nonprofit_or_dark_money,2006-01-01,2007-09-13,2007-09-14,2008-12-31,0.9500,observed_prepost_outcome_rows_missing,reviewed_actor_excluded_from_estimation_panel,"reviewed exact-identifier slice from cross-venue adjudication; broader source-product, source-readiness, and calibrated policy-simulation gates remain blocked until row-count, issue-comparability, false-match, and observed pre/post comparison requirements pass; not assigned to treated or comparison group"
hloga-2007-federal-lobbying-disclosure,cand-c7924b0a5778,reviewed-energy,excluded_no_observed_prepost_window,reviewed exact-ID source systems=IRS/ProPublica dark-money bridge; Intermediary bridge; venues=intermediary; opaque_nonprofit_or_dark_money,2006-01-01,2007-09-13,2007-09-14,2008-12-31,0.9500,observed_prepost_outcome_rows_missing,reviewed_actor_excluded_from_estimation_panel,"reviewed exact-identifier slice from cross-venue adjudication; broader source-product, source-readiness, and calibrated policy-simulation gates remain blocked until row-count, issue-comparability, false-match, and observed pre/post comparison requirements pass; not assigned to treated or comparison group"
hloga-2007-federal-lobbying-disclosure,cand-a92bbe0c55ce,reviewed-democracy,excluded_no_observed_prepost_window,reviewed exact-ID source systems=IRS/ProPublica dark-money bridge; Intermediary bridge; venues=intermediary; opaque_nonprofit_or_dark_money,2006-01-01,2007-09-13,2007-09-14,2008-12-31,0.9500,observed_prepost_outcome_rows_missing,reviewed_actor_excluded_from_estimation_panel,"reviewed exact-identifier slice from cross-venue adjudication; broader source-product, source-readiness, and calibrated policy-simulation gates remain blocked until row-count, issue-comparability, false-match, and observed pre/post comparison requirements pass; not assigned to treated or comparison group"
hloga-2007-federal-lobbying-disclosure,cand-d5522e62fad7,lda-bud,treated_hloga_lda_client,official LDA API exact normalized client-name match; visible-lobbying pre/post rows observed; comparison/control assignment remains unresolved,2006-01-01,2007-09-13,2007-09-14,2008-12-31,0.8000,,reviewed_treated_visible_lobbying_prepost,"reviewed exact-identifier slice from cross-venue adjudication; broader source-product, source-readiness, and calibrated policy-simulation gates remain blocked until row-count, issue-comparability, false-match, and observed pre/post comparison requirements pass; treated visible-lobbying assignment comes from official LDA API pre/post rows matched by exact normalized client name; matched comparison/control actors are still required before estimation"
hloga-2007-federal-lobbying-disclosure,cand-d5522e62fad7,lda-eng,treated_hloga_lda_client,official LDA API exact normalized client-name match; visible-lobbying pre/post rows observed; comparison/control assignment remains unresolved,2006-01-01,2007-09-13,2007-09-14,2008-12-31,0.8000,,reviewed_treated_visible_lobbying_prepost,"reviewed exact-identifier slice from cross-venue adjudication; broader source-product, source-readiness, and calibrated policy-simulation gates remain blocked until row-count, issue-comparability, false-match, and observed pre/post comparison requirements pass; treated visible-lobbying assignment comes from official LDA API pre/post rows matched by exact normalized client name; matched comparison/control actors are still required before estimation"
hloga-2007-federal-lobbying-disclosure,cand-d5522e62fad7,lda-env,treated_hloga_lda_client,official LDA API exact normalized client-name match; visible-lobbying pre/post rows observed; comparison/control assignment remains unresolved,2006-01-01,2007-09-13,2007-09-14,2008-12-31,0.8000,,reviewed_treated_visible_lobbying_prepost,"reviewed exact-identifier slice from cross-venue adjudication; broader source-product, source-readiness, and calibrated policy-simulation gates remain blocked until row-count, issue-comparability, false-match, and observed pre/post comparison requirements pass; treated visible-lobbying assignment comes from official LDA API pre/post rows matched by exact normalized client name; matched comparison/control actors are still required before estimation"
hloga-2007-federal-lobbying-disclosure,cand-d5522e62fad7,lda-fue,treated_hloga_lda_client,official LDA API exact normalized client-name match; visible-lobbying pre/post rows observed; comparison/control assignment remains unresolved,2006-01-01,2007-09-13,2007-09-14,2008-12-31,0.8000,,reviewed_treated_visible_lobbying_prepost,"reviewed exact-identifier slice from cross-venue adjudication; broader source-product, source-readiness, and calibrated policy-simulation gates remain blocked until row-count, issue-comparability, false-match, and observed pre/post comparison requirements pass; treated visible-lobbying assignment comes from official LDA API pre/post rows matched by exact normalized client name; matched comparison/control actors are still required before estimation"
hloga-2007-federal-lobbying-disclosure,cand-d5522e62fad7,lda-tax,treated_hloga_lda_client,official LDA API exact normalized client-name match; visible-lobbying pre/post rows observed; comparison/control assignment remains unresolved,2006-01-01,2007-09-13,2007-09-14,2008-12-31,0.8000,,reviewed_treated_visible_lobbying_prepost,"reviewed exact-identifier slice from cross-venue adjudication; broader source-product, source-readiness, and calibrated policy-simulation gates remain blocked until row-count, issue-comparability, false-match, and observed pre/post comparison requirements pass; treated visible-lobbying assignment comes from official LDA API pre/post rows matched by exact normalized client name; matched comparison/control actors are still required before estimation"
hloga-2007-federal-lobbying-disclosure,cand-d5522e62fad7,reviewed-energy,excluded_no_observed_prepost_window,reviewed exact-ID source systems=IRS/ProPublica dark-money bridge; Intermediary bridge; Official LDA API; venues=intermediary; opaque_nonprofit_or_dark_money; visible_lobbying,2006-01-01,2007-09-13,2007-09-14,2008-12-31,0.9500,observed_prepost_outcome_rows_missing,reviewed_actor_excluded_from_estimation_panel,"reviewed exact-identifier slice from cross-venue adjudication; broader source-product, source-readiness, and calibrated policy-simulation gates remain blocked until row-count, issue-comparability, false-match, and observed pre/post comparison requirements pass; not assigned to treated or comparison group"
hloga-2007-federal-lobbying-disclosure,cand-3c450a719fd1,reviewed-democracy,excluded_no_observed_prepost_window,reviewed exact-ID source systems=IRS/ProPublica dark-money bridge; Intermediary bridge; venues=intermediary; opaque_nonprofit_or_dark_money,2006-01-01,2007-09-13,2007-09-14,2008-12-31,0.9500,observed_prepost_outcome_rows_missing,reviewed_actor_excluded_from_estimation_panel,"reviewed exact-identifier slice from cross-venue adjudication; broader source-product, source-readiness, and calibrated policy-simulation gates remain blocked until row-count, issue-comparability, false-match, and observed pre/post comparison requirements pass; not assigned to treated or comparison group"
hloga-2007-federal-lobbying-disclosure,cand-cfd03613b902,reviewed-democracy,excluded_no_observed_prepost_window,reviewed exact-ID source systems=IRS/ProPublica dark-money bridge; Intermediary bridge; venues=intermediary; opaque_nonprofit_or_dark_money,2006-01-01,2007-09-13,2007-09-14,2008-12-31,0.9500,observed_prepost_outcome_rows_missing,reviewed_actor_excluded_from_estimation_panel,"reviewed exact-identifier slice from cross-venue adjudication; broader source-product, source-readiness, and calibrated policy-simulation gates remain blocked until row-count, issue-comparability, false-match, and observed pre/post comparison requirements pass; not assigned to treated or comparison group"
hloga-2007-federal-lobbying-disclosure,cand-33c27236e8a9,reviewed-democracy,excluded_no_observed_prepost_window,reviewed exact-ID source systems=IRS/ProPublica dark-money bridge; Intermediary bridge; venues=intermediary; opaque_nonprofit_or_dark_money,2006-01-01,2007-09-13,2007-09-14,2008-12-31,0.9500,observed_prepost_outcome_rows_missing,reviewed_actor_excluded_from_estimation_panel,"reviewed exact-identifier slice from cross-venue adjudication; broader source-product, source-readiness, and calibrated policy-simulation gates remain blocked until row-count, issue-comparability, false-match, and observed pre/post comparison requirements pass; not assigned to treated or comparison group"
hloga-2007-federal-lobbying-disclosure,cand-9496f73c7fb7,reviewed-democracy,excluded_no_observed_prepost_window,reviewed exact-ID source systems=IRS/ProPublica dark-money bridge; Intermediary bridge; venues=intermediary; opaque_nonprofit_or_dark_money,2006-01-01,2007-09-13,2007-09-14,2008-12-31,0.9500,observed_prepost_outcome_rows_missing,reviewed_actor_excluded_from_estimation_panel,"reviewed exact-identifier slice from cross-venue adjudication; broader source-product, source-readiness, and calibrated policy-simulation gates remain blocked until row-count, issue-comparability, false-match, and observed pre/post comparison requirements pass; not assigned to treated or comparison group"
hloga-2007-federal-lobbying-disclosure,cand-2d2d9cbda29f,reviewed-democracy,excluded_no_observed_prepost_window,reviewed exact-ID source systems=IRS/ProPublica dark-money bridge; Intermediary bridge; venues=intermediary; opaque_nonprofit_or_dark_money,2006-01-01,2007-09-13,2007-09-14,2008-12-31,0.9500,observed_prepost_outcome_rows_missing,reviewed_actor_excluded_from_estimation_panel,"reviewed exact-identifier slice from cross-venue adjudication; broader source-product, source-readiness, and calibrated policy-simulation gates remain blocked until row-count, issue-comparability, false-match, and observed pre/post comparison requirements pass; not assigned to treated or comparison group"
hloga-2007-federal-lobbying-disclosure,cand-49be9bd8c18d,reviewed-democracy,excluded_no_observed_prepost_window,reviewed exact-ID source systems=IRS/ProPublica dark-money bridge; Intermediary bridge; venues=intermediary; opaque_nonprofit_or_dark_money,2006-01-01,2007-09-13,2007-09-14,2008-12-31,0.9500,observed_prepost_outcome_rows_missing,reviewed_actor_excluded_from_estimation_panel,"reviewed exact-identifier slice from cross-venue adjudication; broader source-product, source-readiness, and calibrated policy-simulation gates remain blocked until row-count, issue-comparability, false-match, and observed pre/post comparison requirements pass; not assigned to treated or comparison group"
hloga-2007-federal-lobbying-disclosure,cand-e4b4110348d5,reviewed-democracy,excluded_no_observed_prepost_window,reviewed exact-ID source systems=IRS/ProPublica dark-money bridge; Intermediary bridge; venues=intermediary; opaque_nonprofit_or_dark_money,2006-01-01,2007-09-13,2007-09-14,2008-12-31,0.9500,observed_prepost_outcome_rows_missing,reviewed_actor_excluded_from_estimation_panel,"reviewed exact-identifier slice from cross-venue adjudication; broader source-product, source-readiness, and calibrated policy-simulation gates remain blocked until row-count, issue-comparability, false-match, and observed pre/post comparison requirements pass; not assigned to treated or comparison group"
hloga-2007-federal-lobbying-disclosure,cand-d16752748267,reviewed-finance,excluded_no_observed_prepost_window,reviewed exact-ID source systems=IRS/ProPublica dark-money bridge; Intermediary bridge; venues=intermediary; opaque_nonprofit_or_dark_money,2006-01-01,2007-09-13,2007-09-14,2008-12-31,0.9500,observed_prepost_outcome_rows_missing,reviewed_actor_excluded_from_estimation_panel,"reviewed exact-identifier slice from cross-venue adjudication; broader source-product, source-readiness, and calibrated policy-simulation gates remain blocked until row-count, issue-comparability, false-match, and observed pre/post comparison requirements pass; not assigned to treated or comparison group"
hloga-2007-federal-lobbying-disclosure,cand-cedda632b366,reviewed-democracy,excluded_no_observed_prepost_window,reviewed exact-ID source systems=IRS/ProPublica dark-money bridge; Intermediary bridge; venues=intermediary; opaque_nonprofit_or_dark_money,2006-01-01,2007-09-13,2007-09-14,2008-12-31,0.9500,observed_prepost_outcome_rows_missing,reviewed_actor_excluded_from_estimation_panel,"reviewed exact-identifier slice from cross-venue adjudication; broader source-product, source-readiness, and calibrated policy-simulation gates remain blocked until row-count, issue-comparability, false-match, and observed pre/post comparison requirements pass; not assigned to treated or comparison group"
hloga-2007-federal-lobbying-disclosure,cand-eb4e602fa546,reviewed-democracy,excluded_no_observed_prepost_window,reviewed exact-ID source systems=IRS/ProPublica dark-money bridge; Intermediary bridge; venues=intermediary; opaque_nonprofit_or_dark_money,2006-01-01,2007-09-13,2007-09-14,2008-12-31,0.9500,observed_prepost_outcome_rows_missing,reviewed_actor_excluded_from_estimation_panel,"reviewed exact-identifier slice from cross-venue adjudication; broader source-product, source-readiness, and calibrated policy-simulation gates remain blocked until row-count, issue-comparability, false-match, and observed pre/post comparison requirements pass; not assigned to treated or comparison group"
hloga-2007-federal-lobbying-disclosure,cand-372cc95f9387,lda-eng,treated_hloga_lda_client,official LDA API exact normalized client-name match; visible-lobbying pre/post rows observed; comparison/control assignment remains unresolved,2006-01-01,2007-09-13,2007-09-14,2008-12-31,0.8000,,reviewed_treated_visible_lobbying_prepost,"reviewed exact-identifier slice from cross-venue adjudication; broader source-product, source-readiness, and calibrated policy-simulation gates remain blocked until row-count, issue-comparability, false-match, and observed pre/post comparison requirements pass; treated visible-lobbying assignment comes from official LDA API pre/post rows matched by exact normalized client name; matched comparison/control actors are still required before estimation"
hloga-2007-federal-lobbying-disclosure,cand-372cc95f9387,lda-fue,treated_hloga_lda_client,official LDA API exact normalized client-name match; visible-lobbying pre/post rows observed; comparison/control assignment remains unresolved,2006-01-01,2007-09-13,2007-09-14,2008-12-31,0.8000,,reviewed_treated_visible_lobbying_prepost,"reviewed exact-identifier slice from cross-venue adjudication; broader source-product, source-readiness, and calibrated policy-simulation gates remain blocked until row-count, issue-comparability, false-match, and observed pre/post comparison requirements pass; treated visible-lobbying assignment comes from official LDA API pre/post rows matched by exact normalized client name; matched comparison/control actors are still required before estimation"
hloga-2007-federal-lobbying-disclosure,cand-372cc95f9387,reviewed-energy,excluded_no_observed_prepost_window,reviewed exact-ID source systems=IRS/ProPublica dark-money bridge; Intermediary bridge; Official LDA API; venues=intermediary; opaque_nonprofit_or_dark_money; visible_lobbying,2006-01-01,2007-09-13,2007-09-14,2008-12-31,0.9500,observed_prepost_outcome_rows_missing,reviewed_actor_excluded_from_estimation_panel,"reviewed exact-identifier slice from cross-venue adjudication; broader source-product, source-readiness, and calibrated policy-simulation gates remain blocked until row-count, issue-comparability, false-match, and observed pre/post comparison requirements pass; not assigned to treated or comparison group"
hloga-2007-federal-lobbying-disclosure,cand-98c41d93fe2a,reviewed-democracy,excluded_no_observed_prepost_window,reviewed exact-ID source systems=IRS/ProPublica dark-money bridge; Intermediary bridge; venues=intermediary; opaque_nonprofit_or_dark_money,2006-01-01,2007-09-13,2007-09-14,2008-12-31,0.9500,observed_prepost_outcome_rows_missing,reviewed_actor_excluded_from_estimation_panel,"reviewed exact-identifier slice from cross-venue adjudication; broader source-product, source-readiness, and calibrated policy-simulation gates remain blocked until row-count, issue-comparability, false-match, and observed pre/post comparison requirements pass; not assigned to treated or comparison group"
hloga-2007-federal-lobbying-disclosure,cand-7533f25d29df,reviewed-democracy,excluded_no_observed_prepost_window,reviewed exact-ID source systems=IRS/ProPublica dark-money bridge; Intermediary bridge; venues=intermediary; opaque_nonprofit_or_dark_money,2006-01-01,2007-09-13,2007-09-14,2008-12-31,0.9500,observed_prepost_outcome_rows_missing,reviewed_actor_excluded_from_estimation_panel,"reviewed exact-identifier slice from cross-venue adjudication; broader source-product, source-readiness, and calibrated policy-simulation gates remain blocked until row-count, issue-comparability, false-match, and observed pre/post comparison requirements pass; not assigned to treated or comparison group"
hloga-2007-federal-lobbying-disclosure,cand-4b31022571c3,reviewed-democracy,excluded_no_observed_prepost_window,reviewed exact-ID source systems=IRS/ProPublica dark-money bridge; Intermediary bridge; venues=intermediary; opaque_nonprofit_or_dark_money,2006-01-01,2007-09-13,2007-09-14,2008-12-31,0.9500,observed_prepost_outcome_rows_missing,reviewed_actor_excluded_from_estimation_panel,"reviewed exact-identifier slice from cross-venue adjudication; broader source-product, source-readiness, and calibrated policy-simulation gates remain blocked until row-count, issue-comparability, false-match, and observed pre/post comparison requirements pass; not assigned to treated or comparison group"
hloga-2007-federal-lobbying-disclosure,cand-fadf34716bf0,reviewed-democracy,excluded_no_observed_prepost_window,reviewed exact-ID source systems=IRS/ProPublica dark-money bridge; Intermediary bridge; venues=intermediary; opaque_nonprofit_or_dark_money,2006-01-01,2007-09-13,2007-09-14,2008-12-31,0.9500,observed_prepost_outcome_rows_missing,reviewed_actor_excluded_from_estimation_panel,"reviewed exact-identifier slice from cross-venue adjudication; broader source-product, source-readiness, and calibrated policy-simulation gates remain blocked until row-count, issue-comparability, false-match, and observed pre/post comparison requirements pass; not assigned to treated or comparison group"
hloga-2007-federal-lobbying-disclosure,cand-13830216a448,reviewed-democracy,excluded_no_observed_prepost_window,reviewed exact-ID source systems=IRS/ProPublica dark-money bridge; Intermediary bridge; venues=intermediary; opaque_nonprofit_or_dark_money,2006-01-01,2007-09-13,2007-09-14,2008-12-31,0.9500,observed_prepost_outcome_rows_missing,reviewed_actor_excluded_from_estimation_panel,"reviewed exact-identifier slice from cross-venue adjudication; broader source-product, source-readiness, and calibrated policy-simulation gates remain blocked until row-count, issue-comparability, false-match, and observed pre/post comparison requirements pass; not assigned to treated or comparison group"
hloga-2007-federal-lobbying-disclosure,cand-aa571f18dc05,reviewed-democracy,excluded_no_observed_prepost_window,reviewed exact-ID source systems=IRS/ProPublica dark-money bridge; Intermediary bridge; venues=intermediary; opaque_nonprofit_or_dark_money,2006-01-01,2007-09-13,2007-09-14,2008-12-31,0.9500,observed_prepost_outcome_rows_missing,reviewed_actor_excluded_from_estimation_panel,"reviewed exact-identifier slice from cross-venue adjudication; broader source-product, source-readiness, and calibrated policy-simulation gates remain blocked until row-count, issue-comparability, false-match, and observed pre/post comparison requirements pass; not assigned to treated or comparison group"
hloga-2007-federal-lobbying-disclosure,cand-21685df19cf7,reviewed-democracy,excluded_no_observed_prepost_window,reviewed exact-ID source systems=IRS/ProPublica dark-money bridge; Intermediary bridge; venues=intermediary; opaque_nonprofit_or_dark_money,2006-01-01,2007-09-13,2007-09-14,2008-12-31,0.9500,observed_prepost_outcome_rows_missing,reviewed_actor_excluded_from_estimation_panel,"reviewed exact-identifier slice from cross-venue adjudication; broader source-product, source-readiness, and calibrated policy-simulation gates remain blocked until row-count, issue-comparability, false-match, and observed pre/post comparison requirements pass; not assigned to treated or comparison group"
hloga-2007-federal-lobbying-disclosure,cand-749d0c5b960b,reviewed-democracy,excluded_no_observed_prepost_window,reviewed exact-ID source systems=IRS/ProPublica dark-money bridge; Intermediary bridge; venues=intermediary; opaque_nonprofit_or_dark_money,2006-01-01,2007-09-13,2007-09-14,2008-12-31,0.9500,observed_prepost_outcome_rows_missing,reviewed_actor_excluded_from_estimation_panel,"reviewed exact-identifier slice from cross-venue adjudication; broader source-product, source-readiness, and calibrated policy-simulation gates remain blocked until row-count, issue-comparability, false-match, and observed pre/post comparison requirements pass; not assigned to treated or comparison group"
hloga-2007-federal-lobbying-disclosure,cand-899592c4a500,reviewed-democracy,excluded_no_observed_prepost_window,reviewed exact-ID source systems=IRS/ProPublica dark-money bridge; Intermediary bridge; venues=intermediary; opaque_nonprofit_or_dark_money,2006-01-01,2007-09-13,2007-09-14,2008-12-31,0.9500,observed_prepost_outcome_rows_missing,reviewed_actor_excluded_from_estimation_panel,"reviewed exact-identifier slice from cross-venue adjudication; broader source-product, source-readiness, and calibrated policy-simulation gates remain blocked until row-count, issue-comparability, false-match, and observed pre/post comparison requirements pass; not assigned to treated or comparison group"
hloga-2007-federal-lobbying-disclosure,cand-aa756701541d,reviewed-democracy,excluded_no_observed_prepost_window,reviewed exact-ID source systems=IRS/ProPublica dark-money bridge; Intermediary bridge; venues=intermediary; opaque_nonprofit_or_dark_money,2006-01-01,2007-09-13,2007-09-14,2008-12-31,0.9500,observed_prepost_outcome_rows_missing,reviewed_actor_excluded_from_estimation_panel,"reviewed exact-identifier slice from cross-venue adjudication; broader source-product, source-readiness, and calibrated policy-simulation gates remain blocked until row-count, issue-comparability, false-match, and observed pre/post comparison requirements pass; not assigned to treated or comparison group"
hloga-2007-federal-lobbying-disclosure,cand-c2803df9b761,reviewed-democracy,excluded_no_observed_prepost_window,reviewed exact-ID source systems=IRS/ProPublica dark-money bridge; Intermediary bridge; venues=intermediary; opaque_nonprofit_or_dark_money,2006-01-01,2007-09-13,2007-09-14,2008-12-31,0.9500,observed_prepost_outcome_rows_missing,reviewed_actor_excluded_from_estimation_panel,"reviewed exact-identifier slice from cross-venue adjudication; broader source-product, source-readiness, and calibrated policy-simulation gates remain blocked until row-count, issue-comparability, false-match, and observed pre/post comparison requirements pass; not assigned to treated or comparison group"
hloga-2007-federal-lobbying-disclosure,cand-6157c3cca620,reviewed-democracy,excluded_no_observed_prepost_window,reviewed exact-ID source systems=IRS/ProPublica dark-money bridge; Intermediary bridge; venues=intermediary; opaque_nonprofit_or_dark_money,2006-01-01,2007-09-13,2007-09-14,2008-12-31,0.9500,observed_prepost_outcome_rows_missing,reviewed_actor_excluded_from_estimation_panel,"reviewed exact-identifier slice from cross-venue adjudication; broader source-product, source-readiness, and calibrated policy-simulation gates remain blocked until row-count, issue-comparability, false-match, and observed pre/post comparison requirements pass; not assigned to treated or comparison group"
hloga-2007-federal-lobbying-disclosure,cand-3d9b48c1a6d4,reviewed-democracy,excluded_no_observed_prepost_window,reviewed exact-ID source systems=IRS/ProPublica dark-money bridge; Intermediary bridge; venues=intermediary; opaque_nonprofit_or_dark_money,2006-01-01,2007-09-13,2007-09-14,2008-12-31,0.9500,observed_prepost_outcome_rows_missing,reviewed_actor_excluded_from_estimation_panel,"reviewed exact-identifier slice from cross-venue adjudication; broader source-product, source-readiness, and calibrated policy-simulation gates remain blocked until row-count, issue-comparability, false-match, and observed pre/post comparison requirements pass; not assigned to treated or comparison group"
hloga-2007-federal-lobbying-disclosure,cand-b1665a8d706c,reviewed-democracy,excluded_no_observed_prepost_window,reviewed exact-ID source systems=IRS/ProPublica dark-money bridge; Intermediary bridge; venues=intermediary; opaque_nonprofit_or_dark_money,2006-01-01,2007-09-13,2007-09-14,2008-12-31,0.9500,observed_prepost_outcome_rows_missing,reviewed_actor_excluded_from_estimation_panel,"reviewed exact-identifier slice from cross-venue adjudication; broader source-product, source-readiness, and calibrated policy-simulation gates remain blocked until row-count, issue-comparability, false-match, and observed pre/post comparison requirements pass; not assigned to treated or comparison group"
hloga-2007-federal-lobbying-disclosure,cand-88b99691b59f,reviewed-democracy,excluded_no_observed_prepost_window,reviewed exact-ID source systems=IRS/ProPublica dark-money bridge; Intermediary bridge; venues=intermediary; opaque_nonprofit_or_dark_money,2006-01-01,2007-09-13,2007-09-14,2008-12-31,0.9500,observed_prepost_outcome_rows_missing,reviewed_actor_excluded_from_estimation_panel,"reviewed exact-identifier slice from cross-venue adjudication; broader source-product, source-readiness, and calibrated policy-simulation gates remain blocked until row-count, issue-comparability, false-match, and observed pre/post comparison requirements pass; not assigned to treated or comparison group"
hloga-2007-federal-lobbying-disclosure,cand-ab78b82f0ada,reviewed-democracy,excluded_no_observed_prepost_window,reviewed exact-ID source systems=IRS/ProPublica dark-money bridge; Intermediary bridge; venues=intermediary; opaque_nonprofit_or_dark_money,2006-01-01,2007-09-13,2007-09-14,2008-12-31,0.9500,observed_prepost_outcome_rows_missing,reviewed_actor_excluded_from_estimation_panel,"reviewed exact-identifier slice from cross-venue adjudication; broader source-product, source-readiness, and calibrated policy-simulation gates remain blocked until row-count, issue-comparability, false-match, and observed pre/post comparison requirements pass; not assigned to treated or comparison group"
hloga-2007-federal-lobbying-disclosure,cand-2d6281ab377b,reviewed-democracy,excluded_no_observed_prepost_window,reviewed exact-ID source systems=IRS/ProPublica dark-money bridge; Intermediary bridge; venues=intermediary; opaque_nonprofit_or_dark_money,2006-01-01,2007-09-13,2007-09-14,2008-12-31,0.9500,observed_prepost_outcome_rows_missing,reviewed_actor_excluded_from_estimation_panel,"reviewed exact-identifier slice from cross-venue adjudication; broader source-product, source-readiness, and calibrated policy-simulation gates remain blocked until row-count, issue-comparability, false-match, and observed pre/post comparison requirements pass; not assigned to treated or comparison group"
hloga-2007-federal-lobbying-disclosure,cand-82509c0964aa,reviewed-democracy,excluded_no_observed_prepost_window,reviewed exact-ID source systems=IRS/ProPublica dark-money bridge; Intermediary bridge; venues=intermediary; opaque_nonprofit_or_dark_money,2006-01-01,2007-09-13,2007-09-14,2008-12-31,0.9500,observed_prepost_outcome_rows_missing,reviewed_actor_excluded_from_estimation_panel,"reviewed exact-identifier slice from cross-venue adjudication; broader source-product, source-readiness, and calibrated policy-simulation gates remain blocked until row-count, issue-comparability, false-match, and observed pre/post comparison requirements pass; not assigned to treated or comparison group"
hloga-2007-federal-lobbying-disclosure,cand-c577c281cd40,reviewed-democracy,excluded_no_observed_prepost_window,reviewed exact-ID source systems=IRS/ProPublica dark-money bridge; Intermediary bridge; venues=intermediary; opaque_nonprofit_or_dark_money,2006-01-01,2007-09-13,2007-09-14,2008-12-31,0.9500,observed_prepost_outcome_rows_missing,reviewed_actor_excluded_from_estimation_panel,"reviewed exact-identifier slice from cross-venue adjudication; broader source-product, source-readiness, and calibrated policy-simulation gates remain blocked until row-count, issue-comparability, false-match, and observed pre/post comparison requirements pass; not assigned to treated or comparison group"
hloga-2007-federal-lobbying-disclosure,cand-30488f95b461,reviewed-democracy,excluded_no_observed_prepost_window,reviewed exact-ID source systems=IRS/ProPublica dark-money bridge; Intermediary bridge; venues=intermediary; opaque_nonprofit_or_dark_money,2006-01-01,2007-09-13,2007-09-14,2008-12-31,0.9500,observed_prepost_outcome_rows_missing,reviewed_actor_excluded_from_estimation_panel,"reviewed exact-identifier slice from cross-venue adjudication; broader source-product, source-readiness, and calibrated policy-simulation gates remain blocked until row-count, issue-comparability, false-match, and observed pre/post comparison requirements pass; not assigned to treated or comparison group"
hloga-2007-federal-lobbying-disclosure,cand-d939d0a41ab3,reviewed-democracy,excluded_no_observed_prepost_window,reviewed exact-ID source systems=IRS/ProPublica dark-money bridge; Intermediary bridge; venues=intermediary; opaque_nonprofit_or_dark_money,2006-01-01,2007-09-13,2007-09-14,2008-12-31,0.9500,observed_prepost_outcome_rows_missing,reviewed_actor_excluded_from_estimation_panel,"reviewed exact-identifier slice from cross-venue adjudication; broader source-product, source-readiness, and calibrated policy-simulation gates remain blocked until row-count, issue-comparability, false-match, and observed pre/post comparison requirements pass; not assigned to treated or comparison group"
hloga-2007-federal-lobbying-disclosure,cand-2b1570f1b2a4,reviewed-democracy,excluded_no_observed_prepost_window,reviewed exact-ID source systems=IRS/ProPublica dark-money bridge; Intermediary bridge; venues=intermediary; opaque_nonprofit_or_dark_money,2006-01-01,2007-09-13,2007-09-14,2008-12-31,0.9500,observed_prepost_outcome_rows_missing,reviewed_actor_excluded_from_estimation_panel,"reviewed exact-identifier slice from cross-venue adjudication; broader source-product, source-readiness, and calibrated policy-simulation gates remain blocked until row-count, issue-comparability, false-match, and observed pre/post comparison requirements pass; not assigned to treated or comparison group"
hloga-2007-federal-lobbying-disclosure,cand-fe1eb5d097ec,reviewed-procurement,excluded_no_observed_prepost_window,reviewed exact-ID source systems=IRS/ProPublica dark-money bridge; Intermediary bridge; venues=intermediary; opaque_nonprofit_or_dark_money,2006-01-01,2007-09-13,2007-09-14,2008-12-31,0.9500,observed_prepost_outcome_rows_missing,reviewed_actor_excluded_from_estimation_panel,"reviewed exact-identifier slice from cross-venue adjudication; broader source-product, source-readiness, and calibrated policy-simulation gates remain blocked until row-count, issue-comparability, false-match, and observed pre/post comparison requirements pass; not assigned to treated or comparison group"
hloga-2007-federal-lobbying-disclosure,cand-9c7cbdd231db,reviewed-democracy,excluded_no_observed_prepost_window,reviewed exact-ID source systems=IRS/ProPublica dark-money bridge; Intermediary bridge; venues=intermediary; opaque_nonprofit_or_dark_money,2006-01-01,2007-09-13,2007-09-14,2008-12-31,0.9500,observed_prepost_outcome_rows_missing,reviewed_actor_excluded_from_estimation_panel,"reviewed exact-identifier slice from cross-venue adjudication; broader source-product, source-readiness, and calibrated policy-simulation gates remain blocked until row-count, issue-comparability, false-match, and observed pre/post comparison requirements pass; not assigned to treated or comparison group"
hloga-2007-federal-lobbying-disclosure,cand-c4ce747a04aa,reviewed-democracy,excluded_no_observed_prepost_window,reviewed exact-ID source systems=IRS/ProPublica dark-money bridge; Intermediary bridge; venues=intermediary; opaque_nonprofit_or_dark_money,2006-01-01,2007-09-13,2007-09-14,2008-12-31,0.9500,observed_prepost_outcome_rows_missing,reviewed_actor_excluded_from_estimation_panel,"reviewed exact-identifier slice from cross-venue adjudication; broader source-product, source-readiness, and calibrated policy-simulation gates remain blocked until row-count, issue-comparability, false-match, and observed pre/post comparison requirements pass; not assigned to treated or comparison group"
hloga-2007-federal-lobbying-disclosure,cand-d4bc8a687925,reviewed-democracy,excluded_no_observed_prepost_window,reviewed exact-ID source systems=IRS/ProPublica dark-money bridge; Intermediary bridge; venues=intermediary; opaque_nonprofit_or_dark_money,2006-01-01,2007-09-13,2007-09-14,2008-12-31,0.9500,observed_prepost_outcome_rows_missing,reviewed_actor_excluded_from_estimation_panel,"reviewed exact-identifier slice from cross-venue adjudication; broader source-product, source-readiness, and calibrated policy-simulation gates remain blocked until row-count, issue-comparability, false-match, and observed pre/post comparison requirements pass; not assigned to treated or comparison group"
hloga-2007-federal-lobbying-disclosure,cand-1032eaf31afb,reviewed-democracy,excluded_no_observed_prepost_window,reviewed exact-ID source systems=IRS/ProPublica dark-money bridge; Intermediary bridge; venues=intermediary; opaque_nonprofit_or_dark_money,2006-01-01,2007-09-13,2007-09-14,2008-12-31,0.9500,observed_prepost_outcome_rows_missing,reviewed_actor_excluded_from_estimation_panel,"reviewed exact-identifier slice from cross-venue adjudication; broader source-product, source-readiness, and calibrated policy-simulation gates remain blocked until row-count, issue-comparability, false-match, and observed pre/post comparison requirements pass; not assigned to treated or comparison group"
hloga-2007-federal-lobbying-disclosure,cand-b429d9f44c09,reviewed-democracy,excluded_no_observed_prepost_window,reviewed exact-ID source systems=IRS/ProPublica dark-money bridge; Intermediary bridge; venues=intermediary; opaque_nonprofit_or_dark_money,2006-01-01,2007-09-13,2007-09-14,2008-12-31,0.9500,observed_prepost_outcome_rows_missing,reviewed_actor_excluded_from_estimation_panel,"reviewed exact-identifier slice from cross-venue adjudication; broader source-product, source-readiness, and calibrated policy-simulation gates remain blocked until row-count, issue-comparability, false-match, and observed pre/post comparison requirements pass; not assigned to treated or comparison group"
hloga-2007-federal-lobbying-disclosure,cand-fd2b03a8220b,reviewed-democracy,excluded_no_observed_prepost_window,reviewed exact-ID source systems=IRS/ProPublica dark-money bridge; Intermediary bridge; venues=intermediary; opaque_nonprofit_or_dark_money,2006-01-01,2007-09-13,2007-09-14,2008-12-31,0.9500,observed_prepost_outcome_rows_missing,reviewed_actor_excluded_from_estimation_panel,"reviewed exact-identifier slice from cross-venue adjudication; broader source-product, source-readiness, and calibrated policy-simulation gates remain blocked until row-count, issue-comparability, false-match, and observed pre/post comparison requirements pass; not assigned to treated or comparison group"
hloga-2007-federal-lobbying-disclosure,cand-e2c58cc1df41,reviewed-democracy,excluded_no_observed_prepost_window,reviewed exact-ID source systems=IRS/ProPublica dark-money bridge; Intermediary bridge; venues=intermediary; opaque_nonprofit_or_dark_money,2006-01-01,2007-09-13,2007-09-14,2008-12-31,0.9500,observed_prepost_outcome_rows_missing,reviewed_actor_excluded_from_estimation_panel,"reviewed exact-identifier slice from cross-venue adjudication; broader source-product, source-readiness, and calibrated policy-simulation gates remain blocked until row-count, issue-comparability, false-match, and observed pre/post comparison requirements pass; not assigned to treated or comparison group"
hloga-2007-federal-lobbying-disclosure,cand-864bafa083fe,reviewed-democracy,excluded_no_observed_prepost_window,reviewed exact-ID source systems=IRS/ProPublica dark-money bridge; Intermediary bridge; venues=intermediary; opaque_nonprofit_or_dark_money,2006-01-01,2007-09-13,2007-09-14,2008-12-31,0.9500,observed_prepost_outcome_rows_missing,reviewed_actor_excluded_from_estimation_panel,"reviewed exact-identifier slice from cross-venue adjudication; broader source-product, source-readiness, and calibrated policy-simulation gates remain blocked until row-count, issue-comparability, false-match, and observed pre/post comparison requirements pass; not assigned to treated or comparison group"
hloga-2007-federal-lobbying-disclosure,cand-c3220178b11b,reviewed-democracy,excluded_no_observed_prepost_window,reviewed exact-ID source systems=IRS/ProPublica dark-money bridge; Intermediary bridge; venues=intermediary; opaque_nonprofit_or_dark_money,2006-01-01,2007-09-13,2007-09-14,2008-12-31,0.9500,observed_prepost_outcome_rows_missing,reviewed_actor_excluded_from_estimation_panel,"reviewed exact-identifier slice from cross-venue adjudication; broader source-product, source-readiness, and calibrated policy-simulation gates remain blocked until row-count, issue-comparability, false-match, and observed pre/post comparison requirements pass; not assigned to treated or comparison group"
hloga-2007-federal-lobbying-disclosure,cand-8b8e7dd502b6,reviewed-democracy,excluded_no_observed_prepost_window,reviewed exact-ID source systems=IRS/ProPublica dark-money bridge; Intermediary bridge; venues=intermediary; opaque_nonprofit_or_dark_money,2006-01-01,2007-09-13,2007-09-14,2008-12-31,0.9500,observed_prepost_outcome_rows_missing,reviewed_actor_excluded_from_estimation_panel,"reviewed exact-identifier slice from cross-venue adjudication; broader source-product, source-readiness, and calibrated policy-simulation gates remain blocked until row-count, issue-comparability, false-match, and observed pre/post comparison requirements pass; not assigned to treated or comparison group"
hloga-2007-federal-lobbying-disclosure,cand-29773778185f,reviewed-democracy,excluded_no_observed_prepost_window,reviewed exact-ID source systems=IRS/ProPublica dark-money bridge; Intermediary bridge; venues=intermediary; opaque_nonprofit_or_dark_money,2006-01-01,2007-09-13,2007-09-14,2008-12-31,0.9500,observed_prepost_outcome_rows_missing,reviewed_actor_excluded_from_estimation_panel,"reviewed exact-identifier slice from cross-venue adjudication; broader source-product, source-readiness, and calibrated policy-simulation gates remain blocked until row-count, issue-comparability, false-match, and observed pre/post comparison requirements pass; not assigned to treated or comparison group"
hloga-2007-federal-lobbying-disclosure,cand-c1a13623a8b8,reviewed-democracy,excluded_no_observed_prepost_window,reviewed exact-ID source systems=IRS/ProPublica dark-money bridge; Intermediary bridge; venues=intermediary; opaque_nonprofit_or_dark_money,2006-01-01,2007-09-13,2007-09-14,2008-12-31,0.9500,observed_prepost_outcome_rows_missing,reviewed_actor_excluded_from_estimation_panel,"reviewed exact-identifier slice from cross-venue adjudication; broader source-product, source-readiness, and calibrated policy-simulation gates remain blocked until row-count, issue-comparability, false-match, and observed pre/post comparison requirements pass; not assigned to treated or comparison group"
hloga-2007-federal-lobbying-disclosure,cand-30d145744dc5,reviewed-democracy,excluded_no_observed_prepost_window,reviewed exact-ID source systems=IRS/ProPublica dark-money bridge; Intermediary bridge; venues=intermediary; opaque_nonprofit_or_dark_money,2006-01-01,2007-09-13,2007-09-14,2008-12-31,0.9500,observed_prepost_outcome_rows_missing,reviewed_actor_excluded_from_estimation_panel,"reviewed exact-identifier slice from cross-venue adjudication; broader source-product, source-readiness, and calibrated policy-simulation gates remain blocked until row-count, issue-comparability, false-match, and observed pre/post comparison requirements pass; not assigned to treated or comparison group"
hloga-2007-federal-lobbying-disclosure,cand-708b45c36f98,reviewed-democracy,excluded_no_observed_prepost_window,reviewed exact-ID source systems=IRS/ProPublica dark-money bridge; Intermediary bridge; venues=intermediary; opaque_nonprofit_or_dark_money,2006-01-01,2007-09-13,2007-09-14,2008-12-31,0.9500,observed_prepost_outcome_rows_missing,reviewed_actor_excluded_from_estimation_panel,"reviewed exact-identifier slice from cross-venue adjudication; broader source-product, source-readiness, and calibrated policy-simulation gates remain blocked until row-count, issue-comparability, false-match, and observed pre/post comparison requirements pass; not assigned to treated or comparison group"
hloga-2007-federal-lobbying-disclosure,cand-d0cfa6c2bfcb,reviewed-technology,excluded_no_observed_prepost_window,reviewed exact-ID source systems=IRS/ProPublica dark-money bridge; Intermediary bridge; venues=intermediary; opaque_nonprofit_or_dark_money,2006-01-01,2007-09-13,2007-09-14,2008-12-31,0.9500,observed_prepost_outcome_rows_missing,reviewed_actor_excluded_from_estimation_panel,"reviewed exact-identifier slice from cross-venue adjudication; broader source-product, source-readiness, and calibrated policy-simulation gates remain blocked until row-count, issue-comparability, false-match, and observed pre/post comparison requirements pass; not assigned to treated or comparison group"
hloga-2007-federal-lobbying-disclosure,cand-4eb24709d09b,reviewed-democracy,excluded_no_observed_prepost_window,reviewed exact-ID source systems=IRS/ProPublica dark-money bridge; Intermediary bridge; venues=intermediary; opaque_nonprofit_or_dark_money,2006-01-01,2007-09-13,2007-09-14,2008-12-31,0.9500,observed_prepost_outcome_rows_missing,reviewed_actor_excluded_from_estimation_panel,"reviewed exact-identifier slice from cross-venue adjudication; broader source-product, source-readiness, and calibrated policy-simulation gates remain blocked until row-count, issue-comparability, false-match, and observed pre/post comparison requirements pass; not assigned to treated or comparison group"
hloga-2007-federal-lobbying-disclosure,cand-19c31cd51b3b,reviewed-democracy,excluded_no_observed_prepost_window,reviewed exact-ID source systems=IRS/ProPublica dark-money bridge; Intermediary bridge; venues=intermediary; opaque_nonprofit_or_dark_money,2006-01-01,2007-09-13,2007-09-14,2008-12-31,0.9500,observed_prepost_outcome_rows_missing,reviewed_actor_excluded_from_estimation_panel,"reviewed exact-identifier slice from cross-venue adjudication; broader source-product, source-readiness, and calibrated policy-simulation gates remain blocked until row-count, issue-comparability, false-match, and observed pre/post comparison requirements pass; not assigned to treated or comparison group"
hloga-2007-federal-lobbying-disclosure,cand-7a37fccbe43a,reviewed-democracy,excluded_no_observed_prepost_window,reviewed exact-ID source systems=IRS/ProPublica dark-money bridge; Intermediary bridge; venues=intermediary; opaque_nonprofit_or_dark_money,2006-01-01,2007-09-13,2007-09-14,2008-12-31,0.9500,observed_prepost_outcome_rows_missing,reviewed_actor_excluded_from_estimation_panel,"reviewed exact-identifier slice from cross-venue adjudication; broader source-product, source-readiness, and calibrated policy-simulation gates remain blocked until row-count, issue-comparability, false-match, and observed pre/post comparison requirements pass; not assigned to treated or comparison group"
hloga-2007-federal-lobbying-disclosure,cand-7b6e745473d3,reviewed-democracy,excluded_no_observed_prepost_window,reviewed exact-ID source systems=IRS/ProPublica dark-money bridge; Intermediary bridge; venues=intermediary; opaque_nonprofit_or_dark_money,2006-01-01,2007-09-13,2007-09-14,2008-12-31,0.9500,observed_prepost_outcome_rows_missing,reviewed_actor_excluded_from_estimation_panel,"reviewed exact-identifier slice from cross-venue adjudication; broader source-product, source-readiness, and calibrated policy-simulation gates remain blocked until row-count, issue-comparability, false-match, and observed pre/post comparison requirements pass; not assigned to treated or comparison group"
hloga-2007-federal-lobbying-disclosure,cand-7b6e745473d3,reviewed-energy,excluded_no_observed_prepost_window,reviewed exact-ID source systems=IRS/ProPublica dark-money bridge; Intermediary bridge; venues=intermediary; opaque_nonprofit_or_dark_money,2006-01-01,2007-09-13,2007-09-14,2008-12-31,0.9500,observed_prepost_outcome_rows_missing,reviewed_actor_excluded_from_estimation_panel,"reviewed exact-identifier slice from cross-venue adjudication; broader source-product, source-readiness, and calibrated policy-simulation gates remain blocked until row-count, issue-comparability, false-match, and observed pre/post comparison requirements pass; not assigned to treated or comparison group"
hloga-2007-federal-lobbying-disclosure,cand-66ed8a647503,reviewed-democracy,excluded_no_observed_prepost_window,reviewed exact-ID source systems=IRS/ProPublica dark-money bridge; Intermediary bridge; venues=intermediary; opaque_nonprofit_or_dark_money,2006-01-01,2007-09-13,2007-09-14,2008-12-31,0.9500,observed_prepost_outcome_rows_missing,reviewed_actor_excluded_from_estimation_panel,"reviewed exact-identifier slice from cross-venue adjudication; broader source-product, source-readiness, and calibrated policy-simulation gates remain blocked until row-count, issue-comparability, false-match, and observed pre/post comparison requirements pass; not assigned to treated or comparison group"
hloga-2007-federal-lobbying-disclosure,cand-66ed8a647503,reviewed-energy,excluded_no_observed_prepost_window,reviewed exact-ID source systems=IRS/ProPublica dark-money bridge; Intermediary bridge; venues=intermediary; opaque_nonprofit_or_dark_money,2006-01-01,2007-09-13,2007-09-14,2008-12-31,0.9500,observed_prepost_outcome_rows_missing,reviewed_actor_excluded_from_estimation_panel,"reviewed exact-identifier slice from cross-venue adjudication; broader source-product, source-readiness, and calibrated policy-simulation gates remain blocked until row-count, issue-comparability, false-match, and observed pre/post comparison requirements pass; not assigned to treated or comparison group"
hloga-2007-federal-lobbying-disclosure,cand-b905d6833296,lda-agr,treated_hloga_lda_client,official LDA API exact normalized client-name match; visible-lobbying pre/post rows observed; comparison/control assignment remains unresolved,2006-01-01,2007-09-13,2007-09-14,2008-12-31,0.8000,,reviewed_treated_visible_lobbying_prepost,"reviewed exact-identifier slice from cross-venue adjudication; broader source-product, source-readiness, and calibrated policy-simulation gates remain blocked until row-count, issue-comparability, false-match, and observed pre/post comparison requirements pass; treated visible-lobbying assignment comes from official LDA API pre/post rows matched by exact normalized client name; matched comparison/control actors are still required before estimation"
hloga-2007-federal-lobbying-disclosure,cand-b905d6833296,lda-bud,treated_hloga_lda_client,official LDA API exact normalized client-name match; visible-lobbying pre/post rows observed; comparison/control assignment remains unresolved,2006-01-01,2007-09-13,2007-09-14,2008-12-31,0.8000,,reviewed_treated_visible_lobbying_prepost,"reviewed exact-identifier slice from cross-venue adjudication; broader source-product, source-readiness, and calibrated policy-simulation gates remain blocked until row-count, issue-comparability, false-match, and observed pre/post comparison requirements pass; treated visible-lobbying assignment comes from official LDA API pre/post rows matched by exact normalized client name; matched comparison/control actors are still required before estimation"
hloga-2007-federal-lobbying-disclosure,cand-b905d6833296,lda-caw,treated_hloga_lda_client,official LDA API exact normalized client-name match; visible-lobbying pre/post rows observed; comparison/control assignment remains unresolved,2006-01-01,2007-09-13,2007-09-14,2008-12-31,0.8000,,reviewed_treated_visible_lobbying_prepost,"reviewed exact-identifier slice from cross-venue adjudication; broader source-product, source-readiness, and calibrated policy-simulation gates remain blocked until row-count, issue-comparability, false-match, and observed pre/post comparison requirements pass; treated visible-lobbying assignment comes from official LDA API pre/post rows matched by exact normalized client name; matched comparison/control actors are still required before estimation"
hloga-2007-federal-lobbying-disclosure,cand-b905d6833296,lda-eng,treated_hloga_lda_client,official LDA API exact normalized client-name match; visible-lobbying pre/post rows observed; comparison/control assignment remains unresolved,2006-01-01,2007-09-13,2007-09-14,2008-12-31,0.8000,,reviewed_treated_visible_lobbying_prepost,"reviewed exact-identifier slice from cross-venue adjudication; broader source-product, source-readiness, and calibrated policy-simulation gates remain blocked until row-count, issue-comparability, false-match, and observed pre/post comparison requirements pass; treated visible-lobbying assignment comes from official LDA API pre/post rows matched by exact normalized client name; matched comparison/control actors are still required before estimation"
hloga-2007-federal-lobbying-disclosure,cand-b905d6833296,lda-fue,treated_hloga_lda_client,official LDA API exact normalized client-name match; visible-lobbying pre/post rows observed; comparison/control assignment remains unresolved,2006-01-01,2007-09-13,2007-09-14,2008-12-31,0.8000,,reviewed_treated_visible_lobbying_prepost,"reviewed exact-identifier slice from cross-venue adjudication; broader source-product, source-readiness, and calibrated policy-simulation gates remain blocked until row-count, issue-comparability, false-match, and observed pre/post comparison requirements pass; treated visible-lobbying assignment comes from official LDA API pre/post rows matched by exact normalized client name; matched comparison/control actors are still required before estimation"
hloga-2007-federal-lobbying-disclosure,cand-b905d6833296,lda-hom,treated_hloga_lda_client,official LDA API exact normalized client-name match; visible-lobbying pre/post rows observed; comparison/control assignment remains unresolved,2006-01-01,2007-09-13,2007-09-14,2008-12-31,0.8000,,reviewed_treated_visible_lobbying_prepost,"reviewed exact-identifier slice from cross-venue adjudication; broader source-product, source-readiness, and calibrated policy-simulation gates remain blocked until row-count, issue-comparability, false-match, and observed pre/post comparison requirements pass; treated visible-lobbying assignment comes from official LDA API pre/post rows matched by exact normalized client name; matched comparison/control actors are still required before estimation"
hloga-2007-federal-lobbying-disclosure,cand-b905d6833296,lda-lbr,treated_hloga_lda_client,official LDA API exact normalized client-name match; visible-lobbying pre/post rows observed; comparison/control assignment remains unresolved,2006-01-01,2007-09-13,2007-09-14,2008-12-31,0.8000,,reviewed_treated_visible_lobbying_prepost,"reviewed exact-identifier slice from cross-venue adjudication; broader source-product, source-readiness, and calibrated policy-simulation gates remain blocked until row-count, issue-comparability, false-match, and observed pre/post comparison requirements pass; treated visible-lobbying assignment comes from official LDA API pre/post rows matched by exact normalized client name; matched comparison/control actors are still required before estimation"
hloga-2007-federal-lobbying-disclosure,cand-b905d6833296,lda-mar,treated_hloga_lda_client,official LDA API exact normalized client-name match; visible-lobbying pre/post rows observed; comparison/control assignment remains unresolved,2006-01-01,2007-09-13,2007-09-14,2008-12-31,0.8000,,reviewed_treated_visible_lobbying_prepost,"reviewed exact-identifier slice from cross-venue adjudication; broader source-product, source-readiness, and calibrated policy-simulation gates remain blocked until row-count, issue-comparability, false-match, and observed pre/post comparison requirements pass; treated visible-lobbying assignment comes from official LDA API pre/post rows matched by exact normalized client name; matched comparison/control actors are still required before estimation"
hloga-2007-federal-lobbying-disclosure,cand-b905d6833296,lda-tax,treated_hloga_lda_client,official LDA API exact normalized client-name match; visible-lobbying pre/post rows observed; comparison/control assignment remains unresolved,2006-01-01,2007-09-13,2007-09-14,2008-12-31,0.8000,,reviewed_treated_visible_lobbying_prepost,"reviewed exact-identifier slice from cross-venue adjudication; broader source-product, source-readiness, and calibrated policy-simulation gates remain blocked until row-count, issue-comparability, false-match, and observed pre/post comparison requirements pass; treated visible-lobbying assignment comes from official LDA API pre/post rows matched by exact normalized client name; matched comparison/control actors are still required before estimation"
hloga-2007-federal-lobbying-disclosure,cand-b905d6833296,lda-trd,treated_hloga_lda_client,official LDA API exact normalized client-name match; visible-lobbying pre/post rows observed; comparison/control assignment remains unresolved,2006-01-01,2007-09-13,2007-09-14,2008-12-31,0.8000,,reviewed_treated_visible_lobbying_prepost,"reviewed exact-identifier slice from cross-venue adjudication; broader source-product, source-readiness, and calibrated policy-simulation gates remain blocked until row-count, issue-comparability, false-match, and observed pre/post comparison requirements pass; treated visible-lobbying assignment comes from official LDA API pre/post rows matched by exact normalized client name; matched comparison/control actors are still required before estimation"
hloga-2007-federal-lobbying-disclosure,cand-b905d6833296,lda-uns,treated_hloga_lda_client,official LDA API exact normalized client-name match; visible-lobbying pre/post rows observed; comparison/control assignment remains unresolved,2006-01-01,2007-09-13,2007-09-14,2008-12-31,0.8000,,reviewed_treated_visible_lobbying_prepost,"reviewed exact-identifier slice from cross-venue adjudication; broader source-product, source-readiness, and calibrated policy-simulation gates remain blocked until row-count, issue-comparability, false-match, and observed pre/post comparison requirements pass; treated visible-lobbying assignment comes from official LDA API pre/post rows matched by exact normalized client name; matched comparison/control actors are still required before estimation"
hloga-2007-federal-lobbying-disclosure,cand-b905d6833296,reviewed-democracy,excluded_no_observed_prepost_window,reviewed exact-ID source systems=IRS/ProPublica dark-money bridge; Intermediary bridge; Official LDA API; venues=intermediary; opaque_nonprofit_or_dark_money; visible_lobbying,2006-01-01,2007-09-13,2007-09-14,2008-12-31,0.9500,observed_prepost_outcome_rows_missing,reviewed_actor_excluded_from_estimation_panel,"reviewed exact-identifier slice from cross-venue adjudication; broader source-product, source-readiness, and calibrated policy-simulation gates remain blocked until row-count, issue-comparability, false-match, and observed pre/post comparison requirements pass; not assigned to treated or comparison group"
hloga-2007-federal-lobbying-disclosure,cand-b905d6833296,reviewed-energy,excluded_no_observed_prepost_window,reviewed exact-ID source systems=IRS/ProPublica dark-money bridge; Intermediary bridge; Official LDA API; venues=intermediary; opaque_nonprofit_or_dark_money; visible_lobbying,2006-01-01,2007-09-13,2007-09-14,2008-12-31,0.9500,observed_prepost_outcome_rows_missing,reviewed_actor_excluded_from_estimation_panel,"reviewed exact-identifier slice from cross-venue adjudication; broader source-product, source-readiness, and calibrated policy-simulation gates remain blocked until row-count, issue-comparability, false-match, and observed pre/post comparison requirements pass; not assigned to treated or comparison group"
hloga-2007-federal-lobbying-disclosure,cand-9de92054c1b8,reviewed-technology,excluded_no_observed_prepost_window,reviewed exact-ID source systems=IRS/ProPublica dark-money bridge; Intermediary bridge; venues=intermediary; opaque_nonprofit_or_dark_money,2006-01-01,2007-09-13,2007-09-14,2008-12-31,0.9500,observed_prepost_outcome_rows_missing,reviewed_actor_excluded_from_estimation_panel,"reviewed exact-identifier slice from cross-venue adjudication; broader source-product, source-readiness, and calibrated policy-simulation gates remain blocked until row-count, issue-comparability, false-match, and observed pre/post comparison requirements pass; not assigned to treated or comparison group"
hloga-2007-federal-lobbying-disclosure,cand-7ceee4e987b3,reviewed-democracy,excluded_no_observed_prepost_window,reviewed exact-ID source systems=IRS/ProPublica dark-money bridge; Intermediary bridge; venues=intermediary; opaque_nonprofit_or_dark_money,2006-01-01,2007-09-13,2007-09-14,2008-12-31,0.9500,observed_prepost_outcome_rows_missing,reviewed_actor_excluded_from_estimation_panel,"reviewed exact-identifier slice from cross-venue adjudication; broader source-product, source-readiness, and calibrated policy-simulation gates remain blocked until row-count, issue-comparability, false-match, and observed pre/post comparison requirements pass; not assigned to treated or comparison group"
hloga-2007-federal-lobbying-disclosure,cand-2c073e1ecc1a,reviewed-finance,excluded_no_observed_prepost_window,reviewed exact-ID source systems=IRS/ProPublica dark-money bridge; Intermediary bridge; venues=intermediary; opaque_nonprofit_or_dark_money,2006-01-01,2007-09-13,2007-09-14,2008-12-31,0.9500,observed_prepost_outcome_rows_missing,reviewed_actor_excluded_from_estimation_panel,"reviewed exact-identifier slice from cross-venue adjudication; broader source-product, source-readiness, and calibrated policy-simulation gates remain blocked until row-count, issue-comparability, false-match, and observed pre/post comparison requirements pass; not assigned to treated or comparison group"
hloga-2007-federal-lobbying-disclosure,cand-7e3f9823f3f5,reviewed-democracy,excluded_no_observed_prepost_window,reviewed exact-ID source systems=IRS/ProPublica dark-money bridge; Intermediary bridge; venues=intermediary; opaque_nonprofit_or_dark_money,2006-01-01,2007-09-13,2007-09-14,2008-12-31,0.9500,observed_prepost_outcome_rows_missing,reviewed_actor_excluded_from_estimation_panel,"reviewed exact-identifier slice from cross-venue adjudication; broader source-product, source-readiness, and calibrated policy-simulation gates remain blocked until row-count, issue-comparability, false-match, and observed pre/post comparison requirements pass; not assigned to treated or comparison group"
hloga-2007-federal-lobbying-disclosure,cand-b873bf167c67,reviewed-democracy,excluded_no_observed_prepost_window,reviewed exact-ID source systems=IRS/ProPublica dark-money bridge; Intermediary bridge; venues=intermediary; opaque_nonprofit_or_dark_money,2006-01-01,2007-09-13,2007-09-14,2008-12-31,0.9500,observed_prepost_outcome_rows_missing,reviewed_actor_excluded_from_estimation_panel,"reviewed exact-identifier slice from cross-venue adjudication; broader source-product, source-readiness, and calibrated policy-simulation gates remain blocked until row-count, issue-comparability, false-match, and observed pre/post comparison requirements pass; not assigned to treated or comparison group"
hloga-2007-federal-lobbying-disclosure,cand-9039fe1ea797,reviewed-democracy,excluded_no_observed_prepost_window,reviewed exact-ID source systems=IRS/ProPublica dark-money bridge; Intermediary bridge; venues=intermediary; opaque_nonprofit_or_dark_money,2006-01-01,2007-09-13,2007-09-14,2008-12-31,0.9500,observed_prepost_outcome_rows_missing,reviewed_actor_excluded_from_estimation_panel,"reviewed exact-identifier slice from cross-venue adjudication; broader source-product, source-readiness, and calibrated policy-simulation gates remain blocked until row-count, issue-comparability, false-match, and observed pre/post comparison requirements pass; not assigned to treated or comparison group"
hloga-2007-federal-lobbying-disclosure,cand-c1c2795ce560,reviewed-democracy,excluded_no_observed_prepost_window,reviewed exact-ID source systems=IRS/ProPublica dark-money bridge; Intermediary bridge; venues=intermediary; opaque_nonprofit_or_dark_money,2006-01-01,2007-09-13,2007-09-14,2008-12-31,0.9500,observed_prepost_outcome_rows_missing,reviewed_actor_excluded_from_estimation_panel,"reviewed exact-identifier slice from cross-venue adjudication; broader source-product, source-readiness, and calibrated policy-simulation gates remain blocked until row-count, issue-comparability, false-match, and observed pre/post comparison requirements pass; not assigned to treated or comparison group"
hloga-2007-federal-lobbying-disclosure,cand-ea303ec8846e,reviewed-democracy,excluded_no_observed_prepost_window,reviewed exact-ID source systems=IRS/ProPublica dark-money bridge; Intermediary bridge; venues=intermediary; opaque_nonprofit_or_dark_money,2006-01-01,2007-09-13,2007-09-14,2008-12-31,0.9500,observed_prepost_outcome_rows_missing,reviewed_actor_excluded_from_estimation_panel,"reviewed exact-identifier slice from cross-venue adjudication; broader source-product, source-readiness, and calibrated policy-simulation gates remain blocked until row-count, issue-comparability, false-match, and observed pre/post comparison requirements pass; not assigned to treated or comparison group"
hloga-2007-federal-lobbying-disclosure,cand-4af010acb4b3,reviewed-democracy,excluded_no_observed_prepost_window,reviewed exact-ID source systems=IRS/ProPublica dark-money bridge; Intermediary bridge; venues=intermediary; opaque_nonprofit_or_dark_money,2006-01-01,2007-09-13,2007-09-14,2008-12-31,0.9500,observed_prepost_outcome_rows_missing,reviewed_actor_excluded_from_estimation_panel,"reviewed exact-identifier slice from cross-venue adjudication; broader source-product, source-readiness, and calibrated policy-simulation gates remain blocked until row-count, issue-comparability, false-match, and observed pre/post comparison requirements pass; not assigned to treated or comparison group"
hloga-2007-federal-lobbying-disclosure,cand-77accfaa0bcd,reviewed-democracy,excluded_no_observed_prepost_window,reviewed exact-ID source systems=IRS/ProPublica dark-money bridge; Intermediary bridge; venues=intermediary; opaque_nonprofit_or_dark_money,2006-01-01,2007-09-13,2007-09-14,2008-12-31,0.9500,observed_prepost_outcome_rows_missing,reviewed_actor_excluded_from_estimation_panel,"reviewed exact-identifier slice from cross-venue adjudication; broader source-product, source-readiness, and calibrated policy-simulation gates remain blocked until row-count, issue-comparability, false-match, and observed pre/post comparison requirements pass; not assigned to treated or comparison group"
hloga-2007-federal-lobbying-disclosure,cand-cc2a68ba0311,reviewed-democracy,excluded_no_observed_prepost_window,reviewed exact-ID source systems=IRS/ProPublica dark-money bridge; Intermediary bridge; venues=intermediary; opaque_nonprofit_or_dark_money,2006-01-01,2007-09-13,2007-09-14,2008-12-31,0.9500,observed_prepost_outcome_rows_missing,reviewed_actor_excluded_from_estimation_panel,"reviewed exact-identifier slice from cross-venue adjudication; broader source-product, source-readiness, and calibrated policy-simulation gates remain blocked until row-count, issue-comparability, false-match, and observed pre/post comparison requirements pass; not assigned to treated or comparison group"
hloga-2007-federal-lobbying-disclosure,cand-fba332bc61b2,reviewed-democracy,excluded_no_observed_prepost_window,reviewed exact-ID source systems=IRS/ProPublica dark-money bridge; Intermediary bridge; venues=intermediary; opaque_nonprofit_or_dark_money,2006-01-01,2007-09-13,2007-09-14,2008-12-31,0.9500,observed_prepost_outcome_rows_missing,reviewed_actor_excluded_from_estimation_panel,"reviewed exact-identifier slice from cross-venue adjudication; broader source-product, source-readiness, and calibrated policy-simulation gates remain blocked until row-count, issue-comparability, false-match, and observed pre/post comparison requirements pass; not assigned to treated or comparison group"
hloga-2007-federal-lobbying-disclosure,cand-c2fcf52f0ceb,reviewed-democracy,excluded_no_observed_prepost_window,reviewed exact-ID source systems=IRS/ProPublica dark-money bridge; Intermediary bridge; venues=intermediary; opaque_nonprofit_or_dark_money,2006-01-01,2007-09-13,2007-09-14,2008-12-31,0.9500,observed_prepost_outcome_rows_missing,reviewed_actor_excluded_from_estimation_panel,"reviewed exact-identifier slice from cross-venue adjudication; broader source-product, source-readiness, and calibrated policy-simulation gates remain blocked until row-count, issue-comparability, false-match, and observed pre/post comparison requirements pass; not assigned to treated or comparison group"
hloga-2007-federal-lobbying-disclosure,cand-608f24d79298,reviewed-democracy,excluded_no_observed_prepost_window,reviewed exact-ID source systems=IRS/ProPublica dark-money bridge; Intermediary bridge; venues=intermediary; opaque_nonprofit_or_dark_money,2006-01-01,2007-09-13,2007-09-14,2008-12-31,0.9500,observed_prepost_outcome_rows_missing,reviewed_actor_excluded_from_estimation_panel,"reviewed exact-identifier slice from cross-venue adjudication; broader source-product, source-readiness, and calibrated policy-simulation gates remain blocked until row-count, issue-comparability, false-match, and observed pre/post comparison requirements pass; not assigned to treated or comparison group"
hloga-2007-federal-lobbying-disclosure,cand-df0f451e17e2,reviewed-democracy,excluded_no_observed_prepost_window,reviewed exact-ID source systems=IRS/ProPublica dark-money bridge; Intermediary bridge; venues=intermediary; opaque_nonprofit_or_dark_money,2006-01-01,2007-09-13,2007-09-14,2008-12-31,0.9500,observed_prepost_outcome_rows_missing,reviewed_actor_excluded_from_estimation_panel,"reviewed exact-identifier slice from cross-venue adjudication; broader source-product, source-readiness, and calibrated policy-simulation gates remain blocked until row-count, issue-comparability, false-match, and observed pre/post comparison requirements pass; not assigned to treated or comparison group"
hloga-2007-federal-lobbying-disclosure,cand-93c782efa823,reviewed-democracy,excluded_no_observed_prepost_window,reviewed exact-ID source systems=IRS/ProPublica dark-money bridge; Intermediary bridge; venues=intermediary; opaque_nonprofit_or_dark_money,2006-01-01,2007-09-13,2007-09-14,2008-12-31,0.9500,observed_prepost_outcome_rows_missing,reviewed_actor_excluded_from_estimation_panel,"reviewed exact-identifier slice from cross-venue adjudication; broader source-product, source-readiness, and calibrated policy-simulation gates remain blocked until row-count, issue-comparability, false-match, and observed pre/post comparison requirements pass; not assigned to treated or comparison group"
hloga-2007-federal-lobbying-disclosure,cand-84effb0861b8,reviewed-democracy,excluded_no_observed_prepost_window,reviewed exact-ID source systems=IRS/ProPublica dark-money bridge; Intermediary bridge; venues=intermediary; opaque_nonprofit_or_dark_money,2006-01-01,2007-09-13,2007-09-14,2008-12-31,0.9500,observed_prepost_outcome_rows_missing,reviewed_actor_excluded_from_estimation_panel,"reviewed exact-identifier slice from cross-venue adjudication; broader source-product, source-readiness, and calibrated policy-simulation gates remain blocked until row-count, issue-comparability, false-match, and observed pre/post comparison requirements pass; not assigned to treated or comparison group"
hloga-2007-federal-lobbying-disclosure,cand-bf64b0ba1a39,reviewed-democracy,excluded_no_observed_prepost_window,reviewed exact-ID source systems=IRS/ProPublica dark-money bridge; Intermediary bridge; venues=intermediary; opaque_nonprofit_or_dark_money,2006-01-01,2007-09-13,2007-09-14,2008-12-31,0.9500,observed_prepost_outcome_rows_missing,reviewed_actor_excluded_from_estimation_panel,"reviewed exact-identifier slice from cross-venue adjudication; broader source-product, source-readiness, and calibrated policy-simulation gates remain blocked until row-count, issue-comparability, false-match, and observed pre/post comparison requirements pass; not assigned to treated or comparison group"
hloga-2007-federal-lobbying-disclosure,cand-20dbf0df1a79,reviewed-democracy,excluded_no_observed_prepost_window,reviewed exact-ID source systems=IRS/ProPublica dark-money bridge; Intermediary bridge; venues=intermediary; opaque_nonprofit_or_dark_money,2006-01-01,2007-09-13,2007-09-14,2008-12-31,0.9500,observed_prepost_outcome_rows_missing,reviewed_actor_excluded_from_estimation_panel,"reviewed exact-identifier slice from cross-venue adjudication; broader source-product, source-readiness, and calibrated policy-simulation gates remain blocked until row-count, issue-comparability, false-match, and observed pre/post comparison requirements pass; not assigned to treated or comparison group"
hloga-2007-federal-lobbying-disclosure,cand-7ed407902b64,reviewed-democracy,excluded_no_observed_prepost_window,reviewed exact-ID source systems=IRS/ProPublica dark-money bridge; Intermediary bridge; venues=intermediary; opaque_nonprofit_or_dark_money,2006-01-01,2007-09-13,2007-09-14,2008-12-31,0.9500,observed_prepost_outcome_rows_missing,reviewed_actor_excluded_from_estimation_panel,"reviewed exact-identifier slice from cross-venue adjudication; broader source-product, source-readiness, and calibrated policy-simulation gates remain blocked until row-count, issue-comparability, false-match, and observed pre/post comparison requirements pass; not assigned to treated or comparison group"
hloga-2007-federal-lobbying-disclosure,cand-b99c6fc4db9d,reviewed-democracy,excluded_no_observed_prepost_window,reviewed exact-ID source systems=IRS/ProPublica dark-money bridge; Intermediary bridge; venues=intermediary; opaque_nonprofit_or_dark_money,2006-01-01,2007-09-13,2007-09-14,2008-12-31,0.9500,observed_prepost_outcome_rows_missing,reviewed_actor_excluded_from_estimation_panel,"reviewed exact-identifier slice from cross-venue adjudication; broader source-product, source-readiness, and calibrated policy-simulation gates remain blocked until row-count, issue-comparability, false-match, and observed pre/post comparison requirements pass; not assigned to treated or comparison group"
hloga-2007-federal-lobbying-disclosure,cand-baf59616285d,reviewed-democracy,excluded_no_observed_prepost_window,reviewed exact-ID source systems=IRS/ProPublica dark-money bridge; Intermediary bridge; venues=intermediary; opaque_nonprofit_or_dark_money,2006-01-01,2007-09-13,2007-09-14,2008-12-31,0.9500,observed_prepost_outcome_rows_missing,reviewed_actor_excluded_from_estimation_panel,"reviewed exact-identifier slice from cross-venue adjudication; broader source-product, source-readiness, and calibrated policy-simulation gates remain blocked until row-count, issue-comparability, false-match, and observed pre/post comparison requirements pass; not assigned to treated or comparison group"
hloga-2007-federal-lobbying-disclosure,cand-d4262e54f05c,reviewed-democracy,excluded_no_observed_prepost_window,reviewed exact-ID source systems=IRS/ProPublica dark-money bridge; Intermediary bridge; venues=intermediary; opaque_nonprofit_or_dark_money,2006-01-01,2007-09-13,2007-09-14,2008-12-31,0.9500,observed_prepost_outcome_rows_missing,reviewed_actor_excluded_from_estimation_panel,"reviewed exact-identifier slice from cross-venue adjudication; broader source-product, source-readiness, and calibrated policy-simulation gates remain blocked until row-count, issue-comparability, false-match, and observed pre/post comparison requirements pass; not assigned to treated or comparison group"
hloga-2007-federal-lobbying-disclosure,cand-d4262e54f05c,reviewed-energy,excluded_no_observed_prepost_window,reviewed exact-ID source systems=IRS/ProPublica dark-money bridge; Intermediary bridge; venues=intermediary; opaque_nonprofit_or_dark_money,2006-01-01,2007-09-13,2007-09-14,2008-12-31,0.9500,observed_prepost_outcome_rows_missing,reviewed_actor_excluded_from_estimation_panel,"reviewed exact-identifier slice from cross-venue adjudication; broader source-product, source-readiness, and calibrated policy-simulation gates remain blocked until row-count, issue-comparability, false-match, and observed pre/post comparison requirements pass; not assigned to treated or comparison group"
hloga-2007-federal-lobbying-disclosure,cand-c9b97e952b8b,reviewed-democracy,excluded_no_observed_prepost_window,reviewed exact-ID source systems=IRS/ProPublica dark-money bridge; Intermediary bridge; venues=intermediary; opaque_nonprofit_or_dark_money,2006-01-01,2007-09-13,2007-09-14,2008-12-31,0.9500,observed_prepost_outcome_rows_missing,reviewed_actor_excluded_from_estimation_panel,"reviewed exact-identifier slice from cross-venue adjudication; broader source-product, source-readiness, and calibrated policy-simulation gates remain blocked until row-count, issue-comparability, false-match, and observed pre/post comparison requirements pass; not assigned to treated or comparison group"
hloga-2007-federal-lobbying-disclosure,cand-2df60d908f06,reviewed-democracy,excluded_no_observed_prepost_window,reviewed exact-ID source systems=IRS/ProPublica dark-money bridge; Intermediary bridge; venues=intermediary; opaque_nonprofit_or_dark_money,2006-01-01,2007-09-13,2007-09-14,2008-12-31,0.9500,observed_prepost_outcome_rows_missing,reviewed_actor_excluded_from_estimation_panel,"reviewed exact-identifier slice from cross-venue adjudication; broader source-product, source-readiness, and calibrated policy-simulation gates remain blocked until row-count, issue-comparability, false-match, and observed pre/post comparison requirements pass; not assigned to treated or comparison group"
hloga-2007-federal-lobbying-disclosure,cand-1925086c2ba6,reviewed-democracy,excluded_no_observed_prepost_window,reviewed exact-ID source systems=IRS/ProPublica dark-money bridge; Intermediary bridge; venues=intermediary; opaque_nonprofit_or_dark_money,2006-01-01,2007-09-13,2007-09-14,2008-12-31,0.9500,observed_prepost_outcome_rows_missing,reviewed_actor_excluded_from_estimation_panel,"reviewed exact-identifier slice from cross-venue adjudication; broader source-product, source-readiness, and calibrated policy-simulation gates remain blocked until row-count, issue-comparability, false-match, and observed pre/post comparison requirements pass; not assigned to treated or comparison group"
hloga-2007-federal-lobbying-disclosure,cand-b66c8e22c7c0,reviewed-democracy,excluded_no_observed_prepost_window,reviewed exact-ID source systems=IRS/ProPublica dark-money bridge; Intermediary bridge; venues=intermediary; opaque_nonprofit_or_dark_money,2006-01-01,2007-09-13,2007-09-14,2008-12-31,0.9500,observed_prepost_outcome_rows_missing,reviewed_actor_excluded_from_estimation_panel,"reviewed exact-identifier slice from cross-venue adjudication; broader source-product, source-readiness, and calibrated policy-simulation gates remain blocked until row-count, issue-comparability, false-match, and observed pre/post comparison requirements pass; not assigned to treated or comparison group"
hloga-2007-federal-lobbying-disclosure,cand-bef67e10aa24,reviewed-democracy,excluded_no_observed_prepost_window,reviewed exact-ID source systems=IRS/ProPublica dark-money bridge; Intermediary bridge; venues=intermediary; opaque_nonprofit_or_dark_money,2006-01-01,2007-09-13,2007-09-14,2008-12-31,0.9500,observed_prepost_outcome_rows_missing,reviewed_actor_excluded_from_estimation_panel,"reviewed exact-identifier slice from cross-venue adjudication; broader source-product, source-readiness, and calibrated policy-simulation gates remain blocked until row-count, issue-comparability, false-match, and observed pre/post comparison requirements pass; not assigned to treated or comparison group"
hloga-2007-federal-lobbying-disclosure,cand-4035025bebbd,reviewed-democracy,excluded_no_observed_prepost_window,reviewed exact-ID source systems=IRS/ProPublica dark-money bridge; Intermediary bridge; venues=intermediary; opaque_nonprofit_or_dark_money,2006-01-01,2007-09-13,2007-09-14,2008-12-31,0.9500,observed_prepost_outcome_rows_missing,reviewed_actor_excluded_from_estimation_panel,"reviewed exact-identifier slice from cross-venue adjudication; broader source-product, source-readiness, and calibrated policy-simulation gates remain blocked until row-count, issue-comparability, false-match, and observed pre/post comparison requirements pass; not assigned to treated or comparison group"
hloga-2007-federal-lobbying-disclosure,cand-17e92f3fbf8d,reviewed-democracy,excluded_no_observed_prepost_window,reviewed exact-ID source systems=IRS/ProPublica dark-money bridge; Intermediary bridge; venues=intermediary; opaque_nonprofit_or_dark_money,2006-01-01,2007-09-13,2007-09-14,2008-12-31,0.9500,observed_prepost_outcome_rows_missing,reviewed_actor_excluded_from_estimation_panel,"reviewed exact-identifier slice from cross-venue adjudication; broader source-product, source-readiness, and calibrated policy-simulation gates remain blocked until row-count, issue-comparability, false-match, and observed pre/post comparison requirements pass; not assigned to treated or comparison group"
hloga-2007-federal-lobbying-disclosure,cand-f8ea5de6c801,reviewed-democracy,excluded_no_observed_prepost_window,reviewed exact-ID source systems=IRS/ProPublica dark-money bridge; Intermediary bridge; venues=intermediary; opaque_nonprofit_or_dark_money,2006-01-01,2007-09-13,2007-09-14,2008-12-31,0.9500,observed_prepost_outcome_rows_missing,reviewed_actor_excluded_from_estimation_panel,"reviewed exact-identifier slice from cross-venue adjudication; broader source-product, source-readiness, and calibrated policy-simulation gates remain blocked until row-count, issue-comparability, false-match, and observed pre/post comparison requirements pass; not assigned to treated or comparison group"
hloga-2007-federal-lobbying-disclosure,cand-7238d4657623,reviewed-democracy,excluded_no_observed_prepost_window,reviewed exact-ID source systems=IRS/ProPublica dark-money bridge; Intermediary bridge; venues=intermediary; opaque_nonprofit_or_dark_money,2006-01-01,2007-09-13,2007-09-14,2008-12-31,0.9500,observed_prepost_outcome_rows_missing,reviewed_actor_excluded_from_estimation_panel,"reviewed exact-identifier slice from cross-venue adjudication; broader source-product, source-readiness, and calibrated policy-simulation gates remain blocked until row-count, issue-comparability, false-match, and observed pre/post comparison requirements pass; not assigned to treated or comparison group"
hloga-2007-federal-lobbying-disclosure,cand-599c0eb0b0ca,reviewed-democracy,excluded_no_observed_prepost_window,reviewed exact-ID source systems=IRS/ProPublica dark-money bridge; Intermediary bridge; venues=intermediary; opaque_nonprofit_or_dark_money,2006-01-01,2007-09-13,2007-09-14,2008-12-31,0.9500,observed_prepost_outcome_rows_missing,reviewed_actor_excluded_from_estimation_panel,"reviewed exact-identifier slice from cross-venue adjudication; broader source-product, source-readiness, and calibrated policy-simulation gates remain blocked until row-count, issue-comparability, false-match, and observed pre/post comparison requirements pass; not assigned to treated or comparison group"
hloga-2007-federal-lobbying-disclosure,cand-18a5b8ba6f7b,reviewed-democracy,excluded_no_observed_prepost_window,reviewed exact-ID source systems=IRS/ProPublica dark-money bridge; Intermediary bridge; venues=intermediary; opaque_nonprofit_or_dark_money,2006-01-01,2007-09-13,2007-09-14,2008-12-31,0.9500,observed_prepost_outcome_rows_missing,reviewed_actor_excluded_from_estimation_panel,"reviewed exact-identifier slice from cross-venue adjudication; broader source-product, source-readiness, and calibrated policy-simulation gates remain blocked until row-count, issue-comparability, false-match, and observed pre/post comparison requirements pass; not assigned to treated or comparison group"
hloga-2007-federal-lobbying-disclosure,cand-cf5688bdbffd,reviewed-democracy,excluded_no_observed_prepost_window,reviewed exact-ID source systems=IRS/ProPublica dark-money bridge; Intermediary bridge; venues=intermediary; opaque_nonprofit_or_dark_money,2006-01-01,2007-09-13,2007-09-14,2008-12-31,0.9500,observed_prepost_outcome_rows_missing,reviewed_actor_excluded_from_estimation_panel,"reviewed exact-identifier slice from cross-venue adjudication; broader source-product, source-readiness, and calibrated policy-simulation gates remain blocked until row-count, issue-comparability, false-match, and observed pre/post comparison requirements pass; not assigned to treated or comparison group"
hloga-2007-federal-lobbying-disclosure,cand-547a380adc5e,reviewed-procurement,excluded_no_observed_prepost_window,reviewed exact-ID source systems=IRS/ProPublica dark-money bridge; Intermediary bridge; venues=intermediary; opaque_nonprofit_or_dark_money,2006-01-01,2007-09-13,2007-09-14,2008-12-31,0.9500,observed_prepost_outcome_rows_missing,reviewed_actor_excluded_from_estimation_panel,"reviewed exact-identifier slice from cross-venue adjudication; broader source-product, source-readiness, and calibrated policy-simulation gates remain blocked until row-count, issue-comparability, false-match, and observed pre/post comparison requirements pass; not assigned to treated or comparison group"
hloga-2007-federal-lobbying-disclosure,cand-a9c9a1deb5f8,reviewed-democracy,excluded_no_observed_prepost_window,reviewed exact-ID source systems=IRS/ProPublica dark-money bridge; Intermediary bridge; venues=intermediary; opaque_nonprofit_or_dark_money,2006-01-01,2007-09-13,2007-09-14,2008-12-31,0.9500,observed_prepost_outcome_rows_missing,reviewed_actor_excluded_from_estimation_panel,"reviewed exact-identifier slice from cross-venue adjudication; broader source-product, source-readiness, and calibrated policy-simulation gates remain blocked until row-count, issue-comparability, false-match, and observed pre/post comparison requirements pass; not assigned to treated or comparison group"
hloga-2007-federal-lobbying-disclosure,cand-e31887c02ee1,reviewed-democracy,excluded_no_observed_prepost_window,reviewed exact-ID source systems=IRS/ProPublica dark-money bridge; Intermediary bridge; venues=intermediary; opaque_nonprofit_or_dark_money,2006-01-01,2007-09-13,2007-09-14,2008-12-31,0.9500,observed_prepost_outcome_rows_missing,reviewed_actor_excluded_from_estimation_panel,"reviewed exact-identifier slice from cross-venue adjudication; broader source-product, source-readiness, and calibrated policy-simulation gates remain blocked until row-count, issue-comparability, false-match, and observed pre/post comparison requirements pass; not assigned to treated or comparison group"
hloga-2007-federal-lobbying-disclosure,cand-a6b4211a12af,reviewed-democracy,excluded_no_observed_prepost_window,reviewed exact-ID source systems=IRS/ProPublica dark-money bridge; Intermediary bridge; venues=intermediary; opaque_nonprofit_or_dark_money,2006-01-01,2007-09-13,2007-09-14,2008-12-31,0.9500,observed_prepost_outcome_rows_missing,reviewed_actor_excluded_from_estimation_panel,"reviewed exact-identifier slice from cross-venue adjudication; broader source-product, source-readiness, and calibrated policy-simulation gates remain blocked until row-count, issue-comparability, false-match, and observed pre/post comparison requirements pass; not assigned to treated or comparison group"
hloga-2007-federal-lobbying-disclosure,cand-cedb82377bc5,reviewed-democracy,excluded_no_observed_prepost_window,reviewed exact-ID source systems=IRS/ProPublica dark-money bridge; Intermediary bridge; venues=intermediary; opaque_nonprofit_or_dark_money,2006-01-01,2007-09-13,2007-09-14,2008-12-31,0.9500,observed_prepost_outcome_rows_missing,reviewed_actor_excluded_from_estimation_panel,"reviewed exact-identifier slice from cross-venue adjudication; broader source-product, source-readiness, and calibrated policy-simulation gates remain blocked until row-count, issue-comparability, false-match, and observed pre/post comparison requirements pass; not assigned to treated or comparison group"
hloga-2007-federal-lobbying-disclosure,cand-7485a67e9a9a,reviewed-democracy,excluded_no_observed_prepost_window,reviewed exact-ID source systems=IRS/ProPublica dark-money bridge; Intermediary bridge; venues=intermediary; opaque_nonprofit_or_dark_money,2006-01-01,2007-09-13,2007-09-14,2008-12-31,0.9500,observed_prepost_outcome_rows_missing,reviewed_actor_excluded_from_estimation_panel,"reviewed exact-identifier slice from cross-venue adjudication; broader source-product, source-readiness, and calibrated policy-simulation gates remain blocked until row-count, issue-comparability, false-match, and observed pre/post comparison requirements pass; not assigned to treated or comparison group"
hloga-2007-federal-lobbying-disclosure,cand-e91c4b2ff626,reviewed-democracy,excluded_no_observed_prepost_window,reviewed exact-ID source systems=IRS/ProPublica dark-money bridge; Intermediary bridge; venues=intermediary; opaque_nonprofit_or_dark_money,2006-01-01,2007-09-13,2007-09-14,2008-12-31,0.9500,observed_prepost_outcome_rows_missing,reviewed_actor_excluded_from_estimation_panel,"reviewed exact-identifier slice from cross-venue adjudication; broader source-product, source-readiness, and calibrated policy-simulation gates remain blocked until row-count, issue-comparability, false-match, and observed pre/post comparison requirements pass; not assigned to treated or comparison group"
hloga-2007-federal-lobbying-disclosure,cand-ae18ee6031f5,reviewed-democracy,excluded_no_observed_prepost_window,reviewed exact-ID source systems=IRS/ProPublica dark-money bridge; Intermediary bridge; venues=intermediary; opaque_nonprofit_or_dark_money,2006-01-01,2007-09-13,2007-09-14,2008-12-31,0.9500,observed_prepost_outcome_rows_missing,reviewed_actor_excluded_from_estimation_panel,"reviewed exact-identifier slice from cross-venue adjudication; broader source-product, source-readiness, and calibrated policy-simulation gates remain blocked until row-count, issue-comparability, false-match, and observed pre/post comparison requirements pass; not assigned to treated or comparison group"
hloga-2007-federal-lobbying-disclosure,cand-c13182a9b9b8,reviewed-democracy,excluded_no_observed_prepost_window,reviewed exact-ID source systems=IRS/ProPublica dark-money bridge; Intermediary bridge; venues=intermediary; opaque_nonprofit_or_dark_money,2006-01-01,2007-09-13,2007-09-14,2008-12-31,0.9500,observed_prepost_outcome_rows_missing,reviewed_actor_excluded_from_estimation_panel,"reviewed exact-identifier slice from cross-venue adjudication; broader source-product, source-readiness, and calibrated policy-simulation gates remain blocked until row-count, issue-comparability, false-match, and observed pre/post comparison requirements pass; not assigned to treated or comparison group"
hloga-2007-federal-lobbying-disclosure,cand-6fda46cfe077,reviewed-democracy,excluded_no_observed_prepost_window,reviewed exact-ID source systems=IRS/ProPublica dark-money bridge; Intermediary bridge; venues=intermediary; opaque_nonprofit_or_dark_money,2006-01-01,2007-09-13,2007-09-14,2008-12-31,0.9500,observed_prepost_outcome_rows_missing,reviewed_actor_excluded_from_estimation_panel,"reviewed exact-identifier slice from cross-venue adjudication; broader source-product, source-readiness, and calibrated policy-simulation gates remain blocked until row-count, issue-comparability, false-match, and observed pre/post comparison requirements pass; not assigned to treated or comparison group"
hloga-2007-federal-lobbying-disclosure,cand-092f257e1894,reviewed-democracy,excluded_no_observed_prepost_window,reviewed exact-ID source systems=IRS/ProPublica dark-money bridge; Intermediary bridge; venues=intermediary; opaque_nonprofit_or_dark_money,2006-01-01,2007-09-13,2007-09-14,2008-12-31,0.9500,observed_prepost_outcome_rows_missing,reviewed_actor_excluded_from_estimation_panel,"reviewed exact-identifier slice from cross-venue adjudication; broader source-product, source-readiness, and calibrated policy-simulation gates remain blocked until row-count, issue-comparability, false-match, and observed pre/post comparison requirements pass; not assigned to treated or comparison group"
hloga-2007-federal-lobbying-disclosure,cand-878654f190df,reviewed-democracy,excluded_no_observed_prepost_window,reviewed exact-ID source systems=IRS/ProPublica dark-money bridge; Intermediary bridge; venues=intermediary; opaque_nonprofit_or_dark_money,2006-01-01,2007-09-13,2007-09-14,2008-12-31,0.9500,observed_prepost_outcome_rows_missing,reviewed_actor_excluded_from_estimation_panel,"reviewed exact-identifier slice from cross-venue adjudication; broader source-product, source-readiness, and calibrated policy-simulation gates remain blocked until row-count, issue-comparability, false-match, and observed pre/post comparison requirements pass; not assigned to treated or comparison group"
hloga-2007-federal-lobbying-disclosure,cand-64adcbc313b4,reviewed-finance,excluded_no_observed_prepost_window,reviewed exact-ID source systems=IRS/ProPublica dark-money bridge; Intermediary bridge; venues=intermediary; opaque_nonprofit_or_dark_money,2006-01-01,2007-09-13,2007-09-14,2008-12-31,0.9500,observed_prepost_outcome_rows_missing,reviewed_actor_excluded_from_estimation_panel,"reviewed exact-identifier slice from cross-venue adjudication; broader source-product, source-readiness, and calibrated policy-simulation gates remain blocked until row-count, issue-comparability, false-match, and observed pre/post comparison requirements pass; not assigned to treated or comparison group"
hloga-2007-federal-lobbying-disclosure,cand-f18e67a52c6c,reviewed-technology,excluded_no_observed_prepost_window,reviewed exact-ID source systems=IRS/ProPublica dark-money bridge; Intermediary bridge; venues=intermediary; opaque_nonprofit_or_dark_money,2006-01-01,2007-09-13,2007-09-14,2008-12-31,0.9500,observed_prepost_outcome_rows_missing,reviewed_actor_excluded_from_estimation_panel,"reviewed exact-identifier slice from cross-venue adjudication; broader source-product, source-readiness, and calibrated policy-simulation gates remain blocked until row-count, issue-comparability, false-match, and observed pre/post comparison requirements pass; not assigned to treated or comparison group"
hloga-2007-federal-lobbying-disclosure,cand-9c97a0fb312e,reviewed-democracy,excluded_no_observed_prepost_window,reviewed exact-ID source systems=IRS/ProPublica dark-money bridge; Intermediary bridge; venues=intermediary; opaque_nonprofit_or_dark_money,2006-01-01,2007-09-13,2007-09-14,2008-12-31,0.9500,observed_prepost_outcome_rows_missing,reviewed_actor_excluded_from_estimation_panel,"reviewed exact-identifier slice from cross-venue adjudication; broader source-product, source-readiness, and calibrated policy-simulation gates remain blocked until row-count, issue-comparability, false-match, and observed pre/post comparison requirements pass; not assigned to treated or comparison group"
hloga-2007-federal-lobbying-disclosure,cand-962f587c7257,reviewed-democracy,excluded_no_observed_prepost_window,reviewed exact-ID source systems=IRS/ProPublica dark-money bridge; Intermediary bridge; venues=intermediary; opaque_nonprofit_or_dark_money,2006-01-01,2007-09-13,2007-09-14,2008-12-31,0.9500,observed_prepost_outcome_rows_missing,reviewed_actor_excluded_from_estimation_panel,"reviewed exact-identifier slice from cross-venue adjudication; broader source-product, source-readiness, and calibrated policy-simulation gates remain blocked until row-count, issue-comparability, false-match, and observed pre/post comparison requirements pass; not assigned to treated or comparison group"
hloga-2007-federal-lobbying-disclosure,cand-07356898065b,reviewed-democracy,excluded_no_observed_prepost_window,reviewed exact-ID source systems=IRS/ProPublica dark-money bridge; Intermediary bridge; venues=intermediary; opaque_nonprofit_or_dark_money,2006-01-01,2007-09-13,2007-09-14,2008-12-31,0.9500,observed_prepost_outcome_rows_missing,reviewed_actor_excluded_from_estimation_panel,"reviewed exact-identifier slice from cross-venue adjudication; broader source-product, source-readiness, and calibrated policy-simulation gates remain blocked until row-count, issue-comparability, false-match, and observed pre/post comparison requirements pass; not assigned to treated or comparison group"
hloga-2007-federal-lobbying-disclosure,cand-fb1de2fa89e2,reviewed-democracy,excluded_no_observed_prepost_window,reviewed exact-ID source systems=IRS/ProPublica dark-money bridge; Intermediary bridge; venues=intermediary; opaque_nonprofit_or_dark_money,2006-01-01,2007-09-13,2007-09-14,2008-12-31,0.9500,observed_prepost_outcome_rows_missing,reviewed_actor_excluded_from_estimation_panel,"reviewed exact-identifier slice from cross-venue adjudication; broader source-product, source-readiness, and calibrated policy-simulation gates remain blocked until row-count, issue-comparability, false-match, and observed pre/post comparison requirements pass; not assigned to treated or comparison group"
hloga-2007-federal-lobbying-disclosure,cand-3df4637714d3,reviewed-democracy,excluded_no_observed_prepost_window,reviewed exact-ID source systems=IRS/ProPublica dark-money bridge; Intermediary bridge; venues=intermediary; opaque_nonprofit_or_dark_money,2006-01-01,2007-09-13,2007-09-14,2008-12-31,0.9500,observed_prepost_outcome_rows_missing,reviewed_actor_excluded_from_estimation_panel,"reviewed exact-identifier slice from cross-venue adjudication; broader source-product, source-readiness, and calibrated policy-simulation gates remain blocked until row-count, issue-comparability, false-match, and observed pre/post comparison requirements pass; not assigned to treated or comparison group"
hloga-2007-federal-lobbying-disclosure,cand-95b6a55f6fbe,reviewed-democracy,excluded_no_observed_prepost_window,reviewed exact-ID source systems=IRS/ProPublica dark-money bridge; Intermediary bridge; venues=intermediary; opaque_nonprofit_or_dark_money,2006-01-01,2007-09-13,2007-09-14,2008-12-31,0.9500,observed_prepost_outcome_rows_missing,reviewed_actor_excluded_from_estimation_panel,"reviewed exact-identifier slice from cross-venue adjudication; broader source-product, source-readiness, and calibrated policy-simulation gates remain blocked until row-count, issue-comparability, false-match, and observed pre/post comparison requirements pass; not assigned to treated or comparison group"
hloga-2007-federal-lobbying-disclosure,cand-91c51574084b,reviewed-democracy,excluded_no_observed_prepost_window,reviewed exact-ID source systems=IRS/ProPublica dark-money bridge; Intermediary bridge; venues=intermediary; opaque_nonprofit_or_dark_money,2006-01-01,2007-09-13,2007-09-14,2008-12-31,0.9500,observed_prepost_outcome_rows_missing,reviewed_actor_excluded_from_estimation_panel,"reviewed exact-identifier slice from cross-venue adjudication; broader source-product, source-readiness, and calibrated policy-simulation gates remain blocked until row-count, issue-comparability, false-match, and observed pre/post comparison requirements pass; not assigned to treated or comparison group"
hloga-2007-federal-lobbying-disclosure,cand-0654f97b5a4a,reviewed-democracy,excluded_no_observed_prepost_window,reviewed exact-ID source systems=IRS/ProPublica dark-money bridge; Intermediary bridge; venues=intermediary; opaque_nonprofit_or_dark_money,2006-01-01,2007-09-13,2007-09-14,2008-12-31,0.9500,observed_prepost_outcome_rows_missing,reviewed_actor_excluded_from_estimation_panel,"reviewed exact-identifier slice from cross-venue adjudication; broader source-product, source-readiness, and calibrated policy-simulation gates remain blocked until row-count, issue-comparability, false-match, and observed pre/post comparison requirements pass; not assigned to treated or comparison group"
hloga-2007-federal-lobbying-disclosure,cand-6fcc19af3603,reviewed-democracy,excluded_no_observed_prepost_window,reviewed exact-ID source systems=IRS/ProPublica dark-money bridge; Intermediary bridge; venues=intermediary; opaque_nonprofit_or_dark_money,2006-01-01,2007-09-13,2007-09-14,2008-12-31,0.9500,observed_prepost_outcome_rows_missing,reviewed_actor_excluded_from_estimation_panel,"reviewed exact-identifier slice from cross-venue adjudication; broader source-product, source-readiness, and calibrated policy-simulation gates remain blocked until row-count, issue-comparability, false-match, and observed pre/post comparison requirements pass; not assigned to treated or comparison group"
hloga-2007-federal-lobbying-disclosure,cand-f9ba150681ae,reviewed-finance,excluded_no_observed_prepost_window,reviewed exact-ID source systems=IRS/ProPublica dark-money bridge; Intermediary bridge; venues=intermediary; opaque_nonprofit_or_dark_money,2006-01-01,2007-09-13,2007-09-14,2008-12-31,0.9500,observed_prepost_outcome_rows_missing,reviewed_actor_excluded_from_estimation_panel,"reviewed exact-identifier slice from cross-venue adjudication; broader source-product, source-readiness, and calibrated policy-simulation gates remain blocked until row-count, issue-comparability, false-match, and observed pre/post comparison requirements pass; not assigned to treated or comparison group"
hloga-2007-federal-lobbying-disclosure,cand-f5068de46fb9,reviewed-democracy,excluded_no_observed_prepost_window,reviewed exact-ID source systems=IRS/ProPublica dark-money bridge; Intermediary bridge; venues=intermediary; opaque_nonprofit_or_dark_money,2006-01-01,2007-09-13,2007-09-14,2008-12-31,0.9500,observed_prepost_outcome_rows_missing,reviewed_actor_excluded_from_estimation_panel,"reviewed exact-identifier slice from cross-venue adjudication; broader source-product, source-readiness, and calibrated policy-simulation gates remain blocked until row-count, issue-comparability, false-match, and observed pre/post comparison requirements pass; not assigned to treated or comparison group"
hloga-2007-federal-lobbying-disclosure,cand-81f6b7aa7e13,reviewed-finance,excluded_no_observed_prepost_window,reviewed exact-ID source systems=IRS/ProPublica dark-money bridge; Intermediary bridge; venues=intermediary; opaque_nonprofit_or_dark_money,2006-01-01,2007-09-13,2007-09-14,2008-12-31,0.9500,observed_prepost_outcome_rows_missing,reviewed_actor_excluded_from_estimation_panel,"reviewed exact-identifier slice from cross-venue adjudication; broader source-product, source-readiness, and calibrated policy-simulation gates remain blocked until row-count, issue-comparability, false-match, and observed pre/post comparison requirements pass; not assigned to treated or comparison group"
hloga-2007-federal-lobbying-disclosure,cand-391f4955b5c9,reviewed-democracy,excluded_no_observed_prepost_window,reviewed exact-ID source systems=IRS/ProPublica dark-money bridge; Intermediary bridge; venues=intermediary; opaque_nonprofit_or_dark_money,2006-01-01,2007-09-13,2007-09-14,2008-12-31,0.9500,observed_prepost_outcome_rows_missing,reviewed_actor_excluded_from_estimation_panel,"reviewed exact-identifier slice from cross-venue adjudication; broader source-product, source-readiness, and calibrated policy-simulation gates remain blocked until row-count, issue-comparability, false-match, and observed pre/post comparison requirements pass; not assigned to treated or comparison group"
hloga-2007-federal-lobbying-disclosure,cand-bfd86131258e,reviewed-democracy,excluded_no_observed_prepost_window,reviewed exact-ID source systems=IRS/ProPublica dark-money bridge; Intermediary bridge; venues=intermediary; opaque_nonprofit_or_dark_money,2006-01-01,2007-09-13,2007-09-14,2008-12-31,0.9500,observed_prepost_outcome_rows_missing,reviewed_actor_excluded_from_estimation_panel,"reviewed exact-identifier slice from cross-venue adjudication; broader source-product, source-readiness, and calibrated policy-simulation gates remain blocked until row-count, issue-comparability, false-match, and observed pre/post comparison requirements pass; not assigned to treated or comparison group"
hloga-2007-federal-lobbying-disclosure,cand-0b37409f13f4,reviewed-procurement,excluded_no_observed_prepost_window,reviewed exact-ID source systems=IRS/ProPublica dark-money bridge; Intermediary bridge; venues=intermediary; opaque_nonprofit_or_dark_money,2006-01-01,2007-09-13,2007-09-14,2008-12-31,0.9500,observed_prepost_outcome_rows_missing,reviewed_actor_excluded_from_estimation_panel,"reviewed exact-identifier slice from cross-venue adjudication; broader source-product, source-readiness, and calibrated policy-simulation gates remain blocked until row-count, issue-comparability, false-match, and observed pre/post comparison requirements pass; not assigned to treated or comparison group"
hloga-2007-federal-lobbying-disclosure,cand-dec83dba212f,reviewed-finance,excluded_no_observed_prepost_window,reviewed exact-ID source systems=IRS/ProPublica dark-money bridge; Intermediary bridge; venues=intermediary; opaque_nonprofit_or_dark_money,2006-01-01,2007-09-13,2007-09-14,2008-12-31,0.9500,observed_prepost_outcome_rows_missing,reviewed_actor_excluded_from_estimation_panel,"reviewed exact-identifier slice from cross-venue adjudication; broader source-product, source-readiness, and calibrated policy-simulation gates remain blocked until row-count, issue-comparability, false-match, and observed pre/post comparison requirements pass; not assigned to treated or comparison group"
hloga-2007-federal-lobbying-disclosure,cand-c405ee69963b,reviewed-democracy,excluded_no_observed_prepost_window,reviewed exact-ID source systems=IRS/ProPublica dark-money bridge; Intermediary bridge; venues=intermediary; opaque_nonprofit_or_dark_money,2006-01-01,2007-09-13,2007-09-14,2008-12-31,0.9500,observed_prepost_outcome_rows_missing,reviewed_actor_excluded_from_estimation_panel,"reviewed exact-identifier slice from cross-venue adjudication; broader source-product, source-readiness, and calibrated policy-simulation gates remain blocked until row-count, issue-comparability, false-match, and observed pre/post comparison requirements pass; not assigned to treated or comparison group"
hloga-2007-federal-lobbying-disclosure,cand-a00cd309fdcf,reviewed-energy,excluded_no_observed_prepost_window,reviewed exact-ID source systems=IRS/ProPublica dark-money bridge; Intermediary bridge; venues=intermediary; opaque_nonprofit_or_dark_money,2006-01-01,2007-09-13,2007-09-14,2008-12-31,0.9500,observed_prepost_outcome_rows_missing,reviewed_actor_excluded_from_estimation_panel,"reviewed exact-identifier slice from cross-venue adjudication; broader source-product, source-readiness, and calibrated policy-simulation gates remain blocked until row-count, issue-comparability, false-match, and observed pre/post comparison requirements pass; not assigned to treated or comparison group"
hloga-2007-federal-lobbying-disclosure,cand-5e5dd2cc441b,reviewed-democracy,excluded_no_observed_prepost_window,reviewed exact-ID source systems=IRS/ProPublica dark-money bridge; Intermediary bridge; venues=intermediary; opaque_nonprofit_or_dark_money,2006-01-01,2007-09-13,2007-09-14,2008-12-31,0.9500,observed_prepost_outcome_rows_missing,reviewed_actor_excluded_from_estimation_panel,"reviewed exact-identifier slice from cross-venue adjudication; broader source-product, source-readiness, and calibrated policy-simulation gates remain blocked until row-count, issue-comparability, false-match, and observed pre/post comparison requirements pass; not assigned to treated or comparison group"
hloga-2007-federal-lobbying-disclosure,cand-eabe498141a7,reviewed-democracy,excluded_no_observed_prepost_window,reviewed exact-ID source systems=IRS/ProPublica dark-money bridge; Intermediary bridge; venues=intermediary; opaque_nonprofit_or_dark_money,2006-01-01,2007-09-13,2007-09-14,2008-12-31,0.9500,observed_prepost_outcome_rows_missing,reviewed_actor_excluded_from_estimation_panel,"reviewed exact-identifier slice from cross-venue adjudication; broader source-product, source-readiness, and calibrated policy-simulation gates remain blocked until row-count, issue-comparability, false-match, and observed pre/post comparison requirements pass; not assigned to treated or comparison group"
hloga-2007-federal-lobbying-disclosure,cand-03b59df7486d,reviewed-democracy,excluded_no_observed_prepost_window,reviewed exact-ID source systems=IRS/ProPublica dark-money bridge; Intermediary bridge; venues=intermediary; opaque_nonprofit_or_dark_money,2006-01-01,2007-09-13,2007-09-14,2008-12-31,0.9500,observed_prepost_outcome_rows_missing,reviewed_actor_excluded_from_estimation_panel,"reviewed exact-identifier slice from cross-venue adjudication; broader source-product, source-readiness, and calibrated policy-simulation gates remain blocked until row-count, issue-comparability, false-match, and observed pre/post comparison requirements pass; not assigned to treated or comparison group"
hloga-2007-federal-lobbying-disclosure,cand-f9c049f65bc5,reviewed-democracy,excluded_no_observed_prepost_window,reviewed exact-ID source systems=IRS/ProPublica dark-money bridge; Intermediary bridge; venues=intermediary; opaque_nonprofit_or_dark_money,2006-01-01,2007-09-13,2007-09-14,2008-12-31,0.9500,observed_prepost_outcome_rows_missing,reviewed_actor_excluded_from_estimation_panel,"reviewed exact-identifier slice from cross-venue adjudication; broader source-product, source-readiness, and calibrated policy-simulation gates remain blocked until row-count, issue-comparability, false-match, and observed pre/post comparison requirements pass; not assigned to treated or comparison group"
hloga-2007-federal-lobbying-disclosure,cand-c10f34e012b0,reviewed-democracy,excluded_no_observed_prepost_window,reviewed exact-ID source systems=IRS/ProPublica dark-money bridge; Intermediary bridge; venues=intermediary; opaque_nonprofit_or_dark_money,2006-01-01,2007-09-13,2007-09-14,2008-12-31,0.9500,observed_prepost_outcome_rows_missing,reviewed_actor_excluded_from_estimation_panel,"reviewed exact-identifier slice from cross-venue adjudication; broader source-product, source-readiness, and calibrated policy-simulation gates remain blocked until row-count, issue-comparability, false-match, and observed pre/post comparison requirements pass; not assigned to treated or comparison group"
hloga-2007-federal-lobbying-disclosure,cand-079e026b538d,reviewed-democracy,excluded_no_observed_prepost_window,reviewed exact-ID source systems=IRS/ProPublica dark-money bridge; Intermediary bridge; venues=intermediary; opaque_nonprofit_or_dark_money,2006-01-01,2007-09-13,2007-09-14,2008-12-31,0.9500,observed_prepost_outcome_rows_missing,reviewed_actor_excluded_from_estimation_panel,"reviewed exact-identifier slice from cross-venue adjudication; broader source-product, source-readiness, and calibrated policy-simulation gates remain blocked until row-count, issue-comparability, false-match, and observed pre/post comparison requirements pass; not assigned to treated or comparison group"
hloga-2007-federal-lobbying-disclosure,cand-ff3c9e883527,reviewed-democracy,excluded_no_observed_prepost_window,reviewed exact-ID source systems=IRS/ProPublica dark-money bridge; Intermediary bridge; venues=intermediary; opaque_nonprofit_or_dark_money,2006-01-01,2007-09-13,2007-09-14,2008-12-31,0.9500,observed_prepost_outcome_rows_missing,reviewed_actor_excluded_from_estimation_panel,"reviewed exact-identifier slice from cross-venue adjudication; broader source-product, source-readiness, and calibrated policy-simulation gates remain blocked until row-count, issue-comparability, false-match, and observed pre/post comparison requirements pass; not assigned to treated or comparison group"
hloga-2007-federal-lobbying-disclosure,cand-d3be94585fed,reviewed-democracy,excluded_no_observed_prepost_window,reviewed exact-ID source systems=IRS/ProPublica dark-money bridge; Intermediary bridge; venues=intermediary; opaque_nonprofit_or_dark_money,2006-01-01,2007-09-13,2007-09-14,2008-12-31,0.9500,observed_prepost_outcome_rows_missing,reviewed_actor_excluded_from_estimation_panel,"reviewed exact-identifier slice from cross-venue adjudication; broader source-product, source-readiness, and calibrated policy-simulation gates remain blocked until row-count, issue-comparability, false-match, and observed pre/post comparison requirements pass; not assigned to treated or comparison group"
hloga-2007-federal-lobbying-disclosure,cand-40c281a618b7,reviewed-democracy,excluded_no_observed_prepost_window,reviewed exact-ID source systems=IRS/ProPublica dark-money bridge; Intermediary bridge; venues=intermediary; opaque_nonprofit_or_dark_money,2006-01-01,2007-09-13,2007-09-14,2008-12-31,0.9500,observed_prepost_outcome_rows_missing,reviewed_actor_excluded_from_estimation_panel,"reviewed exact-identifier slice from cross-venue adjudication; broader source-product, source-readiness, and calibrated policy-simulation gates remain blocked until row-count, issue-comparability, false-match, and observed pre/post comparison requirements pass; not assigned to treated or comparison group"
hloga-2007-federal-lobbying-disclosure,cand-337aaa3c36fb,reviewed-democracy,excluded_no_observed_prepost_window,reviewed exact-ID source systems=IRS/ProPublica dark-money bridge; Intermediary bridge; venues=intermediary; opaque_nonprofit_or_dark_money,2006-01-01,2007-09-13,2007-09-14,2008-12-31,0.9500,observed_prepost_outcome_rows_missing,reviewed_actor_excluded_from_estimation_panel,"reviewed exact-identifier slice from cross-venue adjudication; broader source-product, source-readiness, and calibrated policy-simulation gates remain blocked until row-count, issue-comparability, false-match, and observed pre/post comparison requirements pass; not assigned to treated or comparison group"
hloga-2007-federal-lobbying-disclosure,cand-ff21bbff913a,reviewed-democracy,excluded_no_observed_prepost_window,reviewed exact-ID source systems=IRS/ProPublica dark-money bridge; Intermediary bridge; venues=intermediary; opaque_nonprofit_or_dark_money,2006-01-01,2007-09-13,2007-09-14,2008-12-31,0.9500,observed_prepost_outcome_rows_missing,reviewed_actor_excluded_from_estimation_panel,"reviewed exact-identifier slice from cross-venue adjudication; broader source-product, source-readiness, and calibrated policy-simulation gates remain blocked until row-count, issue-comparability, false-match, and observed pre/post comparison requirements pass; not assigned to treated or comparison group"
hloga-2007-federal-lobbying-disclosure,cand-91ca3975167f,reviewed-energy,excluded_no_observed_prepost_window,reviewed exact-ID source systems=IRS/ProPublica dark-money bridge; Intermediary bridge; venues=intermediary; opaque_nonprofit_or_dark_money,2006-01-01,2007-09-13,2007-09-14,2008-12-31,0.9500,observed_prepost_outcome_rows_missing,reviewed_actor_excluded_from_estimation_panel,"reviewed exact-identifier slice from cross-venue adjudication; broader source-product, source-readiness, and calibrated policy-simulation gates remain blocked until row-count, issue-comparability, false-match, and observed pre/post comparison requirements pass; not assigned to treated or comparison group"
hloga-2007-federal-lobbying-disclosure,cand-93a8c93d2de7,reviewed-energy,excluded_no_observed_prepost_window,reviewed exact-ID source systems=IRS/ProPublica dark-money bridge; Intermediary bridge; venues=intermediary; opaque_nonprofit_or_dark_money,2006-01-01,2007-09-13,2007-09-14,2008-12-31,0.9500,observed_prepost_outcome_rows_missing,reviewed_actor_excluded_from_estimation_panel,"reviewed exact-identifier slice from cross-venue adjudication; broader source-product, source-readiness, and calibrated policy-simulation gates remain blocked until row-count, issue-comparability, false-match, and observed pre/post comparison requirements pass; not assigned to treated or comparison group"
hloga-2007-federal-lobbying-disclosure,cand-cd8fdd4b2a37,reviewed-democracy,excluded_no_observed_prepost_window,reviewed exact-ID source systems=IRS/ProPublica dark-money bridge; Intermediary bridge; venues=intermediary; opaque_nonprofit_or_dark_money,2006-01-01,2007-09-13,2007-09-14,2008-12-31,0.9500,observed_prepost_outcome_rows_missing,reviewed_actor_excluded_from_estimation_panel,"reviewed exact-identifier slice from cross-venue adjudication; broader source-product, source-readiness, and calibrated policy-simulation gates remain blocked until row-count, issue-comparability, false-match, and observed pre/post comparison requirements pass; not assigned to treated or comparison group"
hloga-2007-federal-lobbying-disclosure,cand-0466e4403f64,reviewed-democracy,excluded_no_observed_prepost_window,reviewed exact-ID source systems=IRS/ProPublica dark-money bridge; Intermediary bridge; venues=intermediary; opaque_nonprofit_or_dark_money,2006-01-01,2007-09-13,2007-09-14,2008-12-31,0.9500,observed_prepost_outcome_rows_missing,reviewed_actor_excluded_from_estimation_panel,"reviewed exact-identifier slice from cross-venue adjudication; broader source-product, source-readiness, and calibrated policy-simulation gates remain blocked until row-count, issue-comparability, false-match, and observed pre/post comparison requirements pass; not assigned to treated or comparison group"
hloga-2007-federal-lobbying-disclosure,cand-6c1941bd8b98,reviewed-democracy,excluded_no_observed_prepost_window,reviewed exact-ID source systems=IRS/ProPublica dark-money bridge; Intermediary bridge; venues=intermediary; opaque_nonprofit_or_dark_money,2006-01-01,2007-09-13,2007-09-14,2008-12-31,0.9500,observed_prepost_outcome_rows_missing,reviewed_actor_excluded_from_estimation_panel,"reviewed exact-identifier slice from cross-venue adjudication; broader source-product, source-readiness, and calibrated policy-simulation gates remain blocked until row-count, issue-comparability, false-match, and observed pre/post comparison requirements pass; not assigned to treated or comparison group"
hloga-2007-federal-lobbying-disclosure,cand-63631db52e66,reviewed-democracy,excluded_no_observed_prepost_window,reviewed exact-ID source systems=IRS/ProPublica dark-money bridge; Intermediary bridge; venues=intermediary; opaque_nonprofit_or_dark_money,2006-01-01,2007-09-13,2007-09-14,2008-12-31,0.9500,observed_prepost_outcome_rows_missing,reviewed_actor_excluded_from_estimation_panel,"reviewed exact-identifier slice from cross-venue adjudication; broader source-product, source-readiness, and calibrated policy-simulation gates remain blocked until row-count, issue-comparability, false-match, and observed pre/post comparison requirements pass; not assigned to treated or comparison group"
hloga-2007-federal-lobbying-disclosure,cand-225ff1ef13a4,reviewed-democracy,excluded_no_observed_prepost_window,reviewed exact-ID source systems=IRS/ProPublica dark-money bridge; Intermediary bridge; venues=intermediary; opaque_nonprofit_or_dark_money,2006-01-01,2007-09-13,2007-09-14,2008-12-31,0.9500,observed_prepost_outcome_rows_missing,reviewed_actor_excluded_from_estimation_panel,"reviewed exact-identifier slice from cross-venue adjudication; broader source-product, source-readiness, and calibrated policy-simulation gates remain blocked until row-count, issue-comparability, false-match, and observed pre/post comparison requirements pass; not assigned to treated or comparison group"
hloga-2007-federal-lobbying-disclosure,cand-7835e6481445,reviewed-democracy,excluded_no_observed_prepost_window,reviewed exact-ID source systems=IRS/ProPublica dark-money bridge; Intermediary bridge; venues=intermediary; opaque_nonprofit_or_dark_money,2006-01-01,2007-09-13,2007-09-14,2008-12-31,0.9500,observed_prepost_outcome_rows_missing,reviewed_actor_excluded_from_estimation_panel,"reviewed exact-identifier slice from cross-venue adjudication; broader source-product, source-readiness, and calibrated policy-simulation gates remain blocked until row-count, issue-comparability, false-match, and observed pre/post comparison requirements pass; not assigned to treated or comparison group"
hloga-2007-federal-lobbying-disclosure,cand-48b92ffb84b2,reviewed-energy,excluded_no_observed_prepost_window,reviewed exact-ID source systems=IRS/ProPublica dark-money bridge; Intermediary bridge; venues=intermediary; opaque_nonprofit_or_dark_money,2006-01-01,2007-09-13,2007-09-14,2008-12-31,0.9500,observed_prepost_outcome_rows_missing,reviewed_actor_excluded_from_estimation_panel,"reviewed exact-identifier slice from cross-venue adjudication; broader source-product, source-readiness, and calibrated policy-simulation gates remain blocked until row-count, issue-comparability, false-match, and observed pre/post comparison requirements pass; not assigned to treated or comparison group"
hloga-2007-federal-lobbying-disclosure,cand-80d917263944,reviewed-energy,excluded_no_observed_prepost_window,reviewed exact-ID source systems=IRS/ProPublica dark-money bridge; Intermediary bridge; venues=intermediary; opaque_nonprofit_or_dark_money,2006-01-01,2007-09-13,2007-09-14,2008-12-31,0.9500,observed_prepost_outcome_rows_missing,reviewed_actor_excluded_from_estimation_panel,"reviewed exact-identifier slice from cross-venue adjudication; broader source-product, source-readiness, and calibrated policy-simulation gates remain blocked until row-count, issue-comparability, false-match, and observed pre/post comparison requirements pass; not assigned to treated or comparison group"
hloga-2007-federal-lobbying-disclosure,cand-7bae7148667a,reviewed-democracy,excluded_no_observed_prepost_window,reviewed exact-ID source systems=IRS/ProPublica dark-money bridge; Intermediary bridge; venues=intermediary; opaque_nonprofit_or_dark_money,2006-01-01,2007-09-13,2007-09-14,2008-12-31,0.9500,observed_prepost_outcome_rows_missing,reviewed_actor_excluded_from_estimation_panel,"reviewed exact-identifier slice from cross-venue adjudication; broader source-product, source-readiness, and calibrated policy-simulation gates remain blocked until row-count, issue-comparability, false-match, and observed pre/post comparison requirements pass; not assigned to treated or comparison group"
hloga-2007-federal-lobbying-disclosure,cand-d41e5539989d,reviewed-technology,excluded_no_observed_prepost_window,reviewed exact-ID source systems=IRS/ProPublica dark-money bridge; Intermediary bridge; venues=intermediary; opaque_nonprofit_or_dark_money,2006-01-01,2007-09-13,2007-09-14,2008-12-31,0.9500,observed_prepost_outcome_rows_missing,reviewed_actor_excluded_from_estimation_panel,"reviewed exact-identifier slice from cross-venue adjudication; broader source-product, source-readiness, and calibrated policy-simulation gates remain blocked until row-count, issue-comparability, false-match, and observed pre/post comparison requirements pass; not assigned to treated or comparison group"
hloga-2007-federal-lobbying-disclosure,cand-739cb6bb5c7a,reviewed-energy,excluded_no_observed_prepost_window,reviewed exact-ID source systems=IRS/ProPublica dark-money bridge; Intermediary bridge; venues=intermediary; opaque_nonprofit_or_dark_money,2006-01-01,2007-09-13,2007-09-14,2008-12-31,0.9500,observed_prepost_outcome_rows_missing,reviewed_actor_excluded_from_estimation_panel,"reviewed exact-identifier slice from cross-venue adjudication; broader source-product, source-readiness, and calibrated policy-simulation gates remain blocked until row-count, issue-comparability, false-match, and observed pre/post comparison requirements pass; not assigned to treated or comparison group"
hloga-2007-federal-lobbying-disclosure,cand-dbe8cd7b71e0,reviewed-energy,excluded_no_observed_prepost_window,reviewed exact-ID source systems=IRS/ProPublica dark-money bridge; Intermediary bridge; venues=intermediary; opaque_nonprofit_or_dark_money,2006-01-01,2007-09-13,2007-09-14,2008-12-31,0.9500,observed_prepost_outcome_rows_missing,reviewed_actor_excluded_from_estimation_panel,"reviewed exact-identifier slice from cross-venue adjudication; broader source-product, source-readiness, and calibrated policy-simulation gates remain blocked until row-count, issue-comparability, false-match, and observed pre/post comparison requirements pass; not assigned to treated or comparison group"
hloga-2007-federal-lobbying-disclosure,cand-6f381cff8ef6,reviewed-democracy,excluded_no_observed_prepost_window,reviewed exact-ID source systems=IRS/ProPublica dark-money bridge; Intermediary bridge; venues=intermediary; opaque_nonprofit_or_dark_money,2006-01-01,2007-09-13,2007-09-14,2008-12-31,0.9500,observed_prepost_outcome_rows_missing,reviewed_actor_excluded_from_estimation_panel,"reviewed exact-identifier slice from cross-venue adjudication; broader source-product, source-readiness, and calibrated policy-simulation gates remain blocked until row-count, issue-comparability, false-match, and observed pre/post comparison requirements pass; not assigned to treated or comparison group"
hloga-2007-federal-lobbying-disclosure,cand-6e8b3a15ed27,reviewed-democracy,excluded_no_observed_prepost_window,reviewed exact-ID source systems=IRS/ProPublica dark-money bridge; Intermediary bridge; venues=intermediary; opaque_nonprofit_or_dark_money,2006-01-01,2007-09-13,2007-09-14,2008-12-31,0.9500,observed_prepost_outcome_rows_missing,reviewed_actor_excluded_from_estimation_panel,"reviewed exact-identifier slice from cross-venue adjudication; broader source-product, source-readiness, and calibrated policy-simulation gates remain blocked until row-count, issue-comparability, false-match, and observed pre/post comparison requirements pass; not assigned to treated or comparison group"
hloga-2007-federal-lobbying-disclosure,cand-4b7899f9d578,reviewed-democracy,excluded_no_observed_prepost_window,reviewed exact-ID source systems=IRS/ProPublica dark-money bridge; Intermediary bridge; venues=intermediary; opaque_nonprofit_or_dark_money,2006-01-01,2007-09-13,2007-09-14,2008-12-31,0.9500,observed_prepost_outcome_rows_missing,reviewed_actor_excluded_from_estimation_panel,"reviewed exact-identifier slice from cross-venue adjudication; broader source-product, source-readiness, and calibrated policy-simulation gates remain blocked until row-count, issue-comparability, false-match, and observed pre/post comparison requirements pass; not assigned to treated or comparison group"
hloga-2007-federal-lobbying-disclosure,cand-bd3f437b4103,reviewed-democracy,excluded_no_observed_prepost_window,reviewed exact-ID source systems=IRS/ProPublica dark-money bridge; Intermediary bridge; venues=intermediary; opaque_nonprofit_or_dark_money,2006-01-01,2007-09-13,2007-09-14,2008-12-31,0.9500,observed_prepost_outcome_rows_missing,reviewed_actor_excluded_from_estimation_panel,"reviewed exact-identifier slice from cross-venue adjudication; broader source-product, source-readiness, and calibrated policy-simulation gates remain blocked until row-count, issue-comparability, false-match, and observed pre/post comparison requirements pass; not assigned to treated or comparison group"
hloga-2007-federal-lobbying-disclosure,cand-a2a3bbc2ca2a,reviewed-democracy,excluded_no_observed_prepost_window,reviewed exact-ID source systems=IRS/ProPublica dark-money bridge; Intermediary bridge; venues=intermediary; opaque_nonprofit_or_dark_money,2006-01-01,2007-09-13,2007-09-14,2008-12-31,0.9500,observed_prepost_outcome_rows_missing,reviewed_actor_excluded_from_estimation_panel,"reviewed exact-identifier slice from cross-venue adjudication; broader source-product, source-readiness, and calibrated policy-simulation gates remain blocked until row-count, issue-comparability, false-match, and observed pre/post comparison requirements pass; not assigned to treated or comparison group"
hloga-2007-federal-lobbying-disclosure,cand-ed6efc4b3162,reviewed-democracy,excluded_no_observed_prepost_window,reviewed exact-ID source systems=IRS/ProPublica dark-money bridge; Intermediary bridge; venues=intermediary; opaque_nonprofit_or_dark_money,2006-01-01,2007-09-13,2007-09-14,2008-12-31,0.9500,observed_prepost_outcome_rows_missing,reviewed_actor_excluded_from_estimation_panel,"reviewed exact-identifier slice from cross-venue adjudication; broader source-product, source-readiness, and calibrated policy-simulation gates remain blocked until row-count, issue-comparability, false-match, and observed pre/post comparison requirements pass; not assigned to treated or comparison group"
hloga-2007-federal-lobbying-disclosure,cand-41573ed616a0,reviewed-democracy,excluded_no_observed_prepost_window,reviewed exact-ID source systems=IRS/ProPublica dark-money bridge; Intermediary bridge; venues=intermediary; opaque_nonprofit_or_dark_money,2006-01-01,2007-09-13,2007-09-14,2008-12-31,0.9500,observed_prepost_outcome_rows_missing,reviewed_actor_excluded_from_estimation_panel,"reviewed exact-identifier slice from cross-venue adjudication; broader source-product, source-readiness, and calibrated policy-simulation gates remain blocked until row-count, issue-comparability, false-match, and observed pre/post comparison requirements pass; not assigned to treated or comparison group"
hloga-2007-federal-lobbying-disclosure,cand-7620afb7c0ed,reviewed-finance,excluded_no_observed_prepost_window,reviewed exact-ID source systems=IRS/ProPublica dark-money bridge; Intermediary bridge; venues=intermediary; opaque_nonprofit_or_dark_money,2006-01-01,2007-09-13,2007-09-14,2008-12-31,0.9500,observed_prepost_outcome_rows_missing,reviewed_actor_excluded_from_estimation_panel,"reviewed exact-identifier slice from cross-venue adjudication; broader source-product, source-readiness, and calibrated policy-simulation gates remain blocked until row-count, issue-comparability, false-match, and observed pre/post comparison requirements pass; not assigned to treated or comparison group"
hloga-2007-federal-lobbying-disclosure,cand-4a3fc09cc33a,reviewed-democracy,excluded_no_observed_prepost_window,reviewed exact-ID source systems=IRS/ProPublica dark-money bridge; Intermediary bridge; venues=intermediary; opaque_nonprofit_or_dark_money,2006-01-01,2007-09-13,2007-09-14,2008-12-31,0.9500,observed_prepost_outcome_rows_missing,reviewed_actor_excluded_from_estimation_panel,"reviewed exact-identifier slice from cross-venue adjudication; broader source-product, source-readiness, and calibrated policy-simulation gates remain blocked until row-count, issue-comparability, false-match, and observed pre/post comparison requirements pass; not assigned to treated or comparison group"
hloga-2007-federal-lobbying-disclosure,cand-909c264979ec,reviewed-energy,excluded_no_observed_prepost_window,reviewed exact-ID source systems=IRS/ProPublica dark-money bridge; Intermediary bridge; venues=intermediary; opaque_nonprofit_or_dark_money,2006-01-01,2007-09-13,2007-09-14,2008-12-31,0.9500,observed_prepost_outcome_rows_missing,reviewed_actor_excluded_from_estimation_panel,"reviewed exact-identifier slice from cross-venue adjudication; broader source-product, source-readiness, and calibrated policy-simulation gates remain blocked until row-count, issue-comparability, false-match, and observed pre/post comparison requirements pass; not assigned to treated or comparison group"
hloga-2007-federal-lobbying-disclosure,cand-364704ee41bd,reviewed-democracy,excluded_no_observed_prepost_window,reviewed exact-ID source systems=IRS/ProPublica dark-money bridge; Intermediary bridge; venues=intermediary; opaque_nonprofit_or_dark_money,2006-01-01,2007-09-13,2007-09-14,2008-12-31,0.9500,observed_prepost_outcome_rows_missing,reviewed_actor_excluded_from_estimation_panel,"reviewed exact-identifier slice from cross-venue adjudication; broader source-product, source-readiness, and calibrated policy-simulation gates remain blocked until row-count, issue-comparability, false-match, and observed pre/post comparison requirements pass; not assigned to treated or comparison group"
hloga-2007-federal-lobbying-disclosure,cand-1a5a150a4060,reviewed-democracy,excluded_no_observed_prepost_window,reviewed exact-ID source systems=IRS/ProPublica dark-money bridge; Intermediary bridge; venues=intermediary; opaque_nonprofit_or_dark_money,2006-01-01,2007-09-13,2007-09-14,2008-12-31,0.9500,observed_prepost_outcome_rows_missing,reviewed_actor_excluded_from_estimation_panel,"reviewed exact-identifier slice from cross-venue adjudication; broader source-product, source-readiness, and calibrated policy-simulation gates remain blocked until row-count, issue-comparability, false-match, and observed pre/post comparison requirements pass; not assigned to treated or comparison group"
hloga-2007-federal-lobbying-disclosure,cand-230fff88d51d,reviewed-democracy,excluded_no_observed_prepost_window,reviewed exact-ID source systems=IRS/ProPublica dark-money bridge; Intermediary bridge; venues=intermediary; opaque_nonprofit_or_dark_money,2006-01-01,2007-09-13,2007-09-14,2008-12-31,0.9500,observed_prepost_outcome_rows_missing,reviewed_actor_excluded_from_estimation_panel,"reviewed exact-identifier slice from cross-venue adjudication; broader source-product, source-readiness, and calibrated policy-simulation gates remain blocked until row-count, issue-comparability, false-match, and observed pre/post comparison requirements pass; not assigned to treated or comparison group"
hloga-2007-federal-lobbying-disclosure,cand-a641f549e2b1,reviewed-democracy,excluded_no_observed_prepost_window,reviewed exact-ID source systems=IRS/ProPublica dark-money bridge; Intermediary bridge; venues=intermediary; opaque_nonprofit_or_dark_money,2006-01-01,2007-09-13,2007-09-14,2008-12-31,0.9500,observed_prepost_outcome_rows_missing,reviewed_actor_excluded_from_estimation_panel,"reviewed exact-identifier slice from cross-venue adjudication; broader source-product, source-readiness, and calibrated policy-simulation gates remain blocked until row-count, issue-comparability, false-match, and observed pre/post comparison requirements pass; not assigned to treated or comparison group"
hloga-2007-federal-lobbying-disclosure,cand-290ff3926585,reviewed-democracy,excluded_no_observed_prepost_window,reviewed exact-ID source systems=IRS/ProPublica dark-money bridge; Intermediary bridge; venues=intermediary; opaque_nonprofit_or_dark_money,2006-01-01,2007-09-13,2007-09-14,2008-12-31,0.9500,observed_prepost_outcome_rows_missing,reviewed_actor_excluded_from_estimation_panel,"reviewed exact-identifier slice from cross-venue adjudication; broader source-product, source-readiness, and calibrated policy-simulation gates remain blocked until row-count, issue-comparability, false-match, and observed pre/post comparison requirements pass; not assigned to treated or comparison group"
hloga-2007-federal-lobbying-disclosure,cand-1726ec25f4be,reviewed-democracy,excluded_no_observed_prepost_window,reviewed exact-ID source systems=IRS/ProPublica dark-money bridge; Intermediary bridge; venues=intermediary; opaque_nonprofit_or_dark_money,2006-01-01,2007-09-13,2007-09-14,2008-12-31,0.9500,observed_prepost_outcome_rows_missing,reviewed_actor_excluded_from_estimation_panel,"reviewed exact-identifier slice from cross-venue adjudication; broader source-product, source-readiness, and calibrated policy-simulation gates remain blocked until row-count, issue-comparability, false-match, and observed pre/post comparison requirements pass; not assigned to treated or comparison group"
hloga-2007-federal-lobbying-disclosure,cand-7b1717ef622b,reviewed-democracy,excluded_no_observed_prepost_window,reviewed exact-ID source systems=IRS/ProPublica dark-money bridge; Intermediary bridge; venues=intermediary; opaque_nonprofit_or_dark_money,2006-01-01,2007-09-13,2007-09-14,2008-12-31,0.9500,observed_prepost_outcome_rows_missing,reviewed_actor_excluded_from_estimation_panel,"reviewed exact-identifier slice from cross-venue adjudication; broader source-product, source-readiness, and calibrated policy-simulation gates remain blocked until row-count, issue-comparability, false-match, and observed pre/post comparison requirements pass; not assigned to treated or comparison group"
hloga-2007-federal-lobbying-disclosure,cand-d8d6e172b053,reviewed-democracy,excluded_no_observed_prepost_window,reviewed exact-ID source systems=IRS/ProPublica dark-money bridge; Intermediary bridge; venues=intermediary; opaque_nonprofit_or_dark_money,2006-01-01,2007-09-13,2007-09-14,2008-12-31,0.9500,observed_prepost_outcome_rows_missing,reviewed_actor_excluded_from_estimation_panel,"reviewed exact-identifier slice from cross-venue adjudication; broader source-product, source-readiness, and calibrated policy-simulation gates remain blocked until row-count, issue-comparability, false-match, and observed pre/post comparison requirements pass; not assigned to treated or comparison group"
hloga-2007-federal-lobbying-disclosure,cand-28421a9c56e7,reviewed-democracy,excluded_no_observed_prepost_window,reviewed exact-ID source systems=IRS/ProPublica dark-money bridge; Intermediary bridge; venues=intermediary; opaque_nonprofit_or_dark_money,2006-01-01,2007-09-13,2007-09-14,2008-12-31,0.9500,observed_prepost_outcome_rows_missing,reviewed_actor_excluded_from_estimation_panel,"reviewed exact-identifier slice from cross-venue adjudication; broader source-product, source-readiness, and calibrated policy-simulation gates remain blocked until row-count, issue-comparability, false-match, and observed pre/post comparison requirements pass; not assigned to treated or comparison group"
hloga-2007-federal-lobbying-disclosure,cand-3707412354d2,reviewed-democracy,excluded_no_observed_prepost_window,reviewed exact-ID source systems=IRS/ProPublica dark-money bridge; Intermediary bridge; venues=intermediary; opaque_nonprofit_or_dark_money,2006-01-01,2007-09-13,2007-09-14,2008-12-31,0.9500,observed_prepost_outcome_rows_missing,reviewed_actor_excluded_from_estimation_panel,"reviewed exact-identifier slice from cross-venue adjudication; broader source-product, source-readiness, and calibrated policy-simulation gates remain blocked until row-count, issue-comparability, false-match, and observed pre/post comparison requirements pass; not assigned to treated or comparison group"
hloga-2007-federal-lobbying-disclosure,cand-cda39cbb6c45,reviewed-democracy,excluded_no_observed_prepost_window,reviewed exact-ID source systems=IRS/ProPublica dark-money bridge; Intermediary bridge; venues=intermediary; opaque_nonprofit_or_dark_money,2006-01-01,2007-09-13,2007-09-14,2008-12-31,0.9500,observed_prepost_outcome_rows_missing,reviewed_actor_excluded_from_estimation_panel,"reviewed exact-identifier slice from cross-venue adjudication; broader source-product, source-readiness, and calibrated policy-simulation gates remain blocked until row-count, issue-comparability, false-match, and observed pre/post comparison requirements pass; not assigned to treated or comparison group"
hloga-2007-federal-lobbying-disclosure,cand-afeda474f4be,reviewed-democracy,excluded_no_observed_prepost_window,reviewed exact-ID source systems=IRS/ProPublica dark-money bridge; Intermediary bridge; venues=intermediary; opaque_nonprofit_or_dark_money,2006-01-01,2007-09-13,2007-09-14,2008-12-31,0.9500,observed_prepost_outcome_rows_missing,reviewed_actor_excluded_from_estimation_panel,"reviewed exact-identifier slice from cross-venue adjudication; broader source-product, source-readiness, and calibrated policy-simulation gates remain blocked until row-count, issue-comparability, false-match, and observed pre/post comparison requirements pass; not assigned to treated or comparison group"
hloga-2007-federal-lobbying-disclosure,cand-6bc4b06693fe,reviewed-democracy,excluded_no_observed_prepost_window,reviewed exact-ID source systems=IRS/ProPublica dark-money bridge; Intermediary bridge; venues=intermediary; opaque_nonprofit_or_dark_money,2006-01-01,2007-09-13,2007-09-14,2008-12-31,0.9500,observed_prepost_outcome_rows_missing,reviewed_actor_excluded_from_estimation_panel,"reviewed exact-identifier slice from cross-venue adjudication; broader source-product, source-readiness, and calibrated policy-simulation gates remain blocked until row-count, issue-comparability, false-match, and observed pre/post comparison requirements pass; not assigned to treated or comparison group"
hloga-2007-federal-lobbying-disclosure,cand-7f78cc33a76d,reviewed-democracy,excluded_no_observed_prepost_window,reviewed exact-ID source systems=IRS/ProPublica dark-money bridge; Intermediary bridge; venues=intermediary; opaque_nonprofit_or_dark_money,2006-01-01,2007-09-13,2007-09-14,2008-12-31,0.9500,observed_prepost_outcome_rows_missing,reviewed_actor_excluded_from_estimation_panel,"reviewed exact-identifier slice from cross-venue adjudication; broader source-product, source-readiness, and calibrated policy-simulation gates remain blocked until row-count, issue-comparability, false-match, and observed pre/post comparison requirements pass; not assigned to treated or comparison group"
hloga-2007-federal-lobbying-disclosure,cand-fc52d9e6b652,reviewed-democracy,excluded_no_observed_prepost_window,reviewed exact-ID source systems=IRS/ProPublica dark-money bridge; Intermediary bridge; venues=intermediary; opaque_nonprofit_or_dark_money,2006-01-01,2007-09-13,2007-09-14,2008-12-31,0.9500,observed_prepost_outcome_rows_missing,reviewed_actor_excluded_from_estimation_panel,"reviewed exact-identifier slice from cross-venue adjudication; broader source-product, source-readiness, and calibrated policy-simulation gates remain blocked until row-count, issue-comparability, false-match, and observed pre/post comparison requirements pass; not assigned to treated or comparison group"
hloga-2007-federal-lobbying-disclosure,cand-cdb0372a6c35,reviewed-democracy,excluded_no_observed_prepost_window,reviewed exact-ID source systems=IRS/ProPublica dark-money bridge; Intermediary bridge; venues=intermediary; opaque_nonprofit_or_dark_money,2006-01-01,2007-09-13,2007-09-14,2008-12-31,0.9500,observed_prepost_outcome_rows_missing,reviewed_actor_excluded_from_estimation_panel,"reviewed exact-identifier slice from cross-venue adjudication; broader source-product, source-readiness, and calibrated policy-simulation gates remain blocked until row-count, issue-comparability, false-match, and observed pre/post comparison requirements pass; not assigned to treated or comparison group"
hloga-2007-federal-lobbying-disclosure,cand-1d9b19037be3,reviewed-democracy,excluded_no_observed_prepost_window,reviewed exact-ID source systems=IRS/ProPublica dark-money bridge; Intermediary bridge; venues=intermediary; opaque_nonprofit_or_dark_money,2006-01-01,2007-09-13,2007-09-14,2008-12-31,0.9500,observed_prepost_outcome_rows_missing,reviewed_actor_excluded_from_estimation_panel,"reviewed exact-identifier slice from cross-venue adjudication; broader source-product, source-readiness, and calibrated policy-simulation gates remain blocked until row-count, issue-comparability, false-match, and observed pre/post comparison requirements pass; not assigned to treated or comparison group"
hloga-2007-federal-lobbying-disclosure,cand-c726f137939d,reviewed-democracy,excluded_no_observed_prepost_window,reviewed exact-ID source systems=IRS/ProPublica dark-money bridge; Intermediary bridge; venues=intermediary; opaque_nonprofit_or_dark_money,2006-01-01,2007-09-13,2007-09-14,2008-12-31,0.9500,observed_prepost_outcome_rows_missing,reviewed_actor_excluded_from_estimation_panel,"reviewed exact-identifier slice from cross-venue adjudication; broader source-product, source-readiness, and calibrated policy-simulation gates remain blocked until row-count, issue-comparability, false-match, and observed pre/post comparison requirements pass; not assigned to treated or comparison group"
hloga-2007-federal-lobbying-disclosure,cand-125699fcd7ad,reviewed-democracy,excluded_no_observed_prepost_window,reviewed exact-ID source systems=IRS/ProPublica dark-money bridge; Intermediary bridge; venues=intermediary; opaque_nonprofit_or_dark_money,2006-01-01,2007-09-13,2007-09-14,2008-12-31,0.9500,observed_prepost_outcome_rows_missing,reviewed_actor_excluded_from_estimation_panel,"reviewed exact-identifier slice from cross-venue adjudication; broader source-product, source-readiness, and calibrated policy-simulation gates remain blocked until row-count, issue-comparability, false-match, and observed pre/post comparison requirements pass; not assigned to treated or comparison group"
hloga-2007-federal-lobbying-disclosure,cand-77e4cd3f26cd,reviewed-democracy,excluded_no_observed_prepost_window,reviewed exact-ID source systems=IRS/ProPublica dark-money bridge; Intermediary bridge; venues=intermediary; opaque_nonprofit_or_dark_money,2006-01-01,2007-09-13,2007-09-14,2008-12-31,0.9500,observed_prepost_outcome_rows_missing,reviewed_actor_excluded_from_estimation_panel,"reviewed exact-identifier slice from cross-venue adjudication; broader source-product, source-readiness, and calibrated policy-simulation gates remain blocked until row-count, issue-comparability, false-match, and observed pre/post comparison requirements pass; not assigned to treated or comparison group"
hloga-2007-federal-lobbying-disclosure,cand-a1f33e95e07c,reviewed-democracy,excluded_no_observed_prepost_window,reviewed exact-ID source systems=IRS/ProPublica dark-money bridge; Intermediary bridge; venues=intermediary; opaque_nonprofit_or_dark_money,2006-01-01,2007-09-13,2007-09-14,2008-12-31,0.9500,observed_prepost_outcome_rows_missing,reviewed_actor_excluded_from_estimation_panel,"reviewed exact-identifier slice from cross-venue adjudication; broader source-product, source-readiness, and calibrated policy-simulation gates remain blocked until row-count, issue-comparability, false-match, and observed pre/post comparison requirements pass; not assigned to treated or comparison group"
hloga-2007-federal-lobbying-disclosure,cand-1206f63ca992,reviewed-democracy,excluded_no_observed_prepost_window,reviewed exact-ID source systems=IRS/ProPublica dark-money bridge; Intermediary bridge; venues=intermediary; opaque_nonprofit_or_dark_money,2006-01-01,2007-09-13,2007-09-14,2008-12-31,0.9500,observed_prepost_outcome_rows_missing,reviewed_actor_excluded_from_estimation_panel,"reviewed exact-identifier slice from cross-venue adjudication; broader source-product, source-readiness, and calibrated policy-simulation gates remain blocked until row-count, issue-comparability, false-match, and observed pre/post comparison requirements pass; not assigned to treated or comparison group"
hloga-2007-federal-lobbying-disclosure,cand-d8dd2f80b5bc,reviewed-democracy,excluded_no_observed_prepost_window,reviewed exact-ID source systems=IRS/ProPublica dark-money bridge; Intermediary bridge; venues=intermediary; opaque_nonprofit_or_dark_money,2006-01-01,2007-09-13,2007-09-14,2008-12-31,0.9500,observed_prepost_outcome_rows_missing,reviewed_actor_excluded_from_estimation_panel,"reviewed exact-identifier slice from cross-venue adjudication; broader source-product, source-readiness, and calibrated policy-simulation gates remain blocked until row-count, issue-comparability, false-match, and observed pre/post comparison requirements pass; not assigned to treated or comparison group"
hloga-2007-federal-lobbying-disclosure,cand-4d178a47faa0,reviewed-democracy,excluded_no_observed_prepost_window,reviewed exact-ID source systems=IRS/ProPublica dark-money bridge; Intermediary bridge; venues=intermediary; opaque_nonprofit_or_dark_money,2006-01-01,2007-09-13,2007-09-14,2008-12-31,0.9500,observed_prepost_outcome_rows_missing,reviewed_actor_excluded_from_estimation_panel,"reviewed exact-identifier slice from cross-venue adjudication; broader source-product, source-readiness, and calibrated policy-simulation gates remain blocked until row-count, issue-comparability, false-match, and observed pre/post comparison requirements pass; not assigned to treated or comparison group"
hloga-2007-federal-lobbying-disclosure,cand-ddff9d402f53,reviewed-democracy,excluded_no_observed_prepost_window,reviewed exact-ID source systems=IRS/ProPublica dark-money bridge; Intermediary bridge; venues=intermediary; opaque_nonprofit_or_dark_money,2006-01-01,2007-09-13,2007-09-14,2008-12-31,0.9500,observed_prepost_outcome_rows_missing,reviewed_actor_excluded_from_estimation_panel,"reviewed exact-identifier slice from cross-venue adjudication; broader source-product, source-readiness, and calibrated policy-simulation gates remain blocked until row-count, issue-comparability, false-match, and observed pre/post comparison requirements pass; not assigned to treated or comparison group"
hloga-2007-federal-lobbying-disclosure,cand-27ebccb3f0c3,reviewed-democracy,excluded_no_observed_prepost_window,reviewed exact-ID source systems=IRS/ProPublica dark-money bridge; Intermediary bridge; venues=intermediary; opaque_nonprofit_or_dark_money,2006-01-01,2007-09-13,2007-09-14,2008-12-31,0.9500,observed_prepost_outcome_rows_missing,reviewed_actor_excluded_from_estimation_panel,"reviewed exact-identifier slice from cross-venue adjudication; broader source-product, source-readiness, and calibrated policy-simulation gates remain blocked until row-count, issue-comparability, false-match, and observed pre/post comparison requirements pass; not assigned to treated or comparison group"
hloga-2007-federal-lobbying-disclosure,cand-ca1976b4b229,reviewed-democracy,excluded_no_observed_prepost_window,reviewed exact-ID source systems=IRS/ProPublica dark-money bridge; Intermediary bridge; venues=intermediary; opaque_nonprofit_or_dark_money,2006-01-01,2007-09-13,2007-09-14,2008-12-31,0.9500,observed_prepost_outcome_rows_missing,reviewed_actor_excluded_from_estimation_panel,"reviewed exact-identifier slice from cross-venue adjudication; broader source-product, source-readiness, and calibrated policy-simulation gates remain blocked until row-count, issue-comparability, false-match, and observed pre/post comparison requirements pass; not assigned to treated or comparison group"
hloga-2007-federal-lobbying-disclosure,cand-7c3d9280aced,reviewed-democracy,excluded_no_observed_prepost_window,reviewed exact-ID source systems=IRS/ProPublica dark-money bridge; Intermediary bridge; venues=intermediary; opaque_nonprofit_or_dark_money,2006-01-01,2007-09-13,2007-09-14,2008-12-31,0.9500,observed_prepost_outcome_rows_missing,reviewed_actor_excluded_from_estimation_panel,"reviewed exact-identifier slice from cross-venue adjudication; broader source-product, source-readiness, and calibrated policy-simulation gates remain blocked until row-count, issue-comparability, false-match, and observed pre/post comparison requirements pass; not assigned to treated or comparison group"
hloga-2007-federal-lobbying-disclosure,cand-819550b8a898,reviewed-democracy,excluded_no_observed_prepost_window,reviewed exact-ID source systems=IRS/ProPublica dark-money bridge; Intermediary bridge; venues=intermediary; opaque_nonprofit_or_dark_money,2006-01-01,2007-09-13,2007-09-14,2008-12-31,0.9500,observed_prepost_outcome_rows_missing,reviewed_actor_excluded_from_estimation_panel,"reviewed exact-identifier slice from cross-venue adjudication; broader source-product, source-readiness, and calibrated policy-simulation gates remain blocked until row-count, issue-comparability, false-match, and observed pre/post comparison requirements pass; not assigned to treated or comparison group"
hloga-2007-federal-lobbying-disclosure,cand-747e31544a1f,reviewed-democracy,excluded_no_observed_prepost_window,reviewed exact-ID source systems=IRS/ProPublica dark-money bridge; Intermediary bridge; venues=intermediary; opaque_nonprofit_or_dark_money,2006-01-01,2007-09-13,2007-09-14,2008-12-31,0.9500,observed_prepost_outcome_rows_missing,reviewed_actor_excluded_from_estimation_panel,"reviewed exact-identifier slice from cross-venue adjudication; broader source-product, source-readiness, and calibrated policy-simulation gates remain blocked until row-count, issue-comparability, false-match, and observed pre/post comparison requirements pass; not assigned to treated or comparison group"
hloga-2007-federal-lobbying-disclosure,cand-ed233db10893,reviewed-democracy,excluded_no_observed_prepost_window,reviewed exact-ID source systems=IRS/ProPublica dark-money bridge; Intermediary bridge; venues=intermediary; opaque_nonprofit_or_dark_money,2006-01-01,2007-09-13,2007-09-14,2008-12-31,0.9500,observed_prepost_outcome_rows_missing,reviewed_actor_excluded_from_estimation_panel,"reviewed exact-identifier slice from cross-venue adjudication; broader source-product, source-readiness, and calibrated policy-simulation gates remain blocked until row-count, issue-comparability, false-match, and observed pre/post comparison requirements pass; not assigned to treated or comparison group"
hloga-2007-federal-lobbying-disclosure,cand-8c57517ef633,reviewed-democracy,excluded_no_observed_prepost_window,reviewed exact-ID source systems=IRS/ProPublica dark-money bridge; Intermediary bridge; venues=intermediary; opaque_nonprofit_or_dark_money,2006-01-01,2007-09-13,2007-09-14,2008-12-31,0.9500,observed_prepost_outcome_rows_missing,reviewed_actor_excluded_from_estimation_panel,"reviewed exact-identifier slice from cross-venue adjudication; broader source-product, source-readiness, and calibrated policy-simulation gates remain blocked until row-count, issue-comparability, false-match, and observed pre/post comparison requirements pass; not assigned to treated or comparison group"
hloga-2007-federal-lobbying-disclosure,cand-41a20d6a0055,reviewed-democracy,excluded_no_observed_prepost_window,reviewed exact-ID source systems=IRS/ProPublica dark-money bridge; Intermediary bridge; venues=intermediary; opaque_nonprofit_or_dark_money,2006-01-01,2007-09-13,2007-09-14,2008-12-31,0.9500,observed_prepost_outcome_rows_missing,reviewed_actor_excluded_from_estimation_panel,"reviewed exact-identifier slice from cross-venue adjudication; broader source-product, source-readiness, and calibrated policy-simulation gates remain blocked until row-count, issue-comparability, false-match, and observed pre/post comparison requirements pass; not assigned to treated or comparison group"
hloga-2007-federal-lobbying-disclosure,cand-cd463409d639,reviewed-procurement,excluded_no_observed_prepost_window,reviewed exact-ID source systems=IRS/ProPublica dark-money bridge; Intermediary bridge; venues=intermediary; opaque_nonprofit_or_dark_money,2006-01-01,2007-09-13,2007-09-14,2008-12-31,0.9500,observed_prepost_outcome_rows_missing,reviewed_actor_excluded_from_estimation_panel,"reviewed exact-identifier slice from cross-venue adjudication; broader source-product, source-readiness, and calibrated policy-simulation gates remain blocked until row-count, issue-comparability, false-match, and observed pre/post comparison requirements pass; not assigned to treated or comparison group"
hloga-2007-federal-lobbying-disclosure,cand-f015aab443ed,reviewed-democracy,excluded_no_observed_prepost_window,reviewed exact-ID source systems=IRS/ProPublica dark-money bridge; Intermediary bridge; venues=intermediary; opaque_nonprofit_or_dark_money,2006-01-01,2007-09-13,2007-09-14,2008-12-31,0.9500,observed_prepost_outcome_rows_missing,reviewed_actor_excluded_from_estimation_panel,"reviewed exact-identifier slice from cross-venue adjudication; broader source-product, source-readiness, and calibrated policy-simulation gates remain blocked until row-count, issue-comparability, false-match, and observed pre/post comparison requirements pass; not assigned to treated or comparison group"
hloga-2007-federal-lobbying-disclosure,cand-b4f9faa5ab3b,reviewed-democracy,excluded_no_observed_prepost_window,reviewed exact-ID source systems=IRS/ProPublica dark-money bridge; Intermediary bridge; venues=intermediary; opaque_nonprofit_or_dark_money,2006-01-01,2007-09-13,2007-09-14,2008-12-31,0.9500,observed_prepost_outcome_rows_missing,reviewed_actor_excluded_from_estimation_panel,"reviewed exact-identifier slice from cross-venue adjudication; broader source-product, source-readiness, and calibrated policy-simulation gates remain blocked until row-count, issue-comparability, false-match, and observed pre/post comparison requirements pass; not assigned to treated or comparison group"
hloga-2007-federal-lobbying-disclosure,cand-0f1b19bdafdd,reviewed-democracy,excluded_no_observed_prepost_window,reviewed exact-ID source systems=IRS/ProPublica dark-money bridge; Intermediary bridge; venues=intermediary; opaque_nonprofit_or_dark_money,2006-01-01,2007-09-13,2007-09-14,2008-12-31,0.9500,observed_prepost_outcome_rows_missing,reviewed_actor_excluded_from_estimation_panel,"reviewed exact-identifier slice from cross-venue adjudication; broader source-product, source-readiness, and calibrated policy-simulation gates remain blocked until row-count, issue-comparability, false-match, and observed pre/post comparison requirements pass; not assigned to treated or comparison group"
hloga-2007-federal-lobbying-disclosure,cand-f0814d6abbd5,reviewed-democracy,excluded_no_observed_prepost_window,reviewed exact-ID source systems=IRS/ProPublica dark-money bridge; Intermediary bridge; venues=intermediary; opaque_nonprofit_or_dark_money,2006-01-01,2007-09-13,2007-09-14,2008-12-31,0.9500,observed_prepost_outcome_rows_missing,reviewed_actor_excluded_from_estimation_panel,"reviewed exact-identifier slice from cross-venue adjudication; broader source-product, source-readiness, and calibrated policy-simulation gates remain blocked until row-count, issue-comparability, false-match, and observed pre/post comparison requirements pass; not assigned to treated or comparison group"
hloga-2007-federal-lobbying-disclosure,cand-d1136d2eec1b,reviewed-democracy,excluded_no_observed_prepost_window,reviewed exact-ID source systems=IRS/ProPublica dark-money bridge; Intermediary bridge; venues=intermediary; opaque_nonprofit_or_dark_money,2006-01-01,2007-09-13,2007-09-14,2008-12-31,0.9500,observed_prepost_outcome_rows_missing,reviewed_actor_excluded_from_estimation_panel,"reviewed exact-identifier slice from cross-venue adjudication; broader source-product, source-readiness, and calibrated policy-simulation gates remain blocked until row-count, issue-comparability, false-match, and observed pre/post comparison requirements pass; not assigned to treated or comparison group"
hloga-2007-federal-lobbying-disclosure,cand-82c3c8c70516,reviewed-democracy,excluded_no_observed_prepost_window,reviewed exact-ID source systems=IRS/ProPublica dark-money bridge; Intermediary bridge; venues=intermediary; opaque_nonprofit_or_dark_money,2006-01-01,2007-09-13,2007-09-14,2008-12-31,0.9500,observed_prepost_outcome_rows_missing,reviewed_actor_excluded_from_estimation_panel,"reviewed exact-identifier slice from cross-venue adjudication; broader source-product, source-readiness, and calibrated policy-simulation gates remain blocked until row-count, issue-comparability, false-match, and observed pre/post comparison requirements pass; not assigned to treated or comparison group"
hloga-2007-federal-lobbying-disclosure,cand-9b6c1138e4d5,reviewed-democracy,excluded_no_observed_prepost_window,reviewed exact-ID source systems=IRS/ProPublica dark-money bridge; Intermediary bridge; venues=intermediary; opaque_nonprofit_or_dark_money,2006-01-01,2007-09-13,2007-09-14,2008-12-31,0.9500,observed_prepost_outcome_rows_missing,reviewed_actor_excluded_from_estimation_panel,"reviewed exact-identifier slice from cross-venue adjudication; broader source-product, source-readiness, and calibrated policy-simulation gates remain blocked until row-count, issue-comparability, false-match, and observed pre/post comparison requirements pass; not assigned to treated or comparison group"
hloga-2007-federal-lobbying-disclosure,cand-643b14fc1d99,reviewed-democracy,excluded_no_observed_prepost_window,reviewed exact-ID source systems=IRS/ProPublica dark-money bridge; Intermediary bridge; venues=intermediary; opaque_nonprofit_or_dark_money,2006-01-01,2007-09-13,2007-09-14,2008-12-31,0.9500,observed_prepost_outcome_rows_missing,reviewed_actor_excluded_from_estimation_panel,"reviewed exact-identifier slice from cross-venue adjudication; broader source-product, source-readiness, and calibrated policy-simulation gates remain blocked until row-count, issue-comparability, false-match, and observed pre/post comparison requirements pass; not assigned to treated or comparison group"
hloga-2007-federal-lobbying-disclosure,cand-4a14b2a395da,reviewed-technology,excluded_no_observed_prepost_window,reviewed exact-ID source systems=IRS/ProPublica dark-money bridge; Intermediary bridge; venues=intermediary; opaque_nonprofit_or_dark_money,2006-01-01,2007-09-13,2007-09-14,2008-12-31,0.9500,observed_prepost_outcome_rows_missing,reviewed_actor_excluded_from_estimation_panel,"reviewed exact-identifier slice from cross-venue adjudication; broader source-product, source-readiness, and calibrated policy-simulation gates remain blocked until row-count, issue-comparability, false-match, and observed pre/post comparison requirements pass; not assigned to treated or comparison group"
hloga-2007-federal-lobbying-disclosure,cand-78125177014a,reviewed-democracy,excluded_no_observed_prepost_window,reviewed exact-ID source systems=IRS/ProPublica dark-money bridge; Intermediary bridge; venues=intermediary; opaque_nonprofit_or_dark_money,2006-01-01,2007-09-13,2007-09-14,2008-12-31,0.9500,observed_prepost_outcome_rows_missing,reviewed_actor_excluded_from_estimation_panel,"reviewed exact-identifier slice from cross-venue adjudication; broader source-product, source-readiness, and calibrated policy-simulation gates remain blocked until row-count, issue-comparability, false-match, and observed pre/post comparison requirements pass; not assigned to treated or comparison group"
hloga-2007-federal-lobbying-disclosure,cand-5ba3fe8bb1e0,reviewed-democracy,excluded_no_observed_prepost_window,reviewed exact-ID source systems=IRS/ProPublica dark-money bridge; Intermediary bridge; venues=intermediary; opaque_nonprofit_or_dark_money,2006-01-01,2007-09-13,2007-09-14,2008-12-31,0.9500,observed_prepost_outcome_rows_missing,reviewed_actor_excluded_from_estimation_panel,"reviewed exact-identifier slice from cross-venue adjudication; broader source-product, source-readiness, and calibrated policy-simulation gates remain blocked until row-count, issue-comparability, false-match, and observed pre/post comparison requirements pass; not assigned to treated or comparison group"
hloga-2007-federal-lobbying-disclosure,cand-7fbf57985931,reviewed-democracy,excluded_no_observed_prepost_window,reviewed exact-ID source systems=IRS/ProPublica dark-money bridge; Intermediary bridge; venues=intermediary; opaque_nonprofit_or_dark_money,2006-01-01,2007-09-13,2007-09-14,2008-12-31,0.9500,observed_prepost_outcome_rows_missing,reviewed_actor_excluded_from_estimation_panel,"reviewed exact-identifier slice from cross-venue adjudication; broader source-product, source-readiness, and calibrated policy-simulation gates remain blocked until row-count, issue-comparability, false-match, and observed pre/post comparison requirements pass; not assigned to treated or comparison group"
hloga-2007-federal-lobbying-disclosure,cand-4105ba8c2dcc,reviewed-democracy,excluded_no_observed_prepost_window,reviewed exact-ID source systems=IRS/ProPublica dark-money bridge; Intermediary bridge; venues=intermediary; opaque_nonprofit_or_dark_money,2006-01-01,2007-09-13,2007-09-14,2008-12-31,0.9500,observed_prepost_outcome_rows_missing,reviewed_actor_excluded_from_estimation_panel,"reviewed exact-identifier slice from cross-venue adjudication; broader source-product, source-readiness, and calibrated policy-simulation gates remain blocked until row-count, issue-comparability, false-match, and observed pre/post comparison requirements pass; not assigned to treated or comparison group"
hloga-2007-federal-lobbying-disclosure,cand-49314b5d02ba,reviewed-finance,excluded_no_observed_prepost_window,reviewed exact-ID source systems=IRS/ProPublica dark-money bridge; Intermediary bridge; venues=intermediary; opaque_nonprofit_or_dark_money,2006-01-01,2007-09-13,2007-09-14,2008-12-31,0.9500,observed_prepost_outcome_rows_missing,reviewed_actor_excluded_from_estimation_panel,"reviewed exact-identifier slice from cross-venue adjudication; broader source-product, source-readiness, and calibrated policy-simulation gates remain blocked until row-count, issue-comparability, false-match, and observed pre/post comparison requirements pass; not assigned to treated or comparison group"
hloga-2007-federal-lobbying-disclosure,cand-dfc8b0b8a2f6,reviewed-democracy,excluded_no_observed_prepost_window,reviewed exact-ID source systems=IRS/ProPublica dark-money bridge; Intermediary bridge; venues=intermediary; opaque_nonprofit_or_dark_money,2006-01-01,2007-09-13,2007-09-14,2008-12-31,0.9500,observed_prepost_outcome_rows_missing,reviewed_actor_excluded_from_estimation_panel,"reviewed exact-identifier slice from cross-venue adjudication; broader source-product, source-readiness, and calibrated policy-simulation gates remain blocked until row-count, issue-comparability, false-match, and observed pre/post comparison requirements pass; not assigned to treated or comparison group"
hloga-2007-federal-lobbying-disclosure,cand-1dceab4ff845,reviewed-democracy,excluded_no_observed_prepost_window,reviewed exact-ID source systems=IRS/ProPublica dark-money bridge; Intermediary bridge; venues=intermediary; opaque_nonprofit_or_dark_money,2006-01-01,2007-09-13,2007-09-14,2008-12-31,0.9500,observed_prepost_outcome_rows_missing,reviewed_actor_excluded_from_estimation_panel,"reviewed exact-identifier slice from cross-venue adjudication; broader source-product, source-readiness, and calibrated policy-simulation gates remain blocked until row-count, issue-comparability, false-match, and observed pre/post comparison requirements pass; not assigned to treated or comparison group"
hloga-2007-federal-lobbying-disclosure,cand-87af0b74428c,reviewed-democracy,excluded_no_observed_prepost_window,reviewed exact-ID source systems=IRS/ProPublica dark-money bridge; Intermediary bridge; venues=intermediary; opaque_nonprofit_or_dark_money,2006-01-01,2007-09-13,2007-09-14,2008-12-31,0.9500,observed_prepost_outcome_rows_missing,reviewed_actor_excluded_from_estimation_panel,"reviewed exact-identifier slice from cross-venue adjudication; broader source-product, source-readiness, and calibrated policy-simulation gates remain blocked until row-count, issue-comparability, false-match, and observed pre/post comparison requirements pass; not assigned to treated or comparison group"
hloga-2007-federal-lobbying-disclosure,cand-729990e844e8,reviewed-democracy,excluded_no_observed_prepost_window,reviewed exact-ID source systems=IRS/ProPublica dark-money bridge; Intermediary bridge; venues=intermediary; opaque_nonprofit_or_dark_money,2006-01-01,2007-09-13,2007-09-14,2008-12-31,0.9500,observed_prepost_outcome_rows_missing,reviewed_actor_excluded_from_estimation_panel,"reviewed exact-identifier slice from cross-venue adjudication; broader source-product, source-readiness, and calibrated policy-simulation gates remain blocked until row-count, issue-comparability, false-match, and observed pre/post comparison requirements pass; not assigned to treated or comparison group"
hloga-2007-federal-lobbying-disclosure,cand-5abfffbe09eb,reviewed-democracy,excluded_no_observed_prepost_window,reviewed exact-ID source systems=IRS/ProPublica dark-money bridge; Intermediary bridge; venues=intermediary; opaque_nonprofit_or_dark_money,2006-01-01,2007-09-13,2007-09-14,2008-12-31,0.9500,observed_prepost_outcome_rows_missing,reviewed_actor_excluded_from_estimation_panel,"reviewed exact-identifier slice from cross-venue adjudication; broader source-product, source-readiness, and calibrated policy-simulation gates remain blocked until row-count, issue-comparability, false-match, and observed pre/post comparison requirements pass; not assigned to treated or comparison group"
hloga-2007-federal-lobbying-disclosure,cand-cc5d773019d2,reviewed-democracy,excluded_no_observed_prepost_window,reviewed exact-ID source systems=IRS/ProPublica dark-money bridge; Intermediary bridge; venues=intermediary; opaque_nonprofit_or_dark_money,2006-01-01,2007-09-13,2007-09-14,2008-12-31,0.9500,observed_prepost_outcome_rows_missing,reviewed_actor_excluded_from_estimation_panel,"reviewed exact-identifier slice from cross-venue adjudication; broader source-product, source-readiness, and calibrated policy-simulation gates remain blocked until row-count, issue-comparability, false-match, and observed pre/post comparison requirements pass; not assigned to treated or comparison group"
hloga-2007-federal-lobbying-disclosure,cand-169dd34e4ebb,reviewed-democracy,excluded_no_observed_prepost_window,reviewed exact-ID source systems=IRS/ProPublica dark-money bridge; Intermediary bridge; venues=intermediary; opaque_nonprofit_or_dark_money,2006-01-01,2007-09-13,2007-09-14,2008-12-31,0.9500,observed_prepost_outcome_rows_missing,reviewed_actor_excluded_from_estimation_panel,"reviewed exact-identifier slice from cross-venue adjudication; broader source-product, source-readiness, and calibrated policy-simulation gates remain blocked until row-count, issue-comparability, false-match, and observed pre/post comparison requirements pass; not assigned to treated or comparison group"
hloga-2007-federal-lobbying-disclosure,cand-fc5f2c680caa,reviewed-democracy,excluded_no_observed_prepost_window,reviewed exact-ID source systems=IRS/ProPublica dark-money bridge; Intermediary bridge; venues=intermediary; opaque_nonprofit_or_dark_money,2006-01-01,2007-09-13,2007-09-14,2008-12-31,0.9500,observed_prepost_outcome_rows_missing,reviewed_actor_excluded_from_estimation_panel,"reviewed exact-identifier slice from cross-venue adjudication; broader source-product, source-readiness, and calibrated policy-simulation gates remain blocked until row-count, issue-comparability, false-match, and observed pre/post comparison requirements pass; not assigned to treated or comparison group"
hloga-2007-federal-lobbying-disclosure,cand-d2fecb201453,reviewed-democracy,excluded_no_observed_prepost_window,reviewed exact-ID source systems=IRS/ProPublica dark-money bridge; Intermediary bridge; venues=intermediary; opaque_nonprofit_or_dark_money,2006-01-01,2007-09-13,2007-09-14,2008-12-31,0.9500,observed_prepost_outcome_rows_missing,reviewed_actor_excluded_from_estimation_panel,"reviewed exact-identifier slice from cross-venue adjudication; broader source-product, source-readiness, and calibrated policy-simulation gates remain blocked until row-count, issue-comparability, false-match, and observed pre/post comparison requirements pass; not assigned to treated or comparison group"
hloga-2007-federal-lobbying-disclosure,cand-ab6c05707b98,reviewed-democracy,excluded_no_observed_prepost_window,reviewed exact-ID source systems=IRS/ProPublica dark-money bridge; Intermediary bridge; venues=intermediary; opaque_nonprofit_or_dark_money,2006-01-01,2007-09-13,2007-09-14,2008-12-31,0.9500,observed_prepost_outcome_rows_missing,reviewed_actor_excluded_from_estimation_panel,"reviewed exact-identifier slice from cross-venue adjudication; broader source-product, source-readiness, and calibrated policy-simulation gates remain blocked until row-count, issue-comparability, false-match, and observed pre/post comparison requirements pass; not assigned to treated or comparison group"
hloga-2007-federal-lobbying-disclosure,cand-117f9f8eb9cc,reviewed-democracy,excluded_no_observed_prepost_window,reviewed exact-ID source systems=IRS/ProPublica dark-money bridge; Intermediary bridge; venues=intermediary; opaque_nonprofit_or_dark_money,2006-01-01,2007-09-13,2007-09-14,2008-12-31,0.9500,observed_prepost_outcome_rows_missing,reviewed_actor_excluded_from_estimation_panel,"reviewed exact-identifier slice from cross-venue adjudication; broader source-product, source-readiness, and calibrated policy-simulation gates remain blocked until row-count, issue-comparability, false-match, and observed pre/post comparison requirements pass; not assigned to treated or comparison group"
hloga-2007-federal-lobbying-disclosure,cand-8a2b45002a6f,reviewed-democracy,excluded_no_observed_prepost_window,reviewed exact-ID source systems=IRS/ProPublica dark-money bridge; Intermediary bridge; venues=intermediary; opaque_nonprofit_or_dark_money,2006-01-01,2007-09-13,2007-09-14,2008-12-31,0.9500,observed_prepost_outcome_rows_missing,reviewed_actor_excluded_from_estimation_panel,"reviewed exact-identifier slice from cross-venue adjudication; broader source-product, source-readiness, and calibrated policy-simulation gates remain blocked until row-count, issue-comparability, false-match, and observed pre/post comparison requirements pass; not assigned to treated or comparison group"
hloga-2007-federal-lobbying-disclosure,cand-74ab0ee6e139,reviewed-democracy,excluded_no_observed_prepost_window,reviewed exact-ID source systems=IRS/ProPublica dark-money bridge; Intermediary bridge; venues=intermediary; opaque_nonprofit_or_dark_money,2006-01-01,2007-09-13,2007-09-14,2008-12-31,0.9500,observed_prepost_outcome_rows_missing,reviewed_actor_excluded_from_estimation_panel,"reviewed exact-identifier slice from cross-venue adjudication; broader source-product, source-readiness, and calibrated policy-simulation gates remain blocked until row-count, issue-comparability, false-match, and observed pre/post comparison requirements pass; not assigned to treated or comparison group"
hloga-2007-federal-lobbying-disclosure,cand-89838eae89b7,reviewed-democracy,excluded_no_observed_prepost_window,reviewed exact-ID source systems=IRS/ProPublica dark-money bridge; Intermediary bridge; venues=intermediary; opaque_nonprofit_or_dark_money,2006-01-01,2007-09-13,2007-09-14,2008-12-31,0.9500,observed_prepost_outcome_rows_missing,reviewed_actor_excluded_from_estimation_panel,"reviewed exact-identifier slice from cross-venue adjudication; broader source-product, source-readiness, and calibrated policy-simulation gates remain blocked until row-count, issue-comparability, false-match, and observed pre/post comparison requirements pass; not assigned to treated or comparison group"
hloga-2007-federal-lobbying-disclosure,cand-688842cc5ba2,reviewed-democracy,excluded_no_observed_prepost_window,reviewed exact-ID source systems=IRS/ProPublica dark-money bridge; Intermediary bridge; venues=intermediary; opaque_nonprofit_or_dark_money,2006-01-01,2007-09-13,2007-09-14,2008-12-31,0.9500,observed_prepost_outcome_rows_missing,reviewed_actor_excluded_from_estimation_panel,"reviewed exact-identifier slice from cross-venue adjudication; broader source-product, source-readiness, and calibrated policy-simulation gates remain blocked until row-count, issue-comparability, false-match, and observed pre/post comparison requirements pass; not assigned to treated or comparison group"
hloga-2007-federal-lobbying-disclosure,cand-3cd83743db2c,reviewed-democracy,excluded_no_observed_prepost_window,reviewed exact-ID source systems=IRS/ProPublica dark-money bridge; Intermediary bridge; venues=intermediary; opaque_nonprofit_or_dark_money,2006-01-01,2007-09-13,2007-09-14,2008-12-31,0.9500,observed_prepost_outcome_rows_missing,reviewed_actor_excluded_from_estimation_panel,"reviewed exact-identifier slice from cross-venue adjudication; broader source-product, source-readiness, and calibrated policy-simulation gates remain blocked until row-count, issue-comparability, false-match, and observed pre/post comparison requirements pass; not assigned to treated or comparison group"
hloga-2007-federal-lobbying-disclosure,cand-43f446e60f53,reviewed-democracy,excluded_no_observed_prepost_window,reviewed exact-ID source systems=IRS/ProPublica dark-money bridge; Intermediary bridge; venues=intermediary; opaque_nonprofit_or_dark_money,2006-01-01,2007-09-13,2007-09-14,2008-12-31,0.9500,observed_prepost_outcome_rows_missing,reviewed_actor_excluded_from_estimation_panel,"reviewed exact-identifier slice from cross-venue adjudication; broader source-product, source-readiness, and calibrated policy-simulation gates remain blocked until row-count, issue-comparability, false-match, and observed pre/post comparison requirements pass; not assigned to treated or comparison group"
hloga-2007-federal-lobbying-disclosure,cand-a3fc0c930e81,reviewed-democracy,excluded_no_observed_prepost_window,reviewed exact-ID source systems=IRS/ProPublica dark-money bridge; Intermediary bridge; venues=intermediary; opaque_nonprofit_or_dark_money,2006-01-01,2007-09-13,2007-09-14,2008-12-31,0.9500,observed_prepost_outcome_rows_missing,reviewed_actor_excluded_from_estimation_panel,"reviewed exact-identifier slice from cross-venue adjudication; broader source-product, source-readiness, and calibrated policy-simulation gates remain blocked until row-count, issue-comparability, false-match, and observed pre/post comparison requirements pass; not assigned to treated or comparison group"
hloga-2007-federal-lobbying-disclosure,cand-08d8a12e7fe4,reviewed-democracy,excluded_no_observed_prepost_window,reviewed exact-ID source systems=IRS/ProPublica dark-money bridge; Intermediary bridge; venues=intermediary; opaque_nonprofit_or_dark_money,2006-01-01,2007-09-13,2007-09-14,2008-12-31,0.9500,observed_prepost_outcome_rows_missing,reviewed_actor_excluded_from_estimation_panel,"reviewed exact-identifier slice from cross-venue adjudication; broader source-product, source-readiness, and calibrated policy-simulation gates remain blocked until row-count, issue-comparability, false-match, and observed pre/post comparison requirements pass; not assigned to treated or comparison group"
hloga-2007-federal-lobbying-disclosure,cand-9fb8b027b3a4,reviewed-democracy,excluded_no_observed_prepost_window,reviewed exact-ID source systems=IRS/ProPublica dark-money bridge; Intermediary bridge; venues=intermediary; opaque_nonprofit_or_dark_money,2006-01-01,2007-09-13,2007-09-14,2008-12-31,0.9500,observed_prepost_outcome_rows_missing,reviewed_actor_excluded_from_estimation_panel,"reviewed exact-identifier slice from cross-venue adjudication; broader source-product, source-readiness, and calibrated policy-simulation gates remain blocked until row-count, issue-comparability, false-match, and observed pre/post comparison requirements pass; not assigned to treated or comparison group"
hloga-2007-federal-lobbying-disclosure,cand-587f9cff773a,reviewed-democracy,excluded_no_observed_prepost_window,reviewed exact-ID source systems=IRS/ProPublica dark-money bridge; Intermediary bridge; venues=intermediary; opaque_nonprofit_or_dark_money,2006-01-01,2007-09-13,2007-09-14,2008-12-31,0.9500,observed_prepost_outcome_rows_missing,reviewed_actor_excluded_from_estimation_panel,"reviewed exact-identifier slice from cross-venue adjudication; broader source-product, source-readiness, and calibrated policy-simulation gates remain blocked until row-count, issue-comparability, false-match, and observed pre/post comparison requirements pass; not assigned to treated or comparison group"
hloga-2007-federal-lobbying-disclosure,cand-377418c6fb1a,reviewed-democracy,excluded_no_observed_prepost_window,reviewed exact-ID source systems=IRS/ProPublica dark-money bridge; Intermediary bridge; venues=intermediary; opaque_nonprofit_or_dark_money,2006-01-01,2007-09-13,2007-09-14,2008-12-31,0.9500,observed_prepost_outcome_rows_missing,reviewed_actor_excluded_from_estimation_panel,"reviewed exact-identifier slice from cross-venue adjudication; broader source-product, source-readiness, and calibrated policy-simulation gates remain blocked until row-count, issue-comparability, false-match, and observed pre/post comparison requirements pass; not assigned to treated or comparison group"
hloga-2007-federal-lobbying-disclosure,cand-64eb180b9a40,reviewed-democracy,excluded_no_observed_prepost_window,reviewed exact-ID source systems=IRS/ProPublica dark-money bridge; Intermediary bridge; venues=intermediary; opaque_nonprofit_or_dark_money,2006-01-01,2007-09-13,2007-09-14,2008-12-31,0.9500,observed_prepost_outcome_rows_missing,reviewed_actor_excluded_from_estimation_panel,"reviewed exact-identifier slice from cross-venue adjudication; broader source-product, source-readiness, and calibrated policy-simulation gates remain blocked until row-count, issue-comparability, false-match, and observed pre/post comparison requirements pass; not assigned to treated or comparison group"
hloga-2007-federal-lobbying-disclosure,cand-aea7a37c8f81,reviewed-democracy,excluded_no_observed_prepost_window,reviewed exact-ID source systems=IRS/ProPublica dark-money bridge; Intermediary bridge; venues=intermediary; opaque_nonprofit_or_dark_money,2006-01-01,2007-09-13,2007-09-14,2008-12-31,0.9500,observed_prepost_outcome_rows_missing,reviewed_actor_excluded_from_estimation_panel,"reviewed exact-identifier slice from cross-venue adjudication; broader source-product, source-readiness, and calibrated policy-simulation gates remain blocked until row-count, issue-comparability, false-match, and observed pre/post comparison requirements pass; not assigned to treated or comparison group"
hloga-2007-federal-lobbying-disclosure,cand-97885a307768,reviewed-democracy,excluded_no_observed_prepost_window,reviewed exact-ID source systems=IRS/ProPublica dark-money bridge; Intermediary bridge; venues=intermediary; opaque_nonprofit_or_dark_money,2006-01-01,2007-09-13,2007-09-14,2008-12-31,0.9500,observed_prepost_outcome_rows_missing,reviewed_actor_excluded_from_estimation_panel,"reviewed exact-identifier slice from cross-venue adjudication; broader source-product, source-readiness, and calibrated policy-simulation gates remain blocked until row-count, issue-comparability, false-match, and observed pre/post comparison requirements pass; not assigned to treated or comparison group"
hloga-2007-federal-lobbying-disclosure,cand-54cc89147873,reviewed-democracy,excluded_no_observed_prepost_window,reviewed exact-ID source systems=IRS/ProPublica dark-money bridge; Intermediary bridge; venues=intermediary; opaque_nonprofit_or_dark_money,2006-01-01,2007-09-13,2007-09-14,2008-12-31,0.9500,observed_prepost_outcome_rows_missing,reviewed_actor_excluded_from_estimation_panel,"reviewed exact-identifier slice from cross-venue adjudication; broader source-product, source-readiness, and calibrated policy-simulation gates remain blocked until row-count, issue-comparability, false-match, and observed pre/post comparison requirements pass; not assigned to treated or comparison group"
hloga-2007-federal-lobbying-disclosure,cand-42ee0d4c22b9,reviewed-democracy,excluded_no_observed_prepost_window,reviewed exact-ID source systems=IRS/ProPublica dark-money bridge; Intermediary bridge; venues=intermediary; opaque_nonprofit_or_dark_money,2006-01-01,2007-09-13,2007-09-14,2008-12-31,0.9500,observed_prepost_outcome_rows_missing,reviewed_actor_excluded_from_estimation_panel,"reviewed exact-identifier slice from cross-venue adjudication; broader source-product, source-readiness, and calibrated policy-simulation gates remain blocked until row-count, issue-comparability, false-match, and observed pre/post comparison requirements pass; not assigned to treated or comparison group"
hloga-2007-federal-lobbying-disclosure,cand-3cd3309719f3,reviewed-democracy,excluded_no_observed_prepost_window,reviewed exact-ID source systems=IRS/ProPublica dark-money bridge; Intermediary bridge; venues=intermediary; opaque_nonprofit_or_dark_money,2006-01-01,2007-09-13,2007-09-14,2008-12-31,0.9500,observed_prepost_outcome_rows_missing,reviewed_actor_excluded_from_estimation_panel,"reviewed exact-identifier slice from cross-venue adjudication; broader source-product, source-readiness, and calibrated policy-simulation gates remain blocked until row-count, issue-comparability, false-match, and observed pre/post comparison requirements pass; not assigned to treated or comparison group"
hloga-2007-federal-lobbying-disclosure,cand-6e85a24df8b0,reviewed-democracy,excluded_no_observed_prepost_window,reviewed exact-ID source systems=IRS/ProPublica dark-money bridge; Intermediary bridge; venues=intermediary; opaque_nonprofit_or_dark_money,2006-01-01,2007-09-13,2007-09-14,2008-12-31,0.9500,observed_prepost_outcome_rows_missing,reviewed_actor_excluded_from_estimation_panel,"reviewed exact-identifier slice from cross-venue adjudication; broader source-product, source-readiness, and calibrated policy-simulation gates remain blocked until row-count, issue-comparability, false-match, and observed pre/post comparison requirements pass; not assigned to treated or comparison group"
hloga-2007-federal-lobbying-disclosure,cand-141a459de804,reviewed-democracy,excluded_no_observed_prepost_window,reviewed exact-ID source systems=IRS/ProPublica dark-money bridge; Intermediary bridge; venues=intermediary; opaque_nonprofit_or_dark_money,2006-01-01,2007-09-13,2007-09-14,2008-12-31,0.9500,observed_prepost_outcome_rows_missing,reviewed_actor_excluded_from_estimation_panel,"reviewed exact-identifier slice from cross-venue adjudication; broader source-product, source-readiness, and calibrated policy-simulation gates remain blocked until row-count, issue-comparability, false-match, and observed pre/post comparison requirements pass; not assigned to treated or comparison group"
hloga-2007-federal-lobbying-disclosure,cand-a2c9585d951b,reviewed-democracy,excluded_no_observed_prepost_window,reviewed exact-ID source systems=IRS/ProPublica dark-money bridge; Intermediary bridge; venues=intermediary; opaque_nonprofit_or_dark_money,2006-01-01,2007-09-13,2007-09-14,2008-12-31,0.9500,observed_prepost_outcome_rows_missing,reviewed_actor_excluded_from_estimation_panel,"reviewed exact-identifier slice from cross-venue adjudication; broader source-product, source-readiness, and calibrated policy-simulation gates remain blocked until row-count, issue-comparability, false-match, and observed pre/post comparison requirements pass; not assigned to treated or comparison group"
hloga-2007-federal-lobbying-disclosure,cand-9c4258565aba,reviewed-democracy,excluded_no_observed_prepost_window,reviewed exact-ID source systems=IRS/ProPublica dark-money bridge; Intermediary bridge; venues=intermediary; opaque_nonprofit_or_dark_money,2006-01-01,2007-09-13,2007-09-14,2008-12-31,0.9500,observed_prepost_outcome_rows_missing,reviewed_actor_excluded_from_estimation_panel,"reviewed exact-identifier slice from cross-venue adjudication; broader source-product, source-readiness, and calibrated policy-simulation gates remain blocked until row-count, issue-comparability, false-match, and observed pre/post comparison requirements pass; not assigned to treated or comparison group"
hloga-2007-federal-lobbying-disclosure,cand-fd84d9554a12,reviewed-energy,excluded_no_observed_prepost_window,reviewed exact-ID source systems=IRS/ProPublica dark-money bridge; Intermediary bridge; venues=intermediary; opaque_nonprofit_or_dark_money,2006-01-01,2007-09-13,2007-09-14,2008-12-31,0.9500,observed_prepost_outcome_rows_missing,reviewed_actor_excluded_from_estimation_panel,"reviewed exact-identifier slice from cross-venue adjudication; broader source-product, source-readiness, and calibrated policy-simulation gates remain blocked until row-count, issue-comparability, false-match, and observed pre/post comparison requirements pass; not assigned to treated or comparison group"
hloga-2007-federal-lobbying-disclosure,cand-beb734416ad7,reviewed-democracy,excluded_no_observed_prepost_window,reviewed exact-ID source systems=IRS/ProPublica dark-money bridge; Intermediary bridge; venues=intermediary; opaque_nonprofit_or_dark_money,2006-01-01,2007-09-13,2007-09-14,2008-12-31,0.9500,observed_prepost_outcome_rows_missing,reviewed_actor_excluded_from_estimation_panel,"reviewed exact-identifier slice from cross-venue adjudication; broader source-product, source-readiness, and calibrated policy-simulation gates remain blocked until row-count, issue-comparability, false-match, and observed pre/post comparison requirements pass; not assigned to treated or comparison group"
hloga-2007-federal-lobbying-disclosure,cand-1b6c2c019c9f,reviewed-democracy,excluded_no_observed_prepost_window,reviewed exact-ID source systems=IRS/ProPublica dark-money bridge; Intermediary bridge; venues=intermediary; opaque_nonprofit_or_dark_money,2006-01-01,2007-09-13,2007-09-14,2008-12-31,0.9500,observed_prepost_outcome_rows_missing,reviewed_actor_excluded_from_estimation_panel,"reviewed exact-identifier slice from cross-venue adjudication; broader source-product, source-readiness, and calibrated policy-simulation gates remain blocked until row-count, issue-comparability, false-match, and observed pre/post comparison requirements pass; not assigned to treated or comparison group"
hloga-2007-federal-lobbying-disclosure,cand-29ce4f6c9366,reviewed-energy,excluded_no_observed_prepost_window,reviewed exact-ID source systems=IRS/ProPublica dark-money bridge; Intermediary bridge; venues=intermediary; opaque_nonprofit_or_dark_money,2006-01-01,2007-09-13,2007-09-14,2008-12-31,0.9500,observed_prepost_outcome_rows_missing,reviewed_actor_excluded_from_estimation_panel,"reviewed exact-identifier slice from cross-venue adjudication; broader source-product, source-readiness, and calibrated policy-simulation gates remain blocked until row-count, issue-comparability, false-match, and observed pre/post comparison requirements pass; not assigned to treated or comparison group"
hloga-2007-federal-lobbying-disclosure,cand-f16ad590e1e2,reviewed-democracy,excluded_no_observed_prepost_window,reviewed exact-ID source systems=IRS/ProPublica dark-money bridge; Intermediary bridge; venues=intermediary; opaque_nonprofit_or_dark_money,2006-01-01,2007-09-13,2007-09-14,2008-12-31,0.9500,observed_prepost_outcome_rows_missing,reviewed_actor_excluded_from_estimation_panel,"reviewed exact-identifier slice from cross-venue adjudication; broader source-product, source-readiness, and calibrated policy-simulation gates remain blocked until row-count, issue-comparability, false-match, and observed pre/post comparison requirements pass; not assigned to treated or comparison group"
hloga-2007-federal-lobbying-disclosure,cand-0920cb1e8919,reviewed-democracy,excluded_no_observed_prepost_window,reviewed exact-ID source systems=IRS/ProPublica dark-money bridge; Intermediary bridge; venues=intermediary; opaque_nonprofit_or_dark_money,2006-01-01,2007-09-13,2007-09-14,2008-12-31,0.9500,observed_prepost_outcome_rows_missing,reviewed_actor_excluded_from_estimation_panel,"reviewed exact-identifier slice from cross-venue adjudication; broader source-product, source-readiness, and calibrated policy-simulation gates remain blocked until row-count, issue-comparability, false-match, and observed pre/post comparison requirements pass; not assigned to treated or comparison group"
hloga-2007-federal-lobbying-disclosure,cand-4be04be2ac1f,reviewed-democracy,excluded_no_observed_prepost_window,reviewed exact-ID source systems=IRS/ProPublica dark-money bridge; Intermediary bridge; venues=intermediary; opaque_nonprofit_or_dark_money,2006-01-01,2007-09-13,2007-09-14,2008-12-31,0.9500,observed_prepost_outcome_rows_missing,reviewed_actor_excluded_from_estimation_panel,"reviewed exact-identifier slice from cross-venue adjudication; broader source-product, source-readiness, and calibrated policy-simulation gates remain blocked until row-count, issue-comparability, false-match, and observed pre/post comparison requirements pass; not assigned to treated or comparison group"
hloga-2007-federal-lobbying-disclosure,cand-a3291e7ddf95,reviewed-finance,excluded_no_observed_prepost_window,reviewed exact-ID source systems=IRS/ProPublica dark-money bridge; Intermediary bridge; venues=intermediary; opaque_nonprofit_or_dark_money,2006-01-01,2007-09-13,2007-09-14,2008-12-31,0.9500,observed_prepost_outcome_rows_missing,reviewed_actor_excluded_from_estimation_panel,"reviewed exact-identifier slice from cross-venue adjudication; broader source-product, source-readiness, and calibrated policy-simulation gates remain blocked until row-count, issue-comparability, false-match, and observed pre/post comparison requirements pass; not assigned to treated or comparison group"
hloga-2007-federal-lobbying-disclosure,cand-1392add461a1,reviewed-finance,excluded_no_observed_prepost_window,reviewed exact-ID source systems=IRS/ProPublica dark-money bridge; Intermediary bridge; venues=intermediary; opaque_nonprofit_or_dark_money,2006-01-01,2007-09-13,2007-09-14,2008-12-31,0.9500,observed_prepost_outcome_rows_missing,reviewed_actor_excluded_from_estimation_panel,"reviewed exact-identifier slice from cross-venue adjudication; broader source-product, source-readiness, and calibrated policy-simulation gates remain blocked until row-count, issue-comparability, false-match, and observed pre/post comparison requirements pass; not assigned to treated or comparison group"
hloga-2007-federal-lobbying-disclosure,cand-63115faf9766,reviewed-democracy,excluded_no_observed_prepost_window,reviewed exact-ID source systems=IRS/ProPublica dark-money bridge; Intermediary bridge; venues=intermediary; opaque_nonprofit_or_dark_money,2006-01-01,2007-09-13,2007-09-14,2008-12-31,0.9500,observed_prepost_outcome_rows_missing,reviewed_actor_excluded_from_estimation_panel,"reviewed exact-identifier slice from cross-venue adjudication; broader source-product, source-readiness, and calibrated policy-simulation gates remain blocked until row-count, issue-comparability, false-match, and observed pre/post comparison requirements pass; not assigned to treated or comparison group"
hloga-2007-federal-lobbying-disclosure,cand-703c84534b94,reviewed-democracy,excluded_no_observed_prepost_window,reviewed exact-ID source systems=IRS/ProPublica dark-money bridge; Intermediary bridge; venues=intermediary; opaque_nonprofit_or_dark_money,2006-01-01,2007-09-13,2007-09-14,2008-12-31,0.9500,observed_prepost_outcome_rows_missing,reviewed_actor_excluded_from_estimation_panel,"reviewed exact-identifier slice from cross-venue adjudication; broader source-product, source-readiness, and calibrated policy-simulation gates remain blocked until row-count, issue-comparability, false-match, and observed pre/post comparison requirements pass; not assigned to treated or comparison group"
hloga-2007-federal-lobbying-disclosure,cand-08d64d221941,reviewed-democracy,excluded_no_observed_prepost_window,reviewed exact-ID source systems=IRS/ProPublica dark-money bridge; Intermediary bridge; venues=intermediary; opaque_nonprofit_or_dark_money,2006-01-01,2007-09-13,2007-09-14,2008-12-31,0.9500,observed_prepost_outcome_rows_missing,reviewed_actor_excluded_from_estimation_panel,"reviewed exact-identifier slice from cross-venue adjudication; broader source-product, source-readiness, and calibrated policy-simulation gates remain blocked until row-count, issue-comparability, false-match, and observed pre/post comparison requirements pass; not assigned to treated or comparison group"
hloga-2007-federal-lobbying-disclosure,cand-f4de3a619e3c,reviewed-democracy,excluded_no_observed_prepost_window,reviewed exact-ID source systems=IRS/ProPublica dark-money bridge; Intermediary bridge; venues=intermediary; opaque_nonprofit_or_dark_money,2006-01-01,2007-09-13,2007-09-14,2008-12-31,0.9500,observed_prepost_outcome_rows_missing,reviewed_actor_excluded_from_estimation_panel,"reviewed exact-identifier slice from cross-venue adjudication; broader source-product, source-readiness, and calibrated policy-simulation gates remain blocked until row-count, issue-comparability, false-match, and observed pre/post comparison requirements pass; not assigned to treated or comparison group"
hloga-2007-federal-lobbying-disclosure,cand-9c4a6dde7214,reviewed-democracy,excluded_no_observed_prepost_window,reviewed exact-ID source systems=IRS/ProPublica dark-money bridge; Intermediary bridge; venues=intermediary; opaque_nonprofit_or_dark_money,2006-01-01,2007-09-13,2007-09-14,2008-12-31,0.9500,observed_prepost_outcome_rows_missing,reviewed_actor_excluded_from_estimation_panel,"reviewed exact-identifier slice from cross-venue adjudication; broader source-product, source-readiness, and calibrated policy-simulation gates remain blocked until row-count, issue-comparability, false-match, and observed pre/post comparison requirements pass; not assigned to treated or comparison group"
hloga-2007-federal-lobbying-disclosure,cand-9a6e44184e77,reviewed-democracy,excluded_no_observed_prepost_window,reviewed exact-ID source systems=IRS/ProPublica dark-money bridge; Intermediary bridge; venues=intermediary; opaque_nonprofit_or_dark_money,2006-01-01,2007-09-13,2007-09-14,2008-12-31,0.9500,observed_prepost_outcome_rows_missing,reviewed_actor_excluded_from_estimation_panel,"reviewed exact-identifier slice from cross-venue adjudication; broader source-product, source-readiness, and calibrated policy-simulation gates remain blocked until row-count, issue-comparability, false-match, and observed pre/post comparison requirements pass; not assigned to treated or comparison group"
hloga-2007-federal-lobbying-disclosure,cand-50d472e893d8,reviewed-democracy,excluded_no_observed_prepost_window,reviewed exact-ID source systems=IRS/ProPublica dark-money bridge; Intermediary bridge; venues=intermediary; opaque_nonprofit_or_dark_money,2006-01-01,2007-09-13,2007-09-14,2008-12-31,0.9500,observed_prepost_outcome_rows_missing,reviewed_actor_excluded_from_estimation_panel,"reviewed exact-identifier slice from cross-venue adjudication; broader source-product, source-readiness, and calibrated policy-simulation gates remain blocked until row-count, issue-comparability, false-match, and observed pre/post comparison requirements pass; not assigned to treated or comparison group"
hloga-2007-federal-lobbying-disclosure,cand-ece7ad8325da,reviewed-democracy,excluded_no_observed_prepost_window,reviewed exact-ID source systems=IRS/ProPublica dark-money bridge; Intermediary bridge; venues=intermediary; opaque_nonprofit_or_dark_money,2006-01-01,2007-09-13,2007-09-14,2008-12-31,0.9500,observed_prepost_outcome_rows_missing,reviewed_actor_excluded_from_estimation_panel,"reviewed exact-identifier slice from cross-venue adjudication; broader source-product, source-readiness, and calibrated policy-simulation gates remain blocked until row-count, issue-comparability, false-match, and observed pre/post comparison requirements pass; not assigned to treated or comparison group"
hloga-2007-federal-lobbying-disclosure,cand-7757e3fa2437,reviewed-finance,excluded_no_observed_prepost_window,reviewed exact-ID source systems=IRS/ProPublica dark-money bridge; Intermediary bridge; venues=intermediary; opaque_nonprofit_or_dark_money,2006-01-01,2007-09-13,2007-09-14,2008-12-31,0.9500,observed_prepost_outcome_rows_missing,reviewed_actor_excluded_from_estimation_panel,"reviewed exact-identifier slice from cross-venue adjudication; broader source-product, source-readiness, and calibrated policy-simulation gates remain blocked until row-count, issue-comparability, false-match, and observed pre/post comparison requirements pass; not assigned to treated or comparison group"
hloga-2007-federal-lobbying-disclosure,cand-fb17b8703aa7,reviewed-democracy,excluded_no_observed_prepost_window,reviewed exact-ID source systems=IRS/ProPublica dark-money bridge; Intermediary bridge; venues=intermediary; opaque_nonprofit_or_dark_money,2006-01-01,2007-09-13,2007-09-14,2008-12-31,0.9500,observed_prepost_outcome_rows_missing,reviewed_actor_excluded_from_estimation_panel,"reviewed exact-identifier slice from cross-venue adjudication; broader source-product, source-readiness, and calibrated policy-simulation gates remain blocked until row-count, issue-comparability, false-match, and observed pre/post comparison requirements pass; not assigned to treated or comparison group"
hloga-2007-federal-lobbying-disclosure,cand-23f044c3ccca,reviewed-democracy,excluded_no_observed_prepost_window,reviewed exact-ID source systems=IRS/ProPublica dark-money bridge; Intermediary bridge; venues=intermediary; opaque_nonprofit_or_dark_money,2006-01-01,2007-09-13,2007-09-14,2008-12-31,0.9500,observed_prepost_outcome_rows_missing,reviewed_actor_excluded_from_estimation_panel,"reviewed exact-identifier slice from cross-venue adjudication; broader source-product, source-readiness, and calibrated policy-simulation gates remain blocked until row-count, issue-comparability, false-match, and observed pre/post comparison requirements pass; not assigned to treated or comparison group"
hloga-2007-federal-lobbying-disclosure,cand-11781c61dfc3,reviewed-democracy,excluded_no_observed_prepost_window,reviewed exact-ID source systems=IRS/ProPublica dark-money bridge; Intermediary bridge; venues=intermediary; opaque_nonprofit_or_dark_money,2006-01-01,2007-09-13,2007-09-14,2008-12-31,0.9500,observed_prepost_outcome_rows_missing,reviewed_actor_excluded_from_estimation_panel,"reviewed exact-identifier slice from cross-venue adjudication; broader source-product, source-readiness, and calibrated policy-simulation gates remain blocked until row-count, issue-comparability, false-match, and observed pre/post comparison requirements pass; not assigned to treated or comparison group"
hloga-2007-federal-lobbying-disclosure,cand-1086fcbf035f,reviewed-democracy,excluded_no_observed_prepost_window,reviewed exact-ID source systems=IRS/ProPublica dark-money bridge; Intermediary bridge; venues=intermediary; opaque_nonprofit_or_dark_money,2006-01-01,2007-09-13,2007-09-14,2008-12-31,0.9500,observed_prepost_outcome_rows_missing,reviewed_actor_excluded_from_estimation_panel,"reviewed exact-identifier slice from cross-venue adjudication; broader source-product, source-readiness, and calibrated policy-simulation gates remain blocked until row-count, issue-comparability, false-match, and observed pre/post comparison requirements pass; not assigned to treated or comparison group"
hloga-2007-federal-lobbying-disclosure,cand-171c299ca4a3,reviewed-democracy,excluded_no_observed_prepost_window,reviewed exact-ID source systems=IRS/ProPublica dark-money bridge; Intermediary bridge; venues=intermediary; opaque_nonprofit_or_dark_money,2006-01-01,2007-09-13,2007-09-14,2008-12-31,0.9500,observed_prepost_outcome_rows_missing,reviewed_actor_excluded_from_estimation_panel,"reviewed exact-identifier slice from cross-venue adjudication; broader source-product, source-readiness, and calibrated policy-simulation gates remain blocked until row-count, issue-comparability, false-match, and observed pre/post comparison requirements pass; not assigned to treated or comparison group"
hloga-2007-federal-lobbying-disclosure,cand-e04db6f78c30,reviewed-democracy,excluded_no_observed_prepost_window,reviewed exact-ID source systems=IRS/ProPublica dark-money bridge; Intermediary bridge; venues=intermediary; opaque_nonprofit_or_dark_money,2006-01-01,2007-09-13,2007-09-14,2008-12-31,0.9500,observed_prepost_outcome_rows_missing,reviewed_actor_excluded_from_estimation_panel,"reviewed exact-identifier slice from cross-venue adjudication; broader source-product, source-readiness, and calibrated policy-simulation gates remain blocked until row-count, issue-comparability, false-match, and observed pre/post comparison requirements pass; not assigned to treated or comparison group"
hloga-2007-federal-lobbying-disclosure,cand-5523acae645f,reviewed-energy,excluded_no_observed_prepost_window,reviewed exact-ID source systems=IRS/ProPublica dark-money bridge; Intermediary bridge; venues=intermediary; opaque_nonprofit_or_dark_money,2006-01-01,2007-09-13,2007-09-14,2008-12-31,0.9500,observed_prepost_outcome_rows_missing,reviewed_actor_excluded_from_estimation_panel,"reviewed exact-identifier slice from cross-venue adjudication; broader source-product, source-readiness, and calibrated policy-simulation gates remain blocked until row-count, issue-comparability, false-match, and observed pre/post comparison requirements pass; not assigned to treated or comparison group"
hloga-2007-federal-lobbying-disclosure,cand-08cb26682005,reviewed-democracy,excluded_no_observed_prepost_window,reviewed exact-ID source systems=IRS/ProPublica dark-money bridge; Intermediary bridge; venues=intermediary; opaque_nonprofit_or_dark_money,2006-01-01,2007-09-13,2007-09-14,2008-12-31,0.9500,observed_prepost_outcome_rows_missing,reviewed_actor_excluded_from_estimation_panel,"reviewed exact-identifier slice from cross-venue adjudication; broader source-product, source-readiness, and calibrated policy-simulation gates remain blocked until row-count, issue-comparability, false-match, and observed pre/post comparison requirements pass; not assigned to treated or comparison group"
hloga-2007-federal-lobbying-disclosure,cand-e7eab27f5b76,reviewed-democracy,excluded_no_observed_prepost_window,reviewed exact-ID source systems=IRS/ProPublica dark-money bridge; Intermediary bridge; venues=intermediary; opaque_nonprofit_or_dark_money,2006-01-01,2007-09-13,2007-09-14,2008-12-31,0.9500,observed_prepost_outcome_rows_missing,reviewed_actor_excluded_from_estimation_panel,"reviewed exact-identifier slice from cross-venue adjudication; broader source-product, source-readiness, and calibrated policy-simulation gates remain blocked until row-count, issue-comparability, false-match, and observed pre/post comparison requirements pass; not assigned to treated or comparison group"
hloga-2007-federal-lobbying-disclosure,cand-ca0bf65c187d,reviewed-democracy,excluded_no_observed_prepost_window,reviewed exact-ID source systems=IRS/ProPublica dark-money bridge; Intermediary bridge; venues=intermediary; opaque_nonprofit_or_dark_money,2006-01-01,2007-09-13,2007-09-14,2008-12-31,0.9500,observed_prepost_outcome_rows_missing,reviewed_actor_excluded_from_estimation_panel,"reviewed exact-identifier slice from cross-venue adjudication; broader source-product, source-readiness, and calibrated policy-simulation gates remain blocked until row-count, issue-comparability, false-match, and observed pre/post comparison requirements pass; not assigned to treated or comparison group"
hloga-2007-federal-lobbying-disclosure,cand-491f62a2d338,reviewed-democracy,excluded_no_observed_prepost_window,reviewed exact-ID source systems=IRS/ProPublica dark-money bridge; Intermediary bridge; venues=intermediary; opaque_nonprofit_or_dark_money,2006-01-01,2007-09-13,2007-09-14,2008-12-31,0.9500,observed_prepost_outcome_rows_missing,reviewed_actor_excluded_from_estimation_panel,"reviewed exact-identifier slice from cross-venue adjudication; broader source-product, source-readiness, and calibrated policy-simulation gates remain blocked until row-count, issue-comparability, false-match, and observed pre/post comparison requirements pass; not assigned to treated or comparison group"
hloga-2007-federal-lobbying-disclosure,cand-f8cba69d3624,reviewed-democracy,excluded_no_observed_prepost_window,reviewed exact-ID source systems=IRS/ProPublica dark-money bridge; Intermediary bridge; venues=intermediary; opaque_nonprofit_or_dark_money,2006-01-01,2007-09-13,2007-09-14,2008-12-31,0.9500,observed_prepost_outcome_rows_missing,reviewed_actor_excluded_from_estimation_panel,"reviewed exact-identifier slice from cross-venue adjudication; broader source-product, source-readiness, and calibrated policy-simulation gates remain blocked until row-count, issue-comparability, false-match, and observed pre/post comparison requirements pass; not assigned to treated or comparison group"
hloga-2007-federal-lobbying-disclosure,cand-afe59dc0a35d,reviewed-democracy,excluded_no_observed_prepost_window,reviewed exact-ID source systems=IRS/ProPublica dark-money bridge; Intermediary bridge; venues=intermediary; opaque_nonprofit_or_dark_money,2006-01-01,2007-09-13,2007-09-14,2008-12-31,0.9500,observed_prepost_outcome_rows_missing,reviewed_actor_excluded_from_estimation_panel,"reviewed exact-identifier slice from cross-venue adjudication; broader source-product, source-readiness, and calibrated policy-simulation gates remain blocked until row-count, issue-comparability, false-match, and observed pre/post comparison requirements pass; not assigned to treated or comparison group"
hloga-2007-federal-lobbying-disclosure,cand-9ca4b30517fc,reviewed-democracy,excluded_no_observed_prepost_window,reviewed exact-ID source systems=IRS/ProPublica dark-money bridge; Intermediary bridge; venues=intermediary; opaque_nonprofit_or_dark_money,2006-01-01,2007-09-13,2007-09-14,2008-12-31,0.9500,observed_prepost_outcome_rows_missing,reviewed_actor_excluded_from_estimation_panel,"reviewed exact-identifier slice from cross-venue adjudication; broader source-product, source-readiness, and calibrated policy-simulation gates remain blocked until row-count, issue-comparability, false-match, and observed pre/post comparison requirements pass; not assigned to treated or comparison group"
hloga-2007-federal-lobbying-disclosure,cand-ca1dd3ee01c7,reviewed-finance,excluded_no_observed_prepost_window,reviewed exact-ID source systems=IRS/ProPublica dark-money bridge; Intermediary bridge; venues=intermediary; opaque_nonprofit_or_dark_money,2006-01-01,2007-09-13,2007-09-14,2008-12-31,0.9500,observed_prepost_outcome_rows_missing,reviewed_actor_excluded_from_estimation_panel,"reviewed exact-identifier slice from cross-venue adjudication; broader source-product, source-readiness, and calibrated policy-simulation gates remain blocked until row-count, issue-comparability, false-match, and observed pre/post comparison requirements pass; not assigned to treated or comparison group"
hloga-2007-federal-lobbying-disclosure,cand-1a1841690bf7,reviewed-democracy,excluded_no_observed_prepost_window,reviewed exact-ID source systems=IRS/ProPublica dark-money bridge; Intermediary bridge; venues=intermediary; opaque_nonprofit_or_dark_money,2006-01-01,2007-09-13,2007-09-14,2008-12-31,0.9500,observed_prepost_outcome_rows_missing,reviewed_actor_excluded_from_estimation_panel,"reviewed exact-identifier slice from cross-venue adjudication; broader source-product, source-readiness, and calibrated policy-simulation gates remain blocked until row-count, issue-comparability, false-match, and observed pre/post comparison requirements pass; not assigned to treated or comparison group"
hloga-2007-federal-lobbying-disclosure,cand-972301852f3d,reviewed-democracy,excluded_no_observed_prepost_window,reviewed exact-ID source systems=IRS/ProPublica dark-money bridge; Intermediary bridge; venues=intermediary; opaque_nonprofit_or_dark_money,2006-01-01,2007-09-13,2007-09-14,2008-12-31,0.9500,observed_prepost_outcome_rows_missing,reviewed_actor_excluded_from_estimation_panel,"reviewed exact-identifier slice from cross-venue adjudication; broader source-product, source-readiness, and calibrated policy-simulation gates remain blocked until row-count, issue-comparability, false-match, and observed pre/post comparison requirements pass; not assigned to treated or comparison group"
hloga-2007-federal-lobbying-disclosure,cand-ce32c950d756,reviewed-democracy,excluded_no_observed_prepost_window,reviewed exact-ID source systems=IRS/ProPublica dark-money bridge; Intermediary bridge; venues=intermediary; opaque_nonprofit_or_dark_money,2006-01-01,2007-09-13,2007-09-14,2008-12-31,0.9500,observed_prepost_outcome_rows_missing,reviewed_actor_excluded_from_estimation_panel,"reviewed exact-identifier slice from cross-venue adjudication; broader source-product, source-readiness, and calibrated policy-simulation gates remain blocked until row-count, issue-comparability, false-match, and observed pre/post comparison requirements pass; not assigned to treated or comparison group"
hloga-2007-federal-lobbying-disclosure,cand-4c21a6b4cd83,reviewed-democracy,excluded_no_observed_prepost_window,reviewed exact-ID source systems=IRS/ProPublica dark-money bridge; Intermediary bridge; venues=intermediary; opaque_nonprofit_or_dark_money,2006-01-01,2007-09-13,2007-09-14,2008-12-31,0.9500,observed_prepost_outcome_rows_missing,reviewed_actor_excluded_from_estimation_panel,"reviewed exact-identifier slice from cross-venue adjudication; broader source-product, source-readiness, and calibrated policy-simulation gates remain blocked until row-count, issue-comparability, false-match, and observed pre/post comparison requirements pass; not assigned to treated or comparison group"
hloga-2007-federal-lobbying-disclosure,cand-c39965a519b0,reviewed-democracy,excluded_no_observed_prepost_window,reviewed exact-ID source systems=IRS/ProPublica dark-money bridge; Intermediary bridge; venues=intermediary; opaque_nonprofit_or_dark_money,2006-01-01,2007-09-13,2007-09-14,2008-12-31,0.9500,observed_prepost_outcome_rows_missing,reviewed_actor_excluded_from_estimation_panel,"reviewed exact-identifier slice from cross-venue adjudication; broader source-product, source-readiness, and calibrated policy-simulation gates remain blocked until row-count, issue-comparability, false-match, and observed pre/post comparison requirements pass; not assigned to treated or comparison group"
hloga-2007-federal-lobbying-disclosure,cand-15012e9b3aaa,reviewed-democracy,excluded_no_observed_prepost_window,reviewed exact-ID source systems=IRS/ProPublica dark-money bridge; Intermediary bridge; venues=intermediary; opaque_nonprofit_or_dark_money,2006-01-01,2007-09-13,2007-09-14,2008-12-31,0.9500,observed_prepost_outcome_rows_missing,reviewed_actor_excluded_from_estimation_panel,"reviewed exact-identifier slice from cross-venue adjudication; broader source-product, source-readiness, and calibrated policy-simulation gates remain blocked until row-count, issue-comparability, false-match, and observed pre/post comparison requirements pass; not assigned to treated or comparison group"
hloga-2007-federal-lobbying-disclosure,cand-ae7951b7c865,reviewed-finance,excluded_no_observed_prepost_window,reviewed exact-ID source systems=IRS/ProPublica dark-money bridge; Intermediary bridge; venues=intermediary; opaque_nonprofit_or_dark_money,2006-01-01,2007-09-13,2007-09-14,2008-12-31,0.9500,observed_prepost_outcome_rows_missing,reviewed_actor_excluded_from_estimation_panel,"reviewed exact-identifier slice from cross-venue adjudication; broader source-product, source-readiness, and calibrated policy-simulation gates remain blocked until row-count, issue-comparability, false-match, and observed pre/post comparison requirements pass; not assigned to treated or comparison group"
hloga-2007-federal-lobbying-disclosure,cand-ed540213eb19,reviewed-democracy,excluded_no_observed_prepost_window,reviewed exact-ID source systems=IRS/ProPublica dark-money bridge; Intermediary bridge; venues=intermediary; opaque_nonprofit_or_dark_money,2006-01-01,2007-09-13,2007-09-14,2008-12-31,0.9500,observed_prepost_outcome_rows_missing,reviewed_actor_excluded_from_estimation_panel,"reviewed exact-identifier slice from cross-venue adjudication; broader source-product, source-readiness, and calibrated policy-simulation gates remain blocked until row-count, issue-comparability, false-match, and observed pre/post comparison requirements pass; not assigned to treated or comparison group"
hloga-2007-federal-lobbying-disclosure,cand-e5573ef41e28,reviewed-democracy,excluded_no_observed_prepost_window,reviewed exact-ID source systems=IRS/ProPublica dark-money bridge; Intermediary bridge; venues=intermediary; opaque_nonprofit_or_dark_money,2006-01-01,2007-09-13,2007-09-14,2008-12-31,0.9500,observed_prepost_outcome_rows_missing,reviewed_actor_excluded_from_estimation_panel,"reviewed exact-identifier slice from cross-venue adjudication; broader source-product, source-readiness, and calibrated policy-simulation gates remain blocked until row-count, issue-comparability, false-match, and observed pre/post comparison requirements pass; not assigned to treated or comparison group"
hloga-2007-federal-lobbying-disclosure,cand-87db0cd46c0b,reviewed-democracy,excluded_no_observed_prepost_window,reviewed exact-ID source systems=IRS/ProPublica dark-money bridge; Intermediary bridge; venues=intermediary; opaque_nonprofit_or_dark_money,2006-01-01,2007-09-13,2007-09-14,2008-12-31,0.9500,observed_prepost_outcome_rows_missing,reviewed_actor_excluded_from_estimation_panel,"reviewed exact-identifier slice from cross-venue adjudication; broader source-product, source-readiness, and calibrated policy-simulation gates remain blocked until row-count, issue-comparability, false-match, and observed pre/post comparison requirements pass; not assigned to treated or comparison group"
hloga-2007-federal-lobbying-disclosure,cand-6dc6336783a5,reviewed-democracy,excluded_no_observed_prepost_window,reviewed exact-ID source systems=IRS/ProPublica dark-money bridge; Intermediary bridge; venues=intermediary; opaque_nonprofit_or_dark_money,2006-01-01,2007-09-13,2007-09-14,2008-12-31,0.9500,observed_prepost_outcome_rows_missing,reviewed_actor_excluded_from_estimation_panel,"reviewed exact-identifier slice from cross-venue adjudication; broader source-product, source-readiness, and calibrated policy-simulation gates remain blocked until row-count, issue-comparability, false-match, and observed pre/post comparison requirements pass; not assigned to treated or comparison group"
hloga-2007-federal-lobbying-disclosure,cand-b5e8ea6e0d56,reviewed-democracy,excluded_no_observed_prepost_window,reviewed exact-ID source systems=IRS/ProPublica dark-money bridge; Intermediary bridge; venues=intermediary; opaque_nonprofit_or_dark_money,2006-01-01,2007-09-13,2007-09-14,2008-12-31,0.9500,observed_prepost_outcome_rows_missing,reviewed_actor_excluded_from_estimation_panel,"reviewed exact-identifier slice from cross-venue adjudication; broader source-product, source-readiness, and calibrated policy-simulation gates remain blocked until row-count, issue-comparability, false-match, and observed pre/post comparison requirements pass; not assigned to treated or comparison group"
hloga-2007-federal-lobbying-disclosure,cand-2929cb3ef415,reviewed-democracy,excluded_no_observed_prepost_window,reviewed exact-ID source systems=IRS/ProPublica dark-money bridge; Intermediary bridge; venues=intermediary; opaque_nonprofit_or_dark_money,2006-01-01,2007-09-13,2007-09-14,2008-12-31,0.9500,observed_prepost_outcome_rows_missing,reviewed_actor_excluded_from_estimation_panel,"reviewed exact-identifier slice from cross-venue adjudication; broader source-product, source-readiness, and calibrated policy-simulation gates remain blocked until row-count, issue-comparability, false-match, and observed pre/post comparison requirements pass; not assigned to treated or comparison group"
hloga-2007-federal-lobbying-disclosure,cand-516a1b0ba9ef,reviewed-democracy,excluded_no_observed_prepost_window,reviewed exact-ID source systems=IRS/ProPublica dark-money bridge; Intermediary bridge; venues=intermediary; opaque_nonprofit_or_dark_money,2006-01-01,2007-09-13,2007-09-14,2008-12-31,0.9500,observed_prepost_outcome_rows_missing,reviewed_actor_excluded_from_estimation_panel,"reviewed exact-identifier slice from cross-venue adjudication; broader source-product, source-readiness, and calibrated policy-simulation gates remain blocked until row-count, issue-comparability, false-match, and observed pre/post comparison requirements pass; not assigned to treated or comparison group"
hloga-2007-federal-lobbying-disclosure,cand-83c70b947a22,reviewed-democracy,excluded_no_observed_prepost_window,reviewed exact-ID source systems=IRS/ProPublica dark-money bridge; Intermediary bridge; venues=intermediary; opaque_nonprofit_or_dark_money,2006-01-01,2007-09-13,2007-09-14,2008-12-31,0.9500,observed_prepost_outcome_rows_missing,reviewed_actor_excluded_from_estimation_panel,"reviewed exact-identifier slice from cross-venue adjudication; broader source-product, source-readiness, and calibrated policy-simulation gates remain blocked until row-count, issue-comparability, false-match, and observed pre/post comparison requirements pass; not assigned to treated or comparison group"
hloga-2007-federal-lobbying-disclosure,cand-b62084c8fe71,reviewed-democracy,excluded_no_observed_prepost_window,reviewed exact-ID source systems=IRS/ProPublica dark-money bridge; Intermediary bridge; venues=intermediary; opaque_nonprofit_or_dark_money,2006-01-01,2007-09-13,2007-09-14,2008-12-31,0.9500,observed_prepost_outcome_rows_missing,reviewed_actor_excluded_from_estimation_panel,"reviewed exact-identifier slice from cross-venue adjudication; broader source-product, source-readiness, and calibrated policy-simulation gates remain blocked until row-count, issue-comparability, false-match, and observed pre/post comparison requirements pass; not assigned to treated or comparison group"
hloga-2007-federal-lobbying-disclosure,cand-604aada61db8,reviewed-democracy,excluded_no_observed_prepost_window,reviewed exact-ID source systems=IRS/ProPublica dark-money bridge; Intermediary bridge; venues=intermediary; opaque_nonprofit_or_dark_money,2006-01-01,2007-09-13,2007-09-14,2008-12-31,0.9500,observed_prepost_outcome_rows_missing,reviewed_actor_excluded_from_estimation_panel,"reviewed exact-identifier slice from cross-venue adjudication; broader source-product, source-readiness, and calibrated policy-simulation gates remain blocked until row-count, issue-comparability, false-match, and observed pre/post comparison requirements pass; not assigned to treated or comparison group"
hloga-2007-federal-lobbying-disclosure,cand-42ff89e34904,reviewed-finance,excluded_no_observed_prepost_window,reviewed exact-ID source systems=IRS/ProPublica dark-money bridge; Intermediary bridge; venues=intermediary; opaque_nonprofit_or_dark_money,2006-01-01,2007-09-13,2007-09-14,2008-12-31,0.9500,observed_prepost_outcome_rows_missing,reviewed_actor_excluded_from_estimation_panel,"reviewed exact-identifier slice from cross-venue adjudication; broader source-product, source-readiness, and calibrated policy-simulation gates remain blocked until row-count, issue-comparability, false-match, and observed pre/post comparison requirements pass; not assigned to treated or comparison group"
hloga-2007-federal-lobbying-disclosure,cand-cef99c730918,reviewed-democracy,excluded_no_observed_prepost_window,reviewed exact-ID source systems=IRS/ProPublica dark-money bridge; Intermediary bridge; venues=intermediary; opaque_nonprofit_or_dark_money,2006-01-01,2007-09-13,2007-09-14,2008-12-31,0.9500,observed_prepost_outcome_rows_missing,reviewed_actor_excluded_from_estimation_panel,"reviewed exact-identifier slice from cross-venue adjudication; broader source-product, source-readiness, and calibrated policy-simulation gates remain blocked until row-count, issue-comparability, false-match, and observed pre/post comparison requirements pass; not assigned to treated or comparison group"
hloga-2007-federal-lobbying-disclosure,cand-4c7f44575b1d,reviewed-democracy,excluded_no_observed_prepost_window,reviewed exact-ID source systems=IRS/ProPublica dark-money bridge; Intermediary bridge; venues=intermediary; opaque_nonprofit_or_dark_money,2006-01-01,2007-09-13,2007-09-14,2008-12-31,0.9500,observed_prepost_outcome_rows_missing,reviewed_actor_excluded_from_estimation_panel,"reviewed exact-identifier slice from cross-venue adjudication; broader source-product, source-readiness, and calibrated policy-simulation gates remain blocked until row-count, issue-comparability, false-match, and observed pre/post comparison requirements pass; not assigned to treated or comparison group"
hloga-2007-federal-lobbying-disclosure,cand-9a3fc12e9944,reviewed-democracy,excluded_no_observed_prepost_window,reviewed exact-ID source systems=IRS/ProPublica dark-money bridge; Intermediary bridge; venues=intermediary; opaque_nonprofit_or_dark_money,2006-01-01,2007-09-13,2007-09-14,2008-12-31,0.9500,observed_prepost_outcome_rows_missing,reviewed_actor_excluded_from_estimation_panel,"reviewed exact-identifier slice from cross-venue adjudication; broader source-product, source-readiness, and calibrated policy-simulation gates remain blocked until row-count, issue-comparability, false-match, and observed pre/post comparison requirements pass; not assigned to treated or comparison group"
hloga-2007-federal-lobbying-disclosure,cand-1357c9034636,reviewed-democracy,excluded_no_observed_prepost_window,reviewed exact-ID source systems=IRS/ProPublica dark-money bridge; Intermediary bridge; venues=intermediary; opaque_nonprofit_or_dark_money,2006-01-01,2007-09-13,2007-09-14,2008-12-31,0.9500,observed_prepost_outcome_rows_missing,reviewed_actor_excluded_from_estimation_panel,"reviewed exact-identifier slice from cross-venue adjudication; broader source-product, source-readiness, and calibrated policy-simulation gates remain blocked until row-count, issue-comparability, false-match, and observed pre/post comparison requirements pass; not assigned to treated or comparison group"
hloga-2007-federal-lobbying-disclosure,cand-13a6f3b0beba,reviewed-democracy,excluded_no_observed_prepost_window,reviewed exact-ID source systems=IRS/ProPublica dark-money bridge; Intermediary bridge; venues=intermediary; opaque_nonprofit_or_dark_money,2006-01-01,2007-09-13,2007-09-14,2008-12-31,0.9500,observed_prepost_outcome_rows_missing,reviewed_actor_excluded_from_estimation_panel,"reviewed exact-identifier slice from cross-venue adjudication; broader source-product, source-readiness, and calibrated policy-simulation gates remain blocked until row-count, issue-comparability, false-match, and observed pre/post comparison requirements pass; not assigned to treated or comparison group"
hloga-2007-federal-lobbying-disclosure,cand-d2b4b77882ff,reviewed-democracy,excluded_no_observed_prepost_window,reviewed exact-ID source systems=IRS/ProPublica dark-money bridge; Intermediary bridge; venues=intermediary; opaque_nonprofit_or_dark_money,2006-01-01,2007-09-13,2007-09-14,2008-12-31,0.9500,observed_prepost_outcome_rows_missing,reviewed_actor_excluded_from_estimation_panel,"reviewed exact-identifier slice from cross-venue adjudication; broader source-product, source-readiness, and calibrated policy-simulation gates remain blocked until row-count, issue-comparability, false-match, and observed pre/post comparison requirements pass; not assigned to treated or comparison group"
hloga-2007-federal-lobbying-disclosure,cand-c472d9b02c6a,reviewed-democracy,excluded_no_observed_prepost_window,reviewed exact-ID source systems=IRS/ProPublica dark-money bridge; Intermediary bridge; venues=intermediary; opaque_nonprofit_or_dark_money,2006-01-01,2007-09-13,2007-09-14,2008-12-31,0.9500,observed_prepost_outcome_rows_missing,reviewed_actor_excluded_from_estimation_panel,"reviewed exact-identifier slice from cross-venue adjudication; broader source-product, source-readiness, and calibrated policy-simulation gates remain blocked until row-count, issue-comparability, false-match, and observed pre/post comparison requirements pass; not assigned to treated or comparison group"
hloga-2007-federal-lobbying-disclosure,cand-04d52943108f,reviewed-democracy,excluded_no_observed_prepost_window,reviewed exact-ID source systems=IRS/ProPublica dark-money bridge; Intermediary bridge; venues=intermediary; opaque_nonprofit_or_dark_money,2006-01-01,2007-09-13,2007-09-14,2008-12-31,0.9500,observed_prepost_outcome_rows_missing,reviewed_actor_excluded_from_estimation_panel,"reviewed exact-identifier slice from cross-venue adjudication; broader source-product, source-readiness, and calibrated policy-simulation gates remain blocked until row-count, issue-comparability, false-match, and observed pre/post comparison requirements pass; not assigned to treated or comparison group"
hloga-2007-federal-lobbying-disclosure,cand-5a9781ee7e21,reviewed-democracy,excluded_no_observed_prepost_window,reviewed exact-ID source systems=IRS/ProPublica dark-money bridge; Intermediary bridge; venues=intermediary; opaque_nonprofit_or_dark_money,2006-01-01,2007-09-13,2007-09-14,2008-12-31,0.9500,observed_prepost_outcome_rows_missing,reviewed_actor_excluded_from_estimation_panel,"reviewed exact-identifier slice from cross-venue adjudication; broader source-product, source-readiness, and calibrated policy-simulation gates remain blocked until row-count, issue-comparability, false-match, and observed pre/post comparison requirements pass; not assigned to treated or comparison group"
hloga-2007-federal-lobbying-disclosure,cand-c451305d73cf,reviewed-democracy,excluded_no_observed_prepost_window,reviewed exact-ID source systems=IRS/ProPublica dark-money bridge; Intermediary bridge; venues=intermediary; opaque_nonprofit_or_dark_money,2006-01-01,2007-09-13,2007-09-14,2008-12-31,0.9500,observed_prepost_outcome_rows_missing,reviewed_actor_excluded_from_estimation_panel,"reviewed exact-identifier slice from cross-venue adjudication; broader source-product, source-readiness, and calibrated policy-simulation gates remain blocked until row-count, issue-comparability, false-match, and observed pre/post comparison requirements pass; not assigned to treated or comparison group"
hloga-2007-federal-lobbying-disclosure,cand-ea4e5ffd3d9a,reviewed-democracy,excluded_no_observed_prepost_window,reviewed exact-ID source systems=IRS/ProPublica dark-money bridge; Intermediary bridge; venues=intermediary; opaque_nonprofit_or_dark_money,2006-01-01,2007-09-13,2007-09-14,2008-12-31,0.9500,observed_prepost_outcome_rows_missing,reviewed_actor_excluded_from_estimation_panel,"reviewed exact-identifier slice from cross-venue adjudication; broader source-product, source-readiness, and calibrated policy-simulation gates remain blocked until row-count, issue-comparability, false-match, and observed pre/post comparison requirements pass; not assigned to treated or comparison group"
hloga-2007-federal-lobbying-disclosure,cand-4dd53d629020,reviewed-democracy,excluded_no_observed_prepost_window,reviewed exact-ID source systems=IRS/ProPublica dark-money bridge; Intermediary bridge; venues=intermediary; opaque_nonprofit_or_dark_money,2006-01-01,2007-09-13,2007-09-14,2008-12-31,0.9500,observed_prepost_outcome_rows_missing,reviewed_actor_excluded_from_estimation_panel,"reviewed exact-identifier slice from cross-venue adjudication; broader source-product, source-readiness, and calibrated policy-simulation gates remain blocked until row-count, issue-comparability, false-match, and observed pre/post comparison requirements pass; not assigned to treated or comparison group"
hloga-2007-federal-lobbying-disclosure,cand-9fbdfc561088,reviewed-democracy,excluded_no_observed_prepost_window,reviewed exact-ID source systems=IRS/ProPublica dark-money bridge; Intermediary bridge; venues=intermediary; opaque_nonprofit_or_dark_money,2006-01-01,2007-09-13,2007-09-14,2008-12-31,0.9500,observed_prepost_outcome_rows_missing,reviewed_actor_excluded_from_estimation_panel,"reviewed exact-identifier slice from cross-venue adjudication; broader source-product, source-readiness, and calibrated policy-simulation gates remain blocked until row-count, issue-comparability, false-match, and observed pre/post comparison requirements pass; not assigned to treated or comparison group"
hloga-2007-federal-lobbying-disclosure,cand-e732826e9cd0,reviewed-democracy,excluded_no_observed_prepost_window,reviewed exact-ID source systems=IRS/ProPublica dark-money bridge; Intermediary bridge; venues=intermediary; opaque_nonprofit_or_dark_money,2006-01-01,2007-09-13,2007-09-14,2008-12-31,0.9500,observed_prepost_outcome_rows_missing,reviewed_actor_excluded_from_estimation_panel,"reviewed exact-identifier slice from cross-venue adjudication; broader source-product, source-readiness, and calibrated policy-simulation gates remain blocked until row-count, issue-comparability, false-match, and observed pre/post comparison requirements pass; not assigned to treated or comparison group"
hloga-2007-federal-lobbying-disclosure,cand-1285121d9bef,reviewed-finance,excluded_no_observed_prepost_window,reviewed exact-ID source systems=IRS/ProPublica dark-money bridge; Intermediary bridge; venues=intermediary; opaque_nonprofit_or_dark_money,2006-01-01,2007-09-13,2007-09-14,2008-12-31,0.9500,observed_prepost_outcome_rows_missing,reviewed_actor_excluded_from_estimation_panel,"reviewed exact-identifier slice from cross-venue adjudication; broader source-product, source-readiness, and calibrated policy-simulation gates remain blocked until row-count, issue-comparability, false-match, and observed pre/post comparison requirements pass; not assigned to treated or comparison group"
hloga-2007-federal-lobbying-disclosure,cand-60b881a138c3,reviewed-democracy,excluded_no_observed_prepost_window,reviewed exact-ID source systems=IRS/ProPublica dark-money bridge; Intermediary bridge; venues=intermediary; opaque_nonprofit_or_dark_money,2006-01-01,2007-09-13,2007-09-14,2008-12-31,0.9500,observed_prepost_outcome_rows_missing,reviewed_actor_excluded_from_estimation_panel,"reviewed exact-identifier slice from cross-venue adjudication; broader source-product, source-readiness, and calibrated policy-simulation gates remain blocked until row-count, issue-comparability, false-match, and observed pre/post comparison requirements pass; not assigned to treated or comparison group"
hloga-2007-federal-lobbying-disclosure,cand-ffaf38dc9943,reviewed-democracy,excluded_no_observed_prepost_window,reviewed exact-ID source systems=IRS/ProPublica dark-money bridge; Intermediary bridge; venues=intermediary; opaque_nonprofit_or_dark_money,2006-01-01,2007-09-13,2007-09-14,2008-12-31,0.9500,observed_prepost_outcome_rows_missing,reviewed_actor_excluded_from_estimation_panel,"reviewed exact-identifier slice from cross-venue adjudication; broader source-product, source-readiness, and calibrated policy-simulation gates remain blocked until row-count, issue-comparability, false-match, and observed pre/post comparison requirements pass; not assigned to treated or comparison group"
hloga-2007-federal-lobbying-disclosure,cand-a17ddd6050aa,reviewed-democracy,excluded_no_observed_prepost_window,reviewed exact-ID source systems=IRS/ProPublica dark-money bridge; Intermediary bridge; venues=intermediary; opaque_nonprofit_or_dark_money,2006-01-01,2007-09-13,2007-09-14,2008-12-31,0.9500,observed_prepost_outcome_rows_missing,reviewed_actor_excluded_from_estimation_panel,"reviewed exact-identifier slice from cross-venue adjudication; broader source-product, source-readiness, and calibrated policy-simulation gates remain blocked until row-count, issue-comparability, false-match, and observed pre/post comparison requirements pass; not assigned to treated or comparison group"
hloga-2007-federal-lobbying-disclosure,cand-dec56eb8134e,reviewed-democracy,excluded_no_observed_prepost_window,reviewed exact-ID source systems=IRS/ProPublica dark-money bridge; Intermediary bridge; venues=intermediary; opaque_nonprofit_or_dark_money,2006-01-01,2007-09-13,2007-09-14,2008-12-31,0.9500,observed_prepost_outcome_rows_missing,reviewed_actor_excluded_from_estimation_panel,"reviewed exact-identifier slice from cross-venue adjudication; broader source-product, source-readiness, and calibrated policy-simulation gates remain blocked until row-count, issue-comparability, false-match, and observed pre/post comparison requirements pass; not assigned to treated or comparison group"
hloga-2007-federal-lobbying-disclosure,cand-6dc1b1e2898f,reviewed-democracy,excluded_no_observed_prepost_window,reviewed exact-ID source systems=IRS/ProPublica dark-money bridge; Intermediary bridge; venues=intermediary; opaque_nonprofit_or_dark_money,2006-01-01,2007-09-13,2007-09-14,2008-12-31,0.9500,observed_prepost_outcome_rows_missing,reviewed_actor_excluded_from_estimation_panel,"reviewed exact-identifier slice from cross-venue adjudication; broader source-product, source-readiness, and calibrated policy-simulation gates remain blocked until row-count, issue-comparability, false-match, and observed pre/post comparison requirements pass; not assigned to treated or comparison group"
hloga-2007-federal-lobbying-disclosure,cand-fa464f3a96a1,reviewed-democracy,excluded_no_observed_prepost_window,reviewed exact-ID source systems=IRS/ProPublica dark-money bridge; Intermediary bridge; venues=intermediary; opaque_nonprofit_or_dark_money,2006-01-01,2007-09-13,2007-09-14,2008-12-31,0.9500,observed_prepost_outcome_rows_missing,reviewed_actor_excluded_from_estimation_panel,"reviewed exact-identifier slice from cross-venue adjudication; broader source-product, source-readiness, and calibrated policy-simulation gates remain blocked until row-count, issue-comparability, false-match, and observed pre/post comparison requirements pass; not assigned to treated or comparison group"
hloga-2007-federal-lobbying-disclosure,cand-4bd3e69095a0,reviewed-democracy,excluded_no_observed_prepost_window,reviewed exact-ID source systems=IRS/ProPublica dark-money bridge; Intermediary bridge; venues=intermediary; opaque_nonprofit_or_dark_money,2006-01-01,2007-09-13,2007-09-14,2008-12-31,0.9500,observed_prepost_outcome_rows_missing,reviewed_actor_excluded_from_estimation_panel,"reviewed exact-identifier slice from cross-venue adjudication; broader source-product, source-readiness, and calibrated policy-simulation gates remain blocked until row-count, issue-comparability, false-match, and observed pre/post comparison requirements pass; not assigned to treated or comparison group"
hloga-2007-federal-lobbying-disclosure,cand-f11ede9ed437,reviewed-democracy,excluded_no_observed_prepost_window,reviewed exact-ID source systems=IRS/ProPublica dark-money bridge; Intermediary bridge; venues=intermediary; opaque_nonprofit_or_dark_money,2006-01-01,2007-09-13,2007-09-14,2008-12-31,0.9500,observed_prepost_outcome_rows_missing,reviewed_actor_excluded_from_estimation_panel,"reviewed exact-identifier slice from cross-venue adjudication; broader source-product, source-readiness, and calibrated policy-simulation gates remain blocked until row-count, issue-comparability, false-match, and observed pre/post comparison requirements pass; not assigned to treated or comparison group"
hloga-2007-federal-lobbying-disclosure,cand-22256a620829,reviewed-democracy,excluded_no_observed_prepost_window,reviewed exact-ID source systems=IRS/ProPublica dark-money bridge; Intermediary bridge; venues=intermediary; opaque_nonprofit_or_dark_money,2006-01-01,2007-09-13,2007-09-14,2008-12-31,0.9500,observed_prepost_outcome_rows_missing,reviewed_actor_excluded_from_estimation_panel,"reviewed exact-identifier slice from cross-venue adjudication; broader source-product, source-readiness, and calibrated policy-simulation gates remain blocked until row-count, issue-comparability, false-match, and observed pre/post comparison requirements pass; not assigned to treated or comparison group"
hloga-2007-federal-lobbying-disclosure,cand-3c811b743faf,reviewed-democracy,excluded_no_observed_prepost_window,reviewed exact-ID source systems=IRS/ProPublica dark-money bridge; Intermediary bridge; venues=intermediary; opaque_nonprofit_or_dark_money,2006-01-01,2007-09-13,2007-09-14,2008-12-31,0.9500,observed_prepost_outcome_rows_missing,reviewed_actor_excluded_from_estimation_panel,"reviewed exact-identifier slice from cross-venue adjudication; broader source-product, source-readiness, and calibrated policy-simulation gates remain blocked until row-count, issue-comparability, false-match, and observed pre/post comparison requirements pass; not assigned to treated or comparison group"
hloga-2007-federal-lobbying-disclosure,cand-4352591928d2,reviewed-democracy,excluded_no_observed_prepost_window,reviewed exact-ID source systems=IRS/ProPublica dark-money bridge; Intermediary bridge; venues=intermediary; opaque_nonprofit_or_dark_money,2006-01-01,2007-09-13,2007-09-14,2008-12-31,0.9500,observed_prepost_outcome_rows_missing,reviewed_actor_excluded_from_estimation_panel,"reviewed exact-identifier slice from cross-venue adjudication; broader source-product, source-readiness, and calibrated policy-simulation gates remain blocked until row-count, issue-comparability, false-match, and observed pre/post comparison requirements pass; not assigned to treated or comparison group"
hloga-2007-federal-lobbying-disclosure,cand-92a0ec3bf0a1,reviewed-democracy,excluded_no_observed_prepost_window,reviewed exact-ID source systems=IRS/ProPublica dark-money bridge; Intermediary bridge; venues=intermediary; opaque_nonprofit_or_dark_money,2006-01-01,2007-09-13,2007-09-14,2008-12-31,0.9500,observed_prepost_outcome_rows_missing,reviewed_actor_excluded_from_estimation_panel,"reviewed exact-identifier slice from cross-venue adjudication; broader source-product, source-readiness, and calibrated policy-simulation gates remain blocked until row-count, issue-comparability, false-match, and observed pre/post comparison requirements pass; not assigned to treated or comparison group"
hloga-2007-federal-lobbying-disclosure,cand-1db87fd7655e,reviewed-democracy,excluded_no_observed_prepost_window,reviewed exact-ID source systems=IRS/ProPublica dark-money bridge; Intermediary bridge; venues=intermediary; opaque_nonprofit_or_dark_money,2006-01-01,2007-09-13,2007-09-14,2008-12-31,0.9500,observed_prepost_outcome_rows_missing,reviewed_actor_excluded_from_estimation_panel,"reviewed exact-identifier slice from cross-venue adjudication; broader source-product, source-readiness, and calibrated policy-simulation gates remain blocked until row-count, issue-comparability, false-match, and observed pre/post comparison requirements pass; not assigned to treated or comparison group"
hloga-2007-federal-lobbying-disclosure,cand-94af4d88e782,reviewed-democracy,excluded_no_observed_prepost_window,reviewed exact-ID source systems=IRS/ProPublica dark-money bridge; Intermediary bridge; venues=intermediary; opaque_nonprofit_or_dark_money,2006-01-01,2007-09-13,2007-09-14,2008-12-31,0.9500,observed_prepost_outcome_rows_missing,reviewed_actor_excluded_from_estimation_panel,"reviewed exact-identifier slice from cross-venue adjudication; broader source-product, source-readiness, and calibrated policy-simulation gates remain blocked until row-count, issue-comparability, false-match, and observed pre/post comparison requirements pass; not assigned to treated or comparison group"
hloga-2007-federal-lobbying-disclosure,cand-c8f2deae816d,reviewed-democracy,excluded_no_observed_prepost_window,reviewed exact-ID source systems=IRS/ProPublica dark-money bridge; Intermediary bridge; venues=intermediary; opaque_nonprofit_or_dark_money,2006-01-01,2007-09-13,2007-09-14,2008-12-31,0.9500,observed_prepost_outcome_rows_missing,reviewed_actor_excluded_from_estimation_panel,"reviewed exact-identifier slice from cross-venue adjudication; broader source-product, source-readiness, and calibrated policy-simulation gates remain blocked until row-count, issue-comparability, false-match, and observed pre/post comparison requirements pass; not assigned to treated or comparison group"
hloga-2007-federal-lobbying-disclosure,cand-5a0c1e9f6ed4,reviewed-democracy,excluded_no_observed_prepost_window,reviewed exact-ID source systems=IRS/ProPublica dark-money bridge; Intermediary bridge; venues=intermediary; opaque_nonprofit_or_dark_money,2006-01-01,2007-09-13,2007-09-14,2008-12-31,0.9500,observed_prepost_outcome_rows_missing,reviewed_actor_excluded_from_estimation_panel,"reviewed exact-identifier slice from cross-venue adjudication; broader source-product, source-readiness, and calibrated policy-simulation gates remain blocked until row-count, issue-comparability, false-match, and observed pre/post comparison requirements pass; not assigned to treated or comparison group"
hloga-2007-federal-lobbying-disclosure,cand-383d508b90a8,reviewed-democracy,excluded_no_observed_prepost_window,reviewed exact-ID source systems=IRS/ProPublica dark-money bridge; Intermediary bridge; venues=intermediary; opaque_nonprofit_or_dark_money,2006-01-01,2007-09-13,2007-09-14,2008-12-31,0.9500,observed_prepost_outcome_rows_missing,reviewed_actor_excluded_from_estimation_panel,"reviewed exact-identifier slice from cross-venue adjudication; broader source-product, source-readiness, and calibrated policy-simulation gates remain blocked until row-count, issue-comparability, false-match, and observed pre/post comparison requirements pass; not assigned to treated or comparison group"
hloga-2007-federal-lobbying-disclosure,cand-2be24a9fb21c,reviewed-democracy,excluded_no_observed_prepost_window,reviewed exact-ID source systems=IRS/ProPublica dark-money bridge; Intermediary bridge; venues=intermediary; opaque_nonprofit_or_dark_money,2006-01-01,2007-09-13,2007-09-14,2008-12-31,0.9500,observed_prepost_outcome_rows_missing,reviewed_actor_excluded_from_estimation_panel,"reviewed exact-identifier slice from cross-venue adjudication; broader source-product, source-readiness, and calibrated policy-simulation gates remain blocked until row-count, issue-comparability, false-match, and observed pre/post comparison requirements pass; not assigned to treated or comparison group"
hloga-2007-federal-lobbying-disclosure,cand-2a75c6a27195,reviewed-democracy,excluded_no_observed_prepost_window,reviewed exact-ID source systems=IRS/ProPublica dark-money bridge; Intermediary bridge; venues=intermediary; opaque_nonprofit_or_dark_money,2006-01-01,2007-09-13,2007-09-14,2008-12-31,0.9500,observed_prepost_outcome_rows_missing,reviewed_actor_excluded_from_estimation_panel,"reviewed exact-identifier slice from cross-venue adjudication; broader source-product, source-readiness, and calibrated policy-simulation gates remain blocked until row-count, issue-comparability, false-match, and observed pre/post comparison requirements pass; not assigned to treated or comparison group"
hloga-2007-federal-lobbying-disclosure,cand-d563abc9fc9b,reviewed-democracy,excluded_no_observed_prepost_window,reviewed exact-ID source systems=IRS/ProPublica dark-money bridge; Intermediary bridge; venues=intermediary; opaque_nonprofit_or_dark_money,2006-01-01,2007-09-13,2007-09-14,2008-12-31,0.9500,observed_prepost_outcome_rows_missing,reviewed_actor_excluded_from_estimation_panel,"reviewed exact-identifier slice from cross-venue adjudication; broader source-product, source-readiness, and calibrated policy-simulation gates remain blocked until row-count, issue-comparability, false-match, and observed pre/post comparison requirements pass; not assigned to treated or comparison group"
hloga-2007-federal-lobbying-disclosure,cand-aa4be1131b53,reviewed-democracy,excluded_no_observed_prepost_window,reviewed exact-ID source systems=IRS/ProPublica dark-money bridge; Intermediary bridge; venues=intermediary; opaque_nonprofit_or_dark_money,2006-01-01,2007-09-13,2007-09-14,2008-12-31,0.9500,observed_prepost_outcome_rows_missing,reviewed_actor_excluded_from_estimation_panel,"reviewed exact-identifier slice from cross-venue adjudication; broader source-product, source-readiness, and calibrated policy-simulation gates remain blocked until row-count, issue-comparability, false-match, and observed pre/post comparison requirements pass; not assigned to treated or comparison group"
hloga-2007-federal-lobbying-disclosure,cand-9d1ec0b555c2,reviewed-democracy,excluded_no_observed_prepost_window,reviewed exact-ID source systems=IRS/ProPublica dark-money bridge; Intermediary bridge; venues=intermediary; opaque_nonprofit_or_dark_money,2006-01-01,2007-09-13,2007-09-14,2008-12-31,0.9500,observed_prepost_outcome_rows_missing,reviewed_actor_excluded_from_estimation_panel,"reviewed exact-identifier slice from cross-venue adjudication; broader source-product, source-readiness, and calibrated policy-simulation gates remain blocked until row-count, issue-comparability, false-match, and observed pre/post comparison requirements pass; not assigned to treated or comparison group"
hloga-2007-federal-lobbying-disclosure,cand-34711f4df30c,reviewed-democracy,excluded_no_observed_prepost_window,reviewed exact-ID source systems=IRS/ProPublica dark-money bridge; Intermediary bridge; venues=intermediary; opaque_nonprofit_or_dark_money,2006-01-01,2007-09-13,2007-09-14,2008-12-31,0.9500,observed_prepost_outcome_rows_missing,reviewed_actor_excluded_from_estimation_panel,"reviewed exact-identifier slice from cross-venue adjudication; broader source-product, source-readiness, and calibrated policy-simulation gates remain blocked until row-count, issue-comparability, false-match, and observed pre/post comparison requirements pass; not assigned to treated or comparison group"
hloga-2007-federal-lobbying-disclosure,cand-c77e4907785a,reviewed-energy,excluded_no_observed_prepost_window,reviewed exact-ID source systems=IRS/ProPublica dark-money bridge; Intermediary bridge; venues=intermediary; opaque_nonprofit_or_dark_money,2006-01-01,2007-09-13,2007-09-14,2008-12-31,0.9500,observed_prepost_outcome_rows_missing,reviewed_actor_excluded_from_estimation_panel,"reviewed exact-identifier slice from cross-venue adjudication; broader source-product, source-readiness, and calibrated policy-simulation gates remain blocked until row-count, issue-comparability, false-match, and observed pre/post comparison requirements pass; not assigned to treated or comparison group"
hloga-2007-federal-lobbying-disclosure,cand-972901000bd9,reviewed-democracy,excluded_no_observed_prepost_window,reviewed exact-ID source systems=IRS/ProPublica dark-money bridge; Intermediary bridge; venues=intermediary; opaque_nonprofit_or_dark_money,2006-01-01,2007-09-13,2007-09-14,2008-12-31,0.9500,observed_prepost_outcome_rows_missing,reviewed_actor_excluded_from_estimation_panel,"reviewed exact-identifier slice from cross-venue adjudication; broader source-product, source-readiness, and calibrated policy-simulation gates remain blocked until row-count, issue-comparability, false-match, and observed pre/post comparison requirements pass; not assigned to treated or comparison group"
hloga-2007-federal-lobbying-disclosure,cand-3025abd05833,reviewed-democracy,excluded_no_observed_prepost_window,reviewed exact-ID source systems=IRS/ProPublica dark-money bridge; Intermediary bridge; venues=intermediary; opaque_nonprofit_or_dark_money,2006-01-01,2007-09-13,2007-09-14,2008-12-31,0.9500,observed_prepost_outcome_rows_missing,reviewed_actor_excluded_from_estimation_panel,"reviewed exact-identifier slice from cross-venue adjudication; broader source-product, source-readiness, and calibrated policy-simulation gates remain blocked until row-count, issue-comparability, false-match, and observed pre/post comparison requirements pass; not assigned to treated or comparison group"
hloga-2007-federal-lobbying-disclosure,cand-2c00d423c031,reviewed-democracy,excluded_no_observed_prepost_window,reviewed exact-ID source systems=IRS/ProPublica dark-money bridge; Intermediary bridge; venues=intermediary; opaque_nonprofit_or_dark_money,2006-01-01,2007-09-13,2007-09-14,2008-12-31,0.9500,observed_prepost_outcome_rows_missing,reviewed_actor_excluded_from_estimation_panel,"reviewed exact-identifier slice from cross-venue adjudication; broader source-product, source-readiness, and calibrated policy-simulation gates remain blocked until row-count, issue-comparability, false-match, and observed pre/post comparison requirements pass; not assigned to treated or comparison group"
hloga-2007-federal-lobbying-disclosure,cand-59fdc99634fb,reviewed-democracy,excluded_no_observed_prepost_window,reviewed exact-ID source systems=IRS/ProPublica dark-money bridge; Intermediary bridge; venues=intermediary; opaque_nonprofit_or_dark_money,2006-01-01,2007-09-13,2007-09-14,2008-12-31,0.9500,observed_prepost_outcome_rows_missing,reviewed_actor_excluded_from_estimation_panel,"reviewed exact-identifier slice from cross-venue adjudication; broader source-product, source-readiness, and calibrated policy-simulation gates remain blocked until row-count, issue-comparability, false-match, and observed pre/post comparison requirements pass; not assigned to treated or comparison group"
hloga-2007-federal-lobbying-disclosure,cand-b1f398d665c7,reviewed-democracy,excluded_no_observed_prepost_window,reviewed exact-ID source systems=IRS/ProPublica dark-money bridge; Intermediary bridge; venues=intermediary; opaque_nonprofit_or_dark_money,2006-01-01,2007-09-13,2007-09-14,2008-12-31,0.9500,observed_prepost_outcome_rows_missing,reviewed_actor_excluded_from_estimation_panel,"reviewed exact-identifier slice from cross-venue adjudication; broader source-product, source-readiness, and calibrated policy-simulation gates remain blocked until row-count, issue-comparability, false-match, and observed pre/post comparison requirements pass; not assigned to treated or comparison group"
hloga-2007-federal-lobbying-disclosure,cand-3458da42c713,reviewed-energy,excluded_no_observed_prepost_window,reviewed exact-ID source systems=IRS/ProPublica dark-money bridge; Intermediary bridge; venues=intermediary; opaque_nonprofit_or_dark_money,2006-01-01,2007-09-13,2007-09-14,2008-12-31,0.9500,observed_prepost_outcome_rows_missing,reviewed_actor_excluded_from_estimation_panel,"reviewed exact-identifier slice from cross-venue adjudication; broader source-product, source-readiness, and calibrated policy-simulation gates remain blocked until row-count, issue-comparability, false-match, and observed pre/post comparison requirements pass; not assigned to treated or comparison group"
hloga-2007-federal-lobbying-disclosure,cand-b9fe54fe5bca,reviewed-finance,excluded_no_observed_prepost_window,reviewed exact-ID source systems=IRS/ProPublica dark-money bridge; Intermediary bridge; venues=intermediary; opaque_nonprofit_or_dark_money,2006-01-01,2007-09-13,2007-09-14,2008-12-31,0.9500,observed_prepost_outcome_rows_missing,reviewed_actor_excluded_from_estimation_panel,"reviewed exact-identifier slice from cross-venue adjudication; broader source-product, source-readiness, and calibrated policy-simulation gates remain blocked until row-count, issue-comparability, false-match, and observed pre/post comparison requirements pass; not assigned to treated or comparison group"
hloga-2007-federal-lobbying-disclosure,cand-b67031c5b8a7,reviewed-democracy,excluded_no_observed_prepost_window,reviewed exact-ID source systems=IRS/ProPublica dark-money bridge; Intermediary bridge; venues=intermediary; opaque_nonprofit_or_dark_money,2006-01-01,2007-09-13,2007-09-14,2008-12-31,0.9500,observed_prepost_outcome_rows_missing,reviewed_actor_excluded_from_estimation_panel,"reviewed exact-identifier slice from cross-venue adjudication; broader source-product, source-readiness, and calibrated policy-simulation gates remain blocked until row-count, issue-comparability, false-match, and observed pre/post comparison requirements pass; not assigned to treated or comparison group"
hloga-2007-federal-lobbying-disclosure,cand-dc91a3067e18,reviewed-democracy,excluded_no_observed_prepost_window,reviewed exact-ID source systems=IRS/ProPublica dark-money bridge; Intermediary bridge; venues=intermediary; opaque_nonprofit_or_dark_money,2006-01-01,2007-09-13,2007-09-14,2008-12-31,0.9500,observed_prepost_outcome_rows_missing,reviewed_actor_excluded_from_estimation_panel,"reviewed exact-identifier slice from cross-venue adjudication; broader source-product, source-readiness, and calibrated policy-simulation gates remain blocked until row-count, issue-comparability, false-match, and observed pre/post comparison requirements pass; not assigned to treated or comparison group"
hloga-2007-federal-lobbying-disclosure,cand-8c0953025cbf,reviewed-procurement,excluded_no_observed_prepost_window,reviewed exact-ID source systems=IRS/ProPublica dark-money bridge; Intermediary bridge; venues=intermediary; opaque_nonprofit_or_dark_money,2006-01-01,2007-09-13,2007-09-14,2008-12-31,0.9500,observed_prepost_outcome_rows_missing,reviewed_actor_excluded_from_estimation_panel,"reviewed exact-identifier slice from cross-venue adjudication; broader source-product, source-readiness, and calibrated policy-simulation gates remain blocked until row-count, issue-comparability, false-match, and observed pre/post comparison requirements pass; not assigned to treated or comparison group"
hloga-2007-federal-lobbying-disclosure,cand-6951bccd6811,reviewed-democracy,excluded_no_observed_prepost_window,reviewed exact-ID source systems=IRS/ProPublica dark-money bridge; Intermediary bridge; venues=intermediary; opaque_nonprofit_or_dark_money,2006-01-01,2007-09-13,2007-09-14,2008-12-31,0.9500,observed_prepost_outcome_rows_missing,reviewed_actor_excluded_from_estimation_panel,"reviewed exact-identifier slice from cross-venue adjudication; broader source-product, source-readiness, and calibrated policy-simulation gates remain blocked until row-count, issue-comparability, false-match, and observed pre/post comparison requirements pass; not assigned to treated or comparison group"
hloga-2007-federal-lobbying-disclosure,cand-abf8bd8239ed,reviewed-energy,excluded_no_observed_prepost_window,reviewed exact-ID source systems=IRS/ProPublica dark-money bridge; Intermediary bridge; venues=intermediary; opaque_nonprofit_or_dark_money,2006-01-01,2007-09-13,2007-09-14,2008-12-31,0.9500,observed_prepost_outcome_rows_missing,reviewed_actor_excluded_from_estimation_panel,"reviewed exact-identifier slice from cross-venue adjudication; broader source-product, source-readiness, and calibrated policy-simulation gates remain blocked until row-count, issue-comparability, false-match, and observed pre/post comparison requirements pass; not assigned to treated or comparison group"
hloga-2007-federal-lobbying-disclosure,cand-77e951dcc3ac,reviewed-finance,excluded_no_observed_prepost_window,reviewed exact-ID source systems=IRS/ProPublica dark-money bridge; Intermediary bridge; venues=intermediary; opaque_nonprofit_or_dark_money,2006-01-01,2007-09-13,2007-09-14,2008-12-31,0.9500,observed_prepost_outcome_rows_missing,reviewed_actor_excluded_from_estimation_panel,"reviewed exact-identifier slice from cross-venue adjudication; broader source-product, source-readiness, and calibrated policy-simulation gates remain blocked until row-count, issue-comparability, false-match, and observed pre/post comparison requirements pass; not assigned to treated or comparison group"
hloga-2007-federal-lobbying-disclosure,cand-df4782fe8f3e,reviewed-democracy,excluded_no_observed_prepost_window,reviewed exact-ID source systems=IRS/ProPublica dark-money bridge; Intermediary bridge; venues=intermediary; opaque_nonprofit_or_dark_money,2006-01-01,2007-09-13,2007-09-14,2008-12-31,0.9500,observed_prepost_outcome_rows_missing,reviewed_actor_excluded_from_estimation_panel,"reviewed exact-identifier slice from cross-venue adjudication; broader source-product, source-readiness, and calibrated policy-simulation gates remain blocked until row-count, issue-comparability, false-match, and observed pre/post comparison requirements pass; not assigned to treated or comparison group"
hloga-2007-federal-lobbying-disclosure,cand-af8bdeb9e9f4,reviewed-democracy,excluded_no_observed_prepost_window,reviewed exact-ID source systems=IRS/ProPublica dark-money bridge; Intermediary bridge; venues=intermediary; opaque_nonprofit_or_dark_money,2006-01-01,2007-09-13,2007-09-14,2008-12-31,0.9500,observed_prepost_outcome_rows_missing,reviewed_actor_excluded_from_estimation_panel,"reviewed exact-identifier slice from cross-venue adjudication; broader source-product, source-readiness, and calibrated policy-simulation gates remain blocked until row-count, issue-comparability, false-match, and observed pre/post comparison requirements pass; not assigned to treated or comparison group"
hloga-2007-federal-lobbying-disclosure,cand-483a01ce5e5f,reviewed-democracy,excluded_no_observed_prepost_window,reviewed exact-ID source systems=IRS/ProPublica dark-money bridge; Intermediary bridge; venues=intermediary; opaque_nonprofit_or_dark_money,2006-01-01,2007-09-13,2007-09-14,2008-12-31,0.9500,observed_prepost_outcome_rows_missing,reviewed_actor_excluded_from_estimation_panel,"reviewed exact-identifier slice from cross-venue adjudication; broader source-product, source-readiness, and calibrated policy-simulation gates remain blocked until row-count, issue-comparability, false-match, and observed pre/post comparison requirements pass; not assigned to treated or comparison group"
hloga-2007-federal-lobbying-disclosure,cand-111b16cca8db,reviewed-democracy,excluded_no_observed_prepost_window,reviewed exact-ID source systems=IRS/ProPublica dark-money bridge; Intermediary bridge; venues=intermediary; opaque_nonprofit_or_dark_money,2006-01-01,2007-09-13,2007-09-14,2008-12-31,0.9500,observed_prepost_outcome_rows_missing,reviewed_actor_excluded_from_estimation_panel,"reviewed exact-identifier slice from cross-venue adjudication; broader source-product, source-readiness, and calibrated policy-simulation gates remain blocked until row-count, issue-comparability, false-match, and observed pre/post comparison requirements pass; not assigned to treated or comparison group"
hloga-2007-federal-lobbying-disclosure,cand-c01ef271413f,reviewed-democracy,excluded_no_observed_prepost_window,reviewed exact-ID source systems=IRS/ProPublica dark-money bridge; Intermediary bridge; venues=intermediary; opaque_nonprofit_or_dark_money,2006-01-01,2007-09-13,2007-09-14,2008-12-31,0.9500,observed_prepost_outcome_rows_missing,reviewed_actor_excluded_from_estimation_panel,"reviewed exact-identifier slice from cross-venue adjudication; broader source-product, source-readiness, and calibrated policy-simulation gates remain blocked until row-count, issue-comparability, false-match, and observed pre/post comparison requirements pass; not assigned to treated or comparison group"
hloga-2007-federal-lobbying-disclosure,cand-1d09521c7b04,reviewed-procurement,excluded_no_observed_prepost_window,reviewed exact-ID source systems=IRS/ProPublica dark-money bridge; Intermediary bridge; venues=intermediary; opaque_nonprofit_or_dark_money,2006-01-01,2007-09-13,2007-09-14,2008-12-31,0.9500,observed_prepost_outcome_rows_missing,reviewed_actor_excluded_from_estimation_panel,"reviewed exact-identifier slice from cross-venue adjudication; broader source-product, source-readiness, and calibrated policy-simulation gates remain blocked until row-count, issue-comparability, false-match, and observed pre/post comparison requirements pass; not assigned to treated or comparison group"
hloga-2007-federal-lobbying-disclosure,cand-6d5cb43f8282,reviewed-energy,excluded_no_observed_prepost_window,reviewed exact-ID source systems=IRS/ProPublica dark-money bridge; Intermediary bridge; venues=intermediary; opaque_nonprofit_or_dark_money,2006-01-01,2007-09-13,2007-09-14,2008-12-31,0.9500,observed_prepost_outcome_rows_missing,reviewed_actor_excluded_from_estimation_panel,"reviewed exact-identifier slice from cross-venue adjudication; broader source-product, source-readiness, and calibrated policy-simulation gates remain blocked until row-count, issue-comparability, false-match, and observed pre/post comparison requirements pass; not assigned to treated or comparison group"
hloga-2007-federal-lobbying-disclosure,cand-19d10453154f,reviewed-democracy,excluded_no_observed_prepost_window,reviewed exact-ID source systems=IRS/ProPublica dark-money bridge; Intermediary bridge; venues=intermediary; opaque_nonprofit_or_dark_money,2006-01-01,2007-09-13,2007-09-14,2008-12-31,0.9500,observed_prepost_outcome_rows_missing,reviewed_actor_excluded_from_estimation_panel,"reviewed exact-identifier slice from cross-venue adjudication; broader source-product, source-readiness, and calibrated policy-simulation gates remain blocked until row-count, issue-comparability, false-match, and observed pre/post comparison requirements pass; not assigned to treated or comparison group"
hloga-2007-federal-lobbying-disclosure,cand-19d10453154f,reviewed-energy,excluded_no_observed_prepost_window,reviewed exact-ID source systems=IRS/ProPublica dark-money bridge; Intermediary bridge; venues=intermediary; opaque_nonprofit_or_dark_money,2006-01-01,2007-09-13,2007-09-14,2008-12-31,0.9500,observed_prepost_outcome_rows_missing,reviewed_actor_excluded_from_estimation_panel,"reviewed exact-identifier slice from cross-venue adjudication; broader source-product, source-readiness, and calibrated policy-simulation gates remain blocked until row-count, issue-comparability, false-match, and observed pre/post comparison requirements pass; not assigned to treated or comparison group"
hloga-2007-federal-lobbying-disclosure,cand-19d10453154f,reviewed-finance,excluded_no_observed_prepost_window,reviewed exact-ID source systems=IRS/ProPublica dark-money bridge; Intermediary bridge; venues=intermediary; opaque_nonprofit_or_dark_money,2006-01-01,2007-09-13,2007-09-14,2008-12-31,0.9500,observed_prepost_outcome_rows_missing,reviewed_actor_excluded_from_estimation_panel,"reviewed exact-identifier slice from cross-venue adjudication; broader source-product, source-readiness, and calibrated policy-simulation gates remain blocked until row-count, issue-comparability, false-match, and observed pre/post comparison requirements pass; not assigned to treated or comparison group"
hloga-2007-federal-lobbying-disclosure,cand-ecb36ee150f1,reviewed-democracy,excluded_no_observed_prepost_window,reviewed exact-ID source systems=IRS/ProPublica dark-money bridge; Intermediary bridge; venues=intermediary; opaque_nonprofit_or_dark_money,2006-01-01,2007-09-13,2007-09-14,2008-12-31,0.9500,observed_prepost_outcome_rows_missing,reviewed_actor_excluded_from_estimation_panel,"reviewed exact-identifier slice from cross-venue adjudication; broader source-product, source-readiness, and calibrated policy-simulation gates remain blocked until row-count, issue-comparability, false-match, and observed pre/post comparison requirements pass; not assigned to treated or comparison group"
hloga-2007-federal-lobbying-disclosure,cand-cf3bfcd283a6,reviewed-energy,excluded_no_observed_prepost_window,reviewed exact-ID source systems=IRS/ProPublica dark-money bridge; Intermediary bridge; venues=intermediary; opaque_nonprofit_or_dark_money,2006-01-01,2007-09-13,2007-09-14,2008-12-31,0.9500,observed_prepost_outcome_rows_missing,reviewed_actor_excluded_from_estimation_panel,"reviewed exact-identifier slice from cross-venue adjudication; broader source-product, source-readiness, and calibrated policy-simulation gates remain blocked until row-count, issue-comparability, false-match, and observed pre/post comparison requirements pass; not assigned to treated or comparison group"
hloga-2007-federal-lobbying-disclosure,cand-2a2f7643b85b,reviewed-democracy,excluded_no_observed_prepost_window,reviewed exact-ID source systems=IRS/ProPublica dark-money bridge; Intermediary bridge; venues=intermediary; opaque_nonprofit_or_dark_money,2006-01-01,2007-09-13,2007-09-14,2008-12-31,0.9500,observed_prepost_outcome_rows_missing,reviewed_actor_excluded_from_estimation_panel,"reviewed exact-identifier slice from cross-venue adjudication; broader source-product, source-readiness, and calibrated policy-simulation gates remain blocked until row-count, issue-comparability, false-match, and observed pre/post comparison requirements pass; not assigned to treated or comparison group"
hloga-2007-federal-lobbying-disclosure,cand-3b1e1ffa0df0,reviewed-democracy,excluded_no_observed_prepost_window,reviewed exact-ID source systems=IRS/ProPublica dark-money bridge; Intermediary bridge; venues=intermediary; opaque_nonprofit_or_dark_money,2006-01-01,2007-09-13,2007-09-14,2008-12-31,0.9500,observed_prepost_outcome_rows_missing,reviewed_actor_excluded_from_estimation_panel,"reviewed exact-identifier slice from cross-venue adjudication; broader source-product, source-readiness, and calibrated policy-simulation gates remain blocked until row-count, issue-comparability, false-match, and observed pre/post comparison requirements pass; not assigned to treated or comparison group"
hloga-2007-federal-lobbying-disclosure,cand-b9e3b9be6673,reviewed-democracy,excluded_no_observed_prepost_window,reviewed exact-ID source systems=IRS/ProPublica dark-money bridge; Intermediary bridge; venues=intermediary; opaque_nonprofit_or_dark_money,2006-01-01,2007-09-13,2007-09-14,2008-12-31,0.9500,observed_prepost_outcome_rows_missing,reviewed_actor_excluded_from_estimation_panel,"reviewed exact-identifier slice from cross-venue adjudication; broader source-product, source-readiness, and calibrated policy-simulation gates remain blocked until row-count, issue-comparability, false-match, and observed pre/post comparison requirements pass; not assigned to treated or comparison group"
hloga-2007-federal-lobbying-disclosure,cand-067ab1f0b704,reviewed-democracy,excluded_no_observed_prepost_window,reviewed exact-ID source systems=IRS/ProPublica dark-money bridge; Intermediary bridge; venues=intermediary; opaque_nonprofit_or_dark_money,2006-01-01,2007-09-13,2007-09-14,2008-12-31,0.9500,observed_prepost_outcome_rows_missing,reviewed_actor_excluded_from_estimation_panel,"reviewed exact-identifier slice from cross-venue adjudication; broader source-product, source-readiness, and calibrated policy-simulation gates remain blocked until row-count, issue-comparability, false-match, and observed pre/post comparison requirements pass; not assigned to treated or comparison group"
hloga-2007-federal-lobbying-disclosure,cand-1fd20eda2d60,reviewed-democracy,excluded_no_observed_prepost_window,reviewed exact-ID source systems=IRS/ProPublica dark-money bridge; Intermediary bridge; venues=intermediary; opaque_nonprofit_or_dark_money,2006-01-01,2007-09-13,2007-09-14,2008-12-31,0.9500,observed_prepost_outcome_rows_missing,reviewed_actor_excluded_from_estimation_panel,"reviewed exact-identifier slice from cross-venue adjudication; broader source-product, source-readiness, and calibrated policy-simulation gates remain blocked until row-count, issue-comparability, false-match, and observed pre/post comparison requirements pass; not assigned to treated or comparison group"
hloga-2007-federal-lobbying-disclosure,cand-be7ae305322e,reviewed-democracy,excluded_no_observed_prepost_window,reviewed exact-ID source systems=IRS/ProPublica dark-money bridge; Intermediary bridge; venues=intermediary; opaque_nonprofit_or_dark_money,2006-01-01,2007-09-13,2007-09-14,2008-12-31,0.9500,observed_prepost_outcome_rows_missing,reviewed_actor_excluded_from_estimation_panel,"reviewed exact-identifier slice from cross-venue adjudication; broader source-product, source-readiness, and calibrated policy-simulation gates remain blocked until row-count, issue-comparability, false-match, and observed pre/post comparison requirements pass; not assigned to treated or comparison group"
hloga-2007-federal-lobbying-disclosure,cand-7348bd0c6322,reviewed-democracy,excluded_no_observed_prepost_window,reviewed exact-ID source systems=IRS/ProPublica dark-money bridge; Intermediary bridge; venues=intermediary; opaque_nonprofit_or_dark_money,2006-01-01,2007-09-13,2007-09-14,2008-12-31,0.9500,observed_prepost_outcome_rows_missing,reviewed_actor_excluded_from_estimation_panel,"reviewed exact-identifier slice from cross-venue adjudication; broader source-product, source-readiness, and calibrated policy-simulation gates remain blocked until row-count, issue-comparability, false-match, and observed pre/post comparison requirements pass; not assigned to treated or comparison group"
hloga-2007-federal-lobbying-disclosure,cand-87fc48721187,reviewed-democracy,excluded_no_observed_prepost_window,reviewed exact-ID source systems=IRS/ProPublica dark-money bridge; Intermediary bridge; venues=intermediary; opaque_nonprofit_or_dark_money,2006-01-01,2007-09-13,2007-09-14,2008-12-31,0.9500,observed_prepost_outcome_rows_missing,reviewed_actor_excluded_from_estimation_panel,"reviewed exact-identifier slice from cross-venue adjudication; broader source-product, source-readiness, and calibrated policy-simulation gates remain blocked until row-count, issue-comparability, false-match, and observed pre/post comparison requirements pass; not assigned to treated or comparison group"
hloga-2007-federal-lobbying-disclosure,cand-7d0de965448d,reviewed-democracy,excluded_no_observed_prepost_window,reviewed exact-ID source systems=IRS/ProPublica dark-money bridge; Intermediary bridge; venues=intermediary; opaque_nonprofit_or_dark_money,2006-01-01,2007-09-13,2007-09-14,2008-12-31,0.9500,observed_prepost_outcome_rows_missing,reviewed_actor_excluded_from_estimation_panel,"reviewed exact-identifier slice from cross-venue adjudication; broader source-product, source-readiness, and calibrated policy-simulation gates remain blocked until row-count, issue-comparability, false-match, and observed pre/post comparison requirements pass; not assigned to treated or comparison group"
hloga-2007-federal-lobbying-disclosure,cand-a535bfd70063,reviewed-democracy,excluded_no_observed_prepost_window,reviewed exact-ID source systems=IRS/ProPublica dark-money bridge; Intermediary bridge; venues=intermediary; opaque_nonprofit_or_dark_money,2006-01-01,2007-09-13,2007-09-14,2008-12-31,0.9500,observed_prepost_outcome_rows_missing,reviewed_actor_excluded_from_estimation_panel,"reviewed exact-identifier slice from cross-venue adjudication; broader source-product, source-readiness, and calibrated policy-simulation gates remain blocked until row-count, issue-comparability, false-match, and observed pre/post comparison requirements pass; not assigned to treated or comparison group"
hloga-2007-federal-lobbying-disclosure,cand-a3cec1110cd8,reviewed-democracy,excluded_no_observed_prepost_window,reviewed exact-ID source systems=IRS/ProPublica dark-money bridge; Intermediary bridge; venues=intermediary; opaque_nonprofit_or_dark_money,2006-01-01,2007-09-13,2007-09-14,2008-12-31,0.9500,observed_prepost_outcome_rows_missing,reviewed_actor_excluded_from_estimation_panel,"reviewed exact-identifier slice from cross-venue adjudication; broader source-product, source-readiness, and calibrated policy-simulation gates remain blocked until row-count, issue-comparability, false-match, and observed pre/post comparison requirements pass; not assigned to treated or comparison group"
hloga-2007-federal-lobbying-disclosure,cand-e01d25306095,reviewed-democracy,excluded_no_observed_prepost_window,reviewed exact-ID source systems=IRS/ProPublica dark-money bridge; Intermediary bridge; venues=intermediary; opaque_nonprofit_or_dark_money,2006-01-01,2007-09-13,2007-09-14,2008-12-31,0.9500,observed_prepost_outcome_rows_missing,reviewed_actor_excluded_from_estimation_panel,"reviewed exact-identifier slice from cross-venue adjudication; broader source-product, source-readiness, and calibrated policy-simulation gates remain blocked until row-count, issue-comparability, false-match, and observed pre/post comparison requirements pass; not assigned to treated or comparison group"
hloga-2007-federal-lobbying-disclosure,cand-93c28747dbe8,reviewed-democracy,excluded_no_observed_prepost_window,reviewed exact-ID source systems=IRS/ProPublica dark-money bridge; Intermediary bridge; venues=intermediary; opaque_nonprofit_or_dark_money,2006-01-01,2007-09-13,2007-09-14,2008-12-31,0.9500,observed_prepost_outcome_rows_missing,reviewed_actor_excluded_from_estimation_panel,"reviewed exact-identifier slice from cross-venue adjudication; broader source-product, source-readiness, and calibrated policy-simulation gates remain blocked until row-count, issue-comparability, false-match, and observed pre/post comparison requirements pass; not assigned to treated or comparison group"
hloga-2007-federal-lobbying-disclosure,cand-7870fdc4e2b3,reviewed-democracy,excluded_no_observed_prepost_window,reviewed exact-ID source systems=IRS/ProPublica dark-money bridge; Intermediary bridge; venues=intermediary; opaque_nonprofit_or_dark_money,2006-01-01,2007-09-13,2007-09-14,2008-12-31,0.9500,observed_prepost_outcome_rows_missing,reviewed_actor_excluded_from_estimation_panel,"reviewed exact-identifier slice from cross-venue adjudication; broader source-product, source-readiness, and calibrated policy-simulation gates remain blocked until row-count, issue-comparability, false-match, and observed pre/post comparison requirements pass; not assigned to treated or comparison group"
hloga-2007-federal-lobbying-disclosure,cand-b9471c6446f3,reviewed-democracy,excluded_no_observed_prepost_window,reviewed exact-ID source systems=IRS/ProPublica dark-money bridge; Intermediary bridge; venues=intermediary; opaque_nonprofit_or_dark_money,2006-01-01,2007-09-13,2007-09-14,2008-12-31,0.9500,observed_prepost_outcome_rows_missing,reviewed_actor_excluded_from_estimation_panel,"reviewed exact-identifier slice from cross-venue adjudication; broader source-product, source-readiness, and calibrated policy-simulation gates remain blocked until row-count, issue-comparability, false-match, and observed pre/post comparison requirements pass; not assigned to treated or comparison group"
hloga-2007-federal-lobbying-disclosure,cand-39a4ab767128,reviewed-democracy,excluded_no_observed_prepost_window,reviewed exact-ID source systems=IRS/ProPublica dark-money bridge; Intermediary bridge; venues=intermediary; opaque_nonprofit_or_dark_money,2006-01-01,2007-09-13,2007-09-14,2008-12-31,0.9500,observed_prepost_outcome_rows_missing,reviewed_actor_excluded_from_estimation_panel,"reviewed exact-identifier slice from cross-venue adjudication; broader source-product, source-readiness, and calibrated policy-simulation gates remain blocked until row-count, issue-comparability, false-match, and observed pre/post comparison requirements pass; not assigned to treated or comparison group"
hloga-2007-federal-lobbying-disclosure,cand-cfda01fb0508,reviewed-democracy,excluded_no_observed_prepost_window,reviewed exact-ID source systems=IRS/ProPublica dark-money bridge; Intermediary bridge; venues=intermediary; opaque_nonprofit_or_dark_money,2006-01-01,2007-09-13,2007-09-14,2008-12-31,0.9500,observed_prepost_outcome_rows_missing,reviewed_actor_excluded_from_estimation_panel,"reviewed exact-identifier slice from cross-venue adjudication; broader source-product, source-readiness, and calibrated policy-simulation gates remain blocked until row-count, issue-comparability, false-match, and observed pre/post comparison requirements pass; not assigned to treated or comparison group"
hloga-2007-federal-lobbying-disclosure,cand-15fe5dc95135,reviewed-democracy,excluded_no_observed_prepost_window,reviewed exact-ID source systems=IRS/ProPublica dark-money bridge; Intermediary bridge; venues=intermediary; opaque_nonprofit_or_dark_money,2006-01-01,2007-09-13,2007-09-14,2008-12-31,0.9500,observed_prepost_outcome_rows_missing,reviewed_actor_excluded_from_estimation_panel,"reviewed exact-identifier slice from cross-venue adjudication; broader source-product, source-readiness, and calibrated policy-simulation gates remain blocked until row-count, issue-comparability, false-match, and observed pre/post comparison requirements pass; not assigned to treated or comparison group"
hloga-2007-federal-lobbying-disclosure,cand-7407cb4755b7,reviewed-democracy,excluded_no_observed_prepost_window,reviewed exact-ID source systems=IRS/ProPublica dark-money bridge; Intermediary bridge; venues=intermediary; opaque_nonprofit_or_dark_money,2006-01-01,2007-09-13,2007-09-14,2008-12-31,0.9500,observed_prepost_outcome_rows_missing,reviewed_actor_excluded_from_estimation_panel,"reviewed exact-identifier slice from cross-venue adjudication; broader source-product, source-readiness, and calibrated policy-simulation gates remain blocked until row-count, issue-comparability, false-match, and observed pre/post comparison requirements pass; not assigned to treated or comparison group"
hloga-2007-federal-lobbying-disclosure,cand-b979c216eeb4,reviewed-democracy,excluded_no_observed_prepost_window,reviewed exact-ID source systems=IRS/ProPublica dark-money bridge; Intermediary bridge; venues=intermediary; opaque_nonprofit_or_dark_money,2006-01-01,2007-09-13,2007-09-14,2008-12-31,0.9500,observed_prepost_outcome_rows_missing,reviewed_actor_excluded_from_estimation_panel,"reviewed exact-identifier slice from cross-venue adjudication; broader source-product, source-readiness, and calibrated policy-simulation gates remain blocked until row-count, issue-comparability, false-match, and observed pre/post comparison requirements pass; not assigned to treated or comparison group"
hloga-2007-federal-lobbying-disclosure,cand-3dc63396dfb0,reviewed-democracy,excluded_no_observed_prepost_window,reviewed exact-ID source systems=IRS/ProPublica dark-money bridge; Intermediary bridge; venues=intermediary; opaque_nonprofit_or_dark_money,2006-01-01,2007-09-13,2007-09-14,2008-12-31,0.9500,observed_prepost_outcome_rows_missing,reviewed_actor_excluded_from_estimation_panel,"reviewed exact-identifier slice from cross-venue adjudication; broader source-product, source-readiness, and calibrated policy-simulation gates remain blocked until row-count, issue-comparability, false-match, and observed pre/post comparison requirements pass; not assigned to treated or comparison group"
hloga-2007-federal-lobbying-disclosure,cand-e03552699047,reviewed-democracy,excluded_no_observed_prepost_window,reviewed exact-ID source systems=IRS/ProPublica dark-money bridge; Intermediary bridge; venues=intermediary; opaque_nonprofit_or_dark_money,2006-01-01,2007-09-13,2007-09-14,2008-12-31,0.9500,observed_prepost_outcome_rows_missing,reviewed_actor_excluded_from_estimation_panel,"reviewed exact-identifier slice from cross-venue adjudication; broader source-product, source-readiness, and calibrated policy-simulation gates remain blocked until row-count, issue-comparability, false-match, and observed pre/post comparison requirements pass; not assigned to treated or comparison group"
hloga-2007-federal-lobbying-disclosure,cand-234eb4eee234,reviewed-democracy,excluded_no_observed_prepost_window,reviewed exact-ID source systems=IRS/ProPublica dark-money bridge; Intermediary bridge; venues=intermediary; opaque_nonprofit_or_dark_money,2006-01-01,2007-09-13,2007-09-14,2008-12-31,0.9500,observed_prepost_outcome_rows_missing,reviewed_actor_excluded_from_estimation_panel,"reviewed exact-identifier slice from cross-venue adjudication; broader source-product, source-readiness, and calibrated policy-simulation gates remain blocked until row-count, issue-comparability, false-match, and observed pre/post comparison requirements pass; not assigned to treated or comparison group"
hloga-2007-federal-lobbying-disclosure,cand-ae7307f7f83a,reviewed-democracy,excluded_no_observed_prepost_window,reviewed exact-ID source systems=IRS/ProPublica dark-money bridge; Intermediary bridge; venues=intermediary; opaque_nonprofit_or_dark_money,2006-01-01,2007-09-13,2007-09-14,2008-12-31,0.9500,observed_prepost_outcome_rows_missing,reviewed_actor_excluded_from_estimation_panel,"reviewed exact-identifier slice from cross-venue adjudication; broader source-product, source-readiness, and calibrated policy-simulation gates remain blocked until row-count, issue-comparability, false-match, and observed pre/post comparison requirements pass; not assigned to treated or comparison group"
hloga-2007-federal-lobbying-disclosure,cand-a8c1c6bd3aed,reviewed-democracy,excluded_no_observed_prepost_window,reviewed exact-ID source systems=IRS/ProPublica dark-money bridge; Intermediary bridge; venues=intermediary; opaque_nonprofit_or_dark_money,2006-01-01,2007-09-13,2007-09-14,2008-12-31,0.9500,observed_prepost_outcome_rows_missing,reviewed_actor_excluded_from_estimation_panel,"reviewed exact-identifier slice from cross-venue adjudication; broader source-product, source-readiness, and calibrated policy-simulation gates remain blocked until row-count, issue-comparability, false-match, and observed pre/post comparison requirements pass; not assigned to treated or comparison group"
hloga-2007-federal-lobbying-disclosure,cand-4ff05a7e2f33,reviewed-finance,excluded_no_observed_prepost_window,reviewed exact-ID source systems=IRS/ProPublica dark-money bridge; Intermediary bridge; venues=intermediary; opaque_nonprofit_or_dark_money,2006-01-01,2007-09-13,2007-09-14,2008-12-31,0.9500,observed_prepost_outcome_rows_missing,reviewed_actor_excluded_from_estimation_panel,"reviewed exact-identifier slice from cross-venue adjudication; broader source-product, source-readiness, and calibrated policy-simulation gates remain blocked until row-count, issue-comparability, false-match, and observed pre/post comparison requirements pass; not assigned to treated or comparison group"
hloga-2007-federal-lobbying-disclosure,cand-46e4e3c8a762,reviewed-democracy,excluded_no_observed_prepost_window,reviewed exact-ID source systems=IRS/ProPublica dark-money bridge; Intermediary bridge; venues=intermediary; opaque_nonprofit_or_dark_money,2006-01-01,2007-09-13,2007-09-14,2008-12-31,0.9500,observed_prepost_outcome_rows_missing,reviewed_actor_excluded_from_estimation_panel,"reviewed exact-identifier slice from cross-venue adjudication; broader source-product, source-readiness, and calibrated policy-simulation gates remain blocked until row-count, issue-comparability, false-match, and observed pre/post comparison requirements pass; not assigned to treated or comparison group"
hloga-2007-federal-lobbying-disclosure,cand-8600b0801364,reviewed-democracy,excluded_no_observed_prepost_window,reviewed exact-ID source systems=IRS/ProPublica dark-money bridge; Intermediary bridge; venues=intermediary; opaque_nonprofit_or_dark_money,2006-01-01,2007-09-13,2007-09-14,2008-12-31,0.9500,observed_prepost_outcome_rows_missing,reviewed_actor_excluded_from_estimation_panel,"reviewed exact-identifier slice from cross-venue adjudication; broader source-product, source-readiness, and calibrated policy-simulation gates remain blocked until row-count, issue-comparability, false-match, and observed pre/post comparison requirements pass; not assigned to treated or comparison group"
hloga-2007-federal-lobbying-disclosure,cand-8456cf7994f3,reviewed-democracy,excluded_no_observed_prepost_window,reviewed exact-ID source systems=IRS/ProPublica dark-money bridge; Intermediary bridge; venues=intermediary; opaque_nonprofit_or_dark_money,2006-01-01,2007-09-13,2007-09-14,2008-12-31,0.9500,observed_prepost_outcome_rows_missing,reviewed_actor_excluded_from_estimation_panel,"reviewed exact-identifier slice from cross-venue adjudication; broader source-product, source-readiness, and calibrated policy-simulation gates remain blocked until row-count, issue-comparability, false-match, and observed pre/post comparison requirements pass; not assigned to treated or comparison group"
hloga-2007-federal-lobbying-disclosure,cand-347539e51be8,reviewed-democracy,excluded_no_observed_prepost_window,reviewed exact-ID source systems=IRS/ProPublica dark-money bridge; Intermediary bridge; venues=intermediary; opaque_nonprofit_or_dark_money,2006-01-01,2007-09-13,2007-09-14,2008-12-31,0.9500,observed_prepost_outcome_rows_missing,reviewed_actor_excluded_from_estimation_panel,"reviewed exact-identifier slice from cross-venue adjudication; broader source-product, source-readiness, and calibrated policy-simulation gates remain blocked until row-count, issue-comparability, false-match, and observed pre/post comparison requirements pass; not assigned to treated or comparison group"
hloga-2007-federal-lobbying-disclosure,cand-347539e51be8,reviewed-energy,excluded_no_observed_prepost_window,reviewed exact-ID source systems=IRS/ProPublica dark-money bridge; Intermediary bridge; venues=intermediary; opaque_nonprofit_or_dark_money,2006-01-01,2007-09-13,2007-09-14,2008-12-31,0.9500,observed_prepost_outcome_rows_missing,reviewed_actor_excluded_from_estimation_panel,"reviewed exact-identifier slice from cross-venue adjudication; broader source-product, source-readiness, and calibrated policy-simulation gates remain blocked until row-count, issue-comparability, false-match, and observed pre/post comparison requirements pass; not assigned to treated or comparison group"
hloga-2007-federal-lobbying-disclosure,cand-58893355e0ae,reviewed-democracy,excluded_no_observed_prepost_window,reviewed exact-ID source systems=IRS/ProPublica dark-money bridge; Intermediary bridge; venues=intermediary; opaque_nonprofit_or_dark_money,2006-01-01,2007-09-13,2007-09-14,2008-12-31,0.9500,observed_prepost_outcome_rows_missing,reviewed_actor_excluded_from_estimation_panel,"reviewed exact-identifier slice from cross-venue adjudication; broader source-product, source-readiness, and calibrated policy-simulation gates remain blocked until row-count, issue-comparability, false-match, and observed pre/post comparison requirements pass; not assigned to treated or comparison group"
hloga-2007-federal-lobbying-disclosure,cand-c7fa21da700d,reviewed-democracy,excluded_no_observed_prepost_window,reviewed exact-ID source systems=IRS/ProPublica dark-money bridge; Intermediary bridge; venues=intermediary; opaque_nonprofit_or_dark_money,2006-01-01,2007-09-13,2007-09-14,2008-12-31,0.9500,observed_prepost_outcome_rows_missing,reviewed_actor_excluded_from_estimation_panel,"reviewed exact-identifier slice from cross-venue adjudication; broader source-product, source-readiness, and calibrated policy-simulation gates remain blocked until row-count, issue-comparability, false-match, and observed pre/post comparison requirements pass; not assigned to treated or comparison group"
hloga-2007-federal-lobbying-disclosure,cand-5383585bfd30,reviewed-democracy,excluded_no_observed_prepost_window,reviewed exact-ID source systems=IRS/ProPublica dark-money bridge; Intermediary bridge; venues=intermediary; opaque_nonprofit_or_dark_money,2006-01-01,2007-09-13,2007-09-14,2008-12-31,0.9500,observed_prepost_outcome_rows_missing,reviewed_actor_excluded_from_estimation_panel,"reviewed exact-identifier slice from cross-venue adjudication; broader source-product, source-readiness, and calibrated policy-simulation gates remain blocked until row-count, issue-comparability, false-match, and observed pre/post comparison requirements pass; not assigned to treated or comparison group"
hloga-2007-federal-lobbying-disclosure,cand-efa81097becf,reviewed-democracy,excluded_no_observed_prepost_window,reviewed exact-ID source systems=IRS/ProPublica dark-money bridge; Intermediary bridge; venues=intermediary; opaque_nonprofit_or_dark_money,2006-01-01,2007-09-13,2007-09-14,2008-12-31,0.9500,observed_prepost_outcome_rows_missing,reviewed_actor_excluded_from_estimation_panel,"reviewed exact-identifier slice from cross-venue adjudication; broader source-product, source-readiness, and calibrated policy-simulation gates remain blocked until row-count, issue-comparability, false-match, and observed pre/post comparison requirements pass; not assigned to treated or comparison group"
hloga-2007-federal-lobbying-disclosure,cand-8959689fb938,reviewed-energy,excluded_no_observed_prepost_window,reviewed exact-ID source systems=IRS/ProPublica dark-money bridge; Intermediary bridge; venues=intermediary; opaque_nonprofit_or_dark_money,2006-01-01,2007-09-13,2007-09-14,2008-12-31,0.9500,observed_prepost_outcome_rows_missing,reviewed_actor_excluded_from_estimation_panel,"reviewed exact-identifier slice from cross-venue adjudication; broader source-product, source-readiness, and calibrated policy-simulation gates remain blocked until row-count, issue-comparability, false-match, and observed pre/post comparison requirements pass; not assigned to treated or comparison group"
hloga-2007-federal-lobbying-disclosure,cand-dbfa191e20b0,reviewed-democracy,excluded_no_observed_prepost_window,reviewed exact-ID source systems=IRS/ProPublica dark-money bridge; Intermediary bridge; venues=intermediary; opaque_nonprofit_or_dark_money,2006-01-01,2007-09-13,2007-09-14,2008-12-31,0.9500,observed_prepost_outcome_rows_missing,reviewed_actor_excluded_from_estimation_panel,"reviewed exact-identifier slice from cross-venue adjudication; broader source-product, source-readiness, and calibrated policy-simulation gates remain blocked until row-count, issue-comparability, false-match, and observed pre/post comparison requirements pass; not assigned to treated or comparison group"
hloga-2007-federal-lobbying-disclosure,cand-e92edda1ce9d,reviewed-democracy,excluded_no_observed_prepost_window,reviewed exact-ID source systems=IRS/ProPublica dark-money bridge; Intermediary bridge; venues=intermediary; opaque_nonprofit_or_dark_money,2006-01-01,2007-09-13,2007-09-14,2008-12-31,0.9500,observed_prepost_outcome_rows_missing,reviewed_actor_excluded_from_estimation_panel,"reviewed exact-identifier slice from cross-venue adjudication; broader source-product, source-readiness, and calibrated policy-simulation gates remain blocked until row-count, issue-comparability, false-match, and observed pre/post comparison requirements pass; not assigned to treated or comparison group"
hloga-2007-federal-lobbying-disclosure,cand-0b4f3fdf9171,reviewed-democracy,excluded_no_observed_prepost_window,reviewed exact-ID source systems=IRS/ProPublica dark-money bridge; Intermediary bridge; venues=intermediary; opaque_nonprofit_or_dark_money,2006-01-01,2007-09-13,2007-09-14,2008-12-31,0.9500,observed_prepost_outcome_rows_missing,reviewed_actor_excluded_from_estimation_panel,"reviewed exact-identifier slice from cross-venue adjudication; broader source-product, source-readiness, and calibrated policy-simulation gates remain blocked until row-count, issue-comparability, false-match, and observed pre/post comparison requirements pass; not assigned to treated or comparison group"
hloga-2007-federal-lobbying-disclosure,cand-8b08589d4bea,reviewed-democracy,excluded_no_observed_prepost_window,reviewed exact-ID source systems=IRS/ProPublica dark-money bridge; Intermediary bridge; venues=intermediary; opaque_nonprofit_or_dark_money,2006-01-01,2007-09-13,2007-09-14,2008-12-31,0.9500,observed_prepost_outcome_rows_missing,reviewed_actor_excluded_from_estimation_panel,"reviewed exact-identifier slice from cross-venue adjudication; broader source-product, source-readiness, and calibrated policy-simulation gates remain blocked until row-count, issue-comparability, false-match, and observed pre/post comparison requirements pass; not assigned to treated or comparison group"
hloga-2007-federal-lobbying-disclosure,cand-a45f3d18f26f,reviewed-technology,excluded_no_observed_prepost_window,reviewed exact-ID source systems=IRS/ProPublica dark-money bridge; Intermediary bridge; venues=intermediary; opaque_nonprofit_or_dark_money,2006-01-01,2007-09-13,2007-09-14,2008-12-31,0.9500,observed_prepost_outcome_rows_missing,reviewed_actor_excluded_from_estimation_panel,"reviewed exact-identifier slice from cross-venue adjudication; broader source-product, source-readiness, and calibrated policy-simulation gates remain blocked until row-count, issue-comparability, false-match, and observed pre/post comparison requirements pass; not assigned to treated or comparison group"
hloga-2007-federal-lobbying-disclosure,cand-65c538d6d1f7,reviewed-energy,excluded_no_observed_prepost_window,reviewed exact-ID source systems=IRS/ProPublica dark-money bridge; Intermediary bridge; venues=intermediary; opaque_nonprofit_or_dark_money,2006-01-01,2007-09-13,2007-09-14,2008-12-31,0.9500,observed_prepost_outcome_rows_missing,reviewed_actor_excluded_from_estimation_panel,"reviewed exact-identifier slice from cross-venue adjudication; broader source-product, source-readiness, and calibrated policy-simulation gates remain blocked until row-count, issue-comparability, false-match, and observed pre/post comparison requirements pass; not assigned to treated or comparison group"
hloga-2007-federal-lobbying-disclosure,cand-3b551f7a0d2a,reviewed-democracy,excluded_no_observed_prepost_window,reviewed exact-ID source systems=IRS/ProPublica dark-money bridge; Intermediary bridge; venues=intermediary; opaque_nonprofit_or_dark_money,2006-01-01,2007-09-13,2007-09-14,2008-12-31,0.9500,observed_prepost_outcome_rows_missing,reviewed_actor_excluded_from_estimation_panel,"reviewed exact-identifier slice from cross-venue adjudication; broader source-product, source-readiness, and calibrated policy-simulation gates remain blocked until row-count, issue-comparability, false-match, and observed pre/post comparison requirements pass; not assigned to treated or comparison group"
hloga-2007-federal-lobbying-disclosure,cand-baaa9163632b,reviewed-democracy,excluded_no_observed_prepost_window,reviewed exact-ID source systems=IRS/ProPublica dark-money bridge; Intermediary bridge; venues=intermediary; opaque_nonprofit_or_dark_money,2006-01-01,2007-09-13,2007-09-14,2008-12-31,0.9500,observed_prepost_outcome_rows_missing,reviewed_actor_excluded_from_estimation_panel,"reviewed exact-identifier slice from cross-venue adjudication; broader source-product, source-readiness, and calibrated policy-simulation gates remain blocked until row-count, issue-comparability, false-match, and observed pre/post comparison requirements pass; not assigned to treated or comparison group"
hloga-2007-federal-lobbying-disclosure,cand-6be3489ca5f7,reviewed-democracy,excluded_no_observed_prepost_window,reviewed exact-ID source systems=IRS/ProPublica dark-money bridge; Intermediary bridge; venues=intermediary; opaque_nonprofit_or_dark_money,2006-01-01,2007-09-13,2007-09-14,2008-12-31,0.9500,observed_prepost_outcome_rows_missing,reviewed_actor_excluded_from_estimation_panel,"reviewed exact-identifier slice from cross-venue adjudication; broader source-product, source-readiness, and calibrated policy-simulation gates remain blocked until row-count, issue-comparability, false-match, and observed pre/post comparison requirements pass; not assigned to treated or comparison group"
hloga-2007-federal-lobbying-disclosure,cand-e3422eb2785e,reviewed-democracy,excluded_no_observed_prepost_window,reviewed exact-ID source systems=IRS/ProPublica dark-money bridge; Intermediary bridge; venues=intermediary; opaque_nonprofit_or_dark_money,2006-01-01,2007-09-13,2007-09-14,2008-12-31,0.9500,observed_prepost_outcome_rows_missing,reviewed_actor_excluded_from_estimation_panel,"reviewed exact-identifier slice from cross-venue adjudication; broader source-product, source-readiness, and calibrated policy-simulation gates remain blocked until row-count, issue-comparability, false-match, and observed pre/post comparison requirements pass; not assigned to treated or comparison group"
hloga-2007-federal-lobbying-disclosure,cand-b743102d6ac5,reviewed-democracy,excluded_no_observed_prepost_window,reviewed exact-ID source systems=IRS/ProPublica dark-money bridge; Intermediary bridge; venues=intermediary; opaque_nonprofit_or_dark_money,2006-01-01,2007-09-13,2007-09-14,2008-12-31,0.9500,observed_prepost_outcome_rows_missing,reviewed_actor_excluded_from_estimation_panel,"reviewed exact-identifier slice from cross-venue adjudication; broader source-product, source-readiness, and calibrated policy-simulation gates remain blocked until row-count, issue-comparability, false-match, and observed pre/post comparison requirements pass; not assigned to treated or comparison group"
hloga-2007-federal-lobbying-disclosure,cand-df6c72253d8e,reviewed-democracy,excluded_no_observed_prepost_window,reviewed exact-ID source systems=IRS/ProPublica dark-money bridge; Intermediary bridge; venues=intermediary; opaque_nonprofit_or_dark_money,2006-01-01,2007-09-13,2007-09-14,2008-12-31,0.9500,observed_prepost_outcome_rows_missing,reviewed_actor_excluded_from_estimation_panel,"reviewed exact-identifier slice from cross-venue adjudication; broader source-product, source-readiness, and calibrated policy-simulation gates remain blocked until row-count, issue-comparability, false-match, and observed pre/post comparison requirements pass; not assigned to treated or comparison group"
hloga-2007-federal-lobbying-disclosure,cand-5058c0d3892a,reviewed-democracy,excluded_no_observed_prepost_window,reviewed exact-ID source systems=IRS/ProPublica dark-money bridge; Intermediary bridge; venues=intermediary; opaque_nonprofit_or_dark_money,2006-01-01,2007-09-13,2007-09-14,2008-12-31,0.9500,observed_prepost_outcome_rows_missing,reviewed_actor_excluded_from_estimation_panel,"reviewed exact-identifier slice from cross-venue adjudication; broader source-product, source-readiness, and calibrated policy-simulation gates remain blocked until row-count, issue-comparability, false-match, and observed pre/post comparison requirements pass; not assigned to treated or comparison group"
hloga-2007-federal-lobbying-disclosure,cand-c6dda9874e7a,reviewed-democracy,excluded_no_observed_prepost_window,reviewed exact-ID source systems=IRS/ProPublica dark-money bridge; Intermediary bridge; venues=intermediary; opaque_nonprofit_or_dark_money,2006-01-01,2007-09-13,2007-09-14,2008-12-31,0.9500,observed_prepost_outcome_rows_missing,reviewed_actor_excluded_from_estimation_panel,"reviewed exact-identifier slice from cross-venue adjudication; broader source-product, source-readiness, and calibrated policy-simulation gates remain blocked until row-count, issue-comparability, false-match, and observed pre/post comparison requirements pass; not assigned to treated or comparison group"
hloga-2007-federal-lobbying-disclosure,cand-b71ba00d1496,reviewed-democracy,excluded_no_observed_prepost_window,reviewed exact-ID source systems=IRS/ProPublica dark-money bridge; Intermediary bridge; venues=intermediary; opaque_nonprofit_or_dark_money,2006-01-01,2007-09-13,2007-09-14,2008-12-31,0.9500,observed_prepost_outcome_rows_missing,reviewed_actor_excluded_from_estimation_panel,"reviewed exact-identifier slice from cross-venue adjudication; broader source-product, source-readiness, and calibrated policy-simulation gates remain blocked until row-count, issue-comparability, false-match, and observed pre/post comparison requirements pass; not assigned to treated or comparison group"
hloga-2007-federal-lobbying-disclosure,cand-5ff5e0f1faa2,reviewed-democracy,excluded_no_observed_prepost_window,reviewed exact-ID source systems=IRS/ProPublica dark-money bridge; Intermediary bridge; venues=intermediary; opaque_nonprofit_or_dark_money,2006-01-01,2007-09-13,2007-09-14,2008-12-31,0.9500,observed_prepost_outcome_rows_missing,reviewed_actor_excluded_from_estimation_panel,"reviewed exact-identifier slice from cross-venue adjudication; broader source-product, source-readiness, and calibrated policy-simulation gates remain blocked until row-count, issue-comparability, false-match, and observed pre/post comparison requirements pass; not assigned to treated or comparison group"
hloga-2007-federal-lobbying-disclosure,cand-ac3e99c31f4b,reviewed-democracy,excluded_no_observed_prepost_window,reviewed exact-ID source systems=IRS/ProPublica dark-money bridge; Intermediary bridge; venues=intermediary; opaque_nonprofit_or_dark_money,2006-01-01,2007-09-13,2007-09-14,2008-12-31,0.9500,observed_prepost_outcome_rows_missing,reviewed_actor_excluded_from_estimation_panel,"reviewed exact-identifier slice from cross-venue adjudication; broader source-product, source-readiness, and calibrated policy-simulation gates remain blocked until row-count, issue-comparability, false-match, and observed pre/post comparison requirements pass; not assigned to treated or comparison group"
hloga-2007-federal-lobbying-disclosure,cand-cb00df762e1f,reviewed-finance,excluded_no_observed_prepost_window,reviewed exact-ID source systems=IRS/ProPublica dark-money bridge; Intermediary bridge; venues=intermediary; opaque_nonprofit_or_dark_money,2006-01-01,2007-09-13,2007-09-14,2008-12-31,0.9500,observed_prepost_outcome_rows_missing,reviewed_actor_excluded_from_estimation_panel,"reviewed exact-identifier slice from cross-venue adjudication; broader source-product, source-readiness, and calibrated policy-simulation gates remain blocked until row-count, issue-comparability, false-match, and observed pre/post comparison requirements pass; not assigned to treated or comparison group"
hloga-2007-federal-lobbying-disclosure,cand-7223b22ffda1,reviewed-finance,excluded_no_observed_prepost_window,reviewed exact-ID source systems=IRS/ProPublica dark-money bridge; Intermediary bridge; venues=intermediary; opaque_nonprofit_or_dark_money,2006-01-01,2007-09-13,2007-09-14,2008-12-31,0.9500,observed_prepost_outcome_rows_missing,reviewed_actor_excluded_from_estimation_panel,"reviewed exact-identifier slice from cross-venue adjudication; broader source-product, source-readiness, and calibrated policy-simulation gates remain blocked until row-count, issue-comparability, false-match, and observed pre/post comparison requirements pass; not assigned to treated or comparison group"
hloga-2007-federal-lobbying-disclosure,cand-18542109f41f,reviewed-finance,excluded_no_observed_prepost_window,reviewed exact-ID source systems=IRS/ProPublica dark-money bridge; Intermediary bridge; venues=intermediary; opaque_nonprofit_or_dark_money,2006-01-01,2007-09-13,2007-09-14,2008-12-31,0.9500,observed_prepost_outcome_rows_missing,reviewed_actor_excluded_from_estimation_panel,"reviewed exact-identifier slice from cross-venue adjudication; broader source-product, source-readiness, and calibrated policy-simulation gates remain blocked until row-count, issue-comparability, false-match, and observed pre/post comparison requirements pass; not assigned to treated or comparison group"
hloga-2007-federal-lobbying-disclosure,cand-2cff623c3dc2,reviewed-finance,excluded_no_observed_prepost_window,reviewed exact-ID source systems=IRS/ProPublica dark-money bridge; Intermediary bridge; venues=intermediary; opaque_nonprofit_or_dark_money,2006-01-01,2007-09-13,2007-09-14,2008-12-31,0.9500,observed_prepost_outcome_rows_missing,reviewed_actor_excluded_from_estimation_panel,"reviewed exact-identifier slice from cross-venue adjudication; broader source-product, source-readiness, and calibrated policy-simulation gates remain blocked until row-count, issue-comparability, false-match, and observed pre/post comparison requirements pass; not assigned to treated or comparison group"
hloga-2007-federal-lobbying-disclosure,cand-85a0e6bda2e1,reviewed-democracy,excluded_no_observed_prepost_window,reviewed exact-ID source systems=IRS/ProPublica dark-money bridge; Intermediary bridge; venues=intermediary; opaque_nonprofit_or_dark_money,2006-01-01,2007-09-13,2007-09-14,2008-12-31,0.9500,observed_prepost_outcome_rows_missing,reviewed_actor_excluded_from_estimation_panel,"reviewed exact-identifier slice from cross-venue adjudication; broader source-product, source-readiness, and calibrated policy-simulation gates remain blocked until row-count, issue-comparability, false-match, and observed pre/post comparison requirements pass; not assigned to treated or comparison group"
hloga-2007-federal-lobbying-disclosure,cand-0678168fbf9b,reviewed-democracy,excluded_no_observed_prepost_window,reviewed exact-ID source systems=IRS/ProPublica dark-money bridge; Intermediary bridge; venues=intermediary; opaque_nonprofit_or_dark_money,2006-01-01,2007-09-13,2007-09-14,2008-12-31,0.9500,observed_prepost_outcome_rows_missing,reviewed_actor_excluded_from_estimation_panel,"reviewed exact-identifier slice from cross-venue adjudication; broader source-product, source-readiness, and calibrated policy-simulation gates remain blocked until row-count, issue-comparability, false-match, and observed pre/post comparison requirements pass; not assigned to treated or comparison group"
hloga-2007-federal-lobbying-disclosure,cand-ddb5d545257a,reviewed-democracy,excluded_no_observed_prepost_window,reviewed exact-ID source systems=IRS/ProPublica dark-money bridge; Intermediary bridge; venues=intermediary; opaque_nonprofit_or_dark_money,2006-01-01,2007-09-13,2007-09-14,2008-12-31,0.9500,observed_prepost_outcome_rows_missing,reviewed_actor_excluded_from_estimation_panel,"reviewed exact-identifier slice from cross-venue adjudication; broader source-product, source-readiness, and calibrated policy-simulation gates remain blocked until row-count, issue-comparability, false-match, and observed pre/post comparison requirements pass; not assigned to treated or comparison group"
hloga-2007-federal-lobbying-disclosure,cand-daf754ed1e53,reviewed-democracy,excluded_no_observed_prepost_window,reviewed exact-ID source systems=IRS/ProPublica dark-money bridge; Intermediary bridge; venues=intermediary; opaque_nonprofit_or_dark_money,2006-01-01,2007-09-13,2007-09-14,2008-12-31,0.9500,observed_prepost_outcome_rows_missing,reviewed_actor_excluded_from_estimation_panel,"reviewed exact-identifier slice from cross-venue adjudication; broader source-product, source-readiness, and calibrated policy-simulation gates remain blocked until row-count, issue-comparability, false-match, and observed pre/post comparison requirements pass; not assigned to treated or comparison group"
hloga-2007-federal-lobbying-disclosure,cand-6845c6d90585,reviewed-democracy,excluded_no_observed_prepost_window,reviewed exact-ID source systems=IRS/ProPublica dark-money bridge; Intermediary bridge; venues=intermediary; opaque_nonprofit_or_dark_money,2006-01-01,2007-09-13,2007-09-14,2008-12-31,0.9500,observed_prepost_outcome_rows_missing,reviewed_actor_excluded_from_estimation_panel,"reviewed exact-identifier slice from cross-venue adjudication; broader source-product, source-readiness, and calibrated policy-simulation gates remain blocked until row-count, issue-comparability, false-match, and observed pre/post comparison requirements pass; not assigned to treated or comparison group"
hloga-2007-federal-lobbying-disclosure,cand-76bd97ce86d8,reviewed-democracy,excluded_no_observed_prepost_window,reviewed exact-ID source systems=IRS/ProPublica dark-money bridge; Intermediary bridge; venues=intermediary; opaque_nonprofit_or_dark_money,2006-01-01,2007-09-13,2007-09-14,2008-12-31,0.9500,observed_prepost_outcome_rows_missing,reviewed_actor_excluded_from_estimation_panel,"reviewed exact-identifier slice from cross-venue adjudication; broader source-product, source-readiness, and calibrated policy-simulation gates remain blocked until row-count, issue-comparability, false-match, and observed pre/post comparison requirements pass; not assigned to treated or comparison group"
hloga-2007-federal-lobbying-disclosure,cand-8615552d8b28,reviewed-democracy,excluded_no_observed_prepost_window,reviewed exact-ID source systems=IRS/ProPublica dark-money bridge; Intermediary bridge; venues=intermediary; opaque_nonprofit_or_dark_money,2006-01-01,2007-09-13,2007-09-14,2008-12-31,0.9500,observed_prepost_outcome_rows_missing,reviewed_actor_excluded_from_estimation_panel,"reviewed exact-identifier slice from cross-venue adjudication; broader source-product, source-readiness, and calibrated policy-simulation gates remain blocked until row-count, issue-comparability, false-match, and observed pre/post comparison requirements pass; not assigned to treated or comparison group"
hloga-2007-federal-lobbying-disclosure,cand-2b82de344fed,reviewed-democracy,excluded_no_observed_prepost_window,reviewed exact-ID source systems=IRS/ProPublica dark-money bridge; Intermediary bridge; venues=intermediary; opaque_nonprofit_or_dark_money,2006-01-01,2007-09-13,2007-09-14,2008-12-31,0.9500,observed_prepost_outcome_rows_missing,reviewed_actor_excluded_from_estimation_panel,"reviewed exact-identifier slice from cross-venue adjudication; broader source-product, source-readiness, and calibrated policy-simulation gates remain blocked until row-count, issue-comparability, false-match, and observed pre/post comparison requirements pass; not assigned to treated or comparison group"
hloga-2007-federal-lobbying-disclosure,cand-996b6616279b,reviewed-democracy,excluded_no_observed_prepost_window,reviewed exact-ID source systems=IRS/ProPublica dark-money bridge; Intermediary bridge; venues=intermediary; opaque_nonprofit_or_dark_money,2006-01-01,2007-09-13,2007-09-14,2008-12-31,0.9500,observed_prepost_outcome_rows_missing,reviewed_actor_excluded_from_estimation_panel,"reviewed exact-identifier slice from cross-venue adjudication; broader source-product, source-readiness, and calibrated policy-simulation gates remain blocked until row-count, issue-comparability, false-match, and observed pre/post comparison requirements pass; not assigned to treated or comparison group"
hloga-2007-federal-lobbying-disclosure,cand-cf10b8e81354,reviewed-democracy,excluded_no_observed_prepost_window,reviewed exact-ID source systems=IRS/ProPublica dark-money bridge; Intermediary bridge; venues=intermediary; opaque_nonprofit_or_dark_money,2006-01-01,2007-09-13,2007-09-14,2008-12-31,0.9500,observed_prepost_outcome_rows_missing,reviewed_actor_excluded_from_estimation_panel,"reviewed exact-identifier slice from cross-venue adjudication; broader source-product, source-readiness, and calibrated policy-simulation gates remain blocked until row-count, issue-comparability, false-match, and observed pre/post comparison requirements pass; not assigned to treated or comparison group"
hloga-2007-federal-lobbying-disclosure,cand-215558e65472,reviewed-democracy,excluded_no_observed_prepost_window,reviewed exact-ID source systems=IRS/ProPublica dark-money bridge; Intermediary bridge; venues=intermediary; opaque_nonprofit_or_dark_money,2006-01-01,2007-09-13,2007-09-14,2008-12-31,0.9500,observed_prepost_outcome_rows_missing,reviewed_actor_excluded_from_estimation_panel,"reviewed exact-identifier slice from cross-venue adjudication; broader source-product, source-readiness, and calibrated policy-simulation gates remain blocked until row-count, issue-comparability, false-match, and observed pre/post comparison requirements pass; not assigned to treated or comparison group"
hloga-2007-federal-lobbying-disclosure,cand-39e5d5fb45ce,reviewed-democracy,excluded_no_observed_prepost_window,reviewed exact-ID source systems=IRS/ProPublica dark-money bridge; Intermediary bridge; venues=intermediary; opaque_nonprofit_or_dark_money,2006-01-01,2007-09-13,2007-09-14,2008-12-31,0.9500,observed_prepost_outcome_rows_missing,reviewed_actor_excluded_from_estimation_panel,"reviewed exact-identifier slice from cross-venue adjudication; broader source-product, source-readiness, and calibrated policy-simulation gates remain blocked until row-count, issue-comparability, false-match, and observed pre/post comparison requirements pass; not assigned to treated or comparison group"
hloga-2007-federal-lobbying-disclosure,cand-51eda8e1f221,reviewed-democracy,excluded_no_observed_prepost_window,reviewed exact-ID source systems=IRS/ProPublica dark-money bridge; Intermediary bridge; venues=intermediary; opaque_nonprofit_or_dark_money,2006-01-01,2007-09-13,2007-09-14,2008-12-31,0.9500,observed_prepost_outcome_rows_missing,reviewed_actor_excluded_from_estimation_panel,"reviewed exact-identifier slice from cross-venue adjudication; broader source-product, source-readiness, and calibrated policy-simulation gates remain blocked until row-count, issue-comparability, false-match, and observed pre/post comparison requirements pass; not assigned to treated or comparison group"
hloga-2007-federal-lobbying-disclosure,cand-83ddf3c57471,reviewed-democracy,excluded_no_observed_prepost_window,reviewed exact-ID source systems=IRS/ProPublica dark-money bridge; Intermediary bridge; venues=intermediary; opaque_nonprofit_or_dark_money,2006-01-01,2007-09-13,2007-09-14,2008-12-31,0.9500,observed_prepost_outcome_rows_missing,reviewed_actor_excluded_from_estimation_panel,"reviewed exact-identifier slice from cross-venue adjudication; broader source-product, source-readiness, and calibrated policy-simulation gates remain blocked until row-count, issue-comparability, false-match, and observed pre/post comparison requirements pass; not assigned to treated or comparison group"
hloga-2007-federal-lobbying-disclosure,cand-c6608b7d23cc,reviewed-democracy,excluded_no_observed_prepost_window,reviewed exact-ID source systems=IRS/ProPublica dark-money bridge; Intermediary bridge; venues=intermediary; opaque_nonprofit_or_dark_money,2006-01-01,2007-09-13,2007-09-14,2008-12-31,0.9500,observed_prepost_outcome_rows_missing,reviewed_actor_excluded_from_estimation_panel,"reviewed exact-identifier slice from cross-venue adjudication; broader source-product, source-readiness, and calibrated policy-simulation gates remain blocked until row-count, issue-comparability, false-match, and observed pre/post comparison requirements pass; not assigned to treated or comparison group"
hloga-2007-federal-lobbying-disclosure,cand-9fe02cbb80ae,reviewed-democracy,excluded_no_observed_prepost_window,reviewed exact-ID source systems=IRS/ProPublica dark-money bridge; Intermediary bridge; venues=intermediary; opaque_nonprofit_or_dark_money,2006-01-01,2007-09-13,2007-09-14,2008-12-31,0.9500,observed_prepost_outcome_rows_missing,reviewed_actor_excluded_from_estimation_panel,"reviewed exact-identifier slice from cross-venue adjudication; broader source-product, source-readiness, and calibrated policy-simulation gates remain blocked until row-count, issue-comparability, false-match, and observed pre/post comparison requirements pass; not assigned to treated or comparison group"
hloga-2007-federal-lobbying-disclosure,cand-21054fc23222,reviewed-democracy,excluded_no_observed_prepost_window,reviewed exact-ID source systems=IRS/ProPublica dark-money bridge; Intermediary bridge; venues=intermediary; opaque_nonprofit_or_dark_money,2006-01-01,2007-09-13,2007-09-14,2008-12-31,0.9500,observed_prepost_outcome_rows_missing,reviewed_actor_excluded_from_estimation_panel,"reviewed exact-identifier slice from cross-venue adjudication; broader source-product, source-readiness, and calibrated policy-simulation gates remain blocked until row-count, issue-comparability, false-match, and observed pre/post comparison requirements pass; not assigned to treated or comparison group"
hloga-2007-federal-lobbying-disclosure,cand-8f76419481ff,reviewed-democracy,excluded_no_observed_prepost_window,reviewed exact-ID source systems=IRS/ProPublica dark-money bridge; Intermediary bridge; venues=intermediary; opaque_nonprofit_or_dark_money,2006-01-01,2007-09-13,2007-09-14,2008-12-31,0.9500,observed_prepost_outcome_rows_missing,reviewed_actor_excluded_from_estimation_panel,"reviewed exact-identifier slice from cross-venue adjudication; broader source-product, source-readiness, and calibrated policy-simulation gates remain blocked until row-count, issue-comparability, false-match, and observed pre/post comparison requirements pass; not assigned to treated or comparison group"
hloga-2007-federal-lobbying-disclosure,cand-6c229ec9454f,reviewed-democracy,excluded_no_observed_prepost_window,reviewed exact-ID source systems=IRS/ProPublica dark-money bridge; Intermediary bridge; venues=intermediary; opaque_nonprofit_or_dark_money,2006-01-01,2007-09-13,2007-09-14,2008-12-31,0.9500,observed_prepost_outcome_rows_missing,reviewed_actor_excluded_from_estimation_panel,"reviewed exact-identifier slice from cross-venue adjudication; broader source-product, source-readiness, and calibrated policy-simulation gates remain blocked until row-count, issue-comparability, false-match, and observed pre/post comparison requirements pass; not assigned to treated or comparison group"
hloga-2007-federal-lobbying-disclosure,cand-00423245e785,reviewed-democracy,excluded_no_observed_prepost_window,reviewed exact-ID source systems=IRS/ProPublica dark-money bridge; Intermediary bridge; venues=intermediary; opaque_nonprofit_or_dark_money,2006-01-01,2007-09-13,2007-09-14,2008-12-31,0.9500,observed_prepost_outcome_rows_missing,reviewed_actor_excluded_from_estimation_panel,"reviewed exact-identifier slice from cross-venue adjudication; broader source-product, source-readiness, and calibrated policy-simulation gates remain blocked until row-count, issue-comparability, false-match, and observed pre/post comparison requirements pass; not assigned to treated or comparison group"
hloga-2007-federal-lobbying-disclosure,cand-1dbbb4aff19c,reviewed-democracy,excluded_no_observed_prepost_window,reviewed exact-ID source systems=IRS/ProPublica dark-money bridge; Intermediary bridge; venues=intermediary; opaque_nonprofit_or_dark_money,2006-01-01,2007-09-13,2007-09-14,2008-12-31,0.9500,observed_prepost_outcome_rows_missing,reviewed_actor_excluded_from_estimation_panel,"reviewed exact-identifier slice from cross-venue adjudication; broader source-product, source-readiness, and calibrated policy-simulation gates remain blocked until row-count, issue-comparability, false-match, and observed pre/post comparison requirements pass; not assigned to treated or comparison group"
hloga-2007-federal-lobbying-disclosure,cand-b0086170ae15,reviewed-democracy,excluded_no_observed_prepost_window,reviewed exact-ID source systems=IRS/ProPublica dark-money bridge; Intermediary bridge; venues=intermediary; opaque_nonprofit_or_dark_money,2006-01-01,2007-09-13,2007-09-14,2008-12-31,0.9500,observed_prepost_outcome_rows_missing,reviewed_actor_excluded_from_estimation_panel,"reviewed exact-identifier slice from cross-venue adjudication; broader source-product, source-readiness, and calibrated policy-simulation gates remain blocked until row-count, issue-comparability, false-match, and observed pre/post comparison requirements pass; not assigned to treated or comparison group"
hloga-2007-federal-lobbying-disclosure,cand-924ddd539ebf,reviewed-democracy,excluded_no_observed_prepost_window,reviewed exact-ID source systems=IRS/ProPublica dark-money bridge; Intermediary bridge; venues=intermediary; opaque_nonprofit_or_dark_money,2006-01-01,2007-09-13,2007-09-14,2008-12-31,0.9500,observed_prepost_outcome_rows_missing,reviewed_actor_excluded_from_estimation_panel,"reviewed exact-identifier slice from cross-venue adjudication; broader source-product, source-readiness, and calibrated policy-simulation gates remain blocked until row-count, issue-comparability, false-match, and observed pre/post comparison requirements pass; not assigned to treated or comparison group"
hloga-2007-federal-lobbying-disclosure,cand-2819f7024ac9,reviewed-democracy,excluded_no_observed_prepost_window,reviewed exact-ID source systems=IRS/ProPublica dark-money bridge; Intermediary bridge; venues=intermediary; opaque_nonprofit_or_dark_money,2006-01-01,2007-09-13,2007-09-14,2008-12-31,0.9500,observed_prepost_outcome_rows_missing,reviewed_actor_excluded_from_estimation_panel,"reviewed exact-identifier slice from cross-venue adjudication; broader source-product, source-readiness, and calibrated policy-simulation gates remain blocked until row-count, issue-comparability, false-match, and observed pre/post comparison requirements pass; not assigned to treated or comparison group"
hloga-2007-federal-lobbying-disclosure,cand-2e831125e10e,reviewed-democracy,excluded_no_observed_prepost_window,reviewed exact-ID source systems=IRS/ProPublica dark-money bridge; Intermediary bridge; venues=intermediary; opaque_nonprofit_or_dark_money,2006-01-01,2007-09-13,2007-09-14,2008-12-31,0.9500,observed_prepost_outcome_rows_missing,reviewed_actor_excluded_from_estimation_panel,"reviewed exact-identifier slice from cross-venue adjudication; broader source-product, source-readiness, and calibrated policy-simulation gates remain blocked until row-count, issue-comparability, false-match, and observed pre/post comparison requirements pass; not assigned to treated or comparison group"
hloga-2007-federal-lobbying-disclosure,cand-9700fe76c719,reviewed-democracy,excluded_no_observed_prepost_window,reviewed exact-ID source systems=IRS/ProPublica dark-money bridge; Intermediary bridge; venues=intermediary; opaque_nonprofit_or_dark_money,2006-01-01,2007-09-13,2007-09-14,2008-12-31,0.9500,observed_prepost_outcome_rows_missing,reviewed_actor_excluded_from_estimation_panel,"reviewed exact-identifier slice from cross-venue adjudication; broader source-product, source-readiness, and calibrated policy-simulation gates remain blocked until row-count, issue-comparability, false-match, and observed pre/post comparison requirements pass; not assigned to treated or comparison group"
hloga-2007-federal-lobbying-disclosure,cand-c1b3fced6ac4,reviewed-democracy,excluded_no_observed_prepost_window,reviewed exact-ID source systems=IRS/ProPublica dark-money bridge; Intermediary bridge; venues=intermediary; opaque_nonprofit_or_dark_money,2006-01-01,2007-09-13,2007-09-14,2008-12-31,0.9500,observed_prepost_outcome_rows_missing,reviewed_actor_excluded_from_estimation_panel,"reviewed exact-identifier slice from cross-venue adjudication; broader source-product, source-readiness, and calibrated policy-simulation gates remain blocked until row-count, issue-comparability, false-match, and observed pre/post comparison requirements pass; not assigned to treated or comparison group"
hloga-2007-federal-lobbying-disclosure,cand-7aca1ad4e406,reviewed-democracy,excluded_no_observed_prepost_window,reviewed exact-ID source systems=IRS/ProPublica dark-money bridge; Intermediary bridge; venues=intermediary; opaque_nonprofit_or_dark_money,2006-01-01,2007-09-13,2007-09-14,2008-12-31,0.9500,observed_prepost_outcome_rows_missing,reviewed_actor_excluded_from_estimation_panel,"reviewed exact-identifier slice from cross-venue adjudication; broader source-product, source-readiness, and calibrated policy-simulation gates remain blocked until row-count, issue-comparability, false-match, and observed pre/post comparison requirements pass; not assigned to treated or comparison group"
hloga-2007-federal-lobbying-disclosure,cand-ea73b155e973,reviewed-democracy,excluded_no_observed_prepost_window,reviewed exact-ID source systems=IRS/ProPublica dark-money bridge; Intermediary bridge; venues=intermediary; opaque_nonprofit_or_dark_money,2006-01-01,2007-09-13,2007-09-14,2008-12-31,0.9500,observed_prepost_outcome_rows_missing,reviewed_actor_excluded_from_estimation_panel,"reviewed exact-identifier slice from cross-venue adjudication; broader source-product, source-readiness, and calibrated policy-simulation gates remain blocked until row-count, issue-comparability, false-match, and observed pre/post comparison requirements pass; not assigned to treated or comparison group"
hloga-2007-federal-lobbying-disclosure,cand-d8dcab37941b,reviewed-democracy,excluded_no_observed_prepost_window,reviewed exact-ID source systems=IRS/ProPublica dark-money bridge; Intermediary bridge; venues=intermediary; opaque_nonprofit_or_dark_money,2006-01-01,2007-09-13,2007-09-14,2008-12-31,0.9500,observed_prepost_outcome_rows_missing,reviewed_actor_excluded_from_estimation_panel,"reviewed exact-identifier slice from cross-venue adjudication; broader source-product, source-readiness, and calibrated policy-simulation gates remain blocked until row-count, issue-comparability, false-match, and observed pre/post comparison requirements pass; not assigned to treated or comparison group"
hloga-2007-federal-lobbying-disclosure,cand-5539f7bed222,reviewed-democracy,excluded_no_observed_prepost_window,reviewed exact-ID source systems=IRS/ProPublica dark-money bridge; Intermediary bridge; venues=intermediary; opaque_nonprofit_or_dark_money,2006-01-01,2007-09-13,2007-09-14,2008-12-31,0.9500,observed_prepost_outcome_rows_missing,reviewed_actor_excluded_from_estimation_panel,"reviewed exact-identifier slice from cross-venue adjudication; broader source-product, source-readiness, and calibrated policy-simulation gates remain blocked until row-count, issue-comparability, false-match, and observed pre/post comparison requirements pass; not assigned to treated or comparison group"
hloga-2007-federal-lobbying-disclosure,cand-79be5f41000e,reviewed-democracy,excluded_no_observed_prepost_window,reviewed exact-ID source systems=IRS/ProPublica dark-money bridge; Intermediary bridge; venues=intermediary; opaque_nonprofit_or_dark_money,2006-01-01,2007-09-13,2007-09-14,2008-12-31,0.9500,observed_prepost_outcome_rows_missing,reviewed_actor_excluded_from_estimation_panel,"reviewed exact-identifier slice from cross-venue adjudication; broader source-product, source-readiness, and calibrated policy-simulation gates remain blocked until row-count, issue-comparability, false-match, and observed pre/post comparison requirements pass; not assigned to treated or comparison group"
hloga-2007-federal-lobbying-disclosure,cand-e5b287047f95,reviewed-democracy,excluded_no_observed_prepost_window,reviewed exact-ID source systems=IRS/ProPublica dark-money bridge; Intermediary bridge; venues=intermediary; opaque_nonprofit_or_dark_money,2006-01-01,2007-09-13,2007-09-14,2008-12-31,0.9500,observed_prepost_outcome_rows_missing,reviewed_actor_excluded_from_estimation_panel,"reviewed exact-identifier slice from cross-venue adjudication; broader source-product, source-readiness, and calibrated policy-simulation gates remain blocked until row-count, issue-comparability, false-match, and observed pre/post comparison requirements pass; not assigned to treated or comparison group"
hloga-2007-federal-lobbying-disclosure,cand-171143049508,reviewed-democracy,excluded_no_observed_prepost_window,reviewed exact-ID source systems=IRS/ProPublica dark-money bridge; Intermediary bridge; venues=intermediary; opaque_nonprofit_or_dark_money,2006-01-01,2007-09-13,2007-09-14,2008-12-31,0.9500,observed_prepost_outcome_rows_missing,reviewed_actor_excluded_from_estimation_panel,"reviewed exact-identifier slice from cross-venue adjudication; broader source-product, source-readiness, and calibrated policy-simulation gates remain blocked until row-count, issue-comparability, false-match, and observed pre/post comparison requirements pass; not assigned to treated or comparison group"
hloga-2007-federal-lobbying-disclosure,cand-8198d58b329b,reviewed-democracy,excluded_no_observed_prepost_window,reviewed exact-ID source systems=IRS/ProPublica dark-money bridge; Intermediary bridge; venues=intermediary; opaque_nonprofit_or_dark_money,2006-01-01,2007-09-13,2007-09-14,2008-12-31,0.9500,observed_prepost_outcome_rows_missing,reviewed_actor_excluded_from_estimation_panel,"reviewed exact-identifier slice from cross-venue adjudication; broader source-product, source-readiness, and calibrated policy-simulation gates remain blocked until row-count, issue-comparability, false-match, and observed pre/post comparison requirements pass; not assigned to treated or comparison group"
hloga-2007-federal-lobbying-disclosure,cand-71719c4829f7,reviewed-democracy,excluded_no_observed_prepost_window,reviewed exact-ID source systems=IRS/ProPublica dark-money bridge; Intermediary bridge; venues=intermediary; opaque_nonprofit_or_dark_money,2006-01-01,2007-09-13,2007-09-14,2008-12-31,0.9500,observed_prepost_outcome_rows_missing,reviewed_actor_excluded_from_estimation_panel,"reviewed exact-identifier slice from cross-venue adjudication; broader source-product, source-readiness, and calibrated policy-simulation gates remain blocked until row-count, issue-comparability, false-match, and observed pre/post comparison requirements pass; not assigned to treated or comparison group"
hloga-2007-federal-lobbying-disclosure,cand-e270be6a2068,reviewed-technology,excluded_no_observed_prepost_window,reviewed exact-ID source systems=IRS/ProPublica dark-money bridge; Intermediary bridge; venues=intermediary; opaque_nonprofit_or_dark_money,2006-01-01,2007-09-13,2007-09-14,2008-12-31,0.9500,observed_prepost_outcome_rows_missing,reviewed_actor_excluded_from_estimation_panel,"reviewed exact-identifier slice from cross-venue adjudication; broader source-product, source-readiness, and calibrated policy-simulation gates remain blocked until row-count, issue-comparability, false-match, and observed pre/post comparison requirements pass; not assigned to treated or comparison group"
hloga-2007-federal-lobbying-disclosure,cand-857152f97bb3,reviewed-democracy,excluded_no_observed_prepost_window,reviewed exact-ID source systems=IRS/ProPublica dark-money bridge; Intermediary bridge; venues=intermediary; opaque_nonprofit_or_dark_money,2006-01-01,2007-09-13,2007-09-14,2008-12-31,0.9500,observed_prepost_outcome_rows_missing,reviewed_actor_excluded_from_estimation_panel,"reviewed exact-identifier slice from cross-venue adjudication; broader source-product, source-readiness, and calibrated policy-simulation gates remain blocked until row-count, issue-comparability, false-match, and observed pre/post comparison requirements pass; not assigned to treated or comparison group"
hloga-2007-federal-lobbying-disclosure,cand-37c23d3d4dac,reviewed-procurement,excluded_no_observed_prepost_window,reviewed exact-ID source systems=IRS/ProPublica dark-money bridge; Intermediary bridge; venues=intermediary; opaque_nonprofit_or_dark_money,2006-01-01,2007-09-13,2007-09-14,2008-12-31,0.9500,observed_prepost_outcome_rows_missing,reviewed_actor_excluded_from_estimation_panel,"reviewed exact-identifier slice from cross-venue adjudication; broader source-product, source-readiness, and calibrated policy-simulation gates remain blocked until row-count, issue-comparability, false-match, and observed pre/post comparison requirements pass; not assigned to treated or comparison group"
hloga-2007-federal-lobbying-disclosure,cand-818126ab2ba3,reviewed-democracy,excluded_no_observed_prepost_window,reviewed exact-ID source systems=IRS/ProPublica dark-money bridge; Intermediary bridge; venues=intermediary; opaque_nonprofit_or_dark_money,2006-01-01,2007-09-13,2007-09-14,2008-12-31,0.9500,observed_prepost_outcome_rows_missing,reviewed_actor_excluded_from_estimation_panel,"reviewed exact-identifier slice from cross-venue adjudication; broader source-product, source-readiness, and calibrated policy-simulation gates remain blocked until row-count, issue-comparability, false-match, and observed pre/post comparison requirements pass; not assigned to treated or comparison group"
hloga-2007-federal-lobbying-disclosure,cand-65b6f875e07a,reviewed-democracy,excluded_no_observed_prepost_window,reviewed exact-ID source systems=IRS/ProPublica dark-money bridge; Intermediary bridge; venues=intermediary; opaque_nonprofit_or_dark_money,2006-01-01,2007-09-13,2007-09-14,2008-12-31,0.9500,observed_prepost_outcome_rows_missing,reviewed_actor_excluded_from_estimation_panel,"reviewed exact-identifier slice from cross-venue adjudication; broader source-product, source-readiness, and calibrated policy-simulation gates remain blocked until row-count, issue-comparability, false-match, and observed pre/post comparison requirements pass; not assigned to treated or comparison group"
hloga-2007-federal-lobbying-disclosure,co-control-03d646106379,co-state-government,control_unaffected_colorado_state_lobbying_jurisdiction,official Colorado Secretary of State lobbyist-income source rows; unaffected state-jurisdiction control for federal HLOGA shock; pre/post rows observed for same state lobbying client and source-derived issue,2006-01-01,2007-09-13,2007-09-14,2008-12-31,0.6500,,reviewed_control_unaffected_state_lobbying_prepost,"control assignment comes from official Colorado state-lobbying income rows with observed pre/post HLOGA-window coverage; it is an unaffected-jurisdiction control surface, not proof that the client lacks separate federal LDA exposure"
hloga-2007-federal-lobbying-disclosure,co-control-09762b8d8e6c,co-state-industry,control_unaffected_colorado_state_lobbying_jurisdiction,official Colorado Secretary of State lobbyist-income source rows; unaffected state-jurisdiction control for federal HLOGA shock; pre/post rows observed for same state lobbying client and source-derived issue,2006-01-01,2007-09-13,2007-09-14,2008-12-31,0.6500,,reviewed_control_unaffected_state_lobbying_prepost,"control assignment comes from official Colorado state-lobbying income rows with observed pre/post HLOGA-window coverage; it is an unaffected-jurisdiction control surface, not proof that the client lacks separate federal LDA exposure"
hloga-2007-federal-lobbying-disclosure,co-control-0bacc6017010,co-state-industry,control_unaffected_colorado_state_lobbying_jurisdiction,official Colorado Secretary of State lobbyist-income source rows; unaffected state-jurisdiction control for federal HLOGA shock; pre/post rows observed for same state lobbying client and source-derived issue,2006-01-01,2007-09-13,2007-09-14,2008-12-31,0.6500,,reviewed_control_unaffected_state_lobbying_prepost,"control assignment comes from official Colorado state-lobbying income rows with observed pre/post HLOGA-window coverage; it is an unaffected-jurisdiction control surface, not proof that the client lacks separate federal LDA exposure"
hloga-2007-federal-lobbying-disclosure,co-control-104f510fd5f1,co-state-business-entity,control_unaffected_colorado_state_lobbying_jurisdiction,official Colorado Secretary of State lobbyist-income source rows; unaffected state-jurisdiction control for federal HLOGA shock; pre/post rows observed for same state lobbying client and source-derived issue,2006-01-01,2007-09-13,2007-09-14,2008-12-31,0.6500,,reviewed_control_unaffected_state_lobbying_prepost,"control assignment comes from official Colorado state-lobbying income rows with observed pre/post HLOGA-window coverage; it is an unaffected-jurisdiction control surface, not proof that the client lacks separate federal LDA exposure"
hloga-2007-federal-lobbying-disclosure,co-control-104f510fd5f1,co-state-government,control_unaffected_colorado_state_lobbying_jurisdiction,official Colorado Secretary of State lobbyist-income source rows; unaffected state-jurisdiction control for federal HLOGA shock; pre/post rows observed for same state lobbying client and source-derived issue,2006-01-01,2007-09-13,2007-09-14,2008-12-31,0.6500,,reviewed_control_unaffected_state_lobbying_prepost,"control assignment comes from official Colorado state-lobbying income rows with observed pre/post HLOGA-window coverage; it is an unaffected-jurisdiction control surface, not proof that the client lacks separate federal LDA exposure"
hloga-2007-federal-lobbying-disclosure,co-control-2254ea1330e0,co-state-professional-association,control_unaffected_colorado_state_lobbying_jurisdiction,official Colorado Secretary of State lobbyist-income source rows; unaffected state-jurisdiction control for federal HLOGA shock; pre/post rows observed for same state lobbying client and source-derived issue,2006-01-01,2007-09-13,2007-09-14,2008-12-31,0.6500,,reviewed_control_unaffected_state_lobbying_prepost,"control assignment comes from official Colorado state-lobbying income rows with observed pre/post HLOGA-window coverage; it is an unaffected-jurisdiction control surface, not proof that the client lacks separate federal LDA exposure"
hloga-2007-federal-lobbying-disclosure,co-control-22685ef7eba1,co-state-industry,control_unaffected_colorado_state_lobbying_jurisdiction,official Colorado Secretary of State lobbyist-income source rows; unaffected state-jurisdiction control for federal HLOGA shock; pre/post rows observed for same state lobbying client and source-derived issue,2006-01-01,2007-09-13,2007-09-14,2008-12-31,0.6500,,reviewed_control_unaffected_state_lobbying_prepost,"control assignment comes from official Colorado state-lobbying income rows with observed pre/post HLOGA-window coverage; it is an unaffected-jurisdiction control surface, not proof that the client lacks separate federal LDA exposure"
hloga-2007-federal-lobbying-disclosure,co-control-3ac9c1100a5a,co-state-trade,control_unaffected_colorado_state_lobbying_jurisdiction,official Colorado Secretary of State lobbyist-income source rows; unaffected state-jurisdiction control for federal HLOGA shock; pre/post rows observed for same state lobbying client and source-derived issue,2006-01-01,2007-09-13,2007-09-14,2008-12-31,0.6500,,reviewed_control_unaffected_state_lobbying_prepost,"control assignment comes from official Colorado state-lobbying income rows with observed pre/post HLOGA-window coverage; it is an unaffected-jurisdiction control surface, not proof that the client lacks separate federal LDA exposure"
hloga-2007-federal-lobbying-disclosure,co-control-6b9b8c8c0a16,co-state-professional-association,control_unaffected_colorado_state_lobbying_jurisdiction,official Colorado Secretary of State lobbyist-income source rows; unaffected state-jurisdiction control for federal HLOGA shock; pre/post rows observed for same state lobbying client and source-derived issue,2006-01-01,2007-09-13,2007-09-14,2008-12-31,0.6500,,reviewed_control_unaffected_state_lobbying_prepost,"control assignment comes from official Colorado state-lobbying income rows with observed pre/post HLOGA-window coverage; it is an unaffected-jurisdiction control surface, not proof that the client lacks separate federal LDA exposure"
hloga-2007-federal-lobbying-disclosure,co-control-758a0126410b,co-state-organization,control_unaffected_colorado_state_lobbying_jurisdiction,official Colorado Secretary of State lobbyist-income source rows; unaffected state-jurisdiction control for federal HLOGA shock; pre/post rows observed for same state lobbying client and source-derived issue,2006-01-01,2007-09-13,2007-09-14,2008-12-31,0.6500,,reviewed_control_unaffected_state_lobbying_prepost,"control assignment comes from official Colorado state-lobbying income rows with observed pre/post HLOGA-window coverage; it is an unaffected-jurisdiction control surface, not proof that the client lacks separate federal LDA exposure"
hloga-2007-federal-lobbying-disclosure,co-control-758a0126410b,co-state-professional-association,control_unaffected_colorado_state_lobbying_jurisdiction,official Colorado Secretary of State lobbyist-income source rows; unaffected state-jurisdiction control for federal HLOGA shock; pre/post rows observed for same state lobbying client and source-derived issue,2006-01-01,2007-09-13,2007-09-14,2008-12-31,0.6500,,reviewed_control_unaffected_state_lobbying_prepost,"control assignment comes from official Colorado state-lobbying income rows with observed pre/post HLOGA-window coverage; it is an unaffected-jurisdiction control surface, not proof that the client lacks separate federal LDA exposure"
hloga-2007-federal-lobbying-disclosure,co-control-7f7eb3ead4ea,co-state-trade,control_unaffected_colorado_state_lobbying_jurisdiction,official Colorado Secretary of State lobbyist-income source rows; unaffected state-jurisdiction control for federal HLOGA shock; pre/post rows observed for same state lobbying client and source-derived issue,2006-01-01,2007-09-13,2007-09-14,2008-12-31,0.6500,,reviewed_control_unaffected_state_lobbying_prepost,"control assignment comes from official Colorado state-lobbying income rows with observed pre/post HLOGA-window coverage; it is an unaffected-jurisdiction control surface, not proof that the client lacks separate federal LDA exposure"
hloga-2007-federal-lobbying-disclosure,co-control-80ee761a6f12,co-state-organization,control_unaffected_colorado_state_lobbying_jurisdiction,official Colorado Secretary of State lobbyist-income source rows; unaffected state-jurisdiction control for federal HLOGA shock; pre/post rows observed for same state lobbying client and source-derived issue,2006-01-01,2007-09-13,2007-09-14,2008-12-31,0.6500,,reviewed_control_unaffected_state_lobbying_prepost,"control assignment comes from official Colorado state-lobbying income rows with observed pre/post HLOGA-window coverage; it is an unaffected-jurisdiction control surface, not proof that the client lacks separate federal LDA exposure"
hloga-2007-federal-lobbying-disclosure,co-control-80ee761a6f12,co-state-professional-association,control_unaffected_colorado_state_lobbying_jurisdiction,official Colorado Secretary of State lobbyist-income source rows; unaffected state-jurisdiction control for federal HLOGA shock; pre/post rows observed for same state lobbying client and source-derived issue,2006-01-01,2007-09-13,2007-09-14,2008-12-31,0.6500,,reviewed_control_unaffected_state_lobbying_prepost,"control assignment comes from official Colorado state-lobbying income rows with observed pre/post HLOGA-window coverage; it is an unaffected-jurisdiction control surface, not proof that the client lacks separate federal LDA exposure"
hloga-2007-federal-lobbying-disclosure,co-control-9096919a2514,co-state-business-entity,control_unaffected_colorado_state_lobbying_jurisdiction,official Colorado Secretary of State lobbyist-income source rows; unaffected state-jurisdiction control for federal HLOGA shock; pre/post rows observed for same state lobbying client and source-derived issue,2006-01-01,2007-09-13,2007-09-14,2008-12-31,0.6500,,reviewed_control_unaffected_state_lobbying_prepost,"control assignment comes from official Colorado state-lobbying income rows with observed pre/post HLOGA-window coverage; it is an unaffected-jurisdiction control surface, not proof that the client lacks separate federal LDA exposure"
hloga-2007-federal-lobbying-disclosure,co-control-9096919a2514,co-state-organization,control_unaffected_colorado_state_lobbying_jurisdiction,official Colorado Secretary of State lobbyist-income source rows; unaffected state-jurisdiction control for federal HLOGA shock; pre/post rows observed for same state lobbying client and source-derived issue,2006-01-01,2007-09-13,2007-09-14,2008-12-31,0.6500,,reviewed_control_unaffected_state_lobbying_prepost,"control assignment comes from official Colorado state-lobbying income rows with observed pre/post HLOGA-window coverage; it is an unaffected-jurisdiction control surface, not proof that the client lacks separate federal LDA exposure"
hloga-2007-federal-lobbying-disclosure,co-control-9aa64de8d66e,co-state-professional-association,control_unaffected_colorado_state_lobbying_jurisdiction,official Colorado Secretary of State lobbyist-income source rows; unaffected state-jurisdiction control for federal HLOGA shock; pre/post rows observed for same state lobbying client and source-derived issue,2006-01-01,2007-09-13,2007-09-14,2008-12-31,0.6500,,reviewed_control_unaffected_state_lobbying_prepost,"control assignment comes from official Colorado state-lobbying income rows with observed pre/post HLOGA-window coverage; it is an unaffected-jurisdiction control surface, not proof that the client lacks separate federal LDA exposure"
hloga-2007-federal-lobbying-disclosure,co-control-9c22b3350766,co-state-professional-association,control_unaffected_colorado_state_lobbying_jurisdiction,official Colorado Secretary of State lobbyist-income source rows; unaffected state-jurisdiction control for federal HLOGA shock; pre/post rows observed for same state lobbying client and source-derived issue,2006-01-01,2007-09-13,2007-09-14,2008-12-31,0.6500,,reviewed_control_unaffected_state_lobbying_prepost,"control assignment comes from official Colorado state-lobbying income rows with observed pre/post HLOGA-window coverage; it is an unaffected-jurisdiction control surface, not proof that the client lacks separate federal LDA exposure"
hloga-2007-federal-lobbying-disclosure,co-control-a6b02d1fc05e,co-state-group-of-persons,control_unaffected_colorado_state_lobbying_jurisdiction,official Colorado Secretary of State lobbyist-income source rows; unaffected state-jurisdiction control for federal HLOGA shock; pre/post rows observed for same state lobbying client and source-derived issue,2006-01-01,2007-09-13,2007-09-14,2008-12-31,0.6500,,reviewed_control_unaffected_state_lobbying_prepost,"control assignment comes from official Colorado state-lobbying income rows with observed pre/post HLOGA-window coverage; it is an unaffected-jurisdiction control surface, not proof that the client lacks separate federal LDA exposure"
hloga-2007-federal-lobbying-disclosure,co-control-a9dd129f18bb,co-state-industry,control_unaffected_colorado_state_lobbying_jurisdiction,official Colorado Secretary of State lobbyist-income source rows; unaffected state-jurisdiction control for federal HLOGA shock; pre/post rows observed for same state lobbying client and source-derived issue,2006-01-01,2007-09-13,2007-09-14,2008-12-31,0.6500,,reviewed_control_unaffected_state_lobbying_prepost,"control assignment comes from official Colorado state-lobbying income rows with observed pre/post HLOGA-window coverage; it is an unaffected-jurisdiction control surface, not proof that the client lacks separate federal LDA exposure"
hloga-2007-federal-lobbying-disclosure,co-control-c6fc0835cd94,co-state-business-entity,control_unaffected_colorado_state_lobbying_jurisdiction,official Colorado Secretary of State lobbyist-income source rows; unaffected state-jurisdiction control for federal HLOGA shock; pre/post rows observed for same state lobbying client and source-derived issue,2006-01-01,2007-09-13,2007-09-14,2008-12-31,0.6500,,reviewed_control_unaffected_state_lobbying_prepost,"control assignment comes from official Colorado state-lobbying income rows with observed pre/post HLOGA-window coverage; it is an unaffected-jurisdiction control surface, not proof that the client lacks separate federal LDA exposure"
hloga-2007-federal-lobbying-disclosure,co-control-c9a8745f0cee,co-state-group-of-persons,control_unaffected_colorado_state_lobbying_jurisdiction,official Colorado Secretary of State lobbyist-income source rows; unaffected state-jurisdiction control for federal HLOGA shock; pre/post rows observed for same state lobbying client and source-derived issue,2006-01-01,2007-09-13,2007-09-14,2008-12-31,0.6500,,reviewed_control_unaffected_state_lobbying_prepost,"control assignment comes from official Colorado state-lobbying income rows with observed pre/post HLOGA-window coverage; it is an unaffected-jurisdiction control surface, not proof that the client lacks separate federal LDA exposure"
hloga-2007-federal-lobbying-disclosure,co-control-cdc34b8a0f81,co-state-organization,control_unaffected_colorado_state_lobbying_jurisdiction,official Colorado Secretary of State lobbyist-income source rows; unaffected state-jurisdiction control for federal HLOGA shock; pre/post rows observed for same state lobbying client and source-derived issue,2006-01-01,2007-09-13,2007-09-14,2008-12-31,0.6500,,reviewed_control_unaffected_state_lobbying_prepost,"control assignment comes from official Colorado state-lobbying income rows with observed pre/post HLOGA-window coverage; it is an unaffected-jurisdiction control surface, not proof that the client lacks separate federal LDA exposure"
hloga-2007-federal-lobbying-disclosure,co-control-cdc34b8a0f81,co-state-professional-association,control_unaffected_colorado_state_lobbying_jurisdiction,official Colorado Secretary of State lobbyist-income source rows; unaffected state-jurisdiction control for federal HLOGA shock; pre/post rows observed for same state lobbying client and source-derived issue,2006-01-01,2007-09-13,2007-09-14,2008-12-31,0.6500,,reviewed_control_unaffected_state_lobbying_prepost,"control assignment comes from official Colorado state-lobbying income rows with observed pre/post HLOGA-window coverage; it is an unaffected-jurisdiction control surface, not proof that the client lacks separate federal LDA exposure"
hloga-2007-federal-lobbying-disclosure,co-control-d4b976aead01,co-state-professional-association,control_unaffected_colorado_state_lobbying_jurisdiction,official Colorado Secretary of State lobbyist-income source rows; unaffected state-jurisdiction control for federal HLOGA shock; pre/post rows observed for same state lobbying client and source-derived issue,2006-01-01,2007-09-13,2007-09-14,2008-12-31,0.6500,,reviewed_control_unaffected_state_lobbying_prepost,"control assignment comes from official Colorado state-lobbying income rows with observed pre/post HLOGA-window coverage; it is an unaffected-jurisdiction control surface, not proof that the client lacks separate federal LDA exposure"
hloga-2007-federal-lobbying-disclosure,co-control-d57b93ce4bf8,co-state-organization,control_unaffected_colorado_state_lobbying_jurisdiction,official Colorado Secretary of State lobbyist-income source rows; unaffected state-jurisdiction control for federal HLOGA shock; pre/post rows observed for same state lobbying client and source-derived issue,2006-01-01,2007-09-13,2007-09-14,2008-12-31,0.6500,,reviewed_control_unaffected_state_lobbying_prepost,"control assignment comes from official Colorado state-lobbying income rows with observed pre/post HLOGA-window coverage; it is an unaffected-jurisdiction control surface, not proof that the client lacks separate federal LDA exposure"
hloga-2007-federal-lobbying-disclosure,co-control-d6e60e991fc6,co-state-business-entity,control_unaffected_colorado_state_lobbying_jurisdiction,official Colorado Secretary of State lobbyist-income source rows; unaffected state-jurisdiction control for federal HLOGA shock; pre/post rows observed for same state lobbying client and source-derived issue,2006-01-01,2007-09-13,2007-09-14,2008-12-31,0.6500,,reviewed_control_unaffected_state_lobbying_prepost,"control assignment comes from official Colorado state-lobbying income rows with observed pre/post HLOGA-window coverage; it is an unaffected-jurisdiction control surface, not proof that the client lacks separate federal LDA exposure"
hloga-2007-federal-lobbying-disclosure,co-control-e7ae3a328573,co-state-government,control_unaffected_colorado_state_lobbying_jurisdiction,official Colorado Secretary of State lobbyist-income source rows; unaffected state-jurisdiction control for federal HLOGA shock; pre/post rows observed for same state lobbying client and source-derived issue,2006-01-01,2007-09-13,2007-09-14,2008-12-31,0.6500,,reviewed_control_unaffected_state_lobbying_prepost,"control assignment comes from official Colorado state-lobbying income rows with observed pre/post HLOGA-window coverage; it is an unaffected-jurisdiction control surface, not proof that the client lacks separate federal LDA exposure"
hloga-2007-federal-lobbying-disclosure,co-control-eddefaed5467,co-state-trade,control_unaffected_colorado_state_lobbying_jurisdiction,official Colorado Secretary of State lobbyist-income source rows; unaffected state-jurisdiction control for federal HLOGA shock; pre/post rows observed for same state lobbying client and source-derived issue,2006-01-01,2007-09-13,2007-09-14,2008-12-31,0.6500,,reviewed_control_unaffected_state_lobbying_prepost,"control assignment comes from official Colorado state-lobbying income rows with observed pre/post HLOGA-window coverage; it is an unaffected-jurisdiction control surface, not proof that the client lacks separate federal LDA exposure"
hloga-2007-federal-lobbying-disclosure,co-control-fe8639332b2e,co-state-organization,control_unaffected_colorado_state_lobbying_jurisdiction,official Colorado Secretary of State lobbyist-income source rows; unaffected state-jurisdiction control for federal HLOGA shock; pre/post rows observed for same state lobbying client and source-derived issue,2006-01-01,2007-09-13,2007-09-14,2008-12-31,0.6500,,reviewed_control_unaffected_state_lobbying_prepost,"control assignment comes from official Colorado state-lobbying income rows with observed pre/post HLOGA-window coverage; it is an unaffected-jurisdiction control surface, not proof that the client lacks separate federal LDA exposure"
