canonicalActorId,primaryName,filingUuid,filingYear,filingPeriod,filingType,periodStart,periodEnd,clientName,clientApiId,clientRelationshipId,registrantName,registrantApiId,incomeDollars,expensesDollars,expensesMethod,expensesMethodDisplay,amountKind,sameClientRegistrantName,dtPosted,terminationDate,filingDocumentUrl,filingApiUrl,aliasReviewId,retrievedDate,sourceFingerprint
cand-372cc95f9387,AMERICAN PUBLIC GAS ASSOCIATION,358065cf-c410-4606-b026-a6e10725c3a8,2003,mid_year,MM,2003-01-01,2003-06-30,AMERICAN PUBLIC GAS ASSOCIATION,160070,1751,ERNST & YOUNG LLP (WASHINGTON COUNCIL ERNST & YOUNG),57475,20000.00,,,,income,false,2003-08-04T00:00:00-04:00,,https://lda.gov/filings/public/filing/358065cf-c410-4606-b026-a6e10725c3a8/print/,https://lda.gov/api/v1/filings/358065cf-c410-4606-b026-a6e10725c3a8/,,2026-09-12,fbd71110613e07a0460635ce7d1e42917224081fa99da0c4a2c3131148332f6c
cand-372cc95f9387,AMERICAN PUBLIC GAS ASSOCIATION,50ca0707-6dc1-43a0-9115-89ba56ffd0c7,2003,mid_year,MA,2003-01-01,2003-06-30,AMERICAN PUBLIC GAS ASSOCIATION,167305,12,THE AMERICAN PUBLIC GAS ASSOCIATION,74077,,,,,neither,false,2004-02-24T00:00:00-05:00,,https://lda.gov/filings/public/filing/50ca0707-6dc1-43a0-9115-89ba56ffd0c7/print/,https://lda.gov/api/v1/filings/50ca0707-6dc1-43a0-9115-89ba56ffd0c7/,,2026-09-12,a169b47c1f27e75cdc6f93a5a95e29d22e64661041698efae44d4c7ae3b4e854
cand-372cc95f9387,AMERICAN PUBLIC GAS ASSOCIATION,9bd361f7-98e7-46a9-90cd-267ace5ca84c,2003,mid_year,MM,2003-01-01,2003-06-30,AMERICAN PUBLIC GAS ASSOCIATION,167305,12,THE AMERICAN PUBLIC GAS ASSOCIATION,74077,,100000.00,,,expenses,false,2002-08-29T00:00:00-04:00,,https://lda.gov/filings/public/filing/9bd361f7-98e7-46a9-90cd-267ace5ca84c/print/,https://lda.gov/api/v1/filings/9bd361f7-98e7-46a9-90cd-267ace5ca84c/,,2026-09-12,466a8828cc5c77647ccbb75a8911f5f3bcba8c00487282aecc371f830e986b61
cand-372cc95f9387,AMERICAN PUBLIC GAS ASSOCIATION,da48ba96-86c9-46c6-b602-d07ad8673ef6,2003,year_end,YY,2003-07-01,2003-12-31,AMERICAN PUBLIC GAS ASSOCIATION,167305,12,THE AMERICAN PUBLIC GAS ASSOCIATION,74077,,40000.00,,,expenses,false,2004-02-17T00:00:00-05:00,,https://lda.gov/filings/public/filing/da48ba96-86c9-46c6-b602-d07ad8673ef6/print/,https://lda.gov/api/v1/filings/da48ba96-86c9-46c6-b602-d07ad8673ef6/,,2026-09-12,b16a23f150bfbdda581d7ccff78a054139d75fcbbbf1beea207e356704b2bdad
cand-372cc95f9387,AMERICAN PUBLIC GAS ASSOCIATION,e8de5ab7-9b7d-4996-a61b-d886104f6a86,2003,year_end,YY,2003-07-01,2003-12-31,AMERICAN PUBLIC GAS ASSOCIATION,160070,1751,ERNST & YOUNG LLP (WASHINGTON COUNCIL ERNST & YOUNG),57475,40000.00,,,,income,false,2004-02-17T00:00:00-05:00,,https://lda.gov/filings/public/filing/e8de5ab7-9b7d-4996-a61b-d886104f6a86/print/,https://lda.gov/api/v1/filings/e8de5ab7-9b7d-4996-a61b-d886104f6a86/,,2026-09-12,be9c03e4fae8099a56f05f98ef7e3e9527e95f173d92c6bad4679b31f56849b4
cand-372cc95f9387,AMERICAN PUBLIC GAS ASSOCIATION,93504b46-6a96-443b-8a49-7db43356b29a,2004,mid_year,MT,2004-01-01,2004-06-30,AMERICAN PUBLIC GAS ASSOCIATION,160070,1751,ERNST & YOUNG LLP (WASHINGTON COUNCIL ERNST & YOUNG),57475,0.00,,,,income,false,2004-08-16T00:00:00-04:00,,https://lda.gov/filings/public/filing/93504b46-6a96-443b-8a49-7db43356b29a/print/,https://lda.gov/api/v1/filings/93504b46-6a96-443b-8a49-7db43356b29a/,,2026-09-12,072b006ae19b5f63bdca53a9b6060a62e5c92513530d2b5b8cf624087a6cb4b2
cand-372cc95f9387,AMERICAN PUBLIC GAS ASSOCIATION,95aac699-cc90-4b5f-be0d-fc27f41e5759,2004,mid_year,MM,2004-01-01,2004-06-30,AMERICAN PUBLIC GAS ASSOCIATION,167305,12,THE AMERICAN PUBLIC GAS ASSOCIATION,74077,,20000.00,,,expenses,false,2004-08-11T00:00:00-04:00,,https://lda.gov/filings/public/filing/95aac699-cc90-4b5f-be0d-fc27f41e5759/print/,https://lda.gov/api/v1/filings/95aac699-cc90-4b5f-be0d-fc27f41e5759/,,2026-09-12,234751a5259e882f8d1801dd299330a72c330f6dcfe5cdb4911bc533b9d61bf4
cand-372cc95f9387,AMERICAN PUBLIC GAS ASSOCIATION,dfd14ccd-5c6e-4d93-a0f5-e346845c4e07,2004,year_end,YY,2004-07-01,2004-12-31,AMERICAN PUBLIC GAS ASSOCIATION,167305,12,THE AMERICAN PUBLIC GAS ASSOCIATION,74077,,20000.00,,,expenses,false,2005-03-01T00:00:00-05:00,,https://lda.gov/filings/public/filing/dfd14ccd-5c6e-4d93-a0f5-e346845c4e07/print/,https://lda.gov/api/v1/filings/dfd14ccd-5c6e-4d93-a0f5-e346845c4e07/,,2026-09-12,aa1c4e42dbdf6d900775ce23b7fe65204931286273648fbc419f57d3af87cab7
cand-372cc95f9387,AMERICAN PUBLIC GAS ASSOCIATION,738f5dad-26ac-434e-82cc-e8f3c13feedd,2005,mid_year,MM,2005-01-01,2005-06-30,AMERICAN PUBLIC GAS ASSOCIATION,167305,12,THE AMERICAN PUBLIC GAS ASSOCIATION,74077,,25000.00,,,expenses,false,2005-08-24T00:00:00-04:00,,https://lda.gov/filings/public/filing/738f5dad-26ac-434e-82cc-e8f3c13feedd/print/,https://lda.gov/api/v1/filings/738f5dad-26ac-434e-82cc-e8f3c13feedd/,,2026-09-12,a0f96a149234d0e1fc03135a2cfca67475b4af8f1dbee761b2b13b411ac51265
cand-372cc95f9387,AMERICAN PUBLIC GAS ASSOCIATION,1c05ce98-b02a-4e6c-8964-f7cf2ae30595,2005,year_end,YY,2005-07-01,2005-12-31,AMERICAN PUBLIC GAS ASSOCIATION,167305,12,THE AMERICAN PUBLIC GAS ASSOCIATION,74077,,15000.00,,,expenses,false,2006-02-27T00:00:00-05:00,,https://lda.gov/filings/public/filing/1c05ce98-b02a-4e6c-8964-f7cf2ae30595/print/,https://lda.gov/api/v1/filings/1c05ce98-b02a-4e6c-8964-f7cf2ae30595/,,2026-09-12,4b1857a2e758f59b43a6c6829bca63d90626a5f19a8c08e25b68bb4c581cdbe1
cand-372cc95f9387,AMERICAN PUBLIC GAS ASSOCIATION,3af0b5c9-a8c0-4e08-91c2-7b9c826d3719,2006,mid_year,MM,2006-01-01,2006-06-30,AMERICAN PUBLIC GAS ASSOCIATION,167305,12,THE AMERICAN PUBLIC GAS ASSOCIATION,74077,,18000.00,,,expenses,false,2006-08-17T00:00:00-04:00,,https://lda.gov/filings/public/filing/3af0b5c9-a8c0-4e08-91c2-7b9c826d3719/print/,https://lda.gov/api/v1/filings/3af0b5c9-a8c0-4e08-91c2-7b9c826d3719/,,2026-09-12,273a27c84e88912d31ff7fdbe368b10cacf7bd81c2bbcf1819b8ff95e5de207d
cand-372cc95f9387,AMERICAN PUBLIC GAS ASSOCIATION,099a0441-bbad-4951-9803-79dc4d794706,2006,year_end,YY,2006-07-01,2006-12-31,AMERICAN PUBLIC GAS ASSOCIATION,167305,12,THE AMERICAN PUBLIC GAS ASSOCIATION,74077,,18000.00,,,expenses,false,2007-02-26T00:00:00-05:00,,https://lda.gov/filings/public/filing/099a0441-bbad-4951-9803-79dc4d794706/print/,https://lda.gov/api/v1/filings/099a0441-bbad-4951-9803-79dc4d794706/,,2026-09-12,78f981287a014773ae84cc0c567805f0ecdcbcf68770db54ffc6248f9ceb725f
cand-372cc95f9387,AMERICAN PUBLIC GAS ASSOCIATION,2faadfa7-c6a0-4eba-8372-42fa1a285ea9,2006,year_end,YA,2006-07-01,2006-12-31,AMERICAN PUBLIC GAS ASSOCIATION,102310,3262,ALSTON & BIRD LLP,1182,,,,,neither,false,2007-02-16T13:33:25-05:00,,https://lda.gov/filings/public/filing/2faadfa7-c6a0-4eba-8372-42fa1a285ea9/print/,https://lda.gov/api/v1/filings/2faadfa7-c6a0-4eba-8372-42fa1a285ea9/,,2026-09-12,3029bdf89fe890c4cb3edf87a2b83b83aa573d43b351e42f35686e39f3ab64c8
cand-372cc95f9387,AMERICAN PUBLIC GAS ASSOCIATION,93264201-87dd-4466-8c4a-22cfc59e6c4c,2006,year_end,YY,2006-07-01,2006-12-31,AMERICAN PUBLIC GAS ASSOCIATION,102310,3262,ALSTON & BIRD LLP,1182,,,,,neither,false,2007-02-13T16:09:57-05:00,,https://lda.gov/filings/public/filing/93264201-87dd-4466-8c4a-22cfc59e6c4c/print/,https://lda.gov/api/v1/filings/93264201-87dd-4466-8c4a-22cfc59e6c4c/,,2026-09-12,be5bb6d36b11b2ab99216191f9f213719e0d54084cb0ed3af64841db031830d8
cand-372cc95f9387,AMERICAN PUBLIC GAS ASSOCIATION,28145cd1-a9d1-4857-b5e0-a3fb29a4cdc7,2007,mid_year,MM,2007-01-01,2007-06-30,AMERICAN PUBLIC GAS ASSOCIATION,102310,3262,ALSTON & BIRD LLP,1182,40000.00,,,,income,false,2007-08-06T16:40:45-04:00,,https://lda.gov/filings/public/filing/28145cd1-a9d1-4857-b5e0-a3fb29a4cdc7/print/,https://lda.gov/api/v1/filings/28145cd1-a9d1-4857-b5e0-a3fb29a4cdc7/,,2026-09-12,af01cdb4314a8c821ce4b5f07368b33a18e60c193a2a58cc544757ebea8c137f
cand-372cc95f9387,AMERICAN PUBLIC GAS ASSOCIATION,414dcc36-cd58-419e-a8e5-e2387d444783,2007,mid_year,MM,2007-01-01,2007-06-30,AMERICAN PUBLIC GAS ASSOCIATION,167305,12,THE AMERICAN PUBLIC GAS ASSOCIATION,74077,,20000.00,,,expenses,false,2007-08-07T00:00:00-04:00,,https://lda.gov/filings/public/filing/414dcc36-cd58-419e-a8e5-e2387d444783/print/,https://lda.gov/api/v1/filings/414dcc36-cd58-419e-a8e5-e2387d444783/,,2026-09-12,c5a3a6ba85543b78b4d7e0bda9aca7f0d48d2ca630c17db0314ca6aeb0ef2a90
cand-372cc95f9387,AMERICAN PUBLIC GAS ASSOCIATION,f200a51d-8c9c-4a10-abec-897f12f26dd6,2007,mid_year,RR,2007-01-01,2007-06-30,AMERICAN PUBLIC GAS ASSOCIATION,102310,3262,ALSTON & BIRD LLP,1182,,,,,neither,false,2007-01-11T00:00:00-05:00,,https://lda.gov/filings/public/filing/f200a51d-8c9c-4a10-abec-897f12f26dd6/print/,https://lda.gov/api/v1/filings/f200a51d-8c9c-4a10-abec-897f12f26dd6/,,2026-09-12,d3ba5267056e5b3a0eca4aa39c27379d8a0ad3cc1ba2169b385d825d36e94401
cand-372cc95f9387,AMERICAN PUBLIC GAS ASSOCIATION,5c742088-c65d-4247-925b-2ea04f84dd0d,2007,year_end,YY,2007-07-01,2007-12-31,AMERICAN PUBLIC GAS ASSOCIATION,167305,12,THE AMERICAN PUBLIC GAS ASSOCIATION,74077,,40000.00,,,expenses,false,2008-02-06T14:41:33.870000-05:00,,https://lda.gov/filings/public/filing/5c742088-c65d-4247-925b-2ea04f84dd0d/print/,https://lda.gov/api/v1/filings/5c742088-c65d-4247-925b-2ea04f84dd0d/,,2026-09-12,9f86c4b86c0d563912eeb971586b6165dccbf5697837e101cbcdfd527e69bd1b
cand-372cc95f9387,AMERICAN PUBLIC GAS ASSOCIATION,b732d451-3b4e-47bf-b3f8-e9c75c6d7783,2007,year_end,YY,2007-07-01,2007-12-31,AMERICAN PUBLIC GAS ASSOCIATION,102310,3262,ALSTON & BIRD LLP,1182,40000.00,,,,income,false,2008-02-08T13:52:01.260000-05:00,,https://lda.gov/filings/public/filing/b732d451-3b4e-47bf-b3f8-e9c75c6d7783/print/,https://lda.gov/api/v1/filings/b732d451-3b4e-47bf-b3f8-e9c75c6d7783/,,2026-09-12,6a9450487da9113364a46b051c19f055448e21a5fe4d214012c611e6c8c2010a
cand-372cc95f9387,AMERICAN PUBLIC GAS ASSOCIATION,52179605-54cc-4c8c-bd50-3e0e8f29829f,2008,first_quarter,Q1,2008-01-01,2008-03-31,AMERICAN PUBLIC GAS ASSOCIATION,167305,12,THE AMERICAN PUBLIC GAS ASSOCIATION,74077,,20000.00,a,Method A - Reporting amounts using LDA definitions only,expenses,false,2008-04-15T13:38:46-04:00,,https://lda.gov/filings/public/filing/52179605-54cc-4c8c-bd50-3e0e8f29829f/print/,https://lda.gov/api/v1/filings/52179605-54cc-4c8c-bd50-3e0e8f29829f/,,2026-09-12,cbf1d5c20ed60c39114998a0542b07e1c8aa9ed2dc757f9aba8c83fef680bb31
cand-372cc95f9387,AMERICAN PUBLIC GAS ASSOCIATION,727378e9-832b-4166-a15c-b5cb99ac1745,2008,first_quarter,Q1Y,2008-01-01,2008-03-31,AMERICAN PUBLIC GAS ASSOCIATION,102310,3262,ALSTON & BIRD LLP,1182,,,,,neither,false,2008-04-21T11:48:29-04:00,,https://lda.gov/filings/public/filing/727378e9-832b-4166-a15c-b5cb99ac1745/print/,https://lda.gov/api/v1/filings/727378e9-832b-4166-a15c-b5cb99ac1745/,,2026-09-12,3376186d822e1ca6d1638607e42667400588df08e26a3f81a9a1e76d164ea713
cand-372cc95f9387,AMERICAN PUBLIC GAS ASSOCIATION,810962fe-5fe4-47b3-8cea-3e822d961a29,2008,second_quarter,Q2,2008-04-01,2008-06-30,AMERICAN PUBLIC GAS ASSOCIATION,167305,12,THE AMERICAN PUBLIC GAS ASSOCIATION,74077,,40000.00,a,Method A - Reporting amounts using LDA definitions only,expenses,false,2008-07-17T17:16:27-04:00,,https://lda.gov/filings/public/filing/810962fe-5fe4-47b3-8cea-3e822d961a29/print/,https://lda.gov/api/v1/filings/810962fe-5fe4-47b3-8cea-3e822d961a29/,,2026-09-12,6b8840d1df6a54eea553868d99ccc62fcd6b42a5fbb52a9bb6753e606e59199a
cand-372cc95f9387,AMERICAN PUBLIC GAS ASSOCIATION,b06808d1-7bfe-4157-a1d6-accc60482574,2008,second_quarter,Q2,2008-04-01,2008-06-30,AMERICAN PUBLIC GAS ASSOCIATION,102310,3262,ALSTON & BIRD LLP,1182,10000.00,,,,income,false,2008-07-21T16:46:25-04:00,,https://lda.gov/filings/public/filing/b06808d1-7bfe-4157-a1d6-accc60482574/print/,https://lda.gov/api/v1/filings/b06808d1-7bfe-4157-a1d6-accc60482574/,,2026-09-12,c212edd25567029e1d3f94164b00cb0016dba9537c29f8197f0fe28cd209898f
cand-372cc95f9387,AMERICAN PUBLIC GAS ASSOCIATION,0059d5b4-2ab6-4d9f-97b5-30fe7d9e1d21,2008,third_quarter,Q3,2008-07-01,2008-09-30,AMERICAN PUBLIC GAS ASSOCIATION,102310,3262,ALSTON & BIRD LLP,1182,10000.00,,,,income,false,2008-10-20T15:35:25-04:00,,https://lda.gov/filings/public/filing/0059d5b4-2ab6-4d9f-97b5-30fe7d9e1d21/print/,https://lda.gov/api/v1/filings/0059d5b4-2ab6-4d9f-97b5-30fe7d9e1d21/,,2026-09-12,74cd63dfbb418887d7e1c1f78cce5db1a38a16060c932e95cf144f5bfba44814
cand-372cc95f9387,AMERICAN PUBLIC GAS ASSOCIATION,a2f07ff3-5b62-45a2-a2a7-070cbeab48a4,2008,third_quarter,Q3,2008-07-01,2008-09-30,AMERICAN PUBLIC GAS ASSOCIATION,167305,12,THE AMERICAN PUBLIC GAS ASSOCIATION,74077,,20000.00,a,Method A - Reporting amounts using LDA definitions only,expenses,false,2008-10-20T15:27:30-04:00,,https://lda.gov/filings/public/filing/a2f07ff3-5b62-45a2-a2a7-070cbeab48a4/print/,https://lda.gov/api/v1/filings/a2f07ff3-5b62-45a2-a2a7-070cbeab48a4/,,2026-09-12,e2c2d792478f8be3ea9ecd20b6e0f902310d438e51594dad98bb921073ab4540
cand-372cc95f9387,AMERICAN PUBLIC GAS ASSOCIATION,016d38d6-def3-4035-ba77-330dc398c5f2,2008,fourth_quarter,Q4,2008-10-01,2008-12-31,AMERICAN PUBLIC GAS ASSOCIATION,167305,12,THE AMERICAN PUBLIC GAS ASSOCIATION,74077,,15000.00,a,Method A - Reporting amounts using LDA definitions only,expenses,false,2009-01-14T14:58:05-05:00,,https://lda.gov/filings/public/filing/016d38d6-def3-4035-ba77-330dc398c5f2/print/,https://lda.gov/api/v1/filings/016d38d6-def3-4035-ba77-330dc398c5f2/,,2026-09-12,2bfb0c78d66c4c798fb7f045d235d8268db7cefa66d59f9679027c9414d53695
cand-372cc95f9387,AMERICAN PUBLIC GAS ASSOCIATION,2d458866-9560-449d-b1a5-2a6a4c5d73b7,2008,fourth_quarter,Q4,2008-10-01,2008-12-31,AMERICAN PUBLIC GAS ASSOCIATION,102310,3262,ALSTON & BIRD LLP,1182,10000.00,,,,income,false,2009-01-21T18:49:04-05:00,,https://lda.gov/filings/public/filing/2d458866-9560-449d-b1a5-2a6a4c5d73b7/print/,https://lda.gov/api/v1/filings/2d458866-9560-449d-b1a5-2a6a4c5d73b7/,,2026-09-12,b6fc98068d752f1763852d6afe7315a7cd527c8af5c7b3de95e65da97fd05af9
cand-372cc95f9387,AMERICAN PUBLIC GAS ASSOCIATION,41dbf8a1-f626-4a1a-9da4-dd9c06b39b4d,2008,fourth_quarter,4A,2008-10-01,2008-12-31,AMERICAN PUBLIC GAS ASSOCIATION,167305,12,THE AMERICAN PUBLIC GAS ASSOCIATION,74077,,15000.00,a,Method A - Reporting amounts using LDA definitions only,expenses,false,2009-02-27T14:21:39-05:00,,https://lda.gov/filings/public/filing/41dbf8a1-f626-4a1a-9da4-dd9c06b39b4d/print/,https://lda.gov/api/v1/filings/41dbf8a1-f626-4a1a-9da4-dd9c06b39b4d/,,2026-09-12,b21f3c17667663b8a9d9e8cb422764dec46fb65fc242817b88497a3a88cb511e
cand-5d1da86118e5,AMERICAN BENEFITS COUNCIL,0d75a1d0-7f2b-4d50-a5c0-d51289935e63,2003,mid_year,MM,2003-01-01,2003-06-30,AMERICAN BENEFITS COUNCIL,116145,101,DAVIS & HARMAN LLP,11674,120000.00,,,,income,false,2003-08-27T00:00:00-04:00,,https://lda.gov/filings/public/filing/0d75a1d0-7f2b-4d50-a5c0-d51289935e63/print/,https://lda.gov/api/v1/filings/0d75a1d0-7f2b-4d50-a5c0-d51289935e63/,,2026-09-12,44bd7dd1ab5f9620bf973ee7cfe9cf0e0a827909fcfda67b501fdfc187acc31e
cand-5d1da86118e5,AMERICAN BENEFITS COUNCIL,6089f3b9-4642-4e84-8b23-0d4ad915c0c4,2003,mid_year,MM,2003-01-01,2003-06-30,AMERICAN BENEFITS COUNCIL,122689,327,"GROOM LAW GROUP, CHARTERED",17000,40000.00,,,,income,false,2003-08-11T00:00:00-04:00,,https://lda.gov/filings/public/filing/6089f3b9-4642-4e84-8b23-0d4ad915c0c4/print/,https://lda.gov/api/v1/filings/6089f3b9-4642-4e84-8b23-0d4ad915c0c4/,,2026-09-12,822df43fa76eb62ba4ccc0cc7cf9250c48b76344484e3d2d7802396a55c94835
cand-5d1da86118e5,AMERICAN BENEFITS COUNCIL,7c0c36af-cf9e-492b-a384-ccf3f8fc82a8,2003,mid_year,MM,2003-01-01,2003-06-30,AMERICAN BENEFITS COUNCIL,104889,12,AMERICAN BENEFITS COUNCIL,4675,,160000.00,,,expenses,true,2003-08-25T00:00:00-04:00,,https://lda.gov/filings/public/filing/7c0c36af-cf9e-492b-a384-ccf3f8fc82a8/print/,https://lda.gov/api/v1/filings/7c0c36af-cf9e-492b-a384-ccf3f8fc82a8/,,2026-09-12,fa1623402ef4704c09705f6efc4996333f6f5e4999f2dbe6d409253ef4cd29d1
cand-5d1da86118e5,AMERICAN BENEFITS COUNCIL,00a1d420-2f04-4ab3-ad58-f53d935bbb7d,2003,year_end,YY,2003-07-01,2003-12-31,AMERICAN BENEFITS COUNCIL,104889,12,AMERICAN BENEFITS COUNCIL,4675,,,,,neither,true,2004-03-17T00:00:00-05:00,,https://lda.gov/filings/public/filing/00a1d420-2f04-4ab3-ad58-f53d935bbb7d/print/,https://lda.gov/api/v1/filings/00a1d420-2f04-4ab3-ad58-f53d935bbb7d/,,2026-09-12,ed6e59ec8fe2219e75753603b459a546b552c78bfbf80f4b84183704103e8d75
cand-5d1da86118e5,AMERICAN BENEFITS COUNCIL,4179386f-fdef-4d51-ae21-b1e3921f156c,2003,year_end,YY,2003-07-01,2003-12-31,AMERICAN BENEFITS COUNCIL,122689,327,"GROOM LAW GROUP, CHARTERED",17000,20000.00,,,,income,false,2004-02-13T00:00:00-05:00,,https://lda.gov/filings/public/filing/4179386f-fdef-4d51-ae21-b1e3921f156c/print/,https://lda.gov/api/v1/filings/4179386f-fdef-4d51-ae21-b1e3921f156c/,,2026-09-12,8c2cee5d4dbdb052fbaac4b89fd08815c10d242800e391bb7d5ab2d0ec64eec9
cand-5d1da86118e5,AMERICAN BENEFITS COUNCIL,caacf53e-de2f-48aa-ba48-f0ced727c6df,2003,year_end,YY,2003-07-01,2003-12-31,AMERICAN BENEFITS COUNCIL,116145,101,DAVIS & HARMAN LLP,11674,160000.00,,,,income,false,2004-02-17T00:00:00-05:00,,https://lda.gov/filings/public/filing/caacf53e-de2f-48aa-ba48-f0ced727c6df/print/,https://lda.gov/api/v1/filings/caacf53e-de2f-48aa-ba48-f0ced727c6df/,,2026-09-12,3e85f07edb345524a8ca24fd5cae38f112b91d890e1f01a4abbd5d2e79c0e005
cand-5d1da86118e5,AMERICAN BENEFITS COUNCIL,12aa12aa-7593-44f2-ae3e-8485cea4c657,2004,mid_year,MM,2004-01-01,2004-06-30,AMERICAN BENEFITS COUNCIL,122689,327,"GROOM LAW GROUP, CHARTERED",17000,20000.00,,,,income,false,2004-08-11T00:00:00-04:00,,https://lda.gov/filings/public/filing/12aa12aa-7593-44f2-ae3e-8485cea4c657/print/,https://lda.gov/api/v1/filings/12aa12aa-7593-44f2-ae3e-8485cea4c657/,,2026-09-12,cd9cd3f8a4cc339a05062d9a222695ad8846462d09a4e7a741075a055633e4aa
cand-5d1da86118e5,AMERICAN BENEFITS COUNCIL,1ab94ade-eeaf-4907-ae50-ed105c3fd66b,2004,mid_year,MM,2004-01-01,2004-06-30,AMERICAN BENEFITS COUNCIL,104889,12,AMERICAN BENEFITS COUNCIL,4675,,140000.00,,,expenses,true,2004-08-12T00:00:00-04:00,,https://lda.gov/filings/public/filing/1ab94ade-eeaf-4907-ae50-ed105c3fd66b/print/,https://lda.gov/api/v1/filings/1ab94ade-eeaf-4907-ae50-ed105c3fd66b/,,2026-09-12,d23f26c200ef6e730c0b4ee598c36b407278456f9aaeacb00009b2c7e506e0b2
cand-5d1da86118e5,AMERICAN BENEFITS COUNCIL,c4b49598-349d-414d-b6ec-c4b99677b857,2004,mid_year,RR,2004-01-01,2004-06-30,AMERICAN BENEFITS COUNCIL,162720,1002,VENN STRATEGIES,65191,,,,,neither,false,2005-01-11T00:00:00-05:00,,https://lda.gov/filings/public/filing/c4b49598-349d-414d-b6ec-c4b99677b857/print/,https://lda.gov/api/v1/filings/c4b49598-349d-414d-b6ec-c4b99677b857/,,2026-09-12,d18ce21ed9dad6f78ba82ba7ffdcfb898657e2294de71f48119422dbde74e29e
cand-5d1da86118e5,AMERICAN BENEFITS COUNCIL,f04b09e0-6640-4f9b-b494-ac8dc6ef3f08,2004,mid_year,MM,2004-01-01,2004-06-30,AMERICAN BENEFITS COUNCIL,116145,101,DAVIS & HARMAN LLP,11674,120000.00,,,,income,false,2004-08-16T00:00:00-04:00,,https://lda.gov/filings/public/filing/f04b09e0-6640-4f9b-b494-ac8dc6ef3f08/print/,https://lda.gov/api/v1/filings/f04b09e0-6640-4f9b-b494-ac8dc6ef3f08/,,2026-09-12,af08f9c5b2710f91f160dbd2b12dfdfa7590fbde72eb42ffe034d3727d1bbb98
cand-5d1da86118e5,AMERICAN BENEFITS COUNCIL,2acb291e-94d6-4287-92db-aaf382f295ca,2004,year_end,YY,2004-07-01,2004-12-31,AMERICAN BENEFITS COUNCIL,104889,12,AMERICAN BENEFITS COUNCIL,4675,,160000.00,,,expenses,true,2005-02-15T00:00:00-05:00,,https://lda.gov/filings/public/filing/2acb291e-94d6-4287-92db-aaf382f295ca/print/,https://lda.gov/api/v1/filings/2acb291e-94d6-4287-92db-aaf382f295ca/,,2026-09-12,7922c88cb047282c48f4daaa80f2316cb195c6f925246dd110a47dd07c79fcd3
cand-5d1da86118e5,AMERICAN BENEFITS COUNCIL,339e014f-bc90-400f-b008-92c3e9947985,2004,year_end,YY,2004-07-01,2004-12-31,AMERICAN BENEFITS COUNCIL,122689,327,"GROOM LAW GROUP, CHARTERED",17000,40000.00,,,,income,false,2005-02-08T00:00:00-05:00,,https://lda.gov/filings/public/filing/339e014f-bc90-400f-b008-92c3e9947985/print/,https://lda.gov/api/v1/filings/339e014f-bc90-400f-b008-92c3e9947985/,,2026-09-12,4c53203b022cf71e180b363afa129377469076ab78fc7215a02cf4d10b0fbb7d
cand-5d1da86118e5,AMERICAN BENEFITS COUNCIL,59aac726-b042-4288-8c75-44b953cbf7ec,2004,year_end,YT,2004-07-01,2004-12-31,AMERICAN BENEFITS COUNCIL,162720,1002,VENN STRATEGIES,65191,40000.00,,,,income,false,2005-02-10T00:00:00-05:00,,https://lda.gov/filings/public/filing/59aac726-b042-4288-8c75-44b953cbf7ec/print/,https://lda.gov/api/v1/filings/59aac726-b042-4288-8c75-44b953cbf7ec/,,2026-09-12,bbe02c133955a543e42477541e8b1a9531fe74d8cc45377f4b1e232b01402d21
cand-5d1da86118e5,AMERICAN BENEFITS COUNCIL,6b9c7b38-f13e-4b74-b3fc-82f877aed13d,2004,year_end,YY,2004-07-01,2004-12-31,AMERICAN BENEFITS COUNCIL,116145,101,DAVIS & HARMAN LLP,11674,120000.00,,,,income,false,2005-02-15T00:00:00-05:00,,https://lda.gov/filings/public/filing/6b9c7b38-f13e-4b74-b3fc-82f877aed13d/print/,https://lda.gov/api/v1/filings/6b9c7b38-f13e-4b74-b3fc-82f877aed13d/,,2026-09-12,627bc6dfd46d869384e02961207230b118dd6357de0592fda258f0b9ad84bd1b
cand-5d1da86118e5,AMERICAN BENEFITS COUNCIL,0b2d2c1e-1895-45f1-bfef-39c8981dad41,2005,mid_year,MM,2005-01-01,2005-06-30,AMERICAN BENEFITS COUNCIL,104889,12,AMERICAN BENEFITS COUNCIL,4675,,160000.00,,,expenses,true,2005-08-15T00:00:00-04:00,,https://lda.gov/filings/public/filing/0b2d2c1e-1895-45f1-bfef-39c8981dad41/print/,https://lda.gov/api/v1/filings/0b2d2c1e-1895-45f1-bfef-39c8981dad41/,,2026-09-12,e60f9ab563a955ccc9a2e00e884a587843c6043b3428b3744581ce8f9e17826b
cand-5d1da86118e5,AMERICAN BENEFITS COUNCIL,94019fea-e171-438b-8046-89fce3e8e2a8,2005,mid_year,MM,2005-01-01,2005-06-30,AMERICAN BENEFITS COUNCIL,116145,101,DAVIS & HARMAN LLP,11674,140000.00,,,,income,false,2005-08-15T00:00:00-04:00,,https://lda.gov/filings/public/filing/94019fea-e171-438b-8046-89fce3e8e2a8/print/,https://lda.gov/api/v1/filings/94019fea-e171-438b-8046-89fce3e8e2a8/,,2026-09-12,7f670a895b4a36d75d0b165d97e4a4b566323d23b335bdabb90b9befe0515ac4
cand-5d1da86118e5,AMERICAN BENEFITS COUNCIL,ebb2e32d-6728-4b04-a558-354418fb1e46,2005,mid_year,MM,2005-01-01,2005-06-30,AMERICAN BENEFITS COUNCIL,122689,327,"GROOM LAW GROUP, CHARTERED",17000,,,,,neither,false,2005-08-11T00:00:00-04:00,,https://lda.gov/filings/public/filing/ebb2e32d-6728-4b04-a558-354418fb1e46/print/,https://lda.gov/api/v1/filings/ebb2e32d-6728-4b04-a558-354418fb1e46/,,2026-09-12,42e4185e2a4cb989146cf28ebeceb029ab3849fafc7766d3e235e21e8ee22fd5
cand-5d1da86118e5,AMERICAN BENEFITS COUNCIL,7dba6b1c-f74b-4bbb-a21f-a5b7ade61bea,2005,year_end,YY,2005-07-01,2005-12-31,AMERICAN BENEFITS COUNCIL,122689,327,"GROOM LAW GROUP, CHARTERED",17000,20000.00,,,,income,false,2006-02-14T00:00:00-05:00,,https://lda.gov/filings/public/filing/7dba6b1c-f74b-4bbb-a21f-a5b7ade61bea/print/,https://lda.gov/api/v1/filings/7dba6b1c-f74b-4bbb-a21f-a5b7ade61bea/,,2026-09-12,11f94155bd377fbcf51b251a5cc4a81013d228ac53839e75d62b2d6782f3623a
cand-5d1da86118e5,AMERICAN BENEFITS COUNCIL,90721ca8-43c0-4546-9dd0-416f20073363,2005,year_end,YY,2005-07-01,2005-12-31,AMERICAN BENEFITS COUNCIL,116145,101,DAVIS & HARMAN LLP,11674,120000.00,,,,income,false,2006-02-14T00:00:00-05:00,,https://lda.gov/filings/public/filing/90721ca8-43c0-4546-9dd0-416f20073363/print/,https://lda.gov/api/v1/filings/90721ca8-43c0-4546-9dd0-416f20073363/,,2026-09-12,a1bf9f092fedede0863a3fa8025bf789e5c8e2c385375e9e4ad95088e735bd9c
cand-5d1da86118e5,AMERICAN BENEFITS COUNCIL,fd807978-b040-4366-9f57-69e03bdac006,2005,year_end,YY,2005-07-01,2005-12-31,AMERICAN BENEFITS COUNCIL,104889,12,AMERICAN BENEFITS COUNCIL,4675,,140000.00,,,expenses,true,2006-02-16T00:00:00-05:00,,https://lda.gov/filings/public/filing/fd807978-b040-4366-9f57-69e03bdac006/print/,https://lda.gov/api/v1/filings/fd807978-b040-4366-9f57-69e03bdac006/,,2026-09-12,2121512ee4c1dc205d6fbfa3428622d9881518f6ea736729157e38ab4f3ad083
cand-5d1da86118e5,AMERICAN BENEFITS COUNCIL,3edb927b-d65d-4773-9d40-71c0289631cc,2006,mid_year,M@Y,2006-01-01,2006-06-30,AMERICAN BENEFITS COUNCIL,116558,1001245,DELOITTE TAX LLP,11971,0.00,,,,income,false,2007-09-06T00:00:00-04:00,,https://lda.gov/filings/public/filing/3edb927b-d65d-4773-9d40-71c0289631cc/print/,https://lda.gov/api/v1/filings/3edb927b-d65d-4773-9d40-71c0289631cc/,,2026-09-12,8df3e2f57a7d8d7ee283abd58be0866cefebb4c03f85ac4b0e035a5ba96f69f4
cand-5d1da86118e5,AMERICAN BENEFITS COUNCIL,539cad25-3f00-4f59-80d3-ce2f9e1dc6e0,2006,mid_year,MM,2006-01-01,2006-06-30,AMERICAN BENEFITS COUNCIL,104889,12,AMERICAN BENEFITS COUNCIL,4675,,200000.00,,,expenses,true,2006-08-10T00:00:00-04:00,,https://lda.gov/filings/public/filing/539cad25-3f00-4f59-80d3-ce2f9e1dc6e0/print/,https://lda.gov/api/v1/filings/539cad25-3f00-4f59-80d3-ce2f9e1dc6e0/,,2026-09-12,d44dc709333d074093638e704a08d1bf76561554ce56871dfd382610240a5fb3
cand-5d1da86118e5,AMERICAN BENEFITS COUNCIL,6b9413c2-5037-4766-8a86-3715c3a99d28,2006,mid_year,MM,2006-01-01,2006-06-30,AMERICAN BENEFITS COUNCIL,122689,327,"GROOM LAW GROUP, CHARTERED",17000,40000.00,,,,income,false,2006-08-11T00:00:00-04:00,,https://lda.gov/filings/public/filing/6b9413c2-5037-4766-8a86-3715c3a99d28/print/,https://lda.gov/api/v1/filings/6b9413c2-5037-4766-8a86-3715c3a99d28/,,2026-09-12,49c22010cfe28eaaf6ee7bea7580be87fb46c87a4fc46c54ce14f1bd50a0276a
cand-5d1da86118e5,AMERICAN BENEFITS COUNCIL,fb5f17e6-5fb5-4edb-9d2e-57fa7cef4c03,2006,mid_year,MM,2006-01-01,2006-06-30,AMERICAN BENEFITS COUNCIL,116145,101,DAVIS & HARMAN LLP,11674,160000.00,,,,income,false,2006-08-10T00:00:00-04:00,,https://lda.gov/filings/public/filing/fb5f17e6-5fb5-4edb-9d2e-57fa7cef4c03/print/,https://lda.gov/api/v1/filings/fb5f17e6-5fb5-4edb-9d2e-57fa7cef4c03/,,2026-09-12,ca94cfc292ba1543a87cf452037b5600fddc7960f5d5080d3ff75fb821826be1
cand-5d1da86118e5,AMERICAN BENEFITS COUNCIL,611c3d48-63b1-4736-afab-3c311fa30356,2006,year_end,YY,2006-07-01,2006-12-31,AMERICAN BENEFITS COUNCIL,122689,327,"GROOM LAW GROUP, CHARTERED",17000,,,,,neither,false,2007-02-12T10:02:11-05:00,,https://lda.gov/filings/public/filing/611c3d48-63b1-4736-afab-3c311fa30356/print/,https://lda.gov/api/v1/filings/611c3d48-63b1-4736-afab-3c311fa30356/,,2026-09-12,36d95f7bf9e9bd60d0e886231a2e2d5d57708efbc970ffbcfb37c40625204e7f
cand-5d1da86118e5,AMERICAN BENEFITS COUNCIL,a573ad87-76e5-4807-93fe-966a7054bb70,2006,year_end,YY,2006-07-01,2006-12-31,AMERICAN BENEFITS COUNCIL,116145,101,DAVIS & HARMAN LLP,11674,100000.00,,,,income,false,2007-02-13T14:28:46-05:00,,https://lda.gov/filings/public/filing/a573ad87-76e5-4807-93fe-966a7054bb70/print/,https://lda.gov/api/v1/filings/a573ad87-76e5-4807-93fe-966a7054bb70/,,2026-09-12,0e6b629ff79e348656ca164c6ddaafd801c44e41fd2ebf897d7f03b61601ae96
cand-5d1da86118e5,AMERICAN BENEFITS COUNCIL,b33eabd2-fef1-43e8-8dec-0d35a0e7402c,2006,year_end,YY,2006-07-01,2006-12-31,AMERICAN BENEFITS COUNCIL,104889,12,AMERICAN BENEFITS COUNCIL,4675,,120000.00,,,expenses,true,2007-02-13T10:17:23-05:00,,https://lda.gov/filings/public/filing/b33eabd2-fef1-43e8-8dec-0d35a0e7402c/print/,https://lda.gov/api/v1/filings/b33eabd2-fef1-43e8-8dec-0d35a0e7402c/,,2026-09-12,ce191ba47f564ea559a99ce9ff2ee807d278c4fe87fbdee6694c1a7193143d69
cand-5d1da86118e5,AMERICAN BENEFITS COUNCIL,3f8079dc-3161-4ee6-b1c4-d7df216be1f5,2007,mid_year,RR,2007-01-01,2007-06-30,AMERICAN BENEFITS COUNCIL,116558,1001245,DELOITTE TAX LLP,11971,,,,,neither,false,2007-03-05T14:11:57-05:00,,https://lda.gov/filings/public/filing/3f8079dc-3161-4ee6-b1c4-d7df216be1f5/print/,https://lda.gov/api/v1/filings/3f8079dc-3161-4ee6-b1c4-d7df216be1f5/,,2026-09-12,d1c6f2fd5f80aade8cd85638a3e2ef93bccfe9649b445698112cf92516cbda93
cand-5d1da86118e5,AMERICAN BENEFITS COUNCIL,507f8b76-3d9f-4249-900e-b4aba2e949b4,2007,mid_year,MT,2007-01-01,2007-06-30,AMERICAN BENEFITS COUNCIL,116558,1001245,DELOITTE TAX LLP,11971,,,,,neither,false,2007-08-02T10:57:19-04:00,,https://lda.gov/filings/public/filing/507f8b76-3d9f-4249-900e-b4aba2e949b4/print/,https://lda.gov/api/v1/filings/507f8b76-3d9f-4249-900e-b4aba2e949b4/,,2026-09-12,76b001612e7fa5ede8601f65dfe6fb7e00923b74e90f03728594263f50d836cb
cand-5d1da86118e5,AMERICAN BENEFITS COUNCIL,68d944bb-b5fb-4507-8e84-6a9c1e809405,2007,mid_year,MM,2007-01-01,2007-06-30,AMERICAN BENEFITS COUNCIL,122689,327,"GROOM LAW GROUP, CHARTERED",17000,120000.00,,,,income,false,2007-08-02T09:18:46-04:00,,https://lda.gov/filings/public/filing/68d944bb-b5fb-4507-8e84-6a9c1e809405/print/,https://lda.gov/api/v1/filings/68d944bb-b5fb-4507-8e84-6a9c1e809405/,,2026-09-12,f8e4c5253bb33caa67c04b23656b5b21f4f09c46ca013867e5bf7bec5abf1b9b
cand-5d1da86118e5,AMERICAN BENEFITS COUNCIL,926def77-0b25-4c30-b4c7-6c4d4c89e98a,2007,mid_year,MM,2007-01-01,2007-06-30,AMERICAN BENEFITS COUNCIL,104889,12,AMERICAN BENEFITS COUNCIL,4675,,240000.00,,,expenses,true,2007-08-08T09:07:56-04:00,,https://lda.gov/filings/public/filing/926def77-0b25-4c30-b4c7-6c4d4c89e98a/print/,https://lda.gov/api/v1/filings/926def77-0b25-4c30-b4c7-6c4d4c89e98a/,,2026-09-12,7d71262c234aca839ddf7671938c8df629ccea46a8a6773fcd77e6676baa44b5
cand-5d1da86118e5,AMERICAN BENEFITS COUNCIL,a6af508e-e923-4b7b-aa9d-3ade4ac56137,2007,mid_year,MM,2007-01-01,2007-06-30,AMERICAN BENEFITS COUNCIL,116145,101,DAVIS & HARMAN LLP,11674,120000.00,,,,income,false,2007-08-13T11:53:28-04:00,,https://lda.gov/filings/public/filing/a6af508e-e923-4b7b-aa9d-3ade4ac56137/print/,https://lda.gov/api/v1/filings/a6af508e-e923-4b7b-aa9d-3ade4ac56137/,,2026-09-12,b700d7c5d5a4ba3b297e991be3fe8e6457fdc42804b431b5d53f62b5406c0b16
cand-5d1da86118e5,AMERICAN BENEFITS COUNCIL,1deb76ec-7f20-4460-bec8-5f6cdd6f2fb2,2007,year_end,YY,2007-07-01,2007-12-31,AMERICAN BENEFITS COUNCIL,104889,12,AMERICAN BENEFITS COUNCIL,4675,,200000.00,,,expenses,true,2008-02-14T12:27:15-05:00,,https://lda.gov/filings/public/filing/1deb76ec-7f20-4460-bec8-5f6cdd6f2fb2/print/,https://lda.gov/api/v1/filings/1deb76ec-7f20-4460-bec8-5f6cdd6f2fb2/,,2026-09-12,fda6778ddefc11f3b822687e25b36d5af0916cdb77dbc128762ae3c22bf9ca95
cand-5d1da86118e5,AMERICAN BENEFITS COUNCIL,d8771db3-3a97-4e53-906f-9cd5c833dd26,2007,year_end,YY,2007-07-01,2007-12-31,AMERICAN BENEFITS COUNCIL,116145,101,DAVIS & HARMAN LLP,11674,120000.00,,,,income,false,2008-02-14T12:43:35-05:00,,https://lda.gov/filings/public/filing/d8771db3-3a97-4e53-906f-9cd5c833dd26/print/,https://lda.gov/api/v1/filings/d8771db3-3a97-4e53-906f-9cd5c833dd26/,,2026-09-12,e8299b46f7c09b4817cb38861a1d57cdac22b1e66190f628f5b61bf3759a9bb2
cand-5d1da86118e5,AMERICAN BENEFITS COUNCIL,e72cf48c-dc98-4e86-9b9b-6162db85dd9a,2007,year_end,YY,2007-07-01,2007-12-31,AMERICAN BENEFITS COUNCIL,122689,327,"GROOM LAW GROUP, CHARTERED",17000,80000.00,,,,income,false,2008-02-08T11:11:23.623000-05:00,,https://lda.gov/filings/public/filing/e72cf48c-dc98-4e86-9b9b-6162db85dd9a/print/,https://lda.gov/api/v1/filings/e72cf48c-dc98-4e86-9b9b-6162db85dd9a/,,2026-09-12,118dd12417bce8584469a4ffc40cd8d6aa5ccc0f67926c13710c6e9b751b5c93
cand-5d1da86118e5,AMERICAN BENEFITS COUNCIL,5eba3c25-9261-4abe-8c36-0ba47d52eb7c,2008,first_quarter,Q1,2008-01-01,2008-03-31,AMERICAN BENEFITS COUNCIL,116145,101,DAVIS & HARMAN LLP,11674,40000.00,,,,income,false,2008-04-18T15:37:39-04:00,,https://lda.gov/filings/public/filing/5eba3c25-9261-4abe-8c36-0ba47d52eb7c/print/,https://lda.gov/api/v1/filings/5eba3c25-9261-4abe-8c36-0ba47d52eb7c/,,2026-09-12,a64930b69a73e33426a19eeb6c2f1f772b5e2bd9526f501f363ab914bda67832
cand-5d1da86118e5,AMERICAN BENEFITS COUNCIL,76489a5e-0d3d-4cf7-8270-12f492d3ac0e,2008,first_quarter,Q1,2008-01-01,2008-03-31,AMERICAN BENEFITS COUNCIL,104889,12,AMERICAN BENEFITS COUNCIL,4675,,289643.00,c,Method C - Reporting amounts under section 162(e) of the Internal Revenue Code,expenses,true,2008-04-21T14:31:29-04:00,,https://lda.gov/filings/public/filing/76489a5e-0d3d-4cf7-8270-12f492d3ac0e/print/,https://lda.gov/api/v1/filings/76489a5e-0d3d-4cf7-8270-12f492d3ac0e/,,2026-09-12,e04f32334ed8be484f203a8b144d738ffe32d9503b2f9223efa8f5942c5ae934
cand-5d1da86118e5,AMERICAN BENEFITS COUNCIL,f652cbf6-dc20-41d3-b1e0-296e5be18034,2008,first_quarter,Q1,2008-01-01,2008-03-31,AMERICAN BENEFITS COUNCIL,122689,327,"GROOM LAW GROUP, CHARTERED",17000,10000.00,,,,income,false,2008-04-18T10:24:51-04:00,,https://lda.gov/filings/public/filing/f652cbf6-dc20-41d3-b1e0-296e5be18034/print/,https://lda.gov/api/v1/filings/f652cbf6-dc20-41d3-b1e0-296e5be18034/,,2026-09-12,4a55a4fa59303fafa4a0c0448f3d1786b4fa1c76d8240468251f0d7cc851b5b8
cand-5d1da86118e5,AMERICAN BENEFITS COUNCIL,360ead8d-4948-4c12-a58d-83494b76f0ee,2008,second_quarter,RA,2008-04-01,2008-06-30,AMERICAN BENEFITS COUNCIL,122689,327,"GROOM LAW GROUP, CHARTERED",17000,,,,,neither,false,2008-04-16T00:00:00-04:00,,https://lda.gov/filings/public/filing/360ead8d-4948-4c12-a58d-83494b76f0ee/print/,https://lda.gov/api/v1/filings/360ead8d-4948-4c12-a58d-83494b76f0ee/,,2026-09-12,0f47c3328266b9d95c4d0163aeabf16a252478d89844f7d40681a83393993768
cand-5d1da86118e5,AMERICAN BENEFITS COUNCIL,6dfad611-0287-4a71-b833-278e58764683,2008,second_quarter,Q2,2008-04-01,2008-06-30,AMERICAN BENEFITS COUNCIL,122689,327,"GROOM LAW GROUP, CHARTERED",17000,30000.00,,,,income,false,2008-07-21T10:33:50-04:00,,https://lda.gov/filings/public/filing/6dfad611-0287-4a71-b833-278e58764683/print/,https://lda.gov/api/v1/filings/6dfad611-0287-4a71-b833-278e58764683/,,2026-09-12,5c99d352353a05ef57ea875e57d24eadc7303b35b44a8f35f2b837def93fa269
cand-5d1da86118e5,AMERICAN BENEFITS COUNCIL,9eeb4a62-99eb-4c8d-a874-6ad89f05ea8e,2008,second_quarter,Q2,2008-04-01,2008-06-30,AMERICAN BENEFITS COUNCIL,116145,101,DAVIS & HARMAN LLP,11674,70000.00,,,,income,false,2008-07-18T10:59:58-04:00,,https://lda.gov/filings/public/filing/9eeb4a62-99eb-4c8d-a874-6ad89f05ea8e/print/,https://lda.gov/api/v1/filings/9eeb4a62-99eb-4c8d-a874-6ad89f05ea8e/,,2026-09-12,e71dee98315c00f24823b8249c1091e71de642e73eca6e98bc90a9796d14673b
cand-5d1da86118e5,AMERICAN BENEFITS COUNCIL,b32186fd-1c20-4057-94e9-acf30c84b0d9,2008,second_quarter,Q2,2008-04-01,2008-06-30,AMERICAN BENEFITS COUNCIL,104889,12,AMERICAN BENEFITS COUNCIL,4675,,228003.00,c,Method C - Reporting amounts under section 162(e) of the Internal Revenue Code,expenses,true,2008-07-21T11:48:09-04:00,,https://lda.gov/filings/public/filing/b32186fd-1c20-4057-94e9-acf30c84b0d9/print/,https://lda.gov/api/v1/filings/b32186fd-1c20-4057-94e9-acf30c84b0d9/,,2026-09-12,9a9ee9e7f9203353e8fef644951d7533589e2566e46564ae06166f37d1e3493f
cand-5d1da86118e5,AMERICAN BENEFITS COUNCIL,16e73a0a-94ed-4a11-aacc-96966a2e5bbe,2008,third_quarter,Q3,2008-07-01,2008-09-30,AMERICAN BENEFITS COUNCIL,122689,327,"GROOM LAW GROUP, CHARTERED",17000,30000.00,,,,income,false,2008-10-20T17:14:16-04:00,,https://lda.gov/filings/public/filing/16e73a0a-94ed-4a11-aacc-96966a2e5bbe/print/,https://lda.gov/api/v1/filings/16e73a0a-94ed-4a11-aacc-96966a2e5bbe/,,2026-09-12,a67f9ae24424fd5cf9a096e3bb3061c71975b6d0ffde8feacd483c6321e8eb91
cand-5d1da86118e5,AMERICAN BENEFITS COUNCIL,289df83c-7936-4fa3-ab57-a6ecce5f20af,2008,third_quarter,Q3,2008-07-01,2008-09-30,AMERICAN BENEFITS COUNCIL,104889,12,AMERICAN BENEFITS COUNCIL,4675,,246723.00,c,Method C - Reporting amounts under section 162(e) of the Internal Revenue Code,expenses,true,2008-10-20T13:56:43-04:00,,https://lda.gov/filings/public/filing/289df83c-7936-4fa3-ab57-a6ecce5f20af/print/,https://lda.gov/api/v1/filings/289df83c-7936-4fa3-ab57-a6ecce5f20af/,,2026-09-12,d9eb02f48691e2d708e558db726d2c2e1b91d95651a81d7bd3518db538df0111
cand-5d1da86118e5,AMERICAN BENEFITS COUNCIL,416f2496-5ab7-425a-961f-73772b030c08,2008,third_quarter,Q3,2008-07-01,2008-09-30,AMERICAN BENEFITS COUNCIL,116145,101,DAVIS & HARMAN LLP,11674,60000.00,,,,income,false,2008-10-17T13:33:11-04:00,,https://lda.gov/filings/public/filing/416f2496-5ab7-425a-961f-73772b030c08/print/,https://lda.gov/api/v1/filings/416f2496-5ab7-425a-961f-73772b030c08/,,2026-09-12,ddd669e05d5f7219e9c3fbe70355f6617e48e4b5df663b799956c25ca54c66bc
cand-5d1da86118e5,AMERICAN BENEFITS COUNCIL,1707ca1c-fbd3-4cb7-911a-be39ace6da4a,2008,fourth_quarter,Q4,2008-10-01,2008-12-31,AMERICAN BENEFITS COUNCIL,116145,101,DAVIS & HARMAN LLP,11674,80000.00,,,,income,false,2009-01-16T17:30:26-05:00,,https://lda.gov/filings/public/filing/1707ca1c-fbd3-4cb7-911a-be39ace6da4a/print/,https://lda.gov/api/v1/filings/1707ca1c-fbd3-4cb7-911a-be39ace6da4a/,,2026-09-12,e762f0c98a9a843aac3b6c41fbdeb192a2a303a99ab2f4333eddf45d223d88db
cand-5d1da86118e5,AMERICAN BENEFITS COUNCIL,4058b09c-c7cb-4a27-89e2-90aeefd970ee,2008,fourth_quarter,Q4,2008-10-01,2008-12-31,AMERICAN BENEFITS COUNCIL,104889,12,AMERICAN BENEFITS COUNCIL,4675,,210392.00,c,Method C - Reporting amounts under section 162(e) of the Internal Revenue Code,expenses,true,2009-01-16T13:52:49-05:00,,https://lda.gov/filings/public/filing/4058b09c-c7cb-4a27-89e2-90aeefd970ee/print/,https://lda.gov/api/v1/filings/4058b09c-c7cb-4a27-89e2-90aeefd970ee/,,2026-09-12,b93c4f6aaee6c1ffa0105588ee2a33e6010f000f891e417251293ec421461489
cand-5d1da86118e5,AMERICAN BENEFITS COUNCIL,5fbe6da4-fc09-460b-922d-8748845ca41c,2008,fourth_quarter,Q4,2008-10-01,2008-12-31,AMERICAN BENEFITS COUNCIL,122689,327,"GROOM LAW GROUP, CHARTERED",17000,10000.00,,,,income,false,2009-01-21T16:44:19-05:00,,https://lda.gov/filings/public/filing/5fbe6da4-fc09-460b-922d-8748845ca41c/print/,https://lda.gov/api/v1/filings/5fbe6da4-fc09-460b-922d-8748845ca41c/,,2026-09-12,844e1d1181796bacd854030c9bae3d3173ff8992bf99305e95f325bfc7c5237e
cand-9948f2974958,ADVANCED MEDICAL TECHNOLOGY ASSOCIATION,af25ead8-a340-4e1f-826d-ba8ec844f91a,2003,mid_year,MM,2003-01-01,2003-06-30,ADVANCED MEDICAL TECHNOLOGY ASSN,123312,12,ADVANCED MEDICAL TECHNOLOGY ASSN,17831,,2440000.00,,,expenses,true,2003-08-12T00:00:00-04:00,,https://lda.gov/filings/public/filing/af25ead8-a340-4e1f-826d-ba8ec844f91a/print/,https://lda.gov/api/v1/filings/af25ead8-a340-4e1f-826d-ba8ec844f91a/,advamed-assn-self-registration,2026-09-12,892bfe4686be6cf56cf1742f64025b991a52e04d5987a2f74fbb083e009348fa
cand-9948f2974958,ADVANCED MEDICAL TECHNOLOGY ASSOCIATION,864e67e6-3031-4514-9086-76ad47be7af3,2003,year_end,YY,2003-07-01,2003-12-31,ADVANCED MEDICAL TECHNOLOGY ASSN,123312,12,ADVANCED MEDICAL TECHNOLOGY ASSN,17831,,2440000.00,,,expenses,true,2004-02-12T00:00:00-05:00,,https://lda.gov/filings/public/filing/864e67e6-3031-4514-9086-76ad47be7af3/print/,https://lda.gov/api/v1/filings/864e67e6-3031-4514-9086-76ad47be7af3/,advamed-assn-self-registration,2026-09-12,af31cc94f614fe62cbdc66a48b7d144f05d1c39af39833a1f2ec8b4508e6caa2
cand-9948f2974958,ADVANCED MEDICAL TECHNOLOGY ASSOCIATION,76e4710b-3b8d-4088-b5e3-83e8d211e0ee,2004,mid_year,MM,2004-01-01,2004-06-30,ADVANCED MEDICAL TECHNOLOGY ASSN,123312,12,ADVANCED MEDICAL TECHNOLOGY ASSN,17831,,2900000.00,,,expenses,true,2004-08-13T00:00:00-04:00,,https://lda.gov/filings/public/filing/76e4710b-3b8d-4088-b5e3-83e8d211e0ee/print/,https://lda.gov/api/v1/filings/76e4710b-3b8d-4088-b5e3-83e8d211e0ee/,advamed-assn-self-registration,2026-09-12,eb20a81952f5799f5f979ce9a59a74a0e3e0e774c016ac2e3489046522898ec5
cand-9948f2974958,ADVANCED MEDICAL TECHNOLOGY ASSOCIATION,20060b24-e0d8-4309-bd42-9929e80622ed,2004,year_end,YY,2004-07-01,2004-12-31,ADVANCED MEDICAL TECHNOLOGY ASSN,123312,12,ADVANCED MEDICAL TECHNOLOGY ASSN,17831,,2360000.00,,,expenses,true,2005-02-11T00:00:00-05:00,,https://lda.gov/filings/public/filing/20060b24-e0d8-4309-bd42-9929e80622ed/print/,https://lda.gov/api/v1/filings/20060b24-e0d8-4309-bd42-9929e80622ed/,advamed-assn-self-registration,2026-09-12,a5fd6ef7d53d0b95e6ce5e339ca20ea87cc71c1a5f4c497721c6166a3ca77416
cand-9948f2974958,ADVANCED MEDICAL TECHNOLOGY ASSOCIATION,6c10dd13-9de4-41ac-af7c-df700ef7aa11,2004,year_end,RR,2004-07-01,2004-12-31,ADVANCED MEDICAL TECHNOLOGY ASSOCIATION,101988,1216,"ALPINE GROUP PARTNERS, LLC.",1171,,,,,neither,false,2004-10-05T00:00:00-04:00,,https://lda.gov/filings/public/filing/6c10dd13-9de4-41ac-af7c-df700ef7aa11/print/,https://lda.gov/api/v1/filings/6c10dd13-9de4-41ac-af7c-df700ef7aa11/,,2026-09-12,c24076368465eb173b9349dde2721b7fe509399f637a43e9a984c7b6de5970b9
cand-9948f2974958,ADVANCED MEDICAL TECHNOLOGY ASSOCIATION,df9f4771-6121-4f8d-99d8-8b8b22c8b999,2004,year_end,YY,2004-07-01,2004-12-31,ADVANCED MEDICAL TECHNOLOGY ASSOCIATION,101988,1216,"ALPINE GROUP PARTNERS, LLC.",1171,60000.00,,,,income,false,2005-02-11T00:00:00-05:00,,https://lda.gov/filings/public/filing/df9f4771-6121-4f8d-99d8-8b8b22c8b999/print/,https://lda.gov/api/v1/filings/df9f4771-6121-4f8d-99d8-8b8b22c8b999/,,2026-09-12,9acef97247e08e0940dbbd26b81e5c4323f77e669fafa90ae213e3a91eee6931
cand-9948f2974958,ADVANCED MEDICAL TECHNOLOGY ASSOCIATION,7a5b470c-6f9e-46e3-9f3d-6ef699087948,2005,mid_year,MM,2005-01-01,2005-06-30,ADVANCED MEDICAL TECHNOLOGY ASSOCIATION,101988,1216,"ALPINE GROUP PARTNERS, LLC.",1171,80000.00,,,,income,false,2005-05-20T00:00:00-04:00,,https://lda.gov/filings/public/filing/7a5b470c-6f9e-46e3-9f3d-6ef699087948/print/,https://lda.gov/api/v1/filings/7a5b470c-6f9e-46e3-9f3d-6ef699087948/,,2026-09-12,f4df51c51eddff74c39acf0176e1a5fb55c48c52af23991a851241329fccc285
cand-9948f2974958,ADVANCED MEDICAL TECHNOLOGY ASSOCIATION,7f91fba6-78f6-47d4-bc31-95f87c50094c,2005,mid_year,MM,2005-01-01,2005-06-30,ADVANCED MEDICAL TECHNOLOGY ASSN,123312,12,ADVANCED MEDICAL TECHNOLOGY ASSN,17831,,2460000.00,,,expenses,true,2005-08-11T00:00:00-04:00,,https://lda.gov/filings/public/filing/7f91fba6-78f6-47d4-bc31-95f87c50094c/print/,https://lda.gov/api/v1/filings/7f91fba6-78f6-47d4-bc31-95f87c50094c/,advamed-assn-self-registration,2026-09-12,7cb68aee436e9be62cb6fa138df5ae90ac6df277fc800801b1f202bef1d07102
cand-9948f2974958,ADVANCED MEDICAL TECHNOLOGY ASSOCIATION,f21f3431-5221-4f86-81b4-1f5278c7ddf4,2005,year_end,YY,2005-07-01,2005-12-31,ADVANCED MEDICAL TECHNOLOGY ASSN,123312,12,ADVANCED MEDICAL TECHNOLOGY ASSN,17831,,1842974.00,,,expenses,true,2006-02-14T00:00:00-05:00,,https://lda.gov/filings/public/filing/f21f3431-5221-4f86-81b4-1f5278c7ddf4/print/,https://lda.gov/api/v1/filings/f21f3431-5221-4f86-81b4-1f5278c7ddf4/,advamed-assn-self-registration,2026-09-12,be1b50638f69f5a098886524c884f2f6825168f55a1e21503b5778fb6e865274
cand-9948f2974958,ADVANCED MEDICAL TECHNOLOGY ASSOCIATION,fe697090-810b-4bf2-9481-0fddd479fadf,2005,year_end,YY,2005-07-01,2005-12-31,ADVANCED MEDICAL TECHNOLOGY ASSOCIATION,101988,1216,"ALPINE GROUP PARTNERS, LLC.",1171,80000.00,,,,income,false,2006-02-07T00:00:00-05:00,,https://lda.gov/filings/public/filing/fe697090-810b-4bf2-9481-0fddd479fadf/print/,https://lda.gov/api/v1/filings/fe697090-810b-4bf2-9481-0fddd479fadf/,,2026-09-12,0e9ce21ddfac8b9cebffefe07097019b1b4c9305774c5632c5b4cf894029e15e
cand-9948f2974958,ADVANCED MEDICAL TECHNOLOGY ASSOCIATION,0fc32374-bb74-47ce-a31b-6584d054bf06,2006,mid_year,MM,2006-01-01,2006-06-30,ADVANCED MEDICAL TECHNOLOGY ASSOCIATION,101988,1216,"ALPINE GROUP PARTNERS, LLC.",1171,100000.00,,,,income,false,2006-08-10T00:00:00-04:00,,https://lda.gov/filings/public/filing/0fc32374-bb74-47ce-a31b-6584d054bf06/print/,https://lda.gov/api/v1/filings/0fc32374-bb74-47ce-a31b-6584d054bf06/,,2026-09-12,17987d7ef020f4d7fc005803cb0541d576248f43dc6e3f124bf608418c4db785
cand-9948f2974958,ADVANCED MEDICAL TECHNOLOGY ASSOCIATION,36641105-37a5-4fe8-be85-37ee204cad9f,2006,mid_year,MM,2006-01-01,2006-06-30,ADVANCED MEDICAL TECHNOLOGY ASSN,123312,12,ADVANCED MEDICAL TECHNOLOGY ASSN,17831,,2064087.00,,,expenses,true,2006-08-11T00:00:00-04:00,,https://lda.gov/filings/public/filing/36641105-37a5-4fe8-be85-37ee204cad9f/print/,https://lda.gov/api/v1/filings/36641105-37a5-4fe8-be85-37ee204cad9f/,advamed-assn-self-registration,2026-09-12,6e07a9aa57baf98a7345182492c095337bc203e72f7c46af4e631ffe8180b19e
cand-9948f2974958,ADVANCED MEDICAL TECHNOLOGY ASSOCIATION,5b1a21f1-7f95-45c9-8b06-dbc6395bc043,2006,mid_year,MM,2006-01-01,2006-06-30,ADVANCED MEDICAL TECHNOLOGY ASSOCIATION,113530,3375,CLARK & WEINSTOCK,9443,60000.00,,,,income,false,2006-08-08T00:00:00-04:00,,https://lda.gov/filings/public/filing/5b1a21f1-7f95-45c9-8b06-dbc6395bc043/print/,https://lda.gov/api/v1/filings/5b1a21f1-7f95-45c9-8b06-dbc6395bc043/,,2026-09-12,f66583a8b06beeb0ed2f61827525e393e466e6f32ffba4ce630dfd0b5e6e9608
cand-9948f2974958,ADVANCED MEDICAL TECHNOLOGY ASSOCIATION,bded3188-22ea-467e-900b-bd85f9d04814,2006,mid_year,RR,2006-01-01,2006-06-30,ADVANCED MEDICAL TECHNOLOGY ASSOCIATION,113530,3375,CLARK & WEINSTOCK,9443,,,,,neither,false,2006-06-08T00:00:00-04:00,,https://lda.gov/filings/public/filing/bded3188-22ea-467e-900b-bd85f9d04814/print/,https://lda.gov/api/v1/filings/bded3188-22ea-467e-900b-bd85f9d04814/,,2026-09-12,b4a1bef12cf2686e49cc51982154c42f3bd38b2b18abd34f9eab50b251b42615
cand-9948f2974958,ADVANCED MEDICAL TECHNOLOGY ASSOCIATION,1dfd5f19-bb7c-44ca-b1ff-e1cbd1e512af,2006,year_end,YY,2006-07-01,2006-12-31,ADVANCED MEDICAL TECHNOLOGY ASSOCIATION,101988,1216,"ALPINE GROUP PARTNERS, LLC.",1171,80000.00,,,,income,false,2007-02-06T15:11:05-05:00,,https://lda.gov/filings/public/filing/1dfd5f19-bb7c-44ca-b1ff-e1cbd1e512af/print/,https://lda.gov/api/v1/filings/1dfd5f19-bb7c-44ca-b1ff-e1cbd1e512af/,,2026-09-12,171ba210eda8afdf7445cd61ba3d6cab69cac3efed287108efa613ae641c9238
cand-9948f2974958,ADVANCED MEDICAL TECHNOLOGY ASSOCIATION,6b50a74b-f8e5-46e2-ba8e-6f06c4442acf,2006,year_end,YY,2006-07-01,2006-12-31,ADVANCED MEDICAL TECHNOLOGY ASSOCIATION,113530,3375,CLARK & WEINSTOCK,9443,100000.00,,,,income,false,2007-02-12T11:51:44-05:00,,https://lda.gov/filings/public/filing/6b50a74b-f8e5-46e2-ba8e-6f06c4442acf/print/,https://lda.gov/api/v1/filings/6b50a74b-f8e5-46e2-ba8e-6f06c4442acf/,,2026-09-12,171a1574a05ea5f94a90c5af9acdcf81170671371045245108b3f188c3fb178b
cand-9948f2974958,ADVANCED MEDICAL TECHNOLOGY ASSOCIATION,c81c16a8-5776-46e2-8763-3f14e18ca831,2006,year_end,YY,2006-07-01,2006-12-31,ADVANCED MEDICAL TECHNOLOGY ASSN,123312,12,ADVANCED MEDICAL TECHNOLOGY ASSN,17831,,1404102.00,,,expenses,true,2007-02-12T12:46:32-05:00,,https://lda.gov/filings/public/filing/c81c16a8-5776-46e2-8763-3f14e18ca831/print/,https://lda.gov/api/v1/filings/c81c16a8-5776-46e2-8763-3f14e18ca831/,advamed-assn-self-registration,2026-09-12,9577efeb848a9d14e1fcd069f8337216b9ebae5dfbc6fd3dcbe80bbccb6487c2
cand-9948f2974958,ADVANCED MEDICAL TECHNOLOGY ASSOCIATION,225a98b3-0430-4eb8-b7e6-6197ef2c7103,2007,mid_year,MM,2007-01-01,2007-06-30,ADVANCED MEDICAL TECHNOLOGY ASSOCIATION,101988,1216,"ALPINE GROUP PARTNERS, LLC.",1171,80000.00,,,,income,false,2007-08-06T14:17:44-04:00,,https://lda.gov/filings/public/filing/225a98b3-0430-4eb8-b7e6-6197ef2c7103/print/,https://lda.gov/api/v1/filings/225a98b3-0430-4eb8-b7e6-6197ef2c7103/,,2026-09-12,5660754f9222669eb8ca29f1fe9f078dd580b85b8fdebf918fcbd0aaae2534e6
cand-9948f2974958,ADVANCED MEDICAL TECHNOLOGY ASSOCIATION,3c6ee377-9add-413c-bc75-990d70efebda,2007,mid_year,MM,2007-01-01,2007-06-30,ADVANCED MEDICAL TECHNOLOGY ASSOCIATION,113530,3375,CLARK & WEINSTOCK,9443,100000.00,,,,income,false,2007-08-06T12:29:35-04:00,,https://lda.gov/filings/public/filing/3c6ee377-9add-413c-bc75-990d70efebda/print/,https://lda.gov/api/v1/filings/3c6ee377-9add-413c-bc75-990d70efebda/,,2026-09-12,4e6fc455c93053b9dfbb0e044efb1cec10a59d8b899f51ae58e3134074dca0ec
cand-9948f2974958,ADVANCED MEDICAL TECHNOLOGY ASSOCIATION,4b2544ae-3b74-42a3-991e-4d81511271c5,2007,mid_year,MM,2007-01-01,2007-06-30,ADVANCED MEDICAL TECHNOLOGY ASSOCIATION,170777,1001887,GOODWIN PROCTER LLP,79756,140000.00,,,,income,false,2007-07-31T14:42:21-04:00,,https://lda.gov/filings/public/filing/4b2544ae-3b74-42a3-991e-4d81511271c5/print/,https://lda.gov/api/v1/filings/4b2544ae-3b74-42a3-991e-4d81511271c5/,,2026-09-12,f5b7508d0d82feea003b0e10b88f34d177e48d7a3fbe1aa5e18c28228a624169
cand-9948f2974958,ADVANCED MEDICAL TECHNOLOGY ASSOCIATION,60b69359-763e-4339-9a39-fabd39232415,2007,mid_year,MM,2007-01-01,2007-06-30,ADVANCED MEDICAL TECHNOLOGY ASSN,123312,12,ADVANCED MEDICAL TECHNOLOGY ASSN,17831,,1550356.00,,,expenses,true,2007-08-13T11:06:37-04:00,,https://lda.gov/filings/public/filing/60b69359-763e-4339-9a39-fabd39232415/print/,https://lda.gov/api/v1/filings/60b69359-763e-4339-9a39-fabd39232415/,advamed-assn-self-registration,2026-09-12,fcf7c373d6a97b03498e233e30c9ae1950a7cb52b9bc658e859717cb1db8e56c
cand-9948f2974958,ADVANCED MEDICAL TECHNOLOGY ASSOCIATION,a597046f-8e2d-4247-aafa-b85f89baec9e,2007,mid_year,RR,2007-01-01,2007-06-30,ADVANCED MEDICAL TECHNOLOGY ASSOCIATION,170777,1001887,GOODWIN PROCTER LLP,79756,,,,,neither,false,2007-04-23T13:56:29-04:00,,https://lda.gov/filings/public/filing/a597046f-8e2d-4247-aafa-b85f89baec9e/print/,https://lda.gov/api/v1/filings/a597046f-8e2d-4247-aafa-b85f89baec9e/,,2026-09-12,8a435294e4b0ccec9f7f65dd17f1f2a02ff135155d7f14df885043d87b4ef3d8
cand-9948f2974958,ADVANCED MEDICAL TECHNOLOGY ASSOCIATION,189029b3-8c94-4537-98a5-c0e9ac16acca,2007,year_end,YT,2007-07-01,2007-12-31,ADVANCED MEDICAL TECHNOLOGY ASSOCIATION,113530,3375,CLARK & WEINSTOCK,9443,40000.00,,,,income,false,2008-02-06T09:44:49.870000-05:00,,https://lda.gov/filings/public/filing/189029b3-8c94-4537-98a5-c0e9ac16acca/print/,https://lda.gov/api/v1/filings/189029b3-8c94-4537-98a5-c0e9ac16acca/,,2026-09-12,f2d396f28a1c2d16ddefcef4058125f6570e48abaea05080d48b6f41dbcce81f
cand-9948f2974958,ADVANCED MEDICAL TECHNOLOGY ASSOCIATION,1b9d4444-1c78-4a89-acdd-8ed4597d72c6,2007,year_end,YY,2007-07-01,2007-12-31,ADVANCED MEDICAL TECHNOLOGY ASSN,123312,12,ADVANCED MEDICAL TECHNOLOGY ASSN,17831,,1559533.00,,,expenses,true,2008-02-06T15:40:25.573000-05:00,,https://lda.gov/filings/public/filing/1b9d4444-1c78-4a89-acdd-8ed4597d72c6/print/,https://lda.gov/api/v1/filings/1b9d4444-1c78-4a89-acdd-8ed4597d72c6/,advamed-assn-self-registration,2026-09-12,40c6162732b5c9ac6f551c406f930d62629175d15e365f150648586fa3921a2d
cand-9948f2974958,ADVANCED MEDICAL TECHNOLOGY ASSOCIATION,2ee78b37-6841-4399-88a2-5c68c873bce2,2007,year_end,YY,2007-07-01,2007-12-31,ADVANCED MEDICAL TECHNOLOGY ASSOCIATION,101988,1216,"ALPINE GROUP PARTNERS, LLC.",1171,120000.00,,,,income,false,2008-02-12T16:10:15-05:00,,https://lda.gov/filings/public/filing/2ee78b37-6841-4399-88a2-5c68c873bce2/print/,https://lda.gov/api/v1/filings/2ee78b37-6841-4399-88a2-5c68c873bce2/,,2026-09-12,1f1228b69558a7a971180113c733d547b8655b392496df3fb5101239a6221f5f
cand-9948f2974958,ADVANCED MEDICAL TECHNOLOGY ASSOCIATION,41307b37-3c34-4810-98d0-2c4f8731d114,2007,year_end,YT,2007-07-01,2007-12-31,ADVANCED MEDICAL TECHNOLOGY ASSOCIATION,170777,1001887,GOODWIN PROCTER LLP,79756,60000.00,,,,income,false,2008-02-04T12:50:52.593000-05:00,,https://lda.gov/filings/public/filing/41307b37-3c34-4810-98d0-2c4f8731d114/print/,https://lda.gov/api/v1/filings/41307b37-3c34-4810-98d0-2c4f8731d114/,,2026-09-12,5c07de7ff11a85f537f10831bd4016100a395b4dd7f3abcf29e3d5cd69d9f995
cand-9948f2974958,ADVANCED MEDICAL TECHNOLOGY ASSOCIATION,64c3c987-8b70-4110-bb91-44c5c269f699,2007,year_end,YY,2007-07-01,2007-12-31,ADVANCED MEDICAL TECHNOLOGY ASSOCIATION,175235,898,CAUTHEN FORBES & WILLIAMS,284551,40000.00,,,,income,false,2008-02-14T16:48:23-05:00,,https://lda.gov/filings/public/filing/64c3c987-8b70-4110-bb91-44c5c269f699/print/,https://lda.gov/api/v1/filings/64c3c987-8b70-4110-bb91-44c5c269f699/,,2026-09-12,f81186a77c6b5606d5d198307c5c9a1ab75492738649d42ca40eeb4ce4956295
cand-9948f2974958,ADVANCED MEDICAL TECHNOLOGY ASSOCIATION,d21244b0-f09c-475a-97b2-16e1ca66a014,2007,year_end,RR,2007-07-01,2007-12-31,ADVANCED MEDICAL TECHNOLOGY ASSOCIATION,175235,898,CAUTHEN FORBES & WILLIAMS,284551,,,,,neither,false,2007-12-07T00:00:00-05:00,,https://lda.gov/filings/public/filing/d21244b0-f09c-475a-97b2-16e1ca66a014/print/,https://lda.gov/api/v1/filings/d21244b0-f09c-475a-97b2-16e1ca66a014/,,2026-09-12,efdf7aa9cee6f59d162a0832e6d16d9276f8bb92864e02e58e2d855534eee62b
cand-9948f2974958,ADVANCED MEDICAL TECHNOLOGY ASSOCIATION,0af08264-57ac-426d-9f60-65b4db071a1a,2008,first_quarter,Q1,2008-01-01,2008-03-31,ADVANCED MEDICAL TECHNOLOGY ASSN,123312,12,ADVANCED MEDICAL TECHNOLOGY ASSN,17831,,666550.00,c,Method C - Reporting amounts under section 162(e) of the Internal Revenue Code,expenses,true,2008-04-21T17:14:20-04:00,,https://lda.gov/filings/public/filing/0af08264-57ac-426d-9f60-65b4db071a1a/print/,https://lda.gov/api/v1/filings/0af08264-57ac-426d-9f60-65b4db071a1a/,advamed-assn-self-registration,2026-09-12,e622877860b600b40f4cf60e6cdb19af9a75c7ca5318d3ea300df1e214a4dc5f
cand-9948f2974958,ADVANCED MEDICAL TECHNOLOGY ASSOCIATION,685152c3-01af-4b8d-aae8-d89dd3c457da,2008,first_quarter,Q1,2008-01-01,2008-03-31,ADVANCED MEDICAL TECHNOLOGY ASSOCIATION,101988,1216,"ALPINE GROUP PARTNERS, LLC.",1171,40000.00,,,,income,false,2008-04-21T09:23:22-04:00,,https://lda.gov/filings/public/filing/685152c3-01af-4b8d-aae8-d89dd3c457da/print/,https://lda.gov/api/v1/filings/685152c3-01af-4b8d-aae8-d89dd3c457da/,,2026-09-12,ed85c6834e70edbd184d6b41c4c6cdc93ea7dce43b63c54589a04735cf3df0d0
cand-9948f2974958,ADVANCED MEDICAL TECHNOLOGY ASSOCIATION,8c55c270-ecfa-4a83-86e1-9cdbe405996f,2008,first_quarter,1TY,2008-01-01,2008-03-31,ADVANCED MEDICAL TECHNOLOGY ASSOCIATION,170777,1001887,GOODWIN PROCTER LLP,79756,,,,,neither,false,2008-04-07T16:05:26-04:00,2008-01-25,https://lda.gov/filings/public/filing/8c55c270-ecfa-4a83-86e1-9cdbe405996f/print/,https://lda.gov/api/v1/filings/8c55c270-ecfa-4a83-86e1-9cdbe405996f/,,2026-09-12,d821dae520c7b116cf9ad5bc6343688d0f989205beb40b69cf5cc9ab8abbb8e9
cand-9948f2974958,ADVANCED MEDICAL TECHNOLOGY ASSOCIATION,ec17ae11-6020-4989-9b73-25fb21bb9bae,2008,first_quarter,Q1,2008-01-01,2008-03-31,ADVANCED MEDICAL TECHNOLOGY ASSOCIATION,175235,898,CAUTHEN FORBES & WILLIAMS,284551,50000.00,,,,income,false,2008-04-16T11:37:54-04:00,,https://lda.gov/filings/public/filing/ec17ae11-6020-4989-9b73-25fb21bb9bae/print/,https://lda.gov/api/v1/filings/ec17ae11-6020-4989-9b73-25fb21bb9bae/,,2026-09-12,3d56cbfc29367ca549d708df097e8b12032e1ce3e17bd6d73a0753895e091673
cand-9948f2974958,ADVANCED MEDICAL TECHNOLOGY ASSOCIATION,052d2886-706b-471d-a340-136919961538,2008,second_quarter,RR,2008-04-01,2008-06-30,ADVANCED MEDICAL TECHNOLOGY ASSOCIATION,143772,1003643,SIDLEY AUSTIN LLP,35230,,,,,neither,false,2008-07-17T16:08:47-04:00,,https://lda.gov/filings/public/filing/052d2886-706b-471d-a340-136919961538/print/,https://lda.gov/api/v1/filings/052d2886-706b-471d-a340-136919961538/,,2026-09-12,9905fdc72fcba6f9a2fff2189f1e334b67b3f71eed3090e693d80da7b8f14c39
cand-9948f2974958,ADVANCED MEDICAL TECHNOLOGY ASSOCIATION,14d71cda-936d-44a9-8181-67471fe7c1b5,2008,second_quarter,Q2,2008-04-01,2008-06-30,ADVANCED MEDICAL TECHNOLOGY ASSN,123312,12,ADVANCED MEDICAL TECHNOLOGY ASSN,17831,,924074.00,c,Method C - Reporting amounts under section 162(e) of the Internal Revenue Code,expenses,true,2008-07-21T13:42:09-04:00,,https://lda.gov/filings/public/filing/14d71cda-936d-44a9-8181-67471fe7c1b5/print/,https://lda.gov/api/v1/filings/14d71cda-936d-44a9-8181-67471fe7c1b5/,advamed-assn-self-registration,2026-09-12,3976aa3ce8e59ef7803e18dec0c63395a8c0b0c4412a5eceacae8723ce909b14
cand-9948f2974958,ADVANCED MEDICAL TECHNOLOGY ASSOCIATION,30dde8c4-3cb3-4e78-a112-d58e9f41f1e3,2008,second_quarter,Q2,2008-04-01,2008-06-30,ADVANCED MEDICAL TECHNOLOGY ASSOCIATION,175235,898,CAUTHEN FORBES & WILLIAMS,284551,50000.00,,,,income,false,2008-07-18T15:55:07-04:00,,https://lda.gov/filings/public/filing/30dde8c4-3cb3-4e78-a112-d58e9f41f1e3/print/,https://lda.gov/api/v1/filings/30dde8c4-3cb3-4e78-a112-d58e9f41f1e3/,,2026-09-12,2db421f2005d0fd23ed2dc8a72f9571fd781618974d25392d31033b0ef96eb72
cand-9948f2974958,ADVANCED MEDICAL TECHNOLOGY ASSOCIATION,71ba6298-4703-421e-93ee-6f5afccb0aa4,2008,second_quarter,2A,2008-04-01,2008-06-30,ADVANCED MEDICAL TECHNOLOGY ASSN,123312,12,ADVANCED MEDICAL TECHNOLOGY ASSN,17831,,924074.00,c,Method C - Reporting amounts under section 162(e) of the Internal Revenue Code,expenses,true,2009-09-01T11:27:19-04:00,,https://lda.gov/filings/public/filing/71ba6298-4703-421e-93ee-6f5afccb0aa4/print/,https://lda.gov/api/v1/filings/71ba6298-4703-421e-93ee-6f5afccb0aa4/,advamed-assn-self-registration,2026-09-12,99a014cd3031471bf71fd565567b9d0ce06d64a6cc8017261c136338facb5685
cand-9948f2974958,ADVANCED MEDICAL TECHNOLOGY ASSOCIATION,d2472c86-9975-4ad3-9d71-cd7b88237dc3,2008,second_quarter,Q2,2008-04-01,2008-06-30,ADVANCED MEDICAL TECHNOLOGY ASSOCIATION,101988,1216,"ALPINE GROUP PARTNERS, LLC.",1171,70000.00,,,,income,false,2008-07-18T14:11:26-04:00,,https://lda.gov/filings/public/filing/d2472c86-9975-4ad3-9d71-cd7b88237dc3/print/,https://lda.gov/api/v1/filings/d2472c86-9975-4ad3-9d71-cd7b88237dc3/,,2026-09-12,5a4cf8126b899a22069cb9c556ea157e9d84cb3dc03655e4b6b0a73c2b38fd36
cand-9948f2974958,ADVANCED MEDICAL TECHNOLOGY ASSOCIATION,d3630f1d-c811-48c8-9882-17138ae8754c,2008,second_quarter,Q2,2008-04-01,2008-06-30,ADVANCED MEDICAL TECHNOLOGY ASSOCIATION,143772,1003643,SIDLEY AUSTIN LLP,35230,10000.00,,,,income,false,2008-07-21T15:06:40-04:00,,https://lda.gov/filings/public/filing/d3630f1d-c811-48c8-9882-17138ae8754c/print/,https://lda.gov/api/v1/filings/d3630f1d-c811-48c8-9882-17138ae8754c/,,2026-09-12,e21c6fd255167160bbc9383dfdfb0281d9d30f61bd012116192914a80de59e47
cand-9948f2974958,ADVANCED MEDICAL TECHNOLOGY ASSOCIATION,30e69378-d2b3-4942-8a32-9705ea30aefe,2008,third_quarter,Q3Y,2008-07-01,2008-09-30,ADVANCED MEDICAL TECHNOLOGY ASSOCIATION,143772,1003643,SIDLEY AUSTIN LLP,35230,,,,,neither,false,2008-10-17T16:24:33-04:00,,https://lda.gov/filings/public/filing/30e69378-d2b3-4942-8a32-9705ea30aefe/print/,https://lda.gov/api/v1/filings/30e69378-d2b3-4942-8a32-9705ea30aefe/,,2026-09-12,2a700b89d8556f76b9d583d499cbf7eb71602f2274ac6b830161176877184b1c
cand-9948f2974958,ADVANCED MEDICAL TECHNOLOGY ASSOCIATION,457b5243-da9c-422e-a7ae-925b0b987089,2008,third_quarter,Q3,2008-07-01,2008-09-30,ADVANCED MEDICAL TECHNOLOGY ASSN,123312,12,ADVANCED MEDICAL TECHNOLOGY ASSN,17831,,484537.00,c,Method C - Reporting amounts under section 162(e) of the Internal Revenue Code,expenses,true,2008-10-20T16:12:28-04:00,,https://lda.gov/filings/public/filing/457b5243-da9c-422e-a7ae-925b0b987089/print/,https://lda.gov/api/v1/filings/457b5243-da9c-422e-a7ae-925b0b987089/,advamed-assn-self-registration,2026-09-12,662ed6680f3ab880d7a30a16ebf7ae2dd6941794fa99896d04ea8dc2647efc56
cand-9948f2974958,ADVANCED MEDICAL TECHNOLOGY ASSOCIATION,542e1594-c86c-4075-afa5-f4761d38e4d6,2008,third_quarter,Q3,2008-07-01,2008-09-30,ADVANCED MEDICAL TECHNOLOGY ASSOCIATION,175235,898,CAUTHEN FORBES & WILLIAMS,284551,50000.00,,,,income,false,2008-10-17T12:35:30-04:00,,https://lda.gov/filings/public/filing/542e1594-c86c-4075-afa5-f4761d38e4d6/print/,https://lda.gov/api/v1/filings/542e1594-c86c-4075-afa5-f4761d38e4d6/,,2026-09-12,68df04862e2fe6a95c1cf8fa567b553dcb035fbf2d46ac061147501a114d182e
cand-9948f2974958,ADVANCED MEDICAL TECHNOLOGY ASSOCIATION,83ec14fa-1c25-4069-8ede-8c3d54542f80,2008,third_quarter,Q3,2008-07-01,2008-09-30,ADVANCED MEDICAL TECHNOLOGY ASSOCIATION,101988,1216,"ALPINE GROUP PARTNERS, LLC.",1171,60000.00,,,,income,false,2008-10-17T16:38:26-04:00,,https://lda.gov/filings/public/filing/83ec14fa-1c25-4069-8ede-8c3d54542f80/print/,https://lda.gov/api/v1/filings/83ec14fa-1c25-4069-8ede-8c3d54542f80/,,2026-09-12,7abe59307af9fe4d99c8f68d05380553cdb5d8ba077851f31dfcaba93220910d
cand-9948f2974958,ADVANCED MEDICAL TECHNOLOGY ASSOCIATION,45918aa3-f5fa-4c15-9eb8-0ad84ef479ab,2008,fourth_quarter,Q4,2008-10-01,2008-12-31,ADVANCED MEDICAL TECHNOLOGY ASSOCIATION,101988,1216,"ALPINE GROUP PARTNERS, LLC.",1171,50000.00,,,,income,false,2009-01-16T11:33:26-05:00,,https://lda.gov/filings/public/filing/45918aa3-f5fa-4c15-9eb8-0ad84ef479ab/print/,https://lda.gov/api/v1/filings/45918aa3-f5fa-4c15-9eb8-0ad84ef479ab/,,2026-09-12,bee23c734705219242791d022b120eade79449cf49ec0317b89322dd34211f86
cand-9948f2974958,ADVANCED MEDICAL TECHNOLOGY ASSOCIATION,b4e53427-0ecd-42bb-afbf-6ab09e266b57,2008,fourth_quarter,Q4Y,2008-10-01,2008-12-31,ADVANCED MEDICAL TECHNOLOGY ASSOCIATION,143772,1003643,SIDLEY AUSTIN LLP,35230,,,,,neither,false,2009-01-16T15:34:00-05:00,,https://lda.gov/filings/public/filing/b4e53427-0ecd-42bb-afbf-6ab09e266b57/print/,https://lda.gov/api/v1/filings/b4e53427-0ecd-42bb-afbf-6ab09e266b57/,,2026-09-12,fe876fe912f8c90d640259ec921f2bb9d4d97b2ae7bf99bb5fdec6c9b2878d35
cand-9948f2974958,ADVANCED MEDICAL TECHNOLOGY ASSOCIATION,d37402b1-a686-4637-844c-c6062c4caa28,2008,fourth_quarter,Q4,2008-10-01,2008-12-31,ADVANCED MEDICAL TECHNOLOGY ASSOCIATION,175235,898,CAUTHEN FORBES & WILLIAMS,284551,50000.00,,,,income,false,2009-01-16T17:23:54-05:00,,https://lda.gov/filings/public/filing/d37402b1-a686-4637-844c-c6062c4caa28/print/,https://lda.gov/api/v1/filings/d37402b1-a686-4637-844c-c6062c4caa28/,,2026-09-12,1fde52858c9fc4d4d33881a384414d958536e48dc3a6e01c4b451f6ec683f22b
cand-9948f2974958,ADVANCED MEDICAL TECHNOLOGY ASSOCIATION,fa3fc972-b109-4f45-bb6a-b07df99a7d04,2008,fourth_quarter,Q4,2008-10-01,2008-12-31,ADVANCED MEDICAL TECHNOLOGY ASSN,123312,12,ADVANCED MEDICAL TECHNOLOGY ASSN,17831,,335662.00,c,Method C - Reporting amounts under section 162(e) of the Internal Revenue Code,expenses,true,2009-01-21T15:04:33-05:00,,https://lda.gov/filings/public/filing/fa3fc972-b109-4f45-bb6a-b07df99a7d04/print/,https://lda.gov/api/v1/filings/fa3fc972-b109-4f45-bb6a-b07df99a7d04/,advamed-assn-self-registration,2026-09-12,6c2204e265106d5baf7c800f320f3664df6f652935b5e4c511bfdea3b92b8be9
cand-b905d6833296,American Petroleum Institute,0540288d-9da6-4e64-89d6-4c840a72ee8a,2003,mid_year,MMY,2003-01-01,2003-06-30,AMERICAN PETROLEUM INSTITUTE,119051,36,"EOP GROUP, INC.",13712,0.00,,,,income,false,2003-08-14T00:00:00-04:00,,https://lda.gov/filings/public/filing/0540288d-9da6-4e64-89d6-4c840a72ee8a/print/,https://lda.gov/api/v1/filings/0540288d-9da6-4e64-89d6-4c840a72ee8a/,,2026-09-12,7d4aa002998c1715c8b3f91a7e65428a0b74aca364d946c2cd2eddb0817d7799
cand-b905d6833296,American Petroleum Institute,0f36b9cd-a6f0-40fe-b245-c61bfae7e000,2003,mid_year,MM,2003-01-01,2003-06-30,AMERICAN PETROLEUM INSTITUTE,146563,48,"TIMMONS AND COMPANY, INC.",38164,180000.00,,,,income,false,2003-08-04T00:00:00-04:00,,https://lda.gov/filings/public/filing/0f36b9cd-a6f0-40fe-b245-c61bfae7e000/print/,https://lda.gov/api/v1/filings/0f36b9cd-a6f0-40fe-b245-c61bfae7e000/,,2026-09-12,e5feb8b3990048c7e5e5484dede872d94a6f520aaf02260d4841b7eafa11f67c
cand-b905d6833296,American Petroleum Institute,1c4e8c2b-bf8d-4db1-a12e-a6344521f3f8,2003,mid_year,MM,2003-01-01,2003-06-30,AMERICAN PETROLEUM INSTITUTE,126945,87,TIBER CREEK GROUP,20744,60000.00,,,,income,false,2003-08-06T00:00:00-04:00,,https://lda.gov/filings/public/filing/1c4e8c2b-bf8d-4db1-a12e-a6344521f3f8/print/,https://lda.gov/api/v1/filings/1c4e8c2b-bf8d-4db1-a12e-a6344521f3f8/,,2026-09-12,f6078fe314d70d78e8bc8b8800b7c0fdc3313d196950f674d57cdcff129d5f22
cand-b905d6833296,American Petroleum Institute,62bbdf49-34e9-4f59-8a0a-2f82511a1b20,2003,mid_year,MM,2003-01-01,2003-06-30,AMERICAN PETROLEUM INSTITUTE,143410,90,SHEA & GARDNER,35024,0.00,,,,income,false,2003-08-14T00:00:00-04:00,,https://lda.gov/filings/public/filing/62bbdf49-34e9-4f59-8a0a-2f82511a1b20/print/,https://lda.gov/api/v1/filings/62bbdf49-34e9-4f59-8a0a-2f82511a1b20/,,2026-09-12,ee6e9d2d54b87640c6ccef50384e2e46037ef5130f87d0b859908a9349e394f3
cand-b905d6833296,American Petroleum Institute,766d266b-e465-4f58-8574-190629561408,2003,mid_year,MM,2003-01-01,2003-06-30,AMERICAN PETROLEUM INSTITUTE,140538,534,"PUBLIC STRATEGIES, INC.",32475,100000.00,,,,income,false,2003-08-14T00:00:00-04:00,,https://lda.gov/filings/public/filing/766d266b-e465-4f58-8574-190629561408/print/,https://lda.gov/api/v1/filings/766d266b-e465-4f58-8574-190629561408/,,2026-09-12,ae59411c99d04a582fdd8baadd0033960f2ae987908e742f8498089105530ac3
cand-b905d6833296,American Petroleum Institute,9da83752-411d-447a-9764-7aaf983676cc,2003,mid_year,MM,2003-01-01,2003-06-30,AMERICAN PETROLEUM INSTITUTE,114557,2195,PRICEWATERHOUSECOOPERS,10764,140000.00,,,,income,false,2003-08-13T00:00:00-04:00,,https://lda.gov/filings/public/filing/9da83752-411d-447a-9764-7aaf983676cc/print/,https://lda.gov/api/v1/filings/9da83752-411d-447a-9764-7aaf983676cc/,,2026-09-12,55510eef91c5eba50c30f6b7e9f6bf8fe50708b54a62dbee5c12d26765209a83
cand-b905d6833296,American Petroleum Institute,a5ecbb83-2060-49bf-bd05-f1fcced0d0de,2003,mid_year,MM,2003-01-01,2003-06-30,AMERICAN PETROLEUM INSTITUTE,155677,773,OGR,48827,100000.00,,,,income,false,2003-08-20T00:00:00-04:00,,https://lda.gov/filings/public/filing/a5ecbb83-2060-49bf-bd05-f1fcced0d0de/print/,https://lda.gov/api/v1/filings/a5ecbb83-2060-49bf-bd05-f1fcced0d0de/,,2026-09-12,31d1ab84f2cd15908a8a2d95f8b2add22aeb91139f384c83f178a98f2d452924
cand-b905d6833296,American Petroleum Institute,b2032b00-19d6-4391-a4f0-c2581f4e9816,2003,mid_year,MM,2003-01-01,2003-06-30,AMERICAN PETROLEUM INSTITUTE,103626,12,AMERICAN PETROLEUM INSTITUTE,3060,,1680000.00,,,expenses,true,2003-08-13T00:00:00-04:00,,https://lda.gov/filings/public/filing/b2032b00-19d6-4391-a4f0-c2581f4e9816/print/,https://lda.gov/api/v1/filings/b2032b00-19d6-4391-a4f0-c2581f4e9816/,,2026-09-12,6cfad21aa114a75f6471812026178f3fa080b5e3c13e95ef8aa67be9cabc9389
cand-b905d6833296,American Petroleum Institute,e27e5a81-458d-4dfe-b95e-e998f2adc0c0,2003,mid_year,RA,2003-01-01,2003-06-30,AMERICAN PETROLEUM INSTITUTE,103626,12,AMERICAN PETROLEUM INSTITUTE,3060,,,,,neither,true,2003-02-26T00:00:00-05:00,,https://lda.gov/filings/public/filing/e27e5a81-458d-4dfe-b95e-e998f2adc0c0/print/,https://lda.gov/api/v1/filings/e27e5a81-458d-4dfe-b95e-e998f2adc0c0/,,2026-09-12,daef56e4839e356b1274e61460a94307aa1f91796d646a95c64b0660b7ec46a0
cand-b905d6833296,American Petroleum Institute,016b668a-6d6f-42ae-bed8-475b32cbbac8,2003,year_end,YY,2003-07-01,2003-12-31,AMERICAN PETROLEUM INSTITUTE,114557,2195,PRICEWATERHOUSECOOPERS,10764,120000.00,,,,income,false,2004-02-24T00:00:00-05:00,,https://lda.gov/filings/public/filing/016b668a-6d6f-42ae-bed8-475b32cbbac8/print/,https://lda.gov/api/v1/filings/016b668a-6d6f-42ae-bed8-475b32cbbac8/,,2026-09-12,37c94a03f65549e144df2751be8616049666b5adc865134b4a327ebe843756f1
cand-b905d6833296,American Petroleum Institute,051443f6-34ce-4967-a771-9459d397d9cd,2003,year_end,YYY,2003-07-01,2003-12-31,AMERICAN PETROLEUM INSTITUTE,143410,90,SHEA & GARDNER,35024,0.00,,,,income,false,2004-02-17T00:00:00-05:00,,https://lda.gov/filings/public/filing/051443f6-34ce-4967-a771-9459d397d9cd/print/,https://lda.gov/api/v1/filings/051443f6-34ce-4967-a771-9459d397d9cd/,,2026-09-12,54888711daafabc9a464a1584778903fa6f25e63e711fa013172d72190637839
cand-b905d6833296,American Petroleum Institute,0785b63f-9c34-404c-a898-7d15efd6eb25,2003,year_end,YY,2003-07-01,2003-12-31,AMERICAN PETROLEUM INSTITUTE,140538,534,"PUBLIC STRATEGIES, INC.",32475,100000.00,,,,income,false,2004-03-08T00:00:00-05:00,,https://lda.gov/filings/public/filing/0785b63f-9c34-404c-a898-7d15efd6eb25/print/,https://lda.gov/api/v1/filings/0785b63f-9c34-404c-a898-7d15efd6eb25/,,2026-09-12,8729782774236ef8013de69b543afdf4027b7be98fe4ac2d52ae0dbd62c3be4d
cand-b905d6833296,American Petroleum Institute,363d2e22-d1f1-421b-920d-dd1f4848e7bd,2003,year_end,RA,2003-07-01,2003-12-31,AMERICAN PETROLEUM INSTITUTE,103626,12,AMERICAN PETROLEUM INSTITUTE,3060,,,,,neither,true,2003-08-13T00:00:00-04:00,,https://lda.gov/filings/public/filing/363d2e22-d1f1-421b-920d-dd1f4848e7bd/print/,https://lda.gov/api/v1/filings/363d2e22-d1f1-421b-920d-dd1f4848e7bd/,,2026-09-12,faecab5fc7021e1469b06eefdbb894f2af73402420e71961506298e61ff6b36a
cand-b905d6833296,American Petroleum Institute,69c6eca7-4004-4791-a774-711886f7058d,2003,year_end,YY,2003-07-01,2003-12-31,AMERICAN PETROLEUM INSTITUTE,126945,87,TIBER CREEK GROUP,20744,60000.00,,,,income,false,2004-02-17T00:00:00-05:00,,https://lda.gov/filings/public/filing/69c6eca7-4004-4791-a774-711886f7058d/print/,https://lda.gov/api/v1/filings/69c6eca7-4004-4791-a774-711886f7058d/,,2026-09-12,60406f53b8523434c7c6a6b4cb9ad3f0263cd09da1af4adc7dbe3688a2ee2b2c
cand-b905d6833296,American Petroleum Institute,7f0e96ed-5cff-4152-b77c-f8dfc442261f,2003,year_end,YA,2003-07-01,2003-12-31,AMERICAN PETROLEUM INSTITUTE,140538,534,"PUBLIC STRATEGIES, INC.",32475,100000.00,,,,income,false,2004-05-04T00:00:00-04:00,,https://lda.gov/filings/public/filing/7f0e96ed-5cff-4152-b77c-f8dfc442261f/print/,https://lda.gov/api/v1/filings/7f0e96ed-5cff-4152-b77c-f8dfc442261f/,,2026-09-12,80cf511023b520a275769154413a0209b950229213fe26ae1225c312a0ac57ef
cand-b905d6833296,American Petroleum Institute,be173d2c-6097-4c8e-966b-b9376845a367,2003,year_end,YYY,2003-07-01,2003-12-31,AMERICAN PETROLEUM INSTITUTE,119051,36,"EOP GROUP, INC.",13712,0.00,,,,income,false,2004-02-13T00:00:00-05:00,,https://lda.gov/filings/public/filing/be173d2c-6097-4c8e-966b-b9376845a367/print/,https://lda.gov/api/v1/filings/be173d2c-6097-4c8e-966b-b9376845a367/,,2026-09-12,4bd02d1303c5453cb20f673105a1268c5c4874d01ff020997e9fb26211b5ca0b
cand-b905d6833296,American Petroleum Institute,dd030878-e9b4-495e-af72-cf8cfde97a9f,2003,year_end,YY,2003-07-01,2003-12-31,AMERICAN PETROLEUM INSTITUTE,155677,773,OGR,48827,100000.00,,,,income,false,2004-02-19T00:00:00-05:00,,https://lda.gov/filings/public/filing/dd030878-e9b4-495e-af72-cf8cfde97a9f/print/,https://lda.gov/api/v1/filings/dd030878-e9b4-495e-af72-cf8cfde97a9f/,,2026-09-12,5ff0ecfe6ae48a8a59d20f4db0463d93b6a5be6220b43b911f2e2d37d8a882b0
cand-b905d6833296,American Petroleum Institute,ecc3cdec-f10b-410b-8f0a-77b9177e1345,2003,year_end,YY,2003-07-01,2003-12-31,AMERICAN PETROLEUM INSTITUTE,146563,48,"TIMMONS AND COMPANY, INC.",38164,180000.00,,,,income,false,2004-02-10T00:00:00-05:00,,https://lda.gov/filings/public/filing/ecc3cdec-f10b-410b-8f0a-77b9177e1345/print/,https://lda.gov/api/v1/filings/ecc3cdec-f10b-410b-8f0a-77b9177e1345/,,2026-09-12,cd1f598f200b70d48fe49d2ab8de6ed2c7bba27c3075e2aea1cdeaf325a521d1
cand-b905d6833296,American Petroleum Institute,f0a758b3-2d85-4d8e-8cf0-a2a7cfcfa786,2003,year_end,YY,2003-07-01,2003-12-31,AMERICAN PETROLEUM INSTITUTE,103626,12,AMERICAN PETROLEUM INSTITUTE,3060,,1460000.00,,,expenses,true,2004-03-03T00:00:00-05:00,,https://lda.gov/filings/public/filing/f0a758b3-2d85-4d8e-8cf0-a2a7cfcfa786/print/,https://lda.gov/api/v1/filings/f0a758b3-2d85-4d8e-8cf0-a2a7cfcfa786/,,2026-09-12,0bb63da77e6e1c64794baa0f3ed8fba6b241bc364f75425713f7bff45ea329b1
cand-b905d6833296,American Petroleum Institute,721163da-1b0c-4f99-8922-be6616fb699c,2004,mid_year,MM,2004-01-01,2004-06-30,AMERICAN PETROLEUM INSTITUTE,103626,12,AMERICAN PETROLEUM INSTITUTE,3060,,1520000.00,,,expenses,true,2004-08-20T00:00:00-04:00,,https://lda.gov/filings/public/filing/721163da-1b0c-4f99-8922-be6616fb699c/print/,https://lda.gov/api/v1/filings/721163da-1b0c-4f99-8922-be6616fb699c/,,2026-09-12,ca9ca08cfd16a3c3309a2e79051e91a09228572ea73a89e7c4abfd7cd9c7c07a
cand-b905d6833296,American Petroleum Institute,7a310f1d-c882-4dcc-bbea-f827ef3a526a,2004,mid_year,MM,2004-01-01,2004-06-30,AMERICAN PETROLEUM INSTITUTE,126945,87,TIBER CREEK GROUP,20744,60000.00,,,,income,false,2004-08-13T00:00:00-04:00,,https://lda.gov/filings/public/filing/7a310f1d-c882-4dcc-bbea-f827ef3a526a/print/,https://lda.gov/api/v1/filings/7a310f1d-c882-4dcc-bbea-f827ef3a526a/,,2026-09-12,21ac448ce2da7ebbf385a3c31d305f35ef5c2e6da60ef60f2023f81b3e6b44ff
cand-b905d6833296,American Petroleum Institute,986e1e6c-54c8-4780-85af-3cfcbcf54f36,2004,mid_year,RA,2004-01-01,2004-06-30,AMERICAN PETROLEUM INSTITUTE,103626,12,AMERICAN PETROLEUM INSTITUTE,3060,,,,,neither,true,2004-03-03T00:00:00-05:00,,https://lda.gov/filings/public/filing/986e1e6c-54c8-4780-85af-3cfcbcf54f36/print/,https://lda.gov/api/v1/filings/986e1e6c-54c8-4780-85af-3cfcbcf54f36/,,2026-09-12,42b79bf479312abdd9600ca6b8f9830259d86d01aad3c8e89f864732ea09ac06
cand-b905d6833296,American Petroleum Institute,99d6c6ba-a163-4df8-9110-f71139c09a9f,2004,mid_year,MT,2004-01-01,2004-06-30,AMERICAN PETROLEUM INSTITUTE,140538,534,"PUBLIC STRATEGIES, INC.",32475,60000.00,,,,income,false,2004-08-19T00:00:00-04:00,,https://lda.gov/filings/public/filing/99d6c6ba-a163-4df8-9110-f71139c09a9f/print/,https://lda.gov/api/v1/filings/99d6c6ba-a163-4df8-9110-f71139c09a9f/,,2026-09-12,ad94000cba7c9f7fe4bc47c841489066a19792601d08df29a0a2f822faa4c487
cand-b905d6833296,American Petroleum Institute,a62168d6-60e4-44d1-916c-98af89f87400,2004,mid_year,MMY,2004-01-01,2004-06-30,AMERICAN PETROLEUM INSTITUTE,119051,36,"EOP GROUP, INC.",13712,0.00,,,,income,false,2004-08-16T00:00:00-04:00,,https://lda.gov/filings/public/filing/a62168d6-60e4-44d1-916c-98af89f87400/print/,https://lda.gov/api/v1/filings/a62168d6-60e4-44d1-916c-98af89f87400/,,2026-09-12,61b42295a546063785c9285cb7a2f899761b7de739d9330a247ea8b31268da24
cand-b905d6833296,American Petroleum Institute,bdc45fd5-f32a-400a-91e7-16677a32b7a4,2004,mid_year,MM,2004-01-01,2004-06-30,AMERICAN PETROLEUM INSTITUTE,114557,2195,PRICEWATERHOUSECOOPERS,10764,160000.00,,,,income,false,2004-08-25T00:00:00-04:00,,https://lda.gov/filings/public/filing/bdc45fd5-f32a-400a-91e7-16677a32b7a4/print/,https://lda.gov/api/v1/filings/bdc45fd5-f32a-400a-91e7-16677a32b7a4/,,2026-09-12,a9b6f01e273040458c5e44344d69da48e264a91e1f1571e1df76a1b84dac987d
cand-b905d6833296,American Petroleum Institute,caaaf256-825a-47da-80cc-4b3a2f05448e,2004,mid_year,MMY,2004-01-01,2004-06-30,AMERICAN PETROLEUM INSTITUTE,143410,90,SHEA & GARDNER,35024,0.00,,,,income,false,2004-07-20T00:00:00-04:00,,https://lda.gov/filings/public/filing/caaaf256-825a-47da-80cc-4b3a2f05448e/print/,https://lda.gov/api/v1/filings/caaaf256-825a-47da-80cc-4b3a2f05448e/,,2026-09-12,150ce74ef79cabe87d73386c72bd1eb410a040db8ec655efc1ed3cf23fd6af7e
cand-b905d6833296,American Petroleum Institute,d4378920-bb63-426d-bb21-650a1de64eac,2004,mid_year,MM,2004-01-01,2004-06-30,AMERICAN PETROLEUM INSTITUTE,146563,48,"TIMMONS AND COMPANY, INC.",38164,180000.00,,,,income,false,2004-08-04T00:00:00-04:00,,https://lda.gov/filings/public/filing/d4378920-bb63-426d-bb21-650a1de64eac/print/,https://lda.gov/api/v1/filings/d4378920-bb63-426d-bb21-650a1de64eac/,,2026-09-12,da84012478bc9f6972cc6c0fea4cf53d23ee9b02f6074e308985b40d8ec8c698
cand-b905d6833296,American Petroleum Institute,eb0cac02-9822-4294-8a6f-d41f1d756863,2004,mid_year,MM,2004-01-01,2004-06-30,AMERICAN PETROLEUM INSTITUTE,155677,773,OGR,48827,100000.00,,,,income,false,2004-08-16T00:00:00-04:00,,https://lda.gov/filings/public/filing/eb0cac02-9822-4294-8a6f-d41f1d756863/print/,https://lda.gov/api/v1/filings/eb0cac02-9822-4294-8a6f-d41f1d756863/,,2026-09-12,a77f9cdaf9d898fba34eaa021a3cbfce0d559a590c9742adfd6ac3c970b79839
cand-b905d6833296,American Petroleum Institute,04a07044-492f-401a-a6d1-cd9e2014d34d,2004,year_end,YYY,2004-07-01,2004-12-31,AMERICAN PETROLEUM INSTITUTE,170778,90,GOODWIN PROCTER LLP,79756,0.00,,,,income,false,2005-04-11T00:00:00-04:00,,https://lda.gov/filings/public/filing/04a07044-492f-401a-a6d1-cd9e2014d34d/print/,https://lda.gov/api/v1/filings/04a07044-492f-401a-a6d1-cd9e2014d34d/,,2026-09-12,a2b0d3a7785d0c16cbb80cc17009bf491938d9bc7d99c2019a27e0a3919721ff
cand-b905d6833296,American Petroleum Institute,07003e00-2939-4b41-a48e-3ceacae5392f,2004,year_end,YY,2004-07-01,2004-12-31,AMERICAN PETROLEUM INSTITUTE,103626,12,AMERICAN PETROLEUM INSTITUTE,3060,,1350000.00,,,expenses,true,2005-02-22T00:00:00-05:00,,https://lda.gov/filings/public/filing/07003e00-2939-4b41-a48e-3ceacae5392f/print/,https://lda.gov/api/v1/filings/07003e00-2939-4b41-a48e-3ceacae5392f/,,2026-09-12,372af59a88c73317581c77ed087eb6b9813159f5cf998164abb36e427ce41d05
cand-b905d6833296,American Petroleum Institute,0ab2e2cc-50ac-4c51-a693-2337a74ad2ea,2004,year_end,YY,2004-07-01,2004-12-31,AMERICAN PETROLEUM INSTITUTE,126945,87,TIBER CREEK GROUP,20744,60000.00,,,,income,false,2005-02-14T00:00:00-05:00,,https://lda.gov/filings/public/filing/0ab2e2cc-50ac-4c51-a693-2337a74ad2ea/print/,https://lda.gov/api/v1/filings/0ab2e2cc-50ac-4c51-a693-2337a74ad2ea/,,2026-09-12,90d2419d21999e289d1d3ffc68d9db90901a3a1f5e694a2a2469a8797fedaf84
cand-b905d6833296,American Petroleum Institute,1f890721-fbb2-4eb5-ac9e-6ea4ccca6d57,2004,year_end,YYY,2004-07-01,2004-12-31,AMERICAN PETROLEUM INSTITUTE,119051,36,"EOP GROUP, INC.",13712,0.00,,,,income,false,2005-02-15T00:00:00-05:00,,https://lda.gov/filings/public/filing/1f890721-fbb2-4eb5-ac9e-6ea4ccca6d57/print/,https://lda.gov/api/v1/filings/1f890721-fbb2-4eb5-ac9e-6ea4ccca6d57/,,2026-09-12,345e9652bc06dd7d10a4967d752aebae1c33d9ab742c4ff8b8f9d5804fb3ea2b
cand-b905d6833296,American Petroleum Institute,4fb43c58-9f39-424f-a9ca-15c3292a393c,2004,year_end,YY,2004-07-01,2004-12-31,AMERICAN PETROLEUM INSTITUTE,146563,48,"TIMMONS AND COMPANY, INC.",38164,180000.00,,,,income,false,2005-02-15T00:00:00-05:00,,https://lda.gov/filings/public/filing/4fb43c58-9f39-424f-a9ca-15c3292a393c/print/,https://lda.gov/api/v1/filings/4fb43c58-9f39-424f-a9ca-15c3292a393c/,,2026-09-12,333e70d19318e6eb7102b89733bc475cedbf87c92f0878ec065275a00dba918c
cand-b905d6833296,American Petroleum Institute,8bf9ca8e-9540-4522-b3e5-c2761a216f9f,2004,year_end,YY,2004-07-01,2004-12-31,AMERICAN PETROLEUM INSTITUTE,155677,773,OGR,48827,100000.00,,,,income,false,2005-02-14T00:00:00-05:00,,https://lda.gov/filings/public/filing/8bf9ca8e-9540-4522-b3e5-c2761a216f9f/print/,https://lda.gov/api/v1/filings/8bf9ca8e-9540-4522-b3e5-c2761a216f9f/,,2026-09-12,7132ced55d87627500bab8be15d58e52e3ed5e3de3fd88a764f0ba0d49db3bde
cand-b905d6833296,American Petroleum Institute,96780ee1-b77b-41a1-b362-b8f750361e62,2004,year_end,YY,2004-07-01,2004-12-31,AMERICAN PETROLEUM INSTITUTE,114557,2195,PRICEWATERHOUSECOOPERS,10764,160000.00,,,,income,false,2005-03-04T00:00:00-05:00,,https://lda.gov/filings/public/filing/96780ee1-b77b-41a1-b362-b8f750361e62/print/,https://lda.gov/api/v1/filings/96780ee1-b77b-41a1-b362-b8f750361e62/,,2026-09-12,952583437574ce3bdccb99371793c353926a25483770b0f0195614aaa6554966
cand-b905d6833296,American Petroleum Institute,a93a23e5-9da2-4c18-8625-b41fc0987d06,2004,year_end,YT,2004-07-01,2004-12-31,AMERICAN PETROLEUM INSTITUTE,143410,90,SHEA & GARDNER,35024,0.00,,,,income,false,1995-05-19T00:00:00-04:00,,https://lda.gov/filings/public/filing/a93a23e5-9da2-4c18-8625-b41fc0987d06/print/,https://lda.gov/api/v1/filings/a93a23e5-9da2-4c18-8625-b41fc0987d06/,,2026-09-12,09ef5fe196f1bb25864d983574d33bc5e8a272552c9a84d63bb689299614f561
cand-b905d6833296,American Petroleum Institute,0c3ab1a3-56de-4d30-9ea9-0222ea4c056d,2005,mid_year,MM,2005-01-01,2005-06-30,AMERICAN PETROLEUM INSTITUTE,146563,48,"TIMMONS AND COMPANY, INC.",38164,180000.00,,,,income,false,2005-08-03T00:00:00-04:00,,https://lda.gov/filings/public/filing/0c3ab1a3-56de-4d30-9ea9-0222ea4c056d/print/,https://lda.gov/api/v1/filings/0c3ab1a3-56de-4d30-9ea9-0222ea4c056d/,,2026-09-12,56329dbdd2633ff591da971993096b0515488f1fd6c8edca2781d8aa68ea358f
cand-b905d6833296,American Petroleum Institute,1da0278f-e114-450f-81d1-cfe4994fe35a,2005,mid_year,MMY,2005-01-01,2005-06-30,AMERICAN PETROLEUM INSTITUTE,170778,90,GOODWIN PROCTER LLP,79756,0.00,,,,income,false,2005-07-27T00:00:00-04:00,,https://lda.gov/filings/public/filing/1da0278f-e114-450f-81d1-cfe4994fe35a/print/,https://lda.gov/api/v1/filings/1da0278f-e114-450f-81d1-cfe4994fe35a/,,2026-09-12,874c9a95a3e3af02f723ca617fef7970d8a5744c044bc6c5e1ec6ae3e3edb5e0
cand-b905d6833296,American Petroleum Institute,529b0ba3-a0b4-4b75-a8e2-68ad1e6babd7,2005,mid_year,RR,2005-01-01,2005-06-30,AMERICAN PETROLEUM INSTITUTE,177737,51,H. B. HARTLEY,291138,,,,,neither,false,2005-03-29T00:00:00-05:00,,https://lda.gov/filings/public/filing/529b0ba3-a0b4-4b75-a8e2-68ad1e6babd7/print/,https://lda.gov/api/v1/filings/529b0ba3-a0b4-4b75-a8e2-68ad1e6babd7/,,2026-09-12,bc19a803ab64ce60d54219e117ad6afa91cb98cd737a5e1246fff646c8833add
cand-b905d6833296,American Petroleum Institute,5808143e-957a-47ab-a30f-71325433b34d,2005,mid_year,MM,2005-01-01,2005-06-30,AMERICAN PETROLEUM INSTITUTE,177737,51,H. B. HARTLEY,291138,20000.00,,,,income,false,2005-08-10T00:00:00-04:00,,https://lda.gov/filings/public/filing/5808143e-957a-47ab-a30f-71325433b34d/print/,https://lda.gov/api/v1/filings/5808143e-957a-47ab-a30f-71325433b34d/,,2026-09-12,1e08c3faf6ac2db37cd02ef073e23eda9e9f6a4ef687ee6bc772916dfed592d4
cand-b905d6833296,American Petroleum Institute,5868aa98-2458-457a-ac8a-b36825c2e9f3,2005,mid_year,MM,2005-01-01,2005-06-30,AMERICAN PETROLEUM INSTITUTE,126945,87,TIBER CREEK GROUP,20744,60000.00,,,,income,false,2005-08-05T00:00:00-04:00,,https://lda.gov/filings/public/filing/5868aa98-2458-457a-ac8a-b36825c2e9f3/print/,https://lda.gov/api/v1/filings/5868aa98-2458-457a-ac8a-b36825c2e9f3/,,2026-09-12,e679a0888ddb0db82bb6838b4b991e989a7f1636a00546afa2f6afc1954372e4
cand-b905d6833296,American Petroleum Institute,840aa7e5-4b9f-46fa-bd3c-2707b90607e8,2005,mid_year,MM,2005-01-01,2005-06-30,AMERICAN PETROLEUM INSTITUTE,103626,12,AMERICAN PETROLEUM INSTITUTE,3060,,1880000.00,,,expenses,true,2005-08-24T00:00:00-04:00,,https://lda.gov/filings/public/filing/840aa7e5-4b9f-46fa-bd3c-2707b90607e8/print/,https://lda.gov/api/v1/filings/840aa7e5-4b9f-46fa-bd3c-2707b90607e8/,,2026-09-12,1bc64e0c872f5f3d9dd5e2d81c4d0caeda304257913a36ca9a608e6d00d49bab
cand-b905d6833296,American Petroleum Institute,8e2c34f9-1c82-4bf4-bd3c-7da1a0572642,2005,mid_year,RA,2005-01-01,2005-06-30,AMERICAN PETROLEUM INSTITUTE,170778,90,GOODWIN PROCTER LLP,79756,,,,,neither,false,2005-02-24T00:00:00-05:00,,https://lda.gov/filings/public/filing/8e2c34f9-1c82-4bf4-bd3c-7da1a0572642/print/,https://lda.gov/api/v1/filings/8e2c34f9-1c82-4bf4-bd3c-7da1a0572642/,,2026-09-12,0ef916790c9826bc28801417826e4bbb0185c9af9221c770abe2895e02109c5e
cand-b905d6833296,American Petroleum Institute,9fd40f7b-9904-4d58-a67e-1c992df2657f,2005,mid_year,MM,2005-01-01,2005-06-30,AMERICAN PETROLEUM INSTITUTE,114557,2195,PRICEWATERHOUSECOOPERS,10764,120000.00,,,,income,false,2005-08-17T00:00:00-04:00,,https://lda.gov/filings/public/filing/9fd40f7b-9904-4d58-a67e-1c992df2657f/print/,https://lda.gov/api/v1/filings/9fd40f7b-9904-4d58-a67e-1c992df2657f/,,2026-09-12,4e20a6c6f2e66bc1e2f3acb319f6ca0bb95f0b5eb825effe6ab18c4634b8e103
cand-b905d6833296,American Petroleum Institute,bd6cef11-dc6a-4bf9-a5e5-0339bd13bdab,2005,mid_year,RR,2005-01-01,2005-06-30,AMERICAN PETROLEUM INSTITUTE,126018,1623,HUNTON ANDREWS KURTH LLP,18978,,,,,neither,false,2005-06-22T00:00:00-04:00,,https://lda.gov/filings/public/filing/bd6cef11-dc6a-4bf9-a5e5-0339bd13bdab/print/,https://lda.gov/api/v1/filings/bd6cef11-dc6a-4bf9-a5e5-0339bd13bdab/,,2026-09-12,647cdb1d333fb7af0ca893bf5e3bfda3b9638ebbcb778ccf68287d1a134be628
cand-b905d6833296,American Petroleum Institute,bec3f91e-745f-4ad4-b0a3-a8d62f424296,2005,mid_year,MM,2005-01-01,2005-06-30,AMERICAN PETROLEUM INSTITUTE,171593,517,BLUEWATER STRATEGIES,82170,0.00,,,,income,false,2005-08-15T00:00:00-04:00,,https://lda.gov/filings/public/filing/bec3f91e-745f-4ad4-b0a3-a8d62f424296/print/,https://lda.gov/api/v1/filings/bec3f91e-745f-4ad4-b0a3-a8d62f424296/,,2026-09-12,61b25c57b90e7d3c84da7283c4dea3b7893fa29d127c00502530a4a1a3ed764a
cand-b905d6833296,American Petroleum Institute,c2d3bdf2-ad5b-4a4c-bfca-f65465c90dce,2005,mid_year,MM,2005-01-01,2005-06-30,AMERICAN PETROLEUM INSTITUTE,126018,1623,HUNTON ANDREWS KURTH LLP,18978,,,,,neither,false,2005-08-11T00:00:00-04:00,,https://lda.gov/filings/public/filing/c2d3bdf2-ad5b-4a4c-bfca-f65465c90dce/print/,https://lda.gov/api/v1/filings/c2d3bdf2-ad5b-4a4c-bfca-f65465c90dce/,,2026-09-12,b775ff0c8891f546a517812e291406578e33b15f7f73673feccbe01aeee29d67
cand-b905d6833296,American Petroleum Institute,ccc82df5-99ef-4fa0-89c3-cc25ea597a15,2005,mid_year,MMY,2005-01-01,2005-06-30,AMERICAN PETROLEUM INSTITUTE,119051,36,"EOP GROUP, INC.",13712,0.00,,,,income,false,2005-08-15T00:00:00-04:00,,https://lda.gov/filings/public/filing/ccc82df5-99ef-4fa0-89c3-cc25ea597a15/print/,https://lda.gov/api/v1/filings/ccc82df5-99ef-4fa0-89c3-cc25ea597a15/,,2026-09-12,391c6614ce6dac304e17a1374b827fd742fed7f3eef085d9d87b88233f40797b
cand-b905d6833296,American Petroleum Institute,d278f62c-5203-4aee-a7c2-8b36bbbd9b93,2005,mid_year,RR,2005-01-01,2005-06-30,AMERICAN PETROLEUM INSTITUTE,170778,90,GOODWIN PROCTER LLP,79756,,,,,neither,false,2005-01-19T00:00:00-05:00,,https://lda.gov/filings/public/filing/d278f62c-5203-4aee-a7c2-8b36bbbd9b93/print/,https://lda.gov/api/v1/filings/d278f62c-5203-4aee-a7c2-8b36bbbd9b93/,,2026-09-12,0f0181096ecefe03785b1f7045fc54c367fa2c4eaac0c1a63ec875446d40b213
cand-b905d6833296,American Petroleum Institute,d3ac1fee-8350-4b1e-92f8-804de323d5df,2005,mid_year,MM,2005-01-01,2005-06-30,AMERICAN PETROLEUM INSTITUTE,155677,773,OGR,48827,100000.00,,,,income,false,2005-08-15T00:00:00-04:00,,https://lda.gov/filings/public/filing/d3ac1fee-8350-4b1e-92f8-804de323d5df/print/,https://lda.gov/api/v1/filings/d3ac1fee-8350-4b1e-92f8-804de323d5df/,,2026-09-12,fc509db51ede51bad1fc888798aa2a84cfdafaf26be363888dc21590c41dcd88
cand-b905d6833296,American Petroleum Institute,e373e7d3-705b-4b13-9e63-8985e9e4b3dc,2005,mid_year,MA,2005-01-01,2005-06-30,AMERICAN PETROLEUM INSTITUTE,170778,90,GOODWIN PROCTER LLP,79756,0.00,,,,income,false,2006-08-11T00:00:00-04:00,,https://lda.gov/filings/public/filing/e373e7d3-705b-4b13-9e63-8985e9e4b3dc/print/,https://lda.gov/api/v1/filings/e373e7d3-705b-4b13-9e63-8985e9e4b3dc/,,2026-09-12,db5b927f3db1828df205d8fa78d04163194b01d39a820942c1ff8068540f556c
cand-b905d6833296,American Petroleum Institute,1b7032ce-24d7-4105-ab95-f682e65d08be,2005,year_end,YY,2005-07-01,2005-12-31,AMERICAN PETROLEUM INSTITUTE,155677,773,OGR,48827,100000.00,,,,income,false,2006-04-12T00:00:00-04:00,,https://lda.gov/filings/public/filing/1b7032ce-24d7-4105-ab95-f682e65d08be/print/,https://lda.gov/api/v1/filings/1b7032ce-24d7-4105-ab95-f682e65d08be/,,2026-09-12,4c75e027ea159c5c4b7edb43be67506f3e422cc2d59bff67b67965c57f05a638
cand-b905d6833296,American Petroleum Institute,1f6b396a-00d1-4ad6-a07e-5bfb7f2b7f1e,2005,year_end,YY,2005-07-01,2005-12-31,AMERICAN PETROLEUM INSTITUTE,146563,48,"TIMMONS AND COMPANY, INC.",38164,180000.00,,,,income,false,2006-02-09T00:00:00-05:00,,https://lda.gov/filings/public/filing/1f6b396a-00d1-4ad6-a07e-5bfb7f2b7f1e/print/,https://lda.gov/api/v1/filings/1f6b396a-00d1-4ad6-a07e-5bfb7f2b7f1e/,,2026-09-12,3325aa09bbfbce5f8c451a3de2023a4f13931e87da24b81833e32524e271b9ac
cand-b905d6833296,American Petroleum Institute,372b6cc7-2d26-4670-83a2-cdea0637d30b,2005,year_end,YYY,2005-07-01,2005-12-31,AMERICAN PETROLEUM INSTITUTE,170778,90,GOODWIN PROCTER LLP,79756,0.00,,,,income,false,2006-02-23T00:00:00-05:00,,https://lda.gov/filings/public/filing/372b6cc7-2d26-4670-83a2-cdea0637d30b/print/,https://lda.gov/api/v1/filings/372b6cc7-2d26-4670-83a2-cdea0637d30b/,,2026-09-12,1de6769c4c554b8170adc4bd6d4357219751efeebbf6274a2c8531d4d2fb955f
cand-b905d6833296,American Petroleum Institute,38bca06c-e6eb-48ce-afcd-4b440df8c313,2005,year_end,YY,2005-07-01,2005-12-31,AMERICAN PETROLEUM INSTITUTE,126945,87,TIBER CREEK GROUP,20744,60000.00,,,,income,false,2006-02-14T00:00:00-05:00,,https://lda.gov/filings/public/filing/38bca06c-e6eb-48ce-afcd-4b440df8c313/print/,https://lda.gov/api/v1/filings/38bca06c-e6eb-48ce-afcd-4b440df8c313/,,2026-09-12,797ec4eafd053ac1efd8b9523659e71d7d37568ad8d0d1a639a02553324b6054
cand-b905d6833296,American Petroleum Institute,805bb0a0-60ec-4c0a-9ea3-3c08b67b75c9,2005,year_end,RR,2005-07-01,2005-12-31,AMERICAN PETROLEUM INSTITUTE,171593,517,BLUEWATER STRATEGIES,82170,,,,,neither,false,2005-07-14T00:00:00-04:00,,https://lda.gov/filings/public/filing/805bb0a0-60ec-4c0a-9ea3-3c08b67b75c9/print/,https://lda.gov/api/v1/filings/805bb0a0-60ec-4c0a-9ea3-3c08b67b75c9/,,2026-09-12,8f85498db6924d37ac32630d5d0ac1feaa2bcfd5b2058e6611fea46ad798b6b7
cand-b905d6833296,American Petroleum Institute,9073e8fb-41d3-410d-952c-11e37f7f8584,2005,year_end,YY,2005-07-01,2005-12-31,AMERICAN PETROLEUM INSTITUTE,126018,1623,HUNTON ANDREWS KURTH LLP,18978,0.00,,,,income,false,2006-02-14T00:00:00-05:00,,https://lda.gov/filings/public/filing/9073e8fb-41d3-410d-952c-11e37f7f8584/print/,https://lda.gov/api/v1/filings/9073e8fb-41d3-410d-952c-11e37f7f8584/,,2026-09-12,efe29aa28eaf944cf4531891b5dcecae9b5c0415c3ad4e7348f24da4eda5d7af
cand-b905d6833296,American Petroleum Institute,950821c8-110b-4d6b-bdc6-21909d6b2a7b,2005,year_end,YY,2005-07-01,2005-12-31,AMERICAN PETROLEUM INSTITUTE,170778,90,GOODWIN PROCTER LLP,79756,0.00,,,,income,false,2006-08-11T00:00:00-04:00,,https://lda.gov/filings/public/filing/950821c8-110b-4d6b-bdc6-21909d6b2a7b/print/,https://lda.gov/api/v1/filings/950821c8-110b-4d6b-bdc6-21909d6b2a7b/,,2026-09-12,a342a4d936fbe1b6fd4cd23d89a878561e551ce2c2a9ba6ca5cd6903adbc4ce5
cand-b905d6833296,American Petroleum Institute,ad7211e0-80d7-47e0-b86c-a86237d9cdf2,2005,year_end,YY,2005-07-01,2005-12-31,AMERICAN PETROLEUM INSTITUTE,177737,51,H. B. HARTLEY,291138,30000.00,,,,income,false,2006-01-25T00:00:00-05:00,,https://lda.gov/filings/public/filing/ad7211e0-80d7-47e0-b86c-a86237d9cdf2/print/,https://lda.gov/api/v1/filings/ad7211e0-80d7-47e0-b86c-a86237d9cdf2/,,2026-09-12,97bd60412032c5f2106282e76a9693f88f7b25c266c53cef83fdf8cdb7a2eb24
cand-b905d6833296,American Petroleum Institute,c44ef8b7-3dc6-4891-957a-9ea082b54456,2005,year_end,YY,2005-07-01,2005-12-31,AMERICAN PETROLEUM INSTITUTE,103626,12,AMERICAN PETROLEUM INSTITUTE,3060,,1760000.00,,,expenses,true,2006-02-23T00:00:00-05:00,,https://lda.gov/filings/public/filing/c44ef8b7-3dc6-4891-957a-9ea082b54456/print/,https://lda.gov/api/v1/filings/c44ef8b7-3dc6-4891-957a-9ea082b54456/,,2026-09-12,abdcf80159c53204ab3bdc31191ca903e22cfd2c9c4ea9ea2434790da3f9d52a
cand-b905d6833296,American Petroleum Institute,ce85e9ba-af41-44a4-a678-bae3e7d336d6,2005,year_end,YY,2005-07-01,2005-12-31,AMERICAN PETROLEUM INSTITUTE,171593,517,BLUEWATER STRATEGIES,82170,40000.00,,,,income,false,2006-02-15T00:00:00-05:00,,https://lda.gov/filings/public/filing/ce85e9ba-af41-44a4-a678-bae3e7d336d6/print/,https://lda.gov/api/v1/filings/ce85e9ba-af41-44a4-a678-bae3e7d336d6/,,2026-09-12,72f3ac2e7d73454adf163aac4cf1917b1c6d7de9d6cf1ffc13240007131fb685
cand-b905d6833296,American Petroleum Institute,d4ea9cba-c5db-433c-8ab8-2b3ea4bbd43f,2005,year_end,YYY,2005-07-01,2005-12-31,AMERICAN PETROLEUM INSTITUTE,119051,36,"EOP GROUP, INC.",13712,0.00,,,,income,false,2006-02-14T00:00:00-05:00,,https://lda.gov/filings/public/filing/d4ea9cba-c5db-433c-8ab8-2b3ea4bbd43f/print/,https://lda.gov/api/v1/filings/d4ea9cba-c5db-433c-8ab8-2b3ea4bbd43f/,,2026-09-12,e78f5e97fb2490ad8c61bf9616870cf7c5e000b4328163749e66615171b877e4
cand-b905d6833296,American Petroleum Institute,ea3f2922-1f66-404a-87ff-8e6722e5de72,2005,year_end,YY,2005-07-01,2005-12-31,AMERICAN PETROLEUM INSTITUTE,114557,2195,PRICEWATERHOUSECOOPERS,10764,120000.00,,,,income,false,2006-02-07T00:00:00-05:00,,https://lda.gov/filings/public/filing/ea3f2922-1f66-404a-87ff-8e6722e5de72/print/,https://lda.gov/api/v1/filings/ea3f2922-1f66-404a-87ff-8e6722e5de72/,,2026-09-12,bad559ebade077e0352cd35106b4bc7960301b9cc59f0fe0622ec7564faf37c7
cand-b905d6833296,American Petroleum Institute,03133e98-4c56-4c3c-b6a7-47d45fd74941,2006,mid_year,MM,2006-01-01,2006-06-30,AMERICAN PETROLEUM INSTITUTE,186250,1004220,MR. CHRISTOPHER HEINZ,318298,0.00,,,,income,false,2008-09-12T00:00:00-04:00,,https://lda.gov/filings/public/filing/03133e98-4c56-4c3c-b6a7-47d45fd74941/print/,https://lda.gov/api/v1/filings/03133e98-4c56-4c3c-b6a7-47d45fd74941/,,2026-09-12,fab0c85588d10209a875572ef7f546943546fc834e8a782d18b0847c89449984
cand-b905d6833296,American Petroleum Institute,0bfdf84f-0be1-4a32-a103-bdc6c94ad831,2006,mid_year,MMY,2006-01-01,2006-06-30,AMERICAN PETROLEUM INSTITUTE,119051,36,"EOP GROUP, INC.",13712,0.00,,,,income,false,2006-08-11T00:00:00-04:00,,https://lda.gov/filings/public/filing/0bfdf84f-0be1-4a32-a103-bdc6c94ad831/print/,https://lda.gov/api/v1/filings/0bfdf84f-0be1-4a32-a103-bdc6c94ad831/,,2026-09-12,83e9eedf25ed1640156eb71b44e53a7e308c00076324afb5f97afb4b45920754
cand-b905d6833296,American Petroleum Institute,1832d2c0-0177-4e49-bc9f-3f99d0e19ef0,2006,mid_year,MM,2006-01-01,2006-06-30,AMERICAN PETROLEUM INSTITUTE,171593,517,BLUEWATER STRATEGIES,82170,40000.00,,,,income,false,2006-08-14T00:00:00-04:00,,https://lda.gov/filings/public/filing/1832d2c0-0177-4e49-bc9f-3f99d0e19ef0/print/,https://lda.gov/api/v1/filings/1832d2c0-0177-4e49-bc9f-3f99d0e19ef0/,,2026-09-12,3158e3591275db5b3ea53e3c611843141bca8df6c889384af95aa77acc8d85c7
cand-b905d6833296,American Petroleum Institute,2afed07e-2586-4ee2-bfb2-14727fb2f1fa,2006,mid_year,MM,2006-01-01,2006-06-30,AMERICAN PETROLEUM INSTITUTE,155677,773,OGR,48827,140000.00,,,,income,false,2006-08-11T00:00:00-04:00,,https://lda.gov/filings/public/filing/2afed07e-2586-4ee2-bfb2-14727fb2f1fa/print/,https://lda.gov/api/v1/filings/2afed07e-2586-4ee2-bfb2-14727fb2f1fa/,,2026-09-12,a84f01f20e89988dc686822ba88e66771ae8e5c0b8fb5974dd5d41f915c6ac1e
cand-b905d6833296,American Petroleum Institute,39e8eb8e-0082-4b43-99d3-ff0779f30c77,2006,mid_year,MM,2006-01-01,2006-06-30,AMERICAN PETROLEUM INSTITUTE,177737,51,H. B. HARTLEY,291138,20000.00,,,,income,false,2006-07-24T00:00:00-04:00,,https://lda.gov/filings/public/filing/39e8eb8e-0082-4b43-99d3-ff0779f30c77/print/,https://lda.gov/api/v1/filings/39e8eb8e-0082-4b43-99d3-ff0779f30c77/,,2026-09-12,b2077851f979817f2528ce738a316f868c6ad907077e230a5516f647bcf21f9f
cand-b905d6833296,American Petroleum Institute,4910cd4a-adee-42ef-86dc-671fffd2f859,2006,mid_year,MTY,2006-01-01,2006-06-30,AMERICAN PETROLEUM INSTITUTE,170778,90,GOODWIN PROCTER LLP,79756,0.00,,,,income,false,2006-08-11T00:00:00-04:00,,https://lda.gov/filings/public/filing/4910cd4a-adee-42ef-86dc-671fffd2f859/print/,https://lda.gov/api/v1/filings/4910cd4a-adee-42ef-86dc-671fffd2f859/,,2026-09-12,bed2f46a3d447dede39477d6112a84bed3fb7d6d0977173365d78f1464fadca3
cand-b905d6833296,American Petroleum Institute,4cb24a58-4a01-4a1b-a848-55ce7c333905,2006,mid_year,MM,2006-01-01,2006-06-30,AMERICAN PETROLEUM INSTITUTE,103626,12,AMERICAN PETROLEUM INSTITUTE,3060,,1660000.00,,,expenses,true,2006-08-17T00:00:00-04:00,,https://lda.gov/filings/public/filing/4cb24a58-4a01-4a1b-a848-55ce7c333905/print/,https://lda.gov/api/v1/filings/4cb24a58-4a01-4a1b-a848-55ce7c333905/,,2026-09-12,aef5e00be96d3cff42f9c99176464ba86cf5404c66cd317b1cc0d4ebef527a37
cand-b905d6833296,American Petroleum Institute,56d5dd57-cd87-4eda-9a7e-dbfcc2d683d2,2006,mid_year,RR,2006-01-01,2006-06-30,AMERICAN PETROLEUM INSTITUTE,119293,912,ERNST & YOUNG,13825,,,,,neither,false,2006-02-14T00:00:00-05:00,,https://lda.gov/filings/public/filing/56d5dd57-cd87-4eda-9a7e-dbfcc2d683d2/print/,https://lda.gov/api/v1/filings/56d5dd57-cd87-4eda-9a7e-dbfcc2d683d2/,,2026-09-12,7c5f71dc946c30fc3f90eea013c576f3dd924ae230f8a8e612a21ec95cbb35a5
cand-b905d6833296,American Petroleum Institute,6161a459-d8b3-4b06-995d-b871ac13a7c6,2006,mid_year,MT,2006-01-01,2006-06-30,AMERICAN PETROLEUM INSTITUTE,119293,912,ERNST & YOUNG,13825,50000.00,,,,income,false,2006-08-21T00:00:00-04:00,,https://lda.gov/filings/public/filing/6161a459-d8b3-4b06-995d-b871ac13a7c6/print/,https://lda.gov/api/v1/filings/6161a459-d8b3-4b06-995d-b871ac13a7c6/,,2026-09-12,ffdb20f0e23e00e7e092b8d91f2d7a15e734d19c634dbae3b041a685754f894b
cand-b905d6833296,American Petroleum Institute,765ce082-0974-4f9d-9de3-3e952db3fc61,2006,mid_year,MM,2006-01-01,2006-06-30,AMERICAN PETROLEUM INSTITUTE,127393,1558,"JOHNSTON & ASSOCIATES, LLC",20777,40000.00,,,,income,false,2006-08-23T00:00:00-04:00,,https://lda.gov/filings/public/filing/765ce082-0974-4f9d-9de3-3e952db3fc61/print/,https://lda.gov/api/v1/filings/765ce082-0974-4f9d-9de3-3e952db3fc61/,,2026-09-12,b936d9aa0f1bf132e0de7dbf5541be056c4e99899456ee35b2e5f62cd116a0aa
cand-b905d6833296,American Petroleum Institute,80608e7b-6760-4523-bf76-7a8d251a8b93,2006,mid_year,MM,2006-01-01,2006-06-30,AMERICAN PETROLEUM INSTITUTE,126945,87,TIBER CREEK GROUP,20744,60000.00,,,,income,false,2006-08-10T00:00:00-04:00,,https://lda.gov/filings/public/filing/80608e7b-6760-4523-bf76-7a8d251a8b93/print/,https://lda.gov/api/v1/filings/80608e7b-6760-4523-bf76-7a8d251a8b93/,,2026-09-12,04a7296b2aca5bf4e13d081c0a863d0f46611ffd3dead127c38bff5114fc1935
cand-b905d6833296,American Petroleum Institute,9d53ec34-e3a7-4ade-b751-f4a0902dc8d9,2006,mid_year,MM,2006-01-01,2006-06-30,AMERICAN PETROLEUM INSTITUTE,114557,2195,PRICEWATERHOUSECOOPERS,10764,140000.00,,,,income,false,2006-08-02T00:00:00-04:00,,https://lda.gov/filings/public/filing/9d53ec34-e3a7-4ade-b751-f4a0902dc8d9/print/,https://lda.gov/api/v1/filings/9d53ec34-e3a7-4ade-b751-f4a0902dc8d9/,,2026-09-12,de942b8f21ed4e27909f9be90c70281dccf5a51d930b72b4b2160f35c232c227
cand-b905d6833296,American Petroleum Institute,ab871615-fb04-447d-bcf4-8c9698b3f0f2,2006,mid_year,MM,2006-01-01,2006-06-30,AMERICAN PETROLEUM INSTITUTE,126018,1623,HUNTON ANDREWS KURTH LLP,18978,0.00,,,,income,false,2006-08-07T00:00:00-04:00,,https://lda.gov/filings/public/filing/ab871615-fb04-447d-bcf4-8c9698b3f0f2/print/,https://lda.gov/api/v1/filings/ab871615-fb04-447d-bcf4-8c9698b3f0f2/,,2026-09-12,27750d2446ab8de8b058c163dcb4c363560a25f517535a0b6d7fae307db3a42f
cand-b905d6833296,American Petroleum Institute,f6d8a79d-799c-486e-a1c5-c5619557aaef,2006,mid_year,RR,2006-01-01,2006-06-30,AMERICAN PETROLEUM INSTITUTE,127393,1558,"JOHNSTON & ASSOCIATES, LLC",20777,,,,,neither,false,2006-03-10T00:00:00-05:00,,https://lda.gov/filings/public/filing/f6d8a79d-799c-486e-a1c5-c5619557aaef/print/,https://lda.gov/api/v1/filings/f6d8a79d-799c-486e-a1c5-c5619557aaef/,,2026-09-12,e89416e22e017ceb4652f46b8a4d08f25f35c88fcc19ab9c3dff99b29fed21d0
cand-b905d6833296,American Petroleum Institute,fb6f5926-965c-4ccc-a524-a29f2f8e934f,2006,mid_year,MM,2006-01-01,2006-06-30,AMERICAN PETROLEUM INSTITUTE,146563,48,"TIMMONS AND COMPANY, INC.",38164,190000.00,,,,income,false,2006-08-09T00:00:00-04:00,,https://lda.gov/filings/public/filing/fb6f5926-965c-4ccc-a524-a29f2f8e934f/print/,https://lda.gov/api/v1/filings/fb6f5926-965c-4ccc-a524-a29f2f8e934f/,,2026-09-12,4f2ee2dec64eeb8030c24478a87deea6198b3a1867d43f422ec46046918d559c
cand-b905d6833296,American Petroleum Institute,058bbcfd-088f-4fba-8c08-4e9ca16b5c29,2006,year_end,YY,2006-07-01,2006-12-31,AMERICAN PETROLEUM INSTITUTE,155677,773,OGR,48827,160000.00,,,,income,false,2007-02-09T17:03:36-05:00,,https://lda.gov/filings/public/filing/058bbcfd-088f-4fba-8c08-4e9ca16b5c29/print/,https://lda.gov/api/v1/filings/058bbcfd-088f-4fba-8c08-4e9ca16b5c29/,,2026-09-12,c2d8ef36628354fabb05a53bdbf7242b2a5d10ac6ad914938d2813e45ad130e0
cand-b905d6833296,American Petroleum Institute,24513497-45a3-4950-aef4-3524f0cfe93e,2006,year_end,YY,2006-07-01,2006-12-31,AMERICAN PETROLEUM INSTITUTE,126018,1623,HUNTON ANDREWS KURTH LLP,18978,,,,,neither,false,2007-02-12T15:34:27-05:00,,https://lda.gov/filings/public/filing/24513497-45a3-4950-aef4-3524f0cfe93e/print/,https://lda.gov/api/v1/filings/24513497-45a3-4950-aef4-3524f0cfe93e/,,2026-09-12,64ec7faeb5851c57472fd075f8f2f41b85ef4dcae26ee9956731cadce9f6325f
cand-b905d6833296,American Petroleum Institute,338565d0-c8e1-4bfb-9bbd-ca123639e043,2006,year_end,YY,2006-07-01,2006-12-31,AMERICAN PETROLEUM INSTITUTE,146563,48,"TIMMONS AND COMPANY, INC.",38164,140000.00,,,,income,false,2007-02-13T16:27:52-05:00,,https://lda.gov/filings/public/filing/338565d0-c8e1-4bfb-9bbd-ca123639e043/print/,https://lda.gov/api/v1/filings/338565d0-c8e1-4bfb-9bbd-ca123639e043/,,2026-09-12,606f0894ac73ad8b5ce5a703b45f86312a924daddd42f917b21a69f3ee2b609a
cand-b905d6833296,American Petroleum Institute,68efdcdb-de74-4cce-83a5-1707f25e3671,2006,year_end,YY,2006-07-01,2006-12-31,AMERICAN PETROLEUM INSTITUTE,119293,912,ERNST & YOUNG,13825,0.00,,,,income,false,2007-02-28T00:00:00-05:00,,https://lda.gov/filings/public/filing/68efdcdb-de74-4cce-83a5-1707f25e3671/print/,https://lda.gov/api/v1/filings/68efdcdb-de74-4cce-83a5-1707f25e3671/,,2026-09-12,4705887ea552fbddc1ec1d9ff32e0a87fb48c2ba5b32e88407921e92d2d27321
cand-b905d6833296,American Petroleum Institute,a31e7137-64f5-4a42-b22f-ef23ee489e0d,2006,year_end,YY,2006-07-01,2006-12-31,AMERICAN PETROLEUM INSTITUTE,127393,1558,"JOHNSTON & ASSOCIATES, LLC",20777,40000.00,,,,income,false,2007-02-14T15:12:55-05:00,,https://lda.gov/filings/public/filing/a31e7137-64f5-4a42-b22f-ef23ee489e0d/print/,https://lda.gov/api/v1/filings/a31e7137-64f5-4a42-b22f-ef23ee489e0d/,,2026-09-12,74e464ab9f81d3724cd44dc2f662771e0039362f8daa14a6d9ea9a765cc3b66b
cand-b905d6833296,American Petroleum Institute,b119070d-05a5-408f-8d1d-affd4e4ac652,2006,year_end,YY,2006-07-01,2006-12-31,AMERICAN PETROLEUM INSTITUTE,103626,12,AMERICAN PETROLEUM INSTITUTE,3060,,1720000.00,,,expenses,true,2007-02-26T00:00:00-05:00,,https://lda.gov/filings/public/filing/b119070d-05a5-408f-8d1d-affd4e4ac652/print/,https://lda.gov/api/v1/filings/b119070d-05a5-408f-8d1d-affd4e4ac652/,,2026-09-12,f04be26abbc312d0fca3a8dcbd3c28b789a11d57127aadf9d439b247b1cc61cd
cand-b905d6833296,American Petroleum Institute,c3ecafda-a42e-4400-acbb-e69dad5d6659,2006,year_end,YT,2006-07-01,2006-12-31,AMERICAN PETROLEUM INSTITUTE,171593,517,BLUEWATER STRATEGIES,82170,40000.00,,,,income,false,2007-02-14T15:12:57-05:00,,https://lda.gov/filings/public/filing/c3ecafda-a42e-4400-acbb-e69dad5d6659/print/,https://lda.gov/api/v1/filings/c3ecafda-a42e-4400-acbb-e69dad5d6659/,,2026-09-12,b1e6fdb5c4a0d4a460e6421094636f46207ddf5bd6fa0e11a40d1c1813638ac0
cand-b905d6833296,American Petroleum Institute,ce248d85-a3bc-4e28-93a9-0b06ef25b2dd,2006,year_end,YY,2006-07-01,2006-12-31,AMERICAN PETROLEUM INSTITUTE,126945,87,TIBER CREEK GROUP,20744,60000.00,,,,income,false,2007-02-13T13:40:16-05:00,,https://lda.gov/filings/public/filing/ce248d85-a3bc-4e28-93a9-0b06ef25b2dd/print/,https://lda.gov/api/v1/filings/ce248d85-a3bc-4e28-93a9-0b06ef25b2dd/,,2026-09-12,e6c12d83d514c05105ef28b1d2b938be3debf5c2d2c96fcbe3d6f578d4a78cd0
cand-b905d6833296,American Petroleum Institute,d15c3d2c-91dc-49c1-8bc6-56eb65665a90,2006,year_end,YT,2006-07-01,2006-12-31,AMERICAN PETROLEUM INSTITUTE,177737,51,H. B. HARTLEY,291138,20000.00,,,,income,false,2007-01-17T00:00:00-05:00,,https://lda.gov/filings/public/filing/d15c3d2c-91dc-49c1-8bc6-56eb65665a90/print/,https://lda.gov/api/v1/filings/d15c3d2c-91dc-49c1-8bc6-56eb65665a90/,,2026-09-12,7d57d8df0c13e76774654835cff90fb626eefd1a999dee1016b16b55ee09409e
cand-b905d6833296,American Petroleum Institute,dde6b96b-c14c-465c-983b-d29275d0f669,2006,year_end,YY,2006-07-01,2006-12-31,AMERICAN PETROLEUM INSTITUTE,114557,2195,PRICEWATERHOUSECOOPERS,10764,140000.00,,,,income,false,2007-02-12T14:17:55-05:00,,https://lda.gov/filings/public/filing/dde6b96b-c14c-465c-983b-d29275d0f669/print/,https://lda.gov/api/v1/filings/dde6b96b-c14c-465c-983b-d29275d0f669/,,2026-09-12,6ade4c61f8791b5f75a7c86fcfff0bacd7c15a9f392cf90ad688f6e4b83057a0
cand-b905d6833296,American Petroleum Institute,e9495690-918f-42f4-b3f1-32c9959dad26,2006,year_end,YYY,2006-07-01,2006-12-31,AMERICAN PETROLEUM INSTITUTE,119051,36,"EOP GROUP, INC.",13712,,,,,neither,false,2007-04-10T12:10:05-04:00,,https://lda.gov/filings/public/filing/e9495690-918f-42f4-b3f1-32c9959dad26/print/,https://lda.gov/api/v1/filings/e9495690-918f-42f4-b3f1-32c9959dad26/,,2026-09-12,51c9fb3a7a5339343a9000ebe9fe38164e8201387784f80ce7fea6226a6aad15
cand-b905d6833296,American Petroleum Institute,f92654c4-ca64-41fe-911b-70a670af2a80,2006,year_end,RA,2006-07-01,2006-12-31,AMERICAN PETROLEUM INSTITUTE,119293,912,ERNST & YOUNG,13825,,,,,neither,false,2006-08-21T00:00:00-04:00,,https://lda.gov/filings/public/filing/f92654c4-ca64-41fe-911b-70a670af2a80/print/,https://lda.gov/api/v1/filings/f92654c4-ca64-41fe-911b-70a670af2a80/,,2026-09-12,71d3fc6b85121a95bf5bb23289db671dfc0764c40f375f9b47f9e39b3d87775b
cand-b905d6833296,American Petroleum Institute,0d03c86d-c646-412c-8194-ff287c1cf0b9,2007,mid_year,MM,2007-01-01,2007-06-30,AMERICAN PETROLEUM INSTITUTE,114557,2195,PRICEWATERHOUSECOOPERS,10764,40000.00,,,,income,false,2007-08-01T14:12:40-04:00,,https://lda.gov/filings/public/filing/0d03c86d-c646-412c-8194-ff287c1cf0b9/print/,https://lda.gov/api/v1/filings/0d03c86d-c646-412c-8194-ff287c1cf0b9/,,2026-09-12,b17a43dcaa4270c5c689cceaa50a0bea5ff11ca451dc55343c24d1c5f84b8b48
cand-b905d6833296,American Petroleum Institute,0d700a7e-9e1f-44c9-9804-212d86089ce5,2007,mid_year,MM,2007-01-01,2007-06-30,AMERICAN PETROLEUM INSTITUTE,146563,48,"TIMMONS AND COMPANY, INC.",38164,200000.00,,,,income,false,2007-08-07T10:43:34-04:00,,https://lda.gov/filings/public/filing/0d700a7e-9e1f-44c9-9804-212d86089ce5/print/,https://lda.gov/api/v1/filings/0d700a7e-9e1f-44c9-9804-212d86089ce5/,,2026-09-12,ab8b49d9918ac443584ab506bd4a05527c08068d3a29eb3a641764af26a72aa2
cand-b905d6833296,American Petroleum Institute,128bd9f7-af7b-433b-8a91-041ba40a5ac9,2007,mid_year,MM,2007-01-01,2007-06-30,AMERICAN PETROLEUM INSTITUTE,119051,36,"EOP GROUP, INC.",13712,,,,,neither,false,2007-10-02T11:34:31-04:00,,https://lda.gov/filings/public/filing/128bd9f7-af7b-433b-8a91-041ba40a5ac9/print/,https://lda.gov/api/v1/filings/128bd9f7-af7b-433b-8a91-041ba40a5ac9/,,2026-09-12,13ab0c7ed73d594e0c54d9e3091963abe39168cdefb2b21827b3a11ef08d2bde
cand-b905d6833296,American Petroleum Institute,2223183a-1e0b-433a-bb37-c24c1d8265b7,2007,mid_year,RA,2007-01-01,2007-06-30,AMERICAN PETROLEUM INSTITUTE,119051,36,"EOP GROUP, INC.",13712,,,,,neither,false,2008-04-11T00:00:00-04:00,,https://lda.gov/filings/public/filing/2223183a-1e0b-433a-bb37-c24c1d8265b7/print/,https://lda.gov/api/v1/filings/2223183a-1e0b-433a-bb37-c24c1d8265b7/,,2026-09-12,9ec38f84f88a5395b05b2bf31cebb00f825e81c002e3f4bc34989a5f4ada41b5
cand-b905d6833296,American Petroleum Institute,22bd9946-57bb-4ae3-965e-8a00670aea9e,2007,mid_year,MM,2007-01-01,2007-06-30,AMERICAN PETROLEUM INSTITUTE,126945,87,TIBER CREEK GROUP,20744,120000.00,,,,income,false,2007-07-27T15:33:45-04:00,,https://lda.gov/filings/public/filing/22bd9946-57bb-4ae3-965e-8a00670aea9e/print/,https://lda.gov/api/v1/filings/22bd9946-57bb-4ae3-965e-8a00670aea9e/,,2026-09-12,cfac8e8c5d711136028892dc1a4263e0483862e812834addd25b18a8c35e1d11
cand-b905d6833296,American Petroleum Institute,5100d637-5ef3-45b3-9ca9-a103da27977e,2007,mid_year,RA,2007-01-01,2007-06-30,AMERICAN PETROLEUM INSTITUTE,119293,912,ERNST & YOUNG,13825,,,,,neither,false,2007-02-28T00:00:00-05:00,,https://lda.gov/filings/public/filing/5100d637-5ef3-45b3-9ca9-a103da27977e/print/,https://lda.gov/api/v1/filings/5100d637-5ef3-45b3-9ca9-a103da27977e/,,2026-09-12,8ebbea6d3145d3922284b3df3ff9e2f64ace5fb7fdcd7757502452b23bee01ce
cand-b905d6833296,American Petroleum Institute,6583208c-5318-45f0-ae59-d2086d1656d9,2007,mid_year,MM,2007-01-01,2007-06-30,AMERICAN PETROLEUM INSTITUTE,127393,1558,"JOHNSTON & ASSOCIATES, LLC",20777,40000.00,,,,income,false,2007-07-31T11:55:00-04:00,,https://lda.gov/filings/public/filing/6583208c-5318-45f0-ae59-d2086d1656d9/print/,https://lda.gov/api/v1/filings/6583208c-5318-45f0-ae59-d2086d1656d9/,,2026-09-12,f4522545ee56337a533a999a4674b32317eeb8df2d2b99939c01f9a82b37b896
cand-b905d6833296,American Petroleum Institute,b4e937d6-0413-473d-b37b-452c25adda34,2007,mid_year,MM,2007-01-01,2007-06-30,AMERICAN PETROLEUM INSTITUTE,155677,773,OGR,48827,160000.00,,,,income,false,2007-08-06T14:29:43-04:00,,https://lda.gov/filings/public/filing/b4e937d6-0413-473d-b37b-452c25adda34/print/,https://lda.gov/api/v1/filings/b4e937d6-0413-473d-b37b-452c25adda34/,,2026-09-12,93e9fcd527c89bd14fdf2064588975d684f62e5a9c75f8164734fc694fd45680
cand-b905d6833296,American Petroleum Institute,d91f2e09-4c80-4f73-9e58-31b377588c3d,2007,mid_year,MT,2007-01-01,2007-06-30,AMERICAN PETROLEUM INSTITUTE,126018,1623,HUNTON ANDREWS KURTH LLP,18978,,,,,neither,false,2007-08-09T13:25:38-04:00,,https://lda.gov/filings/public/filing/d91f2e09-4c80-4f73-9e58-31b377588c3d/print/,https://lda.gov/api/v1/filings/d91f2e09-4c80-4f73-9e58-31b377588c3d/,,2026-09-12,ce909d273661b2bd8fdf1434222b3b5e2fa86b4a54b2fd69c5ea3153d6fb825d
cand-b905d6833296,American Petroleum Institute,e5e1c8aa-f19e-4e38-8b07-44e39d2f4f56,2007,mid_year,MM,2007-01-01,2007-06-30,AMERICAN PETROLEUM INSTITUTE,119293,912,ERNST & YOUNG,13825,30000.00,,,,income,false,2007-08-15T17:39:53-04:00,,https://lda.gov/filings/public/filing/e5e1c8aa-f19e-4e38-8b07-44e39d2f4f56/print/,https://lda.gov/api/v1/filings/e5e1c8aa-f19e-4e38-8b07-44e39d2f4f56/,,2026-09-12,ca0fe8bf5fe8c7806665720557e09bf12f09337ef1fa54a8a0e71620f1478b4b
cand-b905d6833296,American Petroleum Institute,ed786912-dbf8-4895-8692-1ce4aa836908,2007,mid_year,MM,2007-01-01,2007-06-30,AMERICAN PETROLEUM INSTITUTE,103626,12,AMERICAN PETROLEUM INSTITUTE,3060,,1640000.00,,,expenses,true,2007-08-22T00:00:00-04:00,,https://lda.gov/filings/public/filing/ed786912-dbf8-4895-8692-1ce4aa836908/print/,https://lda.gov/api/v1/filings/ed786912-dbf8-4895-8692-1ce4aa836908/,,2026-09-12,4793b4a1b06dee1526d19899a29eefb8abc665a9c43a29119befa8f770610f61
cand-b905d6833296,American Petroleum Institute,f22e4afb-7760-4f90-819f-febcdc56801d,2007,mid_year,MM,2007-01-01,2007-06-30,AMERICAN PETROLEUM INSTITUTE,135641,1001208,"OLSSON, FRANK, WEEDA, TERMAN & MATZ, PC",30212,20000.00,,,,income,false,2007-08-14T00:00:00-04:00,,https://lda.gov/filings/public/filing/f22e4afb-7760-4f90-819f-febcdc56801d/print/,https://lda.gov/api/v1/filings/f22e4afb-7760-4f90-819f-febcdc56801d/,,2026-09-12,d9d008e44d5355db6bf6ec6f912fe3b64a3e49525b052190dcb1812f4c8a3599
cand-b905d6833296,American Petroleum Institute,0227e08b-4ba4-4bac-b82f-87d66a53b427,2007,year_end,YTY,2007-07-01,2007-12-31,AMERICAN PETROLEUM INSTITUTE,119293,912,ERNST & YOUNG,13825,,,,,neither,false,2008-02-13T17:33:07.560000-05:00,,https://lda.gov/filings/public/filing/0227e08b-4ba4-4bac-b82f-87d66a53b427/print/,https://lda.gov/api/v1/filings/0227e08b-4ba4-4bac-b82f-87d66a53b427/,,2026-09-12,c8cf058510e950b7d594840a9a5998b2d5a899d8f20bd48920694de9f83f71e3
cand-b905d6833296,American Petroleum Institute,1baefdae-d431-49a6-9019-4a50700c403b,2007,year_end,YY,2007-07-01,2007-12-31,AMERICAN PETROLEUM INSTITUTE,177188,1002923,"OMB PROFESSIONALS, INC.",288577,,,,,neither,false,2007-11-25T10:31:36-05:00,,https://lda.gov/filings/public/filing/1baefdae-d431-49a6-9019-4a50700c403b/print/,https://lda.gov/api/v1/filings/1baefdae-d431-49a6-9019-4a50700c403b/,,2026-09-12,5a72f17c5266b6a19f633a62f243537144454d6ffeb7032bb7f9ddfaa98904cd
cand-b905d6833296,American Petroleum Institute,3d272f70-b0a5-47d9-8522-b2a3ad4c6258,2007,year_end,RR,2007-07-01,2007-12-31,AMERICAN PETROLEUM INSTITUTE,144061,1003995,"SKADDEN, ARPS, SLATE, MEAGHER & FLOM LLP",35560,,,,,neither,false,2007-08-27T14:56:05-04:00,,https://lda.gov/filings/public/filing/3d272f70-b0a5-47d9-8522-b2a3ad4c6258/print/,https://lda.gov/api/v1/filings/3d272f70-b0a5-47d9-8522-b2a3ad4c6258/,,2026-09-12,bade2a9196a708975938a2c458053ca7ad27f2f807eaf5a39ef1a63ec4c1bce0
cand-b905d6833296,American Petroleum Institute,3e80ef8a-c5f6-4845-adec-dd4e7fddb8f9,2007,year_end,YT,2007-07-01,2007-12-31,AMERICAN PETROLEUM INSTITUTE,177188,1002923,"OMB PROFESSIONALS, INC.",288577,,,,,neither,false,2007-11-25T10:34:38-05:00,,https://lda.gov/filings/public/filing/3e80ef8a-c5f6-4845-adec-dd4e7fddb8f9/print/,https://lda.gov/api/v1/filings/3e80ef8a-c5f6-4845-adec-dd4e7fddb8f9/,,2026-09-12,afc4933f21bda5a29dd933b2f43fc4cabecbb5855d354448e8da90501fafec71
cand-b905d6833296,American Petroleum Institute,41969402-1e26-487c-9210-6310425245e3,2007,year_end,RR,2007-07-01,2007-12-31,AMERICAN PETROLEUM INSTITUTE,146647,238,MICHAEL L. TINER,38175,,,,,neither,false,2007-10-03T00:00:00-04:00,,https://lda.gov/filings/public/filing/41969402-1e26-487c-9210-6310425245e3/print/,https://lda.gov/api/v1/filings/41969402-1e26-487c-9210-6310425245e3/,,2026-09-12,47ddf9f3e7c46791113acc7656ff3647022d9f518bee350e13f5a8bfb9dd8054
cand-b905d6833296,American Petroleum Institute,61c46e13-eb36-4d76-9a03-de2ec493260e,2007,year_end,RR,2007-07-01,2007-12-31,AMERICAN PETROLEUM INSTITUTE,186964,12,"CUMBERLAND NORTH AMERICA, LLC",322077,,,,,neither,false,2007-11-01T00:00:00-04:00,,https://lda.gov/filings/public/filing/61c46e13-eb36-4d76-9a03-de2ec493260e/print/,https://lda.gov/api/v1/filings/61c46e13-eb36-4d76-9a03-de2ec493260e/,,2026-09-12,a3ca8ebc2400b08d8aee48aa0d98087dbc5986fd2a34518cbb31b55d0559f4f1
cand-b905d6833296,American Petroleum Institute,6bc6fab8-8a40-4388-9eae-25a7feb8929e,2007,year_end,YY,2007-07-01,2007-12-31,AMERICAN PETROLEUM INSTITUTE,146563,48,"TIMMONS AND COMPANY, INC.",38164,180000.00,,,,income,false,2008-02-12T15:39:31.440000-05:00,,https://lda.gov/filings/public/filing/6bc6fab8-8a40-4388-9eae-25a7feb8929e/print/,https://lda.gov/api/v1/filings/6bc6fab8-8a40-4388-9eae-25a7feb8929e/,,2026-09-12,28450be111556e6bdb4959a926ac7158c60c3fbe8c014c59917d9c2d2c931885
cand-b905d6833296,American Petroleum Institute,72c823d6-ded0-46e8-ab3f-63f68432132b,2007,year_end,YT,2007-07-01,2007-12-31,AMERICAN PETROLEUM INSTITUTE,126945,87,TIBER CREEK GROUP,20744,120000.00,,,,income,false,2008-02-13T15:00:18.907000-05:00,,https://lda.gov/filings/public/filing/72c823d6-ded0-46e8-ab3f-63f68432132b/print/,https://lda.gov/api/v1/filings/72c823d6-ded0-46e8-ab3f-63f68432132b/,,2026-09-12,ea42037bb8701ba3a1efba036d2d7dfc76fcb79458bff13305621d3a4d9a16c6
cand-b905d6833296,American Petroleum Institute,74151b73-e354-42ac-b538-ed0a6221649d,2007,year_end,YT,2007-07-01,2007-12-31,AMERICAN PETROLEUM INSTITUTE,126945,87,TIBER CREEK GROUP,20744,120000.00,,,,income,false,2008-10-03T00:00:00-04:00,,https://lda.gov/filings/public/filing/74151b73-e354-42ac-b538-ed0a6221649d/print/,https://lda.gov/api/v1/filings/74151b73-e354-42ac-b538-ed0a6221649d/,,2026-09-12,ff4ed32138af95432f378d71aa92e376ea08fe648c488728a0fdb35c1ff8089f
cand-b905d6833296,American Petroleum Institute,741b8f13-6cad-4025-b2dc-9b3b6962e857,2007,year_end,YY,2007-07-01,2007-12-31,AMERICAN PETROLEUM INSTITUTE,103626,12,AMERICAN PETROLEUM INSTITUTE,3060,,2360000.00,,,expenses,true,2008-02-14T18:45:09.580000-05:00,,https://lda.gov/filings/public/filing/741b8f13-6cad-4025-b2dc-9b3b6962e857/print/,https://lda.gov/api/v1/filings/741b8f13-6cad-4025-b2dc-9b3b6962e857/,,2026-09-12,ec9598abcbbb03ed6b193480656c2a4f9ad706c0fb5a6a323982aee9a2903268
cand-b905d6833296,American Petroleum Institute,7657450c-1f57-452e-b577-9395a5810488,2007,year_end,YYY,2007-07-01,2007-12-31,AMERICAN PETROLEUM INSTITUTE,119051,36,"EOP GROUP, INC.",13712,,,,,neither,false,2008-02-14T11:21:51-05:00,,https://lda.gov/filings/public/filing/7657450c-1f57-452e-b577-9395a5810488/print/,https://lda.gov/api/v1/filings/7657450c-1f57-452e-b577-9395a5810488/,,2026-09-12,de23a3ef3e4fcf72644c73a0d987f5ff58bc9d7b4070c1d77b01577bd827886b
cand-b905d6833296,American Petroleum Institute,79f0989d-a6e6-41dd-8876-24f2b2d9ed23,2007,year_end,YT,2007-07-01,2007-12-31,AMERICAN PETROLEUM INSTITUTE,126945,87,TIBER CREEK GROUP,20744,120000.00,,,,income,false,2008-02-05T11:53:28.643000-05:00,,https://lda.gov/filings/public/filing/79f0989d-a6e6-41dd-8876-24f2b2d9ed23/print/,https://lda.gov/api/v1/filings/79f0989d-a6e6-41dd-8876-24f2b2d9ed23/,,2026-09-12,67c256d239d2d653b856eae1e9b3bf0d416db3a55b35b010e47ee84faba72b11
cand-b905d6833296,American Petroleum Institute,7a8af513-7df5-430e-bf04-072ae7838daa,2007,year_end,YT,2007-07-01,2007-12-31,AMERICAN PETROLEUM INSTITUTE,186964,12,"CUMBERLAND NORTH AMERICA, LLC",322077,0.00,,,,income,false,2008-02-14T00:00:00-05:00,,https://lda.gov/filings/public/filing/7a8af513-7df5-430e-bf04-072ae7838daa/print/,https://lda.gov/api/v1/filings/7a8af513-7df5-430e-bf04-072ae7838daa/,,2026-09-12,2009e7cdcf5a28043a949e0310c64b475f265451230daf6405e93434d534327e
cand-b905d6833296,American Petroleum Institute,875efcea-f799-4fe9-a9db-6a17936abaa6,2007,year_end,YTY,2007-07-01,2007-12-31,AMERICAN PETROLEUM INSTITUTE,144061,1003995,"SKADDEN, ARPS, SLATE, MEAGHER & FLOM LLP",35560,,,,,neither,false,2008-02-13T20:25:43.243000-05:00,,https://lda.gov/filings/public/filing/875efcea-f799-4fe9-a9db-6a17936abaa6/print/,https://lda.gov/api/v1/filings/875efcea-f799-4fe9-a9db-6a17936abaa6/,,2026-09-12,2190495d7756cad9b2b351f0093a0621509707b34dd0da5a0305065e93d1de5d
cand-b905d6833296,American Petroleum Institute,9a6f4c1e-dd70-49c1-b85c-9fd7fc75e943,2007,year_end,YY,2007-07-01,2007-12-31,AMERICAN PETROLEUM INSTITUTE,146647,238,MICHAEL L. TINER,38175,40000.00,,,,income,false,2008-02-13T14:54:59.640000-05:00,,https://lda.gov/filings/public/filing/9a6f4c1e-dd70-49c1-b85c-9fd7fc75e943/print/,https://lda.gov/api/v1/filings/9a6f4c1e-dd70-49c1-b85c-9fd7fc75e943/,,2026-09-12,cccbaed19c52319b9da913839fac178b837e928b778bd42419b4029bcdbdddde
cand-b905d6833296,American Petroleum Institute,a15cab04-9170-40b9-a6f5-e650c0ec4fba,2007,year_end,YY,2007-07-01,2007-12-31,AMERICAN PETROLEUM INSTITUTE,114557,2195,PRICEWATERHOUSECOOPERS,10764,140000.00,,,,income,false,2008-02-13T14:49:43.343000-05:00,,https://lda.gov/filings/public/filing/a15cab04-9170-40b9-a6f5-e650c0ec4fba/print/,https://lda.gov/api/v1/filings/a15cab04-9170-40b9-a6f5-e650c0ec4fba/,,2026-09-12,3f8cb56a4d8e37e05ca4d72d69da4d8fd1b0b1d668b558abf42dae7e3170ba16
cand-b905d6833296,American Petroleum Institute,b3c8e231-1bd8-4c64-bcd4-5b77c4d3b0a7,2007,year_end,YT,2007-07-01,2007-12-31,AMERICAN PETROLEUM INSTITUTE,186964,12,"CUMBERLAND NORTH AMERICA, LLC",322077,,,,,neither,false,2008-02-26T12:29:59.847000-05:00,,https://lda.gov/filings/public/filing/b3c8e231-1bd8-4c64-bcd4-5b77c4d3b0a7/print/,https://lda.gov/api/v1/filings/b3c8e231-1bd8-4c64-bcd4-5b77c4d3b0a7/,,2026-09-12,586b757a61b87013fc96d7e52fe7df3a94ac18491c9f4e51b7e62df05d5e7c35
cand-b905d6833296,American Petroleum Institute,c9e9700e-82d8-48c4-a993-9fb860a6d6c1,2007,year_end,YY,2007-07-01,2007-12-31,AMERICAN PETROLEUM INSTITUTE,186250,1004220,MR. CHRISTOPHER HEINZ,318298,40000.00,,,,income,false,2008-02-14T11:26:48.983000-05:00,,https://lda.gov/filings/public/filing/c9e9700e-82d8-48c4-a993-9fb860a6d6c1/print/,https://lda.gov/api/v1/filings/c9e9700e-82d8-48c4-a993-9fb860a6d6c1/,,2026-09-12,ed2ce732d7c74551b6e23ee14373fd9d4effcca47d7b29149222587a1e81f8d7
cand-b905d6833296,American Petroleum Institute,d29f0361-c377-4797-a5c1-0d747e6ae107,2007,year_end,YY,2007-07-01,2007-12-31,AMERICAN PETROLEUM INSTITUTE,127393,1558,"JOHNSTON & ASSOCIATES, LLC",20777,100000.00,,,,income,false,2008-02-14T17:05:46.680000-05:00,,https://lda.gov/filings/public/filing/d29f0361-c377-4797-a5c1-0d747e6ae107/print/,https://lda.gov/api/v1/filings/d29f0361-c377-4797-a5c1-0d747e6ae107/,,2026-09-12,558039d46ed438e0197f4224345ad7987f4545ecbff3280f33a2c42f419a94ec
cand-b905d6833296,American Petroleum Institute,d5beba2e-f6a0-41ec-b044-d21f9f88ce89,2007,year_end,RR,2007-07-01,2007-12-31,AMERICAN PETROLEUM INSTITUTE,135641,1001208,"OLSSON, FRANK, WEEDA, TERMAN & MATZ, PC",30212,,,,,neither,false,2007-08-14T00:00:00-04:00,,https://lda.gov/filings/public/filing/d5beba2e-f6a0-41ec-b044-d21f9f88ce89/print/,https://lda.gov/api/v1/filings/d5beba2e-f6a0-41ec-b044-d21f9f88ce89/,,2026-09-12,c6e94324b9203479d420778c73d96ded9e53b04b913e1ef13b49cf35e8fa8068
cand-b905d6833296,American Petroleum Institute,e4b8acc6-030a-4daa-9d4c-793df5edd287,2007,year_end,YY,2007-07-01,2007-12-31,AMERICAN PETROLEUM INSTITUTE,135641,1001208,"OLSSON, FRANK, WEEDA, TERMAN & MATZ, PC",30212,20000.00,,,,income,false,2008-02-13T16:06:14.340000-05:00,,https://lda.gov/filings/public/filing/e4b8acc6-030a-4daa-9d4c-793df5edd287/print/,https://lda.gov/api/v1/filings/e4b8acc6-030a-4daa-9d4c-793df5edd287/,,2026-09-12,66d586ce0713ba5629443e61eeeb57c9437cd00400f507fee57a20f1efca9d26
cand-b905d6833296,American Petroleum Institute,f2ac7a3a-8a7b-4d1e-bc40-ec4b4e72966e,2007,year_end,RR,2007-07-01,2007-12-31,AMERICAN PETROLEUM INSTITUTE,177188,1002923,"OMB PROFESSIONALS, INC.",288577,,,,,neither,false,2007-07-22T15:15:45-04:00,,https://lda.gov/filings/public/filing/f2ac7a3a-8a7b-4d1e-bc40-ec4b4e72966e/print/,https://lda.gov/api/v1/filings/f2ac7a3a-8a7b-4d1e-bc40-ec4b4e72966e/,,2026-09-12,09cd9a4ba780ecf5ca991d768194786328cd644d1fc6154fd2f3171ca5d36c84
cand-b905d6833296,American Petroleum Institute,f31904b0-4269-4f03-9464-6e7aa68b9b83,2007,year_end,YY,2007-07-01,2007-12-31,AMERICAN PETROLEUM INSTITUTE,155677,773,OGR,48827,160000.00,,,,income,false,2008-02-13T09:30:25-05:00,,https://lda.gov/filings/public/filing/f31904b0-4269-4f03-9464-6e7aa68b9b83/print/,https://lda.gov/api/v1/filings/f31904b0-4269-4f03-9464-6e7aa68b9b83/,,2026-09-12,5039c8d04b7f9fe88912a9b2d690d7860c6a56dda8b0081895ef99b404fc40e0
cand-b905d6833296,American Petroleum Institute,f38861b5-241c-47b4-8407-24d967788739,2007,year_end,RR,2007-07-01,2007-12-31,AMERICAN PETROLEUM INSTITUTE,186250,1004220,MR. CHRISTOPHER HEINZ,318298,,,,,neither,false,2007-09-25T10:52:12-04:00,,https://lda.gov/filings/public/filing/f38861b5-241c-47b4-8407-24d967788739/print/,https://lda.gov/api/v1/filings/f38861b5-241c-47b4-8407-24d967788739/,,2026-09-12,250a0e1a86d76e11fe61a657691e060265f90236897313a9388cb7ad4bffa4d7
cand-b905d6833296,American Petroleum Institute,f38d2543-0ffe-4750-aa11-a98682af8312,2007,year_end,YA,2007-07-01,2007-12-31,AMERICAN PETROLEUM INSTITUTE,103626,12,AMERICAN PETROLEUM INSTITUTE,3060,,2360000.00,,,expenses,true,2008-02-14T18:48:38.377000-05:00,,https://lda.gov/filings/public/filing/f38d2543-0ffe-4750-aa11-a98682af8312/print/,https://lda.gov/api/v1/filings/f38d2543-0ffe-4750-aa11-a98682af8312/,,2026-09-12,d84a15375e17481f95da641c06503f8ddeb8069482188fafeaebe5566afefe19
cand-b905d6833296,American Petroleum Institute,68d8e362-d294-423e-89da-e7e06bb1b487,2008,first_quarter,Q1,2008-01-01,2008-03-31,AMERICAN PETROLEUM INSTITUTE,146563,48,"TIMMONS AND COMPANY, INC.",38164,120000.00,,,,income,false,2008-04-10T16:24:22-04:00,,https://lda.gov/filings/public/filing/68d8e362-d294-423e-89da-e7e06bb1b487/print/,https://lda.gov/api/v1/filings/68d8e362-d294-423e-89da-e7e06bb1b487/,,2026-09-12,d2b9781071dc9bc155c5d938855b42ae2f4e287456dd4d84f96a70648b4628ad
cand-b905d6833296,American Petroleum Institute,9b7ad1cf-7de9-48d1-8afb-f7c075d23a4a,2008,first_quarter,Q1,2008-01-01,2008-03-31,AMERICAN PETROLEUM INSTITUTE,135641,1001208,"OLSSON, FRANK, WEEDA, TERMAN & MATZ, PC",30212,40000.00,,,,income,false,2008-04-21T16:03:50-04:00,,https://lda.gov/filings/public/filing/9b7ad1cf-7de9-48d1-8afb-f7c075d23a4a/print/,https://lda.gov/api/v1/filings/9b7ad1cf-7de9-48d1-8afb-f7c075d23a4a/,,2026-09-12,067fecd6082f29faaa0f0b61a8b09bf40338a7329fe29f91be3ccd04c5977bd0
cand-b905d6833296,American Petroleum Institute,aa43de45-639a-423c-873c-fefcc6f3ffb8,2008,first_quarter,Q1,2008-01-01,2008-03-31,AMERICAN PETROLEUM INSTITUTE,127393,1558,"JOHNSTON & ASSOCIATES, LLC",20777,50000.00,,,,income,false,2008-04-16T17:32:38-04:00,,https://lda.gov/filings/public/filing/aa43de45-639a-423c-873c-fefcc6f3ffb8/print/,https://lda.gov/api/v1/filings/aa43de45-639a-423c-873c-fefcc6f3ffb8/,,2026-09-12,f221270a43791c8a8432dcedf8a5a5ffd79a693230311601c629ee91e17eb113
cand-b905d6833296,American Petroleum Institute,b20e48fd-fdee-43a4-b249-059efdada104,2008,first_quarter,Q1,2008-01-01,2008-03-31,AMERICAN PETROLEUM INSTITUTE,103626,12,AMERICAN PETROLEUM INSTITUTE,3060,,1270000.00,a,Method A - Reporting amounts using LDA definitions only,expenses,true,2008-04-21T17:03:04-04:00,,https://lda.gov/filings/public/filing/b20e48fd-fdee-43a4-b249-059efdada104/print/,https://lda.gov/api/v1/filings/b20e48fd-fdee-43a4-b249-059efdada104/,,2026-09-12,549e839f4ac438c690dc939738190b31218d16c12db483a13bc40c586c768bf9
cand-b905d6833296,American Petroleum Institute,b63b83a6-be70-4506-ba9e-55c62e582360,2008,first_quarter,Q1,2008-01-01,2008-03-31,AMERICAN PETROLEUM INSTITUTE,114557,2195,PRICEWATERHOUSECOOPERS,10764,80000.00,,,,income,false,2009-02-24T10:11:43-05:00,,https://lda.gov/filings/public/filing/b63b83a6-be70-4506-ba9e-55c62e582360/print/,https://lda.gov/api/v1/filings/b63b83a6-be70-4506-ba9e-55c62e582360/,,2026-09-12,42d82eea34e90272add9aac481955160f46e33dcbe486925b6ceb530e0f6052d
cand-b905d6833296,American Petroleum Institute,bc0f161c-4d81-4a0b-a877-dc8d94e02cd1,2008,first_quarter,Q1,2008-01-01,2008-03-31,AMERICAN PETROLEUM INSTITUTE,146647,238,MICHAEL L. TINER,38175,20000.00,,,,income,false,2008-04-21T10:46:15-04:00,,https://lda.gov/filings/public/filing/bc0f161c-4d81-4a0b-a877-dc8d94e02cd1/print/,https://lda.gov/api/v1/filings/bc0f161c-4d81-4a0b-a877-dc8d94e02cd1/,,2026-09-12,4d818ea1698f73004a5205c9b7e0603101bd39abf06c60f0846c5a58f0b3c605
cand-b905d6833296,American Petroleum Institute,c0b5cd58-f92e-4ae5-9f2d-fcfb3f3f899d,2008,first_quarter,Q1,2008-01-01,2008-03-31,AMERICAN PETROLEUM INSTITUTE,186250,1004220,MR. CHRISTOPHER HEINZ,318298,20000.00,,,,income,false,2008-04-21T20:23:16-04:00,,https://lda.gov/filings/public/filing/c0b5cd58-f92e-4ae5-9f2d-fcfb3f3f899d/print/,https://lda.gov/api/v1/filings/c0b5cd58-f92e-4ae5-9f2d-fcfb3f3f899d/,,2026-09-12,db0121c4e9afbcfa0353fedb708ccaceaae0decd8bd7a1f0cbc99f959a06985e
cand-b905d6833296,American Petroleum Institute,e68d601f-893b-484b-b332-fb7cb6e321b5,2008,first_quarter,Q1,2008-01-01,2008-03-31,AMERICAN PETROLEUM INSTITUTE,155677,773,OGR,48827,80000.00,,,,income,false,2008-04-15T15:39:06-04:00,,https://lda.gov/filings/public/filing/e68d601f-893b-484b-b332-fb7cb6e321b5/print/,https://lda.gov/api/v1/filings/e68d601f-893b-484b-b332-fb7cb6e321b5/,,2026-09-12,faaec039ab03c29f903f949d30486e78d90e2d43bd93f7250c1c52cb0a7674c0
cand-b905d6833296,American Petroleum Institute,f1bd6c60-b700-4500-81da-d23581e76424,2008,first_quarter,Q1Y,2008-01-01,2008-03-31,AMERICAN PETROLEUM INSTITUTE,119051,36,"EOP GROUP, INC.",13712,,,,,neither,false,2008-04-21T13:30:51-04:00,,https://lda.gov/filings/public/filing/f1bd6c60-b700-4500-81da-d23581e76424/print/,https://lda.gov/api/v1/filings/f1bd6c60-b700-4500-81da-d23581e76424/,,2026-09-12,abdf23b54495ac2951fea2e283b78afc9ae5e0376680c2b2ff10b4cd81edcc38
cand-b905d6833296,American Petroleum Institute,0855c964-befe-4365-a17a-cee08c86d208,2008,second_quarter,Q2,2008-04-01,2008-06-30,AMERICAN PETROLEUM INSTITUTE,146647,238,MICHAEL L. TINER,38175,20000.00,,,,income,false,2008-07-21T15:18:13-04:00,,https://lda.gov/filings/public/filing/0855c964-befe-4365-a17a-cee08c86d208/print/,https://lda.gov/api/v1/filings/0855c964-befe-4365-a17a-cee08c86d208/,,2026-09-12,b46d334856b94536baf30b0f9f39a45ad4b5d80c17fd08e536177528eff428cb
cand-b905d6833296,American Petroleum Institute,24e8c780-424e-44f3-aa7f-bc5297d6da13,2008,second_quarter,Q2,2008-04-01,2008-06-30,AMERICAN PETROLEUM INSTITUTE,175532,1005193,"MEHLMAN CONSULTING, INC.",284950,40000.00,,,,income,false,2008-10-15T14:51:40-04:00,,https://lda.gov/filings/public/filing/24e8c780-424e-44f3-aa7f-bc5297d6da13/print/,https://lda.gov/api/v1/filings/24e8c780-424e-44f3-aa7f-bc5297d6da13/,,2026-09-12,c8eaf3bba69d2d80114edb1fdbd4d55b5ec812d72538ff97356188c9cffae584
cand-b905d6833296,American Petroleum Institute,2af248a6-1ed1-41d0-b68b-4eef5a89d4e7,2008,second_quarter,Q2,2008-04-01,2008-06-30,AMERICAN PETROLEUM INSTITUTE,146563,48,"TIMMONS AND COMPANY, INC.",38164,100000.00,,,,income,false,2008-07-18T11:50:13-04:00,,https://lda.gov/filings/public/filing/2af248a6-1ed1-41d0-b68b-4eef5a89d4e7/print/,https://lda.gov/api/v1/filings/2af248a6-1ed1-41d0-b68b-4eef5a89d4e7/,,2026-09-12,ca0258144f2aab795806fede3560c78e67e6316f46cd2cdaf076b3f07e6d7916
cand-b905d6833296,American Petroleum Institute,4c5f0815-21c4-4b8f-8083-a9a75991cf9c,2008,second_quarter,Q2,2008-04-01,2008-06-30,AMERICAN PETROLEUM INSTITUTE,155677,773,OGR,48827,80000.00,,,,income,false,2008-07-15T09:39:24-04:00,,https://lda.gov/filings/public/filing/4c5f0815-21c4-4b8f-8083-a9a75991cf9c/print/,https://lda.gov/api/v1/filings/4c5f0815-21c4-4b8f-8083-a9a75991cf9c/,,2026-09-12,20ce084ce0b439a3b8dfad917178504e73d565f547d50686170bb62c40dc64db
cand-b905d6833296,American Petroleum Institute,587e7c9e-ee46-4d2f-af0e-e32be9a2f4c4,2008,second_quarter,Q2,2008-04-01,2008-06-30,AMERICAN PETROLEUM INSTITUTE,135641,1001208,"OLSSON, FRANK, WEEDA, TERMAN & MATZ, PC",30212,30000.00,,,,income,false,2008-07-18T16:07:59-04:00,,https://lda.gov/filings/public/filing/587e7c9e-ee46-4d2f-af0e-e32be9a2f4c4/print/,https://lda.gov/api/v1/filings/587e7c9e-ee46-4d2f-af0e-e32be9a2f4c4/,,2026-09-12,2068f52da173ec2516c12374dd08c388263587763e6d1adb5bfab791818af294
cand-b905d6833296,American Petroleum Institute,a5986d64-39e1-4134-94bf-654b0189dfdb,2008,second_quarter,Q2Y,2008-04-01,2008-06-30,AMERICAN PETROLEUM INSTITUTE,119051,36,"EOP GROUP, INC.",13712,,,,,neither,false,2008-07-22T10:16:53-04:00,,https://lda.gov/filings/public/filing/a5986d64-39e1-4134-94bf-654b0189dfdb/print/,https://lda.gov/api/v1/filings/a5986d64-39e1-4134-94bf-654b0189dfdb/,,2026-09-12,0c9adad27c21b7cd274b6a4062618386e2c7561353a3b56e2a59784b1d6375b0
cand-b905d6833296,American Petroleum Institute,b99d88ea-437b-4b0c-9358-0c54712a129e,2008,second_quarter,Q2,2008-04-01,2008-06-30,AMERICAN PETROLEUM INSTITUTE,114557,2195,PRICEWATERHOUSECOOPERS,10764,80000.00,,,,income,false,2008-07-07T16:26:09-04:00,,https://lda.gov/filings/public/filing/b99d88ea-437b-4b0c-9358-0c54712a129e/print/,https://lda.gov/api/v1/filings/b99d88ea-437b-4b0c-9358-0c54712a129e/,,2026-09-12,396ca612d082dbd51c52e6150c44e57da0fcb85fccab3054950234eade8a630e
cand-b905d6833296,American Petroleum Institute,c0635c84-ce68-47a0-bc17-6f91b4f6fcfc,2008,second_quarter,Q2Y,2008-04-01,2008-06-30,AMERICAN PETROLEUM INSTITUTE,127393,1558,"JOHNSTON & ASSOCIATES, LLC",20777,,,,,neither,false,2008-07-21T16:41:35-04:00,,https://lda.gov/filings/public/filing/c0635c84-ce68-47a0-bc17-6f91b4f6fcfc/print/,https://lda.gov/api/v1/filings/c0635c84-ce68-47a0-bc17-6f91b4f6fcfc/,,2026-09-12,a9e7e99522392a109cea84cb9cb5867c5f831243b5e7513a0833d7a368c5700c
cand-b905d6833296,American Petroleum Institute,daba5fb4-a5d3-4d13-b66c-cc68bd9ab945,2008,second_quarter,Q2,2008-04-01,2008-06-30,AMERICAN PETROLEUM INSTITUTE,186250,1004220,MR. CHRISTOPHER HEINZ,318298,20000.00,,,,income,false,2008-07-21T18:30:38-04:00,,https://lda.gov/filings/public/filing/daba5fb4-a5d3-4d13-b66c-cc68bd9ab945/print/,https://lda.gov/api/v1/filings/daba5fb4-a5d3-4d13-b66c-cc68bd9ab945/,,2026-09-12,0327e6de9a2efe0321ee67dd8511fc104b46ddd7e840e9925c054675dcef1d21
cand-b905d6833296,American Petroleum Institute,fbfa4cb3-7b3f-4ff5-bb90-659ace0652f0,2008,second_quarter,Q2,2008-04-01,2008-06-30,AMERICAN PETROLEUM INSTITUTE,103626,12,AMERICAN PETROLEUM INSTITUTE,3060,,1020000.00,a,Method A - Reporting amounts using LDA definitions only,expenses,true,2008-07-21T13:53:06-04:00,,https://lda.gov/filings/public/filing/fbfa4cb3-7b3f-4ff5-bb90-659ace0652f0/print/,https://lda.gov/api/v1/filings/fbfa4cb3-7b3f-4ff5-bb90-659ace0652f0/,,2026-09-12,42d83887406c34641fce8f6b75a2420b48eabf8bb69b8028f1b56526ddf9451e
cand-b905d6833296,American Petroleum Institute,131419da-0fcb-4df4-a576-5679d59f1c1f,2008,third_quarter,Q3,2008-07-01,2008-09-30,AMERICAN PETROLEUM INSTITUTE,135641,1001208,"OLSSON, FRANK, WEEDA, TERMAN & MATZ, PC",30212,20000.00,,,,income,false,2008-10-20T19:25:43-04:00,,https://lda.gov/filings/public/filing/131419da-0fcb-4df4-a576-5679d59f1c1f/print/,https://lda.gov/api/v1/filings/131419da-0fcb-4df4-a576-5679d59f1c1f/,,2026-09-12,e73efd8b23ab663a230e5722647479ba8a551ef8c8fe8bb0749c7a1accf62f27
cand-b905d6833296,American Petroleum Institute,29e10371-7f22-4087-a4df-49b485559d3a,2008,third_quarter,3T,2008-07-01,2008-09-30,AMERICAN PETROLEUM INSTITUTE,186250,1004220,MR. CHRISTOPHER HEINZ,318298,20000.00,,,,income,false,2008-10-20T17:39:54-04:00,2008-09-30,https://lda.gov/filings/public/filing/29e10371-7f22-4087-a4df-49b485559d3a/print/,https://lda.gov/api/v1/filings/29e10371-7f22-4087-a4df-49b485559d3a/,,2026-09-12,ee283c8112c8d34780546ba41623bd4c00a9eca57d26680d6ee2652a3d6a2481
cand-b905d6833296,American Petroleum Institute,2d438f4c-a7d2-4e35-a07a-7d8a20a0c4fc,2008,third_quarter,Q3Y,2008-07-01,2008-09-30,AMERICAN PETROLEUM INSTITUTE,173557,1000495,"IMPACT TEXAS COMMUNICATIONS, LLP (D/B/A IMPACT US)",87472,,,,,neither,false,2008-10-17T16:33:57-04:00,,https://lda.gov/filings/public/filing/2d438f4c-a7d2-4e35-a07a-7d8a20a0c4fc/print/,https://lda.gov/api/v1/filings/2d438f4c-a7d2-4e35-a07a-7d8a20a0c4fc/,,2026-09-12,7714f9e04e7852bcedb6e11f788e1d60997faa39cefe19152d8359c42cf5a9cf
cand-b905d6833296,American Petroleum Institute,5aba0111-ab05-40f0-82db-29850fcf4916,2008,third_quarter,RR,2008-07-01,2008-09-30,AMERICAN PETROLEUM INSTITUTE,173557,1000495,"IMPACT TEXAS COMMUNICATIONS, LLP (D/B/A IMPACT US)",87472,,,,,neither,false,2008-07-21T19:23:36-04:00,,https://lda.gov/filings/public/filing/5aba0111-ab05-40f0-82db-29850fcf4916/print/,https://lda.gov/api/v1/filings/5aba0111-ab05-40f0-82db-29850fcf4916/,,2026-09-12,179fe5113d7c834704db9d63af107adc2c6f057802914f5a63b95fa31c900631
cand-b905d6833296,American Petroleum Institute,5d4c91d3-5f2c-46d1-b212-4511b21b087e,2008,third_quarter,Q3,2008-07-01,2008-09-30,AMERICAN PETROLEUM INSTITUTE,114557,2195,PRICEWATERHOUSECOOPERS,10764,80000.00,,,,income,false,2008-10-20T10:42:16-04:00,,https://lda.gov/filings/public/filing/5d4c91d3-5f2c-46d1-b212-4511b21b087e/print/,https://lda.gov/api/v1/filings/5d4c91d3-5f2c-46d1-b212-4511b21b087e/,,2026-09-12,1dbee4ebb1fa319e1402da9ce22ec69308ce53b07bce999a62a217e4c6f48d47
cand-b905d6833296,American Petroleum Institute,5f2af382-cab7-468e-b871-963bf41bf8c6,2008,third_quarter,Q3,2008-07-01,2008-09-30,AMERICAN PETROLEUM INSTITUTE,146647,238,MICHAEL L. TINER,38175,20000.00,,,,income,false,2008-10-05T10:42:44-04:00,,https://lda.gov/filings/public/filing/5f2af382-cab7-468e-b871-963bf41bf8c6/print/,https://lda.gov/api/v1/filings/5f2af382-cab7-468e-b871-963bf41bf8c6/,,2026-09-12,53236fcb85b3738fbf2a2c0d6ff91922fd249f4fabb88125a3a9ebed02c9db89
cand-b905d6833296,American Petroleum Institute,65951985-27a4-4168-8561-a29029200a55,2008,third_quarter,Q3,2008-07-01,2008-09-30,AMERICAN PETROLEUM INSTITUTE,127393,1558,"JOHNSTON & ASSOCIATES, LLC",20777,40000.00,,,,income,false,2009-09-30T05:53:42-04:00,,https://lda.gov/filings/public/filing/65951985-27a4-4168-8561-a29029200a55/print/,https://lda.gov/api/v1/filings/65951985-27a4-4168-8561-a29029200a55/,,2026-09-12,3b784766e0d99a3c9728f5e95c94f7503f589faac23baac8bda59962d0ab073f
cand-b905d6833296,American Petroleum Institute,68fb7307-79b0-48e0-aa48-2b6f4ecd0e87,2008,third_quarter,Q3,2008-07-01,2008-09-30,AMERICAN PETROLEUM INSTITUTE,175532,1005193,"MEHLMAN CONSULTING, INC.",284950,40000.00,,,,income,false,2009-03-24T14:34:54-04:00,,https://lda.gov/filings/public/filing/68fb7307-79b0-48e0-aa48-2b6f4ecd0e87/print/,https://lda.gov/api/v1/filings/68fb7307-79b0-48e0-aa48-2b6f4ecd0e87/,,2026-09-12,a6a3de3130dcd69cc05931cacd23bcb166186a0b96c2e9aaf18bb163bc7fa6ed
cand-b905d6833296,American Petroleum Institute,725011b1-ced9-446a-962d-0c4b4c7bd812,2008,third_quarter,RR,2008-07-01,2008-09-30,AMERICAN PETROLEUM INSTITUTE,175532,1005193,"MEHLMAN CONSULTING, INC.",284950,,,,,neither,false,2008-09-10T13:34:07-04:00,,https://lda.gov/filings/public/filing/725011b1-ced9-446a-962d-0c4b4c7bd812/print/,https://lda.gov/api/v1/filings/725011b1-ced9-446a-962d-0c4b4c7bd812/,,2026-09-12,4853eb8a1b70f05dfc33c034853fbe54f4e29a6290f13104d94622df565c47c3
cand-b905d6833296,American Petroleum Institute,7c3bb685-c17c-4f6b-ba2b-61a022609e56,2008,third_quarter,Q3Y,2008-07-01,2008-09-30,AMERICAN PETROLEUM INSTITUTE,119051,36,"EOP GROUP, INC.",13712,,,,,neither,false,2008-10-20T11:15:51-04:00,,https://lda.gov/filings/public/filing/7c3bb685-c17c-4f6b-ba2b-61a022609e56/print/,https://lda.gov/api/v1/filings/7c3bb685-c17c-4f6b-ba2b-61a022609e56/,,2026-09-12,c6bc750d5a9cd2e7d52af2f20e0dea109f82cdd8a6cc0fbb5a81330bc816c023
cand-b905d6833296,American Petroleum Institute,8e32d976-3750-4f23-8311-0288a7831c88,2008,third_quarter,Q3,2008-07-01,2008-09-30,AMERICAN PETROLEUM INSTITUTE,146563,48,"TIMMONS AND COMPANY, INC.",38164,100000.00,,,,income,false,2008-10-09T15:48:07-04:00,,https://lda.gov/filings/public/filing/8e32d976-3750-4f23-8311-0288a7831c88/print/,https://lda.gov/api/v1/filings/8e32d976-3750-4f23-8311-0288a7831c88/,,2026-09-12,e0ba817b898e24a291464ad86d6755e83d8fd74c705d4fdedf37a4d9eafd8719
cand-b905d6833296,American Petroleum Institute,b88bc2dc-ddda-454c-b624-d8c281579b7d,2008,third_quarter,Q3Y,2008-07-01,2008-09-30,AMERICAN PETROLEUM INSTITUTE,146563,48,"TIMMONS AND COMPANY, INC.",38164,60000.00,,,,income,false,2008-08-11T15:01:08-04:00,,https://lda.gov/filings/public/filing/b88bc2dc-ddda-454c-b624-d8c281579b7d/print/,https://lda.gov/api/v1/filings/b88bc2dc-ddda-454c-b624-d8c281579b7d/,,2026-09-12,39e4bd75b802b63702290459f5fcf6d79aec474547d7ce34f069376629f93117
cand-b905d6833296,American Petroleum Institute,c276a01d-d285-4f51-8ac6-7577d61c59fc,2008,third_quarter,Q3,2008-07-01,2008-09-30,AMERICAN PETROLEUM INSTITUTE,155677,773,OGR,48827,80000.00,,,,income,false,2008-10-16T10:57:43-04:00,,https://lda.gov/filings/public/filing/c276a01d-d285-4f51-8ac6-7577d61c59fc/print/,https://lda.gov/api/v1/filings/c276a01d-d285-4f51-8ac6-7577d61c59fc/,,2026-09-12,96583e0b2bb0a4c872899f612474cb1fbe638e9c6d5ae111ffeba8196dfd91be
cand-b905d6833296,American Petroleum Institute,da7ca089-2cd1-45d6-b9cf-b715b5cc6aba,2008,third_quarter,Q3,2008-07-01,2008-09-30,AMERICAN PETROLEUM INSTITUTE,103626,12,AMERICAN PETROLEUM INSTITUTE,3060,,1300000.00,a,Method A - Reporting amounts using LDA definitions only,expenses,true,2008-10-20T15:37:17-04:00,,https://lda.gov/filings/public/filing/da7ca089-2cd1-45d6-b9cf-b715b5cc6aba/print/,https://lda.gov/api/v1/filings/da7ca089-2cd1-45d6-b9cf-b715b5cc6aba/,,2026-09-12,6276a1de36d31ce21023a6e3e73dcaf54a5ad0e26037b084834ca108856afe84
cand-b905d6833296,American Petroleum Institute,07e4eb5c-0ba2-488e-a0ab-9e3c3d5766a4,2008,fourth_quarter,Q4,2008-10-01,2008-12-31,AMERICAN PETROLEUM INSTITUTE,114557,2195,PRICEWATERHOUSECOOPERS,10764,80000.00,,,,income,false,2009-01-19T11:34:34-05:00,,https://lda.gov/filings/public/filing/07e4eb5c-0ba2-488e-a0ab-9e3c3d5766a4/print/,https://lda.gov/api/v1/filings/07e4eb5c-0ba2-488e-a0ab-9e3c3d5766a4/,,2026-09-12,8a0e13da73c3ee05b93aa4c8a0f753f58aba8500bb53077bb5ef6489d947aa4d
cand-b905d6833296,American Petroleum Institute,0bf39a68-49d3-4e44-ac4c-e894cecf89bb,2008,fourth_quarter,Q4,2008-10-01,2008-12-31,AMERICAN PETROLEUM INSTITUTE,103626,12,AMERICAN PETROLEUM INSTITUTE,3060,,1259437.00,a,Method A - Reporting amounts using LDA definitions only,expenses,true,2009-01-16T13:36:07-05:00,,https://lda.gov/filings/public/filing/0bf39a68-49d3-4e44-ac4c-e894cecf89bb/print/,https://lda.gov/api/v1/filings/0bf39a68-49d3-4e44-ac4c-e894cecf89bb/,,2026-09-12,c43d40ec5891d829492dcf0a606d21e9e0461d0696f31d90624856785eea8560
cand-b905d6833296,American Petroleum Institute,2f49a245-4e0f-4462-844f-acbd01543437,2008,fourth_quarter,Q4,2008-10-01,2008-12-31,AMERICAN PETROLEUM INSTITUTE,146563,48,"TIMMONS AND COMPANY, INC.",38164,130000.00,,,,income,false,2009-01-14T15:14:56-05:00,,https://lda.gov/filings/public/filing/2f49a245-4e0f-4462-844f-acbd01543437/print/,https://lda.gov/api/v1/filings/2f49a245-4e0f-4462-844f-acbd01543437/,,2026-09-12,44340dd26b1306853ff0685a40120dec8203a9ef08c3960f4b59666f404ded0b
cand-b905d6833296,American Petroleum Institute,3d08060d-73c1-4794-851d-e0b389b32848,2008,fourth_quarter,Q4Y,2008-10-01,2008-12-31,AMERICAN PETROLEUM INSTITUTE,127393,1558,"JOHNSTON & ASSOCIATES, LLC",20777,40000.00,,,,income,false,2009-09-30T05:59:43-04:00,,https://lda.gov/filings/public/filing/3d08060d-73c1-4794-851d-e0b389b32848/print/,https://lda.gov/api/v1/filings/3d08060d-73c1-4794-851d-e0b389b32848/,,2026-09-12,1c89ff1b805cc765818a742280a11b27c29b6c0d2c51a7fdbb510250ac4b8920
cand-b905d6833296,American Petroleum Institute,447fa04f-533a-40ae-918c-6c9bf30019a7,2008,fourth_quarter,RA,2008-10-01,2008-12-31,AMERICAN PETROLEUM INSTITUTE,186250,1004220,MR. CHRISTOPHER HEINZ,318298,,,,,neither,false,2009-01-15T12:19:14-05:00,,https://lda.gov/filings/public/filing/447fa04f-533a-40ae-918c-6c9bf30019a7/print/,https://lda.gov/api/v1/filings/447fa04f-533a-40ae-918c-6c9bf30019a7/,,2026-09-12,454c46081c91ef2728a28f7234d7237986471eb3f5d54b7e99ca5c136b00a534
cand-b905d6833296,American Petroleum Institute,49a429c3-eb34-437f-a938-982a260256ac,2008,fourth_quarter,Q4Y,2008-10-01,2008-12-31,AMERICAN PETROLEUM INSTITUTE,173557,1000495,"IMPACT TEXAS COMMUNICATIONS, LLP (D/B/A IMPACT US)",87472,,,,,neither,false,2009-01-20T19:13:03-05:00,,https://lda.gov/filings/public/filing/49a429c3-eb34-437f-a938-982a260256ac/print/,https://lda.gov/api/v1/filings/49a429c3-eb34-437f-a938-982a260256ac/,,2026-09-12,f53484c429c1f71968048a03c044832252766b004b5f6c950e583d32610a24c8
cand-b905d6833296,American Petroleum Institute,5bc33cb5-fc89-4ff5-be1e-12443732eb2e,2008,fourth_quarter,Q4Y,2008-10-01,2008-12-31,AMERICAN PETROLEUM INSTITUTE,119051,36,"EOP GROUP, INC.",13712,,,,,neither,false,2009-01-16T16:29:09-05:00,,https://lda.gov/filings/public/filing/5bc33cb5-fc89-4ff5-be1e-12443732eb2e/print/,https://lda.gov/api/v1/filings/5bc33cb5-fc89-4ff5-be1e-12443732eb2e/,,2026-09-12,6b24a077b546cac62134026b1b3a5a5039e1677c204d0994d978705512bfedce
cand-b905d6833296,American Petroleum Institute,7a0e1c05-8eb0-4392-9df2-f9ef1170e958,2008,fourth_quarter,Q4,2008-10-01,2008-12-31,AMERICAN PETROLEUM INSTITUTE,146647,238,MICHAEL L. TINER,38175,20000.00,,,,income,false,2009-01-18T15:27:10-05:00,,https://lda.gov/filings/public/filing/7a0e1c05-8eb0-4392-9df2-f9ef1170e958/print/,https://lda.gov/api/v1/filings/7a0e1c05-8eb0-4392-9df2-f9ef1170e958/,,2026-09-12,be30361f9b768f898bc8ec5f7e77983e67060d8a56b3efc076ec6275708459a1
cand-b905d6833296,American Petroleum Institute,82e91673-94bd-407a-b25c-7eec2f1c4373,2008,fourth_quarter,Q4,2008-10-01,2008-12-31,AMERICAN PETROLEUM INSTITUTE,175532,1005193,"MEHLMAN CONSULTING, INC.",284950,60000.00,,,,income,false,2009-01-14T15:17:02-05:00,,https://lda.gov/filings/public/filing/82e91673-94bd-407a-b25c-7eec2f1c4373/print/,https://lda.gov/api/v1/filings/82e91673-94bd-407a-b25c-7eec2f1c4373/,,2026-09-12,ed37e85267b1dd44545e562352fb34db774af993ad15aa2dad8117807ccc8050
cand-b905d6833296,American Petroleum Institute,983cea32-a55c-4d70-8928-1d996f102f1f,2008,fourth_quarter,RR,2008-10-01,2008-12-31,AMERICAN PETROLEUM INSTITUTE,186250,1004220,MR. CHRISTOPHER HEINZ,318298,,,,,neither,false,2009-01-07T11:46:14-05:00,,https://lda.gov/filings/public/filing/983cea32-a55c-4d70-8928-1d996f102f1f/print/,https://lda.gov/api/v1/filings/983cea32-a55c-4d70-8928-1d996f102f1f/,,2026-09-12,3de2f25575a696f594af7b00a1861e21296143bef1ec915e8577c290107f4f91
cand-b905d6833296,American Petroleum Institute,b7f83fc3-190b-45ac-b198-498980b9090f,2008,fourth_quarter,Q4,2008-10-01,2008-12-31,AMERICAN PETROLEUM INSTITUTE,155677,773,OGR,48827,80000.00,,,,income,false,2009-01-15T12:35:32-05:00,,https://lda.gov/filings/public/filing/b7f83fc3-190b-45ac-b198-498980b9090f/print/,https://lda.gov/api/v1/filings/b7f83fc3-190b-45ac-b198-498980b9090f/,,2026-09-12,9829c2fd7e27f732c35b3ca9269c7340dd01872c7ec8073baac36d6f71f6cadf
cand-b905d6833296,American Petroleum Institute,d49b47ea-d3d5-43ac-8e90-a78b65ff3a8a,2008,fourth_quarter,Q4Y,2008-10-01,2008-12-31,AMERICAN PETROLEUM INSTITUTE,186250,1004220,MR. CHRISTOPHER HEINZ,318298,,,,,neither,false,2009-01-21T16:25:02-05:00,,https://lda.gov/filings/public/filing/d49b47ea-d3d5-43ac-8e90-a78b65ff3a8a/print/,https://lda.gov/api/v1/filings/d49b47ea-d3d5-43ac-8e90-a78b65ff3a8a/,,2026-09-12,cdc00cac756530ba54a9d723dd15a7f0a5a310a1d0b2990c959c129e3bd3e585
cand-b905d6833296,American Petroleum Institute,e950bee5-b9fd-40f4-859c-4eb824ffaaee,2008,fourth_quarter,Q4,2008-10-01,2008-12-31,AMERICAN PETROLEUM INSTITUTE,135641,1001208,"OLSSON, FRANK, WEEDA, TERMAN & MATZ, PC",30212,10000.00,,,,income,false,2009-01-21T17:33:57-05:00,,https://lda.gov/filings/public/filing/e950bee5-b9fd-40f4-859c-4eb824ffaaee/print/,https://lda.gov/api/v1/filings/e950bee5-b9fd-40f4-859c-4eb824ffaaee/,,2026-09-12,f2df75548e770c84f59a8517c57219f940428bd62b7376593ea270b591aee7e7
cand-d5522e62fad7,AMERICAN GAS ASSOCIATION,72d04d1e-de99-4acf-81b2-8bc22417387c,2003,mid_year,MM,2003-01-01,2003-06-30,AMERICAN GAS ASSOCIATION,165556,113,CAPITOL HILL CONSULTING GROUP,72053,40000.00,,,,income,false,2003-08-21T00:00:00-04:00,,https://lda.gov/filings/public/filing/72d04d1e-de99-4acf-81b2-8bc22417387c/print/,https://lda.gov/api/v1/filings/72d04d1e-de99-4acf-81b2-8bc22417387c/,,2026-09-12,499fc63e6c7394ec97c40645c023e0e8597d9dfa17a54c991ab4ccc581ac71ab
cand-d5522e62fad7,AMERICAN GAS ASSOCIATION,cd5531e5-24c6-41d9-84aa-b9b1051d619a,2003,mid_year,MM,2003-01-01,2003-06-30,AMERICAN GAS ASSOCIATION,134347,280,NATIONAL ENVIRONMENTAL STRATEGIES,27775,40000.00,,,,income,false,2003-08-18T00:00:00-04:00,,https://lda.gov/filings/public/filing/cd5531e5-24c6-41d9-84aa-b9b1051d619a/print/,https://lda.gov/api/v1/filings/cd5531e5-24c6-41d9-84aa-b9b1051d619a/,,2026-09-12,b7f72714f2df033ef6691b2ef5e32d08f2e77380eafa136bf674455341e1cbc7
cand-d5522e62fad7,AMERICAN GAS ASSOCIATION,f70db48f-961e-4816-ae01-b4dad6386d97,2003,mid_year,MM,2003-01-01,2003-06-30,AMERICAN GAS ASSOCIATION,103560,12,AMERICAN GAS ASSOCIATION,2445,,181000.00,,,expenses,true,2003-08-13T00:00:00-04:00,,https://lda.gov/filings/public/filing/f70db48f-961e-4816-ae01-b4dad6386d97/print/,https://lda.gov/api/v1/filings/f70db48f-961e-4816-ae01-b4dad6386d97/,,2026-09-12,ea165e0a3cb121f2f235fb3d6327d4db27d23061b8d9bcbac06a8a2cdee4233d
cand-d5522e62fad7,AMERICAN GAS ASSOCIATION,00402a35-a25c-456a-b6f2-6abc4e780088,2003,year_end,YY,2003-07-01,2003-12-31,AMERICAN GAS ASSOCIATION,165556,113,CAPITOL HILL CONSULTING GROUP,72053,40000.00,,,,income,false,2004-05-04T00:00:00-04:00,,https://lda.gov/filings/public/filing/00402a35-a25c-456a-b6f2-6abc4e780088/print/,https://lda.gov/api/v1/filings/00402a35-a25c-456a-b6f2-6abc4e780088/,,2026-09-12,f254fd9e32c84bdb2ce0a117104d3fe07cab04ef35b19fb1d4a29aa66ae5757e
cand-d5522e62fad7,AMERICAN GAS ASSOCIATION,09d16ac2-060d-40c0-a747-a11d4cab0182,2003,year_end,YY,2003-07-01,2003-12-31,AMERICAN GAS ASSOCIATION,103560,12,AMERICAN GAS ASSOCIATION,2445,,181000.00,,,expenses,true,2004-02-17T00:00:00-05:00,,https://lda.gov/filings/public/filing/09d16ac2-060d-40c0-a747-a11d4cab0182/print/,https://lda.gov/api/v1/filings/09d16ac2-060d-40c0-a747-a11d4cab0182/,,2026-09-12,6ff339067ed53115e9fbd014557aa7071c2081e1b364730d138d42f7e4f22147
cand-d5522e62fad7,AMERICAN GAS ASSOCIATION,3596fcdc-0a23-4406-af67-0e41c600f881,2003,year_end,YY,2003-07-01,2003-12-31,AMERICAN GAS ASSOCIATION,134347,280,NATIONAL ENVIRONMENTAL STRATEGIES,27775,40000.00,,,,income,false,2004-04-12T00:00:00-04:00,,https://lda.gov/filings/public/filing/3596fcdc-0a23-4406-af67-0e41c600f881/print/,https://lda.gov/api/v1/filings/3596fcdc-0a23-4406-af67-0e41c600f881/,,2026-09-12,099f5df5839583d6601a65a735d6a1ad87521ac10d492b6c36a25d9a641ed8bd
cand-d5522e62fad7,AMERICAN GAS ASSOCIATION,c82c7e7c-3a06-4c04-92dc-1fe3e97cae6a,2003,year_end,YY,2003-07-01,2003-12-31,AMERICAN GAS ASSOCIATION,165556,113,CAPITOL HILL CONSULTING GROUP,72053,20000.00,,,,income,false,2004-04-19T00:00:00-04:00,,https://lda.gov/filings/public/filing/c82c7e7c-3a06-4c04-92dc-1fe3e97cae6a/print/,https://lda.gov/api/v1/filings/c82c7e7c-3a06-4c04-92dc-1fe3e97cae6a/,,2026-09-12,0749e298397266cca32fc96e50b32958ba34314d54a318ca35677cd22c26a99a
cand-d5522e62fad7,AMERICAN GAS ASSOCIATION,027f49cf-d9e9-4817-a5ca-4f9662c8d370,2004,mid_year,MM,2004-01-01,2004-06-30,AMERICAN GAS ASSOCIATION,165556,113,CAPITOL HILL CONSULTING GROUP,72053,20000.00,,,,income,false,2004-08-26T00:00:00-04:00,,https://lda.gov/filings/public/filing/027f49cf-d9e9-4817-a5ca-4f9662c8d370/print/,https://lda.gov/api/v1/filings/027f49cf-d9e9-4817-a5ca-4f9662c8d370/,,2026-09-12,30f9e4dcc347fe1a7b5ab1ccefb1f56dc9ab6d629b3a2e6e7c9c5213d42352b6
cand-d5522e62fad7,AMERICAN GAS ASSOCIATION,562cc32e-6160-4363-89dd-e1cff4b1527f,2004,mid_year,MM,2004-01-01,2004-06-30,AMERICAN GAS ASSOCIATION,134347,280,NATIONAL ENVIRONMENTAL STRATEGIES,27775,40000.00,,,,income,false,2004-08-25T00:00:00-04:00,,https://lda.gov/filings/public/filing/562cc32e-6160-4363-89dd-e1cff4b1527f/print/,https://lda.gov/api/v1/filings/562cc32e-6160-4363-89dd-e1cff4b1527f/,,2026-09-12,cbf1d1b9fbcf366ff17d6c8ba43e9d3cc7c166db3245f64932b4d8780608a141
cand-d5522e62fad7,AMERICAN GAS ASSOCIATION,e0b30381-e7c3-419c-b027-38f566cdc9be,2004,mid_year,MM,2004-01-01,2004-06-30,AMERICAN GAS ASSOCIATION,103560,12,AMERICAN GAS ASSOCIATION,2445,,190000.00,,,expenses,true,2004-08-13T00:00:00-04:00,,https://lda.gov/filings/public/filing/e0b30381-e7c3-419c-b027-38f566cdc9be/print/,https://lda.gov/api/v1/filings/e0b30381-e7c3-419c-b027-38f566cdc9be/,,2026-09-12,aabbb9331d8fc61b61539a77fddf63bc9914fdeb00f9870970183e172a9d96ca
cand-d5522e62fad7,AMERICAN GAS ASSOCIATION,3937f616-419d-4717-a7fb-5f6d16f4bc95,2004,year_end,YY,2004-07-01,2004-12-31,AMERICAN GAS ASSOCIATION,134347,280,NATIONAL ENVIRONMENTAL STRATEGIES,27775,40000.00,,,,income,false,2005-02-24T00:00:00-05:00,,https://lda.gov/filings/public/filing/3937f616-419d-4717-a7fb-5f6d16f4bc95/print/,https://lda.gov/api/v1/filings/3937f616-419d-4717-a7fb-5f6d16f4bc95/,,2026-09-12,5b7f16a7fd21d1607dfeed72d911edf9e16cff6f95a585c55ef2d21739d1de2b
cand-d5522e62fad7,AMERICAN GAS ASSOCIATION,657cc2fe-b5ec-4b81-b4df-315af92bef78,2004,year_end,YY,2004-07-01,2004-12-31,AMERICAN GAS ASSOCIATION,103560,12,AMERICAN GAS ASSOCIATION,2445,,180000.00,,,expenses,true,2005-02-14T00:00:00-05:00,,https://lda.gov/filings/public/filing/657cc2fe-b5ec-4b81-b4df-315af92bef78/print/,https://lda.gov/api/v1/filings/657cc2fe-b5ec-4b81-b4df-315af92bef78/,,2026-09-12,a061e9ad8c3e8161829fb196eda7e9180624363acb8113513e17d420d3a5fb3f
cand-d5522e62fad7,AMERICAN GAS ASSOCIATION,74ef5df0-ed71-4e8a-a6fe-c160a2018522,2004,year_end,YY,2004-07-01,2004-12-31,AMERICAN GAS ASSOCIATION,165556,113,CAPITOL HILL CONSULTING GROUP,72053,20000.00,,,,income,false,2005-02-23T00:00:00-05:00,,https://lda.gov/filings/public/filing/74ef5df0-ed71-4e8a-a6fe-c160a2018522/print/,https://lda.gov/api/v1/filings/74ef5df0-ed71-4e8a-a6fe-c160a2018522/,,2026-09-12,b4b39cae4dd475eb0182688dfa671253884044dc5e37fc5beb66b77996ddc85b
cand-d5522e62fad7,AMERICAN GAS ASSOCIATION,6bb81446-f048-4a7d-b233-293fdaa08056,2005,mid_year,MM,2005-01-01,2005-06-30,AMERICAN GAS ASSOCIATION,134347,280,NATIONAL ENVIRONMENTAL STRATEGIES,27775,40000.00,,,,income,false,2005-08-17T00:00:00-04:00,,https://lda.gov/filings/public/filing/6bb81446-f048-4a7d-b233-293fdaa08056/print/,https://lda.gov/api/v1/filings/6bb81446-f048-4a7d-b233-293fdaa08056/,,2026-09-12,abe40840e0b184aa10576cf81a3f61a85e1f60642d97c7b8c649a364824d8153
cand-d5522e62fad7,AMERICAN GAS ASSOCIATION,9c204885-b084-4792-a0f9-0e87f608c8b6,2005,mid_year,MM,2005-01-01,2005-06-30,AMERICAN GAS ASSOCIATION,103560,12,AMERICAN GAS ASSOCIATION,2445,,180000.00,,,expenses,true,2005-08-15T00:00:00-04:00,,https://lda.gov/filings/public/filing/9c204885-b084-4792-a0f9-0e87f608c8b6/print/,https://lda.gov/api/v1/filings/9c204885-b084-4792-a0f9-0e87f608c8b6/,,2026-09-12,ac47a1090a5a61c1d2c4cca1ac230eff604617c8d0ac15c4100341824a64e08f
cand-d5522e62fad7,AMERICAN GAS ASSOCIATION,bc03bfac-df48-4a80-b8a2-de72648f3f6b,2005,mid_year,MM,2005-01-01,2005-06-30,AMERICAN GAS ASSOCIATION,165556,113,CAPITOL HILL CONSULTING GROUP,72053,20000.00,,,,income,false,2005-08-19T00:00:00-04:00,,https://lda.gov/filings/public/filing/bc03bfac-df48-4a80-b8a2-de72648f3f6b/print/,https://lda.gov/api/v1/filings/bc03bfac-df48-4a80-b8a2-de72648f3f6b/,,2026-09-12,d334b2124db0c44dc016871d3b5a3b154f4627a127276a32f8741039337c1ffd
cand-d5522e62fad7,AMERICAN GAS ASSOCIATION,6e9628f3-e539-40b3-84fc-823d19d29498,2005,year_end,YY,2005-07-01,2005-12-31,AMERICAN GAS ASSOCIATION,134347,280,NATIONAL ENVIRONMENTAL STRATEGIES,27775,40000.00,,,,income,false,2006-08-11T00:00:00-04:00,,https://lda.gov/filings/public/filing/6e9628f3-e539-40b3-84fc-823d19d29498/print/,https://lda.gov/api/v1/filings/6e9628f3-e539-40b3-84fc-823d19d29498/,,2026-09-12,b453938f12dc781437c92548245331f3a0cd52d73f92171c6ab8066734d2defd
cand-d5522e62fad7,AMERICAN GAS ASSOCIATION,79e60306-d2ca-46fe-b0da-3047ccae888d,2005,year_end,YY,2005-07-01,2005-12-31,AMERICAN GAS ASSOCIATION,103560,12,AMERICAN GAS ASSOCIATION,2445,,85000.00,,,expenses,true,2006-02-14T00:00:00-05:00,,https://lda.gov/filings/public/filing/79e60306-d2ca-46fe-b0da-3047ccae888d/print/,https://lda.gov/api/v1/filings/79e60306-d2ca-46fe-b0da-3047ccae888d/,,2026-09-12,6059e3f85e7ed7cf78fdcc95a47d7945c641cf2a396981b8f2c58a6d1134c19c
cand-d5522e62fad7,AMERICAN GAS ASSOCIATION,f796a29c-6831-43a6-a7b0-2d1ffb025204,2005,year_end,YY,2005-07-01,2005-12-31,AMERICAN GAS ASSOCIATION,165556,113,CAPITOL HILL CONSULTING GROUP,72053,20000.00,,,,income,false,2006-02-03T00:00:00-05:00,,https://lda.gov/filings/public/filing/f796a29c-6831-43a6-a7b0-2d1ffb025204/print/,https://lda.gov/api/v1/filings/f796a29c-6831-43a6-a7b0-2d1ffb025204/,,2026-09-12,10ec65cfe1f93e93697c507dbaf4e5b838d883ef4a0193e8b211dad4c9ea56ca
cand-d5522e62fad7,AMERICAN GAS ASSOCIATION,542b467f-143f-41d8-8465-cc4665ef3900,2006,mid_year,MM,2006-01-01,2006-06-30,AMERICAN GAS ASSOCIATION,103560,12,AMERICAN GAS ASSOCIATION,2445,,165000.00,,,expenses,true,2006-08-11T00:00:00-04:00,,https://lda.gov/filings/public/filing/542b467f-143f-41d8-8465-cc4665ef3900/print/,https://lda.gov/api/v1/filings/542b467f-143f-41d8-8465-cc4665ef3900/,,2026-09-12,851057dc90b9ddd7c959f881e20f5f2ef59d124dbf6bb197aa49630d31ff9442
cand-d5522e62fad7,AMERICAN GAS ASSOCIATION,8bf1e358-6bc2-4c7c-a85e-25ecf5635f51,2006,mid_year,MM,2006-01-01,2006-06-30,AMERICAN GAS ASSOCIATION,134347,280,NATIONAL ENVIRONMENTAL STRATEGIES,27775,40000.00,,,,income,false,2006-08-11T00:00:00-04:00,,https://lda.gov/filings/public/filing/8bf1e358-6bc2-4c7c-a85e-25ecf5635f51/print/,https://lda.gov/api/v1/filings/8bf1e358-6bc2-4c7c-a85e-25ecf5635f51/,,2026-09-12,a3df170d9f4110ccde19745d8d2e822383b56ee746c8a961ff49034b79ba85d9
cand-d5522e62fad7,AMERICAN GAS ASSOCIATION,c78b78a9-917a-4274-b1ae-f096a1a57cc4,2006,mid_year,MM,2006-01-01,2006-06-30,AMERICAN GAS ASSOCIATION,165556,113,CAPITOL HILL CONSULTING GROUP,72053,20000.00,,,,income,false,2006-08-08T00:00:00-04:00,,https://lda.gov/filings/public/filing/c78b78a9-917a-4274-b1ae-f096a1a57cc4/print/,https://lda.gov/api/v1/filings/c78b78a9-917a-4274-b1ae-f096a1a57cc4/,,2026-09-12,32a9eb45d26ca9322f6eef06eb194db4a01e71c471a57bc8e4b4165a0d9cc167
cand-d5522e62fad7,AMERICAN GAS ASSOCIATION,92409465-c742-4895-8b34-0b70bd64adcd,2006,year_end,YY,2006-07-01,2006-12-31,AMERICAN GAS ASSOCIATION,103560,12,AMERICAN GAS ASSOCIATION,2445,,416000.00,,,expenses,true,2007-02-14T16:43:02-05:00,,https://lda.gov/filings/public/filing/92409465-c742-4895-8b34-0b70bd64adcd/print/,https://lda.gov/api/v1/filings/92409465-c742-4895-8b34-0b70bd64adcd/,,2026-09-12,3ba4eacae5648cb29010a898ae1c72d16a6b5bff6afe6070b66b97c22e44da7c
cand-d5522e62fad7,AMERICAN GAS ASSOCIATION,af125d61-81d3-49cd-87eb-cfd180c5422f,2006,year_end,YY,2006-07-01,2006-12-31,AMERICAN GAS ASSOCIATION,165556,113,CAPITOL HILL CONSULTING GROUP,72053,20000.00,,,,income,false,2007-02-12T11:36:21-05:00,,https://lda.gov/filings/public/filing/af125d61-81d3-49cd-87eb-cfd180c5422f/print/,https://lda.gov/api/v1/filings/af125d61-81d3-49cd-87eb-cfd180c5422f/,,2026-09-12,f09d7f9f2636ca1dde9738803439c2ad98b20e5011ea2bd71f49cae6e8f19fe0
cand-d5522e62fad7,AMERICAN GAS ASSOCIATION,c5c7c61a-7899-40c0-85f6-c4f7f020f3dc,2006,year_end,YY,2006-07-01,2006-12-31,AMERICAN GAS ASSOCIATION,134347,280,NATIONAL ENVIRONMENTAL STRATEGIES,27775,40000.00,,,,income,false,2007-02-13T09:55:42-05:00,,https://lda.gov/filings/public/filing/c5c7c61a-7899-40c0-85f6-c4f7f020f3dc/print/,https://lda.gov/api/v1/filings/c5c7c61a-7899-40c0-85f6-c4f7f020f3dc/,,2026-09-12,3ba2186d7c7f77862f5e21dc031dc6d7d6e9b73f61240ee3d488d39ff1a122a4
cand-d5522e62fad7,AMERICAN GAS ASSOCIATION,59959799-8fcc-43ef-945b-20717e08c33e,2007,mid_year,MM,2007-01-01,2007-06-30,AMERICAN GAS ASSOCIATION,134347,280,NATIONAL ENVIRONMENTAL STRATEGIES,27775,40000.00,,,,income,false,2007-08-09T10:24:02-04:00,,https://lda.gov/filings/public/filing/59959799-8fcc-43ef-945b-20717e08c33e/print/,https://lda.gov/api/v1/filings/59959799-8fcc-43ef-945b-20717e08c33e/,,2026-09-12,c7422368ca7a56a0669f0efb07fbfae0ffc932a7370d0cae7b6317bec099e6b4
cand-d5522e62fad7,AMERICAN GAS ASSOCIATION,71d3e6f9-a856-4072-a079-36b0b1951cd2,2007,mid_year,MM,2007-01-01,2007-06-30,AMERICAN GAS ASSOCIATION,165556,113,CAPITOL HILL CONSULTING GROUP,72053,20000.00,,,,income,false,2007-08-08T14:05:21-04:00,,https://lda.gov/filings/public/filing/71d3e6f9-a856-4072-a079-36b0b1951cd2/print/,https://lda.gov/api/v1/filings/71d3e6f9-a856-4072-a079-36b0b1951cd2/,,2026-09-12,3397d08e4d6483960655f56ff1caee5c0f632894ec8b7dfb16ba4540f40b00ed
cand-d5522e62fad7,AMERICAN GAS ASSOCIATION,7a83f40f-5462-4965-9c79-3f9a4a04a113,2007,mid_year,MM,2007-01-01,2007-06-30,AMERICAN GAS ASSOCIATION,103560,12,AMERICAN GAS ASSOCIATION,2445,,208000.00,,,expenses,true,2007-08-10T14:26:49-04:00,,https://lda.gov/filings/public/filing/7a83f40f-5462-4965-9c79-3f9a4a04a113/print/,https://lda.gov/api/v1/filings/7a83f40f-5462-4965-9c79-3f9a4a04a113/,,2026-09-12,932dd08980cd40bb30122e22161ed1feffa8cf9591e907c909f43268d4066944
cand-d5522e62fad7,AMERICAN GAS ASSOCIATION,8092e86d-e6d6-4992-af22-5012b9dbe861,2007,mid_year,MM,2007-01-01,2007-06-30,AMERICAN GAS ASSOCIATION,185670,1002299,ICE MILLER STRATEGIES LLC,316057,,,,,neither,false,2007-08-08T11:24:58-04:00,,https://lda.gov/filings/public/filing/8092e86d-e6d6-4992-af22-5012b9dbe861/print/,https://lda.gov/api/v1/filings/8092e86d-e6d6-4992-af22-5012b9dbe861/,,2026-09-12,d93ae95457ec5d99cb50c79716a297c51346eba1054115eb216ffaa835f0993d
cand-d5522e62fad7,AMERICAN GAS ASSOCIATION,8232fac3-d7a3-4973-b55f-696d56c1fa34,2007,mid_year,RR,2007-01-01,2007-06-30,AMERICAN GAS ASSOCIATION,185670,1002299,ICE MILLER STRATEGIES LLC,316057,,,,,neither,false,2007-06-01T12:16:49-04:00,,https://lda.gov/filings/public/filing/8232fac3-d7a3-4973-b55f-696d56c1fa34/print/,https://lda.gov/api/v1/filings/8232fac3-d7a3-4973-b55f-696d56c1fa34/,,2026-09-12,b5fceca1a21c490fa96f7fb61b4d4afcb51658f200ffded5d7f258241afb1979
cand-d5522e62fad7,AMERICAN GAS ASSOCIATION,284fbcfc-8392-4f69-bbaf-c0d9d4af5c68,2007,year_end,YY,2007-07-01,2007-12-31,AMERICAN GAS ASSOCIATION,165556,113,CAPITOL HILL CONSULTING GROUP,72053,20000.00,,,,income,false,2008-02-11T11:04:14.787000-05:00,,https://lda.gov/filings/public/filing/284fbcfc-8392-4f69-bbaf-c0d9d4af5c68/print/,https://lda.gov/api/v1/filings/284fbcfc-8392-4f69-bbaf-c0d9d4af5c68/,,2026-09-12,297534dc1e109e3ebe0e821f8fbdd3bfb66a4fcfaf8d4433301fecca3cb891be
cand-d5522e62fad7,AMERICAN GAS ASSOCIATION,4a2b3def-0291-4fb3-af1f-f71dd644dbbb,2007,year_end,YA,2007-07-01,2007-12-31,AMERICAN GAS ASSOCIATION,103560,12,AMERICAN GAS ASSOCIATION,2445,,211508.00,,,expenses,true,2008-02-29T13:31:55.010000-05:00,,https://lda.gov/filings/public/filing/4a2b3def-0291-4fb3-af1f-f71dd644dbbb/print/,https://lda.gov/api/v1/filings/4a2b3def-0291-4fb3-af1f-f71dd644dbbb/,,2026-09-12,e518be48522fd6ee0bae16a1fb8fe71a14b1c367ddd5414da79c3d882eb3b0d2
cand-d5522e62fad7,AMERICAN GAS ASSOCIATION,67ea44cd-2394-4467-a57a-7710429d1e34,2007,year_end,YY,2007-07-01,2007-12-31,AMERICAN GAS ASSOCIATION,103560,12,AMERICAN GAS ASSOCIATION,2445,,404508.00,,,expenses,true,2008-02-15T15:44:55.163000-05:00,,https://lda.gov/filings/public/filing/67ea44cd-2394-4467-a57a-7710429d1e34/print/,https://lda.gov/api/v1/filings/67ea44cd-2394-4467-a57a-7710429d1e34/,,2026-09-12,feda0fa05f34728caa3d7775ab0ee6f23100da56705637873911d574dc644b83
cand-d5522e62fad7,AMERICAN GAS ASSOCIATION,b6141cbd-2c0c-48cb-aaac-327820ecb54e,2007,year_end,YT,2007-07-01,2007-12-31,AMERICAN GAS ASSOCIATION,185670,1002299,ICE MILLER STRATEGIES LLC,316057,,,,,neither,false,2008-02-14T11:21:18.947000-05:00,,https://lda.gov/filings/public/filing/b6141cbd-2c0c-48cb-aaac-327820ecb54e/print/,https://lda.gov/api/v1/filings/b6141cbd-2c0c-48cb-aaac-327820ecb54e/,,2026-09-12,0ea4905d07e87c37de485cbd76f421c7fd75cf9975a2e70b5bd41883b81dfe07
cand-d5522e62fad7,AMERICAN GAS ASSOCIATION,e6418e7d-d60f-4061-893f-6afd36085ed6,2007,year_end,YA,2007-07-01,2007-12-31,AMERICAN GAS ASSOCIATION,103560,12,AMERICAN GAS ASSOCIATION,2445,,211508.00,,,expenses,true,2008-04-18T10:59:08-04:00,,https://lda.gov/filings/public/filing/e6418e7d-d60f-4061-893f-6afd36085ed6/print/,https://lda.gov/api/v1/filings/e6418e7d-d60f-4061-893f-6afd36085ed6/,,2026-09-12,d11574a2f37013c82c12834669559314605ca6b3afc5f3ba58a4de1d7c564ee5
cand-d5522e62fad7,AMERICAN GAS ASSOCIATION,f1ed1006-b885-4c11-b967-a09f759b0ae7,2007,year_end,YY,2007-07-01,2007-12-31,AMERICAN GAS ASSOCIATION,134347,280,NATIONAL ENVIRONMENTAL STRATEGIES,27775,40000.00,,,,income,false,2008-02-13T14:03:11.273000-05:00,,https://lda.gov/filings/public/filing/f1ed1006-b885-4c11-b967-a09f759b0ae7/print/,https://lda.gov/api/v1/filings/f1ed1006-b885-4c11-b967-a09f759b0ae7/,,2026-09-12,6b05a4fd6b0b0998598e0d27c14c4e3ae3d7edf41202ea7b40a18eccf034ce25
cand-d5522e62fad7,AMERICAN GAS ASSOCIATION,19fa1416-7ba7-462f-8433-42d0f9079629,2008,first_quarter,1A,2008-01-01,2008-03-31,AMERICAN GAS ASSOCIATION,176998,1004898,BROWN RUDNICK LLP,287895,20000.00,,,,income,false,2008-06-16T14:22:28-04:00,,https://lda.gov/filings/public/filing/19fa1416-7ba7-462f-8433-42d0f9079629/print/,https://lda.gov/api/v1/filings/19fa1416-7ba7-462f-8433-42d0f9079629/,,2026-09-12,d1bfb4529b9e017aad7731cc1594acdb1d4aaded1101a554e9cd8c91c1039b31
cand-d5522e62fad7,AMERICAN GAS ASSOCIATION,1bb3b2dd-83e5-48d5-94ff-57ca81e909da,2008,first_quarter,Q1,2008-01-01,2008-03-31,AMERICAN GAS ASSOCIATION,176998,1004898,BROWN RUDNICK LLP,287895,20000.00,,,,income,false,2008-04-09T15:39:38-04:00,,https://lda.gov/filings/public/filing/1bb3b2dd-83e5-48d5-94ff-57ca81e909da/print/,https://lda.gov/api/v1/filings/1bb3b2dd-83e5-48d5-94ff-57ca81e909da/,,2026-09-12,2e19f890cf529c9bc06d0f239fc138a89a20cc2989c7e2b14c4721f7f92a1d87
cand-d5522e62fad7,AMERICAN GAS ASSOCIATION,349571d1-603c-4e4a-8c29-9b046d1ac705,2008,first_quarter,Q1,2008-01-01,2008-03-31,AMERICAN GAS ASSOCIATION,165556,113,CAPITOL HILL CONSULTING GROUP,72053,20000.00,,,,income,false,2008-04-16T11:56:11-04:00,,https://lda.gov/filings/public/filing/349571d1-603c-4e4a-8c29-9b046d1ac705/print/,https://lda.gov/api/v1/filings/349571d1-603c-4e4a-8c29-9b046d1ac705/,,2026-09-12,a20bc9079919b3ddf863ceb0142f51cc0147aff29bbc05e56a51f13e49c24744
cand-d5522e62fad7,AMERICAN GAS ASSOCIATION,59704fcd-106b-430a-ad08-6c517df15aa5,2008,first_quarter,RA,2008-01-01,2008-03-31,AMERICAN GAS ASSOCIATION,176998,1004898,BROWN RUDNICK LLP,287895,,,,,neither,false,2008-06-16T14:11:26-04:00,,https://lda.gov/filings/public/filing/59704fcd-106b-430a-ad08-6c517df15aa5/print/,https://lda.gov/api/v1/filings/59704fcd-106b-430a-ad08-6c517df15aa5/,,2026-09-12,a7ecd8a4a1da5349bc68ed924247bf1cc734cf4aae1b8c183ffd06a7fe942c8a
cand-d5522e62fad7,AMERICAN GAS ASSOCIATION,8b5396bb-badb-4825-a93d-60f4877b1269,2008,first_quarter,Q1,2008-01-01,2008-03-31,AMERICAN GAS ASSOCIATION,134347,280,NATIONAL ENVIRONMENTAL STRATEGIES,27775,20000.00,,,,income,false,2008-04-16T16:23:42-04:00,,https://lda.gov/filings/public/filing/8b5396bb-badb-4825-a93d-60f4877b1269/print/,https://lda.gov/api/v1/filings/8b5396bb-badb-4825-a93d-60f4877b1269/,,2026-09-12,d43cc904fd68ce537a576cd2123bc0f11d21e861ea38ff2ee712a9e11272b469
cand-d5522e62fad7,AMERICAN GAS ASSOCIATION,b7cd366c-b55c-4670-86d2-d7691cb3a48e,2008,first_quarter,Q1,2008-01-01,2008-03-31,AMERICAN GAS ASSOCIATION,103560,12,AMERICAN GAS ASSOCIATION,2445,,150000.00,c,Method C - Reporting amounts under section 162(e) of the Internal Revenue Code,expenses,true,2008-04-18T14:32:51-04:00,,https://lda.gov/filings/public/filing/b7cd366c-b55c-4670-86d2-d7691cb3a48e/print/,https://lda.gov/api/v1/filings/b7cd366c-b55c-4670-86d2-d7691cb3a48e/,,2026-09-12,243ab7a824271c01cee4549e6675250830816be15bf0ce491bca01a319d56c3a
cand-d5522e62fad7,AMERICAN GAS ASSOCIATION,c5a4b324-5d6d-4f90-90ac-901c594fe4cd,2008,first_quarter,RR,2008-01-01,2008-03-31,AMERICAN GAS ASSOCIATION,176998,1004898,BROWN RUDNICK LLP,287895,,,,,neither,false,2008-01-11T13:12:32-05:00,,https://lda.gov/filings/public/filing/c5a4b324-5d6d-4f90-90ac-901c594fe4cd/print/,https://lda.gov/api/v1/filings/c5a4b324-5d6d-4f90-90ac-901c594fe4cd/,,2026-09-12,01de1f0b89c70ab39f95e3b127d38adf063dabd8e467a20958a18c947ff34365
cand-d5522e62fad7,AMERICAN GAS ASSOCIATION,4610175e-254b-441f-a18e-f92be227fdd2,2008,second_quarter,Q2,2008-04-01,2008-06-30,AMERICAN GAS ASSOCIATION,165556,113,CAPITOL HILL CONSULTING GROUP,72053,20000.00,,,,income,false,2008-07-09T10:34:13-04:00,,https://lda.gov/filings/public/filing/4610175e-254b-441f-a18e-f92be227fdd2/print/,https://lda.gov/api/v1/filings/4610175e-254b-441f-a18e-f92be227fdd2/,,2026-09-12,341f1077b22c98e96bf66650775630d2ce826724bb0deb485d33280f73aa52c2
cand-d5522e62fad7,AMERICAN GAS ASSOCIATION,481463f4-38ac-4914-90b6-0988804d7bc3,2008,second_quarter,Q2,2008-04-01,2008-06-30,AMERICAN GAS ASSOCIATION,176998,1004898,BROWN RUDNICK LLP,287895,20000.00,,,,income,false,2008-07-18T11:26:43-04:00,,https://lda.gov/filings/public/filing/481463f4-38ac-4914-90b6-0988804d7bc3/print/,https://lda.gov/api/v1/filings/481463f4-38ac-4914-90b6-0988804d7bc3/,,2026-09-12,a4a1d324e692bc757cfb0db81bb4cfcee50959c271ff7f280006192934d1bd04
cand-d5522e62fad7,AMERICAN GAS ASSOCIATION,83e74b37-012c-4aac-9a2b-5807659a815c,2008,second_quarter,Q2,2008-04-01,2008-06-30,AMERICAN GAS ASSOCIATION,103560,12,AMERICAN GAS ASSOCIATION,2445,,220000.00,c,Method C - Reporting amounts under section 162(e) of the Internal Revenue Code,expenses,true,2008-07-21T16:32:04-04:00,,https://lda.gov/filings/public/filing/83e74b37-012c-4aac-9a2b-5807659a815c/print/,https://lda.gov/api/v1/filings/83e74b37-012c-4aac-9a2b-5807659a815c/,,2026-09-12,6f67bc60c351efeaeaf35cd6fb5d0adea56d1cadedde3de7ca74d26d556fe042
cand-d5522e62fad7,AMERICAN GAS ASSOCIATION,c704efd3-2014-448c-826d-0e94bd01cd29,2008,second_quarter,Q2,2008-04-01,2008-06-30,AMERICAN GAS ASSOCIATION,134347,280,NATIONAL ENVIRONMENTAL STRATEGIES,27775,20000.00,,,,income,false,2008-07-18T14:59:20-04:00,,https://lda.gov/filings/public/filing/c704efd3-2014-448c-826d-0e94bd01cd29/print/,https://lda.gov/api/v1/filings/c704efd3-2014-448c-826d-0e94bd01cd29/,,2026-09-12,4efa65faa192ba6b9cf3750bea8f237922828dfcd7a2b434a65d53d0f8942cd5
cand-d5522e62fad7,AMERICAN GAS ASSOCIATION,211e5efd-c6e2-4ede-9db2-86f90f186ef1,2008,third_quarter,Q3,2008-07-01,2008-09-30,AMERICAN GAS ASSOCIATION,165556,113,CAPITOL HILL CONSULTING GROUP,72053,20000.00,,,,income,false,2008-10-17T11:01:16-04:00,,https://lda.gov/filings/public/filing/211e5efd-c6e2-4ede-9db2-86f90f186ef1/print/,https://lda.gov/api/v1/filings/211e5efd-c6e2-4ede-9db2-86f90f186ef1/,,2026-09-12,be18998bd2f53f3e86b7ed337b35086447c3b4860f62981c2219493942589b36
cand-d5522e62fad7,AMERICAN GAS ASSOCIATION,3520c520-a8ff-4207-8a8c-a7aecad7011b,2008,third_quarter,Q3,2008-07-01,2008-09-30,AMERICAN GAS ASSOCIATION,176998,1004898,BROWN RUDNICK LLP,287895,20000.00,,,,income,false,2008-10-17T12:47:47-04:00,,https://lda.gov/filings/public/filing/3520c520-a8ff-4207-8a8c-a7aecad7011b/print/,https://lda.gov/api/v1/filings/3520c520-a8ff-4207-8a8c-a7aecad7011b/,,2026-09-12,a21d38d57dddf87a63161e85739d349114530a58cdd76b10e9229f6b5399c7d9
cand-d5522e62fad7,AMERICAN GAS ASSOCIATION,4046d743-5313-4e50-833d-785fb9fdb89c,2008,third_quarter,Q3,2008-07-01,2008-09-30,AMERICAN GAS ASSOCIATION,103560,12,AMERICAN GAS ASSOCIATION,2445,,170000.00,c,Method C - Reporting amounts under section 162(e) of the Internal Revenue Code,expenses,true,2008-10-17T15:47:37-04:00,,https://lda.gov/filings/public/filing/4046d743-5313-4e50-833d-785fb9fdb89c/print/,https://lda.gov/api/v1/filings/4046d743-5313-4e50-833d-785fb9fdb89c/,,2026-09-12,8dd80052c1eb46d3e60c65e47a7f4a0289644b3b24588e41106162988e7b16a5
cand-d5522e62fad7,AMERICAN GAS ASSOCIATION,e195369f-fc09-4658-bb9b-5ae5de5d4578,2008,third_quarter,Q3,2008-07-01,2008-09-30,AMERICAN GAS ASSOCIATION,134347,280,NATIONAL ENVIRONMENTAL STRATEGIES,27775,20000.00,,,,income,false,2008-10-16T13:31:53-04:00,,https://lda.gov/filings/public/filing/e195369f-fc09-4658-bb9b-5ae5de5d4578/print/,https://lda.gov/api/v1/filings/e195369f-fc09-4658-bb9b-5ae5de5d4578/,,2026-09-12,23476b3c861f77b121929979b5314eab9670c7752689b7fca387e080a6253993
cand-d5522e62fad7,AMERICAN GAS ASSOCIATION,24bdff91-70b3-40c5-a276-0684c8c64ea0,2008,fourth_quarter,Q4,2008-10-01,2008-12-31,AMERICAN GAS ASSOCIATION,176998,1004898,BROWN RUDNICK LLP,287895,20000.00,,,,income,false,2009-01-14T09:52:27-05:00,,https://lda.gov/filings/public/filing/24bdff91-70b3-40c5-a276-0684c8c64ea0/print/,https://lda.gov/api/v1/filings/24bdff91-70b3-40c5-a276-0684c8c64ea0/,,2026-09-12,c0fa36228929258cf7b9070840ddadae7e3c97b06f8819a25c1ba0c1bae62748
cand-d5522e62fad7,AMERICAN GAS ASSOCIATION,60a13d81-0ddc-4284-ad8d-815f86bc07da,2008,fourth_quarter,Q4,2008-10-01,2008-12-31,AMERICAN GAS ASSOCIATION,134347,280,NATIONAL ENVIRONMENTAL STRATEGIES,27775,20000.00,,,,income,false,2009-01-14T11:13:32-05:00,,https://lda.gov/filings/public/filing/60a13d81-0ddc-4284-ad8d-815f86bc07da/print/,https://lda.gov/api/v1/filings/60a13d81-0ddc-4284-ad8d-815f86bc07da/,,2026-09-12,2cf08c0c1d2227395802612bd293d8aa0a6d449d3cbc65301038bbc5a9742e9e
cand-d5522e62fad7,AMERICAN GAS ASSOCIATION,77db7fcf-aedc-4f36-adf0-1a57a8879b7a,2008,fourth_quarter,Q4,2008-10-01,2008-12-31,AMERICAN GAS ASSOCIATION,165556,113,CAPITOL HILL CONSULTING GROUP,72053,20000.00,,,,income,false,2009-01-15T13:26:34-05:00,,https://lda.gov/filings/public/filing/77db7fcf-aedc-4f36-adf0-1a57a8879b7a/print/,https://lda.gov/api/v1/filings/77db7fcf-aedc-4f36-adf0-1a57a8879b7a/,,2026-09-12,1f7d48548e262134d7aa78eb7ae8592b9ce0a7947a388c0bbd6f13bf84d42824
cand-d5522e62fad7,AMERICAN GAS ASSOCIATION,8034f4c6-d1af-4d18-a408-cd14611cb068,2008,fourth_quarter,Q4,2008-10-01,2008-12-31,AMERICAN GAS ASSOCIATION,103560,12,AMERICAN GAS ASSOCIATION,2445,,300000.00,c,Method C - Reporting amounts under section 162(e) of the Internal Revenue Code,expenses,true,2009-01-21T15:35:37-05:00,,https://lda.gov/filings/public/filing/8034f4c6-d1af-4d18-a408-cd14611cb068/print/,https://lda.gov/api/v1/filings/8034f4c6-d1af-4d18-a408-cd14611cb068/,,2026-09-12,e92ca854a1730f628a6855c31552eed450cc74e1557a06898643926b317877b6
cand-f7178708cc78,AMERICAN ASSOCIATION FOR JUSTICE,20c683b7-f75f-46ab-ab43-609699b7c337,2003,mid_year,MM,2003-01-01,2003-06-30,AMERICAN ASSOCIATION FOR JUSTICE,104895,12,AMERICAN ASSOCIATION FOR JUSTICE,4733,,2260000.00,,,expenses,true,2003-08-11T00:00:00-04:00,,https://lda.gov/filings/public/filing/20c683b7-f75f-46ab-ab43-609699b7c337/print/,https://lda.gov/api/v1/filings/20c683b7-f75f-46ab-ab43-609699b7c337/,,2026-09-12,728a8df421b64f40278305b704decd900b379221eee26ae1dc620c23a7a79499
cand-f7178708cc78,AMERICAN ASSOCIATION FOR JUSTICE,27dc1757-7f22-44a3-9187-13b4dc4f5825,2003,mid_year,MM,2003-01-01,2003-06-30,AMERICAN ASSOCIATION FOR JUSTICE,136289,265,SQUIRE PATTON BOGGS,30906,760000.00,,,,income,false,2003-08-14T00:00:00-04:00,,https://lda.gov/filings/public/filing/27dc1757-7f22-44a3-9187-13b4dc4f5825/print/,https://lda.gov/api/v1/filings/27dc1757-7f22-44a3-9187-13b4dc4f5825/,,2026-09-12,012b0f45d2727835fb75a2aa1fe8be8cf7acc8fa7208deeba151b15e1d4c3f6a
cand-f7178708cc78,AMERICAN ASSOCIATION FOR JUSTICE,debb12bf-4fac-4fe5-a490-cc7f09c94ac9,2003,mid_year,MM,2003-01-01,2003-06-30,AMERICAN ASSOCIATION FOR JUSTICE,157880,24,"FORSCEY, PLLC",52880,90000.00,,,,income,false,2003-08-12T00:00:00-04:00,,https://lda.gov/filings/public/filing/debb12bf-4fac-4fe5-a490-cc7f09c94ac9/print/,https://lda.gov/api/v1/filings/debb12bf-4fac-4fe5-a490-cc7f09c94ac9/,,2026-09-12,761990b11125e293d70d9e66e3125af89b81ea3b5376f5a18abfc98468b806ea
cand-f7178708cc78,AMERICAN ASSOCIATION FOR JUSTICE,e6750bf8-ed99-41dc-9c6d-37f460d3cbf2,2003,mid_year,MM,2003-01-01,2003-06-30,AMERICAN ASSOCIATION FOR JUSTICE,169036,330,"NVG, LLC",76833,20000.00,,,,income,false,2003-08-20T00:00:00-04:00,,https://lda.gov/filings/public/filing/e6750bf8-ed99-41dc-9c6d-37f460d3cbf2/print/,https://lda.gov/api/v1/filings/e6750bf8-ed99-41dc-9c6d-37f460d3cbf2/,,2026-09-12,d4ad06560aa465e60cb1bdec8649a585a665e44cba3dbbf3bdeae50c16395b59
cand-f7178708cc78,AMERICAN ASSOCIATION FOR JUSTICE,37502508-389d-4e27-8962-30093cdf825d,2003,year_end,YY,2003-07-01,2003-12-31,AMERICAN ASSOCIATION FOR JUSTICE,157880,24,"FORSCEY, PLLC",52880,160000.00,,,,income,false,2004-02-13T00:00:00-05:00,,https://lda.gov/filings/public/filing/37502508-389d-4e27-8962-30093cdf825d/print/,https://lda.gov/api/v1/filings/37502508-389d-4e27-8962-30093cdf825d/,,2026-09-12,af5b37b5a94c536f309b9458c84b0950006f09618033144286e3f0edd0c5cd35
cand-f7178708cc78,AMERICAN ASSOCIATION FOR JUSTICE,3a8cf433-a935-4a2d-8397-fb15087151d2,2003,year_end,YY,2003-07-01,2003-12-31,AMERICAN ASSOCIATION FOR JUSTICE,169036,330,"NVG, LLC",76833,60000.00,,,,income,false,2004-02-17T00:00:00-05:00,,https://lda.gov/filings/public/filing/3a8cf433-a935-4a2d-8397-fb15087151d2/print/,https://lda.gov/api/v1/filings/3a8cf433-a935-4a2d-8397-fb15087151d2/,,2026-09-12,c92f1bea37a07c5ac1611e07bb2d66a300e2a7c5137eede89b6e5f60b7a1db44
cand-f7178708cc78,AMERICAN ASSOCIATION FOR JUSTICE,bcb55688-3d56-4c98-a546-0730eb923bfa,2003,year_end,YY,2003-07-01,2003-12-31,AMERICAN ASSOCIATION FOR JUSTICE,104895,12,AMERICAN ASSOCIATION FOR JUSTICE,4733,,2380000.00,,,expenses,true,2003-02-24T00:00:00-05:00,,https://lda.gov/filings/public/filing/bcb55688-3d56-4c98-a546-0730eb923bfa/print/,https://lda.gov/api/v1/filings/bcb55688-3d56-4c98-a546-0730eb923bfa/,,2026-09-12,3bfec23959a68728df806d73c2e378b7c9cbae3f77a2225c364344706ba3a1df
cand-f7178708cc78,AMERICAN ASSOCIATION FOR JUSTICE,e958a3ea-8e8b-4fc9-9645-1337ca2eaf25,2003,year_end,YY,2003-07-01,2003-12-31,AMERICAN ASSOCIATION FOR JUSTICE,136289,265,SQUIRE PATTON BOGGS,30906,700000.00,,,,income,false,2004-02-17T00:00:00-05:00,,https://lda.gov/filings/public/filing/e958a3ea-8e8b-4fc9-9645-1337ca2eaf25/print/,https://lda.gov/api/v1/filings/e958a3ea-8e8b-4fc9-9645-1337ca2eaf25/,,2026-09-12,8a63c93131bf34b7f2d0e0ef57928ab4bee101291d097272237abf6f779494fd
cand-f7178708cc78,AMERICAN ASSOCIATION FOR JUSTICE,f721edd5-cb82-4d06-b19b-b5567ffafc16,2003,year_end,RR,2003-07-01,2003-12-31,AMERICAN ASSOCIATION FOR JUSTICE,169036,330,"NVG, LLC",76833,,,,,neither,false,2003-07-17T00:00:00-04:00,,https://lda.gov/filings/public/filing/f721edd5-cb82-4d06-b19b-b5567ffafc16/print/,https://lda.gov/api/v1/filings/f721edd5-cb82-4d06-b19b-b5567ffafc16/,,2026-09-12,76ddb91e8f06abc45a2ea2c46c26ac4f0069ab695a0cbe44596321599fe1da94
cand-f7178708cc78,AMERICAN ASSOCIATION FOR JUSTICE,4be1970e-f72a-48cb-a66e-8065dfd6db8a,2004,mid_year,MM,2004-01-01,2004-06-30,AMERICAN ASSOCIATION FOR JUSTICE,169036,330,"NVG, LLC",76833,80000.00,,,,income,false,2004-08-20T00:00:00-04:00,,https://lda.gov/filings/public/filing/4be1970e-f72a-48cb-a66e-8065dfd6db8a/print/,https://lda.gov/api/v1/filings/4be1970e-f72a-48cb-a66e-8065dfd6db8a/,,2026-09-12,77e34cf46a13cda292dc57d180253d8390bf0e79a3c6847d194fcb9da6ca5d34
cand-f7178708cc78,AMERICAN ASSOCIATION FOR JUSTICE,58071edd-7727-40ba-9cde-9ab6802a1bb8,2004,mid_year,MM,2004-01-01,2004-06-30,AMERICAN ASSOCIATION FOR JUSTICE,157880,24,"FORSCEY, PLLC",52880,100000.00,,,,income,false,2004-08-17T00:00:00-04:00,,https://lda.gov/filings/public/filing/58071edd-7727-40ba-9cde-9ab6802a1bb8/print/,https://lda.gov/api/v1/filings/58071edd-7727-40ba-9cde-9ab6802a1bb8/,,2026-09-12,7de18d189890521f7a95d36833333e8629f75ff0d2096761f145a1c1f1247ee0
cand-f7178708cc78,AMERICAN ASSOCIATION FOR JUSTICE,62371707-d866-4390-90b8-be1795fa2227,2004,mid_year,MM,2004-01-01,2004-06-30,AMERICAN ASSOCIATION FOR JUSTICE,136289,265,SQUIRE PATTON BOGGS,30906,700000.00,,,,income,false,2004-08-16T00:00:00-04:00,,https://lda.gov/filings/public/filing/62371707-d866-4390-90b8-be1795fa2227/print/,https://lda.gov/api/v1/filings/62371707-d866-4390-90b8-be1795fa2227/,,2026-09-12,6848e34a4c11100702a3db4491f79b170bdaba005f4f77ce64cdf1f3c39ead27
cand-f7178708cc78,AMERICAN ASSOCIATION FOR JUSTICE,be8cff78-e35b-434c-aaf5-82575c89cedf,2004,mid_year,MM,2004-01-01,2004-06-30,AMERICAN ASSOCIATION FOR JUSTICE,104895,12,AMERICAN ASSOCIATION FOR JUSTICE,4733,,2940000.00,,,expenses,true,2004-08-06T00:00:00-04:00,,https://lda.gov/filings/public/filing/be8cff78-e35b-434c-aaf5-82575c89cedf/print/,https://lda.gov/api/v1/filings/be8cff78-e35b-434c-aaf5-82575c89cedf/,,2026-09-12,aeadc69ab900961e9f1c72898733e898b4d4947db3cec44dc8b5026a48f75e29
cand-f7178708cc78,AMERICAN ASSOCIATION FOR JUSTICE,72fc2b87-eddd-490e-8c80-44de702686f1,2004,year_end,YY,2004-07-01,2004-12-31,AMERICAN ASSOCIATION FOR JUSTICE,169036,330,"NVG, LLC",76833,80000.00,,,,income,false,2005-02-14T00:00:00-05:00,,https://lda.gov/filings/public/filing/72fc2b87-eddd-490e-8c80-44de702686f1/print/,https://lda.gov/api/v1/filings/72fc2b87-eddd-490e-8c80-44de702686f1/,,2026-09-12,1347705b2ff2ee7a278cc1881f0bda7e2b9c26de28c7ec7d3e89ef06c0ec2f22
cand-f7178708cc78,AMERICAN ASSOCIATION FOR JUSTICE,97617617-9e94-4835-bee6-30132efe19e6,2004,year_end,YY,2004-07-01,2004-12-31,AMERICAN ASSOCIATION FOR JUSTICE,136289,265,SQUIRE PATTON BOGGS,30906,660000.00,,,,income,false,2005-02-14T00:00:00-05:00,,https://lda.gov/filings/public/filing/97617617-9e94-4835-bee6-30132efe19e6/print/,https://lda.gov/api/v1/filings/97617617-9e94-4835-bee6-30132efe19e6/,,2026-09-12,d79fae25bd264b3ef87db0d9f2acae6411d0b8ddb5c1fe14c7533d3f01132067
cand-f7178708cc78,AMERICAN ASSOCIATION FOR JUSTICE,9a33e7a1-8b31-4dca-bb13-029e0cb549f8,2004,year_end,YY,2004-07-01,2004-12-31,AMERICAN ASSOCIATION FOR JUSTICE,157880,24,"FORSCEY, PLLC",52880,120000.00,,,,income,false,2005-02-16T00:00:00-05:00,,https://lda.gov/filings/public/filing/9a33e7a1-8b31-4dca-bb13-029e0cb549f8/print/,https://lda.gov/api/v1/filings/9a33e7a1-8b31-4dca-bb13-029e0cb549f8/,,2026-09-12,604f89bc08238345d617dc74350e0d8d61a0d81572885fca84c22b4452818844
cand-f7178708cc78,AMERICAN ASSOCIATION FOR JUSTICE,dd2fcf96-0330-44e3-ae02-f911f8a7b694,2004,year_end,YY,2004-07-01,2004-12-31,AMERICAN ASSOCIATION FOR JUSTICE,104895,12,AMERICAN ASSOCIATION FOR JUSTICE,4733,,2340000.00,,,expenses,true,2005-02-14T00:00:00-05:00,,https://lda.gov/filings/public/filing/dd2fcf96-0330-44e3-ae02-f911f8a7b694/print/,https://lda.gov/api/v1/filings/dd2fcf96-0330-44e3-ae02-f911f8a7b694/,,2026-09-12,6c586610772e8678d26dfb8303f192547157ee0539d119ea2f2835248494c1d3
cand-f7178708cc78,AMERICAN ASSOCIATION FOR JUSTICE,78eafdbb-4cfa-4b27-ba1b-f29b6fdb87da,2005,mid_year,MM,2005-01-01,2005-06-30,AMERICAN ASSOCIATION FOR JUSTICE,157880,24,"FORSCEY, PLLC",52880,120000.00,,,,income,false,2005-08-02T00:00:00-04:00,,https://lda.gov/filings/public/filing/78eafdbb-4cfa-4b27-ba1b-f29b6fdb87da/print/,https://lda.gov/api/v1/filings/78eafdbb-4cfa-4b27-ba1b-f29b6fdb87da/,,2026-09-12,37d3612e2e6badd377a4af806cf79144024ccf2406826efe254ebbaf31f6fcf0
cand-f7178708cc78,AMERICAN ASSOCIATION FOR JUSTICE,84474d21-427e-4bd8-aa25-79bc54c2bd5e,2005,mid_year,MM,2005-01-01,2005-06-30,AMERICAN ASSOCIATION FOR JUSTICE,169036,330,"NVG, LLC",76833,60000.00,,,,income,false,2005-06-16T00:00:00-04:00,,https://lda.gov/filings/public/filing/84474d21-427e-4bd8-aa25-79bc54c2bd5e/print/,https://lda.gov/api/v1/filings/84474d21-427e-4bd8-aa25-79bc54c2bd5e/,,2026-09-12,ee59257c6b0245b7e1d75aa6d0c391749ba7e699e6a90fe2e9ece426e84c685e
cand-f7178708cc78,AMERICAN ASSOCIATION FOR JUSTICE,8e4c1558-6449-4e73-bb00-5ec8a927f015,2005,mid_year,RR,2005-01-01,2005-06-30,AMERICAN ASSOCIATION FOR JUSTICE,169036,330,"NVG, LLC",76833,,,,,neither,false,2005-04-21T00:00:00-04:00,,https://lda.gov/filings/public/filing/8e4c1558-6449-4e73-bb00-5ec8a927f015/print/,https://lda.gov/api/v1/filings/8e4c1558-6449-4e73-bb00-5ec8a927f015/,,2026-09-12,6e0dfa5ad37e4f155067432a7f3c3b9f4a88d47c93cc236ccf4640757f01cf27
cand-f7178708cc78,AMERICAN ASSOCIATION FOR JUSTICE,ab23db46-1c9b-4509-a0e5-96ba7cac6c6d,2005,mid_year,MM,2005-01-01,2005-06-30,AMERICAN ASSOCIATION FOR JUSTICE,136289,265,SQUIRE PATTON BOGGS,30906,1300000.00,,,,income,false,2005-08-16T00:00:00-04:00,,https://lda.gov/filings/public/filing/ab23db46-1c9b-4509-a0e5-96ba7cac6c6d/print/,https://lda.gov/api/v1/filings/ab23db46-1c9b-4509-a0e5-96ba7cac6c6d/,,2026-09-12,f1310df839c0cf710e305fe66dd2dba8cbff34908f2b1dcb64ea72fabc8a640d
cand-f7178708cc78,AMERICAN ASSOCIATION FOR JUSTICE,d72204ef-692a-4b5f-a757-b480ccd9c646,2005,mid_year,MA,2005-01-01,2005-06-30,AMERICAN ASSOCIATION FOR JUSTICE,104895,12,AMERICAN ASSOCIATION FOR JUSTICE,4733,,4020000.00,,,expenses,true,2005-08-15T00:00:00-04:00,,https://lda.gov/filings/public/filing/d72204ef-692a-4b5f-a757-b480ccd9c646/print/,https://lda.gov/api/v1/filings/d72204ef-692a-4b5f-a757-b480ccd9c646/,,2026-09-12,f29bf75e206ab2e4dcaae26bac47d010d4eba55437baf90709a102d259fb90b7
cand-f7178708cc78,AMERICAN ASSOCIATION FOR JUSTICE,dfa590db-e37c-4b60-8789-1c2eae90add0,2005,mid_year,MM,2005-01-01,2005-06-30,AMERICAN ASSOCIATION FOR JUSTICE,169036,330,"NVG, LLC",76833,60000.00,,,,income,false,2005-06-16T00:00:00-04:00,,https://lda.gov/filings/public/filing/dfa590db-e37c-4b60-8789-1c2eae90add0/print/,https://lda.gov/api/v1/filings/dfa590db-e37c-4b60-8789-1c2eae90add0/,,2026-09-12,6e354ba11e0e8966f3d5993920401700d0774f2278b6b8e832ecf879b6ef80cc
cand-f7178708cc78,AMERICAN ASSOCIATION FOR JUSTICE,e8171441-7e83-4c9e-b896-51e57a851cc7,2005,mid_year,MM,2005-01-01,2005-06-30,AMERICAN ASSOCIATION FOR JUSTICE,104895,12,AMERICAN ASSOCIATION FOR JUSTICE,4733,,4020000.00,,,expenses,true,2005-08-11T00:00:00-04:00,,https://lda.gov/filings/public/filing/e8171441-7e83-4c9e-b896-51e57a851cc7/print/,https://lda.gov/api/v1/filings/e8171441-7e83-4c9e-b896-51e57a851cc7/,,2026-09-12,432bbbca91f4eebb13ff987617e58357821ddba8ce4e17d4c27f1810e1a9eb2b
cand-f7178708cc78,AMERICAN ASSOCIATION FOR JUSTICE,0b1025dd-bcc3-4bed-bedf-e712f961e88a,2005,year_end,YY,2005-07-01,2005-12-31,AMERICAN ASSOCIATION FOR JUSTICE,136289,265,SQUIRE PATTON BOGGS,30906,920000.00,,,,income,false,2006-02-13T00:00:00-05:00,,https://lda.gov/filings/public/filing/0b1025dd-bcc3-4bed-bedf-e712f961e88a/print/,https://lda.gov/api/v1/filings/0b1025dd-bcc3-4bed-bedf-e712f961e88a/,,2026-09-12,fe381e5c1bb21de2e63803611ee057c45adfbdc823044dc89aff2670cbd1d83e
cand-f7178708cc78,AMERICAN ASSOCIATION FOR JUSTICE,3483ffb1-f1f4-418c-80b5-abf75ba0d024,2005,year_end,YY,2005-07-01,2005-12-31,AMERICAN ASSOCIATION FOR JUSTICE,104895,12,AMERICAN ASSOCIATION FOR JUSTICE,4733,,3220000.00,,,expenses,true,2006-02-07T00:00:00-05:00,,https://lda.gov/filings/public/filing/3483ffb1-f1f4-418c-80b5-abf75ba0d024/print/,https://lda.gov/api/v1/filings/3483ffb1-f1f4-418c-80b5-abf75ba0d024/,,2026-09-12,9d1723a452bd9e6118c30b70a4dee5b98ef4f0c4504b7fcdbc7b246aedd38c77
cand-f7178708cc78,AMERICAN ASSOCIATION FOR JUSTICE,b53db4eb-a3e2-465a-91b4-51e10da90408,2005,year_end,YY,2005-07-01,2005-12-31,AMERICAN ASSOCIATION FOR JUSTICE,169036,330,"NVG, LLC",76833,100000.00,,,,income,false,2006-02-08T00:00:00-05:00,,https://lda.gov/filings/public/filing/b53db4eb-a3e2-465a-91b4-51e10da90408/print/,https://lda.gov/api/v1/filings/b53db4eb-a3e2-465a-91b4-51e10da90408/,,2026-09-12,254fe9354029fa5d858dbc169bfda5159e7054327b19213e96f1188e78aabcd3
cand-f7178708cc78,AMERICAN ASSOCIATION FOR JUSTICE,cda90ce4-487d-415a-98d9-535be41f6b94,2005,year_end,YY,2005-07-01,2005-12-31,AMERICAN ASSOCIATION FOR JUSTICE,169036,330,"NVG, LLC",76833,60000.00,,,,income,false,2006-02-08T00:00:00-05:00,,https://lda.gov/filings/public/filing/cda90ce4-487d-415a-98d9-535be41f6b94/print/,https://lda.gov/api/v1/filings/cda90ce4-487d-415a-98d9-535be41f6b94/,,2026-09-12,bac20ec5620120850d1a2d68d5910dfe9f636f9be5384ed487cf7b312b9f405a
cand-f7178708cc78,AMERICAN ASSOCIATION FOR JUSTICE,f2149aff-c82a-4f44-bd11-25ca1d96d473,2005,year_end,YY,2005-07-01,2005-12-31,AMERICAN ASSOCIATION FOR JUSTICE,157880,24,"FORSCEY, PLLC",52880,140000.00,,,,income,false,2006-05-03T00:00:00-04:00,,https://lda.gov/filings/public/filing/f2149aff-c82a-4f44-bd11-25ca1d96d473/print/,https://lda.gov/api/v1/filings/f2149aff-c82a-4f44-bd11-25ca1d96d473/,,2026-09-12,4a05ca9a763485746122654fd3064ab914920a4a71a6a0f8ff0461f0b8d83dc1
cand-f7178708cc78,AMERICAN ASSOCIATION FOR JUSTICE,028b723f-9f4d-4bf8-84ac-d4e2ada21944,2006,mid_year,MM,2006-01-01,2006-06-30,AMERICAN ASSOCIATION FOR JUSTICE,136289,265,SQUIRE PATTON BOGGS,30906,920000.00,,,,income,false,2006-08-09T00:00:00-04:00,,https://lda.gov/filings/public/filing/028b723f-9f4d-4bf8-84ac-d4e2ada21944/print/,https://lda.gov/api/v1/filings/028b723f-9f4d-4bf8-84ac-d4e2ada21944/,,2026-09-12,a58c3fae48c69751099bcac6308316e85df84e8692ab1fe5f5f196d31a679e19
cand-f7178708cc78,AMERICAN ASSOCIATION FOR JUSTICE,419c61e4-64da-463f-9e0b-9a9e88051460,2006,mid_year,MM,2006-01-01,2006-06-30,AMERICAN ASSOCIATION FOR JUSTICE,104895,12,AMERICAN ASSOCIATION FOR JUSTICE,4733,,3420000.00,,,expenses,true,2006-08-07T00:00:00-04:00,,https://lda.gov/filings/public/filing/419c61e4-64da-463f-9e0b-9a9e88051460/print/,https://lda.gov/api/v1/filings/419c61e4-64da-463f-9e0b-9a9e88051460/,,2026-09-12,a0a9eb541e1ae34c6b1f55da4d6d4d13b8e86d1e2ff46d46eb612f1005c08790
cand-f7178708cc78,AMERICAN ASSOCIATION FOR JUSTICE,70676224-e4e0-4a06-8afb-ab7737eacae9,2006,mid_year,MM,2006-01-01,2006-06-30,AMERICAN ASSOCIATION FOR JUSTICE,169036,330,"NVG, LLC",76833,60000.00,,,,income,false,2006-08-22T00:00:00-04:00,,https://lda.gov/filings/public/filing/70676224-e4e0-4a06-8afb-ab7737eacae9/print/,https://lda.gov/api/v1/filings/70676224-e4e0-4a06-8afb-ab7737eacae9/,,2026-09-12,921ecd2e8d67fab396ce4772b1d85029c5a4c38fb6ba442133dace1cf685fd15
cand-f7178708cc78,AMERICAN ASSOCIATION FOR JUSTICE,82782f8c-e4d4-4eee-89bb-1b36b23d0278,2006,mid_year,MM,2006-01-01,2006-06-30,AMERICAN ASSOCIATION FOR JUSTICE,169036,330,"NVG, LLC",76833,100000.00,,,,income,false,2006-08-22T00:00:00-04:00,,https://lda.gov/filings/public/filing/82782f8c-e4d4-4eee-89bb-1b36b23d0278/print/,https://lda.gov/api/v1/filings/82782f8c-e4d4-4eee-89bb-1b36b23d0278/,,2026-09-12,05f6a71da6665d913f17c486b40bd7787894a58d5cff7156ed46a7c4684ffb53
cand-f7178708cc78,AMERICAN ASSOCIATION FOR JUSTICE,b35ba353-e9c4-4a3f-ba80-d6d9347b5a09,2006,mid_year,MM,2006-01-01,2006-06-30,AMERICAN ASSOCIATION FOR JUSTICE,157880,24,"FORSCEY, PLLC",52880,100000.00,,,,income,false,2006-08-02T00:00:00-04:00,,https://lda.gov/filings/public/filing/b35ba353-e9c4-4a3f-ba80-d6d9347b5a09/print/,https://lda.gov/api/v1/filings/b35ba353-e9c4-4a3f-ba80-d6d9347b5a09/,,2026-09-12,72afd7dbececab3a0ef58e530065ffde680f15a0a9181f075c735d3dcb61b556
cand-f7178708cc78,AMERICAN ASSOCIATION FOR JUSTICE,2d1c91a8-0d49-4121-a930-a8d0181a8396,2006,year_end,YY,2006-07-01,2006-12-31,AMERICAN ASSOCIATION FOR JUSTICE,169036,330,"NVG, LLC",76833,60000.00,,,,income,false,2007-02-12T14:37:46-05:00,,https://lda.gov/filings/public/filing/2d1c91a8-0d49-4121-a930-a8d0181a8396/print/,https://lda.gov/api/v1/filings/2d1c91a8-0d49-4121-a930-a8d0181a8396/,,2026-09-12,5bf6c2bff0db03d6c97bb967182f9589d50c81ecba68e1656c8c2a579f2c9129
cand-f7178708cc78,AMERICAN ASSOCIATION FOR JUSTICE,5879e974-425e-4b77-87ae-69d2d5862b6f,2006,year_end,YY,2006-07-01,2006-12-31,AMERICAN ASSOCIATION FOR JUSTICE,157880,24,"FORSCEY, PLLC",52880,120000.00,,,,income,false,2007-02-05T12:04:33-05:00,,https://lda.gov/filings/public/filing/5879e974-425e-4b77-87ae-69d2d5862b6f/print/,https://lda.gov/api/v1/filings/5879e974-425e-4b77-87ae-69d2d5862b6f/,,2026-09-12,f2bd3f32aa8d8004ab2b1f15ed07a850b4fed5bbe44ed4ba97721e6ad1789fd8
cand-f7178708cc78,AMERICAN ASSOCIATION FOR JUSTICE,6e46bb1a-eacb-47a0-96d1-d671f2b04cd9,2006,year_end,YY,2006-07-01,2006-12-31,AMERICAN ASSOCIATION FOR JUSTICE,169036,330,"NVG, LLC",76833,100000.00,,,,income,false,2007-02-12T15:30:43-05:00,,https://lda.gov/filings/public/filing/6e46bb1a-eacb-47a0-96d1-d671f2b04cd9/print/,https://lda.gov/api/v1/filings/6e46bb1a-eacb-47a0-96d1-d671f2b04cd9/,,2026-09-12,bdf27d89fb754d4c700d13faf487f8e6f227b20e34a72926cef22808ec81aa3f
cand-f7178708cc78,AMERICAN ASSOCIATION FOR JUSTICE,9cd4a502-7cf5-4359-9724-9e960c37deab,2006,year_end,YY,2006-07-01,2006-12-31,AMERICAN ASSOCIATION FOR JUSTICE,104895,12,AMERICAN ASSOCIATION FOR JUSTICE,4733,,3175738.00,,,expenses,true,2007-01-24T00:00:00-05:00,,https://lda.gov/filings/public/filing/9cd4a502-7cf5-4359-9724-9e960c37deab/print/,https://lda.gov/api/v1/filings/9cd4a502-7cf5-4359-9724-9e960c37deab/,,2026-09-12,28bb5b55f45aced0db7c16e480b63778a4234d39293f04bcf5d376524c08fc76
cand-f7178708cc78,AMERICAN ASSOCIATION FOR JUSTICE,acc99e68-4677-4bd1-8106-a94f2e9e7147,2006,year_end,YY,2006-07-01,2006-12-31,AMERICAN ASSOCIATION FOR JUSTICE,136289,265,SQUIRE PATTON BOGGS,30906,480000.00,,,,income,false,2007-02-14T11:15:46-05:00,,https://lda.gov/filings/public/filing/acc99e68-4677-4bd1-8106-a94f2e9e7147/print/,https://lda.gov/api/v1/filings/acc99e68-4677-4bd1-8106-a94f2e9e7147/,,2026-09-12,3a6b51ade59b632ac131640577754d9ff237ad1572825b8241e4118d2ed2c28a
cand-f7178708cc78,AMERICAN ASSOCIATION FOR JUSTICE,18227801-60a1-4a29-adc6-ef2292d3d0cd,2007,mid_year,MM,2007-01-01,2007-06-30,AMERICAN ASSOCIATION FOR JUSTICE,104895,12,AMERICAN ASSOCIATION FOR JUSTICE,4733,,3060000.00,,,expenses,true,2007-07-27T00:00:00-04:00,,https://lda.gov/filings/public/filing/18227801-60a1-4a29-adc6-ef2292d3d0cd/print/,https://lda.gov/api/v1/filings/18227801-60a1-4a29-adc6-ef2292d3d0cd/,,2026-09-12,2e94ff2140f8a24a1be19ea62cd67da4a76a25d80e3ce2a57d49650ff009f14c
cand-f7178708cc78,AMERICAN ASSOCIATION FOR JUSTICE,46e39a47-207f-4f89-a97a-08855550d626,2007,mid_year,MM,2007-01-01,2007-06-30,AMERICAN ASSOCIATION FOR JUSTICE,115785,1002750,CUNEO GILBERT FLANNERY & LADUCA (FORMERLY KNOWN AS CUNEO GILBERT & LADUCA),11481,40000.00,,,,income,false,2007-08-10T15:59:20-04:00,,https://lda.gov/filings/public/filing/46e39a47-207f-4f89-a97a-08855550d626/print/,https://lda.gov/api/v1/filings/46e39a47-207f-4f89-a97a-08855550d626/,,2026-09-12,88d4db7e6313a5fdf8fcb806da1981a12e134f8b43daf4972f4174eb31ae3125
cand-f7178708cc78,AMERICAN ASSOCIATION FOR JUSTICE,ac20d112-f3a3-4c5f-8568-565e61e6d083,2007,mid_year,MM,2007-01-01,2007-06-30,AMERICAN ASSOCIATION FOR JUSTICE,136289,265,SQUIRE PATTON BOGGS,30906,860000.00,,,,income,false,2007-08-12T07:09:56-04:00,,https://lda.gov/filings/public/filing/ac20d112-f3a3-4c5f-8568-565e61e6d083/print/,https://lda.gov/api/v1/filings/ac20d112-f3a3-4c5f-8568-565e61e6d083/,,2026-09-12,a0268b4c88b6b5b0d3e7d18b9eabb812bd622f7bc6423d3364dd80cd7a1562d8
cand-f7178708cc78,AMERICAN ASSOCIATION FOR JUSTICE,b7cbb7ae-37f9-438f-be19-9131c9fe1ea8,2007,mid_year,MM,2007-01-01,2007-06-30,AMERICAN ASSOCIATION FOR JUSTICE,169036,330,"NVG, LLC",76833,100000.00,,,,income,false,2007-08-13T12:36:30-04:00,,https://lda.gov/filings/public/filing/b7cbb7ae-37f9-438f-be19-9131c9fe1ea8/print/,https://lda.gov/api/v1/filings/b7cbb7ae-37f9-438f-be19-9131c9fe1ea8/,,2026-09-12,23024cf65247294a14a5127099cc6078fc139d3edb2257ad82f1c7fa2dc93fa9
cand-f7178708cc78,AMERICAN ASSOCIATION FOR JUSTICE,c19a316f-abef-42c0-a06c-05e6a46be749,2007,mid_year,M@,2007-01-01,2007-06-30,AMERICAN ASSOCIATION FOR JUSTICE,169036,330,"NVG, LLC",76833,80000.00,,,,income,false,2007-08-14T16:48:48-04:00,,https://lda.gov/filings/public/filing/c19a316f-abef-42c0-a06c-05e6a46be749/print/,https://lda.gov/api/v1/filings/c19a316f-abef-42c0-a06c-05e6a46be749/,,2026-09-12,edfa56401c5853436d020a9242cef8aa7b9bde6462d3f817bcef4931292fc9fb
cand-f7178708cc78,AMERICAN ASSOCIATION FOR JUSTICE,d4474fe7-5d0e-42fd-9ca1-d38811f607fd,2007,mid_year,MM,2007-01-01,2007-06-30,AMERICAN ASSOCIATION FOR JUSTICE,157880,24,"FORSCEY, PLLC",52880,120000.00,,,,income,false,2007-08-03T11:41:47-04:00,,https://lda.gov/filings/public/filing/d4474fe7-5d0e-42fd-9ca1-d38811f607fd/print/,https://lda.gov/api/v1/filings/d4474fe7-5d0e-42fd-9ca1-d38811f607fd/,,2026-09-12,eeb02fb285f2469d05fa0a904467dffe1ac02ce238856b68034c1cbe490824b5
cand-f7178708cc78,AMERICAN ASSOCIATION FOR JUSTICE,19727676-504f-42ac-928a-2f15e5d3effd,2007,year_end,YY,2007-07-01,2007-12-31,AMERICAN ASSOCIATION FOR JUSTICE,115785,1002750,CUNEO GILBERT FLANNERY & LADUCA (FORMERLY KNOWN AS CUNEO GILBERT & LADUCA),11481,80000.00,,,,income,false,2009-01-06T12:28:42-05:00,,https://lda.gov/filings/public/filing/19727676-504f-42ac-928a-2f15e5d3effd/print/,https://lda.gov/api/v1/filings/19727676-504f-42ac-928a-2f15e5d3effd/,,2026-09-12,04f8653ef837d3d678951bd5b27f60f836ad32c53a077c9f6afe47528c05fb08
cand-f7178708cc78,AMERICAN ASSOCIATION FOR JUSTICE,390a3146-3b77-4ecd-afde-97cfbd9ee5b5,2007,year_end,YY,2007-07-01,2007-12-31,AMERICAN ASSOCIATION FOR JUSTICE,104895,12,AMERICAN ASSOCIATION FOR JUSTICE,4733,,2680000.00,,,expenses,true,2008-02-05T12:41:40.020000-05:00,,https://lda.gov/filings/public/filing/390a3146-3b77-4ecd-afde-97cfbd9ee5b5/print/,https://lda.gov/api/v1/filings/390a3146-3b77-4ecd-afde-97cfbd9ee5b5/,,2026-09-12,aeff3d24a33e2ab3c98a86ae60ca9ebcf8415b1736fcd68c5989ce1b1997d611
cand-f7178708cc78,AMERICAN ASSOCIATION FOR JUSTICE,3ca9400c-73f5-430d-b1b2-d2411fcdd318,2007,year_end,YY,2007-07-01,2007-12-31,AMERICAN ASSOCIATION FOR JUSTICE,169036,330,"NVG, LLC",76833,80000.00,,,,income,false,2008-02-13T11:48:30.290000-05:00,,https://lda.gov/filings/public/filing/3ca9400c-73f5-430d-b1b2-d2411fcdd318/print/,https://lda.gov/api/v1/filings/3ca9400c-73f5-430d-b1b2-d2411fcdd318/,,2026-09-12,1a77ef38cf732cf9827e6f2b8f5ea5b96ad5c5e0e8c7f7a91576508f8691f293
cand-f7178708cc78,AMERICAN ASSOCIATION FOR JUSTICE,6f470e89-aff3-4557-a09e-e99d7f565762,2007,year_end,YY,2007-07-01,2007-12-31,AMERICAN ASSOCIATION FOR JUSTICE,136289,265,SQUIRE PATTON BOGGS,30906,460000.00,,,,income,false,2008-02-14T11:18:45-05:00,,https://lda.gov/filings/public/filing/6f470e89-aff3-4557-a09e-e99d7f565762/print/,https://lda.gov/api/v1/filings/6f470e89-aff3-4557-a09e-e99d7f565762/,,2026-09-12,50b31c36ca9ce8949e4b24e9ef3aa073c82021263d7a057c1fdb5ef587fe9651
cand-f7178708cc78,AMERICAN ASSOCIATION FOR JUSTICE,9abf919a-893d-4e68-a4fc-4358f57b2f9b,2007,year_end,RR,2007-07-01,2007-12-31,AMERICAN ASSOCIATION FOR JUSTICE,115785,1002750,CUNEO GILBERT FLANNERY & LADUCA (FORMERLY KNOWN AS CUNEO GILBERT & LADUCA),11481,,,,,neither,false,2007-07-05T16:53:51-04:00,,https://lda.gov/filings/public/filing/9abf919a-893d-4e68-a4fc-4358f57b2f9b/print/,https://lda.gov/api/v1/filings/9abf919a-893d-4e68-a4fc-4358f57b2f9b/,,2026-09-12,0008390dfab7006d47fd7425fa9944a4327a03a306997664337bdd77d3846e5e
cand-f7178708cc78,AMERICAN ASSOCIATION FOR JUSTICE,ea3ab2ad-221c-483a-877e-42b08a7d1d52,2007,year_end,YY,2007-07-01,2007-12-31,AMERICAN ASSOCIATION FOR JUSTICE,157880,24,"FORSCEY, PLLC",52880,120000.00,,,,income,false,2008-01-26T15:29:01.693000-05:00,,https://lda.gov/filings/public/filing/ea3ab2ad-221c-483a-877e-42b08a7d1d52/print/,https://lda.gov/api/v1/filings/ea3ab2ad-221c-483a-877e-42b08a7d1d52/,,2026-09-12,0e8959fdf328eb502f72696617474d5addf925fcbb47f7ee076ee9738bab3f6a
cand-f7178708cc78,AMERICAN ASSOCIATION FOR JUSTICE,29f9d6e5-839a-417b-9ddb-d0c151fbecf9,2008,first_quarter,Q1,2008-01-01,2008-03-31,AMERICAN ASSOCIATION FOR JUSTICE,136289,265,SQUIRE PATTON BOGGS,30906,260000.00,,,,income,false,2008-04-29T13:13:13-04:00,,https://lda.gov/filings/public/filing/29f9d6e5-839a-417b-9ddb-d0c151fbecf9/print/,https://lda.gov/api/v1/filings/29f9d6e5-839a-417b-9ddb-d0c151fbecf9/,,2026-09-12,a9aec2dab63bdf24b26c209c2919be58c50ff22322c5681b35e674ec928a53db
cand-f7178708cc78,AMERICAN ASSOCIATION FOR JUSTICE,2ea34f2d-af95-43e1-a34f-597983da56e8,2008,first_quarter,Q1,2008-01-01,2008-03-31,AMERICAN ASSOCIATION FOR JUSTICE,169036,330,"NVG, LLC",76833,50000.00,,,,income,false,2008-04-18T16:10:06-04:00,,https://lda.gov/filings/public/filing/2ea34f2d-af95-43e1-a34f-597983da56e8/print/,https://lda.gov/api/v1/filings/2ea34f2d-af95-43e1-a34f-597983da56e8/,,2026-09-12,d04b26bfdbe4d0b5d84820c55430e0ad59ab5a30716ecf2f60c04d40a9c24605
cand-f7178708cc78,AMERICAN ASSOCIATION FOR JUSTICE,3b17e9e8-061f-4d09-aca8-e1de30ff8d7b,2008,first_quarter,Q1,2008-01-01,2008-03-31,AMERICAN ASSOCIATION FOR JUSTICE,104895,12,AMERICAN ASSOCIATION FOR JUSTICE,4733,,1130000.00,a,Method A - Reporting amounts using LDA definitions only,expenses,true,2008-04-15T15:04:45-04:00,,https://lda.gov/filings/public/filing/3b17e9e8-061f-4d09-aca8-e1de30ff8d7b/print/,https://lda.gov/api/v1/filings/3b17e9e8-061f-4d09-aca8-e1de30ff8d7b/,,2026-09-12,23579e84528c0b92e1ed4d9f1155a59dde91a4e929b3a89cfa38e776ff13337a
cand-f7178708cc78,AMERICAN ASSOCIATION FOR JUSTICE,3c7501f8-09f0-4f25-a3f8-8d215d122e43,2008,first_quarter,Q1,2008-01-01,2008-03-31,AMERICAN ASSOCIATION FOR JUSTICE,115785,1002750,CUNEO GILBERT FLANNERY & LADUCA (FORMERLY KNOWN AS CUNEO GILBERT & LADUCA),11481,40000.00,,,,income,false,2008-04-18T14:44:18-04:00,,https://lda.gov/filings/public/filing/3c7501f8-09f0-4f25-a3f8-8d215d122e43/print/,https://lda.gov/api/v1/filings/3c7501f8-09f0-4f25-a3f8-8d215d122e43/,,2026-09-12,bf0df3bb6cef91093bfa96ef4e65f92e307632f9db5009bc7d6aabbaf592c77d
cand-f7178708cc78,AMERICAN ASSOCIATION FOR JUSTICE,f0c705e4-b161-438d-aa60-662711536cbd,2008,first_quarter,RR,2008-01-01,2008-03-31,AMERICAN ASSOCIATION FOR JUSTICE,125733,1611,PALMETTO GROUP,18570,,,,,neither,false,2008-03-13T11:40:59-04:00,,https://lda.gov/filings/public/filing/f0c705e4-b161-438d-aa60-662711536cbd/print/,https://lda.gov/api/v1/filings/f0c705e4-b161-438d-aa60-662711536cbd/,,2026-09-12,66b944fe46693c6e6b3030c4d532a9288b2f69e3aaa7d6ba8f6cb790e223db9f
cand-f7178708cc78,AMERICAN ASSOCIATION FOR JUSTICE,f83fc609-6500-4843-90fe-08275bc86424,2008,first_quarter,Q1,2008-01-01,2008-03-31,AMERICAN ASSOCIATION FOR JUSTICE,157880,24,"FORSCEY, PLLC",52880,50000.00,,,,income,false,2008-04-15T17:05:13-04:00,,https://lda.gov/filings/public/filing/f83fc609-6500-4843-90fe-08275bc86424/print/,https://lda.gov/api/v1/filings/f83fc609-6500-4843-90fe-08275bc86424/,,2026-09-12,ba32c24c5ea0a86e1143e0e5b1ce53f5f5a1bfe72f74a399e43f224f47b45753
cand-f7178708cc78,AMERICAN ASSOCIATION FOR JUSTICE,f8779c4f-3527-4db1-bf8d-a6cb88298d1b,2008,first_quarter,Q1,2008-01-01,2008-03-31,AMERICAN ASSOCIATION FOR JUSTICE,125733,1611,PALMETTO GROUP,18570,25000.00,,,,income,false,2008-04-14T16:48:50-04:00,,https://lda.gov/filings/public/filing/f8779c4f-3527-4db1-bf8d-a6cb88298d1b/print/,https://lda.gov/api/v1/filings/f8779c4f-3527-4db1-bf8d-a6cb88298d1b/,,2026-09-12,df4a1b05534c3fae4523eaec32a8eba72834d6f6f3d580026cf3da20b1a1c246
cand-f7178708cc78,AMERICAN ASSOCIATION FOR JUSTICE,0470c414-abdd-441f-9b81-2cb54609f9c5,2008,second_quarter,2A,2008-04-01,2008-06-30,AMERICAN ASSOCIATION FOR JUSTICE,115785,1002750,CUNEO GILBERT FLANNERY & LADUCA (FORMERLY KNOWN AS CUNEO GILBERT & LADUCA),11481,40000.00,,,,income,false,2008-07-25T11:50:08-04:00,,https://lda.gov/filings/public/filing/0470c414-abdd-441f-9b81-2cb54609f9c5/print/,https://lda.gov/api/v1/filings/0470c414-abdd-441f-9b81-2cb54609f9c5/,,2026-09-12,6c238fd5b1b44988e8638e9c700a2a8099f9f1b55297af2c9c82f5f3eee3c91c
cand-f7178708cc78,AMERICAN ASSOCIATION FOR JUSTICE,08ee0987-daaa-448b-b481-61bf549553a3,2008,second_quarter,Q2,2008-04-01,2008-06-30,AMERICAN ASSOCIATION FOR JUSTICE,136289,265,SQUIRE PATTON BOGGS,30906,300000.00,,,,income,false,2008-07-19T16:43:44-04:00,,https://lda.gov/filings/public/filing/08ee0987-daaa-448b-b481-61bf549553a3/print/,https://lda.gov/api/v1/filings/08ee0987-daaa-448b-b481-61bf549553a3/,,2026-09-12,0f383cd297e9d6cb5758d416c3f148173c3c789f31aaed063348355b12ce199d
cand-f7178708cc78,AMERICAN ASSOCIATION FOR JUSTICE,7e3288af-439b-4a27-8d42-a3d7ae060f79,2008,second_quarter,Q2,2008-04-01,2008-06-30,AMERICAN ASSOCIATION FOR JUSTICE,157880,24,"FORSCEY, PLLC",52880,60000.00,,,,income,false,2008-07-16T16:43:57-04:00,,https://lda.gov/filings/public/filing/7e3288af-439b-4a27-8d42-a3d7ae060f79/print/,https://lda.gov/api/v1/filings/7e3288af-439b-4a27-8d42-a3d7ae060f79/,,2026-09-12,254042ff6b946d70fc8d526ebbb2b1cb0fdcd1437a3de77114f870ebc10b0572
cand-f7178708cc78,AMERICAN ASSOCIATION FOR JUSTICE,8cdc0c87-d5a0-498a-b0a5-ef258c345e02,2008,second_quarter,Q2,2008-04-01,2008-06-30,AMERICAN ASSOCIATION FOR JUSTICE,104895,12,AMERICAN ASSOCIATION FOR JUSTICE,4733,,1740000.00,a,Method A - Reporting amounts using LDA definitions only,expenses,true,2008-07-08T10:41:15-04:00,,https://lda.gov/filings/public/filing/8cdc0c87-d5a0-498a-b0a5-ef258c345e02/print/,https://lda.gov/api/v1/filings/8cdc0c87-d5a0-498a-b0a5-ef258c345e02/,,2026-09-12,3484af8dfb1a944988d5da2911821eb13815db8aa4785de499e60482cb057faf
cand-f7178708cc78,AMERICAN ASSOCIATION FOR JUSTICE,a88bb46c-0654-4a4e-a590-6d957c4d775a,2008,second_quarter,Q2,2008-04-01,2008-06-30,AMERICAN ASSOCIATION FOR JUSTICE,115785,1002750,CUNEO GILBERT FLANNERY & LADUCA (FORMERLY KNOWN AS CUNEO GILBERT & LADUCA),11481,30000.00,,,,income,false,2008-07-25T11:26:58-04:00,,https://lda.gov/filings/public/filing/a88bb46c-0654-4a4e-a590-6d957c4d775a/print/,https://lda.gov/api/v1/filings/a88bb46c-0654-4a4e-a590-6d957c4d775a/,,2026-09-12,5b245805990c2933f8ed80cebb08c30c8a4e2df76990b011ff488347c6bd4e6b
cand-f7178708cc78,AMERICAN ASSOCIATION FOR JUSTICE,bcf7c4ad-cebe-4332-9c47-0d35ec390bd0,2008,second_quarter,Q2,2008-04-01,2008-06-30,AMERICAN ASSOCIATION FOR JUSTICE,169036,330,"NVG, LLC",76833,50000.00,,,,income,false,2008-07-21T09:41:29-04:00,,https://lda.gov/filings/public/filing/bcf7c4ad-cebe-4332-9c47-0d35ec390bd0/print/,https://lda.gov/api/v1/filings/bcf7c4ad-cebe-4332-9c47-0d35ec390bd0/,,2026-09-12,eab99fea334ba43eea6172297962d367e08599832721946d1d9e1d3fe05137af
cand-f7178708cc78,AMERICAN ASSOCIATION FOR JUSTICE,c7c2ca8d-092b-49e4-97c1-83cd4dcdf2ee,2008,second_quarter,Q2,2008-04-01,2008-06-30,AMERICAN ASSOCIATION FOR JUSTICE,125733,1611,PALMETTO GROUP,18570,75000.00,,,,income,false,2008-07-07T17:27:59-04:00,,https://lda.gov/filings/public/filing/c7c2ca8d-092b-49e4-97c1-83cd4dcdf2ee/print/,https://lda.gov/api/v1/filings/c7c2ca8d-092b-49e4-97c1-83cd4dcdf2ee/,,2026-09-12,683f482655b62e60bb09a333925adbe9e6789ca4998c6e61dc56d39f31a7e864
cand-f7178708cc78,AMERICAN ASSOCIATION FOR JUSTICE,16f6e743-fb84-48de-b2f2-1e8e6b212947,2008,third_quarter,Q3,2008-07-01,2008-09-30,AMERICAN ASSOCIATION FOR JUSTICE,104895,12,AMERICAN ASSOCIATION FOR JUSTICE,4733,,1320000.00,a,Method A - Reporting amounts using LDA definitions only,expenses,true,2008-10-14T10:16:11-04:00,,https://lda.gov/filings/public/filing/16f6e743-fb84-48de-b2f2-1e8e6b212947/print/,https://lda.gov/api/v1/filings/16f6e743-fb84-48de-b2f2-1e8e6b212947/,,2026-09-12,ade505f20cf38b3cecb26dfad8d98654afb43996099f007956c8d320bd16d527
cand-f7178708cc78,AMERICAN ASSOCIATION FOR JUSTICE,2365b491-b98b-470a-8ab9-03101c636dba,2008,third_quarter,Q3,2008-07-01,2008-09-30,AMERICAN ASSOCIATION FOR JUSTICE,136289,265,SQUIRE PATTON BOGGS,30906,260000.00,,,,income,false,2008-10-20T07:46:53-04:00,,https://lda.gov/filings/public/filing/2365b491-b98b-470a-8ab9-03101c636dba/print/,https://lda.gov/api/v1/filings/2365b491-b98b-470a-8ab9-03101c636dba/,,2026-09-12,8df841babedab141102a39674b6ece2a23246716b95fd0f335e1be4eb96a67b7
cand-f7178708cc78,AMERICAN ASSOCIATION FOR JUSTICE,93824c77-6e5a-450d-9380-b81fe9392190,2008,third_quarter,Q3,2008-07-01,2008-09-30,AMERICAN ASSOCIATION FOR JUSTICE,157880,24,"FORSCEY, PLLC",52880,60000.00,,,,income,false,2008-10-14T15:59:14-04:00,,https://lda.gov/filings/public/filing/93824c77-6e5a-450d-9380-b81fe9392190/print/,https://lda.gov/api/v1/filings/93824c77-6e5a-450d-9380-b81fe9392190/,,2026-09-12,26d94f4d1f30c8034aef317f234942495f2c80d12ba4142786d1dd3812ee41c4
cand-f7178708cc78,AMERICAN ASSOCIATION FOR JUSTICE,c1fe5db0-b0ed-401b-9f29-f159a9f3e277,2008,third_quarter,Q3,2008-07-01,2008-09-30,AMERICAN ASSOCIATION FOR JUSTICE,115785,1002750,CUNEO GILBERT FLANNERY & LADUCA (FORMERLY KNOWN AS CUNEO GILBERT & LADUCA),11481,40000.00,,,,income,false,2008-10-20T17:52:50-04:00,,https://lda.gov/filings/public/filing/c1fe5db0-b0ed-401b-9f29-f159a9f3e277/print/,https://lda.gov/api/v1/filings/c1fe5db0-b0ed-401b-9f29-f159a9f3e277/,,2026-09-12,b3c0cfc069fde46aec36c87073cbcf874d1d1923c0bb58139e414032c7da4b6a
cand-f7178708cc78,AMERICAN ASSOCIATION FOR JUSTICE,c298240c-eb89-4e08-b960-17a08a8ead15,2008,third_quarter,Q3,2008-07-01,2008-09-30,AMERICAN ASSOCIATION FOR JUSTICE,169036,330,"NVG, LLC",76833,50000.00,,,,income,false,2008-10-20T16:50:04-04:00,,https://lda.gov/filings/public/filing/c298240c-eb89-4e08-b960-17a08a8ead15/print/,https://lda.gov/api/v1/filings/c298240c-eb89-4e08-b960-17a08a8ead15/,,2026-09-12,f99b780dbf203696cc8fd86e28b5d8b49cd90b4af072c6a576fe1b3c055d7420
cand-f7178708cc78,AMERICAN ASSOCIATION FOR JUSTICE,d5f945fc-03da-40fc-b7f3-ca493713a107,2008,third_quarter,Q3,2008-07-01,2008-09-30,AMERICAN ASSOCIATION FOR JUSTICE,125733,1611,PALMETTO GROUP,18570,50000.00,,,,income,false,2008-10-06T14:42:13-04:00,,https://lda.gov/filings/public/filing/d5f945fc-03da-40fc-b7f3-ca493713a107/print/,https://lda.gov/api/v1/filings/d5f945fc-03da-40fc-b7f3-ca493713a107/,,2026-09-12,805a0cef9b1ad848458bccb09bcf7c608c35ba8b707e8f95d553146640d554af
cand-f7178708cc78,AMERICAN ASSOCIATION FOR JUSTICE,006bb05f-f1e9-407f-a976-0cafbb75db45,2008,fourth_quarter,Q4,2008-10-01,2008-12-31,AMERICAN ASSOCIATION FOR JUSTICE,157880,24,"FORSCEY, PLLC",52880,60000.00,,,,income,false,2009-01-14T10:38:44-05:00,,https://lda.gov/filings/public/filing/006bb05f-f1e9-407f-a976-0cafbb75db45/print/,https://lda.gov/api/v1/filings/006bb05f-f1e9-407f-a976-0cafbb75db45/,,2026-09-12,2f87f474b2707a3c55eaac37d1f614f6a556910ec9f49e2ecbf75b233cb131cc
cand-f7178708cc78,AMERICAN ASSOCIATION FOR JUSTICE,16b6f77a-c91d-42af-9fb9-ecf8cff30ee2,2008,fourth_quarter,Q4,2008-10-01,2008-12-31,AMERICAN ASSOCIATION FOR JUSTICE,104895,12,AMERICAN ASSOCIATION FOR JUSTICE,4733,,1190000.00,a,Method A - Reporting amounts using LDA definitions only,expenses,true,2009-01-14T16:31:28-05:00,,https://lda.gov/filings/public/filing/16b6f77a-c91d-42af-9fb9-ecf8cff30ee2/print/,https://lda.gov/api/v1/filings/16b6f77a-c91d-42af-9fb9-ecf8cff30ee2/,,2026-09-12,64a3c4a9fa3b64cac4a8c0e3a2643bc9655b1c8d4334dbb18140012e017bed59
cand-f7178708cc78,AMERICAN ASSOCIATION FOR JUSTICE,54da1a5d-921d-4045-8bf4-ac5d9b01c5ab,2008,fourth_quarter,Q4,2008-10-01,2008-12-31,AMERICAN ASSOCIATION FOR JUSTICE,115785,1002750,CUNEO GILBERT FLANNERY & LADUCA (FORMERLY KNOWN AS CUNEO GILBERT & LADUCA),11481,40000.00,,,,income,false,2009-01-08T18:03:31-05:00,,https://lda.gov/filings/public/filing/54da1a5d-921d-4045-8bf4-ac5d9b01c5ab/print/,https://lda.gov/api/v1/filings/54da1a5d-921d-4045-8bf4-ac5d9b01c5ab/,,2026-09-12,4198bb66717585f010c009bef1480b36bec8dd983f8163707396dd73da04822f
cand-f7178708cc78,AMERICAN ASSOCIATION FOR JUSTICE,96bbe05e-2943-4515-a924-0f686f30e973,2008,fourth_quarter,Q4,2008-10-01,2008-12-31,AMERICAN ASSOCIATION FOR JUSTICE,125733,1611,PALMETTO GROUP,18570,85000.00,,,,income,false,2009-01-07T17:37:46-05:00,,https://lda.gov/filings/public/filing/96bbe05e-2943-4515-a924-0f686f30e973/print/,https://lda.gov/api/v1/filings/96bbe05e-2943-4515-a924-0f686f30e973/,,2026-09-12,a3a89dfaa141d1b868e68bb2372c275da156cf650efc3fcc4fc41bc30027b127
cand-f7178708cc78,AMERICAN ASSOCIATION FOR JUSTICE,c9896d22-9133-4cd3-a442-05ea5870e32e,2008,fourth_quarter,Q4,2008-10-01,2008-12-31,AMERICAN ASSOCIATION FOR JUSTICE,136289,265,SQUIRE PATTON BOGGS,30906,260000.00,,,,income,false,2009-01-16T10:17:59-05:00,,https://lda.gov/filings/public/filing/c9896d22-9133-4cd3-a442-05ea5870e32e/print/,https://lda.gov/api/v1/filings/c9896d22-9133-4cd3-a442-05ea5870e32e/,,2026-09-12,0c0b0d9ba07442254771b1f47f7434b2f9bdf0a741afe2cd7c6fb02d3007fc17
cand-f7178708cc78,AMERICAN ASSOCIATION FOR JUSTICE,f7c632ba-6687-4c52-b1dd-9fa6fe1deba7,2008,fourth_quarter,Q4,2008-10-01,2008-12-31,AMERICAN ASSOCIATION FOR JUSTICE,169036,330,"NVG, LLC",76833,50000.00,,,,income,false,2009-01-21T13:33:09-05:00,,https://lda.gov/filings/public/filing/f7c632ba-6687-4c52-b1dd-9fa6fe1deba7/print/,https://lda.gov/api/v1/filings/f7c632ba-6687-4c52-b1dd-9fa6fe1deba7/,,2026-09-12,4dceaa260cca2b0ede45f25031f013faefd04fa97daea0965bbd8d507d0dad84
